MIDL 32Re, 2015-03 (nT, km/s, cm^-3, K)

#COORDINATES
GSM                     Earth orbital motion included

year month day hour minute Bx By Bz Ux Uy Uz rho T B_interp Ux_interp Uyz_interp rho_interp T_interp
#START
2015  3 16 16  0    -7.52     7.59     7.50    -396.4     49.97      8.14    26.316      33552    0    0    0    0    0
2015  3 16 16  1    -7.67     7.27     7.57    -396.3     49.69      8.12    26.111      36414    0    0    0    0    0
2015  3 16 16  2    -8.12     6.44     7.99    -397.2     48.81      8.69    23.658      36943    0    0    0    0    0
2015  3 16 16  3    -8.73     3.98     8.52    -399.4     48.17      9.69    22.145      34667    0    0    0    0    0
2015  3 16 16  4    -8.86     3.18     8.69    -399.8     47.54     10.69    22.986      29054    0    0    0    0    0
2015  3 16 16  5    -8.82     3.33     8.74    -400.2     47.33     11.15    23.364      27238    0    0    0    0    0
2015  3 16 16  6    -8.76     3.39     8.76    -400.3     46.98     11.05    23.458      26960    0    0    0    0    0
2015  3 16 16  7    -8.70     3.47     8.72    -400.5     46.61     10.76    23.719      26634    0    0    0    0    0
2015  3 16 16  8    -8.61     3.57     8.67    -400.6     46.68     10.62    23.789      25688    0    0    0    0    0
2015  3 16 16  9    -8.49     3.45     8.82    -400.8     46.94     10.62    23.491      25015    0    0    0    0    0
2015  3 16 16 10    -8.43     3.32     9.04    -400.3     46.62     10.49    23.060      24827    0    0    0    0    0
2015  3 16 16 11    -8.44     3.39     9.07    -400.5     45.77     10.25    22.716      24818    0    0    0    0    0
2015  3 16 16 12    -8.49     3.49     8.93    -400.1     45.73     10.22    22.323      25109    0    0    0    0    0
2015  3 16 16 13    -8.53     3.57     8.75    -399.7     46.14     10.52    22.024      26396    0    0    0    0    0
2015  3 16 16 14    -8.42     3.80     8.67    -399.4     47.85     11.56    21.594      28240    0    0    0    0    0
2015  3 16 16 15    -8.26     4.26     8.68    -399.8     47.68     11.97    21.363      28425    0    0    0    0    0
2015  3 16 16 16    -8.08     4.55     8.61    -400.4     48.12     12.00    21.373      30006    0    0    0    0    0
2015  3 16 16 17    -7.97     4.79     8.48    -400.5     49.21     11.68    21.399      32471    0    0    0    0    0
2015  3 16 16 18    -7.92     5.19     8.33    -400.4     50.19     11.57    21.488      32455    0    0    0    0    0
2015  3 16 16 19    -7.92     5.22     8.29    -400.2     50.47     11.42    21.780      32185    0    0    0    0    0
2015  3 16 16 20    -8.08     4.59     8.21    -399.8     50.42     11.11    22.138      31633    0    0    0    0    0
2015  3 16 16 21    -8.39     3.98     8.10    -399.2     49.82     10.82    21.813      35825    0    0    0    0    0
2015  3 16 16 22    -8.23     3.52     8.01    -397.7     48.01      8.96    19.490      56782    0    0    0    0    0
2015  3 16 16 23    -7.91     3.02     8.09    -396.2     46.47      7.56    17.611      58179    0    0    0    0    0
2015  3 16 16 24    -7.79     2.93     8.30    -396.7     46.19      8.99    19.296      41407    0    0    0    0    0
2015  3 16 16 25    -7.80     2.87     8.55    -397.6     45.54     11.27    22.331      32576    0    0    0    0    0
2015  3 16 16 26    -7.90     3.74     8.38    -397.3     44.58     10.97    22.645      32213    0    0    0    0    0
2015  3 16 16 27    -8.08     3.56     8.01    -397.1     44.01     10.28    22.238      33525    0    0    0    0    0
2015  3 16 16 28    -8.02     2.35     7.93    -397.0     44.55     10.69    21.273      34713    0    1    1    0    0
2015  3 16 16 29    -8.32     0.85     8.20    -397.0     45.34     11.26    20.075      36886    0    1    1    0    0
2015  3 16 16 30    -8.46    -0.08     8.36    -397.1     46.69     11.61    19.167      39087    0    1    1    0    0
2015  3 16 16 31    -8.05     0.82     8.58    -397.1     47.90     11.20    18.591      41077    0    0    0    0    0
2015  3 16 16 32    -7.67     1.80     8.49    -396.6     48.68     10.17    18.298      43201    0    0    0    0    0
2015  3 16 16 33    -7.61     2.41     8.46    -396.6     48.49     10.58    17.903      43738    0    0    0    0    0
2015  3 16 16 34    -7.72     2.24     8.51    -396.3     47.56     11.29    17.277      42985    0    0    0    0    0
2015  3 16 16 35    -7.82     1.90     8.62    -396.5     45.64     10.69    16.490      42729    0    0    0    0    0
2015  3 16 16 36    -7.87     2.90     8.08    -396.3     44.96      9.74    16.049      42729    0    0    0    0    0
2015  3 16 16 37    -7.96     4.01     6.99    -396.9     44.32      9.65    15.960      39774    0    0    0    0    0
2015  3 16 16 38    -7.78     4.34     6.55    -398.0     44.38     10.99    15.692      39170    0    0    0    0    0
2015  3 16 16 39    -7.38     5.23     6.70    -399.2     45.01     12.41    14.113      38323    0    0    0    0    0
2015  3 16 16 40    -7.45     5.27     6.81    -400.3     44.95     13.72    10.650      35210    0    0    0    0    0
2015  3 16 16 41    -7.77     5.10     7.14    -402.1     44.06     15.02     9.664      36882    0    0    0    0    0
2015  3 16 16 42    -7.97     5.06     7.48    -402.6     43.23     16.29    10.038      39119    0    0    0    0    0
2015  3 16 16 43    -8.02     4.98     7.61    -402.8     43.42     16.95    10.149      39648    0    0    0    0    0
2015  3 16 16 44    -7.95     4.87     7.72    -402.5     43.36     16.91    10.149      38999    0    0    0    0    0
2015  3 16 16 45    -7.82     4.83     7.77    -401.5     42.60     16.43    10.143      37866    0    0    0    0    0
2015  3 16 16 46    -7.76     5.02     7.74    -400.6     41.43     15.61    10.168      36536    0    0    0    0    0
2015  3 16 16 47    -7.85     5.38     7.66    -400.5     40.32     14.74    10.230      35396    0    0    0    0    0
2015  3 16 16 48    -7.86     5.25     7.69    -400.5     39.85     14.68    10.256      35055    0    0    0    0    0
2015  3 16 16 49    -7.79     4.97     7.82    -400.3     39.66     14.76    10.345      35192    0    0    0    0    0
2015  3 16 16 50    -7.84     5.54     7.68    -399.9     38.93     14.48    10.580      35732    0    0    0    0    0
2015  3 16 16 51    -7.92     7.42     7.01    -400.1     37.63     14.69    10.698      36703    0    0    0    0    0
2015  3 16 16 52    -7.92     7.93     6.32    -399.6     37.44     14.78    10.630      37370    0    0    0    0    0
2015  3 16 16 53    -7.90     7.65     6.25    -399.2     37.21     14.72    10.402      37370    0    0    0    0    0
2015  3 16 16 54    -7.87     6.05     7.01    -398.8     36.78     14.47    10.513      38750    0    0    0    0    0
2015  3 16 16 55    -7.82     4.73     7.70    -397.8     35.49     14.40    12.210      49100    0    0    0    0    0
2015  3 16 16 56    -7.48     2.81     8.72    -396.6     33.92     14.43    13.400      55906    0    0    0    0    0
2015  3 16 16 57    -7.12     1.33     9.23    -397.0     34.61     14.39    14.260      57561    0    1    1    1    1
2015  3 16 16 58    -6.78     1.09     9.31    -397.2     34.67     14.25    15.179      57445    0    1    1    2    2
2015  3 16 16 59    -6.56     0.63     9.43    -397.4     35.00     14.37    16.166      57306    0    1    1    2    2
2015  3 16 17  0    -6.61    -0.13     9.13    -397.0     35.12     15.12    17.042      57183    1    1    1    2    2
2015  3 16 17  1    -6.47    -0.61     8.36    -396.0     35.21     15.24    17.866      57067    1    1    1    2    2
2015  3 16 17  2    -6.27    -0.59     7.50    -395.3     35.18     15.13    18.717      56947    1    1    1    2    2
2015  3 16 17  3    -6.11    -0.49     6.76    -395.0     34.06     15.10    19.353      55245    0    1    1    1    1
2015  3 16 17  4    -6.01    -0.31     6.08    -395.5     33.17     15.09    21.145      50719    0    1    1    1    1
2015  3 16 17  5    -5.98    -0.02     5.75    -397.3     34.45     15.06    26.440      44454    0    1    1    2    2
2015  3 16 17  6    -6.15     0.32     5.77    -398.5     36.67     15.16    32.148      38763    0    1    1    2    2
2015  3 16 17  7    -5.93     0.70     5.97    -399.0     37.54     14.94    36.983      33809    0    1    1    1    1
2015  3 16 17  8    -5.83     0.84     6.36    -399.4     38.43     14.76    38.296      31471    0    0    0    0    0
2015  3 16 17  9    -5.85     0.78     6.94    -399.9     38.67     14.43    38.143      31289    0    0    0    0    0
2015  3 16 17 10    -5.97     0.74     7.13    -401.0     38.40     14.11    38.694      30983    0    0    0    0    0
2015  3 16 17 11    -6.10     1.00     7.20    -401.0     37.84     14.02    39.026      30255    0    0    0    0    0
2015  3 16 17 12    -6.45     1.41     7.38    -401.4     38.39     14.49    36.878      27992    0    0    0    0    0
2015  3 16 17 13    -6.86     1.89     7.76    -403.2     39.17     15.67    31.751      24345    0    0    0    0    0
2015  3 16 17 14    -7.14     2.44     7.87    -404.4     38.28     15.76    30.469      23435    0    0    0    0    0
2015  3 16 17 15    -7.20     2.69     7.93    -404.1     37.35     15.19    31.386      23408    0    0    0    0    0
2015  3 16 17 16    -7.14     2.74     7.95    -403.6     36.87     14.85    32.065      25676    0    0    0    0    0
2015  3 16 17 17    -7.05     2.74     7.87    -403.7     37.02     14.74    32.190      29417    0    0    0    0    0
2015  3 16 17 18    -7.16     3.19     7.82    -402.8     36.84     14.89    31.292      30237    0    0    0    0    0
2015  3 16 17 19    -7.28     2.88     8.15    -401.9     36.56     15.11    29.723      29582    0    0    0    0    0
2015  3 16 17 20    -7.30     1.11     8.90    -400.9     33.92     15.37    27.273      28509    0    0    0    0    0
2015  3 16 17 21    -7.20    -1.38     9.64    -400.2     29.34     15.66    24.442      27731    0    0    0    0    0
2015  3 16 17 22    -6.93    -2.78     9.81    -400.1     27.13     15.91    22.872      27946    0    0    0    0    0
2015  3 16 17 23    -6.43    -3.39     9.63    -399.7     27.09     16.25    22.248      28464    0    0    0    0    0
2015  3 16 17 24    -4.08    -4.89     8.70    -404.0     34.12     17.27    21.484      28107    0    0    0    0    0
2015  3 16 17 25    -3.74    -5.13     8.47    -405.0     36.97     17.12    21.541      27895    0    0    0    0    0
2015  3 16 17 26    -4.03    -4.95     8.40    -405.7     38.69     16.90    21.590      27531    0    0    0    0    0
2015  3 16 17 27    -4.23    -4.75     8.39    -405.6     38.78     16.86    21.658      27029    0    0    0    0    0
2015  3 16 17 28    -5.15    -4.16     8.58    -403.8     38.02     16.75    22.680      27029    0    0    0    0    0
2015  3 16 17 29    -5.32    -3.91     8.58    -402.9     37.27     16.73    24.017      27545    0    0    0    0    0
2015  3 16 17 30    -5.26    -3.76     8.50    -402.1     36.65     16.90    25.034      27824    0    0    0    0    0
2015  3 16 17 31    -5.22    -3.68     8.39    -402.0     37.05     17.14    25.515      27839    0    0    0    0    0
2015  3 16 17 32    -5.12    -3.66     8.18    -402.2     38.41     17.45    25.742      27839    0    0    0    0    0
2015  3 16 17 33    -5.05    -3.66     8.07    -402.4     39.57     17.46    25.919      27788    0    0    0    0    0
2015  3 16 17 34    -5.29    -3.49     8.31    -402.9     40.14     16.95    25.968      27756    0    0    0    0    0
2015  3 16 17 35    -5.69    -3.25     8.63    -403.2     40.24     16.05    27.771      29067    0    0    0    0    0
2015  3 16 17 36    -6.10    -2.71     8.77    -403.3     40.92     15.69    29.371      29846    0    0    0    0    0
2015  3 16 17 37    -6.47    -1.98     8.78    -403.3     41.93     15.93    29.555      29964    0    0    0    0    0
2015  3 16 17 38    -6.59    -2.26     8.96    -404.0     41.50     16.64    26.669      29971    0    0    0    0    0
2015  3 16 17 39    -6.46    -2.97     9.15    -405.0     39.31     17.56    21.311      30344    0    0    0    0    0
2015  3 16 17 40    -6.55    -3.28     9.23    -405.0     38.80     18.30    19.114      31412    0    0    0    0    0
2015  3 16 17 41    -6.99    -2.33     9.33    -405.4     39.87     18.89    18.810      31448    0    0    0    0    0
2015  3 16 17 42    -7.23    -2.58     9.44    -407.8     40.01     18.95    19.112      31648    0    0    0    0    0
2015  3 16 17 43    -7.21    -3.11     9.43    -407.8     39.65     18.89    19.608      32746    0    0    0    0    0
2015  3 16 17 44    -7.28    -3.24     9.42    -410.8     40.46     19.45    22.694      43059    0    0    0    0    0
2015  3 16 17 45    -7.81    -2.09     9.16    -412.9     40.86     19.88    24.515      45885    0    0    0    0    0
2015  3 16 17 46    -7.87    -1.77     9.10    -412.9     41.62     20.09    24.277      44850    0    0    0    0    0
2015  3 16 17 47    -7.87    -1.41     9.10    -413.7     42.50     19.97    23.964      43020    0    0    0    0    0
2015  3 16 17 48    -7.94    -1.37     9.03    -413.5     42.95     19.69    23.362      41517    0    0    0    0    0
2015  3 16 17 49    -7.94    -1.34     9.05    -413.5     43.64     19.37    23.254      41638    0    0    0    0    0
2015  3 16 17 50    -7.78    -0.83     9.10    -412.9     47.19     19.71    23.540      42687    0    0    0    0    0
2015  3 16 17 51    -7.52    -0.71     9.09    -412.3     47.37     18.96    24.562      46402    0    0    0    0    0
2015  3 16 17 52    -7.57    -0.36     8.99    -411.2     47.28     18.84    26.013      50313    0    0    0    0    0
2015  3 16 17 53    -7.41    -0.28     8.89    -410.7     47.14     18.61    26.861      52194    0    0    0    0    0
2015  3 16 17 54    -7.30    -0.42     8.76    -409.9     47.65     18.59    27.259      52723    0    0    0    0    0
2015  3 16 17 55    -7.23    -0.56     8.70    -409.3     47.94     18.61    27.538      52897    0    0    0    0    0
2015  3 16 17 56    -7.14    -0.59     8.69    -409.1     47.93     18.60    27.798      52994    0    0    0    0    0
2015  3 16 17 57    -7.10    -0.65     8.66    -409.3     47.23     18.03    28.049      53705    0    0    0    0    0
2015  3 16 17 58    -6.97    -0.96     8.64    -409.6     46.99     17.25    28.546      54357    0    0    0    0    0
2015  3 16 17 59    -6.86    -1.16     8.61    -409.9     47.50     16.93    29.335      54438    0    0    0    0    0
2015  3 16 18  0    -6.86    -1.35     8.57    -410.8     46.96     17.03    29.814      52500    0    0    0    0    0
2015  3 16 18  1    -6.90    -1.93     8.71    -411.6     45.45     17.27    29.923      50440    0    0    0    0    0
2015  3 16 18  2    -7.15    -2.01     8.85    -413.2     45.23     17.45    29.942      50346    0    0    0    0    0
2015  3 16 18  3    -7.27    -1.80     8.74    -413.6     46.19     17.01    29.896      51954    0    0    0    0    0
2015  3 16 18  4    -7.52    -1.49     8.50    -414.5     47.87     16.97    29.541      51127    0    0    0    0    0
2015  3 16 18  5    -7.55    -1.47     8.48    -414.5     48.11     17.31    28.613      48702    0    0    0    0    0
2015  3 16 18  6    -7.37    -1.43     8.61    -413.7     48.02     17.51    28.073      49211    0    0    0    0    0
2015  3 16 18  7    -7.11    -1.37     8.91    -412.8     48.25     17.92    27.681      52159    0    0    0    0    0
2015  3 16 18  8    -7.02    -1.35     9.01    -412.6     47.99     17.99    27.285      52159    0    0    0    0    0
2015  3 16 18  9    -7.06    -1.61     8.80    -412.8     48.94     18.28    27.181      52153    0    0    0    0    0
2015  3 16 18 10    -7.08    -1.52     8.80    -413.8     48.46     18.35    27.003      51759    0    0    0    0    0
2015  3 16 18 11    -7.09    -1.39     8.85    -413.9     49.49     18.66    26.885      51103    0    0    0    0    0
2015  3 16 18 12    -7.14    -1.01     8.93    -414.4     49.87     18.75    26.480      49651    0    0    0    0    0
2015  3 16 18 13    -7.28    -0.97     9.06    -415.0     51.06     19.23    26.194      49125    0    0    0    0    0
2015  3 16 18 14    -7.26    -1.00     9.09    -415.8     50.63     19.05    26.308      49957    0    0    0    0    0
2015  3 16 18 15    -7.17    -1.05     9.01    -416.5     50.12     18.72    26.592      51091    0    0    0    0    0
2015  3 16 18 16    -7.39    -0.67     8.68    -417.7     50.48     18.69    26.614      49376    0    0    0    0    0
2015  3 16 18 17    -7.75    -0.15     8.28    -419.5     50.92     18.56    26.578      48023    0    0    0    0    0
2015  3 16 18 18    -7.83    -0.20     8.28    -419.7     52.16     19.11    26.567      47974    0    0    0    0    0
2015  3 16 18 19    -7.83    -0.24     8.45    -419.1     52.24     19.55    26.029      48407    0    0    0    0    0
2015  3 16 18 20    -7.87    -0.34     8.48    -418.8     52.34     19.70    25.779      48814    0    0    0    0    0
2015  3 16 18 21    -7.85    -0.32     8.51    -418.6     52.52     19.52    26.033      49146    0    0    0    0    0
2015  3 16 18 22    -7.72    -0.23     8.46    -418.4     52.72     19.11    27.042      50686    0    0    0    0    0
2015  3 16 18 23    -7.55    -0.16     8.31    -418.2     53.58     19.05    28.143      51957    0    0    0    0    0
2015  3 16 18 24    -7.56    -0.15     8.24    -418.3     54.15     19.08    28.602      52242    0    0    0    0    0
2015  3 16 18 25    -7.69    -0.15     8.39    -418.2     54.25     19.84    27.605      49872    0    0    0    0    0
2015  3 16 18 26    -7.90    -0.16     8.67    -419.1     53.90     21.02    25.700      46167    0    0    0    0    0
2015  3 16 18 27    -7.94    -0.08     8.78    -418.7     53.60     21.45    25.075      44860    0    0    0    0    0
2015  3 16 18 28    -7.90    -0.09     8.74    -418.3     53.00     21.30    24.830      44651    0    0    0    0    0
2015  3 16 18 29    -7.78    -0.26     8.63    -418.1     52.27     21.29    24.695      44727    0    0    0    0    0
2015  3 16 18 30    -7.67    -0.48     8.61    -417.5     51.22     21.33    24.650      45530    0    0    0    0    0
2015  3 16 18 31    -7.58    -0.58     8.58    -417.2     50.64     21.41    24.763      45963    0    0    0    0    0
2015  3 16 18 32    -7.53    -0.07     8.32    -417.7     52.60     21.50    26.214      45711    0    0    0    0    0
2015  3 16 18 33    -7.49     0.35     8.12    -418.2     53.88     21.48    27.327      44667    0    0    0    0    0
2015  3 16 18 34    -7.50     0.03     8.12    -418.2     52.84     21.55    27.003      44338    0    0    0    0    0
2015  3 16 18 35    -7.48    -0.28     8.16    -417.6     52.12     21.62    26.587      44808    0    0    0    0    0
2015  3 16 18 36    -7.44    -0.34     8.15    -417.3     51.79     21.66    26.315      46329    0    0    0    0    0
2015  3 16 18 37    -7.43    -0.27     8.14    -418.0     52.57     21.80    26.061      47185    0    0    0    0    0
2015  3 16 18 38    -7.62     0.13     8.36    -418.5     53.28     21.96    25.900      47375    0    0    0    0    0
2015  3 16 18 39    -7.71     0.47     8.53    -419.0     54.09     22.43    25.793      47418    0    0    0    0    0
2015  3 16 18 40    -7.75     0.42     8.56    -419.1     53.28     22.47    25.548      46756    0    0    0    0    0
2015  3 16 18 41    -7.64     0.28     8.52    -419.3     52.97     22.65    25.457      45366    0    0    0    0    0
2015  3 16 18 42    -7.70    -0.10     8.49    -419.3     51.75     21.31    26.812      43863    0    0    0    0    0
2015  3 16 18 43    -7.62    -0.06     8.38    -419.3     52.34     20.90    27.459      43688    0    0    0    0    0
2015  3 16 18 44    -7.66     0.12     8.30    -418.8     53.40     20.93    27.553      43688    0    0    0    0    0
2015  3 16 18 45    -7.61     0.20     8.32    -418.4     53.80     21.26    27.272      42867    0    0    0    0    0
2015  3 16 18 46    -7.60     0.21     8.53    -418.2     53.74     21.53    26.890      41490    0    0    0    0    0
2015  3 16 18 47    -7.63     0.15     8.67    -418.4     53.25     21.56    26.684      41091    0    0    0    0    0
2015  3 16 18 48    -7.64    -0.23     8.62    -418.7     52.79     21.54    26.643      41482    0    0    0    0    0
2015  3 16 18 49    -7.65    -0.39     8.51    -418.7     51.66     21.21    26.597      41581    0    0    0    0    0
2015  3 16 18 50    -7.50    -0.72     8.32    -418.9     50.80     20.89    26.468      41064    0    0    0    0    0
2015  3 16 18 51    -7.45    -0.83     8.26    -419.4     50.19     20.66    26.070      39996    0    0    0    0    0
2015  3 16 18 52    -7.38    -1.01     8.29    -419.4     49.64     21.01    25.939      38915    0    0    0    0    0
2015  3 16 18 53    -7.19    -1.81     8.33    -419.8     48.74     21.60    26.176      38152    0    0    0    0    0
2015  3 16 18 54    -7.20    -1.73     8.12    -420.1     48.18     22.83    26.254      37524    0    0    0    0    0
2015  3 16 18 55    -7.19    -1.65     8.06    -421.1     48.35     23.37    25.662      34403    0    0    0    0    0
2015  3 16 18 56    -7.22    -1.39     8.03    -420.6     48.35     23.39    25.568      32762    0    0    0    0    0
2015  3 16 18 57    -7.23    -1.15     7.99    -420.6     47.89     23.03    25.756      31716    0    0    0    0    0
2015  3 16 18 58    -7.22    -1.05     7.89    -421.0     47.90     23.01    25.784      31716    0    0    0    0    0
2015  3 16 18 59    -7.16    -0.86     7.82    -420.9     47.93     22.97    25.550      31779    0    0    0    0    0
2015  3 16 19  0    -7.15    -0.70     7.77    -419.9     48.18     22.19    24.025      32406    0    0    0    0    0
2015  3 16 19  1    -7.07    -0.57     7.77    -419.3     48.25     21.96    23.615      34092    0    0    0    0    0
2015  3 16 19  2    -6.94    -0.68     7.89    -419.4     48.13     22.02    24.506      37612    0    0    0    0    0
2015  3 16 19  3    -6.90    -0.79     7.96    -419.4     48.23     22.48    24.840      37987    0    0    0    0    0
2015  3 16 19  4    -6.90    -0.72     7.91    -419.6     48.25     22.24    24.853      37512    0    0    0    0    0
2015  3 16 19  5    -7.03    -0.63     7.80    -421.0     47.78     21.78    24.629      37023    0    0    0    0    0
2015  3 16 19  6    -7.09    -0.58     7.57    -421.2     48.28     21.57    24.433      36833    0    0    0    0    0
2015  3 16 19  7    -7.19    -0.43     7.53    -421.3     49.66     21.49    24.187      36036    0    0    0    0    0
2015  3 16 19  8    -7.26    -0.24     7.47    -421.4     50.85     21.51    23.586      35382    0    0    0    0    0
2015  3 16 19  9    -7.12     0.53     7.47    -421.6     51.34     21.89    23.562      34780    0    0    0    0    0
2015  3 16 19 10    -6.84     0.65     7.49    -421.5     51.14     22.98    23.967      34254    0    0    0    0    0
2015  3 16 19 11    -6.86     0.43     7.59    -422.0     50.85     23.24    23.945      33826    0    0    0    0    0
2015  3 16 19 12    -7.06    -0.25     7.57    -422.7     50.36     22.63    23.479      33809    0    0    0    0    0
2015  3 16 19 13    -7.12    -0.40     7.50    -423.5     49.81     21.90    22.925      33809    0    0    0    0    0
2015  3 16 19 14    -7.10    -0.37     7.30    -424.6     48.87     20.70    22.090      33352    0    0    0    0    0
2015  3 16 19 15    -7.08    -0.37     7.14    -425.5     48.14     19.86    21.569      32980    0    0    0    0    0
2015  3 16 19 16    -7.08    -0.44     7.01    -425.8     48.05     19.76    21.578      32980    0    0    0    0    0
2015  3 16 19 17    -7.00    -0.66     6.92    -425.8     47.67     19.55    21.635      32980    0    0    0    0    0
2015  3 16 19 18    -6.84    -0.92     6.91    -425.7     47.21     19.26    21.654      32979    0    0    0    0    0
2015  3 16 19 19    -6.74    -1.00     6.87    -425.7     47.01     18.52    21.685      33294    0    0    0    0    0
2015  3 16 19 20    -6.70    -0.73     6.76    -425.4     47.22     17.75    22.242      33428    0    0    0    0    0
2015  3 16 19 21    -6.66    -0.56     6.67    -425.0     46.85     17.33    23.065      33284    0    0    0    0    0
2015  3 16 19 22    -6.63    -0.68     6.62    -424.8     46.14     16.82    23.966      32934    0    0    0    0    0
2015  3 16 19 23    -6.61    -0.83     6.53    -425.1     45.76     16.20    24.838      32199    0    0    0    0    0
2015  3 16 19 24    -6.53    -0.65     6.28    -425.2     45.69     15.39    25.423      31170    0    0    0    0    0
2015  3 16 19 25    -6.38    -0.68     6.15    -425.0     45.66     14.96    25.631      30779    0    0    0    0    0
2015  3 16 19 26    -6.26    -0.85     6.18    -424.9     45.41     15.05    25.512      30779    0    0    0    0    0
2015  3 16 19 27    -6.16    -1.05     6.26    -424.5     44.56     15.31    25.126      30865    0    0    0    0    0
2015  3 16 19 28    -6.08    -1.20     6.31    -424.1     43.68     15.51    24.836      30936    0    0    0    0    0
2015  3 16 19 29    -6.05    -1.34     6.27    -424.2     43.07     15.45    24.788      31221    0    0    0    0    0
2015  3 16 19 30    -6.05    -1.48     6.11    -424.6     42.24     15.03    24.544      31772    0    0    0    0    0
2015  3 16 19 31    -5.99    -1.56     5.98    -425.0     41.87     14.68    24.303      32018    0    0    0    0    0
2015  3 16 19 32    -5.88    -1.56     5.99    -425.3     41.81     14.55    24.313      32039    0    0    0    0    0
2015  3 16 19 33    -5.76    -1.57     6.02    -425.4     41.92     14.54    24.474      31500    0    0    0    0    0
2015  3 16 19 34    -5.69    -1.60     6.02    -425.4     42.30     14.57    24.701      31209    0    0    0    0    0
2015  3 16 19 35    -5.70    -1.56     5.98    -425.7     43.12     14.19    24.948      31503    0    0    0    0    0
2015  3 16 19 36    -5.78    -1.17     5.95    -425.6     43.62     13.58    25.049      31676    0    0    0    0    0
2015  3 16 19 37    -5.83    -0.95     5.94    -425.4     43.62     13.16    25.019      31934    0    0    0    0    0
2015  3 16 19 38    -5.80    -1.02     5.86    -425.4     43.43     12.80    24.864      32056    0    0    0    0    0
2015  3 16 19 39    -5.75    -0.94     5.82    -425.5     43.77     12.52    24.700      32666    0    0    0    0    0
2015  3 16 19 40    -5.72    -0.94     5.83    -425.3     44.04     12.33    24.641      33833    0    0    0    0    0
2015  3 16 19 41    -5.65    -1.06     5.86    -425.0     44.08     12.14    24.686      35197    0    0    0    0    0
2015  3 16 19 42    -5.60    -1.17     5.88    -424.7     43.85     12.06    24.732      35880    0    0    0    0    0
2015  3 16 19 43    -5.58    -1.24     5.93    -424.4     43.24     12.06    24.687      36092    0    0    0    0    0
2015  3 16 19 44    -5.57    -1.26     6.00    -424.2     42.87     12.20    24.477      36396    0    0    0    0    0
2015  3 16 19 45    -5.54    -1.26     6.02    -424.2     42.94     12.58    24.124      36567    0    0    0    0    0
2015  3 16 19 46    -5.36    -1.20     6.08    -424.2     43.03     12.92    23.752      36159    0    0    0    0    0
2015  3 16 19 47    -5.17    -1.12     6.08    -424.6     42.83     13.05    23.534      34894    0    0    0    0    0
2015  3 16 19 48    -5.23    -1.00     5.92    -425.2     42.31     13.09    23.620      34210    0    0    0    0    0
2015  3 16 19 49    -5.55    -0.99     5.53    -425.8     41.80     12.99    23.896      34427    0    0    0    0    0
2015  3 16 19 50    -5.79    -1.04     5.33    -426.4     41.64     12.51    24.152      34960    0    0    0    0    0
2015  3 16 19 51    -5.78    -1.08     5.41    -426.6     41.29     12.09    24.224      35155    0    0    0    0    0
2015  3 16 19 52    -5.63    -1.13     5.54    -426.7     41.57     11.99    24.357      35386    0    0    0    0    0
2015  3 16 19 53    -5.54    -1.14     5.67    -426.1     41.50     11.97    24.420      35434    0    0    0    0    0
2015  3 16 19 54    -5.36    -1.17     5.78    -425.8     41.40     12.04    24.444      34753    0    0    0    0    0
2015  3 16 19 55    -5.25    -1.22     5.88    -425.3     41.34     11.88    24.603      34474    0    0    0    0    0
2015  3 16 19 56    -5.17    -1.24     5.95    -425.1     40.96     11.63    24.831      34820    0    0    0    0    0
2015  3 16 19 57    -5.12    -1.23     5.91    -425.1     40.62     11.53    24.945      35381    0    0    0    0    0
2015  3 16 19 58    -5.13    -1.21     5.89    -425.4     40.53     11.54    24.861      35593    0    0    0    0    0
2015  3 16 19 59    -5.23    -1.20     5.87    -425.9     40.39     11.61    24.609      35425    0    0    0    0    0
2015  3 16 20  0    -5.38    -1.19     5.84    -426.8     40.33     11.81    24.413      35362    0    0    0    0    0
2015  3 16 20  1    -5.39    -1.10     5.83    -427.2     40.03     11.79    24.366      35678    0    0    0    0    0
2015  3 16 20  2    -5.29    -1.04     5.81    -427.2     39.95     11.57    24.271      35722    0    0    0    0    0
2015  3 16 20  3    -5.27    -1.03     5.83    -427.2     39.81     11.34    24.100      32469    0    0    0    0    0
2015  3 16 20  4    -5.46    -0.99     5.65    -427.1     39.67     11.12    24.051      31750    0    0    0    0    0
2015  3 16 20  5    -5.49    -0.97     5.52    -426.7     39.40     10.78    24.680      31981    0    0    0    0    0
2015  3 16 20  6    -5.50    -0.92     5.49    -426.0     39.25     10.62    25.037      32567    0    0    0    0    0
2015  3 16 20  7    -5.48    -1.01     5.15    -425.9     39.10     10.34    25.180      33020    0    0    0    0    0
2015  3 16 20  8    -5.57    -1.05     4.81    -426.1     38.67     10.30    25.216      32844    0    0    0    0    0
2015  3 16 20  9    -5.80    -1.12     4.73    -427.3     38.49     10.90    24.432      32655    0    0    0    0    0
2015  3 16 20 10    -6.31    -1.38     4.64    -428.6     38.43     11.62    23.811      32299    0    0    0    0    0
2015  3 16 20 11    -6.38    -1.41     4.55    -428.9     38.38     11.63    23.812      31900    0    0    0    0    0
2015  3 16 20 12    -6.26    -1.40     4.61    -428.2     38.38     11.18    24.284      31900    0    0    0    0    0
2015  3 16 20 13    -6.06    -1.28     4.61    -427.3     38.62     11.13    24.909      32211    0    0    0    0    0
2015  3 16 20 14    -5.91    -1.23     4.74    -426.7     38.82     11.15    25.244      32290    0    0    0    0    0
2015  3 16 20 15    -5.72    -1.19     4.89    -425.8     38.80     11.14    25.470      32299    0    0    0    0    0
2015  3 16 20 16    -5.60    -1.17     4.96    -425.3     38.62     11.14    25.839      32109    0    0    0    0    0
2015  3 16 20 17    -5.56    -1.11     4.98    -425.1     38.52     11.40    26.299      31478    0    0    0    0    0
2015  3 16 20 18    -5.55    -1.13     4.99    -425.4     38.37     11.66    26.549      30990    0    0    0    0    0
2015  3 16 20 19    -5.61    -1.26     4.99    -425.8     38.27     11.70    26.749      30707    0    0    0    0    0
2015  3 16 20 20    -5.72    -1.33     4.91    -426.1     38.16     11.62    26.976      30552    0    0    0    0    0
2015  3 16 20 21    -5.96    -1.34     4.83    -426.8     37.63     11.49    27.060      30611    0    0    0    0    0
2015  3 16 20 22    -6.01    -1.34     4.72    -426.9     37.52     11.49    27.066      30769    0    0    0    0    0
2015  3 16 20 23    -5.99    -1.36     4.68    -427.0     37.50     11.50    26.988      31513    0    0    0    0    0
2015  3 16 20 24    -6.02    -1.39     4.69    -427.8     38.00     12.04    25.252      32190    0    0    0    0    0
2015  3 16 20 25    -6.23    -1.46     4.74    -429.3     37.15     12.45    22.887      32233    0    0    0    0    0
2015  3 16 20 26    -6.48    -1.68     4.79    -430.1     36.97     12.78    22.652      31916    0    0    0    0    0
2015  3 16 20 27    -6.67    -1.93     5.00    -431.2     36.40     12.95    22.625      30960    0    0    0    0    0
2015  3 16 20 28    -6.83    -2.02     5.26    -432.3     35.87     12.87    22.182      30960    0    0    0    0    0
2015  3 16 20 29    -6.84    -1.92     5.43    -432.3     35.63     12.64    21.329      30960    0    0    0    0    0
2015  3 16 20 30    -6.82    -1.70     5.60    -432.9     35.25     12.39    20.849      30726    0    0    0    0    0
2015  3 16 20 31    -6.76    -1.61     5.60    -433.4     34.70     12.19    21.190      29910    0    0    0    0    0
2015  3 16 20 32    -6.76    -1.85     5.50    -433.4     34.14     12.11    21.839      28251    0    0    0    0    0
2015  3 16 20 33    -6.80    -2.04     5.34    -433.4     33.79     12.24    22.199      28766    0    0    0    0    0
2015  3 16 20 34    -6.82    -2.13     5.26    -433.4     33.69     12.34    22.362      28228    0    0    0    0    0
2015  3 16 20 35    -6.82    -2.17     5.26    -434.0     34.74     12.07    22.924      27916    0    0    0    0    0
2015  3 16 20 36    -6.90    -2.24     5.23    -434.8     35.31     11.88    23.169      26637    0    0    0    0    0
2015  3 16 20 37    -6.96    -2.27     5.22    -434.9     35.16     11.94    23.122      27085    0    1    1    1    1
2015  3 16 20 38    -6.99    -2.31     5.23    -434.6     35.11     12.16    23.049      26357    0    1    1    2    1
2015  3 16 20 39    -7.05    -2.32     5.11    -434.4     34.92     12.30    22.974      26979    0    1    1    2    1
2015  3 16 20 40    -7.04    -2.34     5.06    -434.3     33.82     12.10    22.898      26486    0    1    1    2    1
2015  3 16 20 41    -7.03    -2.38     4.99    -434.3     33.21     11.92    22.598      27253    0    1    1    1    1
2015  3 16 20 42    -7.02    -2.48     4.97    -434.3     32.93     11.63    22.479      28847    0    0    0    0    0
2015  3 16 20 43    -7.00    -2.63     4.90    -433.7     32.75     11.11    23.145      29370    0    0    0    0    0
2015  3 16 20 44    -6.99    -2.73     4.85    -433.0     32.70     10.54    23.995      29419    0    0    0    0    0
2015  3 16 20 45    -7.05    -2.74     4.83    -432.6     32.59     10.14    24.422      29419    0    0    0    0    0
2015  3 16 20 46    -7.12    -2.75     4.83    -433.5     32.33     10.01    23.441      29691    0    0    0    0    0
2015  3 16 20 47    -7.17    -2.71     4.80    -434.2     32.17     10.00    22.782      29440    0    0    0    0    0
2015  3 16 20 48    -7.15    -2.68     4.66    -434.3     32.33      9.97    23.269      28677    0    0    0    0    0
2015  3 16 20 49    -7.13    -2.69     4.59    -434.2     32.41      9.70    23.629      28373    0    0    0    0    0
2015  3 16 20 50    -7.16    -2.81     4.48    -434.0     32.25      9.56    23.792      27561    0    0    0    0    0
2015  3 16 20 51    -7.17    -2.91     4.46    -433.8     31.73      9.35    23.840      27245    0    0    0    0    0
2015  3 16 20 52    -7.18    -2.97     4.50    -433.6     31.27      9.23    23.845      27384    0    0    0    0    0
2015  3 16 20 53    -7.14    -2.99     4.63    -433.5     30.79      9.07    23.285      28277    0    0    0    0    0
2015  3 16 20 54    -7.06    -3.00     4.70    -433.3     30.40      8.84    22.921      29096    0    0    0    0    0
2015  3 16 20 55    -7.04    -3.00     4.63    -433.2     30.20      8.56    22.879      30507    0    0    0    0    0
2015  3 16 20 56    -7.10    -2.95     4.43    -434.4     29.37      8.35    21.592      29763    0    0    0    0    0
2015  3 16 20 57    -7.15    -2.93     4.59    -434.8     28.59      8.26    21.081      30852    0    0    0    0    0
2015  3 16 20 58    -7.21    -2.87     4.69    -434.5     28.48      7.65    21.164      30853    0    0    0    0    0
2015  3 16 20 59    -7.23    -2.85     4.71    -434.2     28.48      7.41    21.255      30884    0    0    0    0    0
2015  3 16 21  0    -7.31    -3.05     4.71    -434.2     28.37      7.43    21.177      30929    0    1    1    1    1
2015  3 16 21  1    -7.32    -3.15     4.68    -434.3     27.93      7.30    21.026      31062    0    1    1    2    1
2015  3 16 21  2    -7.28    -3.17     4.66    -434.3     27.14      7.01    20.871      31935    0    1    1    2    1
2015  3 16 21  3    -7.19    -3.18     4.66    -434.5     26.77      6.98    20.712      32857    1    1    1    2    1
2015  3 16 21  4    -7.07    -3.12     4.72    -434.7     26.41      6.89    20.555      33560    1    1    1    2    1
2015  3 16 21  5    -6.98    -3.09     4.74    -434.8     26.20      6.91    20.398      33990    1    1    1    2    1
2015  3 16 21  6    -6.94    -3.10     4.75    -434.8     26.02      6.81    20.243      34538    1    1    1    2    1
2015  3 16 21  7    -6.92    -3.10     4.77    -434.9     25.66      6.85    20.087      34951    1    1    1    2    1
2015  3 16 21  8    -7.01    -3.11     4.86    -434.9     25.65      7.00    19.932      35460    1    1    1    2    1
2015  3 16 21  9    -7.03    -3.17     4.83    -434.5     25.53      7.24    19.783      35134    1    1    1    2    1
2015  3 16 21 10    -6.99    -3.20     4.82    -434.4     25.75      7.48    19.631      35332    0    1    1    2    1
2015  3 16 21 11    -6.90    -3.18     4.86    -434.6     25.74      7.59    19.474      34092    1    1    1    2    1
2015  3 16 21 12    -6.80    -3.15     4.89    -434.5     25.57      7.76    19.319      35058    1    1    1    2    1
2015  3 16 21 13    -6.69    -3.11     4.89    -434.8     25.61      7.88    19.161      34310    1    1    1    2    1
2015  3 16 21 14    -6.60    -3.07     4.91    -434.8     25.92      8.05    19.005      34703    1    1    1    2    1
2015  3 16 21 15    -6.61    -3.08     4.95    -435.0     25.84      8.18    18.847      34850    1    1    1    2    1
2015  3 16 21 16    -6.64    -3.09     5.04    -434.9     26.29      8.66    18.899      35565    0    1    1    1    1
2015  3 16 21 17    -6.60    -3.11     5.13    -434.7     26.41      8.95    19.275      36859    0    0    0    0    0
2015  3 16 21 18    -6.55    -3.10     5.14    -434.1     26.26      9.00    19.698      38505    0    0    0    0    0
2015  3 16 21 19    -6.46    -3.08     4.95    -434.0     26.46      8.98    19.838      38991    0    0    0    0    0
2015  3 16 21 20    -6.04    -2.93     4.66    -434.2     27.67      9.04    19.699      40822    0    0    0    0    0
2015  3 16 21 21    -5.87    -2.82     4.59    -434.3     28.26      9.08    19.623      43692    0    0    0    0    0
2015  3 16 21 22    -5.85    -2.78     4.68    -433.9     28.45      9.28    19.652      44759    0    0    0    0    0
2015  3 16 21 23    -5.83    -2.78     4.72    -433.5     28.46      9.48    19.595      45134    0    0    0    0    0
2015  3 16 21 24    -5.83    -2.85     4.70    -433.4     28.32      9.48    19.550      45262    0    0    0    0    0
2015  3 16 21 25    -5.80    -2.94     4.69    -433.3     27.89      9.39    19.262      44720    0    0    0    0    0
2015  3 16 21 26    -5.89    -2.95     4.83    -432.4     27.53      9.56    18.941      44380    0    0    0    0    0
2015  3 16 21 27    -6.03    -2.89     5.07    -431.6     27.50      9.68    18.793      41350    0    0    0    0    0
2015  3 16 21 28    -6.17    -2.81     5.30    -431.4     27.92      9.52    18.359      36884    0    0    0    0    0
2015  3 16 21 29    -6.33    -2.85     5.49    -432.0     28.46      9.41    17.254      32731    0    0    0    0    0
2015  3 16 21 30    -6.47    -2.94     5.66    -439.4     28.17      9.74    15.405      22674    0    0    0    0    0
2015  3 16 21 31    -6.48    -2.91     5.75    -438.8     28.44     10.15    14.444      23278    0    0    0    0    0
2015  3 16 21 32    -6.44    -2.85     5.91    -436.5     28.94     10.52    14.394      24861    0    0    0    0    0
2015  3 16 21 33    -6.44    -2.82     5.96    -433.3     29.44     11.02    15.089      30624    0    0    0    0    0
2015  3 16 21 34    -6.48    -2.85     5.99    -431.3     29.85     11.77    15.961      34060    0    0    0    0    0
2015  3 16 21 35    -6.57    -2.91     5.98    -430.9     30.13     12.51    17.033      34111    0    0    0    0    0
2015  3 16 21 36    -6.61    -2.85     5.98    -430.8     30.35     12.51    17.807      34049    0    0    0    0    0
2015  3 16 21 37    -6.62    -2.71     5.98    -430.7     30.52     12.27    18.098      33738    0    0    0    0    0
2015  3 16 21 38    -6.56    -2.57     6.00    -430.2     30.66     12.20    18.211      33229    0    0    0    0    0
2015  3 16 21 39    -6.52    -2.52     6.04    -429.5     30.72     12.18    18.179      34794    0    0    0    0    0
2015  3 16 21 40    -6.49    -2.45     6.03    -429.3     31.10     12.20    17.942      36253    0    0    0    0    0
2015  3 16 21 41    -6.39    -2.45     5.96    -428.6     31.06     12.35    17.808      36241    0    0    0    0    0
2015  3 16 21 42    -6.41    -2.65     5.82    -428.3     30.73     12.39    17.797      36056    0    0    0    0    0
2015  3 16 21 43    -6.35    -2.75     5.93    -428.1     30.68     12.48    17.876      36056    0    0    0    0    0
2015  3 16 21 44    -6.28    -2.72     5.98    -426.6     30.17     12.63    17.884      37876    0    0    0    0    0
2015  3 16 21 45    -6.21    -2.75     6.09    -425.9     30.37     12.62    17.694      39454    0    0    0    0    0
2015  3 16 21 46    -6.20    -2.74     6.17    -425.6     30.76     12.61    17.600      39980    0    0    0    0    0
2015  3 16 21 47    -6.29    -2.67     6.20    -426.2     31.87     12.97    17.664      40027    0    0    0    0    0
2015  3 16 21 48    -6.42    -2.50     6.24    -426.9     33.08     13.46    17.699      39875    0    0    0    0    0
2015  3 16 21 49    -6.44    -2.51     6.22    -427.4     32.70     13.79    17.642      38480    0    0    0    0    0
2015  3 16 21 50    -6.42    -2.54     6.21    -427.6     32.49     13.97    17.629      37303    0    0    0    0    0
2015  3 16 21 51    -6.30    -2.58     6.22    -427.5     32.52     14.09    17.885      37227    0    0    0    0    0
2015  3 16 21 52    -6.20    -2.30     6.43    -427.3     33.04     14.23    18.032      37237    0    0    0    0    0
2015  3 16 21 53    -6.18    -2.19     6.47    -427.1     32.96     14.25    18.135      37238    0    0    0    0    0
2015  3 16 21 54    -6.20    -2.14     6.46    -427.0     33.03     14.20    17.926      37086    0    0    0    0    0
2015  3 16 21 55    -6.18    -2.13     6.28    -426.9     33.23     14.16    17.588      37063    0    0    0    0    0
2015  3 16 21 56    -5.95    -1.90     6.25    -426.8     33.61     14.37    17.383      37139    0    0    0    0    0
2015  3 16 21 57    -5.93    -1.83     6.46    -426.6     34.25     14.69    17.336      37503    0    0    0    0    0
2015  3 16 21 58    -5.92    -1.85     6.53    -426.6     34.53     14.93    17.854      38432    0    0    0    0    0
2015  3 16 21 59    -5.91    -1.88     6.59    -426.5     34.96     15.16    18.052      38625    0    0    0    0    0
2015  3 16 22  0    -5.90    -1.76     6.63    -426.3     34.99     15.14    17.948      37566    0    0    0    0    0
2015  3 16 22  1    -5.95    -1.69     6.62    -426.2     34.69     14.95    17.886      37122    0    0    0    0    0
2015  3 16 22  2    -6.01    -1.68     6.60    -426.1     34.70     15.02    17.878      36834    0    0    0    0    0
2015  3 16 22  3    -6.03    -1.67     6.51    -426.1     34.93     15.24    17.887      36750    0    0    0    0    0
2015  3 16 22  4    -6.01    -1.65     6.42    -426.5     35.00     15.12    17.891      38134    0    0    0    0    0
2015  3 16 22  5    -6.02    -1.63     6.43    -426.6     34.96     15.07    17.891      38473    0    0    0    0    0
2015  3 16 22  6    -6.00    -1.67     6.58    -426.6     34.90     15.61    17.769      37238    0    0    0    0    0
2015  3 16 22  7    -5.93    -1.76     6.57    -426.0     34.36     16.40    17.719      36273    0    0    0    0    0
2015  3 16 22  8    -5.88    -1.83     6.59    -425.4     34.56     16.76    17.544      35729    0    0    0    0    0
2015  3 16 22  9    -5.81    -1.86     6.61    -424.6     35.03     16.76    17.302      35513    0    0    0    0    0
2015  3 16 22 10    -5.76    -1.87     6.58    -423.9     35.92     16.79    17.152      35465    0    0    0    0    0
2015  3 16 22 11    -5.79    -1.86     6.54    -423.8     36.49     16.83    17.148      35641    0    0    0    0    0
2015  3 16 22 12    -5.84    -1.83     6.49    -423.5     36.30     16.86    17.176      35849    0    0    0    0    0
2015  3 16 22 13    -5.85    -1.79     6.45    -422.9     36.31     16.95    17.038      35073    0    0    0    0    0
2015  3 16 22 14    -5.92    -1.73     6.44    -422.1     36.33     16.91    16.721      33226    0    0    0    0    0
2015  3 16 22 15    -5.93    -1.67     6.44    -421.5     36.18     16.89    16.623      32103    0    1    1    1    1
2015  3 16 22 16    -6.08    -1.59     6.56    -421.5     36.14     16.94    16.663      30595    0    1    1    2    1
2015  3 16 22 17    -6.09    -1.49     6.70    -420.9     36.14     16.98    16.716      27666    0    1    1    2    1
2015  3 16 22 18    -6.15    -1.47     7.03    -419.8     36.82     17.07    16.764      24794    0    1    1    2    1
2015  3 16 22 19    -6.33    -1.47     7.15    -419.5     37.88     17.33    16.819      24602    1    1    1    2    1
2015  3 16 22 20    -6.37    -1.42     7.14    -420.1     38.59     17.53    16.880      26612    1    1    1    2    1
2015  3 16 22 21    -6.18    -1.47     7.08    -420.0     39.36     17.81    16.935      26684    1    1    1    2    1
2015  3 16 22 22    -6.09    -1.52     7.09    -419.9     40.19     18.09    16.991      26685    0    1    1    2    1
2015  3 16 22 23    -6.09    -1.50     7.13    -419.3     40.22     18.39    16.750      25810    0    1    1    1    1
2015  3 16 22 24    -6.17    -1.37     7.10    -418.2     39.59     18.45    16.221      24184    0    0    0    0    0
2015  3 16 22 25    -6.38    -1.15     7.06    -417.8     38.78     17.88    15.824      22215    0    0    0    0    0
2015  3 16 22 26    -6.55    -1.02     7.07    -417.8     38.30     17.24    15.690      21560    0    0    0    0    0
2015  3 16 22 27    -6.57    -1.01     7.14    -418.1     38.22     17.06    15.655      22114    0    0    0    0    0
2015  3 16 22 28    -6.37    -1.06     7.18    -418.6     38.54     17.14    15.111      22317    0    0    0    0    0
2015  3 16 22 29    -6.32    -1.12     7.22    -418.9     38.34     17.16    14.980      20715    0    0    0    0    0
2015  3 16 22 30    -6.34    -1.12     7.22    -418.6     38.16     17.15    15.609      19362    0    0    0    0    0
2015  3 16 22 31    -6.49    -1.16     7.21    -418.1     38.40     17.17    16.001      18875    0    0    0    0    0
2015  3 16 22 32    -6.58    -0.91     7.17    -417.3     38.56     16.47    16.319      18800    0    0    0    0    0
2015  3 16 22 33    -6.55    -0.88     7.26    -417.5     37.84     15.70    16.522      19650    0    0    0    0    0
2015  3 16 22 34    -6.45    -0.89     7.37    -417.9     37.38     15.47    16.277      20754    0    0    0    0    0
2015  3 16 22 35    -6.42    -0.87     7.39    -417.4     37.55     16.12    16.091      21356    0    0    0    0    0
2015  3 16 22 36    -6.43    -0.85     7.37    -417.3     37.93     16.81    16.052      21547    0    0    0    0    0
2015  3 16 22 37    -6.38    -0.88     7.36    -416.9     39.81     18.14    15.993      21256    0    0    0    0    0
2015  3 16 22 38    -6.35    -0.92     7.34    -416.4     41.13     19.14    15.932      20410    0    0    0    0    0
2015  3 16 22 39    -6.37    -0.93     7.35    -416.1     41.27     19.39    15.922      19395    0    0    0    0    0
2015  3 16 22 40    -6.43    -0.86     7.36    -415.8     40.46     19.06    15.983      18490    0    0    0    0    0
2015  3 16 22 41    -6.51    -0.77     7.37    -415.4     39.14     18.12    16.071      17886    0    0    0    0    0
2015  3 16 22 42    -6.49    -0.81     7.42    -415.1     38.97     17.32    16.142      17979    0    0    0    0    0
2015  3 16 22 43    -6.48    -0.89     7.46    -416.0     39.18     16.76    16.392      18601    0    0    0    0    0
2015  3 16 22 44    -6.59    -0.89     7.41    -416.9     39.80     16.31    16.668      20551    0    0    0    0    0
2015  3 16 22 45    -6.64    -0.97     7.47    -417.4     40.13     16.12    16.714      21705    0    0    0    0    0
2015  3 16 22 46    -6.59    -0.96     7.54    -417.5     40.13     16.55    16.609      23251    0    0    0    0    0
2015  3 16 22 47    -6.47    -0.94     7.54    -417.9     39.30     17.07    16.523      26384    0    0    0    0    0
2015  3 16 22 48    -6.04    -1.37     7.51    -418.4     38.14     16.95    16.700      28241    0    0    0    0    0
2015  3 16 22 49    -5.90    -1.50     7.50    -417.3     37.97     16.94    17.057      28802    0    0    0    0    0
2015  3 16 22 50    -6.19    -1.20     7.52    -418.0     39.14     17.74    17.304      29080    0    0    0    0    0
2015  3 16 22 51    -6.32    -1.03     7.46    -417.4     39.42     18.30    16.790      29120    0    0    0    0    0
2015  3 16 22 52    -6.37    -0.99     7.59    -416.5     38.99     18.65    15.487      28796    0    0    0    0    0
2015  3 16 22 53    -6.36    -1.01     7.79    -416.0     37.98     19.32    14.490      28502    0    0    0    0    0
2015  3 16 22 54    -6.33    -1.04     7.86    -415.2     36.59     20.30    14.715      28593    0    0    0    0    0
2015  3 16 22 55    -6.32    -1.04     7.88    -414.6     35.47     21.12    15.405      28816    0    0    0    0    0
2015  3 16 22 56    -6.25    -1.01     7.90    -414.2     35.24     21.33    15.490      28961    0    1    1    1    1
2015  3 16 22 57    -6.15    -0.96     8.00    -414.0     35.67     21.11    15.570      29035    0    1    1    2    1
2015  3 16 22 58    -5.99    -1.09     8.03    -414.2     35.96     20.66    15.664      29159    0    1    1    2    1
2015  3 16 22 59    -5.85    -1.00     8.07    -414.5     36.36     20.17    15.757      28657    0    1    1    2    1
2015  3 16 23  0    -5.91    -1.05     8.05    -414.7     36.74     19.80    15.851      28998    0    1    1    2    1
2015  3 16 23  1    -6.14    -0.87     7.98    -414.9     37.29     19.56    15.913      28848    0    1    1    1    1
2015  3 16 23  2    -6.62    -0.44     7.83    -415.1     38.58     19.48    15.904      29277    0    0    0    0    0
2015  3 16 23  3    -6.71    -0.15     7.60    -415.3     39.33     19.47    16.161      30115    0    0    0    0    0
2015  3 16 23  4    -6.85     0.37     7.23    -415.5     39.50     20.08    16.898      31572    0    1    1    0    1
2015  3 16 23  5    -6.97     0.50     7.13    -415.3     38.69     21.00    17.412      32636    0    1    1    0    1
2015  3 16 23  6    -7.02     0.48     7.15    -414.8     37.49     21.81    17.590      32963    0    1    1    0    1
2015  3 16 23  7    -6.94     0.29     7.31    -414.6     37.18     21.72    17.618      32963    0    0    0    0    0
2015  3 16 23  8    -6.78     0.16     7.41    -414.4     38.04     21.09    17.623      32955    0    0    0    0    0
2015  3 16 23  9    -6.71     0.10     7.42    -414.5     39.64     20.98    17.633      32929    0    0    0    0    0
2015  3 16 23 10    -6.65    -0.21     7.30    -414.5     39.87     20.80    17.626      33053    0    1    1    1    1
2015  3 16 23 11    -6.53    -0.09     6.83    -414.4     39.65     20.51    17.651      33831    0    1    1    2    1
2015  3 16 23 12    -6.59    -0.18     6.74    -415.1     38.57     19.77    17.689      35391    0    1    1    2    1
2015  3 16 23 13    -6.54    -0.08     6.73    -416.2     38.50     19.40    17.728      36087    0    1    1    2    1
2015  3 16 23 14    -6.67     0.38     6.68    -416.8     39.82     19.80    17.766      36338    0    1    1    2    1
2015  3 16 23 15    -6.58     0.54     6.74    -417.0     41.46     20.17    17.801      35370    0    1    1    2    1
2015  3 16 23 16    -6.38     0.40     7.02    -417.5     42.03     20.06    17.838      34643    0    1    1    2    1
2015  3 16 23 17    -6.35     0.08     7.19    -418.5     43.37     20.61    17.877      34628    0    1    1    2    1
2015  3 16 23 18    -6.36     0.11     7.13    -419.2     41.85     19.76    17.916      33511    0    1    1    2    1
2015  3 16 23 19    -6.16     0.23     6.93    -419.6     43.55     20.34    17.952      32027    0    1    1    2    2
2015  3 16 23 20    -6.12     0.68     6.66    -419.8     42.54     19.59    17.987      31481    0    1    1    2    1
2015  3 16 23 21    -6.10     0.87     6.58    -418.8     43.71     20.20    17.798      31457    0    1    1    1    1
2015  3 16 23 22    -6.08     0.93     6.54    -419.6     43.61     20.09    17.724      32662    0    0    0    0    0
2015  3 16 23 23    -5.84     0.90     6.43    -419.6     44.06     19.96    18.056      35166    0    0    0    0    0
2015  3 16 23 24    -5.82     0.74     6.51    -419.6     43.55     19.87    18.138      35380    0    0    0    0    0
2015  3 16 23 25    -6.08     0.62     6.49    -420.6     43.08     20.14    17.526      34946    0    0    0    0    0
2015  3 16 23 26    -6.29     0.50     6.59    -429.4     40.86     20.12    14.554      25327    0    0    0    0    0
2015  3 16 23 27    -6.40     0.75     6.36    -429.3     40.03     19.36    13.526      24492    0    0    0    0    0
2015  3 16 23 28    -6.22     0.76     6.45    -427.0     41.13     19.56    13.753      24492    0    0    0    0    0
2015  3 16 23 29    -6.06     0.73     6.34    -424.3     41.35     19.36    15.229      27303    0    0    0    0    0
2015  3 16 23 30    -5.93     0.68     6.22    -422.5     41.57     19.01    16.708      33706    0    0    0    0    0
2015  3 16 23 31    -5.98     0.68     6.10    -423.0     42.58     18.80    17.133      43033    0    0    0    0    0
2015  3 16 23 32    -6.13     0.74     5.89    -423.2     43.55     18.95    17.119      41607    0    0    0    0    0
2015  3 16 23 33    -5.97     0.69     5.86    -424.2     43.66     18.52    16.960      39275    0    0    0    0    0
2015  3 16 23 34    -5.54     0.36     5.81    -424.7     43.26     17.56    17.142      43780    0    0    0    0    0
2015  3 16 23 35    -5.25    -0.11     5.73    -423.6     42.96     16.98    17.561      47189    0    0    0    0    0
2015  3 16 23 36    -5.12    -0.45     5.65    -422.7     42.87     16.74    17.858      46996    0    0    0    0    0
2015  3 16 23 37    -5.15    -0.44     5.64    -422.5     43.34     16.84    17.897      46570    0    1    1    1    1
2015  3 16 23 38    -5.35    -0.02     5.75    -422.7     44.72     17.34    17.877      46852    0    1    1    2    1
2015  3 16 23 39    -5.59     0.96     5.65    -423.7     45.91     17.69    17.853      47757    0    1    1    2    1
2015  3 16 23 40    -5.74     1.50     5.63    -424.5     46.62     17.86    17.414      48143    0    1    1    1    1
2015  3 16 23 41    -5.84     1.51     5.78    -424.9     47.20     18.00    16.985      47087    0    0    0    0    0
2015  3 16 23 42    -5.79     1.43     5.79    -424.7     47.75     18.04    16.948      46362    0    0    0    0    0
2015  3 16 23 43    -5.60     1.33     5.62    -424.1     47.64     17.21    17.175      46682    0    0    0    0    0
2015  3 16 23 44    -5.41     1.26     5.24    -423.1     46.41     14.32    17.904      48526    0    0    0    0    0
2015  3 16 23 45    -5.39     1.26     4.64    -422.2     44.37     10.20    18.861      51186    0    0    0    0    0
2015  3 16 23 46    -5.43     1.15     3.94    -422.3     43.30      9.26    18.880      51219    0    0    0    0    0
2015  3 16 23 47    -5.40     1.47     4.40    -425.0     45.10     15.59    17.148      51219    0    0    0    0    0
2015  3 16 23 48    -5.22     1.61     5.37    -429.9     47.33     19.33    16.119      52415    0    0    0    0    0
2015  3 16 23 49    -5.19     0.96     5.78    -429.4     47.37     19.13    16.126      51564    0    0    0    0    0
2015  3 16 23 50    -5.06     0.46     6.28    -426.7     46.11     18.62    16.087      48159    0    0    0    0    0
2015  3 16 23 51    -4.96     0.23     6.46    -425.6     45.38     18.53    16.019      47265    0    0    0    0    0
2015  3 16 23 52    -4.92     0.24     6.51    -424.9     44.85     18.48    15.985      47246    0    0    0    0    0
2015  3 16 23 53    -4.90     0.28     6.35    -424.4     44.66     18.28    15.940      49139    0    0    0    0    0
2015  3 16 23 54    -5.13     0.68     5.53    -424.3     44.49     17.28    16.042      51560    0    1    1    1    1
2015  3 16 23 55    -5.42     1.03     4.86    -424.3     44.32     15.87    16.331      53092    0    1    1    2    1
2015  3 16 23 56    -4.98     0.72     4.76    -422.5     43.45     14.41    16.577      58551    0    1    1    2    1
2015  3 16 23 57    -4.00     0.14     4.71    -419.1     41.71     12.66    16.759      67629    0    1    1    2    1
2015  3 16 23 58    -3.85    -0.09     3.92    -417.9     41.46     11.36    17.023      71234    0    1    1    2    1
2015  3 16 23 59    -4.05     0.08     2.93    -417.0     42.00     11.04    17.164      73280    0    1    1    1    1
2015  3 17  0  0    -4.96     0.82     5.38    -422.5     47.29     18.90    16.479      55292    0    1    1    2    1
2015  3 17  0  1    -4.89     0.92     5.39    -422.5     47.19     19.12    16.554      55439    0    1    1    2    1
2015  3 17  0  2    -4.73     0.95     5.24    -422.4     47.65     19.24    16.627      57340    0    1    1    2    1
2015  3 17  0  3    -4.63     0.96     5.06    -422.5     47.37     19.01    16.669      59169    0    1    1    1    1
2015  3 17  0  4    -4.64     1.02     5.03    -422.6     46.46     18.78    16.812      60047    0    1    1    1    1
2015  3 17  0  5    -4.75     0.67     5.31    -422.1     45.14     18.77    17.072      60715    0    1    1    2    1
2015  3 17  0  6    -4.84     0.34     5.57    -420.8     44.19     18.72    17.326      61434    0    1    1    2    2
2015  3 17  0  7    -4.80     0.42     5.59    -419.0     44.36     18.67    17.564      62623    1    1    1    2    2
2015  3 17  0  8    -4.68     0.70     5.60    -418.3     45.19     18.64    17.839      63761    1    1    1    2    1
2015  3 17  0  9    -4.77     1.27     5.51    -418.2     46.09     18.62    18.135      63354    1    1    1    2    1
2015  3 17  0 10    -4.73     1.34     5.25    -420.2     46.97     18.38    18.503      57532    1    1    1    2    1
2015  3 17  0 11    -4.85     1.33     5.45    -420.3     46.84     18.06    18.805      59008    1    1    1    2    1
2015  3 17  0 12    -4.73     1.30     5.79    -420.0     46.40     18.31    19.096      62350    1    1    1    2    1
2015  3 17  0 13    -4.57     1.06     5.77    -419.7     46.30     19.05    19.211      61346    0    1    1    1    1
2015  3 17  0 14    -4.36     1.03     5.74    -419.3     46.52     19.25    18.684      58135    0    0    0    0    0
2015  3 17  0 15    -3.90     1.12     5.54    -418.8     46.62     19.30    17.800      58848    0    0    0    0    0
2015  3 17  0 16    -3.91     1.17     5.35    -418.4     47.57     19.16    17.564      63749    0    0    0    0    0
2015  3 17  0 17    -4.27     1.40     5.48    -418.7     48.81     19.43    17.780      63350    0    0    0    0    0
2015  3 17  0 18    -4.31     1.36     6.04    -420.4     51.38     20.28    17.687      60623    0    0    0    0    0
2015  3 17  0 19    -4.37     1.37     6.15    -420.5     51.22     20.40    17.224      60178    0    0    0    0    0
2015  3 17  0 20    -4.57     1.51     6.17    -421.0     50.99     20.58    16.875      58926    0    0    0    0    0
2015  3 17  0 21    -4.60     1.66     6.23    -421.1     50.83     20.46    17.011      56965    0    0    0    0    0
2015  3 17  0 22    -4.56     1.84     6.28    -421.0     50.49     19.97    17.786      54122    0    0    0    0    0
2015  3 17  0 23    -4.56     1.82     6.26    -420.6     50.44     19.49    18.081      52976    0    0    0    0    0
2015  3 17  0 24    -4.65     1.82     6.23    -420.5     50.89     19.17    17.630      53508    0    0    0    0    0
2015  3 17  0 25    -4.71     1.89     6.21    -420.5     51.46     18.66    16.872      55788    0    0    0    0    0
2015  3 17  0 26    -4.58     1.96     6.27    -420.6     51.58     18.03    16.431      58981    0    0    0    0    0
2015  3 17  0 27    -4.31     2.12     6.38    -420.0     51.33     18.14    16.293      60601    0    0    0    0    0
2015  3 17  0 28    -4.29     2.33     6.37    -418.1     50.67     19.06    16.159      60717    0    0    0    0    0
2015  3 17  0 29    -4.27     2.45     6.32    -417.7     50.84     19.50    15.112      60755    0    0    0    0    0
2015  3 17  0 30    -4.08     2.66     6.39    -417.3     52.04     19.66    15.020      60755    0    0    0    0    0
2015  3 17  0 31    -4.02     2.67     6.52    -417.0     52.68     19.79    16.065      60750    0    0    0    0    0
2015  3 17  0 32    -4.10     2.64     6.51    -416.8     52.72     20.04    16.256      60148    0    0    0    0    0
2015  3 17  0 33    -4.40     2.40     6.55    -417.2     52.35     20.22    16.135      59984    0    0    0    0    0
2015  3 17  0 34    -4.59     2.16     6.51    -417.3     52.03     19.84    16.167      59798    0    0    0    0    0
2015  3 17  0 35    -4.69     2.04     6.40    -415.8     49.95     18.07    16.351      59788    0    0    0    0    0
2015  3 17  0 36    -4.54     1.94     6.41    -415.0     49.30     17.28    16.560      60052    0    0    0    0    0
2015  3 17  0 37    -4.38     1.89     6.56    -414.4     49.57     17.48    16.667      60335    0    0    0    0    0
2015  3 17  0 38    -4.36     1.87     6.56    -414.5     50.02     17.71    16.593      60437    0    0    0    0    0
2015  3 17  0 39    -4.59     1.88     6.50    -415.6     50.24     18.07    16.427      60614    0    0    0    0    0
2015  3 17  0 40    -4.90     1.83     6.53    -416.5     50.26     18.31    16.360      61325    0    0    0    0    0
2015  3 17  0 41    -5.00     1.63     6.57    -416.7     49.94     18.33    16.353      61423    0    0    0    0    0
2015  3 17  0 42    -5.16     1.35     6.62    -416.5     47.88     17.36    16.385      61373    0    0    0    0    0
2015  3 17  0 43    -5.16     1.15     6.64    -416.0     47.43     16.87    16.400      61366    0    0    0    0    0
2015  3 17  0 44    -5.15     1.11     6.51    -415.8     47.36     16.56    16.434      62583    0    0    0    0    0
2015  3 17  0 45    -5.22     1.04     6.43    -417.3     47.34     16.94    16.455      62920    0    0    0    0    0
2015  3 17  0 46    -5.31     1.13     6.33    -419.0     48.33     17.39    15.465      61349    0    0    0    0    0
2015  3 17  0 47    -5.81     1.13     6.33    -420.1     47.98     15.75    14.102      60947    0    0    0    0    1
2015  3 17  0 48    -6.20     1.16     6.54    -422.9     46.02     12.78    12.496      59086    0    0    0    0    1
2015  3 17  0 49    -6.38     1.17     6.47    -425.6     45.52     13.10    10.981      55252    0    0    0    0    1
2015  3 17  0 50    -6.40     1.17     6.44    -425.8     46.42     13.58    10.431      52699    0    0    0    0    0
2015  3 17  0 51    -6.51     1.00     6.27    -425.8     46.35     13.43    10.352      53341    0    0    0    0    0
2015  3 17  0 52    -6.52     0.99     6.25    -425.8     46.35     13.40    10.349      52578    0    0    0    0    0
2015  3 17  0 53    -6.64     1.23     5.96    -425.8     45.05     12.01    10.656      50517    0    0    0    0    0
2015  3 17  0 54    -6.81     1.56     5.74    -425.4     44.47     11.70    11.337      43939    0    0    0    0    0
2015  3 17  0 55    -6.83     1.60     5.71    -425.1     44.23     11.66    12.004      43008    0    0    0    0    0
2015  3 17  0 56    -6.25     1.25     6.09    -422.7     45.91     14.31    12.485      46683    1    1    1    1    1
2015  3 17  0 57    -5.83     0.90     6.37    -420.8     46.56     16.20    12.970      49475    1    1    1    1    1
2015  3 17  0 58    -5.89     0.71     6.36    -420.7     45.37     16.40    13.522      49475    0    0    0    0    0
2015  3 17  0 59    -5.87     0.60     6.39    -420.9     45.34     17.31    14.051      50500    0    0    0    0    0
2015  3 17  1  0    -5.75     0.53     6.48    -420.9     45.48     17.32    14.284      52806    0    0    0    0    0
2015  3 17  1  1    -5.70     0.54     6.49    -420.7     45.86     16.70    14.161      54703    0    0    0    0    0
2015  3 17  1  2    -5.68     0.49     6.47    -420.6     45.35     15.64    14.433      56562    0    0    0    0    0
2015  3 17  1  3    -5.61     0.32     6.52    -420.5     43.68     15.05    15.109      56818    0    0    0    0    0
2015  3 17  1  4    -5.43     0.00     6.64    -420.1     42.63     14.50    15.337      56950    0    1    1    1    1
2015  3 17  1  5    -5.09    -0.17     6.92    -419.7     42.69     14.17    15.316      56899    0    1    1    2    1
2015  3 17  1  6    -4.96    -0.17     6.97    -419.1     42.67     13.60    15.287      55733    1    1    1    2    1
2015  3 17  1  7    -4.95    -0.30     6.89    -417.4     42.20     12.40    15.262      55872    1    1    1    2    1
2015  3 17  1  8    -5.16     0.21     6.59    -415.9     42.26     12.04    15.236      54301    1    1    1    2    1
2015  3 17  1  9    -5.42     0.38     6.32    -416.9     42.38     11.59    15.201      54292    1    1    1    2    1
2015  3 17  1 10    -5.81     0.12     6.08    -417.2     42.11     11.19    15.169      53700    0    1    1    2    1
2015  3 17  1 11    -6.04     0.19     5.76    -417.5     41.51     10.58    15.137      54315    0    1    1    2    1
2015  3 17  1 12    -6.19     0.35     5.67    -418.6     43.70     10.75    15.101      54448    1    1    1    2    1
2015  3 17  1 13    -6.30     0.70     5.66    -418.4     43.94     10.50    15.071      54289    1    1    1    1    1
2015  3 17  1 14    -6.37     0.68     5.62    -418.2     45.18     10.54    15.044      52373    0    0    0    0    0
2015  3 17  1 15    -6.35     0.68     5.60    -417.6     45.07     10.68    15.035      50254    0    0    0    0    0
2015  3 17  1 16    -6.35     0.84     5.57    -416.8     45.08     10.68    15.041      46958    0    0    0    0    0
2015  3 17  1 17    -6.30     0.87     5.54    -416.8     44.65     10.46    15.225      46574    0    0    0    0    0
2015  3 17  1 18    -6.29     0.92     5.52    -416.7     43.96     10.45    15.330      47492    0    0    0    0    0
2015  3 17  1 19    -6.32     0.99     5.54    -417.3     44.02     10.37    15.175      48022    0    0    0    0    0
2015  3 17  1 20    -6.32     0.28     5.72    -417.0     42.09      9.68    14.754      47645    0    0    0    0    0
2015  3 17  1 21    -6.27     0.23     5.94    -417.6     41.92      9.98    14.502      47683    0    0    0    0    0
2015  3 17  1 22    -6.25     0.23     6.09    -417.1     42.06      9.99    14.487      46914    0    0    0    0    0
2015  3 17  1 23    -6.37    -0.01     5.86    -417.5     41.92     10.03    14.512      47669    0    0    0    0    0
2015  3 17  1 24    -6.50    -0.23     5.69    -417.4     41.83      9.48    14.525      48575    0    0    0    0    0
2015  3 17  1 25    -6.68    -0.32     5.44    -417.9     40.96      9.32    14.199      49542    0    0    0    0    0
2015  3 17  1 26    -6.65    -0.32     5.42    -418.7     39.99      9.23    14.081      50998    0    0    0    0    0
2015  3 17  1 27    -6.60    -0.30     5.22    -419.3     39.24      9.45    14.366      53746    0    0    0    0    0
2015  3 17  1 28    -6.64    -0.56     5.10    -419.9     39.06     10.05    13.902      53378    0    0    0    0    0
2015  3 17  1 29    -6.64    -1.18     5.02    -420.3     38.98     10.74    12.053      51834    0    0    0    0    0
2015  3 17  1 30    -6.59    -1.11     5.16    -419.1     39.03     10.94    11.938      50517    0    0    0    0    0
2015  3 17  1 31    -6.48    -0.51     5.62    -417.5     39.04     11.07    12.759      48937    0    0    0    0    0
2015  3 17  1 32    -6.47    -0.51     5.63    -417.3     38.60     10.86    13.217      48385    0    0    0    0    0
2015  3 17  1 33    -6.77    -0.48     5.15    -419.6     40.26     11.61    13.428      47900    0    0    0    0    0
2015  3 17  1 34    -6.72    -0.07     5.11    -419.6     40.15     12.06    13.696      47423    0    0    0    0    0
2015  3 17  1 35    -6.57     0.01     5.20    -419.4     40.56     12.07    13.859      48278    0    0    0    0    0
2015  3 17  1 36    -6.48     0.03     5.28    -418.6     40.69     11.59    14.224      51768    0    0    0    0    0
2015  3 17  1 37    -6.27    -0.04     5.47    -416.4     41.00     11.48    14.515      52677    0    0    0    0    0
2015  3 17  1 38    -6.01    -0.11     5.62    -414.8     41.33     11.41    14.647      54689    0    0    0    0    0
2015  3 17  1 39    -5.73    -0.13     5.83    -412.8     41.15     11.31    14.674      57714    0    0    0    0    0
2015  3 17  1 40    -5.43    -0.16     6.05    -411.1     40.62     11.33    14.618      61032    0    0    0    0    0
2015  3 17  1 41    -5.23    -0.41     6.05    -412.0     39.72     11.78    14.392      63843    0    0    0    0    0
2015  3 17  1 42    -5.39    -0.77     6.03    -414.9     38.58     12.24    13.920      65711    0    0    0    0    0
2015  3 17  1 43    -5.55    -1.01     5.88    -416.7     40.16     13.52    13.502      65593    0    0    0    0    0
2015  3 17  1 44    -5.59    -1.04     5.98    -417.8     40.87     14.85    12.512      65578    0    0    0    0    0
2015  3 17  1 45    -5.62    -1.12     5.72    -418.3     38.84     14.53    13.799      65550    0    0    0    0    0
2015  3 17  1 46    -5.70    -1.16     5.55    -418.0     36.79     13.74    14.054      65118    0    0    0    0    0
2015  3 17  1 47    -5.93    -1.27     5.29    -417.5     36.07     10.51    14.091      64474    0    0    0    0    0
2015  3 17  1 48    -6.50    -1.83     4.26    -417.4     35.61      8.17    13.911      64464    0    0    0    0    0
2015  3 17  1 49    -6.50    -1.51     4.34    -416.5     36.07      7.71    13.283      63632    0    0    0    0    0
2015  3 17  1 50    -6.51    -1.37     4.56    -416.2     35.30      7.40    12.142      60714    0    0    0    0    0
2015  3 17  1 51    -7.38    -3.09     2.56    -423.3     28.60      7.57    11.809      56812    0    0    0    0    0
2015  3 17  1 52    -7.26    -3.07     2.74    -422.5     28.36      8.31    11.848      56133    0    0    0    0    0
2015  3 17  1 53    -7.13    -2.83     3.07    -422.1     27.38      7.78    12.005      57212    0    0    0    0    0
2015  3 17  1 54    -7.11    -2.33     3.48    -422.2     26.67      6.86    12.088      58608    0    0    0    0    0
2015  3 17  1 55    -7.05    -1.60     4.37    -420.9     29.84      7.49    11.930      59167    0    0    0    0    0
2015  3 17  1 56    -6.93    -0.84     5.41    -418.6     36.04      9.30    11.856      59557    0    0    0    0    0
2015  3 17  1 57    -6.83    -0.59     5.58    -417.9     38.08     10.60    13.151      59494    0    0    0    0    0
2015  3 17  1 58    -6.69    -0.45     5.77    -417.9     38.45     11.39    12.449      57645    0    0    0    0    0
2015  3 17  1 59    -6.64    -0.59     5.78    -418.4     38.54     12.08    12.327      56724    0    0    0    0    0
2015  3 17  2  0    -6.64    -0.89     5.40    -419.6     38.13     12.70    11.896      56852    0    0    0    0    0
2015  3 17  2  1    -6.52    -1.17     5.26    -420.4     37.64     12.38    11.590      58282    0    0    0    0    0
2015  3 17  2  2    -6.48    -1.22     5.17    -420.4     36.88     11.57    11.202      60468    0    0    0    0    0
2015  3 17  2  3    -6.46    -1.16     5.25    -420.1     37.20     11.48    11.080      59853    0    0    0    0    0
2015  3 17  2  4    -6.39    -0.87     5.56    -419.8     38.37     11.26    11.639      58298    0    0    0    0    0
2015  3 17  2  5    -6.33    -0.68     5.62    -418.8     39.93     10.45    11.933      58277    0    0    0    0    0
2015  3 17  2  6    -6.14    -0.66     5.68    -417.3     39.81      9.29    12.335      58150    0    0    0    0    0
2015  3 17  2  7    -6.14    -0.95     5.52    -416.7     38.06      7.06    11.752      58282    0    0    0    0    0
2015  3 17  2  8    -6.46    -1.80     4.90    -416.6     33.81      4.25    11.732      59253    0    0    0    0    0
2015  3 17  2  9    -6.59    -2.20     4.49    -416.6     33.21      2.40    11.622      62041    0    0    0    0    0
2015  3 17  2 10    -6.62    -2.37     3.81    -416.5     32.89      1.62    11.752      63025    0    0    0    0    0
2015  3 17  2 11    -6.59    -2.66     3.30    -416.4     32.73      1.08    11.177      63147    0    0    0    0    0
2015  3 17  2 12    -6.50    -3.02     3.10    -415.6     31.43      1.29    11.108      63153    0    0    0    0    0
2015  3 17  2 13    -6.18    -2.58     3.76    -414.6     31.69      2.58    10.946      63416    0    0    0    0    0
2015  3 17  2 14    -5.85    -2.01     4.78    -414.2     32.42      4.69    11.203      65304    0    0    0    0    0
2015  3 17  2 15    -5.72    -1.75     5.13    -414.6     31.96      6.26    11.755      66497    0    0    0    0    0
2015  3 17  2 16    -5.81    -1.69     5.08    -414.8     31.30      5.87    11.896      66497    0    0    0    0    0
2015  3 17  2 17    -5.87    -2.08     4.59    -414.8     29.78      4.72    11.739      65293    0    0    0    0    0
2015  3 17  2 18    -5.84    -2.32     3.91    -414.7     28.06      4.16    11.568      64297    0    0    0    0    0
2015  3 17  2 19    -5.75    -2.51     3.49    -414.5     27.03      3.78    11.533      63664    0    0    0    0    0
2015  3 17  2 20    -5.43    -2.74     3.03    -413.6     25.92      2.72    11.584      63309    0    0    0    0    0
2015  3 17  2 21    -5.02    -3.08     2.56    -411.8     24.42      0.45    11.623      63207    0    0    0    0    0
2015  3 17  2 22    -4.67    -3.58     2.21    -409.3     22.72     -2.84    11.627      63209    0    0    0    0    0
2015  3 17  2 23    -4.20    -3.64     1.56    -407.5     22.68     -5.26    11.603      63361    0    0    0    0    0
2015  3 17  2 24    -4.18    -3.66     1.14    -406.5     22.89     -9.23    11.767      65653    0    0    0    0    0
2015  3 17  2 25    -4.38    -3.73     0.18    -406.6     22.37    -13.26    12.298      73432    0    0    0    0    0
2015  3 17  2 26    -5.14    -3.66    -0.39    -407.8     21.94    -15.30    12.949      79711    0    0    0    0    0
2015  3 17  2 27    -6.25    -2.80     1.16    -410.4     25.83    -12.10    12.815      79697    0    0    0    0    0
2015  3 17  2 28    -6.60    -2.35     1.76    -412.9     26.48     -9.49    11.345      75409    0    0    0    0    0
2015  3 17  2 29    -6.55    -1.94     2.35    -415.4     26.00     -5.53    11.081      70032    0    0    0    0    0
2015  3 17  2 30    -6.43    -1.52     2.36    -416.5     26.19     -3.86    11.344      63044    0    0    0    0    0
2015  3 17  2 31    -3.56    -2.52     1.07    -418.0     26.02     -4.61    12.010      60208    0    0    0    0    1
2015  3 17  2 32    -3.68    -3.06     0.93    -415.8     24.01     -5.70    12.485      59130    0    0    0    0    1
2015  3 17  2 33    -4.33    -3.30     1.29    -413.3     21.87     -7.61    13.390      58806    0    0    0    0    1
2015  3 17  2 34    -4.55    -3.39     1.17    -411.2     20.35     -9.89    14.222      59411    0    0    0    0    0
2015  3 17  2 35    -3.31    -3.28    -0.75    -410.9     21.43    -12.66    14.766      61654    0    0    0    0    0
2015  3 17  2 36    -3.44    -2.73    -1.97    -413.9     25.07    -17.15    16.916      63228    0    0    0    0    0
2015  3 17  2 37    -3.73    -2.87    -1.86    -417.4     24.27    -18.67    17.474      53078    0    0    0    0    0
2015  3 17  2 38    -4.25    -2.87    -1.74    -418.2     24.34    -18.59    17.399      52269    0    0    0    0    0
2015  3 17  2 39    -3.88    -2.68    -1.51    -418.8     24.97    -17.97    17.354      52537    0    0    0    0    0
2015  3 17  2 40    -4.43    -2.34    -1.39    -418.1     26.18    -17.41    17.336      54607    0    0    0    0    0
2015  3 17  2 41    -5.06    -1.88    -0.19    -417.0     28.91    -16.22    16.959      57713    0    0    0    0    0
2015  3 17  2 42    -5.68    -1.41     1.82    -416.2     30.33    -13.61    15.706      61751    0    0    0    0    0
2015  3 17  2 43    -5.97    -1.20     2.60    -416.2     30.75    -12.60    16.084      62507    0    0    0    0    0
2015  3 17  2 44    -6.47    -2.34     0.50    -417.5     23.54    -18.49    16.648      61432    0    0    0    0    0
2015  3 17  2 45    -6.65    -2.25     0.37    -418.5     20.69    -19.26    16.721      60338    0    0    0    0    0
2015  3 17  2 46    -6.63    -2.39    -0.01    -418.3     18.72    -17.56    16.252      57754    0    0    0    0    0
2015  3 17  2 47    -6.56    -2.72    -0.07    -418.1     18.08    -15.66    16.153      57935    0    0    0    0    0
2015  3 17  2 48    -6.46    -3.19     0.51    -417.9     18.03    -15.06    16.862      61428    0    0    0    0    0
2015  3 17  2 49    -6.32    -3.47     0.67    -418.0     18.12    -16.14    17.073      61290    0    0    0    0    0
2015  3 17  2 50    -6.25    -3.67     0.38    -418.2     18.25    -17.33    15.748      57154    0    0    0    0    0
2015  3 17  2 51    -6.25    -3.72    -0.34    -417.5     19.10    -17.66    15.685      53129    0    0    0    0    0
2015  3 17  2 52    -6.10    -2.78     1.12    -417.3     20.07    -16.73    15.709      48977    0    0    0    0    0
2015  3 17  2 53    -5.96    -2.39     1.63    -418.3     23.71    -15.73    16.015      46750    0    0    0    0    0
2015  3 17  2 54    -6.46    -2.43     1.94    -418.7     24.96    -13.12    15.989      44998    0    0    0    0    0
2015  3 17  2 55    -6.60    -2.35     2.15    -418.6     24.97    -11.86    16.158      42819    0    0    0    0    0
2015  3 17  2 56    -6.61    -2.32     2.92    -418.6     24.89     -8.87    16.891      42362    0    0    0    0    0
2015  3 17  2 57    -6.55    -2.08     3.78    -418.3     23.84     -5.89    16.905      41290    0    0    0    0    0
2015  3 17  2 58    -6.48    -2.00     4.22    -417.6     24.05     -5.16    17.075      41290    0    0    0    0    0
2015  3 17  2 59    -6.19    -2.20     4.20    -415.9     22.17     -5.69    17.151      42452    0    0    0    0    0
2015  3 17  3  0    -5.94    -2.53     4.25    -414.3     20.61     -6.00    17.177      42742    0    0    0    0    0
2015  3 17  3  1    -5.55    -2.92     4.55    -413.2     19.57     -5.45    17.192      40832    0    0    0    0    0
2015  3 17  3  2    -5.27    -3.20     4.85    -412.6     19.47     -4.42    17.611      38804    0    0    0    0    0
2015  3 17  3  3    -5.29    -3.30     4.94    -412.4     20.47     -3.91    18.669      38943    0    0    0    0    0
2015  3 17  3  4    -5.37    -3.20     5.12    -412.6     21.90     -4.00    19.613      39163    0    0    0    0    0
2015  3 17  3  5    -5.56    -2.87     5.26    -413.5     23.07     -4.41    19.691      38795    0    0    0    0    0
2015  3 17  3  6    -5.89    -2.39     5.16    -415.3     23.78     -4.82    19.075      37815    0    0    0    0    0
2015  3 17  3  7    -6.17    -2.07     4.90    -417.5     24.68     -5.00    18.590      34404    0    0    0    0    0
2015  3 17  3  8    -6.18    -1.97     4.85    -420.0     24.02     -5.28    17.159      27462    0    1    1    1    1
2015  3 17  3  9    -6.11    -1.92     4.84    -422.9     23.11     -5.31    15.389      24123    0    1    1    1    1
2015  3 17  3 10    -6.03    -2.09     4.91    -421.3     22.41     -5.35    16.341      28311    0    1    1    1    1
2015  3 17  3 11    -6.02    -2.14     4.90    -417.8     22.15     -5.48    18.022      34367    0    0    0    0    0
2015  3 17  3 12    -6.00    -2.52     4.86    -416.0     21.37     -5.98    18.663      36107    0    0    0    0    0
2015  3 17  3 13    -5.97    -2.68     4.78    -415.6     20.74     -6.79    18.878      36543    0    0    0    0    0
2015  3 17  3 14    -5.77    -2.70     4.85    -415.2     20.87     -6.99    18.977      36524    0    0    0    0    0
2015  3 17  3 15    -5.63    -2.66     4.93    -414.7     21.61     -6.57    19.035      36348    0    0    0    0    0
2015  3 17  3 16    -5.45    -2.59     4.95    -413.8     22.48     -5.63    18.940      35944    0    0    0    0    0
2015  3 17  3 17    -5.34    -2.41     5.04    -413.0     22.50     -4.65    18.759      35612    0    0    0    0    0
2015  3 17  3 18    -5.36    -2.21     5.17    -412.9     21.98     -4.20    18.583      35249    0    0    0    0    0
2015  3 17  3 19    -5.28    -2.18     5.31    -412.2     21.88     -4.08    18.386      34100    0    0    0    0    0
2015  3 17  3 20    -5.11    -2.29     5.47    -410.9     21.64     -3.89    18.111      32662    0    0    0    0    0
2015  3 17  3 21    -4.97    -2.44     5.47    -410.2     21.30     -3.82    17.745      32627    0    0    0    0    0
2015  3 17  3 22    -4.87    -2.58     5.56    -410.2     21.05     -3.17    16.977      32710    0    0    0    0    0
2015  3 17  3 23    -4.78    -2.74     5.78    -410.2     21.32     -2.87    14.979      33363    0    0    0    0    0
2015  3 17  3 24    -4.67    -2.78     5.99    -409.3     21.57     -2.79    14.772      33687    0    0    0    0    0
2015  3 17  3 25    -4.35    -2.75     6.25    -407.5     22.41     -1.10    16.499      35165    0    0    0    0    0
2015  3 17  3 26    -4.10    -2.72     6.46    -406.0     22.49      0.36    18.126      35535    0    0    0    0    0
2015  3 17  3 27    -4.04    -2.64     6.54    -405.9     22.72      0.91    18.516      35725    0    0    0    0    0
2015  3 17  3 28    -4.08    -2.53     6.64    -407.3     23.68      1.22    17.844      35684    0    0    0    0    0
2015  3 17  3 29    -3.91    -2.34     7.09    -407.3     24.25      2.33    17.831      36788    0    0    0    0    0
2015  3 17  3 30    -3.57    -2.10     7.42    -406.0     24.41      3.34    17.972      37479    0    0    0    0    0
2015  3 17  3 31    -3.11    -2.02     7.60    -404.8     24.02      3.74    17.992      37847    0    0    0    0    0
2015  3 17  3 32    -2.82    -2.12     7.63    -404.7     23.49      3.45    17.864      39584    0    0    0    0    0
2015  3 17  3 33    -3.19    -2.27     7.57    -407.3     23.30      2.56    17.801      41416    0    0    0    0    0
2015  3 17  3 34    -4.18    -2.14     7.15    -411.5     23.93      1.01    17.898      37972    0    0    0    0    0
2015  3 17  3 35    -4.81    -1.87     6.81    -411.7     24.13      0.60    18.048      36131    0    0    0    0    0
2015  3 17  3 36    -4.96    -1.55     6.66    -409.9     24.72      1.08    18.172      34827    0    0    0    0    0
2015  3 17  3 37    -4.61    -1.29     6.84    -407.2     25.81      2.19    18.534      34827    0    0    0    0    0
2015  3 17  3 38    -3.98    -1.12     7.26    -404.9     26.77      3.35    19.058      34827    0    0    0    0    0
2015  3 17  3 39    -3.22    -0.99     7.78    -403.3     27.63      4.41    19.512      35256    0    0    0    0    0
2015  3 17  3 40    -2.78    -0.99     8.11    -404.1     28.17      4.83    19.585      36316    0    0    0    0    0
2015  3 17  3 41    -3.52    -1.45     8.14    -408.2     26.18      4.10    19.293      36148    0    0    0    0    0
2015  3 17  3 42    -3.72    -1.62     8.17    -408.9     25.95      3.86    18.535      35846    0    0    0    0    0
2015  3 17  3 43    -3.54    -1.82     8.03    -409.0     26.45      4.24    17.801      33969    0    0    0    0    0
2015  3 17  3 44    -3.46    -1.75     8.14    -408.2     28.06      4.32    17.155      32866    0    0    0    0    0
2015  3 17  3 45    -3.58    -1.05     8.43    -407.3     28.96      4.36    15.681      31538    0    0    0    0    0
2015  3 17  3 46    -3.65    -0.77     8.55    -407.2     29.12      3.97    15.101      31220    0    0    0    0    0
2015  3 17  3 47    -3.58    -0.66     8.58    -406.6     28.15      3.91    15.891      31893    0    0    0    0    0
2015  3 17  3 48    -3.49    -0.58     8.65    -407.4     27.49      4.35    16.765      32185    0    0    0    0    0
2015  3 17  3 49    -3.50    -0.57     8.66    -407.7     27.15      4.69    16.585      32185    0    0    0    0    0
2015  3 17  3 50    -3.82    -0.77     8.57    -408.4     28.07      4.59    16.172      33197    0    0    0    0    0
2015  3 17  3 51    -3.89    -0.75     8.57    -409.8     27.37      4.36    16.351      34349    0    0    0    0    0
2015  3 17  3 52    -3.97    -0.94     8.70    -410.9     26.73      4.11    16.507      37716    0    0    0    0    0
2015  3 17  3 53    -4.07    -0.99     8.81    -411.6     26.34      3.86    16.070      37408    0    0    0    0    0
2015  3 17  3 54    -4.00    -0.92     8.97    -411.1     25.83      3.82    14.999      36695    0    0    0    0    0
2015  3 17  3 55    -4.07    -0.90     8.84    -410.4     25.79      3.94    14.704      36732    0    0    0    0    0
2015  3 17  3 56    -4.35    -0.81     8.58    -410.5     26.73      3.83    14.461      36940    0    0    0    0    0
2015  3 17  3 57    -4.43    -0.97     8.48    -410.2     26.43      3.78    13.903      36787    0    0    0    0    0
2015  3 17  3 58    -4.32    -1.00     8.53    -409.2     27.70      3.54    14.854      35771    0    0    0    0    0
2015  3 17  3 59    -4.41    -0.95     8.43    -409.9     27.57      3.03    15.408      35966    0    0    0    0    0
2015  3 17  4  0    -4.67    -1.04     8.15    -413.3     28.19      2.12    16.177      38009    0    0    0    0    0
2015  3 17  4  1    -4.63    -1.06     8.07    -414.1     28.21      1.58    16.353      38340    0    0    0    0    0
2015  3 17  4  2    -4.48    -1.02     8.15    -413.9     28.26      1.61    16.215      37387    0    0    0    0    0
2015  3 17  4  3    -4.39    -0.99     8.18    -412.4     28.32      2.51    15.773      35665    0    0    0    0    0
2015  3 17  4  4    -4.23    -0.98     8.24    -410.2     28.81      4.00    15.156      33967    0    0    0    0    0
2015  3 17  4  5    -3.77    -0.78     8.78    -409.3     29.52      6.07    14.377      33039    0    0    0    0    0
2015  3 17  4  6    -3.37    -0.66     9.38    -411.3     28.77      6.80    13.288      32693    0    0    0    0    0
2015  3 17  4  7    -3.55    -0.68     9.36    -411.8     28.73      6.39    13.369      32693    0    0    0    0    0
2015  3 17  4  8    -3.89    -0.70     8.89    -412.8     28.51      6.29    14.182      33126    0    0    0    0    0
2015  3 17  4  9    -3.68    -0.61     9.16    -413.0     28.97      6.28    15.495      35097    0    0    0    0    1
2015  3 17  4 10    -3.14    -0.49     9.49    -411.8     30.18      6.30    16.163      37017    0    0    0    0    1
2015  3 17  4 11    -2.78    -0.44     9.42    -409.4     31.68      6.34    16.369      37606    0    0    0    0    1
2015  3 17  4 12    -2.65    -0.36     9.30    -407.0     31.73      6.01    15.772      37606    0    0    0    0    1
2015  3 17  4 13    -2.54    -0.32     9.28    -406.6     31.51      5.77    15.282      37606    0    0    0    0    0
2015  3 17  4 14    -2.60    -0.44     9.28    -407.3     31.99      5.62    15.846      38364    0    0    0    0    0
2015  3 17  4 15    -2.77    -0.60     9.24    -407.2     32.52      5.24    16.170      40732    0    0    0    0    0
2015  3 17  4 16    -2.98    -0.63     9.12    -407.2     32.84      5.48    15.539      41361    0    0    0    0    0
2015  3 17  4 17    -2.87    -0.62     9.09    -407.2     32.52      5.47    14.958      37658    0    0    0    0    0
2015  3 17  4 18    -2.79    -0.65     9.14    -407.0     32.57      5.38    14.868      36494    0    0    0    0    0
2015  3 17  4 19    -2.79    -0.64     9.02    -406.7     32.97      5.27    15.472      35829    0    0    0    0    0
2015  3 17  4 20    -2.72    -0.61     8.88    -405.8     32.86      5.22    16.558      35548    0    0    0    0    0
2015  3 17  4 21    -2.69    -0.70     8.58    -405.2     33.67      5.18    17.973      35839    0    0    0    0    0
2015  3 17  4 22    -2.56    -0.71     8.38    -404.2     34.23      5.29    19.083      36756    0    0    0    0    0
2015  3 17  4 23    -2.29    -0.52     8.44    -402.8     33.89      5.51    19.317      38265    0    0    0    0    0
2015  3 17  4 24    -2.07    -0.29     8.49    -402.3     34.24      5.45    18.382      40173    0    0    0    0    0
2015  3 17  4 25    -1.91    -0.05     8.76    -402.8     32.73      5.07    17.648      40984    0    0    0    0    0
2015  3 17  4 26    -2.13     0.04     8.86    -405.6     31.91      5.31    17.211      41640    0    0    0    0    0
2015  3 17  4 27    -2.30    -0.06     8.84    -404.7     32.22      6.41    16.335      39946    0    0    0    0    0
2015  3 17  4 28    -2.38    -0.09     8.82    -403.1     32.52      7.29    15.553      37985    0    0    0    0    0
2015  3 17  4 29    -2.40    -0.06     8.93    -403.1     31.74      7.53    14.890      37985    0    0    0    0    0
2015  3 17  4 30    -2.31    -0.11     9.16    -403.5     30.63      7.24    14.200      37763    0    0    0    0    0
2015  3 17  4 31    -2.08    -0.27     9.32    -404.0     30.75      7.09    14.713      38094    0    0    0    0    0
2015  3 17  4 32    -2.04    -0.32     9.30    -403.7     30.42      7.30    15.198      40180    0    0    0    0    0
2015  3 17  4 33    -2.24    -0.28     9.18    -402.8     30.23      7.88    14.834      42094    0    0    0    0    0
2015  3 17  4 34    -2.41    -0.17     9.08    -402.4     30.35      8.32    14.797      44090    0    0    0    0    0
2015  3 17  4 35    -2.75    -0.17     9.06    -404.9     30.00      7.66    16.421      46788    0    0    0    0    0
2015  3 17  4 36    -2.77    -0.27     9.27    -408.2     31.10      6.00    16.561      49627    0    0    0    0    0
2015  3 17  4 37    -2.29    -0.31     9.26    -408.0     30.67      5.63    16.095      51633    0    0    0    0    0
2015  3 17  4 38    -2.30    -0.25     9.19    -407.7     29.82      5.96    15.935      53384    0    0    0    0    0
2015  3 17  4 39    -2.37    -0.21     9.27    -405.6     29.60      6.96    16.191      54680    0    0    0    0    0
2015  3 17  4 40    -2.38    -0.26     9.49    -403.8     30.13      8.04    16.515      56020    0    0    0    0    0
2015  3 17  4 41    -2.22    -0.37     9.72    -403.1     31.41      8.75    16.713      57631    0    0    0    0    0
2015  3 17  4 42    -1.95    -0.35     9.55    -403.0     31.98      8.73    16.654      59471    0    0    0    0    0
2015  3 17  4 43    -2.09    -0.32     9.49    -403.9     32.02      8.50    16.632      61589    0    0    0    0    0
2015  3 17  4 44    -2.38    -0.21     9.55    -403.8     32.21      8.52    16.680      63508    0    0    0    0    0
2015  3 17  4 45    -2.55     0.02     9.70    -403.4     32.91      9.21    16.590      65317    0    0    0    0    0
2015  3 17  4 46    -0.60     1.78    16.19    -438.7     29.39     10.06    17.640      72975    0    0    0    0    0
2015  3 17  4 47     2.20     2.71    24.89    -506.8      6.61     15.73    33.777      85344    0    0    0    0    0
2015  3 17  4 48     2.25     3.12    24.83    -504.7      2.48     16.59    34.048      86555    0    0    0    0    0
2015  3 17  4 49     2.15     3.39    24.74    -503.2      0.53     17.21    32.963      87870    0    0    0    0    0
2015  3 17  4 50     2.40     2.86    24.93    -502.4     -9.59     17.37    31.336      89426    0    0    0    0    0
2015  3 17  4 51     2.62     2.45    25.09    -498.8    -17.85     18.32    31.150      90641    0    0    0    0    0
2015  3 17  4 52     2.92     1.77    25.38    -495.5    -25.36     20.56    31.604      91878    0    0    0    0    0
2015  3 17  4 53     3.12     1.16    25.58    -493.1    -32.77     23.70    33.160      93233    0    0    0    0    0
2015  3 17  4 54     3.28     0.84    25.40    -492.3    -40.44     27.39    36.175      94833    0    0    0    0    0
2015  3 17  4 55     3.46     0.88    24.93    -494.7    -49.29     29.73    39.429      96967    0    0    0    0    0
2015  3 17  4 56     2.43     1.57    24.72    -502.0    -60.97     26.38    43.215      99844    0    0    0    0    0
2015  3 17  4 57     1.87     2.36    24.37    -502.5    -66.37     26.26    45.806     101629    0    0    0    0    0
2015  3 17  4 58     1.78     3.67    23.91    -506.6    -63.89     26.94    45.423     103882    0    0    0    0    0
2015  3 17  4 59     1.66     4.43    24.03    -506.2    -60.91     27.88    45.256     105499    0    0    0    0    0
2015  3 17  5  0     1.09     4.52    24.14    -505.4    -56.90     26.61    45.789     107051    0    0    0    0    0
2015  3 17  5  1     0.42     4.69    24.01    -505.3    -52.04     23.27    46.268     108719    0    0    0    0    0
2015  3 17  5  2    -0.24     5.35    23.69    -505.1    -46.75     21.28    45.103     110425    0    0    0    0    0
2015  3 17  5  3    -1.04     6.02    23.57    -504.3    -42.88     20.86    42.548     112016    0    0    0    0    0
2015  3 17  5  4    -1.13     6.07    23.56    -503.5    -42.12     22.03    39.621     113603    0    0    0    0    0
2015  3 17  5  5    -0.98     6.01    23.74    -503.0    -43.53     23.45    37.568     115244    0    0    0    0    0
2015  3 17  5  6    -0.72     5.80    24.15    -503.3    -43.52     24.37    38.521     116826    0    0    0    0    0
2015  3 17  5  7     0.17     5.73    24.10    -504.5    -43.58     24.18    40.851     118749    0    0    0    0    0
2015  3 17  5  8    -0.09     7.01    23.73    -504.8    -45.74     23.37    40.885     117123    0    0    0    0    0
2015  3 17  5  9    -0.21     8.54    23.60    -505.6    -48.38     23.03    40.748     105698    0    0    0    0    0
2015  3 17  5 10     0.19     8.33    23.83    -504.8    -49.91     24.32    40.304     101855    0    0    0    0    0
2015  3 17  5 11     1.23     7.56    24.26    -502.9    -55.48     24.88    39.248     101727    0    0    0    0    0
2015  3 17  5 12     2.03     5.70    24.27    -503.3    -61.19     27.44    36.104     103074    0    0    0    0    0
2015  3 17  5 13     2.42     3.67    24.36    -504.6    -66.21     26.06    33.392     110280    0    0    0    0    0
2015  3 17  5 14     3.39     0.46    25.16    -505.8    -68.82     22.27    31.844     111237    0    0    0    0    0
2015  3 17  5 15     4.16    -1.13    26.20    -506.5    -67.23     22.15    31.565     111051    0    0    0    0    0
2015  3 17  5 16     4.67    -1.48    26.64    -506.4    -64.14     22.89    31.578     112649    0    0    0    0    0
2015  3 17  5 17     5.20    -1.86    26.81    -505.5    -58.38     25.35    31.917     114581    0    0    0    0    0
2015  3 17  5 18     5.34    -1.88    26.80    -503.6    -53.67     28.76    32.650     115236    0    0    0    0    0
2015  3 17  5 19     5.90    -2.16    26.57    -501.2    -49.86     28.98    33.715     115236    0    0    0    0    0
2015  3 17  5 20     6.62    -3.45    26.11    -499.2    -46.59     31.44    34.761     111642    0    0    0    0    0
2015  3 17  5 21     7.06    -4.89    25.30    -498.9    -48.15     31.91    34.860     110923    0    0    0    0    0
2015  3 17  5 22     6.34    -5.44    25.20    -500.2    -45.67     30.67    33.103     110474    0    0    0    0    0
2015  3 17  5 23     6.32    -5.90    24.75    -503.4    -41.08     27.92    32.619     110499    0    0    0    0    0
2015  3 17  5 24     6.45    -5.96    24.11    -503.8    -40.40     26.88    33.315     111558    0    0    0    0    0
2015  3 17  5 25     6.55    -6.79    23.37    -504.3    -39.52     23.62    35.117     115198    0    0    0    0    0
2015  3 17  5 26     6.66    -8.32    22.76    -504.0    -41.61     22.33    35.549     117621    0    0    0    0    0
2015  3 17  5 27     6.63    -9.89    22.14    -503.7    -44.84     21.24    34.968     117621    0    0    0    0    0
2015  3 17  5 28     7.15   -10.63    21.20    -502.5    -45.27     21.35    33.661     116911    0    0    0    0    0
2015  3 17  5 29     7.63   -11.37    20.63    -501.3    -44.62     22.26    33.769     110760    0    0    0    0    0
2015  3 17  5 30     7.87   -10.52    20.87    -499.4    -41.94     27.60    34.233     100773    0    0    0    0    0
2015  3 17  5 31     7.93    -9.74    21.02    -498.8    -42.01     28.38    34.310      99109    0    0    0    0    0
2015  3 17  5 32     7.93    -9.63    20.88    -498.4    -43.73     27.61    34.336     103072    0    0    0    0    0
2015  3 17  5 33     7.66   -10.16    19.99    -499.7    -49.38     24.49    34.717     107292    0    0    0    0    0
2015  3 17  5 34     5.98   -10.99    18.91    -500.1    -50.03     23.87    36.438     111921    0    0    0    0    0
2015  3 17  5 35     5.82   -11.50    18.07    -500.4    -56.02     26.56    38.483     116959    0    0    0    0    0
2015  3 17  5 36     5.60   -11.15    18.39    -499.6    -61.74     25.96    41.255     134150    0    0    0    0    0
2015  3 17  5 37     5.37   -11.50    17.93    -499.6    -69.74     18.13    43.875     148161    0    0    0    0    0
2015  3 17  5 38     5.28   -11.82    17.05    -503.0    -79.41     22.35    44.090     148687    0    0    0    0    0
2015  3 17  5 39     6.09   -11.76    17.71    -503.2    -85.70     28.20    43.427     142084    0    0    0    0    0
2015  3 17  5 40     8.79    -8.69    19.77    -502.4    -90.37     27.96    41.451     142199    0    0    0    0    0
2015  3 17  5 41     9.72    -6.09    19.77    -497.6    -85.17     26.50    39.396     142967    0    0    0    0    0
2015  3 17  5 42    10.46    -5.15    18.49    -496.7    -82.68     25.80    36.398     156149    0    0    0    0    0
2015  3 17  5 43     9.88    -9.02    16.62    -501.2    -82.73     26.83    33.558     163363    0    0    0    0    0
2015  3 17  5 44     9.62    -9.85    16.01    -500.3    -87.93     32.29    33.252     159603    0    0    0    0    0
2015  3 17  5 45     9.90    -9.09    16.01    -497.7    -90.49     34.68    34.170     159290    0    0    0    0    0
2015  3 17  5 46    10.43    -8.53    16.28    -494.6    -91.11     36.15    37.127     160081    0    0    0    0    0
2015  3 17  5 47    10.94    -8.16    16.57    -492.2    -90.87     37.42    41.455     163265    0    0    0    0    0
2015  3 17  5 48    10.88    -8.08    16.80    -492.9    -90.86     38.55    45.021     171116    0    0    0    0    0
2015  3 17  5 49     9.99    -8.75    16.38    -493.9    -91.16     36.79    44.091     174829    0    0    0    0    0
2015  3 17  5 50     8.78    -9.28    15.31    -495.0    -91.59     34.28    42.139     175310    0    0    0    0    0
2015  3 17  5 51     8.30    -8.99    15.69    -494.6    -91.94     38.84    40.848     175310    0    0    0    0    0
2015  3 17  5 52     8.35    -8.77    15.99    -493.6    -93.46     44.55    39.669     175479    0    0    0    0    0
2015  3 17  5 53     8.48   -10.00    13.78    -493.0    -96.33     45.48    36.620     183339    0    0    0    0    0
2015  3 17  5 54     7.88   -12.41     8.22    -492.8    -98.82     47.19    32.268     198141    0    0    0    0    0
2015  3 17  5 55     7.17   -13.98     4.21    -492.0    -99.86     49.43    31.073     195746    0    0    0    0    0
2015  3 17  5 56     6.75   -16.30     1.16    -491.5   -101.25     49.31    30.281     188270    0    0    0    0    0
2015  3 17  5 57     6.03   -17.11    -0.52    -491.0   -103.45     48.26    30.342     186574    0    0    0    0    0
2015  3 17  5 58     5.88   -17.21    -1.44    -491.4   -103.60     44.99    31.384     187553    0    0    0    0    0
2015  3 17  5 59     5.19   -17.28    -2.74    -492.7   -103.88     46.58    34.471     191566    0    0    0    0    0
2015  3 17  6  0     4.94   -17.01    -3.39    -491.6   -102.94     50.39    34.474     191566    0    0    0    0    0
2015  3 17  6  1     4.95   -17.01    -3.66    -488.7   -102.12     51.07    34.486     191566    0    0    0    0    0
2015  3 17  6  2     4.77   -15.34    -3.67    -486.4    -97.48     51.07    34.612     193088    0    0    0    0    0
2015  3 17  6  3     1.04   -11.81    -9.30    -498.7    -84.53     30.52    35.026     207133    0    0    0    0    0
2015  3 17  6  4    -2.27    -8.20   -16.56    -504.5    -74.45     20.86    31.298     208151    0    0    0    0    0
2015  3 17  6  5    -3.42    -7.43   -18.71    -506.1    -67.35     19.78    29.662     206683    0    0    0    0    0
2015  3 17  6  6    -3.44    -8.54   -19.02    -505.4    -62.88     23.74    28.758     206683    0    0    0    0    0
2015  3 17  6  7    -3.61    -9.00   -19.25    -504.5    -61.74     25.95    28.314     207097    0    0    0    0    0
2015  3 17  6  8    -4.09    -9.71   -19.80    -504.5    -63.48     28.50    27.594     208280    0    0    0    0    0
2015  3 17  6  9    -4.24    -9.26   -20.60    -505.6    -63.20     27.84    27.826     208395    0    0    0    0    0
2015  3 17  6 10    -4.27    -9.06   -20.47    -507.4    -61.98     24.45    28.166     190005    0    0    0    0    0
2015  3 17  6 11    -4.41    -9.54   -20.13    -508.0    -60.79     22.08    28.204     167729    0    0    0    0    0
2015  3 17  6 12    -4.55    -8.97   -20.03    -508.8    -59.70     22.95    28.066     164917    0    0    0    0    0
2015  3 17  6 13    -4.90    -8.08   -20.19    -509.2    -58.08     24.36    27.735     170034    0    0    0    0    0
2015  3 17  6 14    -4.98    -9.19   -19.59    -509.0    -57.57     23.23    27.310     172997    0    0    0    0    0
2015  3 17  6 15    -4.66   -10.16   -19.09    -508.5    -58.55     20.07    26.879     166589    0    0    0    0    0
2015  3 17  6 16    -4.14   -10.33   -19.04    -507.4    -60.12     20.30    26.685     161782    0    0    0    0    0
2015  3 17  6 17    -3.69   -10.68   -19.13    -506.6    -62.33     23.42    26.680     161587    0    0    0    0    0
2015  3 17  6 18    -3.50   -11.16   -19.22    -505.2    -65.08     25.50    26.626     161204    0    0    0    0    0
2015  3 17  6 19    -3.40   -11.42   -19.10    -502.5    -67.17     26.41    26.318     160494    0    0    0    0    0
2015  3 17  6 20    -3.18   -12.27   -18.69    -503.4    -66.90     26.30    24.673     156591    0    0    0    0    0
2015  3 17  6 21    -2.90   -12.55   -18.54    -503.1    -67.64     26.64    24.367     156779    0    0    0    0    0
2015  3 17  6 22    -3.17   -12.73   -17.89    -503.5    -71.68     28.65    24.294     157805    0    0    0    0    0
2015  3 17  6 23    -2.89   -13.00   -17.41    -503.5    -74.41     29.44    24.662     158837    0    0    0    0    0
2015  3 17  6 24    -2.94   -13.50   -16.56    -504.1    -77.35     29.83    25.834     164491    0    0    0    0    0
2015  3 17  6 25    -3.53   -13.73   -15.95    -505.3    -79.41     29.58    27.504     171328    0    0    0    0    0
2015  3 17  6 26    -4.18   -14.07   -14.50    -507.6    -80.74     28.95    27.523     178930    0    0    0    0    0
2015  3 17  6 27    -4.32   -14.18   -13.43    -509.3    -79.55     28.31    27.333     186062    0    0    0    0    0
2015  3 17  6 28    -4.30   -13.93   -13.58    -510.6    -78.09     27.26    28.726     189027    0    0    0    0    0
2015  3 17  6 29    -4.27   -13.13   -13.85    -513.7    -77.94     25.31    28.831     177617    0    0    0    0    0
2015  3 17  6 30    -4.19   -12.32   -13.71    -514.8    -78.18     23.59    27.748     167354    0    0    0    0    0
2015  3 17  6 31    -3.99   -12.47   -13.35    -513.8    -78.12     23.94    26.325     167354    0    0    0    0    0
2015  3 17  6 32    -3.92   -13.93   -11.30    -511.9    -82.22     29.98    27.517     177597    0    0    0    0    0
2015  3 17  6 33    -3.56   -14.98    -9.55    -509.7    -83.23     32.91    28.622     193749    0    0    0    0    0
2015  3 17  6 34    -2.62   -16.13    -8.17    -508.3    -83.74     33.79    29.506     200724    0    0    0    0    0
2015  3 17  6 35    -1.59   -16.78    -7.48    -507.5    -86.75     33.55    30.005     200724    0    0    0    0    0
2015  3 17  6 36    -1.08   -16.87    -7.26    -506.6    -91.84     33.72    30.143     200635    0    0    0    0    0
2015  3 17  6 37    -0.43   -17.00    -6.68    -505.0    -95.82     37.75    30.086     198041    0    0    0    0    0
2015  3 17  6 38     0.90   -17.26    -5.35    -502.7    -97.85     45.64    29.897     191783    0    0    0    0    0
2015  3 17  6 39     1.47   -17.74    -3.38    -501.9    -98.80     45.10    29.278     187159    0    0    0    0    0
2015  3 17  6 40     1.69   -17.85    -2.75    -500.7    -99.66     37.23    28.239     187159    0    0    0    0    0
2015  3 17  6 41     2.30   -17.86    -2.62    -499.1    -94.43     38.09    27.240     185920    0    0    0    0    0
2015  3 17  6 42     3.18   -17.93    -2.07    -497.1    -92.92     43.02    27.041     183731    0    0    0    0    0
2015  3 17  6 43     3.04   -18.12    -0.42    -496.8    -92.88     53.84    27.020     182805    0    0    0    0    0
2015  3 17  6 44     1.90   -17.19     1.27    -502.8    -96.95     68.28    26.032     192075    0    0    0    0    0
2015  3 17  6 45     1.49   -13.43     6.81    -502.6   -100.55     79.66    25.135     208689    0    0    0    0    0
2015  3 17  6 46     1.52   -11.92    11.44    -502.2   -104.68     80.01    26.525     275044    0    0    0    0    1
2015  3 17  6 47     1.75   -12.24     6.79    -504.4   -110.09     81.73    29.597     304493    0    0    0    0    1
2015  3 17  6 48     1.73   -13.96    -2.26    -504.1   -113.94     87.04    28.810     322527    0    0    0    0    1
2015  3 17  6 49     1.74   -14.52    -8.46    -504.3   -115.05     88.12    27.178     314855    0    0    0    0    1
2015  3 17  6 50     1.77   -13.78    -6.66    -504.8   -114.52     86.21    26.518     287516    0    0    0    0    1
2015  3 17  6 51     2.37   -11.52     4.35    -506.5   -108.51     76.04    25.990     280737    0    0    0    0    1
2015  3 17  6 52     2.55    -8.80    14.88    -509.2    -99.07     60.43    25.030     282852    0    0    0    0    1
2015  3 17  6 53     1.55    -9.84    14.22    -510.8    -97.38     55.67    23.213     286657    0    0    0    1    2
2015  3 17  6 54     2.91    -8.35    13.61    -509.4    -98.05     56.18    23.491     289614    0    0    0    1    2
2015  3 17  6 55     4.64    -6.80    13.53    -507.8    -98.41     56.45    24.331     299790    0    0    0    0    1
2015  3 17  6 56     5.62    -5.88    13.61    -506.7    -98.42     56.43    25.084     308038    0    0    0    0    1
2015  3 17  6 57     5.87    -5.48    13.29    -506.2    -99.18     57.18    25.823     305747    0    0    0    0    1
2015  3 17  6 58     6.14    -6.59    11.26    -506.6   -101.04     58.30    26.695     302311    0    0    0    0    1
2015  3 17  6 59     7.38    -8.82     5.22    -508.5   -102.09     57.38    27.503     309004    0    0    0    0    1
2015  3 17  7  0     8.41   -10.32     2.06    -509.5   -100.00     56.69    27.468     315778    0    0    0    0    1
2015  3 17  7  1     8.87   -10.46     2.29    -507.9    -98.66     57.23    27.083     316731    0    0    0    0    1
2015  3 17  7  2     9.37   -10.48     2.48    -505.1    -98.59     57.73    26.756     314782    0    0    0    0    1
2015  3 17  7  3     9.90   -11.00     2.09    -501.9    -98.81     57.71    26.640     310058    0    0    0    0    1
2015  3 17  7  4     8.65   -12.86    -1.20    -501.8    -97.76     58.17    26.596     304957    0    0    0    0    1
2015  3 17  7  5    -1.01   -19.91    -9.42    -501.7    -97.29     67.30    26.631     304983    0    0    0    0    1
2015  3 17  7  6    -1.01   -19.91   -11.13    -501.2    -91.66     67.28    26.797     305495    0    0    0    0    1
2015  3 17  7  7    -1.01   -18.82   -11.46    -498.8    -90.57     65.02    27.029     318275    0    0    0    0    1
2015  3 17  7  8    -0.46   -14.08   -11.49    -497.9    -89.74     62.64    27.098     321677    0    0    0    0    1
2015  3 17  7  9    -0.58   -12.08   -12.18    -497.4    -89.80     57.87    27.054     322103    0    0    0    0    1
2015  3 17  7 10    -0.44   -11.14   -12.90    -496.2    -87.31     59.29    27.133     322223    0    0    0    0    1
2015  3 17  7 11    -0.06    -9.68   -13.16    -495.4    -85.68     58.47    27.311     319468    0    0    0    0    1
2015  3 17  7 12     1.38    -9.07   -10.26    -494.8    -83.95     59.19    27.411     314379    0    0    0    0    1
2015  3 17  7 13     2.81    -9.34    -7.05    -495.3    -79.87     59.55    26.486     301385    0    0    0    0    1
2015  3 17  7 14     2.70    -9.69    -8.04    -496.1    -74.84     56.63    25.138     283671    0    0    0    0    1
2015  3 17  7 15     2.87   -10.62    -8.50    -494.7    -72.88     61.37    24.787     277734    0    0    0    0    1
2015  3 17  7 16     3.60   -11.41    -7.67    -491.9    -73.12     67.88    25.001     279558    0    0    0    0    1
2015  3 17  7 17     4.66   -11.51    -6.36    -488.3    -73.13     71.38    25.611     284769    0    0    0    0    1
2015  3 17  7 18     5.24   -11.38    -3.97    -486.6    -77.48     70.76    26.158     285193    0    0    0    0    1
2015  3 17  7 19     7.39   -10.40     0.31    -483.4    -81.19     77.16    26.306     285211    0    0    0    0    1
2015  3 17  7 20     9.20    -9.56     3.75    -479.7    -84.55     83.53    26.277     283375    0    0    0    0    1
2015  3 17  7 21     9.20    -9.54     4.09    -475.8    -87.72     85.07    26.085     277256    0    0    0    0    1
2015  3 17  7 22     9.07   -10.59     3.28    -474.7    -87.40     91.64    25.548     270940    0    0    0    0    1
2015  3 17  7 23     9.06   -10.38     3.55    -473.3    -84.88     95.74    25.341     269454    0    0    0    0    1
2015  3 17  7 24     9.19    -9.21     4.65    -472.5    -81.40     96.94    25.309     274269    0    0    0    0    1
2015  3 17  7 25     9.65    -8.24     7.59    -473.1    -77.00     96.04    25.106     283044    0    0    0    0    1
2015  3 17  7 26     5.92    -9.02    -1.40    -491.0    -61.80     97.42    20.643     397007    0    0    0    1    1
2015  3 17  7 27     4.42    -9.49    -3.75    -491.5    -52.29     92.74    18.920     388604    0    0    0    0    1
2015  3 17  7 28     2.72    -8.62   -10.17    -493.7    -41.05     89.80    19.255     358495    0    0    0    0    1
2015  3 17  7 29     0.43    -8.01   -16.51    -496.4    -32.99     93.56    19.499     365575    0    0    0    0    2
2015  3 17  7 30    -1.05    -6.84   -17.63    -496.3    -29.64     90.78    18.870     376986    0    0    0    0    2
2015  3 17  7 31    -2.02    -5.58   -17.91    -495.7    -26.85     90.03    18.539     381444    0    0    0    0    2
2015  3 17  7 32    -3.15    -4.51   -18.56    -496.1    -23.23     89.61    18.672     381468    0    0    0    0    1
2015  3 17  7 33    -6.06    -3.28   -19.12    -501.8    -12.62     85.85    19.663     376584    0    0    0    1    1
2015  3 17  7 34    -6.60    -1.69   -18.13    -517.6     -1.53     87.05    20.099     385144    0    0    0    1    1
2015  3 17  7 35    -6.60    -0.30   -18.01    -518.5     11.43     87.33    17.874     383603    0    0    0    0    2
2015  3 17  7 36    -5.88    -0.22   -17.95    -517.2     17.13     83.96    16.944     379352    0    1    1    1    2
2015  3 17  7 37    -5.01    -0.52   -17.76    -514.9     18.38     79.42    16.913     375495    0    1    1    2    2
2015  3 17  7 38    -4.21    -1.00   -17.44    -512.5     16.52     78.06    16.894     371777    0    1    1    2    2
2015  3 17  7 39    -3.51    -1.34   -17.06    -508.9     11.75     79.20    16.876     368433    0    1    1    2    2
2015  3 17  7 40    -2.85    -1.73   -16.70    -505.8      6.98     80.90    16.858     364915    0    1    1    2    2
2015  3 17  7 41    -1.92    -2.31   -16.25    -503.2      1.77     85.14    16.839     364397    0    1    1    2    2
2015  3 17  7 42     0.06    -3.24   -15.45    -499.4     -7.16     97.22    16.822     374697    0    1    1    2    2
2015  3 17  7 43     0.74    -4.48   -14.67    -496.4    -10.97    101.24    16.804     393035    0    1    1    2    2
2015  3 17  7 44     1.16    -5.47   -13.00    -493.9    -13.26    102.36    16.785     413884    0    1    1    2    2
2015  3 17  7 45     1.85    -6.16   -10.76    -491.6    -15.33    102.79    16.765     434986    0    1    1    2    2
2015  3 17  7 46     3.30    -7.06    -9.06    -490.1    -16.13    102.94    16.859     457534    0    1    1    1    1
2015  3 17  7 47     9.68   -10.03    -5.26    -504.3      4.45    103.36    19.376     511053    0    1    1    0    1
2015  3 17  7 48     7.30    -8.17    -7.62    -514.0     21.75    103.98    20.789     554701    0    1    1    0    2
2015  3 17  7 49     6.00    -7.32    -5.38    -516.5     29.17    104.81    20.726     586891    0    1    1    0    2
2015  3 17  7 50     6.53    -9.53    -6.21    -521.0     33.23    103.57    19.946     623462    0    0    0    0    2
2015  3 17  7 51     4.38    -7.50   -10.87    -523.5     34.39     91.76    18.849     655173    0    0    0    0    1
2015  3 17  7 52     3.85    -5.89   -12.71    -523.3     33.78     95.33    18.398     679879    0    0    0    0    0
2015  3 17  7 53     5.10    -7.95   -13.38    -528.6     33.39     91.38    18.382     709278    0    0    0    0    0
2015  3 17  7 54     3.98    -7.71   -14.50    -531.8     31.69     82.28    18.269     728648    0    0    0    0    0
2015  3 17  7 55     0.12    -6.57   -14.39    -543.1     32.81     69.33    17.818     727580    0    0    0    0    0
2015  3 17  7 56     0.76    -5.45   -14.26    -539.1     38.83     65.17    17.818     719530    0    0    0    0    0
2015  3 17  7 57     1.72    -4.51   -13.78    -534.2     40.43     60.75    17.534     717174    0    0    0    0    0
2015  3 17  7 58     2.91    -3.69   -13.20    -529.1     40.44     55.88    17.109     716563    0    0    0    0    0
2015  3 17  7 59     4.73    -3.08   -12.79    -524.7     40.44     49.21    16.494     714323    0    0    0    0    0
2015  3 17  8  0     5.97    -2.91   -12.29    -521.6     30.48     42.64    16.231     691065    0    0    0    0    0
2015  3 17  8  1     6.60    -3.04   -12.28    -518.6     22.91     36.96    16.119     657095    0    0    0    0    0
2015  3 17  8  2     6.79    -3.25   -12.95    -515.1     23.84     32.20    16.002     619070    0    0    0    0    0
2015  3 17  8  3     6.89    -3.31   -13.98    -511.9     31.86     26.82    15.858     565085    0    0    0    0    0
2015  3 17  8  4     7.79    -4.08   -14.83    -510.9     33.99     15.06    15.574     553325    0    0    0    0    0
2015  3 17  8  5     8.47    -6.32   -14.85    -513.7     32.80     29.86    14.916     538420    0    0    0    0    0
2015  3 17  8  6     0.94    -2.86   -16.21    -550.0     35.84     24.31    17.364     609432    0    0    0    0    0
2015  3 17  8  7     1.62    -2.85   -16.05    -553.0     39.11     19.58    18.124     637034    0    0    0    0    1
2015  3 17  8  8     1.94    -3.48   -16.09    -551.3     38.29     14.68    18.168     637122    0    0    0    0    2
2015  3 17  8  9     2.38    -4.20   -16.14    -549.5     37.01     12.58    18.460     637208    0    0    0    0    2
2015  3 17  8 10     2.89    -5.03   -16.14    -548.1     35.52      9.96    18.713     637294    0    0    0    0    2
2015  3 17  8 11     3.37    -5.94   -16.00    -546.5     31.22      5.46    18.713     637379    0    0    0    0    2
2015  3 17  8 12     4.11    -6.93   -15.43    -544.8     25.86      2.66    18.717     637464    0    0    0    0    2
2015  3 17  8 13     4.82    -7.71   -14.30    -543.1     25.25      2.76    18.733     637541    0    0    0    0    2
2015  3 17  8 14     5.30    -8.14   -13.70    -541.5     35.30      7.76    18.733     637541    0    0    0    0    2
2015  3 17  8 15     7.75   -11.24   -11.65    -541.7     47.10     13.17    17.652     614038    0    0    0    0    0
2015  3 17  8 16     0.94    -4.01   -18.21    -566.6     78.49     29.35    18.377     625506    0    0    0    0    2
2015  3 17  8 17     0.27    -2.96   -18.80    -566.9     85.38     32.94    18.733     632843    0    0    0    0    2
2015  3 17  8 18    -0.76    -1.98   -18.85    -566.0     86.99     33.26    18.935     639627    0    0    0    0    2
2015  3 17  8 19    -1.09    -2.15   -18.34    -563.6     84.86     31.45    19.037     645645    0    0    0    0    2
2015  3 17  8 20    -0.48    -3.09   -17.54    -560.8     82.01     29.12    19.039     651379    0    0    0    0    2
2015  3 17  8 21    -0.63    -3.37   -17.27    -560.7     81.24     27.69    18.906     658237    0    0    0    0    2
2015  3 17  8 22    -2.13    -2.59   -18.28    -564.1     86.04     26.39    18.143     666462    0    0    0    0    2
2015  3 17  8 23    -3.52    -0.50   -19.76    -565.7     93.62     25.61    17.682     673832    0    0    0    0    2
2015  3 17  8 24    -3.75    -0.26   -20.20    -562.3     91.38     24.92    17.721     679127    0    0    0    0    2
2015  3 17  8 25    -3.45    -0.66   -20.33    -558.3     85.08     24.81    17.957     684321    0    0    0    0    2
2015  3 17  8 26    -0.83    -4.46   -20.29    -558.2     77.65     25.29    18.884     691188    0    0    0    0    2
2015  3 17  8 27    -0.97    -4.90   -20.68    -557.3     76.86     25.59    19.056     697877    0    0    0    0    2
2015  3 17  8 28    -3.70    -2.69   -21.20    -558.0     78.02     26.12    18.875     705265    0    0    0    0    2
2015  3 17  8 29    -3.66    -1.06   -21.79    -559.5     79.78     27.97    18.539     713180    0    0    0    0    2
2015  3 17  8 30    -3.56    -1.45   -21.90    -559.8     78.02     27.71    18.586     720502    0    0    0    0    2
2015  3 17  8 31    -3.22    -2.65   -21.65    -559.4     77.20     25.58    18.956     727361    0    0    0    0    2
2015  3 17  8 32    -3.04    -3.10   -21.25    -557.4     74.37     24.64    18.990     733139    0    0    0    0    2
2015  3 17  8 33    -2.77    -4.51   -20.95    -557.6     71.03     24.36    18.975     740146    0    0    0    0    2
2015  3 17  8 34    -1.98    -5.98   -20.33    -560.5     69.46     21.97    18.549     748264    0    0    0    0    2
2015  3 17  8 35    -1.78    -6.69   -19.95    -560.1     69.56     20.50    18.254     755011    0    0    0    0    2
2015  3 17  8 36    -1.05    -7.26   -19.57    -559.0     69.18     19.02    18.251     761394    0    0    0    0    2
2015  3 17  8 37     0.14    -8.56   -18.12    -558.4     73.74     23.00    18.572     767127    0    0    0    0    2
2015  3 17  8 38     0.40    -8.86   -17.72    -558.9     73.97     21.84    19.137     765519    0    0    0    0    1
2015  3 17  8 39     0.34    -9.05   -18.69    -559.4     77.64     17.78    19.809     751845    0    0    0    0    0
2015  3 17  8 40     0.87    -9.47   -18.30    -557.0     65.83     13.70    19.931     738612    0    0    0    0    0
2015  3 17  8 41     1.42    -8.45   -18.45    -557.5     72.15      7.59    20.112     724900    0    0    0    0    0
2015  3 17  8 42    -0.05    -7.31   -19.29    -568.1     81.74     15.26    20.782     694408    0    0    0    0    1
2015  3 17  8 43    -2.12    -5.48   -19.93    -572.0     91.53     15.49    20.785     673437    0    0    0    0    2
2015  3 17  8 44    -3.64    -5.10   -20.22    -574.3     98.82     15.53    20.238     655976    0    0    0    0    1
2015  3 17  8 45    -4.77    -4.35   -20.47    -576.3    102.52     15.84    20.568     654351    0    0    0    0    0
2015  3 17  8 46    -4.44    -4.66   -20.45    -575.8    101.47     15.51    21.381     654513    0    0    0    0    0
2015  3 17  8 47    -3.40    -5.19   -20.30    -573.0     96.96     16.46    21.368     655261    0    0    0    0    0
2015  3 17  8 48    -2.95    -7.57   -19.38    -568.8     93.43     16.12    21.125     655881    0    0    0    0    0
2015  3 17  8 49    -0.76    -8.66   -18.38    -570.1     91.40     15.31    21.012     676407    0    0    0    0    0
2015  3 17  8 50     0.05    -9.62   -17.47    -570.6     90.56     14.55    21.006     705081    0    0    0    0    0
2015  3 17  8 51     0.35    -8.74   -17.43    -571.2     92.04     18.90    20.543     736078    0    0    0    0    0
2015  3 17  8 52     1.05    -8.90   -18.10    -572.2     90.36     20.73    20.432     738694    0    0    0    0    0
2015  3 17  8 53     1.64    -8.04   -18.24    -572.9     89.75     18.43    20.617     670856    0    0    0    0    0
2015  3 17  8 54     2.41    -9.31   -17.65    -571.9     88.49     16.40    20.977     634784    0    0    0    0    0
2015  3 17  8 55     4.68   -11.38   -15.16    -566.5     87.69     17.83    21.043     617868    0    0    0    0    0
2015  3 17  8 56     6.98   -13.22   -13.15    -562.4     85.30     19.80    20.952     608281    0    0    0    0    0
2015  3 17  8 57     8.71   -14.38   -11.73    -560.8     81.19     21.66    20.707     617194    0    0    0    0    0
2015  3 17  8 58     9.16   -14.95    -9.68    -559.2     79.74     22.00    20.696     647857    0    0    0    0    0
2015  3 17  8 59     9.02   -14.86   -10.06    -559.4     80.23     22.91    21.343     671443    0    0    0    0    0
2015  3 17  9  0     7.76   -13.98   -13.42    -558.7     80.97     27.93    23.046     680932    0    0    0    0    0
2015  3 17  9  1     6.56   -11.94   -14.16    -558.3     80.29     30.77    24.154     681754    0    0    0    0    0
2015  3 17  9  2     6.32   -12.13   -13.42    -557.2     76.94     31.79    24.646     689840    0    0    0    0    0
2015  3 17  9  3     6.84   -11.90   -13.38    -556.4     74.47     31.14    24.745     689840    0    0    0    0    0
2015  3 17  9  4     7.93   -11.88   -12.27    -553.9     74.26     29.63    24.514     670767    0    0    0    0    0
2015  3 17  9  5     9.55   -12.53   -10.56    -549.8     76.10     30.49    24.368     643479    0    0    0    0    0
2015  3 17  9  6    11.00   -13.44    -8.26    -546.6     77.32     32.26    23.904     621395    0    0    0    0    0
2015  3 17  9  7    11.56   -14.30    -5.49    -546.4     76.83     34.49    22.589     614567    0    0    0    0    0
2015  3 17  9  8    11.50   -14.70    -4.22    -546.2     75.85     35.91    21.238     609125    0    0    0    0    0
2015  3 17  9  9    11.58   -14.59    -4.69    -544.1     72.23     37.00    20.805     600837    0    0    0    0    0
2015  3 17  9 10    11.59   -13.02    -6.06    -542.2     71.56     45.35    20.793     594111    0    0    0    0    0
2015  3 17  9 11    12.22   -13.55    -7.74    -541.5     69.65     46.12    21.362     594111    0    0    0    0    0
2015  3 17  9 12    12.42   -13.90    -8.19    -542.3     65.18     46.95    21.931     628992    0    0    0    0    0
2015  3 17  9 13    12.67   -13.87    -7.51    -542.3     62.95     47.69    21.933     651195    0    0    0    0    0
2015  3 17  9 14    12.84   -13.27    -7.08    -541.4     65.06     47.19    21.999     665834    0    0    0    0    0
2015  3 17  9 15    12.68   -13.04    -7.52    -543.9     76.20     47.75    22.059     666159    0    0    0    0    0
2015  3 17  9 16    12.37   -12.67    -6.85    -544.0     77.19     49.00    22.041     663098    0    0    0    0    0
2015  3 17  9 17    11.59   -12.82    -5.31    -542.4     78.29     49.98    21.924     651001    0    0    0    0    0
2015  3 17  9 18    11.49   -13.04    -4.67    -542.2     80.10     51.65    21.730     641926    0    0    0    0    0
2015  3 17  9 19    11.70   -14.46    -4.57    -542.8     78.69     53.18    21.548     632828    0    0    0    0    0
2015  3 17  9 20    12.58   -15.51    -4.21    -543.8     81.07     55.72    21.752     643296    0    0    0    0    0
2015  3 17  9 21    12.78   -15.76    -2.82    -546.8     84.36     57.01    23.616     708195    0    0    0    0    0
2015  3 17  9 22    12.66   -15.41    -2.08    -542.8     86.50     57.94    23.987     704291    0    0    0    0    0
2015  3 17  9 23    12.39   -15.69    -1.78    -543.4     86.38     66.55    23.442     651259    0    0    0    0    0
2015  3 17  9 24    12.27   -16.13    -1.59    -544.8     83.86     68.06    23.418     648486    0    0    0    0    0
2015  3 17  9 25    12.16   -16.26    -1.09    -546.5     82.55     69.29    23.960     647109    0    0    0    0    0
2015  3 17  9 26    12.95   -15.48    -0.59    -546.3     83.80     71.40    24.374     644065    0    0    0    0    0
2015  3 17  9 27    13.20   -14.48    -0.16    -546.5     84.66     75.81    24.448     644065    0    0    0    0    0
2015  3 17  9 28    13.74   -12.45     0.39    -545.7     85.44     77.45    24.444     640159    0    0    0    0    0
2015  3 17  9 29    15.08   -11.85     1.21    -543.3     85.79     80.47    24.457     629470    0    0    0    0    0
2015  3 17  9 30    15.13   -11.10     2.29    -540.9     86.49     83.09    24.565     629470    0    0    0    0    0
2015  3 17  9 31    15.50   -10.45     2.34    -538.9     86.54     82.95    24.794     657199    0    0    0    0    0
2015  3 17  9 32    15.47   -10.42     2.03    -538.3     86.23     82.75    24.926     673188    0    0    0    0    0
2015  3 17  9 33    13.96   -12.18     0.53    -540.4     85.14     82.87    24.951     676100    0    0    0    0    0
2015  3 17  9 34    13.30   -16.05     0.17    -540.7     84.60     82.64    24.769     629889    0    0    0    0    0
2015  3 17  9 35    13.10   -16.40     0.35    -541.7     85.48     81.12    23.783     588169    0    0    0    0    0
2015  3 17  9 36    14.00   -16.33     1.36    -539.9     87.94     79.20    22.951     588169    0    0    0    0    0
2015  3 17  9 37    14.64   -16.07     1.75    -540.1     91.00     77.53    22.564     593757    0    0    0    0    0
2015  3 17  9 38    15.28   -15.88     2.02    -538.6     94.26     76.03    22.528     607124    0    0    0    0    0
2015  3 17  9 39    15.37   -15.88     3.01    -542.5     95.08     76.00    22.407     610690    0    0    0    0    0
2015  3 17  9 40    15.36   -15.55     3.26    -545.6     91.81     70.15    22.344     610372    0    0    0    0    0
2015  3 17  9 41    15.52   -15.42     2.36    -546.6     89.41     67.36    22.235     609481    0    0    0    0    0
2015  3 17  9 42    15.33   -15.62     1.64    -547.9     87.04     71.03    21.937     609481    0    0    0    0    0
2015  3 17  9 43    14.57   -15.64     1.32    -550.9     86.46     75.72    22.017     611827    0    0    0    0    0
2015  3 17  9 44    14.01   -15.56     0.99    -552.7     86.78     71.89    22.511     613336    0    0    0    0    0
2015  3 17  9 45    14.17   -15.12    -0.06    -550.4     87.01     68.27    22.950     613336    0    0    0    0    0
2015  3 17  9 46    14.56   -14.85    -1.24    -547.6     86.73     67.65    23.625     622429    0    0    0    0    0
2015  3 17  9 47    14.92   -14.89    -2.08    -545.7     86.29     69.95    24.519     638922    0    0    0    0    0
2015  3 17  9 48    15.04   -14.79    -2.10    -544.8     86.60     72.73    25.066     647536    0    0    0    0    0
2015  3 17  9 49    15.04   -14.39    -1.08    -544.5     87.64     74.23    25.137     657522    0    0    0    0    0
2015  3 17  9 50    14.93   -13.54    -0.92    -545.2     90.81     73.54    25.016     686944    0    0    0    0    0
2015  3 17  9 51    14.80   -13.50    -0.33    -547.1     91.31     67.40    25.099     726615    0    0    0    0    0
2015  3 17  9 52    14.24   -13.01    -0.08    -546.9     85.75     63.11    25.426     720194    0    0    0    0    0
2015  3 17  9 53    12.83   -11.74    -0.42    -547.8     77.60     55.92    25.513     693063    0    0    0    0    0
2015  3 17  9 54    11.96   -11.29    -0.60    -547.9     75.65     49.18    25.098     647221    0    0    0    0    0
2015  3 17  9 55    12.12   -12.37     0.14    -549.7     76.04     47.12    23.989     577534    0    0    0    0    0
2015  3 17  9 56    13.14   -13.76     2.73    -554.7     87.84     44.42    22.237     521037    0    0    0    0    0
2015  3 17  9 57    13.87   -14.01     3.30    -553.0     88.06     44.29    21.485     503677    0    0    0    0    0
2015  3 17  9 58    14.77   -13.60     2.44    -552.1     89.87     46.48    21.261     485299    0    0    0    0    0
2015  3 17  9 59    15.41   -12.97     1.77    -550.4     89.59     49.07    21.040     478935    0    0    0    0    0
2015  3 17 10  0    15.14   -12.64     2.91    -552.7     90.60     55.72    20.527     482332    0    0    0    0    0
2015  3 17 10  1    13.89   -12.80     4.76    -556.0     89.48     58.81    20.088     528357    0    0    0    0    0
2015  3 17 10  2    13.13   -13.07     4.55    -557.2     89.46     59.09    19.823     530574    0    0    0    0    0
2015  3 17 10  3    10.23    -4.00     8.78    -557.5     91.13     58.45    19.364     500666    0    0    0    0    0
2015  3 17 10  4    10.65    -4.14     8.81    -557.1     95.89     60.51    18.482     500764    0    0    0    0    0
2015  3 17 10  5    15.49   -12.05     7.90    -558.1     97.18     63.35    17.944     507750    0    0    0    0    0
2015  3 17 10  6    15.79   -13.58     7.34    -558.8     96.11     60.59    17.879     525917    0    0    0    0    0
2015  3 17 10  7    15.42   -14.49     5.89    -561.4     92.79     52.41    17.904     535510    0    0    0    0    0
2015  3 17 10  8    14.46   -14.19     5.32    -563.2     85.60     45.27    18.035     534710    0    0    0    0    0
2015  3 17 10  9    13.80   -13.62     5.76    -567.3     85.15     37.03    18.399     528016    0    0    0    0    0
2015  3 17 10 10    13.37   -13.29     6.41    -572.2     78.03     28.08    18.776     518728    0    0    0    0    0
2015  3 17 10 11    13.24   -14.29     6.41    -572.5     60.65     21.40    18.904     514823    0    0    0    0    0
2015  3 17 10 12    12.92   -14.29     5.94    -572.5     60.36     15.67    18.919     514761    0    0    0    0    0
2015  3 17 10 13    13.30   -14.26     6.00    -568.2     63.48     13.59    18.976     543583    0    0    0    0    0
2015  3 17 10 14    13.39   -14.17     6.03    -567.5     64.69     11.49    19.553     558810    0    0    0    0    0
2015  3 17 10 15    12.95   -13.53     7.58    -568.8     59.20     11.66    20.449     560752    0    0    0    0    0
2015  3 17 10 16    12.74   -13.13     8.09    -567.1     57.50      7.49    20.678     552387    0    0    0    0    0
2015  3 17 10 17    13.12   -12.97     8.46    -566.5     66.99     11.44    20.697     539884    0    0    0    0    0
2015  3 17 10 18    13.39   -12.46     9.37    -565.5     74.30     21.14    20.507     530024    0    0    0    0    0
2015  3 17 10 19    13.28   -11.32    11.42    -564.4     77.98     30.70    20.296     526110    0    0    0    0    0
2015  3 17 10 20    13.21   -10.35    13.52    -565.8     83.34     41.50    19.816     532058    0    0    0    0    0
2015  3 17 10 21    13.55   -10.17    14.00    -570.7     88.51     49.82    18.695     536571    0    0    0    0    0
2015  3 17 10 22    14.35   -10.23    14.50    -571.9     90.41     53.83    17.759     529740    0    0    0    0    0
2015  3 17 10 23    14.87    -9.84    14.56    -573.4     92.57     52.63    17.761     496594    0    0    0    0    0
2015  3 17 10 24    14.84    -6.40    15.28    -574.7     97.99     46.11    18.450     498937    0    0    0    0    0
2015  3 17 10 25    14.34    -6.84    15.13    -581.0    101.02     38.24    19.885     521994    0    0    0    0    0
2015  3 17 10 26    14.12    -8.21    15.80    -584.5     99.02     40.89    19.407     528265    0    0    0    0    0
2015  3 17 10 27    14.33    -8.94    16.12    -581.8     96.96     41.61    19.129     515362    0    0    0    0    0
2015  3 17 10 28    14.86    -9.62    16.11    -579.4     93.83     41.01    19.041     504302    0    0    0    0    0
2015  3 17 10 29    15.70   -10.52    15.69    -579.0     89.27     40.66    19.014     504302    0    0    0    0    0
2015  3 17 10 30    15.99   -11.39    14.87    -578.5     86.39     39.69    18.477     503158    0    0    0    0    0
2015  3 17 10 31    15.82   -12.04    14.30    -577.8     82.96     37.29    17.581     501079    0    0    0    0    0
2015  3 17 10 32    15.73   -13.08    13.56    -576.8     76.55     32.81    17.592     514153    0    0    0    0    0
2015  3 17 10 33    15.46   -14.05    12.04    -576.8     69.85     27.58    17.627     554247    0    0    0    0    0
2015  3 17 10 34    15.33   -14.73    11.86    -578.3     57.82     22.30    17.584     547612    0    0    0    0    0
2015  3 17 10 35    15.28   -14.80    13.11    -583.0     46.53     18.46    17.152     496808    0    0    0    0    0
2015  3 17 10 36    15.52   -14.73    14.36    -584.5     43.24     12.26    16.833     472679    0    0    0    0    0
2015  3 17 10 37    15.45   -14.36    14.86    -583.6     48.12     13.44    16.866     479377    0    0    0    0    0
2015  3 17 10 38    15.45   -13.98    14.41    -582.6     61.25     18.68    17.428     501784    0    0    0    0    0
2015  3 17 10 39    15.21   -11.76    13.69    -585.8     75.34     23.01    17.728     514446    0    0    0    0    0
2015  3 17 10 40    15.12   -11.49    13.49    -593.2     79.00     22.79    17.151     542507    0    0    0    0    0
2015  3 17 10 41    15.10   -12.58    12.54    -595.9     77.98     14.57    17.547     565529    0    0    0    0    0
2015  3 17 10 42    14.69   -12.20    10.72    -597.0     75.94      8.46    18.521     605755    0    0    0    0    0
2015  3 17 10 43    14.03   -11.56    10.24    -595.7     75.77      9.31    19.427     627142    0    0    0    0    0
2015  3 17 10 44    13.88   -11.19    10.34    -591.7     73.22      3.58    19.956     619262    0    0    0    0    0
2015  3 17 10 45    14.23   -11.48    11.35    -586.5     70.56      1.04    19.842     571979    0    0    0    0    0
2015  3 17 10 46    15.00   -10.42    12.09    -583.5     68.78      1.19    19.113     538942    0    0    0    0    0
2015  3 17 10 47    15.75    -9.88    12.54    -580.8     67.00      2.32    18.223     526336    0    0    0    0    0
2015  3 17 10 48    16.10   -10.74    12.83    -580.6     64.63      3.29    17.738     525251    0    0    0    0    0
2015  3 17 10 49    15.37   -11.30    12.97    -586.5     66.38      2.71    18.467     612000    0    0    0    0    0
2015  3 17 10 50    13.25   -12.08    12.49    -589.5     68.97      5.48    20.055     705577    0    0    0    0    0
2015  3 17 10 51    11.66   -12.68    11.52    -598.1     66.24      5.69    21.252     721008    0    0    0    0    0
2015  3 17 10 52    10.62   -13.57    10.50    -602.4     61.73      2.86    21.474     733662    0    0    0    0    0
2015  3 17 10 53    10.39   -13.93     9.91    -602.2     61.33      4.96    21.097     738583    0    0    0    0    0
2015  3 17 10 54     9.91   -14.88     9.81    -602.9     64.69      7.21    20.372     725757    0    0    0    0    0
2015  3 17 10 55    10.32   -14.96     9.75    -602.1     69.15      7.15    19.876     707300    0    0    0    0    0
2015  3 17 10 56    11.48   -14.78    10.23    -601.6     78.57      7.55    19.495     691839    0    0    0    0    0
2015  3 17 10 57    12.00   -14.13    10.84    -596.6     87.60     17.35    19.265     686489    0    0    0    0    0
2015  3 17 10 58    12.14   -13.21    11.36    -589.3     95.29     31.24    19.102     685151    0    0    0    0    0
2015  3 17 10 59    11.87   -13.21    12.13    -588.2    107.28     31.22    18.652     658069    0    0    0    0    0
2015  3 17 11  0    11.80   -13.32    12.86    -586.2    123.16     35.66    18.648     655699    0    0    0    0    0
2015  3 17 11  1    12.23   -13.08    13.03    -586.6    129.45     40.68    18.932     671211    0    0    0    0    0
2015  3 17 11  2    12.80   -11.64    12.91    -586.1    128.43     38.11    19.613     701699    0    0    0    0    0
2015  3 17 11  3    12.91   -10.69    12.97    -582.6    126.28     40.44    20.079     731227    0    0    0    0    0
2015  3 17 11  4    12.87   -10.26    12.96    -578.6    124.29     44.17    20.714     775231    0    0    0    0    0
2015  3 17 11  5    12.78   -10.15    12.76    -574.9    123.34     47.29    21.512     830226    0    0    0    0    0
2015  3 17 11  6    12.67    -9.76    12.25    -572.4    126.51     49.74    21.512     841463    0    0    0    0    0
2015  3 17 11  7    12.58    -9.40    12.16    -572.2    130.43     55.99    20.963     841838    0    0    0    0    0
2015  3 17 11  8    12.25    -7.85    13.14    -572.1    141.55     60.79    20.123     761790    0    0    0    0    0
2015  3 17 11  9     9.80    -2.75    15.08    -572.9    145.67     61.28    19.494     750085    0    0    0    0    0
2015  3 17 11 10     7.27     2.59    17.46    -588.1    168.30     59.72    22.043     735358    1    1    1    2    2
2015  3 17 11 11     5.18     6.29    16.47    -590.7    175.49     55.90    23.597     726378    1    1    1    2    2
2015  3 17 11 12     4.62     4.06    18.28    -595.4    181.81     52.84    25.192     716605    0    1    1    1    2
2015  3 17 11 13     3.54    12.95    12.66    -606.5    188.97     40.15    25.882     711326    0    0    0    0    2
2015  3 17 11 14     1.57    18.43     6.18    -609.7    197.70     31.76    25.979     756154    0    0    0    0    0
2015  3 17 11 15     0.15    20.81     3.33    -609.1    195.91     30.96    26.084     837628    0    0    0    0    0
2015  3 17 11 16    -0.53    20.73     3.17    -607.9    191.76     30.88    25.716     837628    0    0    0    0    0
2015  3 17 11 17    -1.09    20.49     1.98    -606.4    195.05     32.81    24.488     837628    0    0    0    0    0
2015  3 17 11 18    -2.01    20.74    -0.12    -605.5    194.02     33.89    23.425     839649    0    0    0    0    0
2015  3 17 11 19    -2.22    20.79    -0.92    -605.3    192.89     34.60    23.635     862007    0    0    0    0    0
2015  3 17 11 20    -2.07    20.67    -0.48    -602.2    192.17     34.89    24.726     864927    0    0    0    0    0
2015  3 17 11 21    -1.98    20.17     0.05    -601.2    194.73     34.77    26.015     844521    0    0    0    0    0
2015  3 17 11 22    -2.07    19.68     0.62    -601.3    198.46     34.18    27.021     795503    0    0    0    0    0
2015  3 17 11 23    -2.25    19.77     1.12    -601.4    199.05     32.45    27.295     775835    0    0    0    0    0
2015  3 17 11 24    -2.34    20.06     2.41    -601.6    197.32     31.23    27.354     775678    0    0    0    0    0
2015  3 17 11 25    -2.32    19.93     3.32    -601.4    198.75     32.21    27.579     790719    0    0    0    0    0
2015  3 17 11 26    -2.32    19.66     5.21    -601.3    200.80     34.54    27.770     799652    0    0    0    0    0
2015  3 17 11 27    -2.48    17.63     8.10    -601.9    203.23     38.46    28.017     832181    0    0    0    0    0
2015  3 17 11 28    -3.84    13.13    12.76    -607.2    202.76     45.88    28.581    1046604    0    0    0    0    0
2015  3 17 11 29    -5.02     9.94    14.92    -604.8    195.11     47.92    27.378    1051275    0    0    0    0    0
2015  3 17 11 30    -5.05     6.30    16.80    -603.0    185.10     52.23    25.069    1032592    0    0    0    0    0
2015  3 17 11 31    -3.88     0.95    17.55    -600.7    179.70     55.20    24.397     959154    0    0    0    0    0
2015  3 17 11 32    -2.27    -4.40    17.53    -599.6    177.84     56.23    24.398     889699    0    0    0    0    0
2015  3 17 11 33    -1.37    -6.65    17.69    -597.1    178.19     56.29    24.547     867070    0    0    0    0    1
2015  3 17 11 34    -0.87    -7.11    18.04    -593.4    180.37     56.86    25.063     872803    0    0    0    0    2
2015  3 17 11 35     0.26    -7.49    17.97    -593.0    185.62     59.49    26.392     899210    0    0    0    0    2
2015  3 17 11 36     1.26    -5.19    18.60    -593.0    186.31     62.65    27.018     925895    0    0    0    0    2
2015  3 17 11 37     1.51    -6.66    18.58    -593.9    184.68     62.50    26.139     954004    0    0    0    0    1
2015  3 17 11 38     1.72    -9.64    18.52    -593.4    181.82     57.51    24.055     973984    0    0    0    0    0
2015  3 17 11 39     2.00   -10.93    18.18    -593.0    184.61     51.23    22.651     974269    0    0    0    0    1
2015  3 17 11 40     2.51    -9.41    17.33    -593.7    195.53     51.47    24.107     969991    0    0    0    0    2
2015  3 17 11 41     1.92    -3.01    15.59    -595.4    203.57     50.69    26.879     951593    0    0    0    0    2
2015  3 17 11 42     1.24     2.63    10.95    -597.3    203.05     43.83    26.492     942434    0    0    0    0    1
2015  3 17 11 43     0.44     2.99     8.30    -598.1    197.48     41.02    24.777     942434    0    0    0    0    0
2015  3 17 11 44    -0.14     3.21     7.84    -597.5    194.49     38.87    23.347     928601    0    0    0    0    0
2015  3 17 11 45    -0.37     3.03     7.57    -597.7    195.71     35.10    23.372     899834    0    0    0    0    0
2015  3 17 11 46    -2.37     9.10     7.32    -600.1    202.14     24.26    24.218     874403    0    0    0    0    0
2015  3 17 11 47    -3.51    16.31     4.60    -603.4    206.53     16.86    23.996     854562    0    0    0    0    0
2015  3 17 11 48    -0.16    17.95     0.73    -602.1    206.44     13.46    22.229     796762    0    1    1    0    0
2015  3 17 11 49     1.24    18.71    -0.55    -599.2    205.19     10.87    21.566     774510    0    1    1    0    0
2015  3 17 11 50    -0.36    20.01    -0.35    -595.8    203.35      8.89    21.353     774510    0    1    1    0    0
2015  3 17 11 51    -3.42    21.76     0.05    -592.9    201.21      7.46    20.560     761217    0    0    0    0    0
2015  3 17 11 52    -4.32    21.92     0.40    -594.4    198.33      7.49    17.998     681448    0    0    0    0    0
2015  3 17 11 53    -5.21    21.64     1.09    -598.7    195.16      6.21    16.233     629210    0    0    0    0    0
2015  3 17 11 54    -5.00    21.28     1.12    -597.0    192.57      1.50    16.039     629422    0    1    1    0    0
2015  3 17 11 55    -4.65    20.94     0.63    -594.2    191.33     -4.38    16.090     632319    0    1    1    0    0
2015  3 17 11 56    -4.47    20.58     0.16    -590.7    193.42     -6.55    16.216     640676    0    1    1    0    0
2015  3 17 11 57    -5.48    20.58     0.50    -588.0    190.87     -9.06    16.438     656625    0    1    1    0    0
2015  3 17 11 58    -5.64    21.11     0.54    -586.3    188.97    -10.81    16.729     677026    0    0    0    0    0
2015  3 17 11 59    -4.96    23.00    -1.67    -586.1    188.11    -11.83    17.868     728238    0    0    0    0    0
2015  3 17 12  0    -5.07    23.44    -3.32    -587.8    185.16     -7.55    18.142     740152    0    0    0    0    0
2015  3 17 12  1    -5.46    22.87    -4.17    -587.6    189.37     -8.18    18.182     723778    0    0    0    0    0
2015  3 17 12  2    -5.02    22.30    -4.11    -589.8    191.70     -7.36    18.538     721655    0    0    0    0    0
2015  3 17 12  3    -5.67    22.20    -3.34    -595.2    188.24     -6.40    18.812     740372    0    0    0    0    0
2015  3 17 12  4    -6.83    22.12    -1.48    -594.4    189.33     -7.00    18.656     719584    0    0    0    0    0
2015  3 17 12  5    -6.91    22.23     0.52    -591.8    192.04     -8.39    18.393     660910    0    0    0    0    0
2015  3 17 12  6    -6.88    22.45     0.09    -587.1    189.46    -10.65    18.338     637099    0    0    0    0    0
2015  3 17 12  7    -6.53    22.56    -1.31    -583.3    185.40    -11.38    18.351     628413    0    0    0    0    0
2015  3 17 12  8    -6.31    22.63    -2.32    -580.8    183.39    -13.09    18.701     626124    0    0    0    0    0
2015  3 17 12  9    -5.77    22.67    -2.96    -580.1    184.57    -15.12    19.059     626124    0    0    0    0    0
2015  3 17 12 10    -5.14    22.72    -3.49    -580.1    184.25    -14.93    19.057     642067    0    0    0    0    0
2015  3 17 12 11    -5.82    22.94    -2.88    -580.4    180.41    -13.30    19.018     681682    0    0    0    0    0
2015  3 17 12 12    -6.57    23.12    -2.16    -585.3    179.45    -11.06    18.469     708425    0    0    0    0    0
2015  3 17 12 13    -5.62    23.14    -2.02    -588.8    176.97     -7.99    18.101     709614    0    0    0    0    0
2015  3 17 12 14    -4.96    23.35    -1.52    -588.0    175.87     -7.77    17.726     677606    0    0    0    0    0
2015  3 17 12 15    -4.95    23.33    -1.21    -587.8    178.56    -11.68    17.764     661715    0    0    0    0    0
2015  3 17 12 16    -5.49    22.74     1.04    -586.7    178.11    -18.12    18.189     660317    0    0    0    0    0
2015  3 17 12 17    -5.57    22.65     1.38    -588.3    169.42    -20.57    18.263     667031    0    0    0    0    0
2015  3 17 12 18    -4.56    23.39     0.56    -589.1    158.96    -18.34    18.090     667579    0    0    0    0    0
2015  3 17 12 19    -3.17    23.44    -0.81    -592.1    159.32    -17.86    17.661     654591    0    0    0    0    0
2015  3 17 12 20    -3.13    23.47    -3.69    -590.9    162.84    -15.73    16.550     654591    0    0    0    0    0
2015  3 17 12 21    -3.56    23.98    -5.16    -583.2    164.87    -11.78    15.875     654591    0    0    0    0    0
2015  3 17 12 22    -4.01    24.31    -6.83    -577.2    166.21     -9.08    15.032     636882    0    0    0    0    0
2015  3 17 12 23    -4.54    24.21    -9.12    -574.6    165.74     -8.87    13.956     589952    0    0    0    0    0
2015  3 17 12 24    -5.18    23.72   -12.96    -574.2    161.88     -8.59    13.609     590083    0    0    0    0    0
2015  3 17 12 25    -5.78    22.56   -14.97    -574.3    155.30     -8.81    12.775     591517    0    0    0    0    0
2015  3 17 12 26    -5.97    22.24   -15.35    -573.5    149.78    -10.13    12.220     591692    0    0    0    0    0
2015  3 17 12 27    -6.29    22.06   -15.54    -572.2    147.45    -12.70    12.176     591692    0    0    0    0    0
2015  3 17 12 28    -6.28    22.05   -15.76    -571.0    145.41    -16.28    12.174     591692    0    0    0    0    0
2015  3 17 12 29    -6.99    22.61   -16.19    -573.6    135.48    -20.26    12.755     684442    0    0    0    0    0
2015  3 17 12 30    -7.23    23.00   -16.09    -571.5    128.96    -22.00    13.448     684442    0    0    0    0    0
2015  3 17 12 31    -7.15    22.19   -15.64    -572.8    121.28    -39.39    16.896     685943    0    0    0    0    0
2015  3 17 12 32    -7.55    20.93   -15.91    -572.3    114.98    -40.17    16.983     685943    0    0    0    0    0
2015  3 17 12 33    -7.50    20.86   -15.98    -572.0    108.84    -40.19    16.976     694741    0    0    0    0    0
2015  3 17 12 34    -7.59    20.84   -16.45    -572.3    110.63    -40.00    16.860     766143    0    0    0    0    0
2015  3 17 12 35    -7.59    20.80   -16.47    -573.3    111.87    -38.90    16.598     768007    0    0    0    0    0
2015  3 17 12 36    -7.81    20.56   -17.40    -574.0    116.11    -39.46    15.959     745508    0    0    0    0    0
2015  3 17 12 37    -7.98    19.16   -18.58    -579.6    121.92    -32.50    14.469     662326    0    0    0    0    0
2015  3 17 12 38    -8.06    17.57   -20.15    -580.4    126.32    -22.56    13.776     598083    0    0    0    0    0
2015  3 17 12 39    -8.18    18.03   -20.64    -579.1    130.30    -22.72    13.403     551190    0    0    0    0    0
2015  3 17 12 40    -8.34    18.62   -20.92    -576.8    134.21    -24.64    12.811     525900    0    0    0    0    0
2015  3 17 12 41    -8.19    18.24   -21.64    -577.8    139.15    -29.56    11.948     513700    0    0    0    0    0
2015  3 17 12 42    -8.13    17.32   -22.95    -579.7    141.69    -27.12    11.656     503192    0    0    0    0    0
2015  3 17 12 43    -8.31    16.93   -23.26    -579.1    140.42    -24.75    11.742     504346    0    0    0    0    0
2015  3 17 12 44    -8.56    16.92   -23.11    -577.9    141.43    -24.83    12.070     514062    0    0    0    0    0
2015  3 17 12 45    -8.56    17.28   -22.70    -575.2    143.37    -26.92    12.597     536708    0    0    0    0    0
2015  3 17 12 46    -8.58    18.37   -21.68    -574.6    141.60    -29.80    13.124     568475    0    0    0    0    0
2015  3 17 12 47    -8.55    18.37   -21.25    -576.5    136.28    -36.54    13.573     573113    0    0    0    0    0
2015  3 17 12 48    -8.21    17.16   -21.74    -579.4    133.40    -40.01    13.312     575764    0    0    0    0    1
2015  3 17 12 49    -7.63    15.51   -22.70    -581.5    132.37    -39.63    12.509     575532    0    0    0    0    2
2015  3 17 12 50    -7.04    14.32   -23.81    -582.8    132.01    -37.76    12.085     575062    0    1    1    1    2
2015  3 17 12 51    -6.85    13.88   -23.71    -582.8    129.20    -37.42    12.076     574632    0    1    1    2    2
2015  3 17 12 52    -6.99    13.59   -23.24    -583.9    121.01    -45.93    12.063     574175    0    1    1    2    2
2015  3 17 12 53    -7.00    13.54   -22.95    -586.2    114.54    -52.25    12.049     573694    0    1    1    2    2
2015  3 17 12 54    -7.19    12.90   -22.70    -586.4    108.36    -57.26    12.037     573253    0    1    1    2    2
2015  3 17 12 55    -7.39    12.68   -22.74    -585.5    101.21    -61.71    12.022     569554    0    1    1    1    1
2015  3 17 12 56    -8.17    12.53   -23.03    -583.6    100.24    -61.61    11.987     547299    0    0    0    0    0
2015  3 17 12 57    -8.55    11.90   -23.56    -581.3    102.56    -60.32    11.925     520238    0    0    0    0    0
2015  3 17 12 58    -8.55    11.21   -24.12    -578.7    104.08    -55.49    11.842     498332    0    0    0    0    0
2015  3 17 12 59    -8.60    10.92   -24.74    -576.5    103.74    -48.05    11.771     485948    0    0    0    0    0
2015  3 17 13  0    -8.83    11.53   -25.64    -576.0    106.81    -46.63    11.810     487654    0    0    0    0    0
2015  3 17 13  1    -8.89    14.19   -25.43    -574.5    119.19    -39.80    12.001     494739    0    0    0    0    0
2015  3 17 13  2    -8.82    16.57   -23.62    -575.3    130.88    -27.91    12.534     493665    0    0    0    0    0
2015  3 17 13  3    -8.70    18.34   -21.75    -572.9    137.60    -18.96    13.173     484602    0    0    0    0    0
2015  3 17 13  4    -8.61    24.96   -12.39    -572.8    137.59      0.73    18.441     286507    0    0    0    0    0
2015  3 17 13  5    -8.47    26.28   -10.12    -573.4    134.40      4.70    18.814     275666    0    1    1    1    1
2015  3 17 13  6    -7.89    26.95    -8.88    -575.9    132.38     -4.40    18.101     267034    0    1    1    2    2
2015  3 17 13  7    -7.69    27.57    -7.21    -576.7    132.02    -11.81    17.432     260993    0    1    1    1    1
2015  3 17 13  8    -7.55    27.26    -8.63    -576.7    132.43    -16.17    16.931     265362    0    1    1    0    0
2015  3 17 13  9    -7.22    27.81    -8.81    -574.9    134.15    -14.63    16.811     279564    0    0    0    0    0
2015  3 17 13 10    -8.16    27.24   -11.40    -573.1    133.08    -18.08    16.801     279428    0    0    0    0    0
2015  3 17 13 11    -7.09    28.03   -10.34    -573.6    127.54    -12.43    16.495     271657    0    0    0    0    0
2015  3 17 13 12    -6.39    30.38    -6.62    -572.3    123.45    -13.32    16.490     271657    0    0    0    0    0
2015  3 17 13 13    -6.38    30.39    -6.64    -574.3    125.09    -14.12    16.776     272381    0    0    0    0    0
2015  3 17 13 14    -7.29    29.08    -9.20    -579.1    125.31    -24.96    17.867     279805    0    0    0    0    0
2015  3 17 13 15    -8.67    27.96   -11.07    -581.4    125.96    -31.96    18.324     279805    0    0    0    0    0
2015  3 17 13 16    -9.24    26.70   -13.71    -581.9    124.29    -35.85    18.964     243944    0    0    0    0    0
2015  3 17 13 17    -9.41    24.92   -15.65    -578.8    117.26    -36.05    21.509     213516    0    0    0    0    0
2015  3 17 13 18    -9.50    22.46   -17.03    -573.2    106.71    -33.80    25.391     214117    0    0    0    0    0
2015  3 17 13 19    -9.50    20.91   -17.10    -568.0     84.45    -20.17    31.618     232129    0    0    0    0    0
2015  3 17 13 20    -9.50    20.13   -17.25    -565.2     74.62    -12.94    34.570     240786    0    0    0    0    0
2015  3 17 13 21    -9.41    20.52   -16.87    -565.5     76.42    -10.42    34.799     241964    0    0    0    0    0
2015  3 17 13 22    -9.30    21.01   -16.24    -566.9     80.06     -7.53    32.432     250315    0    0    0    0    0
2015  3 17 13 23    -8.99    21.93   -15.42    -567.5     84.73     -6.41    26.832     267684    0    0    0    0    0
2015  3 17 13 24    -8.11    24.12   -14.64    -567.5     88.73     -6.83    21.302     286915    0    0    0    0    0
2015  3 17 13 25    -7.52    25.05   -14.42    -565.6     89.88     -6.54    19.558     304647    0    0    0    0    0
2015  3 17 13 26    -7.31    25.00   -14.63    -564.6     89.66     -5.85    19.520     313743    0    0    0    0    0
2015  3 17 13 27    -7.88    24.45   -14.94    -564.7     88.78     -5.77    20.044     302697    0    0    0    0    0
2015  3 17 13 28    -8.51    23.93   -15.24    -566.2     86.83     -6.02    21.341     291652    0    0    0    0    0
2015  3 17 13 29    -4.58    24.80   -10.07    -577.5     67.09    -17.65    27.989     284347    0    0    0    0    0
2015  3 17 13 30    -0.78    22.58    -5.95    -580.1     68.23    -32.75    30.519     242762    0    0    0    0    0
2015  3 17 13 31     0.22    21.67    -3.09    -580.6     69.34    -35.48    36.840     199974    0    0    0    0    0
2015  3 17 13 32     0.31    22.52    -3.45    -580.9     68.05    -36.42    43.386     176256    0    0    0    0    0
2015  3 17 13 33     0.80    24.87    -2.92    -582.3     60.22    -33.98    44.594     141890    0    0    0    0    0
2015  3 17 13 34     1.15    26.45    -1.66    -585.3     57.52    -34.53    45.064     107523    0    0    0    0    0
2015  3 17 13 35    10.07    27.90     9.24    -608.3     45.68    -41.12    24.762      73157    0    0    0    0    0
2015  3 17 13 36    10.31    28.18     9.92    -604.5     43.00    -40.83    24.848      65652    0    0    0    0    0
2015  3 17 13 37     9.79    28.31     9.74    -600.3     40.48    -39.83    25.500      64151    0    0    0    0    0
2015  3 17 13 38     8.34    28.56     8.53    -596.1     38.31    -37.19    26.543      66283    0    0    0    0    0
2015  3 17 13 39     6.12    29.10     5.98    -592.4     36.64    -33.80    27.627      70013    0    0    0    0    0
2015  3 17 13 40     4.25    29.98     1.65    -589.9     35.90    -34.16    27.609      69975    0    0    0    0    0
2015  3 17 13 41     0.77    28.26    -3.18    -586.0     41.23    -27.88    26.911      67680    0    0    0    0    0
2015  3 17 13 42    -0.30    26.59    -5.31    -584.8     42.92    -25.66    24.316      64910    0    0    0    0    0
2015  3 17 13 43    -0.85    26.04    -5.39    -584.6     48.76    -24.44    21.577      64073    0    0    0    0    0
2015  3 17 13 44    -0.94    26.66    -5.10    -583.5     51.12    -22.38    22.216      68473    0    0    0    0    0
2015  3 17 13 45    -0.77    27.77    -4.69    -580.7     50.75    -21.94    27.502      79188    0    0    0    0    0
2015  3 17 13 46    -1.36    28.67    -5.31    -577.2     50.53    -20.37    35.144      91829    0    0    0    0    0
2015  3 17 13 47    -3.30    28.86    -8.05    -574.1     51.51    -14.58    43.010     101716    0    0    0    0    0
2015  3 17 13 48    -3.57    28.90    -9.48    -571.2     57.19    -11.62    47.446     101716    0    0    0    0    0
2015  3 17 13 49    -5.71    26.63   -13.30    -570.8     65.91     -7.91    47.964      98148    0    0    0    0    0
2015  3 17 13 50    -9.66    24.17   -17.37    -571.2     68.69     -7.28    32.548      89483    0    0    0    0    0
2015  3 17 13 51    -9.99    23.92   -17.77    -570.8     68.89     -7.92    30.803      87463    0    0    0    0    0
2015  3 17 13 52   -10.00    24.32   -17.70    -570.3     68.13     -8.78    30.948      86291    0    0    0    0    0
2015  3 17 13 53    -9.57    24.73   -17.78    -568.9     68.46     -8.90    31.541      77404    0    0    0    0    0
2015  3 17 13 54    -9.58    25.34   -17.28    -567.9     68.69     -8.19    31.722      70870    0    0    0    0    0
2015  3 17 13 55    -9.38    26.12   -16.82    -567.4     69.29     -5.84    28.747      68441    0    0    0    0    0
2015  3 17 13 56    -9.24    26.42   -16.81    -567.2     73.54     -7.10    25.831      68028    0    0    0    0    0
2015  3 17 13 57    -9.93    23.46   -19.50    -567.2     79.47     -9.21    23.793      67088    0    0    0    0    0
2015  3 17 13 58   -10.90    18.95   -22.15    -567.0     85.28    -18.01    23.039      64507    0    0    0    0    0
2015  3 17 13 59   -11.36    16.48   -22.59    -566.6     93.40    -26.96    22.991      61776    0    0    0    0    0
2015  3 17 14  0   -11.25    16.08   -22.39    -567.0    103.80    -32.56    22.577      60796    0    0    0    0    0
2015  3 17 14  1   -10.25    19.28   -22.21    -566.4    112.67    -34.17    20.964      68996    0    0    0    0    0
2015  3 17 14  2    -9.35    22.45   -21.67    -565.0    122.72    -37.94    19.909      79526    0    0    0    0    0
2015  3 17 14  3    -8.98    23.77   -21.07    -564.2    128.85    -38.49    19.796      86991    0    0    0    0    0
2015  3 17 14  4    -9.66    23.59   -21.69    -564.0    128.81    -33.52    20.947      90470    0    0    0    0    0
2015  3 17 14  5   -10.40    22.95   -22.27    -563.9    120.96    -29.68    22.754      94247    0    0    0    0    0
2015  3 17 14  6   -10.74    22.25   -21.87    -563.5    110.92    -25.91    23.323      99876    0    0    0    0    0
2015  3 17 14  7   -11.75    20.87   -21.92    -563.6    109.99    -22.44    22.675     101850    0    0    0    0    0
2015  3 17 14  8   -12.31    20.14   -21.56    -565.6    110.60    -23.51    21.282      91232    0    0    0    0    0
2015  3 17 14  9   -12.21    18.44   -21.81    -571.9     95.26    -21.73    18.793      61097    0    0    0    0    0
2015  3 17 14 10   -11.78    20.23   -20.16    -576.4     93.62     -9.64    18.715      40455    0    0    0    0    0
2015  3 17 14 11   -10.82    22.45   -18.79    -574.3     90.66    -12.30    19.672      37390    0    0    0    0    0
2015  3 17 14 12   -10.36    24.30   -17.23    -572.1     87.27    -35.31    20.730      37390    0    0    0    0    0
2015  3 17 14 13    -9.08    26.59   -16.51    -570.8     83.64    -36.44    21.101      38381    0    0    0    0    0
2015  3 17 14 14    -8.78    26.54   -16.85    -570.0     73.83    -23.85    20.247      42291    0    0    0    0    0
2015  3 17 14 15    -7.81    27.06   -16.94    -568.2     66.80    -21.17    18.841      46380    0    0    0    0    0
2015  3 17 14 16    -7.61    26.90   -17.64    -568.1     64.73    -19.94    18.178      48210    0    0    0    0    0
2015  3 17 14 17    -7.60    26.69   -17.89    -568.7     66.74    -19.08    15.966      48457    0    0    0    0    0
2015  3 17 14 18    -7.35    26.59   -18.78    -568.9     69.49    -17.95    13.739      48476    0    0    0    0    0
2015  3 17 14 19    -6.77    26.69   -18.88    -569.2     72.49    -17.63    13.383      44502    0    0    0    0    0
2015  3 17 14 20    -5.59    27.49   -18.17    -570.0     73.08    -20.43    14.027      38822    0    0    0    0    0
2015  3 17 14 21    -4.82    27.35   -17.89    -571.1     75.99    -13.25    14.919      34645    0    0    0    0    0
2015  3 17 14 22    -4.68    26.77   -18.55    -572.2     79.46    -12.31    15.093      34260    0    0    0    0    0
2015  3 17 14 23    -4.99    26.31   -18.86    -572.3     78.98    -22.95    14.351      34619    0    0    0    0    0
2015  3 17 14 24    -5.18    26.14   -19.12    -572.3     86.89    -23.73    14.178      34631    0    0    0    0    0
2015  3 17 14 25    -5.23    26.45   -18.51    -574.7     84.88    -22.97    14.230      32797    0    0    0    0    0
2015  3 17 14 26    -5.39    26.51   -18.22    -578.3     66.33    -16.70    14.762      33800    0    0    0    0    0
2015  3 17 14 27    -5.86    26.09   -18.13    -579.4     62.30    -18.13    14.785      37081    0    0    0    0    0
2015  3 17 14 28    -6.44    25.14   -18.52    -583.9     71.81    -31.29    16.380      38981    0    0    0    0    0
2015  3 17 14 29    -8.52    23.63   -18.94    -592.2     74.38    -44.05    19.327      38271    0    0    0    0    0
2015  3 17 14 30   -10.48    22.04   -19.41    -594.3     69.46    -43.32    19.444      34236    0    0    0    0    0
2015  3 17 14 31   -10.13    21.97   -18.70    -593.9     67.69    -41.91    19.366      34343    0    0    0    0    0
2015  3 17 14 32   -10.12    21.79   -18.73    -592.5     66.00    -41.12    18.852      34862    0    0    0    0    0
2015  3 17 14 33   -10.16    21.13   -18.95    -592.3     62.61    -40.55    17.494      35864    0    0    0    0    0
2015  3 17 14 34   -10.09    21.28   -18.69    -591.9     64.49    -39.89    17.746      36322    0    0    0    0    0
2015  3 17 14 35    -9.71    21.53   -18.47    -592.6     70.93    -38.71    19.261      38378    0    0    0    0    0
2015  3 17 14 36    -9.93    21.03   -18.67    -594.8     70.47    -36.04    22.619      50676    0    0    0    0    0
2015  3 17 14 37   -10.12    20.44   -18.90    -595.1     68.47    -34.76    25.401      61901    0    0    0    0    0
2015  3 17 14 38    -9.33    20.96   -18.40    -594.1     66.39    -33.42    27.561      70402    0    0    0    0    0
2015  3 17 14 39    -7.63    21.98   -17.29    -592.1     66.55    -31.84    29.030      75204    0    0    0    0    0
2015  3 17 14 40    -7.90    21.81   -17.43    -592.4     67.69    -31.30    29.181      75322    0    0    0    0    0
2015  3 17 14 41    -9.41    20.66   -18.23    -592.9     68.23    -31.09    29.048      75345    0    0    0    0    0
2015  3 17 14 42    -8.91    20.99   -18.37    -594.3     68.77    -31.42    28.685      75472    0    0    0    0    0
2015  3 17 14 43    -7.39    21.98   -18.48    -594.7     69.22    -31.92    28.720      75931    0    0    0    0    0
2015  3 17 14 44    -6.85    22.08   -18.71    -594.7     70.22    -32.19    30.259      78352    0    0    0    0    0
2015  3 17 14 45    -6.81    21.93   -19.03    -592.8     70.61    -32.60    32.712      82239    0    0    0    0    0
2015  3 17 14 46    -7.18    21.67   -19.18    -587.7     71.44    -32.36    33.116      83236    0    0    0    0    0
2015  3 17 14 47    -7.76    21.50   -19.15    -586.6     71.68    -32.30    33.126      83385    0    0    0    0    0
2015  3 17 14 48    -8.55    20.88   -19.14    -587.4     71.99    -32.95    32.557      81806    0    0    0    0    0
2015  3 17 14 49    -8.62    20.92   -18.90    -586.8     74.02    -33.49    30.643      81580    0    0    0    0    0
2015  3 17 14 50    -8.93    20.82   -18.86    -585.6     75.06    -33.11    28.688      81853    0    0    0    0    0
2015  3 17 14 51    -8.72    20.78   -19.09    -585.3     76.05    -33.07    27.312      81935    0    0    0    0    0
2015  3 17 14 52    -8.95    20.73   -19.18    -584.1     76.81    -34.57    26.830      81242    0    0    0    0    0
2015  3 17 14 53    -9.21    20.70   -19.08    -583.2     77.49    -35.20    26.740      78918    0    0    0    0    0
2015  3 17 14 54    -9.28    21.07   -18.99    -582.7     77.72    -35.24    26.736      77720    0    1    1    1    1
2015  3 17 14 55    -9.37    21.33   -18.90    -582.1     77.86    -31.88    26.705      77692    0    1    1    2    2
2015  3 17 14 56    -9.41    21.37   -18.87    -582.3     75.27    -29.04    26.651      77679    0    1    1    2    2
2015  3 17 14 57    -9.40    19.40   -20.01    -582.5     69.98    -32.56    26.593      77702    0    1    1    1    1
2015  3 17 14 58   -10.54    13.09   -20.86    -583.2     65.58    -35.42    26.465      78453    0    0    0    0    0
2015  3 17 14 59   -11.63     6.09   -20.64    -583.4     62.64    -30.66    26.024      79643    0    0    0    0    0
2015  3 17 15  0   -12.09     3.58   -20.35    -583.1     60.21    -27.89    25.455      80507    0    0    0    0    0
2015  3 17 15  1   -12.43     3.16   -20.30    -582.0     58.14    -33.91    25.110      80774    0    0    0    0    0
2015  3 17 15  2   -12.56     4.09   -20.23    -580.7     56.77    -39.94    25.003      80774    0    0    0    0    0
2015  3 17 15  3   -12.15     5.83   -19.68    -579.1     58.84    -38.83    24.909      81555    0    0    0    0    0
2015  3 17 15  4   -11.47     6.57   -18.90    -577.8     64.68    -34.97    24.554      83618    0    0    0    0    0
2015  3 17 15  5   -11.32     6.22   -18.26    -579.6     72.37    -35.89    23.443      86667    0    0    0    0    0
2015  3 17 15  6   -11.52     5.94   -17.64    -584.1     71.15    -36.63    20.772     134523    0    0    0    0    0
2015  3 17 15  7   -14.50     1.39   -18.07    -588.3     58.31    -34.33    20.813     183404    0    0    0    0    0
2015  3 17 15  8   -13.77     2.06   -18.00    -586.5     56.09    -32.40    26.005     189174    0    0    0    0    0
2015  3 17 15  9   -13.59     1.93   -17.38    -586.1     59.37    -34.15    27.585     189901    0    0    0    0    0
2015  3 17 15 10   -13.65     1.64   -16.92    -587.0     60.80    -35.12    27.661     194820    0    0    0    0    0
2015  3 17 15 11   -13.64     2.17   -16.61    -588.4     66.04    -36.95    27.167     203875    0    0    0    0    0
2015  3 17 15 12   -13.61     3.05   -16.94    -588.6     68.49    -37.33    26.246     204513    0    0    0    0    0
2015  3 17 15 13   -14.26     3.14   -17.13    -588.6     68.41    -37.64    26.146     202423    0    0    0    0    0
2015  3 17 15 14   -17.33    -5.61   -17.58    -588.6     60.97    -35.63    26.311     202273    0    0    0    0    0
2015  3 17 15 15   -17.82    -5.40   -17.69    -598.5     57.31    -40.93    28.452     221335    0    0    0    0    0
2015  3 17 15 16   -17.37    -4.92   -17.49    -600.2     55.02    -45.43    29.442     232448    0    1    1    1    1
2015  3 17 15 17   -19.92    -6.36   -17.25    -601.4     54.18    -45.38    28.728     227427    0    1    1    2    2
2015  3 17 15 18   -21.60    -7.47   -17.12    -601.8     54.66    -45.56    27.503     219615    0    1    1    2    2
2015  3 17 15 19   -21.78    -7.88   -17.04    -602.4     55.81    -46.00    26.270     211747    0    1    1    2    2
2015  3 17 15 20   -19.69    -5.85   -15.65    -599.2     56.38    -44.40    25.289     205491    1    1    1    2    2
2015  3 17 15 21   -17.98    -3.96   -14.60    -596.7     56.22    -42.22    24.260     198929    1    1    1    2    2
2015  3 17 15 22   -18.09    -3.62   -15.08    -597.7     54.82    -41.33    22.994     190853    1    1    1    2    2
2015  3 17 15 23   -18.18    -3.02   -15.60    -598.9     53.13    -40.61    21.734     182818    1    1    1    2    2
2015  3 17 15 24   -18.86    -3.27   -15.92    -600.3     49.76    -40.62    20.456     174663    1    1    1    2    2
2015  3 17 15 25   -19.95    -4.66   -15.98    -601.7     47.31    -41.50    19.165     166432    0    1    1    2    2
2015  3 17 15 26   -19.63    -5.25   -17.28    -600.5     46.41    -43.65    18.048     159303    0    1    1    2    2
2015  3 17 15 27   -19.52    -5.26   -18.18    -600.3     45.30    -45.17    16.874     151816    0    1    1    2    2
2015  3 17 15 28   -20.38    -5.43   -17.33    -601.5     44.18    -44.60    15.603     143710    0    1    1    2    2
2015  3 17 15 29   -21.07    -5.79   -16.25    -601.6     42.55    -39.78    14.970     134942    0    1    1    1    1
2015  3 17 15 30   -21.74    -6.23   -15.12    -600.8     40.46    -34.19    15.045     131382    0    0    0    0    0
2015  3 17 15 31   -22.57    -6.61   -14.19    -602.2     39.73    -31.74    15.132     131070    0    1    1    1    1
2015  3 17 15 32   -22.78    -6.30   -14.07    -600.1     40.60    -32.30    14.964     133480    0    1    1    2    2
2015  3 17 15 33   -22.70    -5.60   -14.58    -597.1     42.53    -32.56    14.744     136843    0    1    1    2    2
2015  3 17 15 34   -22.47    -4.77   -15.44    -594.8     44.79    -32.48    14.512     140390    0    1    1    2    2
2015  3 17 15 35   -22.11    -4.13   -16.06    -592.9     45.82    -33.09    14.290     143985    0    1    1    1    1
2015  3 17 15 36   -21.73    -3.82   -16.49    -591.3     46.33    -33.15    14.139     147598    0    1    1    1    1
2015  3 17 15 37   -20.45    -4.51   -17.63    -590.9     45.35    -33.84    14.135     151357    0    1    1    2    2
2015  3 17 15 38   -19.27    -5.91   -18.12    -590.1     42.63    -33.26    14.126     155082    0    1    1    2    2
2015  3 17 15 39   -19.27    -5.88   -17.68    -589.2     39.42    -32.53    14.117     158752    0    1    1    2    2
2015  3 17 15 40   -20.18    -4.71   -17.54    -592.5     37.85    -30.49    14.106     163451    0    1    1    2    2
2015  3 17 15 41   -20.01    -4.82   -18.09    -592.7     37.62    -28.43    14.097     167396    0    1    1    2    2
2015  3 17 15 42   -19.47    -5.69   -18.45    -592.7     39.63    -27.90    14.087     171293    0    1    1    2    2
2015  3 17 15 43   -19.65    -6.30   -18.10    -594.6     39.19    -28.62    14.076     175570    0    1    1    1    1
2015  3 17 15 44   -20.27    -6.21   -17.49    -595.1     38.59    -29.48    14.062     178831    0    0    0    0    0
2015  3 17 15 45   -20.27    -5.52   -17.51    -595.1     38.63    -30.58    14.022     180403    0    0    0    0    0
2015  3 17 15 46   -20.24    -4.26   -17.85    -594.9     36.56    -31.99    13.899     179074    0    0    0    0    0
2015  3 17 15 47   -20.18    -3.88   -18.07    -594.4     31.23    -32.89    13.728     175974    0    0    0    0    0
2015  3 17 15 48   -20.13    -4.26   -18.26    -593.6     31.69    -32.17    13.651     176493    0    0    0    0    0
2015  3 17 15 49   -20.17    -3.13   -18.11    -593.6     33.64    -30.00    13.488     178200    0    1    1    1    1
2015  3 17 15 50   -20.40     0.28   -17.62    -593.6     37.95    -27.26    13.399     178180    0    1    1    2    2
2015  3 17 15 51   -20.27    -0.87   -17.64    -593.4     38.87    -25.20    12.830     178093    0    1    1    2    2
2015  3 17 15 52   -20.29    -1.45   -17.50    -593.3     37.13    -24.85    12.247     178024    0    1    1    2    2
2015  3 17 15 53   -20.63    -2.03   -17.30    -593.5     36.66    -23.68    11.672     178277    0    1    1    1    1
2015  3 17 15 54   -21.24    -0.05   -16.46    -594.6     39.20    -22.53    11.272     182218    0    1    1    1    1
2015  3 17 15 55   -21.68     3.15   -15.87    -595.5     44.62    -19.34    11.245     193856    0    1    1    2    2
2015  3 17 15 56   -21.60     3.62   -15.76    -596.7     46.71    -13.36    11.176     205898    0    1    1    2    2
2015  3 17 15 57   -21.52     4.02   -15.54    -597.4     47.03     -7.30    11.110     217525    0    1    1    2    2
2015  3 17 15 58   -21.34     4.88   -15.38    -596.1     48.15     -2.42    11.050     226400    0    1    1    2    2
2015  3 17 15 59   -21.03     5.64   -15.20    -594.6     48.61      1.41    11.008     230952    0    1    1    1    1
2015  3 17 16  0   -20.75     6.03   -14.95    -593.6     49.01      1.71    11.008     229801    0    1    1    1    1
2015  3 17 16  1   -20.71     5.99   -14.85    -591.0     50.00      0.58    11.022     225401    0    1    1    2    2
2015  3 17 16  2   -20.25     6.29   -14.73    -592.4     53.93     -0.59    11.042     219861    0    1    1    2    2
2015  3 17 16  3   -19.83     6.44   -14.66    -592.7     55.49     -2.14    11.061     214659    0    1    1    2    2
2015  3 17 16  4   -19.63     6.44   -14.66    -588.8     56.25     -2.51    11.075     210639    0    1    1    2    2
2015  3 17 16  5   -19.66     4.26   -15.80    -589.1     44.81     -4.09    11.094     205466    0    1    1    2    2
2015  3 17 16  6   -19.78     3.68   -16.49    -590.4     44.49     -6.66    11.114     199881    0    1    1    2    2
2015  3 17 16  7   -19.77     4.45   -17.08    -590.6     45.71     -7.63    11.132     194770    0    1    1    2    2
2015  3 17 16  8   -19.70     4.18   -16.72    -592.0     51.50     -7.07    11.153     189186    1    1    1    2    2
2015  3 17 16  9   -19.78     4.70   -16.30    -593.0     54.75     -6.26    11.172     183798    1    1    1    2    2
2015  3 17 16 10   -19.56     4.44   -15.81    -594.4     55.81     -7.45    11.192     178246    1    1    1    2    2
2015  3 17 16 11   -20.22     7.60   -14.32    -595.9     57.89     -8.79    11.219     172191    0    1    1    1    1
2015  3 17 16 12   -21.24    10.17   -13.02    -599.8     63.40     -9.14    11.317     162048    0    0    0    0    0
2015  3 17 16 13   -21.41    10.60   -12.78    -602.3     65.86    -11.22    11.767     151540    0    0    0    0    0
2015  3 17 16 14   -20.07    10.70   -13.94    -602.8     68.18    -14.93    12.834     146029    0    0    0    0    0
2015  3 17 16 15   -19.73    10.56   -14.53    -598.2     67.37    -14.82    12.698     144972    0    0    0    0    0
2015  3 17 16 16   -19.94    10.08   -14.82    -592.4     65.22    -12.24    11.702     144712    0    0    0    0    0
2015  3 17 16 17   -20.47     8.48   -15.17    -588.5     62.94     -5.04     9.132     143413    0    0    0    0    0
2015  3 17 16 18   -20.80     8.31   -15.32    -587.7     61.90     -4.62     8.962     141973    0    0    0    0    0
2015  3 17 16 19   -20.56     8.46   -15.36    -587.8     65.26     -8.59     9.424     135555    0    0    0    0    0
2015  3 17 16 20   -19.30    10.23   -15.09    -587.5     67.55    -12.50     9.928     118797    0    0    0    0    0
2015  3 17 16 21   -18.43    12.19   -15.10    -586.7     69.40    -14.80    10.056     110591    0    0    0    0    0
2015  3 17 16 22   -17.86    12.82   -15.17    -587.0     69.90    -15.06    10.157     109358    0    1    1    1    1
2015  3 17 16 23   -17.03    12.82   -15.56    -586.0     72.20    -13.54     9.530     114598    0    1    1    2    2
2015  3 17 16 24   -15.84    12.42   -16.41    -585.1     73.11    -11.74     8.754     120922    0    1    1    2    2
2015  3 17 16 25   -15.54    12.32   -16.61    -585.3     71.96    -10.26     7.951     128153    0    1    1    1    1
2015  3 17 16 26   -16.49    12.82   -16.29    -585.0     71.22     -7.98     7.271     143951    0    0    0    0    0
2015  3 17 16 27   -17.19    14.06   -15.32    -584.8     70.95     -3.96     6.242     151405    0    0    0    0    0
2015  3 17 16 28   -17.13    14.81   -14.23    -585.2     73.17     -2.21     5.907     152275    0    0    0    0    0
2015  3 17 16 29   -17.04    15.40   -13.26    -586.3     74.51     -1.58     5.862     151235    0    0    0    0    0
2015  3 17 16 30   -17.55    15.74   -12.34    -586.2     73.87      0.49     5.430     150980    0    0    0    0    0
2015  3 17 16 31   -17.70    15.46   -12.42    -585.6     73.45      1.51     5.298     163349    0    1    1    1    1
2015  3 17 16 32   -17.37    15.22   -12.27    -585.3     73.13      0.51     6.120     180323    0    1    1    2    2
2015  3 17 16 33   -15.80    15.41   -11.54    -584.9     72.30     -1.49     7.190     197547    0    1    1    2    2
2015  3 17 16 34   -15.13    15.69   -11.09    -584.4     71.39     -3.72     8.446     202407    0    1    1    1    1
2015  3 17 16 35   -14.88    14.65   -11.62    -584.5     71.56     -6.72    11.669     143154    0    1    1    0    0
2015  3 17 16 36   -14.86    13.93   -12.34    -585.2     72.67     -9.41    13.624     117141    0    1    1    1    1
2015  3 17 16 37   -14.64    12.14   -13.11    -582.7     69.18    -12.28    14.828     117720    0    2    2    2    2
2015  3 17 16 38   -14.90    10.49   -13.65    -579.2     64.08    -15.29    16.088     118491    0    2    2    2    2
2015  3 17 16 39   -15.64     9.66   -13.92    -575.7     58.99    -18.29    17.342     119260    0    2    2    2    2
2015  3 17 16 40   -15.85     9.34   -14.27    -572.2     53.96    -21.26    18.586     120022    0    2    2    2    2
2015  3 17 16 41   -14.27     6.81   -15.88    -568.7     48.91    -24.24    19.830     120785    0    2    2    2    2
2015  3 17 16 42    -8.69     1.78   -20.33    -567.1     46.20    -26.15    20.044     132085    0    1    1    1    1
2015  3 17 16 43    -5.49    -2.39   -22.63    -567.3     45.55    -27.40    19.635     153743    0    1    1    0    0
2015  3 17 16 44    -5.53    -3.18   -21.46    -570.2     47.40    -28.21    19.423     167992    0    1    1    0    0
2015  3 17 16 45    -8.66    -4.11   -20.32    -574.4     50.94    -28.44    18.893     175379    0    1    1    0    0
2015  3 17 16 46    -9.01    -3.68   -20.35    -575.2     54.69    -26.35    14.220     194078    0    1    1    0    0
2015  3 17 16 47   -10.58    -1.98   -20.70    -576.4     56.34    -26.72    12.977     194078    0    1    1    0    0
2015  3 17 16 48   -11.53     0.37   -21.23    -575.1     57.22    -26.04    12.118     203142    0    1    1    0    0
2015  3 17 16 49   -11.71     1.25   -21.23    -570.8     57.00    -21.88    11.993     252579    0    1    1    0    0
2015  3 17 16 50   -12.33     2.22   -20.85    -569.2     57.60    -21.11    11.961     260819    0    1    1    0    0
2015  3 17 16 51   -12.23     3.04   -20.73    -568.4     58.63    -23.12    12.032     233264    0    1    1    0    0
2015  3 17 16 52   -12.16     3.70   -20.72    -566.6     58.77    -24.28    12.066     223080    0    1    1    0    0
2015  3 17 16 53   -12.38     4.13   -20.57    -565.0     58.38    -23.66    12.050     234089    0    1    1    0    0
2015  3 17 16 54   -12.47     4.60   -20.27    -564.3     57.90    -22.85    12.017     244430    0    1    1    0    0
2015  3 17 16 55   -12.24     5.13   -19.82    -564.2     57.43    -23.76    12.005     219535    0    1    1    0    0
2015  3 17 16 56   -12.15     5.96   -19.01    -564.8     57.53    -25.64    12.611     168919    0    1    1    1    1
2015  3 17 16 57   -11.77     7.08   -17.40    -565.4     58.34    -27.36    13.935     125094    0    2    2    2    2
2015  3 17 16 58   -11.12     6.96   -16.46    -566.1     59.23    -29.02    15.336     106770    0    2    2    2    2
2015  3 17 16 59   -10.34     6.23   -17.60    -564.2     58.86    -26.44    17.567     164121    0    1    1    1    1
2015  3 17 17  0    -9.63     5.43   -19.09    -561.5     57.81    -21.72    20.572     229437    0    1    1    0    0
2015  3 17 17  1    -9.36     3.87   -19.62    -560.7     56.23    -17.69    24.128     227221    0    0    0    0    0
2015  3 17 17  2    -9.00     2.01   -20.02    -560.3     52.01    -12.76    27.171     218619    0    0    0    0    0
2015  3 17 17  3    -8.79     1.91   -19.94    -558.8     48.81    -13.01    28.152     210878    0    1    1    1    1
2015  3 17 17  4    -8.62     1.25   -19.90    -559.3     51.66    -17.99    29.322     203656    0    1    1    2    2
2015  3 17 17  5    -8.41     0.63   -20.21    -560.2     52.84    -17.86    30.572     196448    0    1    1    2    2
2015  3 17 17  6    -8.07     1.03   -20.22    -560.0     55.18    -17.72    31.764     189260    0    1    1    2    2
2015  3 17 17  7    -8.15     2.22   -20.29    -557.7     54.37    -17.48    32.705     181949    0    1    1    1    1
2015  3 17 17  8    -8.11     2.32   -20.24    -556.6     51.72    -14.46    32.146     172838    0    1    1    1    1
2015  3 17 17  9    -8.70     2.33   -20.11    -556.2     51.15    -15.20    30.688     164440    0    0    0    0    0
2015  3 17 17 10    -9.18     3.41   -19.44    -557.2     52.72    -14.49    29.572     156242    0    1    1    1    1
2015  3 17 17 11    -9.25     4.92   -19.05    -556.4     56.44    -13.81    27.657     149880    0    1    1    1    1
2015  3 17 17 12    -8.78     6.60   -18.75    -555.2     56.26    -13.16    25.651     144587    0    1    1    2    1
2015  3 17 17 13    -8.72     6.87   -18.34    -553.3     57.53    -12.48    23.745     139600    0    1    1    2    1
2015  3 17 17 14    -9.00     8.15   -17.64    -551.2     58.05    -10.21    22.980     137620    0    1    1    1    1
2015  3 17 17 15    -8.89     9.39   -17.01    -549.5     58.95    -10.01    22.809     139392    0    0    0    0    0
2015  3 17 17 16    -8.36    10.17   -16.07    -549.1     60.01    -10.92    22.732     141425    0    0    0    0    0
2015  3 17 17 17    -7.70    10.55   -15.83    -548.7     64.04    -11.34    22.502     140310    0    0    0    0    0
2015  3 17 17 18    -7.14    11.49   -16.48    -547.6     70.81    -14.86    21.770     127686    0    0    0    0    0
2015  3 17 17 19    -6.88    12.83   -16.87    -546.2     76.14    -19.44    20.478     107506    0    0    0    0    0
2015  3 17 17 20    -6.58    12.92   -17.27    -544.1     80.69    -19.33    19.105     102476    0    0    0    0    0
2015  3 17 17 21    -5.32    14.17   -16.87    -542.1     88.51    -21.25    17.320     101732    0    0    0    0    0
2015  3 17 17 22    -4.74    14.20   -17.00    -540.4     96.49    -23.16    17.084     101732    0    0    0    0    0
2015  3 17 17 23    -5.18    15.93   -15.59    -541.8    100.64    -26.28    17.585      90863    0    0    0    0    0
2015  3 17 17 24    -5.13    15.28   -15.68    -543.1     98.47    -24.87    20.261      91378    0    0    0    0    0
2015  3 17 17 25    -8.78     7.35   -18.68    -555.7     94.38    -27.07    22.248     103340    0    0    0    0    0
2015  3 17 17 26    -8.94     6.53   -19.30    -555.1     90.69    -28.54    20.470     103924    0    0    0    0    0
2015  3 17 17 27    -7.91     8.59   -19.50    -551.9     88.68    -25.53    18.254     102352    0    0    0    0    0
2015  3 17 17 28    -6.84    10.69   -19.07    -549.0     89.80    -21.86    16.339     101596    0    0    0    0    0
2015  3 17 17 29    -5.98    12.64   -17.69    -546.0     93.29    -17.80    15.181     106491    0    0    0    0    0
2015  3 17 17 30    -5.30    14.79   -15.47    -541.9     97.21    -13.11    14.825     119261    0    0    0    0    0
2015  3 17 17 31    -4.57    15.85   -14.73    -540.9    102.49     -8.50    14.219     124960    0    0    0    0    0
2015  3 17 17 32    -4.95    16.51   -14.74    -541.4    104.39     -7.95    13.935     125340    0    0    0    0    0
2015  3 17 17 33    -4.11    17.28   -14.57    -544.5    103.01    -10.71    13.143     118323    0    1    1    2    1
2015  3 17 17 34    -4.94    16.19   -15.31    -546.3     96.89    -18.20    12.064     116045    0    1    1    2    1
2015  3 17 17 35    -5.94    13.56   -17.00    -547.2     92.43    -25.24    11.046     113254    0    1    1    2    1
2015  3 17 17 36    -6.55    13.24   -17.16    -548.6     91.16    -28.95     9.878     108839    0    1    1    1    1
2015  3 17 17 37    -6.60    13.88   -17.05    -550.5     90.62    -28.92    10.345     103999    0    0    0    0    0
2015  3 17 17 38    -6.85    14.17   -17.06    -557.1     90.38    -30.77    12.023      98059    0    0    0    0    0
2015  3 17 17 39    -6.16    14.86   -17.04    -554.5     96.10    -31.59    12.825      93781    0    0    0    0    0
2015  3 17 17 40    -6.14    14.76   -17.02    -553.3    102.75    -31.00    13.916      89005    0    0    0    0    0
2015  3 17 17 41    -6.16    14.81   -16.79    -552.2    106.84    -27.71    14.950      84259    0    0    0    0    0
2015  3 17 17 42    -5.74    14.86   -16.58    -548.0    108.49    -25.73    15.703      80610    0    1    1    1    0
2015  3 17 17 43    -5.08    14.92   -16.37    -542.5    109.34    -24.84    16.331      77331    0    1    1    1    1
2015  3 17 17 44    -3.93    15.91   -15.28    -541.5    110.12    -25.25    16.867      71083    0    1    1    1    1
2015  3 17 17 45    -5.96    16.79   -14.45    -550.4    117.37    -39.28    16.369      70979    0    1    1    2    1
2015  3 17 17 46    -5.47    17.41   -13.73    -551.3    115.59    -39.85    16.362      71770    0    1    1    1    1
2015  3 17 17 47    -6.18    16.65   -14.59    -555.5    112.88    -36.47    17.190      72226    0    0    0    0    0
2015  3 17 17 48    -6.49    15.98   -15.07    -555.2    112.61    -34.71    17.443      72997    0    0    0    0    0
2015  3 17 17 49    -7.05    15.93   -15.19    -554.9    111.97    -34.12    17.522      73093    0    0    0    0    0
2015  3 17 17 50    -6.50    16.05   -15.29    -554.7    111.02    -34.58    17.227      71698    0    0    0    0    0
2015  3 17 17 51    -5.71    16.46   -15.17    -548.5    111.05    -34.27    17.145      66546    0    0    0    0    0
2015  3 17 17 52    -4.90    16.93   -15.00    -541.4    111.26    -33.79    17.111      60767    0    0    0    0    0
2015  3 17 17 53    -4.13    17.10   -14.91    -539.1    113.86    -32.04    17.036      59940    0    0    0    0    0
2015  3 17 17 54    -3.87    17.12   -14.77    -541.6    116.11    -32.45    16.466      68254    0    1    1    1    1
2015  3 17 17 55    -5.31    16.83   -14.94    -548.5    113.88    -33.60    14.920      76004    0    1    1    1    1
2015  3 17 17 56    -6.11    16.68   -14.81    -551.3    115.79    -34.44    14.370      83908    0    1    1    1    1
2015  3 17 17 57    -9.01    15.66   -13.52    -559.5    108.16    -32.61    12.335      95909    0    0    0    0    0
2015  3 17 17 58   -10.99    15.07   -12.68    -569.0    102.90    -29.19    11.648     108410    0    0    0    0    0
2015  3 17 17 59   -13.03    13.58   -11.95    -571.0    104.83    -26.52    12.357     115795    0    0    0    0    0
2015  3 17 18  0   -14.63    13.62   -10.90    -578.6    102.11    -21.05    13.673     124834    0    0    0    0    0
2015  3 17 18  1   -14.58    13.59   -10.44    -580.4    102.32    -19.76    14.121     130889    0    0    0    0    0
2015  3 17 18  2   -14.02    13.32   -10.64    -581.3     91.97    -26.79    14.208     124944    0    0    0    0    0
2015  3 17 18  3   -13.21    13.34   -11.44    -582.2     82.76    -34.83    13.564     116161    0    1    1    1    1
2015  3 17 18  4   -12.44    14.24   -11.49    -580.1     83.87    -37.48    13.145     111034    0    1    1    1    1
2015  3 17 18  5   -11.76    15.30   -11.12    -577.3     86.91    -38.16    13.279     106310    1    1    1    1    1
2015  3 17 18  6   -11.43    15.68   -11.38    -576.0     89.96    -36.35    13.257     100632    1    1    1    1    1
2015  3 17 18  7   -11.31    15.63   -12.44    -572.2     91.36    -38.69    13.264      92676    1    1    1    1    1
2015  3 17 18  8   -11.45    15.52   -12.60    -570.9     92.81    -41.42    13.552      87124    1    1    1    1    1
2015  3 17 18  9   -11.41    15.53   -12.70    -569.5     91.86    -43.16    13.529      86400    0    1    1    1    1
2015  3 17 18 10   -11.53    15.53   -11.84    -569.1     91.39    -40.36    13.349      86527    0    1    1    1    1
2015  3 17 18 11   -12.65    15.54    -9.92    -573.2     93.22    -22.51    12.553     105869    0    1    1    1    1
2015  3 17 18 12   -12.93    15.97    -9.55    -575.3     96.25    -21.24    12.222     105670    0    1    1    1    1
2015  3 17 18 13   -13.37    15.73    -8.85    -575.1     95.59    -22.68    12.099     104521    0    0    0    0    0
2015  3 17 18 14   -12.63    15.81    -9.00    -574.7     94.58    -23.16    12.904     104521    0    0    0    0    0
2015  3 17 18 15   -12.35    16.47    -9.46    -573.9     95.26    -25.17    12.078     103478    0    0    0    0    0
2015  3 17 18 16   -11.71    16.83   -10.00    -572.0    100.18    -28.74    12.329      90966    0    0    0    0    0
2015  3 17 18 17   -10.74    17.33   -10.54    -566.6    105.15    -32.65    12.335      83277    0    0    0    0    0
2015  3 17 18 18    -8.96    17.66   -11.78    -561.8    108.30    -36.69    12.367      78939    0    0    0    0    0
2015  3 17 18 19    -6.40    17.72   -13.76    -559.1    108.55    -39.88    12.445      78951    0    0    0    0    1
2015  3 17 18 20    -6.31    17.45   -13.92    -562.1    105.96    -37.00    12.275      79023    0    0    0    0    1
2015  3 17 18 21    -6.66    16.93   -13.69    -563.1    104.48    -39.70    11.903      78575    0    0    0    0    1
2015  3 17 18 22    -6.81    16.78   -13.50    -562.5    104.50    -42.93    11.878      77795    0    1    1    1    1
2015  3 17 18 23    -6.98    16.67   -13.62    -561.9    103.88    -43.63    11.907      76835    0    1    1    2    1
2015  3 17 18 24    -6.72    16.67   -13.59    -561.5    103.39    -44.05    11.938      74294    1    1    1    2    1
2015  3 17 18 25    -6.79    16.71   -13.42    -561.7    103.53    -43.59    11.971      72815    1    1    1    2    1
2015  3 17 18 26    -6.94    17.25   -12.62    -563.0    105.35    -43.13    12.006      74127    1    1    1    2    1
2015  3 17 18 27    -6.87    17.92   -12.24    -564.9    105.48    -40.35    12.042      74104    0    1    1    2    1
2015  3 17 18 28    -7.14    18.05   -11.51    -565.4    104.77    -37.49    12.603      75086    0    1    1    1    1
2015  3 17 18 29    -7.38    17.78   -10.53    -564.8    105.54    -36.32    13.071      76712    1    1    1    1    1
2015  3 17 18 30    -7.37    17.24   -10.19    -564.3    106.26    -35.44    12.633      78510    1    1    1    1    1
2015  3 17 18 31    -7.33    16.75   -10.36    -564.9    105.89    -34.68    12.172      79509    0    1    1    2    1
2015  3 17 18 32    -6.55    15.96   -11.30    -563.4    105.22    -38.07    12.201      76481    0    1    1    2    1
2015  3 17 18 33    -5.47    14.91   -12.52    -560.7    103.13    -42.44    12.227      71288    0    1    1    1    1
2015  3 17 18 34    -5.13    14.32   -12.68    -559.9     99.67    -42.17    12.245      67044    0    0    0    0    0
2015  3 17 18 35    -4.82    14.24   -13.40    -560.1     99.53    -39.64    12.144      62407    0    0    0    0    0
2015  3 17 18 36    -4.85    13.91   -13.93    -560.6    100.64    -41.52    11.827      62315    0    0    0    0    0
2015  3 17 18 37    -4.92    13.58   -14.83    -561.0    100.76    -43.78    11.845      62315    0    0    0    0    0
2015  3 17 18 38    -5.03    12.99   -15.45    -562.0     99.97    -44.88    11.998      62345    0    0    0    0    0
2015  3 17 18 39    -5.45    12.74   -15.46    -562.8     99.49    -44.58    11.648      62406    0    0    0    0    0
2015  3 17 18 40    -6.14    12.93   -14.62    -563.5     99.62    -43.23    10.514      62150    0    0    0    0    0
2015  3 17 18 41    -6.86    12.73   -14.06    -562.6     94.85    -43.09     9.662      61094    0    1    1    1    1
2015  3 17 18 42    -7.67    11.23   -15.15    -559.2     81.98    -47.64     9.586      58239    0    1    1    1    1
2015  3 17 18 43    -8.02    10.77   -15.45    -558.5     69.76    -48.97     9.873      48938    0    1    1    1    1
2015  3 17 18 44    -7.56    10.05   -16.19    -555.7     66.62    -50.37     9.155      48586    0    1    1    1    1
2015  3 17 18 45    -6.98     9.28   -17.08    -553.8     63.32    -51.88     8.899      48539    0    1    1    1    1
2015  3 17 18 46    -6.59     8.47   -17.78    -552.4     59.85    -54.06     7.938      48178    0    1    1    1    1
2015  3 17 18 47    -6.51     8.11   -18.10    -552.4     57.74    -58.08     7.566      48016    0    1    1    1    1
2015  3 17 18 48    -8.04     6.97   -17.96    -559.1     59.05    -57.96     9.113      48680    0    0    0    0    0
2015  3 17 18 49   -10.22     6.00   -17.82    -562.8     60.77    -47.64    10.194      54957    0    0    0    0    0
2015  3 17 18 50   -10.74     7.90   -16.55    -560.8     64.98    -44.38    10.028      59601    0    0    0    0    0
2015  3 17 18 51   -10.67     9.54   -14.78    -554.9     68.33    -40.84    10.025      62912    0    0    0    0    0
2015  3 17 18 52    -7.17    12.81   -11.18    -553.4     70.98    -34.48    10.169      67753    0    0    0    0    0
2015  3 17 18 53    -6.11    14.85    -7.61    -553.5     71.24    -29.77     9.846      76157    0    0    0    0    0
2015  3 17 18 54    -7.33    14.30    -6.36    -555.6     67.22    -26.31    10.245      91746    0    0    0    0    0
2015  3 17 18 55    -7.29    14.31    -5.18    -553.1     63.19    -25.19    10.332     107416    0    0    0    0    0
2015  3 17 18 56    -6.41    14.56    -3.90    -549.6     57.00    -30.16    10.358     128861    0    0    0    0    0
2015  3 17 18 57    -5.06    14.38    -4.50    -545.1     50.33    -36.45    10.377     151318    0    0    0    0    0
2015  3 17 18 58    -3.42    13.37    -8.38    -539.2     44.47    -40.65    10.401     171161    0    0    0    0    0
2015  3 17 18 59    -2.85    13.06    -9.41    -536.9     36.92    -41.23    10.916     205658    0    0    0    0    0
2015  3 17 19  0    -3.58    11.68   -10.49    -540.4     28.42    -43.25    11.828     220609    0    0    0    0    0
2015  3 17 19  1    -3.92    11.01   -10.52    -544.5     27.65    -45.03    12.709     195760    0    0    0    0    0
2015  3 17 19  2    -4.38    10.65   -10.05    -549.9     27.60    -46.94    13.209     197437    0    0    0    0    0
2015  3 17 19  3    -4.45     9.58   -10.68    -551.2     25.30    -46.74    13.139     198867    0    0    0    0    0
2015  3 17 19  4    -4.58     8.94   -11.57    -556.4     23.78    -44.27    12.521     190562    0    0    0    0    0
2015  3 17 19  5    -4.79     7.32   -12.17    -557.8     22.05    -42.98    11.812     181884    0    0    0    0    0
2015  3 17 19  6    -5.30     7.30   -12.14    -557.8     24.15    -43.08    11.107     180837    0    0    0    0    0
2015  3 17 19  7    -5.37     7.11   -12.25    -557.8     24.59    -42.66    10.468     178230    0    0    0    0    0
2015  3 17 19  8    -5.39     6.61   -12.51    -558.4     26.25    -41.90     9.855     177021    0    0    0    0    0
2015  3 17 19  9    -5.38     6.25   -12.85    -559.4     28.68    -40.41     9.729     174710    0    0    0    0    0
2015  3 17 19 10    -5.44     6.21   -13.02    -562.5     34.36    -35.65     9.298     165320    0    0    0    0    0
2015  3 17 19 11    -5.28     6.29   -13.12    -564.6     35.81    -34.97     9.140     160505    0    0    0    0    0
2015  3 17 19 12    -4.96     6.42   -13.21    -564.8     36.62    -35.07     9.531     157336    0    0    0    0    0
2015  3 17 19 13    -4.74     6.41   -13.15    -563.8     38.27    -34.57    10.091     159994    0    0    0    0    0
2015  3 17 19 14    -4.64     6.32   -13.04    -561.9     40.70    -33.30    10.318     164831    0    0    0    0    0
2015  3 17 19 15    -4.67     5.94   -13.07    -560.6     42.35    -31.99    10.614     167810    0    0    0    0    0
2015  3 17 19 16    -4.76     5.03   -13.18    -560.2     43.38    -32.15    10.991     167862    0    0    0    0    0
2015  3 17 19 17    -4.94     4.71   -13.19    -559.8     43.84    -32.58    10.962     166473    0    0    0    0    0
2015  3 17 19 18    -5.42     4.19   -13.05    -558.2     45.80    -32.57    10.779     160416    0    0    0    0    0
2015  3 17 19 19    -5.33     4.21   -13.22    -558.0     45.42    -32.44    10.771     156886    0    0    0    0    0
2015  3 17 19 20    -4.25     5.71   -13.90    -557.8     46.84    -32.54    10.921     138900    0    0    0    0    0
2015  3 17 19 21    -4.58     5.69   -14.03    -557.6     50.75    -34.98    10.926     128842    0    0    0    0    0
2015  3 17 19 22    -5.35     5.61   -13.95    -556.7     53.16    -38.00    10.340     120955    0    0    0    0    0
2015  3 17 19 23    -6.46     6.48   -13.61    -556.2     54.12    -41.31     9.700     116100    0    0    0    0    0
2015  3 17 19 24    -6.83     6.63   -13.42    -556.8     54.85    -44.04     9.019     108962    0    0    0    0    0
2015  3 17 19 25    -7.36     6.08   -13.34    -556.9     56.68    -43.94     8.388     108962    0    0    0    0    0
2015  3 17 19 26    -7.37     5.70   -13.39    -561.4     57.29    -42.68     7.843     105120    0    0    0    0    0
2015  3 17 19 27    -7.23     5.50   -13.58    -560.3     57.22    -42.86     7.807     105094    0    0    0    0    0
2015  3 17 19 28    -6.92     5.58   -13.82    -558.2     54.60    -43.87     7.816     104913    0    1    1    1    1
2015  3 17 19 29    -6.73     5.53   -14.05    -557.4     53.75    -45.09     7.676     103896    0    1    1    2    1
2015  3 17 19 30    -5.97     4.84   -14.41    -557.0     47.66    -45.64     7.511     103607    0    1    1    2    1
2015  3 17 19 31    -5.32     3.76   -15.10    -555.6     49.03    -45.95     6.499      98656    0    1    1    1    1
2015  3 17 19 32    -5.18     3.23   -15.27    -554.7     44.46    -48.55     6.244      96680    0    1    1    1    1
2015  3 17 19 33    -6.57     3.89   -14.70    -562.0     43.48    -48.04     5.953      91144    0    0    0    0    0
2015  3 17 19 34    -6.90     4.31   -14.66    -562.0     43.40    -48.07     6.044      86531    0    0    0    0    0
2015  3 17 19 35    -6.77     4.45   -14.71    -560.6     44.46    -49.11     6.304      86641    0    0    0    0    0
2015  3 17 19 36    -6.34     4.87   -14.88    -558.4     48.29    -52.42     6.686      87271    0    0    0    0    0
2015  3 17 19 37    -6.07     5.48   -14.83    -558.9     51.25    -54.04     7.194      90435    0    0    0    0    0
2015  3 17 19 38    -6.63     5.02   -14.39    -565.5     46.27    -52.98     7.980      98475    0    0    0    0    0
2015  3 17 19 39    -7.07     4.74   -14.02    -566.5     41.30    -50.75     8.601     101764    0    0    0    0    0
2015  3 17 19 40    -7.09     4.61   -14.09    -565.6     39.74    -49.81     9.007     100470    0    0    0    0    0
2015  3 17 19 41    -7.03     4.50   -14.25    -565.1     38.39    -49.66     9.268      98310    0    0    0    0    0
2015  3 17 19 42    -6.84     4.39   -14.39    -564.9     37.48    -50.59     9.485      97291    0    0    0    0    0
2015  3 17 19 43    -6.41     4.73   -14.47    -565.5     37.74    -51.90     9.682     100423    0    0    0    0    0
2015  3 17 19 44    -6.01     5.09   -14.53    -567.6     40.10    -52.19     9.863     103349    0    0    0    0    0
2015  3 17 19 45    -5.94     4.55   -14.73    -568.8     42.11    -53.68     9.959     103493    0    0    0    0    0
2015  3 17 19 46    -6.15     4.11   -14.86    -568.2     42.36    -53.47     9.974      96690    0    0    0    0    0
2015  3 17 19 47    -6.65     3.70   -14.85    -568.3     40.54    -51.53     9.462      93271    0    0    0    0    0
2015  3 17 19 48    -6.92     3.54   -14.78    -569.9     39.86    -50.88     9.267      92321    0    0    0    0    0
2015  3 17 19 49    -6.99     3.42   -14.80    -571.1     42.01    -51.70     9.266      91040    0    0    0    0    0
2015  3 17 19 50    -6.78     3.10   -14.96    -570.0     40.24    -52.40     9.231      87354    0    0    0    0    0
2015  3 17 19 51    -6.43     2.23   -15.16    -566.8     36.43    -50.79     9.144      86630    0    0    0    0    0
2015  3 17 19 52    -6.15     1.70   -15.26    -564.2     34.47    -49.25     9.097      86852    0    0    0    0    0
2015  3 17 19 53    -6.03     1.52   -15.27    -563.4     37.59    -48.00     9.287      87284    0    0    0    0    0
2015  3 17 19 54    -5.97     1.34   -15.33    -564.2     42.28    -46.32     9.671      87533    0    0    0    0    0
2015  3 17 19 55    -5.98     1.08   -15.39    -564.7     43.30    -45.16     9.833      87533    0    0    0    0    0
2015  3 17 19 56    -6.02     0.67   -15.35    -564.8     44.71    -44.88     9.858      87588    0    0    0    0    0
2015  3 17 19 57    -5.94     0.36   -15.28    -566.2     45.79    -44.28     9.749      88857    0    0    0    0    0
2015  3 17 19 58    -5.98     0.31   -15.09    -567.8     48.28    -43.92     9.673      93617    0    0    0    0    0
2015  3 17 19 59    -6.10     1.14   -14.95    -568.3     50.47    -44.03     9.680      95421    0    0    0    0    0
2015  3 17 20  0    -6.09     1.78   -14.86    -568.8     51.04    -46.70     9.683      95421    0    0    0    0    0
2015  3 17 20  1    -6.08     2.36   -14.84    -566.9     47.12    -48.10     9.557      94118    0    0    0    0    0
2015  3 17 20  2    -6.10     3.41   -14.80    -565.5     44.83    -48.87     9.406      93270    0    0    0    0    0
2015  3 17 20  3    -6.28     4.10   -14.89    -565.8     45.17    -49.25     9.307      92273    0    0    0    0    0
2015  3 17 20  4    -6.46     4.16   -14.90    -565.2     42.83    -49.43     9.174      90181    0    0    0    0    0
2015  3 17 20  5    -6.53     4.38   -14.82    -563.2     37.91    -48.85     8.972      88211    0    0    0    0    0
2015  3 17 20  6    -6.62     4.94   -14.73    -561.3     33.81    -47.97     8.726      86731    0    0    0    0    0
2015  3 17 20  7    -6.88     5.82   -14.45    -560.9     32.19    -47.13     8.181      85665    0    0    0    0    0
2015  3 17 20  8    -7.03     6.33   -14.17    -560.5     29.25    -43.54     7.223      85151    0    0    0    0    0
2015  3 17 20  9    -7.15     6.51   -14.12    -560.1     30.03    -43.15     7.242      84713    0    0    0    0    0
2015  3 17 20 10    -7.29     6.74   -14.07    -560.6     31.21    -41.04     7.825      85352    0    0    0    0    0
2015  3 17 20 11    -7.36     6.53   -14.05    -559.9     30.48    -38.30     7.770      85966    0    0    0    0    0
2015  3 17 20 12    -7.21     5.45   -14.16    -558.6     28.07    -38.35     7.288      88555    0    0    0    0    0
2015  3 17 20 13    -6.44     4.32   -14.72    -557.1     27.49    -39.04     7.569      92177    0    0    0    0    0
2015  3 17 20 14    -6.40     4.07   -14.81    -557.0     26.32    -40.30     7.721     101577    0    0    0    0    0
2015  3 17 20 15    -6.56     3.45   -14.93    -556.0     22.41    -39.66     7.767     101577    0    0    0    0    0
2015  3 17 20 16    -6.41     3.15   -15.09    -555.6     27.41    -38.32     8.913     103530    0    0    0    0    0
2015  3 17 20 17    -6.36     2.64   -15.15    -555.6     28.09    -38.10     9.304     106606    0    0    0    0    0
2015  3 17 20 18    -6.62     1.84   -15.24    -555.6     29.38    -37.22     9.596     108793    0    0    0    0    0
2015  3 17 20 19    -6.73     0.54   -15.09    -555.8     39.23    -32.09     9.660     108967    0    0    0    0    0
2015  3 17 20 20    -6.74     0.33   -15.05    -556.5     42.09    -29.58     9.259     108967    0    0    0    0    0
2015  3 17 20 21    -6.68     1.86   -15.02    -557.9     43.61    -27.62     9.181     111867    0    0    0    0    0
2015  3 17 20 22    -6.45     2.43   -15.14    -555.9     49.28    -26.76     9.293     112200    0    0    0    0    0
2015  3 17 20 23    -6.37     2.79   -15.13    -553.3     53.30    -26.18     9.707     112222    0    0    0    0    0
2015  3 17 20 24    -6.41     2.94   -15.14    -551.6     55.24    -26.01     9.936     110240    0    0    0    0    0
2015  3 17 20 25    -6.38     2.94   -15.29    -550.9     55.98    -26.05     9.885     109181    0    0    0    0    0
2015  3 17 20 26    -6.21     2.82   -15.50    -550.5     53.72    -26.25     9.495     110599    0    0    0    0    0
2015  3 17 20 27    -6.04     2.28   -15.69    -551.0     49.80    -27.02     9.133     111623    0    0    0    0    0
2015  3 17 20 28    -6.05     1.38   -15.83    -551.1     46.88    -27.49     8.576     109031    0    0    0    0    0
2015  3 17 20 29    -6.12     0.81   -15.93    -551.0     45.22    -26.99     7.879     104739    0    0    0    0    0
2015  3 17 20 30    -6.30     0.51   -16.10    -550.9     45.00    -26.27     7.189     101422    0    0    0    0    0
2015  3 17 20 31    -6.43     0.47   -16.29    -551.3     43.15    -26.67     6.572      99347    0    0    0    0    0
2015  3 17 20 32    -6.42     0.20   -16.44    -552.8     40.82    -26.65     6.148      95232    0    0    0    0    0
2015  3 17 20 33    -6.40     0.01   -16.46    -552.9     40.33    -26.39     6.174      93972    0    0    0    0    0
2015  3 17 20 34    -6.32    -0.15   -16.46    -552.0     40.72    -26.31     6.330      93972    0    0    0    0    0
2015  3 17 20 35    -6.41    -0.30   -16.38    -551.3     37.85    -25.26     6.417      91709    0    0    0    0    0
2015  3 17 20 36    -6.49    -0.57   -16.25    -551.5     35.92    -22.67     6.624      90193    0    0    0    0    0
2015  3 17 20 37    -6.78    -1.41   -15.93    -552.8     29.74    -20.89     6.868      86895    0    0    0    0    0
2015  3 17 20 38    -6.90    -2.19   -15.83    -553.2     25.70    -20.50     6.955      85766    0    0    0    0    0
2015  3 17 20 39    -6.26    -1.28   -16.25    -551.1     29.78    -20.71     6.940      85766    0    0    0    0    0
2015  3 17 20 40    -5.88    -0.55   -16.51    -549.0     34.18    -22.42     6.880      85729    0    0    0    0    0
2015  3 17 20 41    -5.86    -0.28   -16.57    -548.0     35.88    -23.96     6.785      85690    0    0    0    0    0
2015  3 17 20 42    -5.78     0.21   -16.67    -548.9     35.87    -23.51     6.703      85690    0    0    0    0    0
2015  3 17 20 43    -5.77     0.53   -16.73    -550.0     34.78    -22.95     6.525      86469    0    0    0    0    0
2015  3 17 20 44    -5.84     0.53   -16.73    -550.3     33.75    -23.23     6.322      87107    0    0    0    0    0
2015  3 17 20 45    -6.55    -0.36   -16.60    -551.2     36.64    -23.42     6.565      81778    0    0    0    0    0
2015  3 17 20 46    -6.98    -0.48   -16.43    -558.4     36.97    -20.67     7.854      68436    0    0    0    0    0
2015  3 17 20 47    -6.42     0.35   -16.52    -558.0     37.49    -20.02     7.708      68735    0    0    0    0    0
2015  3 17 20 48    -5.65     1.27   -16.74    -554.1     40.42    -21.35     7.733      71718    0    0    0    0    0
2015  3 17 20 49    -5.53     1.14   -16.84    -553.4     45.12    -23.04     7.546      73474    0    0    0    0    0
2015  3 17 20 50    -5.44     0.89   -16.96    -553.2     47.25    -23.48     7.298      73766    0    0    0    0    0
2015  3 17 20 51    -5.42     1.14   -17.01    -551.8     48.01    -23.17     7.037      73766    0    0    0    0    0
2015  3 17 20 52    -5.51     1.72   -16.99    -550.5     48.96    -22.94     7.270      73940    0    0    0    0    0
2015  3 17 20 53    -5.81     3.06   -16.94    -550.1     55.15    -21.98     7.503      76025    0    0    0    0    0
2015  3 17 20 54    -5.99     3.89   -16.92    -550.8     59.68    -21.91     7.475      77568    0    0    0    0    0
2015  3 17 20 55    -6.69     2.92   -16.79    -552.7     59.96    -22.32     7.633      72850    0    0    0    0    0
2015  3 17 20 56    -6.77     2.22   -16.69    -554.7     57.90    -21.39     7.588      68204    0    0    0    0    0
2015  3 17 20 57    -6.48     2.24   -16.73    -554.5     58.01    -20.87     7.715      67357    0    0    0    0    0
2015  3 17 20 58    -7.05     1.19   -16.79    -559.6     45.47    -21.77     8.898      64492    0    0    0    0    0
2015  3 17 20 59    -7.24     1.80   -16.88    -560.0     45.61    -21.88     9.983      63998    0    0    0    0    0
2015  3 17 21  0    -7.07     1.77   -16.80    -558.8     49.04    -21.79    10.889      63970    0    0    0    0    0
2015  3 17 21  1    -7.21     1.38   -16.83    -558.2     49.89    -20.93    11.022      63983    0    0    0    0    0
2015  3 17 21  2    -7.19     1.72   -16.81    -556.1     51.74    -19.79    11.229      64119    0    0    0    0    0
2015  3 17 21  3    -6.94     2.20   -16.89    -553.5     53.93    -19.04    11.417      65784    0    0    0    0    0
2015  3 17 21  4    -6.91     2.43   -16.92    -553.1     54.63    -18.76    11.489      64656    0    0    0    0    0
2015  3 17 21  5    -6.97     2.41   -17.00    -554.6     53.70    -20.71    10.297      64149    0    0    0    0    0
2015  3 17 21  6    -7.27     2.46   -17.09    -558.8     50.53    -21.16     9.247      63011    0    0    0    0    0
2015  3 17 21  7    -7.22     1.82   -17.15    -558.5     49.03    -20.48     9.199      62227    0    0    0    0    0
2015  3 17 21  8    -6.70    -0.64   -17.30    -556.1     41.08    -19.54     9.506      62227    0    0    0    0    0
2015  3 17 21  9    -6.30    -2.22   -17.37    -555.9     36.06    -19.16     9.155      64629    0    0    0    0    0
2015  3 17 21 10    -6.30    -2.51   -17.36    -554.4     35.74    -19.81     9.162      64798    0    0    0    0    0
2015  3 17 21 11    -6.30    -2.72   -17.35    -554.0     35.09    -20.83     9.820      65748    0    0    0    0    0
2015  3 17 21 12    -6.37    -2.92   -17.46    -554.4     32.70    -21.61     9.745      66438    0    0    0    0    0
2015  3 17 21 13    -6.28    -1.96   -17.51    -555.0     35.88    -21.34     9.659      67374    0    0    0    0    0
2015  3 17 21 14    -6.23    -0.98   -17.50    -555.0     35.43    -21.07     9.462      68026    0    0    0    0    0
2015  3 17 21 15    -6.49    -0.39   -17.33    -555.0     36.75    -20.78     9.064      68960    0    0    0    0    0
2015  3 17 21 16    -6.67    -0.08   -17.10    -555.4     40.85    -20.97     8.521      69247    0    0    0    0    0
2015  3 17 21 17    -6.86     2.75   -17.06    -556.2     52.15    -20.89     7.994      69267    0    0    0    0    0
2015  3 17 21 18    -7.45     5.58   -16.75    -558.9     54.23    -20.71     7.422      65226    0    0    0    0    0
2015  3 17 21 19    -7.76     6.76   -16.45    -559.8     53.95    -20.12     6.920      65457    0    0    0    0    0
2015  3 17 21 20    -7.69     7.10   -16.41    -559.4     53.79    -19.95     6.494      66438    0    0    0    0    0
2015  3 17 21 21    -7.68     7.11   -16.42    -559.9     53.76    -18.69     6.157      66438    0    0    0    0    0
2015  3 17 21 22    -7.71     7.11   -16.40    -558.0     59.20    -16.27     5.996      66365    0    0    0    0    0
2015  3 17 21 23    -7.54     7.19   -16.24    -558.0     63.44    -15.31     6.175      65352    0    0    0    1    1
2015  3 17 21 24    -7.14     7.47   -16.29    -558.5     69.41    -13.70     6.438      65383    0    0    0    1    1
2015  3 17 21 25    -7.18     7.52   -16.30    -556.4     79.05    -13.09     6.463      65644    0    0    0    1    1
2015  3 17 21 26    -7.34     7.18   -16.38    -558.8     84.42    -10.57     5.865      70784    0    0    0    0    0
2015  3 17 21 27    -7.33     6.88   -16.47    -556.9     83.81    -12.30     5.790      70784    0    0    0    0    0
2015  3 17 21 28    -6.94     5.84   -16.88    -554.0     78.70    -13.56     5.699      63882    0    0    0    0    0
2015  3 17 21 29    -6.71     5.34   -17.10    -550.3     66.24    -16.33     5.734      59667    0    0    0    0    0
2015  3 17 21 30    -6.06     4.11   -17.71    -546.7     56.04    -19.80     5.800      57686    0    0    0    0    0
2015  3 17 21 31    -4.93     2.00   -18.79    -543.6     51.65    -23.05     5.855      57545    0    0    0    0    0
2015  3 17 21 32    -4.78     1.86   -19.07    -541.2     44.49    -23.34     5.913      56602    0    0    0    0    0
2015  3 17 21 33    -4.94     0.90   -19.13    -542.1     43.69    -22.51     6.144      53527    0    0    0    0    0
2015  3 17 21 34    -4.88    -0.24   -19.15    -543.9     38.10    -22.60     6.140      49636    0    0    0    0    0
2015  3 17 21 35    -4.78    -0.19   -19.18    -543.3     38.27    -21.78     6.325      47357    0    0    0    0    0
2015  3 17 21 36    -4.48    -0.30   -19.20    -540.2     39.35    -21.85     6.083      47357    0    0    0    0    0
2015  3 17 21 37    -4.25    -0.15   -19.33    -537.5     37.94    -21.63     5.922      47793    0    0    0    0    0
2015  3 17 21 38    -4.34     0.38   -19.43    -541.2     45.67    -22.41     5.706      52515    0    0    0    0    0
2015  3 17 21 39    -5.02     0.00   -19.29    -549.0     48.15    -22.19     6.101      58883    0    0    0    0    0
2015  3 17 21 40    -5.72    -0.21   -19.07    -549.6     46.21    -21.79     6.280      59224    0    0    0    0    0
2015  3 17 21 41    -5.92    -0.16   -18.98    -547.8     45.50    -21.20     6.243      59544    0    0    0    0    0
2015  3 17 21 42    -6.01     0.09   -18.91    -545.2     49.72    -20.44     6.142      59572    0    0    0    0    0
2015  3 17 21 43    -6.04     0.61   -18.91    -543.9     56.14    -20.56     5.893      60806    0    0    0    0    0
2015  3 17 21 44    -5.89     1.02   -18.99    -542.8     55.92    -22.06     5.645      67890    0    0    0    0    0
2015  3 17 21 45    -5.49     2.09   -18.97    -544.5     56.54    -22.62     5.686      67758    0    0    0    0    0
2015  3 17 21 46    -6.01     2.55   -18.72    -551.0     59.93    -22.81     5.524      65888    0    0    0    0    0
2015  3 17 21 47    -6.54     2.38   -18.53    -551.5     57.59    -22.84     5.499      62521    0    0    0    0    0
2015  3 17 21 48    -6.73     2.20   -18.49    -550.7     53.15    -22.76     5.598      59767    0    0    0    0    0
2015  3 17 21 49    -6.67     2.43   -18.48    -548.6     50.43    -22.24     5.624      58850    0    0    0    0    0
2015  3 17 21 50    -6.49     2.91   -18.44    -545.4     53.18    -21.58     5.572      58995    0    0    0    0    0
2015  3 17 21 51    -6.16     3.67   -18.32    -542.4     63.98    -20.63     5.537      59589    0    0    0    0    0
2015  3 17 21 52    -6.06     4.28   -18.38    -540.4     67.91    -14.92     5.443      62293    0    0    0    0    0
2015  3 17 21 53    -6.25     4.41   -18.33    -543.2     69.38    -14.27     5.720      62563    0    0    0    0    0
2015  3 17 21 54    -7.35     4.41   -17.79    -548.2     70.85    -14.88     5.754      63058    0    0    0    0    0
2015  3 17 21 55    -7.66     4.57   -17.70    -550.4     75.29    -16.28     5.657      64353    0    0    0    0    0
2015  3 17 21 56    -7.95     4.82   -17.48    -551.4     72.46    -13.64     5.863      68273    0    0    0    0    0
2015  3 17 21 57    -8.19     4.85   -17.17    -553.3     64.92    -11.54     6.223      70227    0    0    0    0    0
2015  3 17 21 58    -8.15     4.92   -17.15    -553.8     57.10     -6.96     6.485      67415    0    0    0    0    0
2015  3 17 21 59    -8.05     5.24   -17.05    -550.4     56.36     -6.10     6.912      65086    0    0    0    0    0
2015  3 17 22  0    -7.93     5.78   -16.83    -546.3     56.56     -6.21     7.245      63487    0    0    0    0    0
2015  3 17 22  1    -7.75     6.57   -16.50    -542.5     55.51     -6.08     7.360      62449    0    0    0    0    0
2015  3 17 22  2    -7.18     7.22   -16.33    -542.1     50.49     -4.46     7.363      59716    0    0    0    0    0
2015  3 17 22  3    -6.96     8.10   -16.11    -541.6     50.10     -3.81     7.082      54569    0    0    0    0    0
2015  3 17 22  4    -9.29     4.38   -16.62    -545.2     45.89     -2.27     6.809      53898    0    0    0    0    0
2015  3 17 22  5   -10.05     4.52   -16.38    -549.8     42.87     -2.93     7.308      54267    0    0    0    0    0
2015  3 17 22  6   -10.86     4.35   -16.13    -555.7     46.61     -0.68     7.194      55621    0    0    0    0    0
2015  3 17 22  7   -10.92     4.29   -16.01    -557.0     50.73      2.20     7.221      55698    0    0    0    0    0
2015  3 17 22  8   -10.88     4.29   -15.98    -557.0     51.44     -0.20     7.151      55698    0    0    0    0    0
2015  3 17 22  9    -9.66     4.16   -17.17    -553.5     46.28     -1.32     7.190      56151    0    0    0    0    0
2015  3 17 22 10    -8.94     3.48   -17.86    -551.5     42.74     -0.06     7.237      59890    0    0    0    0    0
2015  3 17 22 11    -8.71     2.86   -18.04    -551.0     39.59      0.73     7.295      61822    0    0    0    0    0
2015  3 17 22 12    -8.73     0.93   -17.69    -552.8     39.82      2.37     7.297      51815    0    0    0    0    0
2015  3 17 22 13    -8.24    -0.87   -17.49    -553.8     38.07      0.98     7.373      38497    0    0    0    0    0
2015  3 17 22 14    -8.03    -2.84   -17.20    -552.3     32.23     -2.30     7.565      35994    0    0    0    0    0
2015  3 17 22 15    -7.97    -2.20   -17.85    -551.4     30.22     -4.41     7.494      38136    0    0    0    0    0
2015  3 17 22 16    -8.32    -2.64   -17.36    -553.3     30.37     -3.02     7.591      41094    0    0    0    0    0
2015  3 17 22 17    -8.58    -2.92   -16.77    -554.9     16.24     -1.38     7.965      43871    0    0    0    0    0
2015  3 17 22 18    -8.29    -6.62   -16.51    -556.4     10.27     -1.47     8.343      44956    0    0    0    0    0
2015  3 17 22 19    -7.97    -8.12   -16.65    -557.1     14.15     -3.08     8.694      45918    0    0    0    0    0
2015  3 17 22 20    -7.81    -8.40   -16.86    -557.2     15.09     -3.36     9.046      45882    0    0    0    0    0
2015  3 17 22 21    -7.62    -8.61   -16.88    -557.8     15.27     -3.39     9.582      43826    0    0    0    0    0
2015  3 17 22 22    -7.92    -8.90   -16.62    -561.6     18.17     -3.83     9.835      43932    0    0    0    0    0
2015  3 17 22 23    -7.82    -8.46   -16.73    -562.5     21.33     -4.09    10.083      45032    0    0    0    0    0
2015  3 17 22 24    -7.80    -8.04   -16.82    -562.7     23.60     -5.25    10.366      47770    0    0    0    0    0
2015  3 17 22 25    -7.92    -7.92   -16.88    -562.8     23.04     -7.29    10.034      49819    0    0    0    0    0
2015  3 17 22 26    -8.20    -7.86   -16.85    -563.1     22.91     -6.58     9.730      48636    0    0    0    0    0
2015  3 17 22 27    -8.36    -7.75   -16.83    -563.5     22.77     -5.06    10.103      46408    0    0    0    0    0
2015  3 17 22 28    -8.11    -7.89   -16.91    -564.1     23.33     -4.85    10.309      45541    0    0    0    0    0
2015  3 17 22 29    -7.65    -7.67   -17.01    -564.6     25.13     -4.35    10.311      44992    0    0    0    0    0
2015  3 17 22 30    -7.79    -7.17   -17.22    -564.2     27.32     -4.53    10.063      44578    0    0    0    0    0
2015  3 17 22 31    -8.14    -6.68   -17.50    -563.1     28.78     -5.76     9.677      44145    0    0    0    0    0
2015  3 17 22 32    -8.31    -6.03   -17.69    -562.2     28.93     -7.14     9.096      43044    0    0    0    0    0
2015  3 17 22 33    -8.44    -5.71   -17.74    -559.9     28.54     -8.21     8.387      41367    0    0    0    0    0
2015  3 17 22 34    -7.75    -6.13   -17.81    -558.6     26.90     -8.38     8.213      40296    0    0    0    0    0
2015  3 17 22 35    -7.84    -6.43   -17.72    -558.4     26.74     -8.83     8.372      39646    0    0    0    0    0
2015  3 17 22 36    -8.04    -6.45   -17.66    -558.5     28.02     -8.93     8.622      39735    0    0    0    0    0
2015  3 17 22 37    -8.00    -6.53   -17.76    -557.8     28.72    -10.29     9.180      40804    0    0    0    0    0
2015  3 17 22 38    -7.67    -6.33   -18.08    -555.4     30.38    -10.46     9.370      44378    0    0    0    0    0
2015  3 17 22 39    -7.15    -7.14   -18.10    -553.3     30.57     -8.24     9.393      44925    0    0    0    0    0
2015  3 17 22 40    -7.00    -7.74   -17.85    -551.4     29.43     -7.30     9.176      44964    0    0    0    0    0
2015  3 17 22 41    -7.11    -7.93   -17.71    -550.5     28.69     -6.22     8.664      44964    0    0    0    0    0
2015  3 17 22 42    -6.77    -8.30   -17.69    -549.5     27.84     -5.19     8.346      44966    0    0    0    0    0
2015  3 17 22 43    -6.53    -8.64   -17.67    -548.3     26.21     -4.89     8.565      44968    0    0    0    0    0
2015  3 17 22 44    -6.97    -8.74   -17.58    -549.6     25.95     -6.23     8.982      44817    0    0    0    0    0
2015  3 17 22 45    -7.25    -8.91   -17.47    -551.0     27.44     -9.78     9.066      44677    0    0    0    0    0
2015  3 17 22 46    -7.28    -8.96   -17.44    -551.1     28.01    -11.45     8.946      45475    0    0    0    0    0
2015  3 17 22 47    -7.45    -9.11   -17.31    -550.9     28.70    -11.70     8.924      46200    0    0    0    0    0
2015  3 17 22 48    -7.74    -9.18   -17.17    -550.9     28.73    -11.55     9.659      46428    0    0    0    0    0
2015  3 17 22 49    -7.94    -9.12   -17.09    -550.9     28.41    -11.78    10.186      46478    0    0    0    0    0
2015  3 17 22 50    -8.14    -8.92   -16.96    -550.4     28.10    -12.84    10.251      45602    0    0    0    0    0
2015  3 17 22 51    -8.34    -8.79   -16.85    -550.1     27.59    -14.22    10.224      44796    0    0    0    0    0
2015  3 17 22 52    -8.56    -8.80   -16.77    -551.1     27.32    -14.92     9.640      44629    0    0    0    0    0
2015  3 17 22 53    -8.66    -8.93   -16.83    -552.5     27.38    -14.93     8.827      44609    0    0    0    0    0
2015  3 17 22 54    -8.37    -8.67   -16.91    -553.0     26.72    -14.97     8.303      45122    0    0    0    0    0
2015  3 17 22 55    -8.20    -8.63   -17.24    -550.7     26.56    -15.55     7.957      46677    0    0    0    0    0
2015  3 17 22 56    -8.20    -8.51   -17.48    -548.8     25.77    -16.92     7.719      47998    0    0    0    0    0
2015  3 17 22 57    -8.38    -8.26   -17.49    -549.1     27.19    -18.09     7.646      48452    0    0    0    0    0
2015  3 17 22 58    -8.91    -8.11   -17.33    -550.9     30.50    -17.87     7.557      47207    0    0    0    0    0
2015  3 17 22 59    -9.26    -8.05   -17.21    -551.6     31.18    -17.08     7.367      45892    0    0    0    0    0
2015  3 17 23  0    -9.10    -8.11   -17.33    -549.8     28.69    -16.74     7.089      45623    0    0    0    0    0
2015  3 17 23  1    -8.68    -8.14   -17.63    -546.3     25.47    -17.40     6.816      45832    0    0    0    0    0
2015  3 17 23  2    -8.11    -8.07   -18.08    -542.0     23.13    -19.03     6.614      46394    0    0    0    0    0
2015  3 17 23  3    -8.23    -7.46   -18.25    -542.0     23.21    -20.28     6.355      50640    0    0    0    0    0
2015  3 17 23  4    -8.94    -6.72   -18.16    -542.8     24.47    -20.39     6.144      51399    0    0    0    0    0
2015  3 17 23  5   -10.14    -6.59   -17.62    -544.9     27.83    -20.87     6.154      53254    0    0    0    0    0
2015  3 17 23  6   -10.04    -6.43   -17.74    -544.8     32.43    -22.66     6.009      53110    0    0    0    0    0
2015  3 17 23  7    -9.10    -5.86   -18.37    -544.8     33.51    -23.80     5.828      51760    0    0    0    0    0
2015  3 17 23  8    -9.10    -5.78   -18.42    -545.9     34.55    -23.96     5.470      48709    0    0    0    0    0
2015  3 17 23  9    -9.08    -5.70   -18.48    -545.9     35.65    -23.62     5.053      48676    0    0    0    0    0
2015  3 17 23 10    -9.00    -4.59   -18.91    -546.4     35.83    -23.21     4.649      48276    0    0    0    0    0
2015  3 17 23 11    -8.78    -4.33   -19.18    -546.3     35.47    -22.27     4.311      47562    0    0    0    0    0
2015  3 17 23 12    -8.35    -4.53   -19.21    -544.3     35.49    -21.86     4.102      47334    0    0    0    0    0
2015  3 17 23 13    -8.53    -4.66   -19.10    -544.3     33.72    -22.75     4.230      46152    0    0    0    0    0
2015  3 17 23 14    -9.25    -4.87   -18.79    -544.5     30.36    -22.11     4.177      44613    0    0    0    0    0
2015  3 17 23 15    -9.26    -5.70   -18.37    -544.5     27.41    -22.86     3.952      40497    0    0    0    0    0
2015  3 17 23 16    -8.71    -6.90   -18.03    -542.6     25.18    -21.08     3.818      40584    0    0    0    0    0
2015  3 17 23 17    -7.72    -8.69   -17.37    -536.3     25.24    -17.09     3.841      41459    0    0    0    0    0
2015  3 17 23 18    -7.06    -9.51   -17.00    -531.6     24.70    -14.62     3.856      44028    0    0    0    0    0
2015  3 17 23 19    -7.05    -8.47   -17.24    -530.0     21.62    -15.96     3.882      48975    0    0    0    0    0
2015  3 17 23 20    -7.09    -8.00   -17.40    -529.3     13.41    -20.11     3.991      49661    0    0    0    0    0
2015  3 17 23 21    -7.03    -8.14   -17.36    -527.0      9.81    -19.32     3.918      51761    0    0    0    0    0
2015  3 17 23 22    -6.44    -9.25   -17.20    -524.9      7.80    -15.78     3.892      54724    0    0    0    0    0
2015  3 17 23 23    -5.73   -10.35   -16.97    -521.5      4.13    -11.55     4.215      60367    0    0    0    0    0
2015  3 17 23 24    -5.17   -11.38   -16.64    -517.8      0.57     -7.10     4.675      65802    0    0    0    0    0
2015  3 17 23 25    -4.87   -12.31   -16.18    -515.0     -1.55     -2.85     5.200      69582    0    0    0    0    0
2015  3 17 23 26    -4.77   -12.98   -15.71    -517.3      2.56     -3.72     5.610      70965    0    0    0    0    0
2015  3 17 23 27    -4.49   -13.22   -15.64    -519.5      4.92     -4.06     5.601      70965    0    0    0    0    0
2015  3 17 23 28    -3.92   -13.38   -15.48    -519.5      5.81     -3.30     5.875      70653    0    0    0    0    0
2015  3 17 23 29    -3.63   -13.63   -15.29    -519.8      6.78     -3.03     6.465      69899    0    0    0    0    0
2015  3 17 23 30    -3.22   -13.81   -15.22    -522.4     10.07     -3.75     6.834      65079    0    0    0    0    0
2015  3 17 23 31    -2.70   -13.95   -15.20    -524.8     13.74     -4.34     7.275      60376    0    0    0    0    0
2015  3 17 23 32    -2.47   -14.14   -15.08    -526.7     14.91     -4.34     7.470      56748    0    0    0    0    0
2015  3 17 23 33    -2.60   -14.15   -15.06    -528.8     14.62     -4.68     7.530      56644    0    0    0    0    0
2015  3 17 23 34    -2.30   -14.35   -14.96    -528.6     14.80     -4.38     7.382      57784    0    0    0    0    0
2015  3 17 23 35    -1.97   -14.70   -14.74    -528.4     18.59     -3.39     7.013      60179    0    0    0    0    0
2015  3 17 23 36    -1.46   -15.11   -14.34    -524.6     19.81      0.65     6.969      61808    0    0    0    0    0
2015  3 17 23 37    -0.81   -15.59   -14.04    -525.6     24.54      2.16     6.671      63136    0    0    0    0    1
2015  3 17 23 38     0.24   -16.35   -13.52    -528.1     28.85      1.63     6.655      63747    0    1    1    1    1
2015  3 17 23 39     0.69   -16.89   -13.07    -529.8     30.63      0.61     6.291      65637    0    1    1    1    1
2015  3 17 23 40     0.88   -17.17   -12.78    -532.4     34.46      0.59     5.984      66942    0    1    1    1    1
2015  3 17 23 41     1.23   -17.54   -12.24    -535.7     37.71     -0.30     5.570      68823    0    1    1    1    1
2015  3 17 23 42     1.67   -17.78   -11.88    -536.7     39.50     -0.69     5.141      66714    0    1    1    1    1
2015  3 17 23 43     2.15   -17.70   -11.76    -536.1     41.34     -1.18     4.792      56765    0    0    0    0    0
2015  3 17 23 44     2.66   -17.76   -11.47    -536.2     42.41     -1.24     4.495      49996    0    0    0    0    0
2015  3 17 23 45     3.19   -18.07   -10.56    -536.9     43.04     -1.76     4.356      49453    0    0    0    0    0
2015  3 17 23 46     3.89   -18.38    -9.78    -542.4     43.60     -7.62     4.389      55815    0    0    0    0    0
2015  3 17 23 47     3.93   -18.41    -9.23    -545.8     44.82     -6.36     4.241      61760    0    0    0    0    0
2015  3 17 23 48     3.71   -18.46    -8.92    -546.0     46.22     -9.53     4.189      67075    0    0    0    0    0
2015  3 17 23 49     3.59   -18.49    -8.52    -546.8     47.79    -15.29     4.132      72506    0    0    0    0    0
2015  3 17 23 50     4.06   -18.64    -7.97    -550.0     49.09    -16.38     3.933      80560    0    0    0    0    0
2015  3 17 23 51     4.24   -18.58    -7.66    -551.9     48.74    -15.75     3.840      81401    0    0    0    0    0
2015  3 17 23 52     3.90   -18.39    -7.46    -553.2     47.34    -15.25     4.407      79073    0    0    0    0    0
2015  3 17 23 53     4.44   -18.35    -6.93    -553.0     48.16    -15.05     4.691      77329    0    0    0    0    0
2015  3 17 23 54     4.75   -18.53    -6.64    -550.6     48.85    -11.76     4.637      76448    0    0    0    0    0
2015  3 17 23 55     4.80   -18.70    -6.60    -548.6     48.45     -8.72     4.498      71466    0    0    0    0    0
2015  3 17 23 56     4.73   -18.81    -6.64    -548.2     46.94     -7.65     4.339      62788    0    0    0    0    0
2015  3 17 23 57     4.64   -18.95    -6.60    -548.2     45.54     -7.42     4.418      58495    0    0    0    0    0
2015  3 17 23 58     4.52   -19.05    -6.68    -548.1     45.11     -8.47     4.876      61792    0    0    0    0    0
2015  3 17 23 59     4.40   -19.03    -6.86    -548.9     46.83    -10.55     5.504      66230    0    0    0    0    0
2015  3 18  0  0     4.37   -18.85    -6.89    -551.8     50.50    -17.15     6.297      80072    0    0    0    0    0
2015  3 18  0  1     4.08   -17.27    -6.88    -560.2     54.10    -21.32     7.340     108624    0    0    0    0    0
2015  3 18  0  2     2.51   -12.55    -6.53    -569.1     59.28    -14.27     8.275     191812    0    0    0    0    0
2015  3 18  0  3     2.26   -10.90    -7.15    -575.4     58.24    -14.11     9.171     189987    0    0    0    0    0
2015  3 18  0  4     1.93   -10.07    -7.81    -575.7     52.44    -14.21     9.799     177689    0    0    0    0    0
2015  3 18  0  5     0.37   -10.07    -7.96    -576.6     53.68    -14.79    10.296     173173    0    0    0    0    0
2015  3 18  0  6     1.97   -10.79    -7.58    -582.4     61.08    -14.17    10.654     169708    0    0    0    0    0
2015  3 18  0  7     3.69   -11.68    -6.82    -588.9     67.47     -8.99    10.387     169526    0    0    0    0    0
2015  3 18  0  8     4.03   -11.73    -6.11    -598.0     71.20    -12.93     9.685     174708    0    0    0    0    0
2015  3 18  0  9     4.87   -11.86    -4.96    -605.9     75.11    -21.60     8.811     184653    0    0    0    0    0
2015  3 18  0 10     5.17   -11.52    -5.22    -607.3     76.28    -22.34     8.371     190325    0    0    0    0    0
2015  3 18  0 11     5.29   -11.53    -5.27    -606.4     76.80    -23.62     8.656     190514    0    0    0    0    0
2015  3 18  0 12     5.36   -12.07    -4.31    -607.5     76.97    -27.88     8.461     173809    0    0    0    0    0
2015  3 18  0 13     5.42   -12.03    -3.27    -607.6     73.88    -32.17     9.987     173505    0    0    0    0    0
2015  3 18  0 14     5.40   -11.84    -3.72    -608.9     72.25    -34.01     9.934     173505    0    0    0    0    0
2015  3 18  0 15     5.40   -11.36    -3.92    -615.3     71.78    -36.18     9.743     175202    0    0    0    0    0
2015  3 18  0 16     5.74   -11.22    -3.74    -618.2     71.61    -36.46     8.861     178739    0    0    0    0    0
2015  3 18  0 17     5.84   -11.50    -3.67    -617.3     70.18    -37.20     8.287     179551    0    0    0    0    0
2015  3 18  0 18     6.14   -11.93    -3.33    -615.0     69.66    -37.10     8.009     175434    0    0    0    0    0
2015  3 18  0 19     6.67   -12.34    -2.78    -613.1     70.16    -35.39     7.740     167028    0    0    0    0    0
2015  3 18  0 20     6.90   -12.50    -2.83    -613.5     70.81    -33.20     7.493     160236    0    0    0    0    0
2015  3 18  0 21     6.95   -12.53    -3.09    -613.2     67.71    -32.12     7.268     153214    0    0    0    0    0
2015  3 18  0 22     6.60   -12.35    -4.02    -611.3     60.38    -29.63     7.051     146673    0    0    0    0    0
2015  3 18  0 23     6.11   -12.29    -5.00    -611.2     54.37    -23.75     6.798     139226    0    0    0    0    0
2015  3 18  0 24     6.11   -12.37    -5.08    -607.5     45.88    -20.44     6.602     133287    0    0    0    0    0
2015  3 18  0 25     6.74   -12.60    -5.36    -607.1     42.10    -19.87     6.289     126007    0    0    0    0    0
2015  3 18  0 26     7.23   -12.51    -5.52    -608.0     38.09    -19.60     5.940     118486    0    0    0    0    0
2015  3 18  0 27     7.77   -12.43    -5.45    -607.3     37.84    -19.42     5.617     110737    0    0    0    0    0
2015  3 18  0 28     8.02   -12.45    -5.46    -602.0     36.26    -16.95     5.437     105477    0    0    0    0    0
2015  3 18  0 29     8.03   -12.45    -5.69    -596.1     33.76    -14.45     5.285     100460    0    0    0    0    0
2015  3 18  0 30     7.83   -12.43    -6.11    -590.1     30.57    -11.98     5.150      95524    0    0    0    0    0
2015  3 18  0 31     6.88   -12.62    -7.29    -588.1     29.28     -9.96     4.995      87832    0    0    0    0    0
2015  3 18  0 32     6.63   -12.79    -7.49    -585.8     27.84     -9.14     4.838      80548    0    0    0    0    0
2015  3 18  0 33     6.58   -12.98    -7.44    -584.2     23.61     -8.33     4.686      75263    0    0    0    0    0
2015  3 18  0 34     7.23   -13.46    -6.91    -582.5     12.70    -13.64     4.526      70866    0    0    0    0    1
2015  3 18  0 35     7.71   -13.74    -6.65    -581.6      5.97    -17.89     4.313      66072    0    0    0    0    1
2015  3 18  0 36     7.79   -13.64    -6.75    -578.5      6.82    -17.95     4.102      61816    0    0    0    0    1
2015  3 18  0 37     7.93   -13.50    -6.75    -572.5      8.44    -17.96     3.936      58466    0    0    0    0    1
2015  3 18  0 38     8.10   -13.44    -6.80    -567.7     11.37    -17.96     3.757      54319    0    0    0    0    0
2015  3 18  0 39     8.18   -13.32    -6.97    -565.4     13.14    -16.27     3.543      51379    0    0    0    0    0
2015  3 18  0 40     8.00   -13.24    -7.09    -568.8     13.85    -14.80     3.256      48880    0    0    0    0    0
2015  3 18  0 41     7.81   -13.53    -6.79    -575.3     13.32    -13.32     2.949      45748    0    0    0    0    0
2015  3 18  0 42     7.47   -13.66    -6.79    -580.5      9.00    -13.37     2.829      43152    0    0    0    0    0
2015  3 18  0 43     7.40   -13.64    -6.65    -579.4     12.12    -10.13     2.792      42938    1    1    1    1    1
2015  3 18  0 44     7.39   -13.61    -6.30    -577.1     17.83     -4.33     2.727      43098    1    1    1    1    1
2015  3 18  0 45     7.72   -13.61    -5.91    -575.1     19.94     -2.53     2.703      43352    0    0    0    0    0
2015  3 18  0 46     7.90   -13.58    -5.79    -570.1     21.05      0.26     2.583      43652    0    0    0    0    0
2015  3 18  0 47     8.19   -13.53    -5.74    -566.4     23.30      1.02     2.605      43961    0    0    0    0    0
2015  3 18  0 48     8.34   -13.45    -5.75    -563.7     26.53      0.49     2.728      44653    0    0    0    0    0
2015  3 18  0 49     8.32   -13.37    -5.80    -562.1     29.36     -1.52     2.845      45595    0    0    0    0    0
2015  3 18  0 50     8.31   -13.35    -5.87    -561.7     29.91     -4.67     2.846      46521    0    0    0    0    0
2015  3 18  0 51     8.22   -13.38    -5.99    -564.8     27.69     -6.50     2.907      47199    0    0    0    0    0
2015  3 18  0 52     8.18   -13.42    -5.75    -568.2     25.70     -6.20     3.043      46644    0    0    0    0    0
2015  3 18  0 53     8.29   -13.57    -5.61    -567.3     27.23     -3.58     3.036      42807    0    0    0    0    0
2015  3 18  0 54     8.36   -13.68    -4.97    -567.1     28.06     -2.37     2.942      40615    0    0    0    0    0
2015  3 18  0 55     8.32   -13.76    -4.60    -567.4     27.42     -0.62     2.888      40615    0    0    0    0    0
2015  3 18  0 56     8.54   -13.65    -4.58    -564.8     26.85      2.19     2.880      42314    0    0    0    0    0
2015  3 18  0 57     8.88   -13.49    -4.57    -561.7     26.62      4.06     2.885      44240    0    0    0    0    0
2015  3 18  0 58     9.09   -13.41    -4.64    -560.4     26.43      3.06     2.880      45437    0    0    0    0    0
2015  3 18  0 59     9.06   -13.43    -4.83    -560.1     25.36     -0.73     2.831      48217    0    0    0    0    0
2015  3 18  1  0     8.62   -13.61    -4.94    -558.9     22.95     -3.67     2.916      48094    0    0    0    0    0
2015  3 18  1  1     8.32   -13.46    -5.44    -560.7     20.22     -8.47     2.963      46434    0    0    0    0    0
2015  3 18  1  2     8.08   -13.51    -5.69    -564.4     20.48    -11.73     3.043      44318    0    0    0    0    0
2015  3 18  1  3     7.98   -13.56    -5.67    -564.0     20.57    -11.48     2.934      44058    0    0    0    0    0
2015  3 18  1  4     7.53   -13.62    -5.69    -565.0     20.38    -11.63     2.787      42357    0    0    0    0    0
2015  3 18  1  5     7.06   -13.58    -6.25    -573.0     18.22    -15.52     2.867      40995    0    0    0    0    0
2015  3 18  1  6     6.78   -13.55    -6.59    -577.3     15.59    -16.05     2.929      45034    0    0    0    0    0
2015  3 18  1  7     6.85   -13.45    -6.77    -576.1     15.85    -15.84     2.951      44928    0    0    0    0    0
2015  3 18  1  8     6.95   -13.36    -6.97    -573.0     16.73    -17.75     2.954      44477    0    0    0    0    0
2015  3 18  1  9     7.11   -13.36    -6.82    -572.3     18.01    -17.33     2.971      42602    0    0    0    0    0
2015  3 18  1 10     7.30   -13.33    -6.76    -571.7     18.83    -16.66     2.880      42509    0    0    0    0    0
2015  3 18  1 11     7.50   -13.31    -6.64    -570.3     19.02    -16.29     2.884      42989    0    0    0    0    0
2015  3 18  1 12     7.56   -13.49    -6.46    -569.9     17.03    -15.71     2.888      43086    0    0    0    0    0
2015  3 18  1 13     7.42   -13.54    -6.49    -571.2     14.52    -17.32     3.006      44434    0    0    0    0    0
2015  3 18  1 14     7.32   -13.46    -6.67    -573.9     13.34    -20.22     3.082      50858    0    0    0    0    0
2015  3 18  1 15     7.03   -13.45    -6.85    -576.1     12.91    -20.39     3.119      50957    0    0    0    0    0
2015  3 18  1 16     7.01   -13.61    -6.56    -578.3     10.01    -19.21     2.938      49286    0    0    0    0    0
2015  3 18  1 17     6.89   -13.90    -6.12    -579.2      4.46    -17.06     2.720      45735    0    0    0    0    0
2015  3 18  1 18     6.78   -13.90    -6.21    -576.8      6.05    -16.68     2.860      46053    0    0    0    0    0
2015  3 18  1 19     7.11   -13.70    -6.17    -573.8     11.84    -16.40     3.360      47188    0    0    0    0    0
2015  3 18  1 20     7.29   -13.68    -6.11    -570.4     13.60    -12.53     3.394      47188    0    0    0    0    0
2015  3 18  1 21     7.38   -13.60    -5.86    -568.4     13.03     -9.76     3.251      44288    0    0    0    0    0
2015  3 18  1 22     7.48   -13.59    -5.68    -566.4     12.10     -8.84     3.215      43140    0    0    0    0    0
2015  3 18  1 23     7.60   -13.53    -5.57    -566.9     11.38     -9.52     3.117      44663    0    0    0    0    0
2015  3 18  1 24     7.55   -13.56    -5.33    -566.4     11.82     -9.93     3.179      51516    0    0    0    0    0
2015  3 18  1 25     7.66   -13.50    -5.18    -563.9     13.84     -9.19     3.292      56649    0    0    0    0    0
2015  3 18  1 26     7.92   -13.36    -5.08    -561.2     16.03     -8.36     3.330      57900    0    0    0    0    0
2015  3 18  1 27     7.97   -13.31    -4.82    -559.0     16.54     -8.75     3.381      57900    0    0    0    0    0
2015  3 18  1 28     7.97   -13.04    -5.01    -558.1     18.04     -9.73     3.483      57525    0    0    0    0    0
2015  3 18  1 29     8.16   -13.04    -5.00    -554.9     18.86    -12.03     3.410      51896    0    0    0    0    0
2015  3 18  1 30     8.66   -13.06    -3.82    -554.9     21.20     -5.87     3.477      45864    0    0    0    0    0
2015  3 18  1 31     8.62   -13.31    -3.84    -556.8     21.31     -4.54     3.559      39789    0    0    0    0    0
2015  3 18  1 32     8.58   -13.41    -4.25    -558.4     20.57     -4.54     3.550      39805    0    0    0    0    0
2015  3 18  1 33     9.09   -13.09    -4.52    -557.1     20.05     -4.52     3.537      41219    0    0    0    0    0
2015  3 18  1 34     9.01   -12.82    -5.08    -556.3     19.87     -3.28     3.528      41219    0    0    0    0    0
2015  3 18  1 35     8.99   -12.78    -5.13    -554.6     18.53     -3.76     3.552      42515    0    0    0    0    0
2015  3 18  1 36     8.86   -12.92    -5.37    -554.9     16.99     -4.46     3.527      39477    0    0    0    0    0
2015  3 18  1 37     8.32   -13.26    -5.18    -556.0     15.93     -6.05     3.609      38872    0    0    0    0    0
2015  3 18  1 38     8.12   -13.29    -4.52    -555.3     15.80     -5.87     3.641      38717    0    0    0    0    0
2015  3 18  1 39     8.29   -13.39    -4.15    -551.8     19.55     -1.03     3.628      38205    0    0    0    0    0
2015  3 18  1 40     8.40   -13.47    -3.98    -549.5     21.59      2.12     3.625      37882    0    0    0    0    0
2015  3 18  1 41     8.61   -13.42    -3.89    -550.7     19.39      2.58     3.652      37821    0    0    0    0    0
2015  3 18  1 42     8.85   -13.27    -3.97    -552.2     17.65      1.41     3.680      38636    0    0    0    0    0
2015  3 18  1 43     8.88   -13.26    -4.25    -553.7     18.32     -2.08     3.821      41420    0    0    0    0    0
2015  3 18  1 44     8.94   -13.24    -4.34    -554.2     19.16     -4.07     3.802      42648    0    0    0    0    0
2015  3 18  1 45     8.86   -13.14    -4.50    -554.4     19.53     -4.00     3.930      42780    0    0    0    0    0
2015  3 18  1 46     8.83   -13.02    -4.49    -553.9     19.55     -3.39     3.961      42051    0    0    0    0    0
2015  3 18  1 47     9.18   -12.88    -4.48    -554.2     17.93      0.39     3.794      39870    0    0    0    0    0
2015  3 18  1 48     9.40   -12.76    -4.34    -553.1     16.11      3.83     3.570      38781    0    0    0    0    0
2015  3 18  1 49     9.27   -12.92    -4.17    -551.8     14.99      4.85     3.516      38564    0    0    0    0    0
2015  3 18  1 50     8.97   -13.10    -4.20    -551.3     14.36      4.74     3.573      41195    0    0    0    0    0
2015  3 18  1 51     8.84   -13.21    -4.20    -551.2     15.28      3.80     3.594      42830    0    0    0    0    0
2015  3 18  1 52     9.00   -13.26    -3.77    -551.6     17.61      3.14     3.635      42019    0    0    0    0    0
2015  3 18  1 53     9.22   -13.24    -3.50    -551.6     19.16      4.95     3.780      41540    0    0    0    0    0
2015  3 18  1 54     9.27   -13.24    -3.24    -551.5     19.95      7.11     3.852      41548    0    0    0    0    0
2015  3 18  1 55     9.16   -13.38    -2.75    -552.0     20.25      8.18     3.769      41577    0    0    0    0    0
2015  3 18  1 56     9.03   -13.54    -2.35    -554.0     20.81      9.55     3.616      43611    0    0    0    0    0
2015  3 18  1 57     8.97   -13.65    -2.05    -555.6     20.32     11.75     3.602      44154    0    0    0    0    0
2015  3 18  1 58     8.85   -13.65    -2.15    -555.0     19.33      6.12     3.566      43886    0    1    1    1    1
2015  3 18  1 59     8.90   -13.28    -3.34    -553.9     20.37      1.02     3.598      43216    0    1    1    1    1
2015  3 18  2  0     8.98   -13.02    -4.16    -552.6     21.89     -3.76     3.612      43044    0    1    1    1    1
2015  3 18  2  1     9.00   -12.68    -5.08    -553.0     21.10    -13.17     3.788      44441    0    1    1    1    1
2015  3 18  2  2     9.00   -12.61    -5.37    -552.9     18.90    -16.03     3.865      44964    0    0    0    0    0
2015  3 18  2  3     9.02   -12.63    -5.40    -552.2     18.25    -15.85     3.738      43784    0    0    0    0    0
2015  3 18  2  4     9.06   -12.57    -5.38    -551.1     18.94    -14.86     3.660      43236    0    0    0    0    0
2015  3 18  2  5     9.33   -12.50    -4.90    -549.8     19.76    -12.93     3.662      44495    0    0    0    0    0
2015  3 18  2  6     9.64   -12.52    -4.23    -548.1     21.41     -8.46     3.664      45644    0    0    0    0    0
2015  3 18  2  7     9.74   -12.64    -3.80    -547.1     22.46     -2.83     3.604      45254    0    0    0    0    0
2015  3 18  2  8     9.50   -12.89    -3.49    -549.7     19.38     -1.26     3.450      41765    0    0    0    0    0
2015  3 18  2  9     9.25   -13.10    -3.21    -550.7     17.44     -0.82     3.352      39159    0    0    0    0    0
2015  3 18  2 10     9.31   -13.11    -3.07    -549.3     17.33      0.28     3.367      39759    0    0    0    0    0
2015  3 18  2 11     9.45   -13.02    -3.01    -547.2     18.13      1.51     3.427      40732    0    0    0    0    0
2015  3 18  2 12     9.55   -12.88    -3.01    -545.4     18.97      2.35     3.455      41490    0    0    0    0    0
2015  3 18  2 13     9.59   -12.85    -3.08    -543.9     19.56      2.17     3.438      42228    0    0    0    0    0
2015  3 18  2 14     9.46   -12.87    -3.25    -543.1     18.40     -0.11     3.402      44188    0    0    0    0    0
2015  3 18  2 15     9.30   -12.89    -3.25    -544.1     17.78     -0.41     3.419      44188    0    0    0    0    0
2015  3 18  2 16     9.30   -12.88    -3.47    -544.1     18.35     -1.95     3.474      44443    0    0    0    0    0
2015  3 18  2 17     9.36   -12.59    -4.11    -542.9     22.32     -8.93     3.573      46079    0    0    0    0    0
2015  3 18  2 18     9.35   -12.17    -4.59    -541.6     23.76    -18.93     3.570      46814    0    0    0    0    0
2015  3 18  2 19     9.36   -12.05    -5.11    -541.9     18.98    -18.11     3.527      48733    0    0    0    0    0
2015  3 18  2 20     9.39   -12.06    -4.92    -539.8     19.77    -14.23     3.796      50198    0    0    0    0    0
2015  3 18  2 21     9.54   -11.94    -4.62    -537.4     21.97    -12.23     3.831      50465    0    0    0    0    0
2015  3 18  2 22     9.87   -11.81    -4.38    -534.3     25.11     -9.58     3.759      49642    0    0    0    1    1
2015  3 18  2 23    10.23   -11.70    -4.07    -531.7     27.91     -5.74     3.666      48663    0    0    0    1    1
2015  3 18  2 24    10.39   -11.66    -3.20    -532.1     28.23      0.03     3.639      51538    0    0    0    1    1
2015  3 18  2 25    10.49   -11.67    -2.00    -532.2     28.18      7.20     3.664      58302    0    0    0    0    0
2015  3 18  2 26    10.64   -11.54    -1.21    -531.2     31.19     14.27     3.639      56795    0    0    0    0    0
2015  3 18  2 27    10.84   -11.26    -0.27    -529.4     37.21     20.93     3.578      51470    0    0    0    0    0
2015  3 18  2 28    11.04   -10.99     0.33    -530.5     34.60     20.34     3.424      46894    0    0    0    0    0
2015  3 18  2 29    10.71   -11.38    -0.52    -534.2     25.97     13.44     3.394      48070    0    0    0    0    0
2015  3 18  2 30     9.98   -12.17    -2.06    -539.5     20.33      0.73     3.620      54210    0    0    0    0    0
2015  3 18  2 31     8.96   -12.35    -2.09    -544.3     18.14     -4.97     3.643      54974    0    0    0    0    0
2015  3 18  2 32     8.59   -12.58    -1.30    -547.7     17.18     -0.61     3.571      53733    0    0    0    0    0
2015  3 18  2 33     8.66   -12.70    -0.83    -545.4     16.83      4.18     3.648      55000    0    0    0    0    0
2015  3 18  2 34     8.80   -12.73    -0.96    -548.7      9.41      5.08     3.777      59439    0    0    0    0    0
2015  3 18  2 35     8.51   -12.90    -1.32    -548.4      8.21      3.77     3.800      59537    0    0    0    0    0
2015  3 18  2 36     8.25   -13.11    -1.66    -549.7      8.37      3.01     3.755      58205    0    0    0    0    0
2015  3 18  2 37     7.82   -13.23    -1.96    -551.0      8.13      1.75     3.700      55140    0    0    0    0    0
2015  3 18  2 38     7.25   -13.35    -2.52    -553.4      6.99      0.57     3.740      53924    0    0    0    0    0
2015  3 18  2 39     6.99   -13.51    -2.96    -554.8      4.09     -2.49     3.724      55088    0    0    0    0    0
2015  3 18  2 40     6.79   -13.60    -2.59    -560.1      1.82     -3.14     3.625      56631    0    0    0    0    0
2015  3 18  2 41     7.05   -13.57    -1.88    -557.4      2.03     -1.30     3.412      56596    0    0    0    0    0
2015  3 18  2 42     7.65   -13.07    -1.48    -549.4      8.85      3.72     3.246      54493    0    0    0    0    0
2015  3 18  2 43     8.35   -12.65    -1.23    -544.5     12.88      6.74     3.117      53354    0    0    0    0    0
2015  3 18  2 44     9.04   -12.22    -0.97    -539.6     16.91      9.74     2.989      52215    0    0    0    0    0
2015  3 18  2 45     9.38   -12.08    -0.97    -540.3     16.74     11.21     3.168      60110    0    1    1    1    1
2015  3 18  2 46     9.21   -12.10    -0.84    -540.9     16.38     11.20     3.367      63135    0    1    1    1    1
2015  3 18  2 47     9.01   -12.25    -0.78    -541.7     16.03     13.87     3.521      68434    0    1    1    1    1
2015  3 18  2 48     8.72   -12.34    -0.42    -543.3     14.44     12.24     3.727      68620    0    1    1    1    1
2015  3 18  2 49     8.43   -12.50    -1.12    -541.8     11.03      0.16     3.866      68620    0    1    1    1    1
2015  3 18  2 50     8.30   -12.53    -1.91    -540.3     12.04     -2.00     3.874      66637    0    0    0    0    0
2015  3 18  2 51     8.16   -12.65    -1.93    -543.8     13.66      3.45     3.878      66334    0    0    0    0    0
2015  3 18  2 52     8.08   -12.87     0.02    -549.9     12.80      7.67     3.755      64210    0    0    0    0    0
2015  3 18  2 53     8.07   -12.88     0.72    -550.1     12.46      5.01     3.624      60906    0    1    1    1    1
2015  3 18  2 54     8.11   -12.81     0.42    -549.0     12.15      1.54     3.619      58568    0    1    1    1    1
2015  3 18  2 55     8.31   -12.63    -0.02    -548.4     11.60     -1.34     3.673      57101    0    1    1    1    1
2015  3 18  2 56     7.90   -12.83    -1.19    -549.4      9.72     -3.37     3.662      56513    0    1    1    1    1
2015  3 18  2 57     6.95   -13.41    -2.12    -552.9      5.85     -5.68     3.600      59454    0    0    0    0    1
2015  3 18  2 58     6.36   -13.67    -1.74    -553.5      4.60     -6.31     3.601      62635    0    0    0    0    0
2015  3 18  2 59     6.34   -13.62    -1.70    -558.5      4.95     -7.06     3.705      62923    0    0    0    0    0
2015  3 18  3  0     6.60   -13.50    -2.12    -556.6      4.48     -9.64     3.722      59352    0    0    0    0    0
2015  3 18  3  1     6.87   -13.34    -2.51    -556.3      3.83    -12.09     3.723      59233    0    0    0    0    0
2015  3 18  3  2     7.34   -13.00    -2.86    -553.4      5.36    -15.51     3.851      60581    0    0    0    0    0
2015  3 18  3  3     7.70   -12.75    -2.99    -551.1      6.32    -18.18     4.030      61146    0    0    0    0    0
2015  3 18  3  4     7.73   -12.75    -2.85    -550.8      6.46    -16.96     4.133      71654    0    0    0    0    0
2015  3 18  3  5     7.40   -12.99    -2.68    -553.1      4.88    -14.58     4.094      79235    0    0    0    0    0
2015  3 18  3  6     7.08   -13.11    -3.16    -554.7      4.13    -19.32     3.951      74855    0    0    0    0    0
2015  3 18  3  7     7.29   -12.90    -3.44    -551.5      4.71    -22.32     3.976      74017    0    0    0    0    0
2015  3 18  3  8     7.28   -12.83    -3.75    -549.7      5.08    -24.01     4.014      74017    0    0    0    0    0
2015  3 18  3  9     7.05   -12.79    -4.20    -549.9      4.90    -23.62     4.029      73277    0    0    0    0    0
2015  3 18  3 10     6.59   -12.96    -4.25    -553.8      1.77    -20.36     4.206      67396    0    0    0    0    0
2015  3 18  3 11     6.35   -13.07    -4.36    -553.8     -1.48    -20.80     4.016      63563    0    0    0    0    0
2015  3 18  3 12     6.32   -13.12    -4.23    -550.9     -2.79    -21.47     3.865      60993    0    0    0    0    0
2015  3 18  3 13     6.69   -12.95    -3.86    -547.3     -2.55    -21.41     3.765      59699    0    0    0    0    0
2015  3 18  3 14     7.51   -12.52    -3.33    -543.5     -0.78    -20.62     3.698      59916    0    0    0    0    0
2015  3 18  3 15     8.72   -11.89    -2.81    -540.0      3.80    -18.64     3.782      61782    0    0    0    0    0
2015  3 18  3 16     9.11   -11.63    -2.57    -536.9      9.42    -16.67     3.999      62766    0    0    0    0    0
2015  3 18  3 17     9.28   -11.43    -2.57    -535.8     13.94    -14.30     4.255      63120    0    0    0    0    0
2015  3 18  3 18     9.25   -11.46    -2.81    -537.8     14.90    -12.31     4.373      63080    0    0    0    0    0
2015  3 18  3 19     8.89   -11.71    -2.91    -539.6     13.29    -12.66     4.225      60616    0    0    0    0    0
2015  3 18  3 20     8.45   -11.98    -3.45    -543.3      9.86    -17.48     4.192      60235    0    0    0    0    0
2015  3 18  3 21     7.37   -12.34    -4.36    -547.2      7.43    -25.79     4.077      62110    0    0    0    0    0
2015  3 18  3 22     6.50   -12.43    -5.21    -559.4      1.89    -31.60     3.816      61343    0    0    0    0    0
2015  3 18  3 23     6.10   -12.82    -5.27    -564.8     -3.15    -30.67     3.780      62211    0    0    0    0    0
2015  3 18  3 24     5.66   -13.21    -5.19    -567.7     -2.78    -34.07     3.855      63126    0    0    0    0    0
2015  3 18  3 25     5.56   -12.86    -5.20    -566.0     -1.50    -35.64     3.708      61969    0    0    0    0    0
2015  3 18  3 26     5.87   -12.61    -5.20    -562.6     -0.79    -34.81     3.575      59997    0    0    0    0    0
2015  3 18  3 27     6.45   -12.62    -5.12    -558.1     -0.79    -32.50     3.539      57978    0    0    0    0    0
2015  3 18  3 28     6.74   -12.79    -4.29    -555.8     -0.93    -28.59     3.614      57978    0    0    0    0    0
2015  3 18  3 29     6.91   -12.86    -3.83    -555.0     -1.34    -25.90     3.845      63017    0    0    0    0    0
2015  3 18  3 30     6.73   -12.95    -3.87    -559.9     -4.37    -24.64     3.918      70690    0    0    0    0    0
2015  3 18  3 31     5.67   -13.21    -4.50    -566.8     -8.55    -26.44     4.114      68664    0    0    0    0    0
2015  3 18  3 32     5.85   -13.10    -4.34    -565.1     -9.11    -26.78     4.134      67370    0    0    0    0    0
2015  3 18  3 33     6.30   -12.98    -3.99    -563.2    -14.04    -25.93     4.090      67859    0    0    0    0    0
2015  3 18  3 34     6.22   -13.13    -3.69    -564.1    -14.87    -24.60     3.857      68634    0    0    0    0    0
2015  3 18  3 35     5.77   -13.48    -3.35    -567.0     -7.53    -24.42     3.798      67186    0    0    0    0    0
2015  3 18  3 36     5.91   -13.44    -3.21    -565.3     -7.42    -23.64     3.891      65440    0    0    0    0    0
2015  3 18  3 37     6.12   -13.30    -3.31    -561.9     -5.35    -23.78     3.901      64619    0    0    0    0    0
2015  3 18  3 38     6.26   -13.17    -3.58    -559.2     -3.13    -26.83     3.915      64713    0    0    0    0    0
2015  3 18  3 39     6.31   -13.08    -3.78    -558.4     -1.09    -30.09     4.014      65414    0    0    0    0    0
2015  3 18  3 40     6.42   -12.84    -4.15    -559.0     -0.51    -32.68     4.027      65967    0    0    0    0    0
2015  3 18  3 41     6.60   -12.66    -4.34    -562.1     -2.25    -32.81     4.207      66403    0    0    0    0    0
2015  3 18  3 42     6.56   -12.69    -4.05    -562.8     -7.35    -28.43     4.291      68117    0    0    0    0    0
2015  3 18  3 43     6.33   -12.86    -3.37    -560.9    -11.18    -25.60     4.366      71031    0    0    0    0    0
2015  3 18  3 44     5.92   -13.06    -2.91    -557.6    -13.05    -28.07     4.399      75765    0    0    0    0    0
2015  3 18  3 45     6.64   -12.83    -2.35    -557.4    -12.58    -30.25     3.991      75751    0    0    0    0    0
2015  3 18  3 46     7.03   -12.55    -2.32    -557.4    -12.16    -27.98     4.075      74936    0    0    0    0    0
2015  3 18  3 47     7.61   -12.35    -2.59    -550.9    -12.22    -24.18     4.139      74936    0    0    0    0    0
2015  3 18  3 48     7.99   -12.21    -2.95    -546.6    -11.07    -22.35     4.277      74936    0    0    0    0    0
2015  3 18  3 49     7.41   -12.28    -3.81    -552.5     -9.08    -26.80     4.437      71335    0    0    0    0    0
2015  3 18  3 50     6.92   -12.29    -4.37    -553.7     -7.92    -27.12     4.303      67351    0    0    0    0    0
2015  3 18  3 51     6.56   -12.29    -4.67    -560.3     -9.06    -35.89     4.070      66647    0    0    0    0    0
2015  3 18  3 52     6.70   -12.30    -4.51    -557.7     -9.68    -29.35     4.068      66664    0    0    0    0    0
2015  3 18  3 53     6.62   -12.42    -4.65    -559.3     -9.27    -31.72     4.078      67096    0    0    0    0    0
2015  3 18  3 54     6.70   -12.49    -4.74    -558.7     -4.27    -31.60     4.144      67096    0    0    0    0    0
2015  3 18  3 55     6.43   -12.39    -5.18    -561.1     -3.20    -36.37     4.321      67845    0    0    0    0    0
2015  3 18  3 56     5.46   -12.01    -6.63    -573.6     -2.67    -51.42     4.516      72548    0    1    1    1    1
2015  3 18  3 57     5.81   -12.00    -6.99    -570.8     -4.07    -51.46     4.436      86401    0    1    1    1    1
2015  3 18  3 58     6.04   -11.77    -6.97    -568.0     -5.09    -49.76     4.361      89300    0    1    1    1    1
2015  3 18  3 59     6.43   -11.57    -6.73    -563.1     -5.53    -47.60     4.246      89743    0    1    1    1    1
2015  3 18  4  0     6.94   -11.42    -6.38    -557.1     -5.64    -45.34     4.107      90023    0    1    1    1    1
2015  3 18  4  1     7.66   -11.65    -5.02    -551.2     -6.35    -40.39     4.016      90088    0    1    1    1    1
2015  3 18  4  2     8.24   -11.88    -3.83    -546.4     -7.14    -35.33     3.883      90861    0    0    0    0    0
2015  3 18  4  3     8.56   -12.07    -2.99    -543.5     -7.57    -30.32     3.699      92973    0    0    0    0    0
2015  3 18  4  4     8.91   -11.92    -2.52    -539.2     -4.48    -26.96     3.699      95271    0    0    0    0    0
2015  3 18  4  5     8.99   -11.93    -2.15    -538.6     -2.70    -23.79     3.803      96633    0    0    0    0    0
2015  3 18  4  6     8.77   -12.08    -1.99    -539.1     -1.98    -20.63     3.851     100938    0    0    0    0    0
2015  3 18  4  7     8.74   -12.10    -1.90    -538.6     -0.73    -16.75     3.801     102001    0    0    0    0    0
2015  3 18  4  8     8.83   -12.05    -1.73    -538.0      0.39    -13.64     3.718     101799    0    0    0    0    0
2015  3 18  4  9     8.80   -12.11    -1.57    -540.6     -0.57    -14.27     3.557     100480    0    0    0    0    0
2015  3 18  4 10     8.51   -12.20    -1.67    -543.7     -3.92    -15.58     3.367     100333    0    0    0    0    0
2015  3 18  4 11     7.90   -12.55    -1.70    -546.8     -6.61    -15.52     3.349      98255    0    0    0    0    0
2015  3 18  4 12     7.78   -12.59    -1.65    -547.8     -7.61    -17.62     3.533      93734    0    0    0    0    0
2015  3 18  4 13     7.89   -12.36    -2.15    -547.9     -7.92    -23.93     3.594      93721    0    0    0    0    0
2015  3 18  4 14     8.03   -12.02    -3.13    -546.3     -6.58    -30.31     3.531      93939    0    0    0    0    0
2015  3 18  4 15     8.11   -11.84    -3.44    -542.4     -3.17    -34.36     3.358      94523    0    0    0    0    0
2015  3 18  4 16     8.22   -11.71    -3.43    -538.8      0.65    -35.88     3.174      93898    0    0    0    0    0
2015  3 18  4 17     8.42   -11.58    -3.13    -537.1      1.39    -33.44     3.187      90464    0    0    0    0    0
2015  3 18  4 18     8.73   -11.50    -2.41    -538.8     -0.36    -25.76     3.253      88727    0    0    0    0    0
2015  3 18  4 19     7.62   -12.33    -1.42    -560.8     -7.81    -13.98     3.424     107883    0    0    0    0    0
2015  3 18  4 20     7.78   -12.05    -0.98    -556.0     -4.46     -7.74     3.383     107883    0    0    0    0    0
2015  3 18  4 21     7.96   -11.80    -0.26    -554.0     -2.29     -3.91     3.235      95113    0    0    0    0    0
2015  3 18  4 22     8.02   -11.59     0.33    -549.2      2.46      0.01     3.197      90180    0    0    0    0    0
2015  3 18  4 23     8.12   -11.37     0.81    -543.7      7.52      3.80     3.197      88383    0    0    0    0    0
2015  3 18  4 24     8.59   -11.13     0.90    -539.0      9.70      6.24     3.197      88383    0    0    0    0    0
2015  3 18  4 25     8.58   -11.56     1.17    -540.0      9.73      6.14     3.108      91639    0    0    0    0    0
2015  3 18  4 26     8.69   -11.64     1.21    -540.0      7.36      3.72     2.954      98500    0    0    0    0    0
2015  3 18  4 27     8.50   -11.85     0.72    -542.7      5.42     -0.47     2.981     107722    0    0    0    0    0
2015  3 18  4 28     8.36   -11.91     0.48    -544.6      2.22     -5.53     3.075     107544    0    0    0    0    0
2015  3 18  4 29     8.18   -11.92     0.16    -544.7      1.17    -10.30     3.139     106689    0    0    0    0    0
2015  3 18  4 30     7.99   -11.96    -0.62    -543.6     -0.12    -19.37     3.150     107345    0    0    0    0    0
2015  3 18  4 31     8.03   -11.93    -1.11    -544.3     -2.63    -25.78     3.074     113458    0    0    0    0    0
2015  3 18  4 32     7.79   -12.01    -1.73    -544.8     -3.10    -30.93     3.053     116452    0    0    0    0    0
2015  3 18  4 33     8.05   -11.58    -2.23    -545.9     -1.28    -37.95     3.060     115972    0    0    0    0    0
2015  3 18  4 34     8.15   -11.04    -2.55    -545.2      3.41    -42.16     2.974     113290    0    0    0    0    0
2015  3 18  4 35     8.03   -10.55    -2.87    -541.3      2.68    -42.06     2.881     108677    0    0    0    0    0
2015  3 18  4 36     8.22   -10.12    -3.49    -537.9      2.89    -39.25     2.838     106454    0    0    0    0    0
2015  3 18  4 37     8.64    -9.46    -3.73    -534.4      4.00    -34.67     2.843     100401    0    0    0    0    0
2015  3 18  4 38     9.04    -8.86    -3.61    -531.3      6.27    -29.28     2.882      94281    0    0    0    0    0
2015  3 18  4 39     9.18    -8.79    -3.16    -530.0     10.10    -23.68     2.953      94413    0    0    0    0    0
2015  3 18  4 40     9.67    -8.74    -2.47    -529.5     12.63    -16.61     3.065      95194    0    0    0    0    0
2015  3 18  4 41     9.90    -9.11    -1.82    -524.6     11.93    -18.62     3.120      95499    0    0    0    0    0
2015  3 18  4 42    10.00    -9.24    -1.72    -522.8     21.57    -14.40     3.166      97194    0    0    0    0    0
2015  3 18  4 43     9.18    -9.71    -1.63    -530.7     14.57    -15.05     3.162      99577    0    0    0    0    0
2015  3 18  4 44     8.53    -9.78    -0.76    -531.3     15.55    -10.94     3.173     109630    0    0    0    0    0
2015  3 18  4 45     8.47   -10.05     0.56    -533.4     18.19     -0.10     3.238     127050    0    0    0    0    0
2015  3 18  4 46     8.31   -10.10     1.31    -540.8     14.89      7.39     3.344     137031    0    0    0    0    0
2015  3 18  4 47     7.43   -10.12    -0.23    -549.8     11.94     -0.54     3.426     125084    0    0    0    0    0
2015  3 18  4 48     7.25    -9.77     0.66    -550.3     11.75     -2.43     3.173     107311    0    0    0    0    0
2015  3 18  4 49     6.99    -9.50     1.90    -548.5     12.24     -1.07     2.949     102399    0    0    0    0    0
2015  3 18  4 50     6.61    -9.46     2.29    -547.5     20.84      7.30     2.927     106714    0    0    0    0    0
2015  3 18  4 51     6.52    -9.22     2.74    -551.9     39.94     20.32     3.071     120491    0    0    0    0    0
2015  3 18  4 52     6.65    -8.99     2.67    -551.7     42.04     18.11     3.069     123728    0    0    0    0    0
2015  3 18  4 53     6.91    -9.19     1.67    -547.8     37.41      8.72     3.028     115653    0    0    0    0    0
2015  3 18  4 54     7.31    -9.57     0.55    -542.7     30.13     -4.57     3.006     102591    0    0    0    0    0
2015  3 18  4 55     8.03    -9.57    -0.79    -536.0     26.14    -23.43     3.020     102591    0    0    0    0    0
2015  3 18  4 56     8.64    -9.40    -2.04    -530.4     22.66    -41.06     3.104     103785    0    0    0    0    0
2015  3 18  4 57     8.78    -8.69    -2.82    -529.8     21.76    -51.65     3.426     112498    0    0    0    0    0
2015  3 18  4 58     8.31    -8.92    -2.71    -530.6     23.87    -46.52     3.493     133920    0    0    0    0    0
2015  3 18  4 59     6.92   -10.13     1.42    -541.3     24.62    -11.91     3.305     122206    0    0    0    0    0
2015  3 18  5  0     7.38   -10.20     2.14    -542.0     11.87    -27.62     3.270     115818    0    0    0    0    0
2015  3 18  5  1     8.36   -10.16     0.28    -541.8      9.58    -36.70     3.199     115818    0    0    0    0    0
2015  3 18  5  2     8.41   -10.05    -0.17    -541.6      8.09    -34.09     3.064     120162    0    0    0    0    0
2015  3 18  5  3     8.39    -9.94    -0.77    -540.8      8.45    -31.28     3.252     127888    0    0    0    0    0
2015  3 18  5  4     8.35    -9.80    -1.08    -541.8     -3.13    -29.49     3.437     133417    0    0    0    0    0
2015  3 18  5  5     8.35    -9.70    -0.97    -540.5     -3.34    -29.63     3.432     138727    0    0    0    0    0
2015  3 18  5  6     8.27    -9.55    -0.78    -538.1      6.11    -29.99     3.061     139346    0    0    0    0    0
2015  3 18  5  7     8.31    -9.44    -0.54    -534.9     12.53    -29.76     2.865     135911    0    0    0    0    0
2015  3 18  5  8     8.36    -9.20     0.34    -533.0     14.20    -29.32     2.786     131655    0    0    0    0    0
2015  3 18  5  9     8.53    -8.82     1.57    -534.1     10.30    -30.02     2.783     130220    0    0    0    0    0
2015  3 18  5 10     8.72    -8.70     1.67    -534.9      6.62    -30.74     2.897     129557    0    0    0    0    0
2015  3 18  5 11     8.40    -8.70     2.14    -543.8      4.23    -29.94     3.028     132141    0    0    0    0    0
2015  3 18  5 12     6.26    -8.70     1.73    -558.8     -0.49    -31.74     3.302     154053    0    0    0    0    0
2015  3 18  5 13     6.40    -8.54     1.78    -558.9     -1.01    -36.95     3.471     133632    0    0    0    0    0
2015  3 18  5 14     7.51    -8.36     1.31    -554.0     -4.54    -39.98     3.452     133632    0    0    0    0    0
2015  3 18  5 15     7.81    -8.35     1.28    -553.3     -8.88    -44.45     3.584     136544    0    0    0    0    0
2015  3 18  5 16     6.58    -8.01     0.55    -558.4    -14.34    -51.15     3.800     137597    0    0    0    0    0
2015  3 18  5 17     5.90    -8.07     0.58    -565.7     -8.72    -56.21     3.930     141011    0    0    0    0    0
2015  3 18  5 18     3.55    -9.43    -4.59    -582.8     -5.32    -56.52     4.729     148423    0    0    0    0    1
2015  3 18  5 19     2.79   -10.18    -5.86    -586.1     -3.93    -55.70     4.754     150296    0    1    1    1    1
2015  3 18  5 20     2.76   -10.15    -5.69    -585.7     -5.69    -54.40     4.598     151417    0    1    1    1    1
2015  3 18  5 21     2.50    -9.97    -5.84    -583.2     -4.42    -55.80     4.438     153122    0    1    1    1    1
2015  3 18  5 22     2.50    -9.81    -6.01    -581.4     -3.48    -57.18     4.269     152895    0    1    1    1    1
2015  3 18  5 23     2.84    -9.72    -6.21    -578.5     -3.08    -58.42     4.193     151603    0    0    0    0    1
2015  3 18  5 24     3.26    -9.63    -6.48    -572.8     -1.49    -60.58     4.221     151210    0    0    0    0    1
2015  3 18  5 25     3.46    -9.69    -6.30    -572.7     -3.56    -56.62     4.417     149686    0    0    0    0    0
2015  3 18  5 26     3.52   -10.07    -5.71    -572.2     -5.76    -48.36     4.431     146916    0    0    0    0    0
2015  3 18  5 27     3.84   -10.60    -5.05    -570.3     -9.71    -41.16     4.502     146777    0    0    0    0    0
2015  3 18  5 28     4.64   -10.81    -3.97    -569.5     -8.55    -39.03     4.623     146777    0    0    0    0    0
2015  3 18  5 29     4.86   -10.95    -3.02    -569.5     -8.08    -38.19     4.588     146936    0    0    0    0    0
2015  3 18  5 30     5.14   -10.98    -2.75    -567.5     -8.01    -36.11     4.508     147372    0    0    0    0    0
2015  3 18  5 31     5.59   -10.93    -2.24    -564.1     -6.45    -33.10     4.431     147617    0    0    0    0    0
2015  3 18  5 32     5.98   -10.88    -1.64    -561.0     -4.86    -30.44     4.348     151855    0    0    0    0    0
2015  3 18  5 33     5.66   -11.00    -1.79    -565.0     -7.81    -32.65     4.210     175639    0    0    0    0    0
2015  3 18  5 34     5.24   -11.41    -1.76    -569.9    -10.25    -33.96     3.941     186876    0    0    0    0    0
2015  3 18  5 35     4.60   -11.63    -1.52    -570.5    -10.68    -27.84     3.667     160546    0    0    0    0    0
2015  3 18  5 36     4.67   -11.65    -0.56    -570.4    -11.19    -26.81     3.416     151890    0    0    0    0    0
2015  3 18  5 37     4.71   -11.75    -0.28    -571.6    -12.46    -27.88     3.070     143287    0    0    0    0    0
2015  3 18  5 38     4.91   -11.64    -0.12    -570.4    -11.73    -30.79     3.029     142501    0    0    0    0    0
2015  3 18  5 39     5.45   -11.36    -0.42    -568.6    -10.67    -32.85     3.030     143636    0    0    0    0    0
2015  3 18  5 40     5.96   -11.02    -0.25    -563.5     -7.82    -32.24     3.031     148093    0    0    0    0    0
2015  3 18  5 41     6.43   -10.65     0.18    -557.0     -4.15    -30.51     3.032     153972    0    0    0    0    0
2015  3 18  5 42     6.76   -10.49     0.38    -553.9      0.77    -27.61     3.022     154757    0    0    0    0    0
2015  3 18  5 43     6.93   -10.38     0.38    -554.2     -3.15    -28.49     3.052     158346    0    0    0    0    0
2015  3 18  5 44     6.98   -10.29    -0.75    -554.3     -3.52    -28.91     3.156     160769    0    0    0    0    0
2015  3 18  5 45     7.10   -10.26    -0.60    -552.6     -3.51    -25.31     3.209     161120    0    0    0    0    0
2015  3 18  5 46     7.17   -10.28     0.30    -551.5     -1.43    -19.79     3.144     159765    0    0    0    0    0
2015  3 18  5 47     7.38   -10.24     0.92    -550.1      0.50    -17.80     3.049     154372    0    0    0    0    0
2015  3 18  5 48     7.61    -9.96     1.19    -548.4      2.45    -17.39     2.987     150525    0    1    1    1    1
2015  3 18  5 49     7.75    -9.60     1.43    -547.0      5.28    -15.70     2.978     153622    0    1    1    1    1
2015  3 18  5 50     7.90    -9.35     1.77    -546.1      8.07    -12.50     3.011     159675    0    1    1    1    1
2015  3 18  5 51     7.96    -8.80     2.69    -546.6     12.08     -6.49     3.041     159675    0    0    0    0    0
2015  3 18  5 52     8.00    -8.55     3.95    -547.1     16.69     -3.10     3.116     163619    0    0    0    0    0
2015  3 18  5 53     8.06    -8.57     3.94    -543.7     17.59     -2.50     3.136     171539    0    0    0    0    0
2015  3 18  5 54     7.93    -8.84     2.76    -545.1     18.17     -2.27     3.275     175402    0    0    0    0    0
2015  3 18  5 55     7.84    -8.95     2.59    -547.7     16.95     -1.11     3.153     180631    0    0    0    0    0
2015  3 18  5 56     6.97    -9.17     2.97    -550.3     19.45      3.55     2.963     167223    0    0    0    0    0
2015  3 18  5 57     6.41    -9.37     3.28    -547.5     25.87      8.33     2.848     154814    0    0    0    0    0
2015  3 18  5 58     6.68    -8.29     3.67    -570.0     34.82     11.26     2.938     150647    0    0    0    0    0
2015  3 18  5 59     5.86    -7.28     6.30    -624.2     30.43     12.64     3.111     142773    0    0    0    1    1
2015  3 18  6  0     5.65    -7.46     6.53    -612.3     29.74     12.21     3.108     142093    0    0    0    1    1
2015  3 18  6  1     5.69    -7.47     6.46    -598.6     29.74     11.10     3.110     142093    0    0    0    1    1
2015  3 18  6  2     5.75    -7.47     6.38    -585.3     29.86     10.05     3.113     142458    0    0    0    1    1
2015  3 18  6  3     5.82    -7.47     6.29    -572.0     29.99      9.01     3.117     142822    0    0    0    1    1
2015  3 18  6  4     5.89    -7.47     6.20    -558.7     30.12      7.96     3.120     143186    0    0    0    1    1
2015  3 18  6  5     6.41    -7.36     5.85    -552.1     32.49      8.16     3.141     149745    0    0    0    1    1
2015  3 18  6  6     6.76    -7.30     5.48    -547.8     40.17     11.77     3.155     156593    0    0    0    1    1
2015  3 18  6  7     6.60    -7.71     5.11    -556.4     29.01     -0.03     3.155     161427    0    0    0    1    1
2015  3 18  6  8     6.54    -7.84     4.89    -556.9     17.95     -6.99     3.139     160364    0    0    0    1    1
2015  3 18  6  9     7.01    -8.25     4.18    -550.3     14.77     -6.64     3.126     159206    0    0    0    1    1
2015  3 18  6 10     7.38    -8.61     3.59    -545.1     11.91     -5.55     3.104     158259    0    0    0    1    1
2015  3 18  6 11     4.77    -8.11     5.72    -620.0     26.10     12.50     2.942     152436    0    0    0    1    1
2015  3 18  6 12     4.91    -7.48     6.16    -623.6     32.77     20.04     3.002     161349    0    0    0    1    1
2015  3 18  6 13     4.89    -6.89     6.90    -623.4     38.46     26.87     3.063     167238    0    0    0    1    1
2015  3 18  6 14     4.88    -6.40     7.27    -619.1     43.01     32.15     3.074     174915    0    0    0    1    1
2015  3 18  6 15     4.64    -6.29     7.46    -611.8     45.52     35.39     3.072     179774    0    0    0    1    1
2015  3 18  6 16     4.09    -6.60     7.56    -602.0     45.89     36.58     3.065     180482    0    0    0    1    1
2015  3 18  6 17     3.25    -7.39     7.64    -594.5     42.71     36.90     3.061     181337    0    0    0    1    1
2015  3 18  6 18     1.96    -9.00     7.61    -592.9     32.78     35.08     3.069     182500    0    0    0    1    2
2015  3 18  6 19     2.01    -9.01     7.47    -588.5     32.79     33.96     3.095     183350    0    0    0    1    2
2015  3 18  6 20     2.79    -9.29     7.02    -587.4     33.43     31.28     3.158     184402    0    0    0    1    2
2015  3 18  6 21     3.54    -9.37     6.68    -584.5     26.59     22.62     3.219     185441    0    0    0    1    2
2015  3 18  6 22     4.11    -9.51     6.29    -580.0     22.53     17.66     3.285     187506    0    0    0    1    1
2015  3 18  6 23     4.60    -9.66     5.94    -575.3     21.10     15.90     3.352     191702    0    0    0    1    1
2015  3 18  6 24     5.22    -9.34     6.13    -574.3     20.31     15.99     3.409     204277    0    0    0    1    1
2015  3 18  6 25     5.55    -9.20     6.19    -567.4     20.31     16.03     3.414     208437    0    0    0    1    1
2015  3 18  6 26     5.94    -9.02     5.98    -560.8     18.29     14.75     3.404     211072    0    0    0    1    1
2015  3 18  6 27     6.44    -8.75     5.34    -554.8     12.76     11.22     3.367     211072    0    0    0    1    1
2015  3 18  6 28     6.84    -8.60     4.87    -549.7     11.90      6.89     3.308     206081    0    0    0    1    1
2015  3 18  6 29     7.22    -8.50     4.54    -545.2     12.24      3.22     3.239     198822    0    0    0    1    1
2015  3 18  6 30     7.58    -8.44     4.39    -541.5     11.63      1.86     3.164     190035    0    0    0    1    1
2015  3 18  6 31     7.55    -8.51     4.22    -539.1     14.37     -0.78     3.117     181309    0    0    0    1    1
2015  3 18  6 32     7.61    -8.62     4.05    -535.5     15.74     -2.31     3.110     177384    0    0    0    1    1
2015  3 18  6 33     7.73    -8.66     3.95    -532.1     18.68     -2.92     3.123     175873    0    0    0    1    1
2015  3 18  6 34     7.95    -8.39     3.98    -530.5     24.00     -2.13     3.146     177190    0    0    0    1    1
2015  3 18  6 35     8.19    -7.68     4.00    -532.3     21.46     -0.89     3.143     186141    0    0    0    1    1
2015  3 18  6 36     6.93    -9.01     3.50    -548.2     30.19      3.93     3.187     194701    0    0    0    1    1
2015  3 18  6 37     6.49    -8.76     3.88    -552.0     28.50     -0.05     3.284     197752    0    0    0    1    1
2015  3 18  6 38     6.35    -8.57     4.10    -552.8     24.48     -2.97     3.333     203309    0    0    0    1    1
2015  3 18  6 39     6.21    -9.06     3.51    -551.9     24.32     -1.41     3.360     205090    0    0    0    1    1
2015  3 18  6 40     6.09    -9.52     3.05    -548.5     20.58     -2.80     3.343     201096    0    0    0    1    1
2015  3 18  6 41     6.00    -9.65     3.13    -544.4     15.03     -5.16     3.285     194217    0    0    0    1    1
2015  3 18  6 42     5.96    -9.16     3.98    -543.4     16.90      2.14     3.167     186216    0    0    0    1    1
2015  3 18  6 43     6.81    -7.84     4.22    -541.0     13.62     -1.87     3.073     186216    0    0    0    1    1
2015  3 18  6 44     7.12    -7.77     4.36    -546.5      8.20     -5.14     3.081     209497    0    1    1    1    1
2015  3 18  6 45     6.96    -8.00     4.05    -545.3      6.76     -5.75     3.100     212138    0    1    1    2    2
2015  3 18  6 46     6.86    -8.63     2.96    -545.6      4.48     -6.28     3.188     215092    0    1    0    2    2
2015  3 18  6 47     6.76    -8.92     3.56    -543.0      1.50     -8.26     3.259     217376    0    1    0    1    1
2015  3 18  6 48     6.95    -8.97     3.00    -543.5     -3.33    -16.75     3.332     219241    0    0    0    1    1
2015  3 18  6 49     7.02    -9.17     2.80    -541.3     -7.09    -24.95     3.407     225941    0    0    0    1    1
2015  3 18  6 50     7.02    -9.53     2.00    -541.0     -0.67    -31.47     3.513     245830    0    0    0    1    1
2015  3 18  6 51     7.04    -9.47     0.78    -540.0    -10.10    -33.65     3.548     251848    0    0    0    1    1
2015  3 18  6 52     7.14    -9.32    -0.98    -540.9    -18.00    -38.25     3.521     252627    0    0    0    1    1
2015  3 18  6 53     6.53    -9.30    -2.23    -548.1     -4.97    -47.63     3.371     231934    0    0    0    1    1
2015  3 18  6 54     5.99    -9.26    -2.95    -552.9    -20.01    -53.41     3.269     211654    0    0    0    0    0
2015  3 18  6 55     6.31    -9.22    -2.60    -548.1    -19.07    -58.16     3.253     199727    0    0    0    0    0
2015  3 18  6 56     6.82    -9.17    -2.04    -541.4    -10.39    -63.16     3.267     191280    0    0    0    0    0
2015  3 18  6 57     6.77    -9.67    -1.16    -547.6     -7.15    -45.71     3.308     191702    0    0    0    0    0
2015  3 18  6 58     7.26    -9.16    -0.90    -555.0     -7.51    -45.85     3.331     193624    0    0    0    0    0
2015  3 18  6 59     7.38    -9.00    -0.73    -554.5     -5.36    -49.19     3.312     190959    0    0    0    0    0
2015  3 18  7  0     6.95    -9.12    -0.69    -553.9     -3.33    -55.32     3.225     190426    0    0    0    0    0
2015  3 18  7  1     6.42    -9.37    -1.89    -553.2     -3.54    -62.31     3.163     190426    0    0    0    0    0
2015  3 18  7  2     6.09    -9.62    -2.28    -550.4     -4.73    -60.95     3.127     171275    0    0    0    0    0
2015  3 18  7  3     5.97    -9.78    -2.16    -546.8     -5.53    -56.46     3.117     154286    0    0    0    0    0
2015  3 18  7  4     6.17    -9.72    -2.01    -543.1     -5.08    -52.37     3.146     150566    0    0    0    0    0
2015  3 18  7  5     7.08    -9.02    -2.56    -537.8     -0.74    -51.73     3.242     150566    0    0    0    0    0
2015  3 18  7  6     7.68    -8.61    -2.72    -534.0      1.87    -50.15     3.281     152441    0    0    0    0    0
2015  3 18  7  7     8.06    -8.60    -2.33    -533.4      1.71    -46.42     3.248     154906    0    0    0    0    0
2015  3 18  7  8     7.99    -8.91    -0.04    -540.2     -1.03    -36.57     3.069     156746    0    0    0    0    0
2015  3 18  7  9     4.43   -10.65    -0.25    -577.0    -18.98    -33.18     3.298     193676    0    0    0    1    1
2015  3 18  7 10     3.31   -11.14    -0.01    -577.4    -29.82    -36.78     3.348     194778    0    0    0    0    1
2015  3 18  7 11     3.19   -11.35     0.55    -580.3    -34.55    -40.96     3.337     197915    0    0    0    0    1
2015  3 18  7 12     3.09   -11.49     0.61    -582.6    -35.96    -49.30     3.396     194841    0    0    0    0    1
2015  3 18  7 13     2.70   -11.28    -0.15    -590.4    -35.40    -45.55     3.523     170621    0    0    0    0    1
2015  3 18  7 14     3.07   -10.68    -0.26    -589.4    -28.52    -70.34     3.410     167070    0    0    0    0    1
2015  3 18  7 15     3.01   -10.48     0.01    -586.5    -23.54    -72.60     3.333     165674    0    0    0    0    1
2015  3 18  7 16     3.12   -10.46    -0.13    -583.0    -21.94    -67.92     3.329     163256    0    0    0    0    1
2015  3 18  7 17     3.55   -10.39    -0.52    -578.4    -19.52    -64.06     3.359     158679    0    0    0    0    1
2015  3 18  7 18     4.26   -10.22    -1.03    -573.0    -15.07    -63.29     3.399     152181    0    0    0    0    1
2015  3 18  7 19     4.44   -10.24    -1.70    -568.8     -5.65    -62.94     3.363     141804    0    0    0    0    1
2015  3 18  7 20     4.76   -10.26    -1.58    -565.8     -2.19    -61.59     3.288     135112    0    0    0    0    1
2015  3 18  7 21     5.00   -10.42    -0.87    -564.3     -6.76    -59.32     3.221     132681    0    0    0    0    1
2015  3 18  7 22     4.29   -11.21    -0.15    -570.4    -17.21    -55.52     3.080     154220    0    0    0    0    0
2015  3 18  7 23     3.26   -11.39    -0.11    -580.1    -20.66    -60.43     3.124     185095    0    0    0    0    0
2015  3 18  7 24     1.46   -11.39    -0.34    -597.2    -21.05    -68.85     3.142     191181    0    0    0    0    1
2015  3 18  7 25     1.74   -11.07    -0.88    -593.6    -19.90    -67.74     3.146     184430    0    0    0    0    1
2015  3 18  7 26     2.58   -11.00    -2.69    -587.9    -17.98    -67.70     3.140     177162    0    0    0    0    1
2015  3 18  7 27     2.82   -10.59    -4.32    -587.1    -14.73    -66.85     3.296     175950    0    0    0    0    1
2015  3 18  7 28     2.96   -10.27    -5.52    -588.6     -4.31    -65.67     3.413     186258    0    0    0    0    1
2015  3 18  7 29     2.16   -10.00    -6.12    -587.5     -7.68    -64.47     3.360     188335    0    0    0    0    1
2015  3 18  7 30     2.05    -9.45    -6.83    -585.4     -3.46    -62.92     3.456     188708    0    0    0    0    1
2015  3 18  7 31     2.32    -9.21    -7.04    -582.6      6.12    -61.51     3.818     191122    0    0    0    0    1
2015  3 18  7 32     2.91    -8.95    -7.14    -578.1     11.91    -60.40     4.151     195017    0    0    0    0    1
2015  3 18  7 33     3.72    -8.51    -7.36    -571.9     11.92    -59.51     4.346     199480    0    0    0    0    1
2015  3 18  7 34     3.88    -8.46    -7.32    -565.8     15.75    -59.60     4.362     200001    0    0    0    0    1
2015  3 18  7 35     4.15    -8.42    -6.58    -560.4     16.90    -62.68     4.312     197559    0    0    0    0    1
2015  3 18  7 36     4.95    -8.31    -4.01    -557.4      9.38    -73.39     4.140     188488    0    0    0    0    0
2015  3 18  7 37     5.91    -8.42    -1.15    -549.8      8.79    -71.15     3.818     184321    0    0    0    0    0
2015  3 18  7 38     6.87    -8.53     1.70    -542.2      8.20    -68.91     3.496     180153    0    0    0    0    0
2015  3 18  7 39     7.18    -7.83     2.90    -540.2      2.97    -60.87     3.419     180153    0    0    0    0    0
2015  3 18  7 40     7.16    -8.00     3.67    -543.8     -5.59    -48.13     3.251     179609    0    0    0    0    0
2015  3 18  7 41     6.49    -8.79     3.48    -548.2    -13.78    -33.71     3.180     174879    0    0    0    0    0
2015  3 18  7 42     5.81    -9.89     2.22    -556.4    -24.35    -31.74     3.001     171263    0    0    0    0    0
2015  3 18  7 43     4.25   -10.40     2.14    -562.4    -31.23    -38.58     3.009     164832    0    0    0    0    0
2015  3 18  7 44     4.63   -10.26     2.40    -558.7    -30.17    -43.28     2.992     153394    0    0    0    0    0
2015  3 18  7 45     5.45   -10.11     1.71    -555.1    -29.24    -56.92     2.959     150983    0    0    0    0    0
2015  3 18  7 46     5.79    -9.91     1.17    -554.9    -25.40    -56.67     3.007     150581    0    0    0    0    0
2015  3 18  7 47     6.47    -9.43     0.30    -556.8    -19.60    -53.20     2.943     171828    0    0    0    0    0
2015  3 18  7 48     6.87    -9.45     0.34    -549.2    -18.06    -51.45     3.042     176396    0    0    0    0    0
2015  3 18  7 49     7.26    -9.48     0.39    -541.5    -16.61    -49.73     3.143     180617    0    0    0    0    0
2015  3 18  7 50     6.84    -9.56    -1.11    -553.4     -9.41    -52.36     3.302     187069    0    0    0    0    0
2015  3 18  7 51     5.86    -9.25    -3.25    -560.8     -5.47    -57.92     3.594     195365    0    0    0    0    0
2015  3 18  7 52     4.52    -9.70    -4.05    -568.9     -7.08    -63.37     3.762     203984    0    1    1    1    1
2015  3 18  7 53     3.49    -9.85    -5.40    -579.8     -7.45    -65.19     3.769     209008    0    1    1    1    1
2015  3 18  7 54     4.08    -9.67    -5.39    -574.9     -8.00    -66.37     3.765     208197    0    1    1    1    1
2015  3 18  7 55     4.38    -9.67    -5.04    -572.5    -18.36    -67.78     3.728     202114    0    1    1    1    1
2015  3 18  7 56     4.73   -10.09    -3.43    -567.7    -25.74    -60.76     3.665     198106    0    1    0    1    1
2015  3 18  7 57     4.96   -10.47    -2.14    -565.0    -31.50    -52.44     3.634     194567    0    1    0    1    1
2015  3 18  7 58     5.09   -10.60    -1.12    -564.6    -30.33    -43.54     3.801     192912    0    0    0    0    0
2015  3 18  7 59     5.37   -10.24    -0.14    -561.3    -23.82    -36.88     3.988     192912    0    0    0    0    0
2015  3 18  8  0     5.83    -9.59     0.72    -554.4    -17.91    -32.55     3.995     192912    0    0    0    0    0
2015  3 18  8  1     6.25    -9.08     2.36    -549.1    -10.32    -27.77     3.946     187627    0    0    0    0    0
2015  3 18  8  2     6.60    -8.57     4.19    -545.8     -1.11    -22.74     3.782     181154    0    0    0    0    0
2015  3 18  8  3     6.67    -7.94     5.46    -549.4      9.90    -16.80     3.447     177886    0    0    0    0    0
2015  3 18  8  4     6.56    -8.05     5.23    -553.7      9.16    -12.24     3.556     176342    0    0    0    0    0
2015  3 18  8  5     6.97    -8.27     2.83    -549.4      9.07    -11.20     3.666     176413    0    1    1    1    1
2015  3 18  8  6     7.40    -8.44     0.33    -544.6     10.40    -12.91     3.815     177474    0    1    1    1    1
2015  3 18  8  7     6.50    -8.82     0.32    -552.4     11.16    -19.46     4.189     185082    0    1    1    1    1
2015  3 18  8  8     6.00    -9.07     1.04    -555.6      3.72    -25.67     4.195     192611    0    1    1    1    1
2015  3 18  8  9     6.21    -9.05     1.12    -550.6      2.91    -32.33     4.238     195557    0    1    1    1    1
2015  3 18  8 10     6.19    -8.90     1.45    -550.6     11.35    -26.91     4.294     199695    0    0    0    0    0
2015  3 18  8 11     5.71    -8.56     2.21    -561.4     33.52     -0.86     4.344     205702    0    0    0    1    1
2015  3 18  8 12     6.07    -8.57     1.92    -563.5     34.55     -0.31     4.288     201713    0    0    0    1    1
2015  3 18  8 13     6.65    -8.64     1.05    -560.8     26.03     -9.76     4.229     193831    0    0    0    1    1
2015  3 18  8 14     6.82    -8.68    -0.09    -552.9      8.56    -26.94     4.202     189374    0    0    0    1    1
2015  3 18  8 15     6.98    -8.68    -1.71    -547.3     -1.83    -41.74     4.172     185396    0    0    0    1    1
2015  3 18  8 16     7.14    -8.59    -3.55    -544.7     -0.30    -52.26     4.177     181812    0    0    0    0    0
2015  3 18  8 17     7.39    -8.39    -3.66    -541.1      5.54    -60.41     4.316     177163    0    0    0    0    0
2015  3 18  8 18     7.77    -7.99    -3.28    -536.9      7.34    -61.39     4.327     172027    0    0    0    0    0
2015  3 18  8 19     8.20    -7.83    -2.82    -533.1      8.78    -60.10     4.246     169432    0    0    0    0    0
2015  3 18  8 20     8.65    -7.87    -2.18    -529.6     10.57    -54.86     4.112     169550    0    0    0    0    0
2015  3 18  8 21     8.95    -7.63    -0.72    -526.5     13.60    -37.21     4.103     170260    0    0    0    0    0
2015  3 18  8 22     9.11    -7.46    -0.09    -522.4     19.95    -31.55     4.081     170354    0    0    0    0    0
2015  3 18  8 23     9.28    -7.19     0.56    -520.3     23.41    -28.39     4.083     170354    0    0    0    0    0
2015  3 18  8 24     9.40    -6.99     0.99    -521.4     21.15    -27.33     4.133     171761    0    0    0    0    0
2015  3 18  8 25     8.87    -7.91     0.71    -528.9      9.54    -27.58     4.161     178250    0    0    0    0    0
2015  3 18  8 26     8.66    -8.14     0.23    -529.8      7.77    -29.12     4.080     179217    0    0    0    0    0
2015  3 18  8 27     8.42    -8.38     0.09    -531.1      6.40    -30.36     4.010     184896    0    0    0    0    0
2015  3 18  8 28     8.41    -8.39     0.31    -532.5      6.88    -33.94     3.922     181571    0    0    0    0    0
2015  3 18  8 29     8.23    -8.49     0.06    -533.8      7.51    -39.51     3.809     174724    0    0    0    0    0
2015  3 18  8 30     7.96    -8.52    -0.28    -534.5      7.79    -43.90     3.825     176315    0    0    0    0    0
2015  3 18  8 31     8.02    -8.25    -0.58    -535.6      8.04    -46.90     3.877     178089    0    1    1    1    1
2015  3 18  8 32     8.31    -7.94    -0.74    -533.9      8.10    -47.61     3.926     178762    0    1    1    1    1
2015  3 18  8 33     8.57    -7.73    -0.93    -530.9      8.37    -48.63     3.972     179554    0    1    1    1    1
2015  3 18  8 34     8.58    -7.75    -1.74    -530.5      8.76    -55.61     4.072     179121    0    1    1    1    1
2015  3 18  8 35     8.55    -7.74    -2.82    -533.2      6.98    -62.67     4.188     178644    0    1    1    1    1
2015  3 18  8 36     8.46    -7.63    -3.02    -532.7      7.83    -65.16     4.302     173578    0    0    0    0    0
2015  3 18  8 37     8.43    -7.57    -2.47    -530.9     11.25    -64.64     4.231     164869    0    0    0    0    0
2015  3 18  8 38     8.24    -7.86    -1.26    -530.4      5.39    -64.93     4.106     163146    0    0    0    0    0
2015  3 18  8 39     7.62    -9.05     1.29    -541.9    -21.96    -43.17     4.070     179520    0    0    0    0    0
2015  3 18  8 40     7.57    -8.32    -0.08    -546.0    -13.63    -82.14     4.453     189699    0    0    0    0    0
2015  3 18  8 41     7.10    -8.46    -2.28    -549.7    -14.39    -98.96     4.524     191617    0    0    0    0    0
2015  3 18  8 42     6.88    -8.74    -2.57    -549.7    -15.12    -97.60     4.520     192134    0    0    0    0    0
2015  3 18  8 43     6.89    -8.92    -2.93    -548.1    -10.61    -95.80     4.591     192134    0    0    0    0    0
2015  3 18  8 44     5.19    -9.90    -3.84    -561.7     -5.01    -88.62     4.728     198011    0    0    0    0    0
2015  3 18  8 45     5.10    -9.95    -3.84    -562.6     -7.77    -81.97     4.716     194762    0    0    0    0    0
2015  3 18  8 46     5.26    -9.93    -3.68    -560.2     -8.56    -76.22     4.641     187885    0    0    0    0    0
2015  3 18  8 47     5.76    -9.86    -3.14    -554.3     -7.84    -72.01     4.493     185289    0    0    0    0    0
2015  3 18  8 48     6.27    -9.71    -1.90    -549.3     -5.98    -67.07     4.434     180709    0    0    0    0    0
2015  3 18  8 49     6.82    -9.50    -0.70    -544.8     -3.65    -61.81     4.419     175503    0    0    0    0    0
2015  3 18  8 50     7.52    -9.29    -0.53    -540.4     -1.52    -56.58     4.406     171103    0    0    0    0    0
2015  3 18  8 51     7.91    -9.08    -0.21    -538.6      0.18    -50.17     4.392     170369    0    0    0    0    0
2015  3 18  8 52     7.87    -9.16     0.03    -540.0      0.42    -43.51     4.390     184358    0    0    0    0    0
2015  3 18  8 53     6.90    -9.99     0.11    -548.5    -10.57    -42.61     4.319     195182    0    0    0    0    0
2015  3 18  8 54     6.55   -10.16    -0.21    -551.2    -12.53    -45.66     4.245     193309    0    0    0    0    0
2015  3 18  8 55     6.37   -10.20    -0.92    -554.0    -17.46    -45.39     4.204     190401    0    0    0    0    0
2015  3 18  8 56     6.04   -10.29    -0.90    -555.2    -15.98    -41.02     4.190     189970    0    0    0    0    0
2015  3 18  8 57     5.87   -10.06    -0.33    -552.2    -13.41    -37.85     4.107     189970    0    0    0    0    0
2015  3 18  8 58     6.15    -9.78     0.82    -548.6     -9.42    -34.75     4.119     191024    0    0    0    0    0
2015  3 18  8 59     6.59    -9.56     2.03    -545.6     -4.25    -30.99     4.201     192348    0    0    0    0    0
2015  3 18  9  0     6.56    -9.61     2.31    -544.1      0.78    -25.57     4.255     192050    0    0    0    0    0
2015  3 18  9  1     6.33    -9.92     2.40    -543.9      2.24    -20.52     4.221     188945    0    0    0    1    1
2015  3 18  9  2     5.95   -10.04     2.76    -546.2     -1.00    -20.64     4.221     180455    0    0    0    1    1
2015  3 18  9  3     5.90   -10.20     2.38    -556.4     -8.77    -25.90     4.227     179936    0    0    0    1    1
2015  3 18  9  4     5.91   -10.35     1.37    -554.8    -12.08    -29.76     4.209     175984    0    0    0    1    1
2015  3 18  9  5     6.26   -10.37     0.41    -549.9    -11.59    -35.35     4.158     170445    0    0    0    1    1
2015  3 18  9  6     6.69   -10.26    -0.52    -545.0     -9.84    -42.20     4.099     164326    0    0    0    1    1
2015  3 18  9  7     7.17    -9.80    -1.43    -542.0     -6.76    -51.59     4.041     157450    0    0    0    1    1
2015  3 18  9  8     7.68    -9.00    -2.19    -539.0     -6.84    -50.74     4.079     157335    0    0    0    0    0
2015  3 18  9  9     8.15    -8.54    -2.54    -535.6     -4.15    -48.29     4.195     169279    0    0    0    0    0
2015  3 18  9 10     8.02    -8.71    -2.46    -538.5     -3.97    -46.90     4.321     184392    0    0    0    0    0
2015  3 18  9 11     7.03    -9.39    -2.03    -547.5     -8.16    -46.00     4.314     191074    0    0    0    0    0
2015  3 18  9 12     6.94    -9.04    -2.54    -547.1     -5.52    -51.63     4.367     191074    0    0    0    0    0
2015  3 18  9 13     7.24    -8.32    -3.47    -543.0     -0.34    -59.55     4.425     190990    0    0    0    0    0
2015  3 18  9 14     7.01    -8.71    -4.04    -543.9     -2.24    -65.17     4.657     189093    0    0    0    0    0
2015  3 18  9 15     6.63    -8.99    -4.63    -547.6     -4.38    -71.94     4.893     183453    0    0    0    0    0
2015  3 18  9 16     6.40    -8.93    -4.79    -546.1     -5.19    -71.32     4.895     182302    0    0    0    0    0
2015  3 18  9 17     6.56    -8.85    -4.78    -544.5     -7.27    -67.53     4.832     180569    0    0    0    0    0
2015  3 18  9 18     6.82    -9.32    -4.25    -544.8     -9.89    -61.80     4.809     182066    0    0    0    0    0
2015  3 18  9 19     6.72    -9.57    -3.27    -547.9    -11.05    -55.85     4.878     191025    0    0    0    0    0
2015  3 18  9 20     6.46   -10.02    -2.34    -551.6    -14.25    -45.58     4.561     194879    0    0    0    0    0
2015  3 18  9 21     6.46   -10.24    -1.32    -552.3    -23.46    -53.22     4.243     188642    0    0    0    0    0
2015  3 18  9 22     6.56   -10.29    -0.72    -550.5    -18.16    -48.92     4.125     185752    0    0    0    0    0
2015  3 18  9 23     6.49   -10.40    -0.40    -548.9    -11.13    -42.29     4.121     185752    0    0    0    0    0
2015  3 18  9 24     6.37   -10.61    -0.13    -549.4    -12.51    -42.49     4.166     180103    0    0    0    0    0
2015  3 18  9 25     6.38   -10.75    -0.20    -550.0    -13.77    -43.67     4.052     167203    0    0    0    0    0
2015  3 18  9 26     6.39   -10.77    -0.58    -550.3    -13.48    -45.84     4.001     161040    0    0    0    0    0
2015  3 18  9 27     6.34   -10.82    -0.83    -551.6    -13.09    -46.23     4.085     161040    0    0    0    0    0
2015  3 18  9 28     5.95   -10.96    -0.51    -560.1    -17.42    -37.14     4.114     158237    0    1    1    1    1
2015  3 18  9 29     5.63   -11.18     1.67    -563.4    -24.55    -34.11     3.905     152216    0    1    1    1    1
2015  3 18  9 30     5.93   -10.97     2.60    -562.7    -34.40    -37.47     3.829     149426    0    1    0    1    1
2015  3 18  9 31     6.14   -10.85     3.11    -561.6    -32.78    -36.62     3.755     148183    0    1    0    1    1
2015  3 18  9 32     6.27   -10.79     3.11    -560.9    -30.41    -33.94     3.697     147814    0    1    0    1    1
2015  3 18  9 33     6.45   -10.75     2.93    -561.2    -24.24    -28.21     3.689     149303    0    0    0    1    1
2015  3 18  9 34     6.24   -10.91     2.45    -560.1    -12.54    -18.97     3.759     154982    0    0    0    1    1
2015  3 18  9 35     6.01   -11.07     1.89    -559.7    -14.08    -23.17     4.026     162619    0    0    0    1    1
2015  3 18  9 36     5.16   -11.27     0.22    -563.1    -17.34    -31.44     4.137     173990    0    0    0    0    0
2015  3 18  9 37     4.43   -11.72    -1.20    -567.8    -18.02    -38.68     4.202     181564    0    0    0    0    0
2015  3 18  9 38     3.95   -12.00    -1.31    -570.8    -18.30    -39.87     4.219     181963    0    0    0    0    0
2015  3 18  9 39     3.53   -11.98    -0.99    -574.8    -18.21    -38.79     4.187     173121    0    0    0    0    0
2015  3 18  9 40     3.63   -11.89    -0.76    -574.4    -18.54    -35.92     4.156     173926    0    0    0    0    0
2015  3 18  9 41     4.04   -11.86    -0.24    -574.1    -19.01    -34.74     4.108     183073    0    0    0    0    0
2015  3 18  9 42     4.19   -11.86    -0.19    -569.5    -19.39    -36.13     4.162     186574    0    0    0    0    0
2015  3 18  9 43     4.39   -11.87    -0.30    -568.7    -19.12    -37.21     4.201     187766    0    0    0    1    1
2015  3 18  9 44     5.18   -11.47     0.16    -564.3    -15.39    -36.76     4.185     187978    0    0    0    1    1
2015  3 18  9 45     6.06   -10.94     0.72    -558.9    -10.97    -36.06     4.152     188192    0    0    0    1    1
2015  3 18  9 46     6.08   -10.70     0.19    -559.3     -9.83    -37.49     4.118     188702    0    0    0    1    1
2015  3 18  9 47     5.50   -10.81    -0.43    -560.2     -9.74    -39.49     4.192     192569    0    0    0    1    1
2015  3 18  9 48     4.93   -10.87    -0.51    -561.0    -11.03    -38.47     4.490     199994    0    0    0    1    1
2015  3 18  9 49     5.04   -10.75    -0.36    -558.9    -11.57    -34.35     4.517     199125    0    0    0    1    1
2015  3 18  9 50     5.48   -10.64     0.62    -555.4    -11.47    -30.12     4.468     193332    0    0    0    1    1
2015  3 18  9 51     6.22   -10.52     0.85    -551.2     -9.90    -23.97     4.447     192463    0    0    0    1    1
2015  3 18  9 52     6.77   -10.38     0.98    -548.9     -8.29    -18.50     4.445     192463    0    0    0    1    1
2015  3 18  9 53     6.90   -10.27     1.11    -549.1     -7.51    -24.43     4.433     190559    0    0    0    1    1
2015  3 18  9 54     6.93   -10.26     1.12    -549.6     -7.34    -32.02     4.399     188443    0    0    0    1    1
2015  3 18  9 55     7.07   -10.29     0.89    -549.7     -7.16    -28.92     4.398     191500    0    0    0    1    1
2015  3 18  9 56     7.20   -10.37     0.00    -550.6    -12.58    -26.15     4.452     196106    0    0    0    1    1
2015  3 18  9 57     7.08   -10.45    -0.11    -550.0    -18.03    -25.74     4.513     197401    0    0    0    1    1
2015  3 18  9 58     6.67   -10.37     2.35    -553.3     -9.35    -27.55     4.324     186798    0    0    0    1    1
2015  3 18  9 59     6.33   -10.30     4.13    -555.9     -5.58    -22.55     4.206     183264    0    0    0    1    1
2015  3 18 10  0     6.47   -10.30     4.20    -556.0     -5.63    -17.29     4.214     183264    0    0    0    1    1
2015  3 18 10  1     6.47   -10.31     4.06    -555.3    -22.06    -21.53     4.174     178963    0    0    0    1    1
2015  3 18 10  2     6.41   -10.46     3.73    -558.4    -28.20    -26.58     4.179     179403    0    0    0    1    1
2015  3 18 10  3     6.02   -10.90     3.15    -559.8    -26.51    -27.52     4.322     193580    0    0    0    1    1
2015  3 18 10  4     5.88   -11.00     2.97    -560.2    -14.04    -22.77     4.427     197951    0    0    0    1    1
2015  3 18 10  5     5.79   -11.02     2.85    -560.6    -10.06    -19.35     4.540     200388    0    0    0    1    1
2015  3 18 10  6     5.78   -11.06     2.89    -560.2     -5.79    -18.28     4.679     206498    0    0    0    1    1
2015  3 18 10  7     5.81   -11.06     2.37    -558.6     -3.53    -23.29     4.701     206937    0    0    0    1    1
2015  3 18 10  8     5.87   -11.08     0.78    -560.7     -3.21    -26.14     4.716     207144    0    0    0    1    1
2015  3 18 10  9     4.41   -11.10    -2.37    -571.3     -3.65    -34.52     4.740     207555    0    0    0    1    1
2015  3 18 10 10     4.41   -11.33    -2.24    -573.6     -2.87    -33.16     4.632     194540    0    0    0    1    1
2015  3 18 10 11     4.74   -11.63    -1.05    -573.4     -2.00    -29.49     4.640     194764    0    0    0    1    1
2015  3 18 10 12     5.40   -11.56     0.13    -568.3     -1.03    -25.14     4.782     201463    0    0    0    1    1
2015  3 18 10 13     5.83   -11.34     1.00    -564.4      3.66    -20.09     4.899     207702    0    0    0    1    1
2015  3 18 10 14     6.04   -11.06     1.37    -562.0      9.02    -16.57     4.998     213770    0    0    0    1    1
2015  3 18 10 15     6.16   -10.98     1.15    -561.0      9.37    -17.25     5.081     220477    0    0    0    1    1
2015  3 18 10 16     6.17   -11.06     0.84    -559.8      8.21    -17.47     5.079     226378    0    0    0    1    1
2015  3 18 10 17     5.53   -11.02     0.86    -556.1      8.31    -15.04     4.977     226378    0    0    0    1    1
2015  3 18 10 18     5.96   -11.11     1.83    -556.0      8.66     -9.41     4.799     209639    0    0    0    1    1
2015  3 18 10 19     6.13   -11.13     2.27    -555.2      8.96     -6.95     4.736     202258    0    0    0    1    1
2015  3 18 10 20     6.44   -11.12     2.26    -559.3      7.53     -8.14     4.803     204169    0    0    0    1    1
2015  3 18 10 21     6.08   -11.12     1.31    -564.6      9.20    -16.39     5.231     221475    0    0    0    1    1
2015  3 18 10 22     5.85   -11.06    -0.37    -563.9     13.25    -18.96     5.284     218720    0    0    0    1    1
2015  3 18 10 23     6.12   -10.89    -1.26    -563.0     17.11    -19.79     5.305     215080    0    0    0    1    1
2015  3 18 10 24     6.61   -10.67    -0.86    -563.1     18.79    -20.19     5.334     216695    0    0    0    1    1
2015  3 18 10 25     6.98   -10.44     0.07    -563.7     22.09    -17.70     5.358     221305    0    0    0    1    1
2015  3 18 10 26     6.75   -10.53     0.63    -566.3     26.32    -15.29     5.496     226814    0    0    0    1    1
2015  3 18 10 27     6.59   -10.72    -0.18    -567.1     23.45    -19.13     5.603     228890    0    0    0    1    1
2015  3 18 10 28     6.48   -10.75    -0.71    -567.7     21.24    -21.66     5.514     221200    0    0    0    1    1
2015  3 18 10 29     6.52   -10.72    -0.84    -565.4     21.72    -20.97     5.317     216844    0    0    0    1    1
2015  3 18 10 30     6.70   -10.67    -0.96    -562.1     23.24    -19.24     5.160     216382    0    0    0    1    1
2015  3 18 10 31     6.92   -10.59    -0.89    -559.7     25.17    -17.26     5.109     216466    0    0    0    1    1
2015  3 18 10 32     7.17   -10.50    -0.49    -557.8     25.01    -17.01     5.114     216876    0    0    0    1    1
2015  3 18 10 33     7.09   -10.44     0.17    -560.8     22.10    -12.88     5.123     214511    0    0    0    1    1
2015  3 18 10 34     7.29   -10.27     0.83    -558.9     23.68     -9.33     5.105     206826    0    0    0    1    1
2015  3 18 10 35     7.58    -9.99     1.47    -556.0     27.60    -14.43     5.079     206826    0    0    0    1    1
2015  3 18 10 36     7.82    -9.79     1.40    -551.3     24.08    -17.61     5.063     208316    0    0    0    1    1
2015  3 18 10 37     7.03   -10.05    -0.49    -556.1     17.17    -18.64     5.053     211434    0    0    0    1    1
2015  3 18 10 38     5.56    -9.79    -1.44    -568.7     11.99    -21.94     5.200     216413    0    0    0    1    1
2015  3 18 10 39     4.04    -9.37    -2.10    -580.4     10.65    -29.09     5.246     213870    0    0    0    0    0
2015  3 18 10 40     4.07   -10.67    -2.21    -591.9     15.70    -36.00     5.115     191776    0    0    0    0    0
2015  3 18 10 41     3.49   -10.81    -3.30    -594.7     16.31    -36.50     5.156     195478    0    0    0    0    0
2015  3 18 10 42     2.40   -10.87    -4.57    -601.7     16.13    -39.56     5.276     220230    0    0    0    0    0
2015  3 18 10 43     1.43   -10.56    -5.93    -605.1     17.99    -45.28     5.262     228607    0    0    0    0    0
2015  3 18 10 44     0.96   -10.36    -6.60    -601.0     20.44    -48.12     5.222     228793    0    0    0    0    0
2015  3 18 10 45     0.25    -9.95    -7.38    -602.9     22.29    -48.82     5.370     220722    0    0    0    0    0
2015  3 18 10 46    -0.53   -10.08    -7.42    -610.5     23.85    -50.12     5.579     216351    0    0    0    0    0
2015  3 18 10 47    -0.57   -10.17    -7.42    -607.1     24.13    -51.54     5.327     208231    0    0    0    0    0
2015  3 18 10 48    -0.32   -10.37    -7.10    -604.0     21.81    -48.17     5.266     204410    0    0    0    0    0
2015  3 18 10 49    -0.10   -10.80    -6.08    -601.1     20.92    -43.87     5.255     202653    0    0    0    0    0
2015  3 18 10 50     0.09   -10.98    -5.61    -598.0     20.55    -41.00     5.241     202095    0    0    0    0    1
2015  3 18 10 51     0.32   -10.96    -5.69    -595.4     19.88    -40.10     5.218     202009    0    0    0    0    1
2015  3 18 10 52     0.68   -11.00    -5.68    -594.2     18.64    -39.71     5.209     201977    0    0    0    0    1
2015  3 18 10 53     1.12   -10.99    -5.52    -592.4     17.47    -36.61     5.215     202022    0    0    0    0    1
2015  3 18 10 54     1.71   -10.99    -4.95    -589.6     15.95    -32.07     5.208     202291    0    0    0    0    1
2015  3 18 10 55     2.72   -11.55    -4.22    -589.9     14.53    -30.36     5.380     202771    0    0    0    0    0
2015  3 18 10 56     2.88   -11.64    -4.06    -589.6     14.23    -30.06     5.221     202771    0    0    0    0    0
2015  3 18 10 57     2.98   -11.63    -3.75    -589.8     14.39    -29.41     5.226     202771    0    0    0    0    0
2015  3 18 10 58     3.30   -11.42    -3.63    -590.2     16.67    -31.80     5.426     202895    0    0    0    0    0
2015  3 18 10 59     4.09   -11.18    -2.71    -586.1     20.80    -30.12     5.672     210336    0    0    0    0    0
2015  3 18 11  0     4.77   -10.74    -2.55    -583.7     22.89    -29.94     5.762     216502    0    1    1    1    1
2015  3 18 11  1     5.18   -10.39    -2.75    -581.0     24.87    -31.31     5.822     222651    0    1    1    1    1
2015  3 18 11  2     5.39   -10.21    -2.90    -578.5     26.79    -32.73     5.904     226859    0    1    1    1    1
2015  3 18 11  3     5.36   -10.26    -2.80    -577.6     28.18    -32.57     5.994     226431    0    1    1    1    1
2015  3 18 11  4     5.13   -10.49    -2.43    -576.9     30.34    -31.12     6.063     225272    0    1    1    1    1
2015  3 18 11  5     5.26   -10.59    -2.07    -577.4     31.21    -30.65     6.053     225422    0    0    0    0    0
2015  3 18 11  6     5.67   -10.35    -2.10    -577.3     31.22    -33.09     6.380     227008    0    0    0    0    0
2015  3 18 11  7     6.06   -10.14    -1.99    -576.9     31.38    -31.78     7.269     230298    0    0    0    0    0
2015  3 18 11  8     6.04   -10.05    -1.74    -576.6     32.14    -28.44     7.652     230115    0    0    0    0    0
2015  3 18 11  9     6.00   -10.01    -1.71    -575.4     32.17    -24.67     7.745     228144    0    0    0    0    0
2015  3 18 11 10     5.98   -10.05    -1.79    -573.2     32.23    -15.35     7.742     220342    0    0    0    0    0
2015  3 18 11 11     5.99    -9.77    -1.03    -571.0     31.64     -9.47     7.691     218310    0    0    0    0    0
2015  3 18 11 12     6.68    -9.16     1.53    -576.7     28.72    -10.54     6.487     218005    0    0    0    0    0
2015  3 18 11 13     7.05    -8.97     1.79    -576.2     28.96    -10.49     6.547     219286    0    0    0    0    0
2015  3 18 11 14     7.66    -8.35     2.69    -573.9     30.56     -9.63     6.520     224905    0    0    0    0    0
2015  3 18 11 15     7.70    -7.46     4.34    -575.3     39.13      0.77     6.675     224411    0    0    0    0    0
2015  3 18 11 16     7.73    -7.18     4.57    -574.5     40.16      0.64     6.514     220597    0    0    0    0    0
2015  3 18 11 17     7.85    -7.06     4.27    -572.2     39.81      0.64     6.325     212094    0    0    0    0    0
2015  3 18 11 18     8.22    -6.91     4.10    -569.2     36.95     -0.25     6.122     206199    0    0    0    0    0
2015  3 18 11 19     8.28    -6.94     4.13    -569.7     35.77     -4.18     5.756     203283    0    0    0    0    0
2015  3 18 11 20     4.41   -10.34    -1.33    -590.5     20.92    -36.63     6.138     216222    0    0    0    0    0
2015  3 18 11 21     4.42   -10.29    -2.20    -590.3     21.63    -36.60     6.308     240121    0    0    0    0    0
2015  3 18 11 22     4.75   -10.03    -2.72    -586.3     24.26    -36.02     6.343     240121    0    0    0    0    0
2015  3 18 11 23     4.64    -9.54    -4.19    -585.4     25.19    -36.33     6.323     240121    0    0    0    0    0
2015  3 18 11 24     2.74    -9.17    -6.62    -595.9     27.79    -49.11     5.841     246285    0    0    0    0    0
2015  3 18 11 25     2.15    -9.03    -6.84    -599.8     28.59    -53.37     5.756     245432    0    0    0    0    0
2015  3 18 11 26     3.15    -9.40    -5.37    -594.9     27.41    -47.78     5.683     240955    0    0    0    0    0
2015  3 18 11 27     4.73    -9.92    -3.29    -586.2     25.26    -37.72     5.631     234241    0    0    0    0    0
2015  3 18 11 28     5.65   -10.14    -1.75    -580.5     23.58    -28.22     5.620     231331    0    0    0    0    0
2015  3 18 11 29     6.04   -10.09    -0.89    -577.4     23.70    -22.24     5.667     234569    0    0    0    0    0
2015  3 18 11 30     6.35    -9.91    -0.75    -575.3     27.21    -22.92     5.787     243743    0    0    0    0    0
2015  3 18 11 31     6.29    -9.54    -1.01    -574.3     31.77    -18.64     5.951     243322    0    0    0    0    0
2015  3 18 11 32     6.31    -9.12    -0.96    -571.4     45.36      6.93     5.782     238271    0    0    0    0    0
2015  3 18 11 33     6.60    -6.88     2.85    -569.4     48.69      7.97     5.652     237560    0    0    0    0    0
2015  3 18 11 34     6.74    -6.08     3.89    -569.0     45.35      4.98     5.347     236971    0    0    0    0    0
2015  3 18 11 35     6.81    -6.39     3.32    -569.4     43.57      3.85     5.186     233521    0    0    0    0    0
2015  3 18 11 36     6.94    -6.33     5.41    -569.2     59.19     21.02     5.160     232578    0    0    0    0    0
2015  3 18 11 37     5.25    -7.98     4.54    -583.3     44.25      8.26     5.231     247108    0    0    0    0    0
2015  3 18 11 38     3.97    -8.97     3.03    -581.9     40.34      4.41     4.972     245846    0    0    0    0    0
2015  3 18 11 39     3.57    -9.36     2.15    -576.8     40.88      4.69     4.805     244734    0    0    0    0    0
2015  3 18 11 40     3.58    -9.43     2.15    -570.2     44.34      7.37     4.788     244734    0    0    0    0    0
2015  3 18 11 41     5.47    -8.66     2.73    -568.1     45.44      8.21     4.828     245817    0    0    0    0    0
2015  3 18 11 42     6.27    -8.35     3.04    -567.5     40.71      9.65     4.978     253613    0    0    0    0    0
2015  3 18 11 43     6.39    -8.58     3.02    -567.4     40.81     13.36     5.126     258868    0    0    0    1    1
2015  3 18 11 44     6.80    -8.79     2.99    -565.8     44.33     16.49     5.214     260553    0    0    0    1    1
2015  3 18 11 45     7.27    -8.72     3.06    -563.9     42.12     15.49     5.271     261824    0    0    0    1    1
2015  3 18 11 46     7.52    -8.53     3.12    -563.3     36.28     11.69     5.302     262480    0    0    0    1    1
2015  3 18 11 47     7.52    -8.63     2.77    -562.2     33.09      8.42     5.312     262037    0    0    0    1    1
2015  3 18 11 48     7.53    -8.83     2.03    -561.5     28.02      3.93     5.325     261075    0    0    0    1    1
2015  3 18 11 49     7.18    -8.91     1.89    -566.0     25.34      4.49     5.385     261114    0    0    0    1    1
2015  3 18 11 50     6.96    -8.84     0.65    -566.7     25.35      2.22     5.464     268017    0    0    0    1    1
2015  3 18 11 51     6.94    -8.76    -0.27    -567.0     26.06     -4.37     5.441     272465    0    0    0    0    0
2015  3 18 11 52     6.96    -8.84     0.21    -566.1     26.69    -10.91     5.242     271036    0    0    0    0    0
2015  3 18 11 53     6.94    -8.98     0.65    -565.6     24.87    -17.25     5.237     261133    0    0    0    0    0
2015  3 18 11 54     6.37    -9.18    -0.43    -567.5     16.01    -22.92     5.473     253415    0    0    0    0    0
2015  3 18 11 55     4.41    -9.35    -2.42    -583.7     15.80    -19.16     5.771     273497    0    0    0    0    0
2015  3 18 11 56     3.28    -9.35    -3.10    -589.2     34.56    -14.31     6.094     288152    0    0    0    0    0
2015  3 18 11 57     3.33    -8.55    -3.04    -585.1     42.70    -11.34     6.297     288397    0    0    0    0    0
2015  3 18 11 58     4.18    -6.67     0.29    -582.4     51.31     -7.68     6.484     288397    0    0    0    0    0
2015  3 18 11 59     5.46    -3.48     5.54    -580.8     60.14     -1.71     6.605     281278    0    0    0    0    0
2015  3 18 12  0     6.20    -1.10     8.77    -580.0     67.68      6.34     6.645     273241    0    0    0    0    0
2015  3 18 12  1     6.23    -0.88     9.07    -579.6     72.95     14.72     6.557     273591    0    0    0    0    0
2015  3 18 12  2     6.34    -1.56     8.74    -579.0     76.78     22.12     6.416     274135    0    0    0    0    0
2015  3 18 12  3     6.61    -2.91     8.14    -577.5     78.36     27.04     6.414     270767    0    0    0    0    0
2015  3 18 12  4     6.86    -3.42     7.98    -573.3     76.33     29.71     6.427     261245    0    0    0    0    0
2015  3 18 12  5     7.02    -3.11     7.91    -571.6     76.58     33.92     7.213     257807    0    0    0    0    0
2015  3 18 12  6     7.14    -3.23     7.81    -572.0     74.83     37.12     6.993     253710    0    0    0    0    0
2015  3 18 12  7     6.92    -3.26     7.80    -571.6     67.49     34.96     6.970     250350    0    0    0    0    0
2015  3 18 12  8     6.90    -4.01     7.69    -571.2     65.08     32.71     6.985     249610    0    0    0    0    0
2015  3 18 12  9     6.94    -4.53     7.46    -571.2     62.44     29.20     7.228     249551    0    0    0    0    0
2015  3 18 12 10     6.93    -5.40     6.95    -575.3     49.47     19.46     7.369     249666    0    0    0    0    0
2015  3 18 12 11     6.78    -7.00     5.84    -574.9     48.77     18.76     7.588     250411    0    0    0    0    0
2015  3 18 12 12     6.58    -7.32     5.12    -572.5     48.14     17.20     7.588     250411    0    0    0    0    0
2015  3 18 12 13     6.75    -7.78     4.39    -571.9     42.54     11.30     6.963     245673    0    0    0    0    0
2015  3 18 12 14     6.77    -7.82     3.84    -571.7     37.75      6.68     6.461     245258    0    0    0    0    0
2015  3 18 12 15     7.07    -7.81     3.52    -567.1     37.31      5.69     6.238     245582    0    0    0    0    0
2015  3 18 12 16     7.49    -7.58     3.29    -563.1     37.64      4.83     6.030     249721    0    0    0    0    0
2015  3 18 12 17     7.89    -7.20     3.20    -561.0     38.42      4.25     5.844     260009    0    0    0    0    0
2015  3 18 12 18     7.70    -7.23     3.31    -562.3     38.58      3.62     5.859     271394    0    0    0    0    0
2015  3 18 12 19     6.74    -8.12     2.61    -569.1     36.55     -1.69     6.091     259826    0    0    0    0    0
2015  3 18 12 20     6.87    -8.46     1.50    -567.7     33.12     -6.85     5.969     252361    0    0    0    0    0
2015  3 18 12 21     7.05    -8.53     1.18    -566.5     31.24     -9.94     5.929     250494    0    0    0    0    0
2015  3 18 12 22     7.27    -8.33     1.30    -563.6     33.44     -9.32     5.979     250494    0    0    0    0    0
2015  3 18 12 23     7.60    -7.97     1.36    -558.9     37.37     -7.43     6.052     250871    0    0    0    0    0
2015  3 18 12 24     8.04    -7.50     1.43    -554.8     40.42     -6.68     6.261     253381    0    0    0    0    0
2015  3 18 12 25     8.65    -7.08     1.23    -552.9     37.52     -9.00     6.312     254955    0    0    0    0    0
2015  3 18 12 26     9.06    -6.75     0.98    -554.0     34.65    -11.21     6.163     263274    0    0    0    0    0
2015  3 18 12 27     8.72    -7.26     0.33    -555.9     31.59    -20.15     5.965     265350    0    0    0    0    0
2015  3 18 12 28     8.32    -7.77     0.41    -558.9     28.93    -20.48     6.077     255077    0    0    0    0    0
2015  3 18 12 29     8.16    -7.93     1.45    -558.6     28.68    -10.97     6.752     255335    0    0    0    0    0
2015  3 18 12 30     8.11    -7.78     2.50    -558.1     29.73     -3.16     6.821     257846    0    0    0    0    0
2015  3 18 12 31     8.09    -7.94     2.16    -555.6     33.08      0.97     6.779     259424    0    0    0    0    0
2015  3 18 12 32     7.82    -7.69     3.00    -557.5     33.12      3.38     6.748     259605    0    0    0    0    0
2015  3 18 12 33     7.56    -7.69     3.27    -561.0     30.08      3.41     6.685     259283    0    0    0    0    0
2015  3 18 12 34     7.57    -8.15     2.95    -560.5     27.07      0.43     6.432     258371    0    0    0    0    0
2015  3 18 12 35     7.69    -8.29     2.69    -558.6     26.70     -0.67     6.073     257227    0    0    0    0    0
2015  3 18 12 36     7.92    -7.86     2.65    -556.7     28.93      0.04     5.751     257227    0    0    0    0    0
2015  3 18 12 37     8.17    -7.48     2.57    -555.5     30.44     -2.68     5.496     253317    0    0    0    0    0
2015  3 18 12 38     8.14    -7.35     1.64    -558.4     26.65     -9.08     5.249     252059    0    0    0    0    0
2015  3 18 12 39     7.87    -7.38     1.28    -559.2     26.10     -8.55     5.337     252059    0    0    0    0    0
2015  3 18 12 40     7.69    -7.51     1.99    -562.2     25.29     -3.57     5.688     261899    0    0    0    0    0
2015  3 18 12 41     7.24    -7.68     2.85    -566.0     29.32      3.62     6.137     287746    0    0    0    0    0
2015  3 18 12 42     6.60    -8.53     2.21    -573.1     21.58     -9.19     6.527     292109    0    0    0    0    0
2015  3 18 12 43     3.06    -9.08    -3.56    -600.2      8.92    -44.09     6.119     327680    0    0    0    0    1
2015  3 18 12 44     0.52    -8.89    -6.70    -617.2     10.77    -68.93     5.985     324890    0    0    0    1    1
2015  3 18 12 45     0.18    -8.85    -6.92    -625.4     13.45    -76.60     6.061     323895    0    0    0    1    2
2015  3 18 12 46     0.19    -8.79    -7.04    -625.9     13.57    -76.83     6.039     322341    0    0    0    1    1
2015  3 18 12 47     0.96    -8.91    -6.52    -618.9     14.94    -74.56     5.940     298182    0    0    0    0    1
2015  3 18 12 48     1.57    -8.98    -6.17    -612.6     15.84    -73.43     5.861     276046    0    0    0    0    1
2015  3 18 12 49     1.79    -8.93    -6.26    -608.7     15.72    -74.74     5.829     261352    0    0    0    1    1
2015  3 18 12 50     2.08    -8.93    -6.27    -603.5     16.78    -74.92     5.811     260970    0    0    0    1    1
2015  3 18 12 51     2.77    -9.00    -4.85    -598.6     17.60    -63.93     5.815     260843    0    0    0    1    2
2015  3 18 12 52     3.63    -9.11    -2.43    -593.9     18.14    -47.45     5.833     260843    0    0    0    1    2
2015  3 18 12 53     4.47    -9.22     0.59    -589.2     18.34    -31.20     5.860     260843    0    0    0    1    2
2015  3 18 12 54     4.81    -9.32     1.92    -588.7     17.21    -18.44     5.868     257344    0    0    0    1    1
2015  3 18 12 55     4.84    -9.74     2.10    -584.6     15.64    -14.67     5.851     247348    0    0    0    1    1
2015  3 18 12 56     4.92    -9.85     2.17    -582.6     15.62    -11.73     5.780     242998    0    0    0    1    1
2015  3 18 12 57     5.40    -9.59     2.34    -579.9     17.66     -9.94     5.694     242998    0    0    0    1    1
2015  3 18 12 58     6.06    -9.28     2.50    -575.9     18.84    -10.11     5.614     242621    0    0    0    1    1
2015  3 18 12 59     6.45    -9.16     2.16    -573.4     13.62    -15.09     5.493     240712    0    0    0    1    1
2015  3 18 13  0     6.46    -9.42     0.95    -570.5      9.69    -19.02     5.453     237163    0    0    0    1    1
2015  3 18 13  1     6.54    -9.49    -0.19    -574.6      2.51    -27.05     5.372     236583    0    0    0    1    1
2015  3 18 13  2     6.54    -9.57     1.15    -572.2     -2.96    -32.50     5.353     237193    0    0    0    1    1
2015  3 18 13  3     6.43    -9.80     1.63    -578.6     -0.14    -39.64     5.261     239973    0    0    0    1    1
2015  3 18 13  4     5.87    -9.88     1.69    -584.6      4.58    -38.20     5.240     243395    0    0    0    0    0
2015  3 18 13  5     6.11    -9.14     2.57    -580.6      8.59    -33.34     5.338     243967    0    0    0    0    0
2015  3 18 13  6     6.56    -8.20     3.47    -575.6     12.35    -28.02     5.506     243967    0    0    0    0    0
2015  3 18 13  7     6.49    -8.13     2.29    -574.6     17.43    -23.44     5.767     244142    0    0    0    0    0
2015  3 18 13  8     6.50    -7.70     2.51    -575.2     22.66    -12.36     6.200     249660    0    0    0    0    0
2015  3 18 13  9     6.09    -7.10     4.23    -578.1     27.45     -1.33     6.698     276655    0    0    0    0    0
2015  3 18 13 10     6.22    -6.83     5.73    -577.3     27.46     -3.46     6.936     272729    0    0    0    0    0
2015  3 18 13 11     6.49    -6.87     4.94    -575.6     23.36     -7.56     6.923     260951    0    0    0    0    0
2015  3 18 13 12     6.59    -7.12     3.94    -576.3     21.52    -10.56     6.955     261627    0    0    0    0    0
2015  3 18 13 13     6.57    -7.47     3.51    -579.8     21.27     -9.08     7.057     266909    0    0    0    0    0
2015  3 18 13 14     6.57    -7.31     3.98    -579.5     23.13     -7.56     6.979     270378    0    0    0    0    0
2015  3 18 13 15     6.67    -7.05     4.47    -576.2     25.46     -7.28     6.880     270305    0    0    0    0    0
2015  3 18 13 16     6.67    -7.19     4.43    -573.8     26.31     -8.20     6.881     269967    0    0    0    0    0
2015  3 18 13 17     6.37    -7.74     3.84    -572.7     23.42    -12.50     6.899     269108    0    0    0    0    0
2015  3 18 13 18     6.64    -8.34     1.39    -579.5     15.12    -22.15     7.191     269339    0    0    0    0    0
2015  3 18 13 19     6.41    -8.51     0.97    -578.7     14.81    -26.75     7.324     270738    0    0    0    0    0
2015  3 18 13 20     5.88    -8.71     1.15    -577.2     16.41    -29.10     7.254     276452    0    0    0    0    0
2015  3 18 13 21     5.54    -8.72     1.65    -577.4     20.08    -28.85     7.085     288297    0    0    0    0    0
2015  3 18 13 22     5.56    -8.52     1.91    -578.0     21.04    -27.78     7.079     294550    0    0    0    0    0
2015  3 18 13 23     5.69    -8.29     2.37    -577.6     20.99    -25.55     6.781     305987    0    0    0    0    0
2015  3 18 13 24     5.89    -7.92     2.47    -575.1     21.34    -22.33     6.049     306428    0    0    0    0    0
2015  3 18 13 25     6.14    -6.89     2.50    -576.7     24.18    -18.88     6.079     304597    0    0    0    0    0
2015  3 18 13 26     6.28    -7.02     2.50    -575.9     24.17    -19.61     6.162     298054    0    0    0    1    1
2015  3 18 13 27     6.12    -7.85     2.48    -575.7     20.61    -19.23     6.126     298064    0    0    0    1    1
2015  3 18 13 28     6.23    -7.78     2.36    -576.2     20.90    -16.70     6.077     300373    0    0    0    1    1
2015  3 18 13 29     5.75    -6.88     2.47    -584.6     30.12     -9.94     5.978     310237    0    0    0    0    0
2015  3 18 13 30     5.59    -6.85     2.76    -585.6     33.58    -10.95     5.884     306074    0    0    0    0    0
2015  3 18 13 31     5.68    -6.96     3.75    -583.3     36.04     -8.65     5.785     294412    0    0    0    0    0
2015  3 18 13 32     5.91    -7.16     3.98    -583.9     37.57    -11.09     6.474     288090    0    0    0    0    0
2015  3 18 13 33     5.56    -7.50     1.54    -586.6     30.82    -22.42     6.830     299971    0    0    0    0    0
2015  3 18 13 34     5.21    -7.82    -1.40    -587.0     23.39    -30.44     5.938     311742    0    0    0    0    0
2015  3 18 13 35     5.09    -8.28    -1.61    -584.7     21.49    -29.40     6.089     313749    0    0    0    0    0
2015  3 18 13 36     4.94    -8.46    -0.77    -579.1     21.72    -24.61     6.291     313845    0    0    0    0    0
2015  3 18 13 37     4.74    -8.46     0.37    -572.0     22.60    -18.62     6.382     313845    0    0    0    0    0
2015  3 18 13 38     6.04    -8.01     1.77    -570.2     27.63    -12.45     6.706     326566    0    0    0    0    1
2015  3 18 13 39     6.12    -7.82     2.78    -571.1     29.17    -10.43     7.081     344404    0    0    0    0    1
2015  3 18 13 40     4.55    -7.71     4.97    -574.8     29.83     -9.14     7.421     346350    0    0    0    0    1
2015  3 18 13 41     4.64    -7.48     5.30    -575.5     30.65     -8.80     7.160     342917    0    0    0    0    1
2015  3 18 13 42     4.73    -7.20     5.10    -575.1     31.02     -7.89     6.833     332636    0    0    0    1    1
2015  3 18 13 43     5.04    -7.23     4.95    -573.5     30.92     -8.97     6.531     321701    0    0    0    1    1
2015  3 18 13 44     5.24    -7.13     4.73    -571.5     25.84    -10.42     6.257     321701    0    0    0    1    1
2015  3 18 13 45     5.74    -6.91     4.11    -570.7     26.54    -10.40     6.007     321888    0    0    0    1    1
2015  3 18 13 46     6.28    -6.72     4.00    -569.7     27.70    -10.36     5.966     321920    0    0    0    1    1
2015  3 18 13 47     6.47    -7.01     1.66    -571.6     23.44    -20.33     6.048     319454    0    0    0    1    1
2015  3 18 13 48     6.10    -7.21     1.42    -572.2     19.36    -23.89     7.024     319192    0    0    0    1    1
2015  3 18 13 49     6.02    -7.61     1.02    -575.3     19.31    -25.12     6.978     323982    0    0    0    0    1
2015  3 18 13 50     4.97    -7.95    -1.04    -584.2     15.36    -34.92     6.833     318249    0    0    0    1    1
2015  3 18 13 51     4.34    -8.04    -2.84    -587.4     15.57    -41.35     6.718     313051    0    0    0    1    1
2015  3 18 13 52     4.39    -7.82    -3.06    -585.0     24.19    -36.27     6.748     312646    0    0    0    1    1
2015  3 18 13 53     4.64    -7.74    -3.00    -584.5     27.51    -32.84     7.314     325868    0    0    0    0    1
2015  3 18 13 54     4.36    -7.78    -2.71    -589.1     24.67    -35.17     7.652     331970    0    0    0    0    1
2015  3 18 13 55     4.34    -7.81    -2.86    -590.6     21.53    -35.53     7.629     330179    0    0    0    0    0
2015  3 18 13 56     4.20    -7.76    -3.88    -593.1     17.31    -39.93     6.658     311058    0    0    0    0    0
2015  3 18 13 57     3.87    -7.65    -5.05    -596.2     19.63    -47.76     6.879     295760    0    0    0    0    0
2015  3 18 13 58     3.77    -7.62    -5.86    -598.1     23.40    -54.38     6.839     290390    0    0    0    0    0
2015  3 18 13 59     3.26    -7.33    -6.79    -600.1     26.06    -57.29     6.675     285519    0    0    0    0    0
2015  3 18 14  0     2.78    -6.89    -7.68    -602.0     26.39    -59.00     6.529     293004    0    0    0    0    0
2015  3 18 14  1     3.08    -6.59    -7.81    -601.6     28.02    -59.46     6.475     297943    0    0    0    0    0
2015  3 18 14  2     3.65    -6.48    -7.74    -599.1     28.70    -59.48     6.474     300883    0    0    0    0    0
2015  3 18 14  3     4.08    -6.62    -7.48    -597.6     26.18    -58.51     6.553     303398    0    0    0    0    0
2015  3 18 14  4     3.44    -7.04    -7.23    -599.9     23.07    -57.13     6.638     304016    0    0    0    0    0
2015  3 18 14  5     0.70    -7.81    -7.33    -609.1     24.67    -56.35     6.737     304505    0    0    0    0    0
2015  3 18 14  6    -0.03    -7.95    -7.39    -610.5     24.54    -55.87     6.789     310859    0    0    0    0    0
2015  3 18 14  7     0.03    -7.78    -7.54    -612.6     23.42    -57.02     6.814     309331    0    0    0    0    0
2015  3 18 14  8     0.15    -7.45    -7.83    -613.7     23.68    -59.58     6.784     304950    0    0    0    0    1
2015  3 18 14  9    -0.16    -7.10    -8.09    -616.1     25.01    -62.09     6.687     304915    0    0    0    0    1
2015  3 18 14 10    -0.53    -6.11    -8.30    -619.4     27.30    -63.52     6.570     305159    0    0    0    0    1
2015  3 18 14 11    -0.60    -5.40    -8.59    -620.5     29.06    -63.76     6.725     305025    0    0    0    0    1
2015  3 18 14 12    -0.65    -4.90    -8.84    -619.2     31.24    -65.60     6.856     296057    0    0    0    0    0
2015  3 18 14 13    -0.54    -4.36    -9.25    -616.3     32.94    -67.33     6.862     290327    0    0    0    0    0
2015  3 18 14 14    -0.44    -3.98    -9.63    -613.8     33.58    -67.94     6.779     289923    0    0    0    0    0
2015  3 18 14 15    -0.50    -3.94    -9.56    -614.3     33.55    -68.16     6.639     288766    0    0    0    0    1
2015  3 18 14 16    -0.06    -3.86    -9.51    -615.2     34.42    -68.87     6.602     288198    0    0    0    0    1
2015  3 18 14 17     0.21    -3.77    -9.57    -615.1     35.98    -69.85     6.614     294190    0    0    0    0    1
2015  3 18 14 18     0.22    -3.91    -9.44    -614.9     35.25    -69.83     6.637     304874    0    0    0    0    1
2015  3 18 14 19     0.17    -3.35    -9.50    -615.1     37.63    -71.06     6.776     308019    0    0    0    0    1
2015  3 18 14 20     0.26    -2.23    -9.71    -613.7     48.88    -75.45     7.018     312080    0    0    0    0    1
2015  3 18 14 21     0.51    -0.68    -9.85    -611.2     60.32    -77.84     7.249     316831    0    0    0    0    1
2015  3 18 14 22     0.93    -1.41    -9.75    -611.2     56.91    -77.30     7.465     315074    0    0    0    0    1
2015  3 18 14 23     1.14    -4.43    -9.36    -613.2     43.18    -76.47     7.504     307166    0    0    0    1    1
2015  3 18 14 24     0.15    -3.00    -9.73    -616.7     48.50    -76.24     7.368     313557    0    0    0    1    2
2015  3 18 14 25    -0.66    -1.15   -10.15    -617.2     53.59    -75.15     7.255     327823    0    0    0    1    1
2015  3 18 14 26    -0.33    -1.35   -10.07    -613.6     50.18    -73.18     7.168     335124    0    0    0    0    0
2015  3 18 14 27     0.61    -2.42    -9.82    -608.5     42.70    -70.79     7.085     335693    0    0    0    0    0
2015  3 18 14 28     1.51    -3.26    -9.29    -605.7     40.21    -69.22     6.952     335693    0    0    0    0    0
2015  3 18 14 29     1.82    -3.32    -8.96    -606.1     38.01    -68.69     6.857     329360    0    0    0    0    0
2015  3 18 14 30     2.42    -3.48    -8.78    -605.4     32.73    -66.90     6.824     328751    0    0    0    0    0
2015  3 18 14 31     2.80    -4.34    -8.23    -601.4     25.73    -62.41     6.564     318774    0    0    0    0    0
2015  3 18 14 32     3.34    -5.24    -7.45    -594.9     20.94    -57.03     6.351     311268    0    0    0    0    0
2015  3 18 14 33     4.06    -6.08    -6.53    -586.5     18.26    -51.22     6.210     307270    0    0    0    0    0
2015  3 18 14 34     4.97    -6.63    -5.16    -581.7     16.11    -46.17     6.081     305670    0    0    0    0    0
2015  3 18 14 35     5.71    -6.95    -4.02    -579.5     14.78    -42.71     6.017     305870    0    0    0    0    0
2015  3 18 14 36     5.85    -7.34    -3.48    -578.3     12.64    -45.60     6.067     306814    0    0    0    0    0
2015  3 18 14 37     5.38    -8.09    -2.38    -580.8      3.39    -51.62     6.183     314726    0    0    0    0    0
2015  3 18 14 38     5.07    -8.29    -1.36    -583.2     -3.16    -45.31     6.118     322316    0    0    0    0    0
2015  3 18 14 39     5.47    -8.11    -1.14    -582.8      5.15    -37.97     6.001     314320    0    0    0    0    0
2015  3 18 14 40     5.74    -8.08    -0.16    -581.8     11.29    -29.49     5.936     304406    0    0    0    1    1
2015  3 18 14 41     5.43    -8.25     0.95    -579.6     11.50    -22.48     5.867     300604    0    0    0    1    1
2015  3 18 14 42     5.00    -8.46     1.46    -576.9     12.09    -17.03     5.770     300350    0    0    0    1    1
2015  3 18 14 43     5.36    -8.27     1.85    -575.7     13.12    -18.02     5.688     299119    0    0    0    1    1
2015  3 18 14 44     6.11    -7.96     1.76    -575.6      9.54    -31.84     5.685     294789    0    0    0    1    1
2015  3 18 14 45     6.09    -7.99     1.04    -575.8     13.76    -16.40     5.684     293108    0    0    0    1    1
2015  3 18 14 46     5.87    -8.12     0.35    -576.1     10.03    -19.96     5.699     292454    0    0    0    1    1
2015  3 18 14 47     5.62    -8.39     0.42    -575.7     10.28    -20.81     5.755     292180    0    0    0    1    1
2015  3 18 14 48     5.70    -8.36     0.85    -575.0     12.61    -20.32     5.891     291877    0    0    0    1    1
2015  3 18 14 49     6.15    -7.98     1.74    -575.1      5.52    -32.72     5.923     291594    0    0    0    1    1
2015  3 18 14 50     6.30    -7.13     3.56    -575.9      3.91    -34.39     5.950     291170    0    0    0    1    1
2015  3 18 14 51     6.41    -7.23     3.90    -575.6      4.31    -29.50     6.008     292739    0    0    0    1    1
2015  3 18 14 52     6.48    -7.25     3.68    -575.5      8.91    -26.32     6.175     302792    0    0    0    1    1
2015  3 18 14 53     6.97    -7.20     3.09    -574.7     14.98    -24.52     6.259     309630    0    0    0    1    1
2015  3 18 14 54     7.57    -6.57     1.00    -572.4     20.94    -22.85     6.278     309630    0    0    0    1    1
2015  3 18 14 55     7.83    -6.43     0.01    -571.4     27.45    -20.28     6.299     304987    0    0    0    1    1
2015  3 18 14 56     7.74    -6.14    -0.36    -573.1     29.93    -25.96     6.253     298076    0    0    0    1    1
2015  3 18 14 57     7.34    -5.94    -0.53    -573.7     29.96    -21.88     6.270     297551    0    0    0    1    1
2015  3 18 14 58     7.20    -5.84    -0.06    -574.9     30.06    -18.28     6.198     290123    0    0    0    1    1
2015  3 18 14 59     6.90    -5.20     3.48    -576.9     30.95     -9.35     6.243     285296    0    0    0    1    1
2015  3 18 15  0     7.08    -5.65     1.52    -577.1     30.68    -15.50     6.359     286029    0    0    0    1    1
2015  3 18 15  1     7.16    -5.92    -1.52    -576.9     29.87    -25.70     6.473     288338    0    0    0    1    1
2015  3 18 15  2     6.75    -6.22    -0.74    -577.0     32.19    -26.69     6.502     288600    0    0    0    1    1
2015  3 18 15  3     6.62    -5.91    -0.23    -576.9     42.06    -21.38     6.620     291432    0    0    0    1    1
2015  3 18 15  4     6.29    -5.75    -0.57    -580.8     45.66    -24.97     6.919     300424    0    0    0    1    1
2015  3 18 15  5     5.82    -5.95    -1.48    -586.8     39.87    -32.10     6.926     302226    0    0    0    1    1
2015  3 18 15  6     5.91    -5.98    -2.19    -588.0     38.96    -33.20     6.796     305738    0    0    0    1    1
2015  3 18 15  7     5.96    -5.77    -2.68    -588.0     39.55    -32.70     6.815     310928    0    0    0    1    1
2015  3 18 15  8     5.98    -5.55    -2.76    -585.6     38.92    -36.79     6.896     311557    0    0    0    1    1
2015  3 18 15  9     5.78    -5.51    -2.93    -585.4     36.62    -40.13     7.036     298061    0    0    0    1    1
2015  3 18 15 10     4.82    -5.95    -3.35    -589.6     28.89    -41.90     7.170     283328    0    0    0    1    1
2015  3 18 15 11    -0.45    -3.85    -5.38    -627.1     39.54    -46.03     7.295     283523    0    0    0    0    0
2015  3 18 15 12    -1.27    -4.14    -5.92    -627.2     41.51    -47.74     7.160     293496    0    0    0    0    0
2015  3 18 15 13    -1.50    -4.34    -5.84    -620.7     39.04    -43.08     7.110     310067    0    0    0    0    0
2015  3 18 15 14    -0.94    -4.38    -5.80    -614.5     38.41    -40.31     7.053     320920    0    0    0    0    0
2015  3 18 15 15     0.33    -4.28    -5.78    -608.5     39.50    -39.17     6.987     326479    0    0    0    0    0
2015  3 18 15 16     1.54    -4.29    -5.42    -603.8     42.60    -37.29     6.853     326479    0    0    0    0    0
2015  3 18 15 17     2.72    -3.97    -5.39    -597.5     45.15    -39.33     6.748     309406    0    0    0    0    0
2015  3 18 15 18     3.84    -3.52    -5.47    -590.8     47.44    -42.82     6.663     286641    0    0    0    0    1
2015  3 18 15 19     4.18    -3.51    -5.23    -588.3     49.36    -43.24     6.708     286641    0    0    0    0    1
2015  3 18 15 20     4.62    -3.14    -5.02    -585.9     48.89    -43.12     6.641     286641    0    0    0    0    1
2015  3 18 15 21     5.84    -3.22    -5.04    -585.7     46.08    -43.31     7.030     288775    0    0    0    0    1
2015  3 18 15 22     4.83    -5.03    -5.69    -589.6     43.02    -45.80     7.162     303675    0    0    0    0    1
2015  3 18 15 23     4.72    -4.76    -6.15    -594.4     42.60    -47.22     6.641     312269    0    0    0    0    0
2015  3 18 15 24     4.85    -4.02    -6.26    -594.3     44.55    -47.00     6.483     316090    0    0    0    0    0
2015  3 18 15 25     5.20    -3.30    -6.19    -590.6     46.88    -45.82     6.384     316899    0    0    0    0    0
2015  3 18 15 26     5.52    -3.42    -5.92    -587.4     48.08    -42.53     6.367     316174    0    0    0    0    0
2015  3 18 15 27     5.69    -3.95    -5.17    -585.8     48.51    -40.57     6.364     316041    0    0    0    0    0
2015  3 18 15 28     5.66    -4.30    -4.58    -585.2     48.19    -41.92     6.481     313111    0    0    0    0    0
2015  3 18 15 29     5.42    -4.35    -4.49    -585.0     48.03    -43.22     6.457     309335    0    0    0    0    0
2015  3 18 15 30     5.48    -4.08    -4.54    -583.9     47.79    -43.33     6.346     308290    0    0    0    0    0
2015  3 18 15 31     5.67    -3.97    -4.79    -584.6     45.12    -39.87     6.303     311499    0    0    0    0    0
2015  3 18 15 32     5.57    -4.16    -4.67    -585.6     46.48    -35.38     6.403     312974    0    0    0    0    0
2015  3 18 15 33     5.46    -4.21    -3.63    -591.3     52.32    -27.92     6.780     347543    0    0    0    0    0
2015  3 18 15 34     5.42    -3.42    -2.46    -593.6     66.00    -20.85     6.502     370283    0    0    0    0    0
2015  3 18 15 35     4.94    -3.94    -0.08    -596.8     60.93    -21.13     6.109     373839    0    0    0    0    0
2015  3 18 15 36     4.20    -4.36    -1.04    -599.6     51.29    -22.64     6.058     380663    0    0    0    0    0
2015  3 18 15 37     3.71    -4.45    -1.69    -599.2     49.44    -21.70     6.120     381636    0    0    0    0    0
2015  3 18 15 38     3.62    -4.24    -1.28    -598.1     49.40    -19.55     6.077     381647    0    0    0    0    0
2015  3 18 15 39     3.52    -3.92    -0.70    -596.6     51.72    -18.42     5.927     380789    0    0    0    0    0
2015  3 18 15 40     3.34    -3.24    -0.22    -597.6     63.12    -24.17     6.074     376695    0    0    0    0    0
2015  3 18 15 41     3.47    -2.41    -0.15    -599.4     74.19    -34.49     6.383     371396    0    0    0    0    0
2015  3 18 15 42     3.86    -1.61    -0.16    -598.4     77.68    -39.16     6.376     362467    0    0    0    0    0
2015  3 18 15 43     4.29    -0.56    -0.10    -597.3     82.62    -42.02     6.371     351010    0    0    0    0    0
2015  3 18 15 44     4.42     0.63     0.01    -596.8     84.24    -42.64     6.413     345918    0    0    0    0    0
2015  3 18 15 45     4.16     1.55     0.07    -601.3     83.29    -35.96     6.629     353426    0    0    0    0    0
2015  3 18 15 46     4.12     1.31    -1.29    -601.2     84.64    -35.88     7.000     357631    0    0    0    0    0
2015  3 18 15 47     4.48     1.02    -1.81    -598.0     83.25    -34.90     7.012     357631    0    0    0    0    0
2015  3 18 15 48     4.99     0.83    -1.19    -594.4     81.90    -29.77     6.775     352888    0    0    0    0    0
2015  3 18 15 49     5.49     0.84     0.08    -589.9     83.15    -25.08     6.570     339337    0    0    0    0    0
2015  3 18 15 50     5.79    -0.01     2.59    -589.3     77.16    -17.11     6.563     335834    0    0    0    0    0
2015  3 18 15 51     6.57     0.82     3.67    -588.3     78.77    -15.60     6.549     335723    0    0    0    1    1
2015  3 18 15 52     6.80     1.39     3.73    -585.4     80.40    -16.48     6.513     335723    0    0    0    1    1
2015  3 18 15 53     6.90     1.19     3.09    -584.2     80.20    -20.06     6.500     337082    0    0    0    1    1
2015  3 18 15 54     7.05     0.79     1.45    -584.8     76.24    -27.34     6.556     345722    0    0    0    0    0
2015  3 18 15 55     6.72    -0.36     1.03    -585.7     74.52    -35.08     6.583     349184    0    0    0    0    0
2015  3 18 15 56     6.32    -0.46     1.57    -589.1     72.34    -43.33     6.525     335465    0    0    0    0    0
2015  3 18 15 57     6.31    -0.42     0.75    -587.2     74.10    -48.20     6.467     334869    0    0    0    0    0
2015  3 18 15 58     6.27    -0.32     0.45    -587.1     76.04    -50.24     6.517     337904    0    0    0    0    0
2015  3 18 15 59     6.40     0.06     0.55    -585.5     81.06    -49.11     6.531     338523    0    0    0    0    0
2015  3 18 16  0     6.48     0.21     1.07    -582.9     80.83    -40.65     6.503     338523    0    0    0    0    0
