MIDL 32Re, 2023-02 to 2023-03 (nT, km/s, cm^-3, K)

#COORDINATES
GSM                     Earth orbital motion included

year month day hour minute Bx By Bz Ux Uy Uz rho T B_interp Ux_interp Uyz_interp rho_interp T_interp
#START
2023  2 26 14  0    -0.47    -5.02    -0.58    -438.5     83.26     25.43    14.305     125628    0    0    0    0    0
2023  2 26 14  1    -0.40    -4.89    -0.45    -439.2     84.17     27.46    14.360     125998    0    0    0    0    0
2023  2 26 14  2    -0.56    -4.82    -0.49    -440.9     83.63     26.49    14.131     125951    0    0    0    0    0
2023  2 26 14  3    -0.41    -5.03    -0.77    -442.1     82.45     24.11    14.042     125830    0    0    0    0    0
2023  2 26 14  4    -0.14    -5.05    -0.83    -442.8     84.01     27.41    14.065     125787    0    0    0    0    0
2023  2 26 14  5    -0.05    -4.63    -0.57    -441.8     85.89     31.19    14.340     126362    0    0    0    0    0
2023  2 26 14  6    -0.09    -4.23    -0.33    -440.8     86.41     32.25    14.265     128783    0    0    0    0    0
2023  2 26 14  7    -0.21    -4.20    -0.44    -440.8     86.35     31.61    13.715     133771    0    0    0    0    0
2023  2 26 14  8    -0.37    -4.28    -0.82    -441.4     86.59     30.81    13.651     140207    0    0    0    0    0
2023  2 26 14  9    -0.41    -4.23    -1.04    -441.0     87.23     31.69    13.682     144117    0    0    0    0    0
2023  2 26 14 10    -0.40    -4.08    -1.17    -439.6     88.23     33.51    14.012     144233    0    0    0    0    0
2023  2 26 14 11    -0.09    -3.80    -0.96    -441.3     87.86     32.37    14.864     144755    0    0    0    0    0
2023  2 26 14 12     0.46    -3.73    -0.28    -443.4     86.68     29.42    15.008     150032    0    0    0    0    0
2023  2 26 14 13     0.56    -3.73     0.16    -446.4     86.56     29.67    14.417     152734    0    0    0    0    0
2023  2 26 14 14     0.24    -3.83     0.31    -447.8     87.57     32.81    14.539     151924    0    0    0    0    0
2023  2 26 14 15    -0.25    -4.71     0.52    -445.9     88.36     35.00    15.413     144929    0    0    0    0    0
2023  2 26 14 16    -0.31    -5.25     0.72    -446.3     87.87     33.74    15.313     134221    0    0    0    0    0
2023  2 26 14 17     0.33    -5.71     1.30    -450.2     87.12     30.74    15.050     136106    0    0    0    0    0
2023  2 26 14 18     0.48    -5.71     1.25    -451.7     87.05     29.37    15.168     147355    0    0    0    0    0
2023  2 26 14 19     0.57    -5.56     0.57    -452.9     86.36     25.93    14.600     154120    0    0    0    0    0
2023  2 26 14 20     1.00    -5.28     0.72    -452.3     85.80     23.27    13.743     154388    0    0    0    0    0
2023  2 26 14 21     1.50    -5.13     1.19    -449.8     85.73     24.70    13.073     155015    0    0    0    0    0
2023  2 26 14 22     1.77    -5.13     1.79    -445.9     85.73     28.48    12.588     155848    0    0    0    0    0
2023  2 26 14 23     1.72    -5.77     2.35    -444.6     85.55     41.73    12.029     162976    0    0    0    0    0
2023  2 26 14 24     1.97    -5.95     2.13    -447.6     84.95     49.37    10.576     175222    0    0    0    0    0
2023  2 26 14 25     1.64    -5.84     1.45    -453.0     83.61     44.68    10.305     167971    0    0    0    0    0
2023  2 26 14 26     1.53    -6.10     1.21    -453.1     83.98     41.86    10.233     163138    0    0    0    0    0
2023  2 26 14 27     1.52    -6.29     1.10    -453.6     84.41     41.23    10.201     168502    0    0    0    0    0
2023  2 26 14 28     1.45    -6.52     1.36    -454.2     83.15     37.97    10.040     171256    0    0    0    0    0
2023  2 26 14 29     1.34    -6.58     1.90    -454.6     81.14     32.98     9.725     168564    0    0    0    0    0
2023  2 26 14 30     1.44    -6.53     2.41    -454.9     80.51     31.42     9.633     164768    0    0    0    0    0
2023  2 26 14 31     2.01    -6.24     2.90    -454.9     87.54     30.01     9.569     163932    0    0    0    0    0
2023  2 26 14 32     2.71    -5.83     4.19    -457.7     90.06     29.28     9.411     170204    0    0    0    0    0
2023  2 26 14 33     2.80    -5.85     4.19    -457.9     86.09     26.32     9.338     177596    0    0    0    0    0
2023  2 26 14 34     2.89    -6.08     4.20    -457.9     82.46     26.47     9.128     176394    0    0    0    0    0
2023  2 26 14 35     2.85    -6.26     4.14    -458.1     78.74     31.30     8.666     161748    0    0    0    0    0
2023  2 26 14 36     2.57    -7.77     3.49    -460.8     74.12     35.34     7.772     149049    0    0    0    0    0
2023  2 26 14 37     2.16    -9.11     3.09    -461.5     70.40     35.78     7.405     146020    0    0    0    0    0
2023  2 26 14 38     1.75    -9.09     3.26    -462.0     66.73     36.09     7.060     142164    0    0    0    0    0
2023  2 26 14 39     2.42    -8.93     3.65    -462.8     62.64     38.91     6.438     132521    0    0    0    0    0
2023  2 26 14 40     3.14    -8.67     3.75    -463.6     58.38     44.45     5.953     122073    0    0    0    0    0
2023  2 26 14 41     3.10    -8.60     3.76    -462.2     55.35     48.81     5.958     119132    0    0    0    0    0
2023  2 26 14 42     3.01    -8.68     3.91    -460.9     52.58     53.14     6.190     119593    0    0    0    0    0
2023  2 26 14 43     2.91    -8.77     3.93    -461.3     49.37     56.04     6.407     124246    0    0    0    0    0
2023  2 26 14 44     2.78    -8.96     3.51    -461.4     45.84     55.72     6.391     130040    0    0    0    0    0
2023  2 26 14 45     2.61    -9.10     3.04    -460.1     42.31     55.48     6.336     129487    0    0    0    0    0
2023  2 26 14 46     2.57    -9.19     2.48    -456.9     39.56     55.11     6.247     128106    0    0    0    0    0
2023  2 26 14 47     2.63    -8.93    -2.11    -456.3     36.13     54.82     5.990     121778    0    0    0    0    0
2023  2 26 14 48     2.75    -8.88    -3.23    -455.4     32.77     56.28     5.755     121244    0    0    0    0    0
2023  2 26 14 49     2.66    -8.90    -3.38    -455.1     29.21     59.54     5.532     128343    0    0    0    0    0
2023  2 26 14 50     2.55    -8.94    -2.91    -455.1     28.04     59.01     5.367     129937    0    0    0    0    0
2023  2 26 14 51     2.27    -9.08    -2.80    -455.8     29.21     56.14     5.379     124726    0    0    0    0    0
2023  2 26 14 52     1.37    -9.27    -2.55    -457.8     30.53     55.63     5.462     124593    0    0    0    0    0
2023  2 26 14 53     1.32    -9.46    -2.00    -457.8     33.04     53.09     5.333     133421    0    0    0    0    0
2023  2 26 14 54     1.50    -9.48    -1.99    -456.4     37.17     47.49     5.132     138442    0    0    0    0    0
2023  2 26 14 55     1.50    -9.59    -1.88    -454.4     40.27     44.15     5.080     151995    0    0    0    0    0
2023  2 26 14 56     1.16    -9.64    -1.62    -453.8     42.62     43.87     5.038     170525    0    0    0    0    0
2023  2 26 14 57     0.95    -9.64    -1.40    -453.8     44.06     46.30     5.025     177084    0    0    0    0    0
2023  2 26 14 58     1.20    -9.53    -1.08    -453.8     44.92     48.58     5.014     177084    0    0    0    0    0
2023  2 26 14 59     1.36    -9.46    -0.96    -453.7     44.20     49.14     4.992     173544    0    0    0    0    0
2023  2 26 15  0     1.48    -9.46    -0.99    -453.4     40.89     49.00     4.978     156563    0    0    0    0    0
2023  2 26 15  1     1.62    -9.47    -0.72    -453.3     37.08     49.29     4.967     143307    0    0    0    0    0
2023  2 26 15  2     1.80    -9.49    -0.55    -455.1     35.69     50.70     5.005     139806    0    0    0    0    0
2023  2 26 15  3     1.83    -9.52    -0.55    -455.8     35.07     52.38     5.098     139644    0    0    0    0    0
2023  2 26 15  4     0.87    -9.51     1.31    -458.7     34.67     53.45     5.120     141366    0    0    0    0    0
2023  2 26 15  5     0.84    -9.37     2.13    -460.0     39.56     53.91     5.123     158355    0    0    0    0    0
2023  2 26 15  6     0.97    -9.19     2.05    -460.5     44.31     54.30     5.129     177335    0    0    0    0    0
2023  2 26 15  7     1.29    -9.19     1.64    -459.3     44.72     54.35     5.140     175745    0    0    0    0    0
2023  2 26 15  8     1.51    -9.20     1.58    -457.6     43.39     54.40     5.155     169719    0    0    0    0    0
2023  2 26 15  9     1.78    -9.22     1.18    -457.4     40.58     54.42     5.151     162416    0    0    0    0    0
2023  2 26 15 10     1.88    -9.22     0.68    -458.7     39.67     54.96     4.934     150862    0    0    0    0    0
2023  2 26 15 11     1.91    -9.20     0.76    -463.5     39.45     56.73     4.689     138391    0    0    0    0    0
2023  2 26 15 12     1.93    -9.26     1.56    -465.0     39.48     57.68     4.723     136528    0    0    0    0    0
2023  2 26 15 13     1.93    -9.29     1.92    -465.4     39.75     57.64     4.791     147060    0    0    0    0    0
2023  2 26 15 14     1.71    -9.28     1.93    -465.5     40.67     57.30     4.792     149807    0    0    0    0    0
2023  2 26 15 15     1.66    -9.23     1.93    -465.6     41.78     57.44     4.768     147089    0    0    0    0    0
2023  2 26 15 16     2.04    -8.64     2.70    -465.6     41.86     58.10     4.761     146145    0    0    0    0    0
2023  2 26 15 17     2.19    -8.19     3.62    -465.6     41.59     58.99     4.743     146079    0    0    0    0    0
2023  2 26 15 18     2.50    -7.64     4.57    -465.7     41.57     59.88     4.714     144027    0    0    0    0    0
2023  2 26 15 19     3.05    -8.00     4.26    -465.7     42.06     60.41     4.771     143557    0    0    0    0    0
2023  2 26 15 20     3.30    -8.23     3.72    -465.7     42.87     60.49     4.884     143557    0    0    0    0    0
2023  2 26 15 21     3.22    -8.80     1.95    -463.8     43.02     60.48     4.866     143337    0    0    0    0    0
2023  2 26 15 22     3.15    -9.10     0.97    -462.7     43.10     60.96     4.795     143216    0    0    0    0    0
2023  2 26 15 23     3.14    -8.86     0.92    -462.9     43.89     62.12     4.766     153830    0    0    0    0    0
2023  2 26 15 24     3.41    -8.54     1.07    -463.0     45.45     62.92     4.900     168599    0    0    0    0    0
2023  2 26 15 25     3.66    -8.44     1.47    -462.9     46.51     63.22     5.159     173299    0    0    0    0    0
2023  2 26 15 26     3.67    -8.37     1.88    -461.7     47.00     63.36     5.315     172112    0    0    0    0    0
2023  2 26 15 27     3.54    -8.29     2.10    -460.7     49.28     63.10     5.327     169624    0    0    0    0    0
2023  2 26 15 28     3.42    -8.37     2.24    -461.6     55.51     61.66     5.247     166725    0    0    0    0    0
2023  2 26 15 29     3.37    -8.41     3.14    -468.5     70.90     54.95     5.071     158062    0    0    0    0    0
2023  2 26 15 30     3.36    -8.44     3.29    -468.4     81.71     53.74     5.038     150926    0    0    0    0    0
2023  2 26 15 31     3.28    -8.47     3.35    -466.6     90.40     51.33     5.007     150705    0    0    0    0    0
2023  2 26 15 32     3.18    -8.08     3.64    -466.3     96.14     53.66     4.890     148807    0    0    0    0    0
2023  2 26 15 33     3.16    -8.19     3.85    -465.8    101.14     54.09     4.765     144589    0    0    0    0    0
2023  2 26 15 34     3.13    -8.22     4.02    -466.0    101.22     35.25     4.767     140389    0    0    0    0    0
2023  2 26 15 35     3.05    -8.16     4.01    -466.0    101.71     31.81     4.885     137868    0    0    0    0    0
2023  2 26 15 36     3.33    -8.01     3.41    -466.3    101.81     41.12     5.040     137532    0    0    0    0    0
2023  2 26 15 37     3.19    -7.90     3.33    -464.5    102.50     42.67     5.084     140196    0    0    0    0    0
2023  2 26 15 38     3.31    -7.91     3.42    -463.6    100.96     40.62     5.095     149935    0    0    0    0    0
2023  2 26 15 39     3.43    -8.06     3.85    -464.0    101.75     38.37     5.050     155160    0    0    0    0    0
2023  2 26 15 40     3.58    -7.93     4.30    -464.3    102.93     37.86     4.940     145164    0    0    0    0    0
2023  2 26 15 41     3.94    -7.71     4.60    -463.2    103.03     37.87     4.868     124457    0    0    0    0    0
2023  2 26 15 42     4.14    -7.50     4.72    -462.4    100.15     36.27     4.844     113087    0    0    0    0    0
2023  2 26 15 43     4.03    -7.33     4.77    -461.5     97.11     34.66     4.915     118003    0    0    0    0    0
2023  2 26 15 44     3.85    -7.24     4.79    -459.3     96.74     35.54     5.081     128040    0    0    0    0    0
2023  2 26 15 45     3.74    -7.24     4.62    -455.8     96.71     38.61     5.295     138524    0    0    0    0    0
2023  2 26 15 46     3.57    -7.46     4.26    -455.5     96.97     39.60     5.419     142475    0    0    0    0    0
2023  2 26 15 47     3.71    -7.50     4.16    -456.5     97.56     38.90     5.463     142848    0    0    0    0    0
2023  2 26 15 48     3.84    -6.27     4.72    -461.2     97.64     35.05     5.279     129580    0    0    0    0    0
2023  2 26 15 49     3.49    -6.28     5.74    -463.4     97.47     34.31     5.130     120058    0    0    0    0    0
2023  2 26 15 50     3.22    -6.29     6.00    -465.8     97.33     34.31     5.118     126863    0    0    0    0    0
2023  2 26 15 51     3.47    -5.48     6.69    -465.5     98.18     30.42     5.145     128375    0    0    0    0    0
2023  2 26 15 52     3.81    -5.31     6.91    -463.9     98.42     29.16     5.156     126723    0    0    0    0    0
2023  2 26 15 53     3.96    -5.12     6.94    -463.1     97.39     29.19     5.158     124123    0    0    0    0    0
2023  2 26 15 54     3.96    -4.96     6.81    -462.6     96.45     28.81     5.162     122844    0    0    0    0    0
2023  2 26 15 55     4.07    -5.02     6.55    -461.0     96.00     30.45     5.213     125233    0    0    0    0    0
2023  2 26 15 56     4.24    -5.55     6.17    -459.6     95.90     34.91     5.351     129926    0    0    0    0    0
2023  2 26 15 57     4.19    -6.90     5.57    -460.3     97.04     38.14     5.530     132210    0    0    0    0    0
2023  2 26 15 58     4.22    -6.96     5.30    -456.5     96.78     38.49     5.524     132210    0    0    0    0    0
2023  2 26 15 59     4.40    -7.22     4.17    -455.6     96.70     38.01     5.418     129071    0    0    0    0    0
2023  2 26 16  0     4.62    -7.40     3.62    -455.5     86.91     22.74     5.203     124967    0    0    0    0    0
2023  2 26 16  1     4.61    -8.14     2.99    -456.1     84.02     18.28     5.297     124210    0    0    0    0    0
2023  2 26 16  2     4.36    -8.39     2.84    -457.0     87.23     19.76     5.745     124198    0    0    0    0    0
2023  2 26 16  3     3.90    -8.48     1.69    -457.5     89.48     25.08     6.006     124246    0    0    0    0    0
2023  2 26 16  4     3.60    -8.47     2.07    -456.1     93.87     37.06     6.006     125211    0    0    0    0    0
2023  2 26 16  5     3.40    -8.25     3.63    -454.5     96.47     44.55     6.120     125375    0    0    0    0    0
2023  2 26 16  6     3.78    -7.72     4.36    -453.9     96.80     46.00     6.329     126035    0    0    0    0    0
2023  2 26 16  7     4.43    -7.14     4.70    -454.1     95.96     42.97     6.403     126309    0    0    0    0    0
2023  2 26 16  8     4.80    -6.84     4.81    -454.7     94.92     41.41     6.340     124400    0    0    0    0    0
2023  2 26 16  9     4.83    -7.01     5.07    -457.4     93.71     31.41     6.201     121094    0    0    0    0    0
2023  2 26 16 10     4.08    -7.39     4.96    -458.6     90.71     23.58     6.301     122338    0    0    0    0    0
2023  2 26 16 11     4.36    -6.99     4.26    -460.1     87.90     18.82     6.415     131808    0    0    0    0    0
2023  2 26 16 12     4.22    -7.52     2.90    -463.2     85.46     16.87     6.398     141495    0    0    0    0    0
2023  2 26 16 13     4.03    -8.01     1.92    -463.0     84.28     16.32     6.390     144122    0    0    0    0    0
2023  2 26 16 14     3.72    -7.89     1.82    -464.3     87.37     19.33     6.375     145539    0    0    0    0    0
2023  2 26 16 15     3.61    -7.21     2.57    -462.8     88.83     21.34     6.343     148300    0    0    0    0    0
2023  2 26 16 16     3.78    -6.66     3.41    -461.0     89.43     23.23     6.322     150102    0    0    0    0    0
2023  2 26 16 17     4.09    -6.56     3.78    -458.9     89.93     25.58     6.299     149322    0    0    0    0    0
2023  2 26 16 18     4.09    -6.55     3.80    -453.8     88.74     25.73     6.236     147092    0    0    0    0    0
2023  2 26 16 19     3.97    -6.94     4.06    -453.4     83.15     19.21     5.893     131721    0    0    0    0    0
2023  2 26 16 20     4.12    -7.22     2.15    -455.7     79.36     12.37     5.365     111520    0    0    0    0    0
2023  2 26 16 21     2.36    -2.02     7.85    -470.2    101.27     47.79     5.430     109245    0    1    0    2    2
2023  2 26 16 22     2.43    -1.83     7.80    -470.0    100.29     48.25     5.519     109029    0    1    0    2    2
2023  2 26 16 23     2.77    -2.50     7.52    -469.3     96.53     49.18     5.602     108862    0    1    0    1    1
2023  2 26 16 24     3.33    -3.13     7.11    -468.1     96.44     44.68     5.672     108995    0    0    0    0    0
2023  2 26 16 25     3.92    -3.19     7.00    -465.6     96.26     44.24     5.724     111657    0    0    0    0    0
2023  2 26 16 26     3.99    -3.96     6.97    -464.0     96.20     34.26     5.774     117956    0    0    0    0    0
2023  2 26 16 27     3.90    -5.06     5.95    -463.6     95.98     28.34     5.775     120878    0    0    0    0    0
2023  2 26 16 28     4.02    -5.52     4.47    -464.2     92.91     18.46     5.729     113180    0    0    0    0    0
2023  2 26 16 29     4.17    -5.67     3.86    -464.5     90.60     10.38     5.714     109436    0    0    0    0    0
2023  2 26 16 30     4.13    -5.52     5.01    -463.0     90.45      9.36     5.835     124836    0    0    0    0    0
2023  2 26 16 31     3.92    -5.28     5.95    -461.0     93.60     15.84     6.018     141613    0    0    0    0    0
2023  2 26 16 32     3.68    -5.01     5.95    -459.1     98.34     25.56     6.134     151532    0    0    0    0    0
2023  2 26 16 33     3.65    -4.45     5.91    -457.3     97.90     24.98     6.010     158542    0    0    0    0    0
2023  2 26 16 34     4.04    -4.48     5.40    -456.4     92.56     17.51     5.806     158542    0    0    0    0    0
2023  2 26 16 35     4.55    -4.89     4.90    -455.7     92.21     17.05     5.665     155871    0    0    0    0    0
2023  2 26 16 36     4.99    -4.95     4.69    -453.9     92.50     17.57     5.536     147393    0    0    0    0    0
2023  2 26 16 37     5.30    -4.92     4.63    -451.9     93.76     21.28     5.468     143549    0    0    0    0    0
2023  2 26 16 38     5.79    -5.04     4.18    -458.8     94.20     29.21     5.376     140780    0    0    0    0    0
2023  2 26 16 39     5.79    -5.02     4.18    -455.4     93.78     29.73     5.401     137451    0    0    0    0    0
2023  2 26 16 40     6.01    -4.98     3.51    -454.1     93.64     33.47     5.524     136674    0    0    0    0    0
2023  2 26 16 41     6.10    -4.91     3.06    -452.8     93.61     35.36     5.680     137589    0    0    0    0    0
2023  2 26 16 42     6.27    -4.88     2.90    -450.0     93.58     35.66     5.755     138236    0    0    0    0    0
2023  2 26 16 43     6.60    -4.92     2.85    -445.9     93.52     35.68     5.755     138236    0    0    0    0    0
2023  2 26 16 44     6.97    -4.88     2.83    -444.1     92.70     31.07     5.761     138236    0    0    0    0    0
2023  2 26 16 45     7.07    -4.94     2.63    -444.7     92.15     28.05     5.816     146057    0    0    0    0    0
2023  2 26 16 46     6.78    -5.04     3.03    -445.3     91.86     27.75     5.921     155915    0    0    0    0    0
2023  2 26 16 47     5.51    -4.79     3.26    -448.9     91.02     32.56     5.893     160781    0    0    0    0    0
2023  2 26 16 48     5.36    -4.52     3.54    -449.2     87.98     33.00     5.852     168098    0    0    0    0    0
2023  2 26 16 49     5.52    -4.83     4.11    -451.1     76.85     30.64     6.043     165823    0    0    0    0    0
2023  2 26 16 50     5.03    -5.36     4.67    -452.3     77.04     28.65     6.453     162591    0    0    0    0    0
2023  2 26 16 51     4.96    -4.95     4.97    -454.8     83.95     30.94     6.593     172338    0    0    0    0    0
2023  2 26 16 52     5.17    -4.09     5.13    -456.9     84.92     30.52     6.303     175168    0    0    0    0    0
2023  2 26 16 53     5.65    -3.96     5.25    -453.9     82.93     30.08     6.009     172140    0    0    0    0    0
2023  2 26 16 54     5.86    -3.91     4.84    -452.6     81.13     29.01     5.936     163163    0    0    0    0    0
2023  2 26 16 55     6.08    -3.90     4.39    -452.3     79.37     27.87     6.166     157318    0    0    0    0    0
2023  2 26 16 56     6.33    -4.12     4.13    -450.9     77.31     26.91     6.435     160876    0    0    0    0    0
2023  2 26 16 57     6.43    -4.56     3.60    -449.1     75.44     25.86     6.589     166333    0    0    0    0    0
2023  2 26 16 58     6.43    -4.84     2.82    -448.5     74.21     24.47     6.575     165361    0    0    0    0    0
2023  2 26 16 59     6.22    -4.39     4.42    -450.5     70.47     23.16     6.634     159793    0    0    0    0    0
2023  2 26 17  0     5.19    -4.38     5.63    -459.6     72.19     33.00     7.046     148718    0    0    0    0    0
2023  2 26 17  1     3.35    -3.93     6.03    -463.0     79.11     40.09     6.912     150722    0    0    0    0    0
2023  2 26 17  2     2.62    -3.61     6.55    -464.6     80.10     37.79     6.664     153760    0    0    0    0    0
2023  2 26 17  3     2.39    -3.25     6.79    -464.5     80.03     36.29     6.396     154355    0    0    0    0    0
2023  2 26 17  4     1.94    -3.05     6.90    -464.4     81.53     35.23     6.184     147155    0    0    0    0    0
2023  2 26 17  5     1.11    -2.97     6.94    -466.3     83.74     36.14     6.088     143569    0    0    0    0    0
2023  2 26 17  6     1.08    -3.00     6.90    -467.0     84.20     34.17     6.032     143498    0    0    0    0    0
2023  2 26 17  7     2.47    -3.35     6.51    -465.4     82.98     31.41     5.791     143498    0    0    0    0    0
2023  2 26 17  8     5.23    -3.44     5.94    -464.9     81.39     26.51     5.681     140991    0    0    0    0    0
2023  2 26 17  9     6.30    -3.26     5.36    -460.9     80.71     24.12     5.737     139177    0    0    0    0    0
2023  2 26 17 10     6.68    -3.02     4.79    -455.4     80.35     22.80     5.834     137873    0    0    0    0    0
2023  2 26 17 11     7.00    -2.96     4.26    -450.6     80.10     22.71     5.954     137417    0    0    0    0    0
2023  2 26 17 12     7.29    -2.99     3.76    -446.1     79.89     23.29     6.088     137417    0    0    0    0    0
2023  2 26 17 13     6.93    -2.98     3.68    -444.5     80.08     24.42     6.333     137417    0    0    0    0    0
2023  2 26 17 14     4.50    -2.90     4.46    -451.5     82.54     26.01     6.880     134104    0    0    0    0    0
2023  2 26 17 15     4.21    -2.89     5.66    -451.9     83.54     25.80     7.205     132859    0    0    0    0    0
2023  2 26 17 16     4.30    -3.00     5.99    -450.1     81.63     24.99     7.171     137307    0    0    0    0    0
2023  2 26 17 17     4.29    -3.14     5.57    -448.8     76.78     24.07     6.920     146737    0    0    0    0    0
2023  2 26 17 18     3.19    -3.94     6.80    -458.6     68.97     26.71     7.342     143233    0    0    0    0    0
2023  2 26 17 19     2.65    -5.21     5.98    -462.4     71.19     20.95     7.317     134922    0    0    0    0    0
2023  2 26 17 20     2.93    -5.96     5.21    -462.4     71.19     19.81     7.305     136208    0    0    0    0    0
2023  2 26 17 21     3.25    -5.39     5.47    -460.0     70.85     19.96     7.242     137495    0    0    0    0    0
2023  2 26 17 22     3.69    -5.12     5.59    -456.5     71.64     20.47     7.091     137495    0    0    0    0    0
2023  2 26 17 23     3.99    -4.87     5.01    -455.0     74.56     22.66     6.789     137679    0    0    0    0    0
2023  2 26 17 24     3.97    -5.33     4.86    -454.7     77.60     24.17     6.716     139948    0    0    0    0    0
2023  2 26 17 25     3.46    -5.49     5.55    -461.5     79.47     25.11     6.674     139690    0    0    0    0    0
2023  2 26 17 26     3.28    -5.79     5.73    -461.1     78.81     24.64     6.632     138382    0    0    0    0    0
2023  2 26 17 27     3.28    -6.53     5.09    -460.4     76.56     23.29     6.577     138382    0    0    0    0    0
2023  2 26 17 28     3.49    -7.12     3.45    -460.3     73.53     22.53     6.527     139913    0    0    0    0    0
2023  2 26 17 29     3.76    -7.25     2.88    -459.3     72.74     22.19     6.644     145098    0    0    0    0    0
2023  2 26 17 30     3.87    -7.41     3.17    -456.1     72.89     23.02     7.012     151042    0    0    0    0    0
2023  2 26 17 31     3.02    -5.23     4.92    -464.5     64.99     23.51     7.832     194134    0    0    0    0    0
2023  2 26 17 32     1.73    -6.70     4.99    -464.8     66.07     22.82     7.713     158752    0    0    0    0    0
2023  2 26 17 33     1.60    -7.54     4.39    -463.6     66.87     21.82     7.493     145954    0    0    0    0    0
2023  2 26 17 34     1.87    -7.73     3.69    -462.0     66.42     21.05     7.329     146506    0    0    0    0    0
2023  2 26 17 35     2.05    -7.73     3.18    -460.3     65.46     20.61     7.264     150883    0    0    0    0    0
2023  2 26 17 36     2.05    -7.73     2.83    -458.8     64.47     19.85     7.202     159439    0    0    0    0    0
2023  2 26 17 37     2.05    -7.71     2.50    -457.6     61.55     16.02     6.887     158453    0    0    0    0    0
2023  2 26 17 38     2.05    -7.71     2.25    -455.8     59.17     13.49     6.474     143662    0    0    0    0    0
2023  2 26 17 39     2.73    -7.92     1.49    -455.3     57.71     12.88     6.355     139324    0    0    0    0    0
2023  2 26 17 40     2.98    -8.05     0.61    -456.1     53.80     11.55     6.421     136223    0    0    0    0    0
2023  2 26 17 41     2.80    -8.07    -0.08    -454.7     52.01     10.98     6.564     133053    0    0    0    0    0
2023  2 26 17 42     2.72    -7.78    -0.86    -454.1     50.70      9.61     6.504     128672    0    0    0    0    0
2023  2 26 17 43     2.10    -6.27     1.84    -459.8     57.94     15.59     6.171     127186    0    1    1    1    1
2023  2 26 17 44     2.02    -6.61     4.20    -464.3     52.31     25.42     6.164     130003    0    1    2    2    2
2023  2 26 17 45     1.96    -6.87     3.69    -461.8     50.78     24.95     6.159     133201    0    1    2    2    2
2023  2 26 17 46     1.67    -6.51     3.90    -458.7     49.47     24.55     6.154     135470    0    1    1    1    1
2023  2 26 17 47     1.71    -3.30     7.24    -458.7     48.45     24.13     6.154     135388    0    1    1    1    1
2023  2 26 17 48     2.02    -3.26     7.01    -460.8     49.90     23.16     6.205     134094    0    1    2    2    2
2023  2 26 17 49     2.58    -3.07     7.05    -460.4     52.09     21.69     6.281     131837    0    1    2    2    2
2023  2 26 17 50     2.62    -2.94     7.17    -459.4     54.12     20.34     6.352     130189    0    1    2    2    2
2023  2 26 17 51     2.78    -2.71     7.18    -459.3     56.36     18.96     6.430     129971    0    1    1    1    1
2023  2 26 17 52     3.42    -2.43     7.13    -459.8     58.03     19.25     6.496     132886    0    0    0    0    0
2023  2 26 17 53     3.63    -2.62     6.95    -460.0     58.19     21.87     6.496     140958    0    0    0    0    0
2023  2 26 17 54     3.64    -2.63     6.82    -457.0     58.18     21.85     6.443     140958    0    0    0    0    0
2023  2 26 17 55     3.79    -3.17     6.77    -456.5     63.65     21.18     6.049     128946    0    0    0    0    0
2023  2 26 17 56     3.98    -3.45     6.75    -454.7     65.86     19.79     5.688     123566    0    0    0    0    0
2023  2 26 17 57     4.05    -3.55     6.40    -454.0     67.84     21.04     5.728     116365    0    0    0    0    0
2023  2 26 17 58     3.83    -3.83     6.18    -455.4     71.85     38.05     6.466     113795    0    0    0    0    0
2023  2 26 17 59     3.78    -3.88     6.57    -455.9     79.93     35.68     6.952     117200    0    0    0    0    0
2023  2 26 18  0     4.07    -3.50     6.66    -453.6     86.69     42.91     7.211     124843    0    0    0    0    0
2023  2 26 18  1     3.80    -3.42     6.42    -452.1     89.51     47.66     7.412     131134    0    0    0    0    0
2023  2 26 18  2     2.85    -3.69     6.11    -453.4     92.71     43.68     7.608     134869    0    0    0    0    0
2023  2 26 18  3     2.02    -3.76     5.84    -458.1     92.11     33.48     7.758     138217    0    0    0    0    0
2023  2 26 18  4     1.46    -3.42     5.82    -457.4     90.38     29.72     7.734     145754    0    0    0    0    0
2023  2 26 18  5     1.41    -3.37     5.82    -456.4     90.20     29.39     7.703     150456    0    0    0    0    0
2023  2 26 18  6     1.41    -2.94     6.05    -456.4     91.14     33.75     7.701     150770    0    0    0    0    0
2023  2 26 18  7     1.50    -2.39     6.27    -456.4     91.37     35.22     7.530     140347    0    0    0    0    0
2023  2 26 18  8     1.85    -2.70     6.31    -455.8     91.56     35.28     7.159     139603    0    1    1    0    0
2023  2 26 18  9     2.56    -3.85     5.86    -453.9     79.95     33.34     6.953     141825    0    1    1    0    0
2023  2 26 18 10     3.37    -4.14     6.25    -452.8     78.61     37.07     6.897     142766    0    1    1    0    0
2023  2 26 18 11     3.81    -4.37     6.81    -452.7     83.46     41.72     6.922     140437    0    1    1    0    0
2023  2 26 18 12     3.86    -4.63     6.72    -453.4     86.84     43.94     6.826     138743    0    0    0    0    0
2023  2 26 18 13     3.64    -4.61     6.87    -455.5     90.70     33.38     6.505     138743    0    0    0    0    0
2023  2 26 18 14     2.82    -4.70     7.29    -462.4     91.48     29.73     6.423     121072    0    0    0    0    0
2023  2 26 18 15     2.51    -5.29     7.26    -464.1     91.72     28.39     6.455     118344    0    0    0    0    0
2023  2 26 18 16     1.98    -5.77     6.63    -466.5     91.73     21.30     6.519     118239    0    0    0    0    0
2023  2 26 18 17     0.84    -5.73     7.09    -469.2     92.10     19.89     6.732     113918    0    0    0    0    0
2023  2 26 18 18     0.70    -5.29     7.27    -469.5     92.44     20.87     6.821     111184    0    0    0    0    0
2023  2 26 18 19     0.77    -5.29     7.41    -469.0     92.60     25.96     6.689     107465    0    0    0    0    0
2023  2 26 18 20     1.26    -5.29     7.37    -467.1     93.01     26.05     6.548     107465    0    0    0    0    0
2023  2 26 18 21     1.76    -5.37     6.63    -465.7     92.63     28.87     6.490     116542    0    0    0    0    0
2023  2 26 18 22     1.89    -5.39     6.46    -465.0     92.08     26.16     6.449     118649    0    0    0    0    0
2023  2 26 18 23     1.98    -5.64     7.11    -464.7     91.92     28.24     6.414     112961    0    0    0    0    0
2023  2 26 18 24     1.98    -5.75     7.32    -464.6     91.90     29.61     6.339     110764    0    0    0    0    0
2023  2 26 18 25     2.04    -5.42     7.14    -463.2     90.85     31.93     6.275     115501    0    0    0    0    0
2023  2 26 18 26     2.27    -5.04     7.00    -461.8     90.00     33.81     6.243     118806    0    0    0    0    0
2023  2 26 18 27     2.64    -4.78     7.23    -461.3     90.75     33.98     6.311     118806    0    0    0    0    0
2023  2 26 18 28     2.94    -4.98     7.04    -461.2     92.30     33.57     6.499     119080    0    0    0    0    0
2023  2 26 18 29     2.57    -5.66     6.30    -463.2     92.94     33.30     6.320     119492    0    0    0    0    0
2023  2 26 18 30     1.72    -5.82     6.59    -464.7     93.14     39.95     5.762     102572    0    0    0    0    0
2023  2 26 18 31     2.08    -4.99     6.14    -464.1     93.43     50.79     5.973      96277    0    0    0    0    0
2023  2 26 18 32     2.88    -4.33     6.10    -463.6     93.57     54.65     6.465     103049    0    0    0    0    0
2023  2 26 18 33     3.21    -4.68     6.25    -463.4     93.64     45.62     6.685     108656    0    0    0    0    0
2023  2 26 18 34     3.23    -5.27     6.33    -462.0     93.53     35.63     6.755     113589    0    0    0    0    0
2023  2 26 18 35     3.33    -5.28     6.55    -459.6     90.30     32.16     6.878     121849    0    0    0    0    0
2023  2 26 18 36     3.55    -4.42     6.92    -457.0     80.69     35.72     7.053     133644    0    0    0    0    0
2023  2 26 18 37     3.90    -3.12     7.46    -460.1     80.30     38.12     7.151     132753    0    0    0    0    0
2023  2 26 18 38     4.03    -3.28     7.50    -460.0     79.09     37.21     6.929     129609    0    0    0    0    0
2023  2 26 18 39     4.06    -3.42     7.38    -458.0     77.48     36.44     6.662     127185    0    0    0    0    0
2023  2 26 18 40     3.93    -4.62     6.66    -455.9     76.51     39.70     6.588     127185    0    0    0    0    0
2023  2 26 18 41     3.65    -5.21     6.49    -455.4     76.50     40.00     6.701     127795    0    0    0    0    0
2023  2 26 18 42     3.54    -5.19     6.53    -457.9     80.27     41.14     7.068     135522    0    0    0    0    0
2023  2 26 18 43     3.17    -3.58     7.49    -463.4     82.74     33.89     7.210     135699    0    0    0    0    0
2023  2 26 18 44     3.02    -5.00     7.02    -463.5     83.78     33.83     7.194     132221    0    0    0    0    0
2023  2 26 18 45     2.82    -6.77     5.50    -464.0     85.74     35.10     7.188     129966    0    0    0    0    0
2023  2 26 18 46     2.63    -6.99     4.71    -464.0     85.89     37.05     7.280     141923    0    0    0    0    0
2023  2 26 18 47     2.59    -6.50     5.15    -464.1     85.27     38.49     7.433     151640    0    0    0    0    0
2023  2 26 18 48     2.79    -4.71     6.12    -464.1     85.15     38.91     7.508     153290    0    0    0    0    0
2023  2 26 18 49     3.16    -3.86     6.53    -464.0     84.15     37.35     7.485     146219    0    0    0    0    0
2023  2 26 18 50     3.38    -3.94     6.54    -463.8     80.63     35.17     7.214     136804    0    0    0    0    0
2023  2 26 18 51     3.39    -5.03     5.92    -462.9     76.70     32.78     6.711     130187    0    0    0    0    0
2023  2 26 18 52     3.47    -6.13     5.05    -462.0     72.97     31.45     6.239     126639    0    0    0    0    0
2023  2 26 18 53     3.59    -5.68     5.44    -461.9     70.18     32.01     5.947     123475    0    0    0    0    0
2023  2 26 18 54     3.60    -4.59     6.41    -462.0     69.70     32.33     5.968     120970    0    0    0    0    0
2023  2 26 18 55     3.68    -4.38     6.41    -461.7     70.27     31.26     6.293     122100    0    0    0    0    0
2023  2 26 18 56     4.01    -4.55     6.38    -460.9     72.48     29.36     6.619     123523    0    0    0    0    0
2023  2 26 18 57     4.34    -5.02     6.45    -459.7     75.61     27.81     6.752     120957    0    0    0    0    0
2023  2 26 18 58     4.01    -5.58     6.68    -459.2     76.01     28.66     6.758     113257    0    0    0    0    0
2023  2 26 18 59     3.65    -5.57     6.34    -457.2     76.69     28.68     6.789     113477    0    0    0    0    0
2023  2 26 19  0     4.63    -4.64     6.30    -457.1     77.65     31.24     7.160     126689    0    0    0    0    0
2023  2 26 19  1     4.63    -4.49     6.35    -456.7     74.87     36.65     7.735     140449    0    0    0    0    0
2023  2 26 19  2     4.71    -4.57     6.47    -457.3     77.84     41.91     7.872     140625    0    0    0    0    0
2023  2 26 19  3     4.74    -4.56     6.76    -458.8     79.72     41.55     7.556     124141    0    0    0    0    0
2023  2 26 19  4     4.69    -4.19     6.88    -460.3     80.06     38.26     7.223     114286    0    0    0    0    0
2023  2 26 19  5     4.46    -3.66     6.86    -460.8     79.16     33.95     6.978     115459    0    0    0    0    0
2023  2 26 19  6     4.16    -3.97     6.77    -460.7     77.48     35.40     6.802     119318    0    0    0    0    0
2023  2 26 19  7     4.09    -4.45     6.54    -460.3     75.00     38.08     6.735     124109    0    0    0    0    0
2023  2 26 19  8     4.23    -4.88     6.18    -458.7     73.41     37.82     6.738     128255    0    0    0    0    0
2023  2 26 19  9     4.46    -4.07     6.31    -457.2     73.91     39.53     6.753     132532    0    0    0    0    0
2023  2 26 19 10     4.48    -3.53     5.86    -455.2     75.07     42.62     6.837     136931    0    0    0    0    0
2023  2 26 19 11     3.93    -3.40     5.61    -458.6     77.43     43.35     7.401     144809    0    0    0    0    0
2023  2 26 19 12     3.92    -3.39     5.83    -458.4     78.39     41.01     7.878     150727    0    0    0    0    0
2023  2 26 19 13     4.10    -3.32     6.30    -455.5     79.75     38.09     8.126     150727    0    0    0    0    0
2023  2 26 19 14     3.93    -2.64     7.07    -459.4     81.42     37.21     8.431     140186    0    0    0    0    0
2023  2 26 19 15     3.85    -2.34     7.09    -458.2     82.19     37.45     8.319     124787    0    0    0    0    0
2023  2 26 19 16     4.01    -2.26     7.09    -458.4     83.24     37.73     8.311     122795    0    0    0    0    0
2023  2 26 19 17     4.42    -2.24     7.02    -459.7     82.53     40.45     8.191     120335    0    0    0    0    0
2023  2 26 19 18     4.65    -2.18     6.73    -460.1     80.13     47.02     7.909     120783    0    0    0    0    0
2023  2 26 19 19     4.83    -2.25     6.58    -458.2     83.10     44.59     7.749     123041    0    0    0    0    0
2023  2 26 19 20     4.92    -2.50     6.46    -456.0     81.22     40.97     7.828     130845    0    0    0    0    0
2023  2 26 19 21     4.91    -3.49     6.63    -463.1     79.94     38.92     7.991     131323    0    0    0    0    0
2023  2 26 19 22     6.29   -13.31     9.47    -547.5     83.74     37.39     7.380     126025    0    0    0    0    0
2023  2 26 19 23     6.61   -14.88     9.27    -548.4     77.76     35.76     7.311     139481    0    0    0    0    0
2023  2 26 19 24     7.66   -14.38     9.05    -546.6     78.10     30.94     7.215     148728    0    0    0    0    0
2023  2 26 19 25     8.47   -14.44     8.71    -544.8     79.52     20.67     7.143     147700    0    0    0    0    0
2023  2 26 19 26     8.75   -14.92     6.57    -543.6     80.13     20.27     7.119     137546    0    0    0    0    0
2023  2 26 19 27     9.24   -15.07     4.21    -539.6     75.49     17.69     7.107     134789    0    0    0    0    0
2023  2 26 19 28     9.64   -15.00     2.39    -533.2     70.89     14.86     7.071     133778    0    0    0    0    0
2023  2 26 19 29     9.99   -14.82     0.87    -525.4     66.33     11.90     7.021     133778    0    0    0    0    0
2023  2 26 19 30    10.39   -14.78    -0.23    -518.0     61.59      8.37     6.968     133778    0    0    0    0    0
2023  2 26 19 31    10.88   -15.01    -0.53    -511.4     56.53      3.82     6.910     133778    0    0    0    0    0
2023  2 26 19 32    10.64   -16.27    -1.16    -516.5     36.99     -8.07    10.398     191304    0    0    0    0    0
2023  2 26 19 33     9.52   -15.61    -1.42    -524.9     17.66    -20.83    14.351     262897    0    0    0    0    0
2023  2 26 19 34     9.63   -14.77    -0.10    -524.5     15.28    -23.70    14.839     271863    0    0    0    0    0
2023  2 26 19 35    10.00   -14.72     0.58    -524.7     15.43    -24.57    15.377     270628    0    0    0    0    0
2023  2 26 19 36     9.92   -14.80     0.58    -524.9     20.10    -25.95    15.610     267815    0    0    0    0    0
2023  2 26 19 37     9.47   -15.41    -1.12    -526.2     24.68    -24.79    15.293     262369    0    0    0    0    0
2023  2 26 19 38     8.46   -17.37    -4.61    -526.4     20.96    -22.48    14.454     208122    0    0    0    0    0
2023  2 26 19 39     8.24   -17.67    -5.64    -522.7     17.88    -20.74    14.269     195127    0    0    0    0    0
2023  2 26 19 40     8.52   -17.54    -5.89    -518.6     16.18    -19.22    14.269     196343    0    0    0    0    0
2023  2 26 19 41     9.55   -17.49    -5.88    -516.1     16.69    -18.08    14.272     201634    0    0    0    0    0
2023  2 26 19 42     9.88   -17.10    -6.61    -518.4     15.91    -23.36    14.515     224599    0    0    0    0    0
2023  2 26 19 43     8.69   -16.84    -6.34    -525.8     15.12    -26.33    15.150     220740    0    0    0    0    0
2023  2 26 19 44     7.53   -16.02    -3.31    -529.7     14.00    -27.10    13.672     170519    0    0    0    0    0
2023  2 26 19 45     7.70   -16.18    -2.81    -523.2     14.49    -27.46    13.248     161180    0    0    0    0    0
2023  2 26 19 46     8.07   -16.39    -2.02    -517.4     15.33    -28.27    12.882     153243    0    0    0    0    0
2023  2 26 19 47     9.65   -16.89     0.40    -515.7     18.22    -31.62    12.848     153243    0    0    0    0    0
2023  2 26 19 48    10.02   -16.86     0.96    -514.3     18.18    -32.29    13.445     180714    0    0    0    0    0
2023  2 26 19 49    12.02   -16.11     1.03    -515.2     22.48    -38.44    14.252     183919    0    0    0    0    0
2023  2 26 19 50    13.58   -14.11     0.19    -516.0     25.65    -42.51    14.414     182398    0    0    0    0    0
2023  2 26 19 51    11.58   -14.21    -3.71    -516.8     29.41    -43.60    15.137     174234    0    0    0    0    0
2023  2 26 19 52    11.69   -16.22    -4.45    -514.1     31.66    -44.21    15.212     174234    0    0    0    0    0
2023  2 26 19 53    11.49   -15.58    -5.06    -513.5     32.50    -45.22    15.301     180382    0    0    0    0    0
2023  2 26 19 54    11.16   -15.33    -6.41    -513.6     31.78    -46.28    15.755     216567    0    0    0    0    0
2023  2 26 19 55     9.52   -13.93    -8.49    -513.7     40.58    -50.00    15.865     222863    0    0    0    0    0
2023  2 26 19 56     9.69   -12.52    -9.61    -511.9     46.83    -51.51    15.870     214685    0    0    0    0    0
2023  2 26 19 57    10.02    -8.37   -10.88    -511.1     52.63    -53.60    16.412     211477    0    0    0    0    0
2023  2 26 19 58    10.10    -6.35   -11.78    -511.8     59.13    -59.41    16.761     217376    0    0    0    0    0
2023  2 26 19 59    10.03    -6.36   -11.16    -517.2     68.06    -63.23    15.265     217751    0    0    0    0    0
2023  2 26 20  0     9.49    -6.70   -10.76    -518.1     74.66    -69.12    14.506     201059    0    0    0    0    0
2023  2 26 20  1     9.47   -10.64   -10.66    -518.1     77.93    -73.59    14.608     204943    0    0    0    0    0
2023  2 26 20  2     9.44   -10.52   -10.23    -518.2     78.54    -75.25    15.159     221892    0    0    0    0    0
2023  2 26 20  3     9.34   -10.05    -9.65    -519.1     80.38    -73.80    14.795     220951    0    0    0    0    0
2023  2 26 20  4     8.33   -14.50    -5.04    -530.6     55.07    -65.19    13.689     222189    0    0    0    0    0
2023  2 26 20  5     8.16   -14.31    -5.82    -531.9     40.73    -62.27    14.229     260226    0    0    0    0    0
2023  2 26 20  6     7.62   -10.25   -10.67    -529.7     40.16    -62.48    14.271     266317    0    1    0    1    1
2023  2 26 20  7     8.75    -7.65   -12.16    -526.7     46.79    -63.18    14.380     271611    0    1    0    1    1
2023  2 26 20  8     7.86    -0.76   -13.10    -529.2     67.15    -64.24    14.547     279748    0    1    0    2    2
2023  2 26 20  9     3.96     5.87   -13.33    -539.0     83.41    -70.92    14.774     291205    0    1    0    1    1
2023  2 26 20 10     2.92     6.75   -12.47    -538.8     85.62    -73.69    14.854     297446    0    1    1    1    1
2023  2 26 20 11     2.80     7.13   -12.08    -541.0     77.90    -71.30    15.359     304706    0    1    1    2    2
2023  2 26 20 12     2.37     2.74   -13.38    -549.7     64.41    -68.71    16.299     314899    0    1    1    2    2
2023  2 26 20 13     2.16    -5.31   -14.14    -553.4     52.72    -68.76    16.946     319947    0    1    1    1    1
2023  2 26 20 14     1.74    -7.61   -14.56    -550.6     47.27    -70.39    17.125     320572    1    1    1    1    1
2023  2 26 20 15     1.24    -6.99   -15.00    -546.2     45.17    -71.98    17.194     320161    1    1    1    2    2
2023  2 26 20 16     1.77    -6.25   -15.85    -541.8     44.97    -72.65    17.352     318514    1    1    1    2    2
2023  2 26 20 17     1.45    -5.62   -16.75    -546.5     43.60    -72.73    17.644     315467    0    1    1    2    2
2023  2 26 20 18     3.23    -5.57   -16.63    -542.6     41.60    -69.85    17.806     313783    0    1    1    2    2
2023  2 26 20 19     3.77    -5.32   -16.27    -544.4     36.90    -62.77    18.058     311149    0    1    1    2    2
2023  2 26 20 20     2.65    -4.22   -15.12    -542.4     33.55    -59.67    18.250     309150    0    1    1    2    2
2023  2 26 20 21     3.73    -2.67   -14.17    -540.5     29.06    -58.39    18.446     307098    0    1    1    2    2
2023  2 26 20 22     4.94    -4.91   -14.47    -539.7     28.96    -58.12    18.595     301940    0    1    1    1    1
2023  2 26 20 23     5.22    -5.88   -15.38    -541.5     30.87    -62.84    18.135     269045    0    0    0    0    0
2023  2 26 20 24     4.90   -10.44   -13.34    -542.0     29.26    -70.99    17.281     236620    0    0    0    0    0
2023  2 26 20 25     4.16   -14.00   -11.55    -544.7     25.49    -72.54    17.162     223241    0    0    0    0    0
2023  2 26 20 26     3.30   -16.59    -9.87    -548.1     25.41    -73.26    17.585     213394    0    0    0    0    0
2023  2 26 20 27     2.49   -16.66    -6.72    -549.4     31.20    -72.89    18.174     225908    0    0    0    0    0
2023  2 26 20 28     2.48   -16.14    -5.72    -549.5     32.80    -71.37    18.257     261889    0    0    0    0    0
2023  2 26 20 29     2.60   -16.05    -5.72    -549.3     33.30    -71.56    18.503     298404    0    0    0    0    1
2023  2 26 20 30     2.90   -15.10    -6.34    -549.1     36.97    -72.29    18.841     331356    0    0    0    0    2
2023  2 26 20 31     3.21   -12.33    -8.24    -548.2     45.43    -72.23    18.950     364708    0    0    0    0    2
2023  2 26 20 32     3.51    -9.73   -10.12    -547.6     53.05    -71.40    18.967     389766    0    0    0    0    1
2023  2 26 20 33     3.51   -10.91    -9.10    -548.1     48.83    -69.68    19.080     383033    0    0    0    0    0
2023  2 26 20 34     3.57   -13.98    -6.08    -551.9     40.20    -67.08    19.412     363811    0    1    1    1    1
2023  2 26 20 35     3.87   -13.47    -7.11    -554.0     37.81    -65.56    20.191     356467    0    1    1    1    2
2023  2 26 20 36     3.78   -13.09    -7.80    -551.9     40.48    -65.15    20.485     350957    0    1    1    1    2
2023  2 26 20 37     4.26   -12.77    -7.88    -548.0     44.48    -65.95    20.580     346195    0    1    1    1    2
2023  2 26 20 38     5.67   -12.17    -7.99    -543.2     48.69    -67.62    20.754     341876    0    1    1    1    2
2023  2 26 20 39     7.41   -10.76   -10.34    -540.0     50.45    -71.40    21.008     338456    0    1    1    1    1
2023  2 26 20 40     7.75    -7.83   -11.30    -540.8     49.91    -73.21    21.723     337439    0    0    0    0    1
2023  2 26 20 41     7.55    -2.29   -10.93    -541.5     49.73    -68.18    21.028     337637    0    0    0    0    2
2023  2 26 20 42     2.15    -8.30    -5.31    -554.1     48.41    -60.15    20.794     341236    0    0    0    0    1
2023  2 26 20 43     1.84   -11.05    -4.55    -559.7     33.19    -56.49    22.027     350528    0    1    1    1    1
2023  2 26 20 44     1.06   -10.41    -5.17    -559.6     33.31    -56.43    22.126     350367    0    1    1    2    2
2023  2 26 20 45     0.82   -10.04    -7.66    -561.0     33.23    -57.66    22.304     347155    0    1    1    2    2
2023  2 26 20 46     0.71    -9.11    -9.15    -562.4     31.93    -59.22    22.484     343927    0    1    1    2    2
2023  2 26 20 47     2.04    -7.75   -11.02    -562.7     30.29    -61.71    22.651     340918    0    1    1    2    2
2023  2 26 20 48     3.13    -7.71   -11.38    -560.5     29.39    -63.84    22.792     338376    0    1    1    2    2
2023  2 26 20 49     3.52    -7.45   -11.75    -558.5     29.06    -65.56    22.935     335816    0    1    1    2    2
2023  2 26 20 50     3.48    -4.85   -12.53    -559.0     31.25    -66.84    23.104     332760    0    1    1    2    2
2023  2 26 20 51     2.97    -1.94   -12.93    -559.5     36.60    -67.77    23.273     329743    0    1    1    2    2
2023  2 26 20 52     2.52     0.62   -11.99    -559.9     41.64    -67.20    23.438     327383    0    1    1    1    1
2023  2 26 20 53     1.88     6.13    -8.26    -565.1     48.06    -63.14    23.586     330421    0    1    1    1    1
2023  2 26 20 54     2.33     7.86    -7.48    -565.7     53.93    -60.40    23.810     337920    0    1    1    2    2
2023  2 26 20 55     1.61     8.52    -6.80    -565.3     59.01    -58.02    24.150     345003    0    1    1    2    2
2023  2 26 20 56     0.93     9.48    -5.51    -565.2     61.96    -55.61    24.512     349189    0    1    1    1    1
2023  2 26 20 57     0.78     8.56    -3.84    -563.6     61.96    -54.44    24.874     346565    0    0    0    0    0
2023  2 26 20 58     1.84     6.30    -3.24    -560.3     59.52    -54.69    25.190     340129    0    0    0    0    0
2023  2 26 20 59     4.82     4.68    -5.78    -560.9     52.67    -56.22    25.556     332256    0    0    0    0    0
2023  2 26 21  0     5.59     0.20    -8.08    -560.8     42.31    -56.85    26.549     322744    0    0    0    0    0
2023  2 26 21  1     5.59    -0.16    -9.30    -559.0     33.15    -56.41    26.627     311220    0    0    0    0    0
2023  2 26 21  2     5.78     0.94    -9.42    -557.2     27.60    -55.26    26.625     310529    0    0    0    0    0
2023  2 26 21  3     7.16     0.22    -9.07    -557.0     27.28    -53.21    26.053     310460    0    0    0    0    0
2023  2 26 21  4     7.33     1.49    -8.54    -556.8     33.13    -49.23    25.990     316959    0    0    0    0    0
2023  2 26 21  5     6.83     4.92    -5.16    -556.8     41.27    -45.62    26.102     325530    0    0    0    0    0
2023  2 26 21  6     5.62     6.01    -3.90    -559.2     51.66    -44.06    26.057     337433    0    0    0    0    0
2023  2 26 21  7     5.40     8.66    -3.52    -556.1     57.99    -41.22    25.550     337433    0    0    0    0    0
2023  2 26 21  8     5.35    12.17    -2.34    -553.5     63.50    -38.18    25.241     328678    0    0    0    0    0
2023  2 26 21  9     3.17    14.73    -1.15    -558.7     71.07    -37.70    25.280     324483    0    0    0    0    0
2023  2 26 21 10     3.19    14.48    -1.17    -559.2     67.16    -39.18    25.380     346423    0    0    0    0    0
2023  2 26 21 11     3.68    14.17    -1.91    -559.1     62.31    -40.03    25.483     356797    0    0    0    0    0
2023  2 26 21 12     5.23    14.09    -2.39    -556.8     58.54    -43.77    25.489     356797    0    0    0    0    0
2023  2 26 21 13     6.25    14.16    -4.01    -556.5     54.29    -45.53    25.813     334996    0    0    0    0    0
2023  2 26 21 14     6.38    14.27    -4.81    -555.9     49.86    -49.09    25.925     308679    0    0    0    0    0
2023  2 26 21 15     5.78    14.29    -5.74    -556.9     50.40    -53.28    25.566     281814    0    0    0    0    0
2023  2 26 21 16     4.28    13.86    -7.68    -556.0     47.74    -54.86    25.191     268214    0    0    0    0    0
2023  2 26 21 17     3.28    13.57    -8.30    -556.7     44.70    -55.69    24.916     263240    0    0    0    0    0
2023  2 26 21 18     3.90    13.65    -8.09    -556.8     45.35    -54.62    25.145     262847    0    0    0    0    0
2023  2 26 21 19     4.97    13.66    -7.97    -559.1     47.40    -52.83    24.238     270967    0    1    1    2    2
2023  2 26 21 20     5.02    13.55    -8.15    -559.6     48.90    -54.00    24.045     279232    0    1    1    2    2
2023  2 26 21 21     5.74    12.03   -10.03    -559.0     50.26    -55.15    23.866     286884    0    1    1    2    2
2023  2 26 21 22     5.74    12.03   -10.50    -557.2     51.42    -54.19    23.702     293904    0    1    1    2    2
2023  2 26 21 23     5.83    12.03   -11.31    -556.5     52.43    -53.22    24.067     294606    0    1    1    1    1
2023  2 26 21 24     5.85    10.34   -12.04    -556.8     51.32    -53.92    22.669     272770    0    0    0    0    0
2023  2 26 21 25     5.45     7.99   -13.02    -556.5     47.16    -56.74    21.820     269773    0    0    0    0    0
2023  2 26 21 26     5.38     7.63   -13.59    -556.8     43.56    -59.95    21.710     271823    0    0    0    0    0
2023  2 26 21 27     5.61     7.56   -13.73    -557.3     42.45    -60.12    21.336     272104    0    0    0    0    0
2023  2 26 21 28     5.66     8.28   -13.33    -560.3     36.70    -60.71    19.610     240133    0    0    0    0    0
2023  2 26 21 29     5.73     7.24   -13.81    -560.3     35.19    -61.87    19.838     240133    0    0    0    0    0
2023  2 26 21 30     6.04     6.84   -14.35    -560.6     35.98    -64.53    20.637     239118    0    0    0    0    0
2023  2 26 21 31     6.10     6.12   -15.03    -563.0     44.16    -64.85    20.618     222723    0    0    0    0    0
2023  2 26 21 32     6.30     4.58   -15.70    -562.8     48.24    -65.28    20.538     196423    0    0    0    0    0
2023  2 26 21 33     5.24    -4.64   -12.89    -577.8     47.56    -60.90    20.137     197741    0    0    0    0    1
2023  2 26 21 34     3.66    -9.83    -7.78    -593.1     47.06    -52.78    19.456     215766    0    0    0    0    1
2023  2 26 21 35     5.07    -7.82    -9.37    -595.6     48.30    -54.95    19.024     230074    0    0    0    0    0
2023  2 26 21 36     3.23    -6.01    -9.92    -596.3     48.44    -54.66    17.601     233227    0    0    0    0    0
2023  2 26 21 37     3.19    -4.19    -9.52    -593.4     48.61    -52.37    16.821     231911    0    0    0    0    0
2023  2 26 21 38     2.91    -1.30    -9.55    -590.6     57.78    -38.67    16.107     222038    0    0    0    0    0
2023  2 26 21 39     4.18     3.37   -10.61    -590.9     59.73    -40.76    15.630     218250    0    0    0    0    0
2023  2 26 21 40     4.56     3.38   -10.29    -590.4     60.61    -44.59    15.158     218139    0    0    0    0    0
2023  2 26 21 41     3.93     1.60    -8.44    -587.9     60.15    -40.27    14.631     227796    0    0    0    0    0
2023  2 26 21 42     3.06     1.52    -5.90    -586.1     63.78    -35.78    14.498     230383    0    0    0    0    0
2023  2 26 21 43     1.15     6.00    -1.22    -589.1     72.20    -29.73    14.085     230383    0    0    0    0    0
2023  2 26 21 44     0.43     7.41    -1.77    -593.0     82.70    -23.20    10.048     259626    0    0    0    0    0
2023  2 26 21 45     0.42     8.39    -1.65    -595.0     91.82    -16.55     6.439     316657    0    0    0    0    0
2023  2 26 21 46     0.30     7.81    -2.92    -596.3     96.12    -10.97     5.332     402777    0    0    0    0    0
2023  2 26 21 47     0.30     6.86    -4.59    -597.0     98.40     -9.96     5.590     483580    0    0    0    0    0
2023  2 26 21 48     0.29     5.93    -6.44    -597.0    100.97     -6.25     6.093     537092    0    0    0    0    0
2023  2 26 21 49     0.51     3.99    -8.12    -597.6    102.31     -2.27     6.646     573973    0    0    0    0    0
2023  2 26 21 50     1.08     1.95    -8.84    -598.3    102.95     -0.65     7.066     617037    0    1    0    1    1
2023  2 26 21 51     2.35     1.15    -8.66    -598.5    101.77      0.12     7.487     662876    0    1    0    2    2
2023  2 26 21 52     4.15    -0.31    -8.38    -599.3    100.13     -0.47     7.999     711301    0    1    0    2    2
2023  2 26 21 53     5.64    -0.62    -8.15    -599.0    100.01     -1.54     8.479     755028    0    1    0    2    2
2023  2 26 21 54     5.67     0.33    -7.73    -598.5    101.29     -2.72     8.833     779348    0    1    0    1    1
2023  2 26 21 55     4.58     1.94    -6.90    -598.6    104.90     -3.84     8.737     753878    0    0    0    0    0
2023  2 26 21 56     3.87     2.02    -6.40    -598.7    107.52     -3.27     8.158     694111    0    0    0    0    0
2023  2 26 21 57     3.98     1.77    -5.97    -598.8    107.46     -0.91     7.631     662439    0    0    0    0    0
2023  2 26 21 58     4.29     2.10    -6.43    -604.2    106.43      2.40     7.516     667642    0    1    0    1    1
2023  2 26 21 59     4.35     2.15    -6.62    -611.5    110.80      0.07     8.061     697018    0    1    0    2    2
2023  2 26 22  0     4.92     1.50    -6.99    -611.3    112.14     -1.44     8.513     721026    0    1    0    2    2
2023  2 26 22  1     5.66     1.32    -7.35    -610.3    113.90     -1.55     8.939     744110    0    1    0    1    1
2023  2 26 22  2     6.02    -2.11    -6.83    -610.4    120.93     -0.59     9.094     762439    0    0    0    0    0
2023  2 26 22  3     5.98    -3.85    -6.92    -612.2    122.59     -0.95     8.951     775726    0    0    0    0    0
2023  2 26 22  4     5.51    -4.14    -5.97    -616.1    119.74     -3.60     8.782     785332    0    0    0    0    0
2023  2 26 22  5     5.08    -3.62    -4.99    -615.1    122.58     -4.51     8.630     774150    0    0    0    0    0
2023  2 26 22  6     5.01    -2.42    -4.40    -610.3    128.81     -2.72     8.482     747333    0    0    0    0    0
2023  2 26 22  7     4.98    -2.04    -1.70    -607.7    133.52     -0.64     8.343     720895    0    0    0    0    0
2023  2 26 22  8     6.00    -2.06    -1.43    -607.2    135.29     -0.55     8.338     697625    0    1    0    1    1
2023  2 26 22  9     6.64    -2.43    -1.43    -608.7    135.45     -1.43     8.377     672791    0    1    0    2    2
2023  2 26 22 10     6.98    -3.26    -0.24    -607.0    125.56     -1.04     8.413     651877    0    1    0    2    2
2023  2 26 22 11     6.39    -3.98    -0.98    -612.3    117.30      0.72     8.489     636732    0    1    0    1    1
2023  2 26 22 12     6.86    -4.64    -4.75    -614.3    110.27      0.48     8.737     645963    0    0    0    0    0
2023  2 26 22 13     5.92    -4.83    -3.89    -614.6    103.50     -4.17     8.981     676543    0    0    0    0    0
2023  2 26 22 14     4.73    -5.00    -1.90    -619.9     94.52    -14.41     8.999     693233    0    0    0    0    0
2023  2 26 22 15     7.08    -4.52    -1.71    -629.6     84.56    -15.65     8.861     701577    0    0    0    0    0
2023  2 26 22 16     7.38    -3.77    -1.18    -636.3     77.94    -16.87     9.053     722842    0    0    0    0    1
2023  2 26 22 17     6.81    -2.79    -1.48    -640.5     72.24    -16.99     9.331     749690    0    0    0    0    2
2023  2 26 22 18     5.67    -1.62    -1.57    -638.3     70.99    -16.28     9.342     770214    0    0    0    0    2
2023  2 26 22 19     4.63    -1.02    -1.58    -634.3     73.44    -14.56     9.173     789064    0    0    0    0    2
2023  2 26 22 20     4.00    -1.45    -1.68    -631.7     77.83    -11.87     8.905     806523    0    0    0    0    1
2023  2 26 22 21     3.85    -1.88    -2.17    -631.9     84.99    -10.08     8.763     811936    0    0    0    0    0
2023  2 26 22 22     4.37    -3.50    -2.17    -637.0     91.90     -6.54     8.768     816255    0    0    0    0    0
2023  2 26 22 23     4.83    -4.12    -2.31    -639.0     94.61     -5.45     8.769     820207    0    0    0    0    0
2023  2 26 22 24     4.69    -3.88    -2.73    -639.2     96.24     -6.69     9.016     820932    0    0    0    0    0
2023  2 26 22 25     4.66    -3.38    -2.72    -639.6     97.20     -7.95     9.326     802057    0    0    0    0    0
2023  2 26 22 26     4.79    -3.05    -2.74    -640.1     97.35     -7.92     9.270     763638    0    0    0    0    0
2023  2 26 22 27     4.93    -2.88    -2.91    -641.3     97.14     -7.68     8.633     736762    0    0    0    0    0
2023  2 26 22 28     5.51    -2.84    -2.91    -643.1     98.41     -6.25     8.140     730883    0    0    0    0    0
2023  2 26 22 29     6.02    -2.26    -3.11    -653.8     91.50      2.19     8.796     935193    0    0    0    0    0
2023  2 26 22 30     5.98    -0.93    -1.68    -653.5     92.03      4.01     9.060     931969    0    0    0    0    0
2023  2 26 22 31     5.67    -0.83     0.55    -653.5     93.85      5.01     9.055     915117    0    0    0    0    0
2023  2 26 22 32     5.24    -1.04     0.48    -653.6     96.67      8.46     8.895     888636    0    1    0    0    0
2023  2 26 22 33     5.50    -2.16    -0.10    -653.6     96.02      9.14     8.691     863279    0    1    0    0    0
2023  2 26 22 34     6.74    -4.65    -1.15    -653.6     94.98      7.58     8.471     842010    0    1    0    0    0
2023  2 26 22 35     7.11    -4.56    -1.65    -653.6     94.30      6.73     8.263     835960    0    1    0    0    0
2023  2 26 22 36     6.95    -4.37    -1.64    -654.0     93.55      6.52     8.372     856488    0    0    0    0    0
2023  2 26 22 37     6.35    -3.60    -1.59    -657.2     92.93      7.82     8.856     919540    0    0    0    0    0
2023  2 26 22 38     5.95    -2.64    -1.55    -660.0     92.46      8.20     8.771     912742    0    1    1    1    1
2023  2 26 22 39     5.81    -2.63    -1.33    -657.4     91.87      8.35     8.462     900382    0    1    1    2    2
2023  2 26 22 40     6.04    -2.93    -1.05    -653.8     91.25      9.15     8.140     887648    0    1    1    2    2
2023  2 26 22 41     6.16    -4.04    -1.14    -650.6     90.57     11.47     7.882     870788    0    1    1    1    1
2023  2 26 22 42     6.74    -5.39    -1.92    -651.1     89.59     11.36     8.311     816105    0    0    0    0    0
2023  2 26 22 43     7.08    -5.52    -0.54    -651.5     88.94     10.46     8.560     830590    0    0    0    0    0
2023  2 26 22 44     7.25    -5.47     0.55    -652.1     89.10     10.01     9.494     921121    0    0    0    0    0
2023  2 26 22 45     7.46    -5.87     1.09    -652.1     90.51     18.72     9.691     912115    0    0    0    0    0
2023  2 26 22 46     5.57    -5.66     1.06    -652.0     96.23     24.71     9.619     866304    0    0    0    0    0
2023  2 26 22 47     5.63    -6.50     1.11    -651.4    100.13     30.50     9.619     862253    0    0    0    0    0
2023  2 26 22 48     6.03    -6.43     1.42    -650.9    101.52     35.56     9.746     862920    0    0    0    0    0
2023  2 26 22 49     5.79    -6.33     4.41    -649.5     99.46     39.34     9.771     869365    0    0    0    0    0
2023  2 26 22 50     6.07    -4.01     5.68    -649.4     90.85     37.48     9.672     868135    0    0    0    0    0
2023  2 26 22 51     5.79    -2.30     5.51    -647.9     88.76     37.24     9.603     831223    0    0    0    0    0
2023  2 26 22 52     5.00    -2.94     3.17    -647.9     90.39     37.23     9.589     829992    0    0    0    0    0
2023  2 26 22 53     4.74    -2.98     3.09    -647.9     92.44     37.58     9.667     850693    0    0    0    0    0
2023  2 26 22 54     4.73    -3.07     4.31    -649.0     96.08     25.15     9.689     886363    0    0    0    0    0
2023  2 26 22 55     4.50    -3.06     4.49    -648.9     94.83     25.87     9.620     885187    0    0    0    0    0
2023  2 26 22 56     4.59    -2.75     6.16    -643.9     92.75     26.62     9.201     814592    0    0    0    0    0
2023  2 26 22 57     3.49    -0.44     7.37    -637.9     91.65     27.15     8.996     775937    0    0    0    0    0
2023  2 26 22 58     2.08     2.31     8.08    -632.2     91.35     27.64     8.986     757649    0    0    0    0    0
2023  2 26 22 59     1.48     3.48     7.90    -628.8     92.17     28.55     9.296     759550    0    0    0    0    0
2023  2 26 23  0     1.45     3.32     7.57    -626.1     92.12     44.46    10.032     873615    0    0    0    0    0
2023  2 26 23  1     1.52     4.15     7.43    -624.9     94.97     34.91    10.438     892588    0    0    0    0    0
2023  2 26 23  2     1.57     3.85     6.61    -626.0     96.23     32.75    10.439     892990    0    0    0    0    0
2023  2 26 23  3     4.77     2.16     5.32    -630.6     97.19     32.57    10.311     884952    0    0    0    0    0
2023  2 26 23  4     4.77     2.62     5.46    -634.3     96.52     37.48    10.212     894190    0    0    0    0    0
2023  2 26 23  5     4.66     0.67     5.45    -633.9     98.65     38.13    10.105     919385    0    0    0    0    0
2023  2 26 23  6     5.12    -2.05     5.12    -630.5     86.99     39.08     9.952     929041    0    0    0    0    0
2023  2 26 23  7     6.12    -7.16     2.21    -627.6     84.08     40.37     9.880     933227    0    0    0    0    0
2023  2 26 23  8     5.85    -9.14     0.52    -626.8     82.66     37.45     9.946     933436    0    0    0    0    0
2023  2 26 23  9     5.19    -9.29    -0.43    -627.1     88.00     49.98     9.988     907268    0    0    0    0    0
2023  2 26 23 10     5.46    -9.14    -1.46    -636.0     88.30     51.19    10.045     821230    0    0    0    0    0
2023  2 26 23 11     5.82    -8.02    -1.63    -636.3     86.51     46.83    10.162     755123    0    0    0    0    0
2023  2 26 23 12     6.61    -6.47     0.44    -634.5     83.91     39.51    10.201     735856    0    0    0    0    0
2023  2 26 23 13     7.56    -6.14     1.60    -634.7     84.65     39.55    10.203     736745    0    0    0    0    0
2023  2 26 23 14     7.56    -6.74     0.91    -635.3     87.05     41.60    10.209     740966    0    0    0    0    0
2023  2 26 23 15     6.80    -8.16     0.28    -636.3     90.40     46.67    10.220     745342    0    0    0    0    0
2023  2 26 23 16     5.88    -9.94    -0.87    -637.9     89.74     44.58    10.305     738949    0    0    0    0    0
2023  2 26 23 17     5.12   -10.56    -0.58    -638.6     88.69     42.43    10.510     705340    0    0    0    0    0
2023  2 26 23 18     4.59   -10.89    -0.74    -639.1     88.40     39.56    10.666     680603    0    0    0    0    0
2023  2 26 23 19     4.35   -11.29    -2.03    -639.2     88.40     39.70    10.695     687094    0    0    0    0    0
2023  2 26 23 20     4.54   -11.29    -2.86    -640.8     88.56     42.39    10.339     693436    0    0    0    0    0
2023  2 26 23 21     5.16   -10.83    -3.34    -641.0     90.27     43.57    10.007     693850    0    0    0    0    0
2023  2 26 23 22     5.47   -10.78    -3.23    -640.5     92.49     43.51     9.940     710694    0    0    0    0    0
2023  2 26 23 23     5.46   -10.94    -2.91    -640.5     93.55     45.64     9.891     721923    0    0    0    0    0
2023  2 26 23 24     5.68   -10.88    -1.95    -640.1     90.05     48.64     9.710     715369    0    0    0    0    0
2023  2 26 23 25     5.85   -10.66    -0.22    -639.9     97.34     50.55     9.259     707778    0    0    0    0    0
2023  2 26 23 26     5.85   -10.44     0.78    -639.9    102.62     51.96     8.908     704055    0    0    0    0    0
2023  2 26 23 27     5.90   -10.38     0.92    -639.9    100.52     52.38     9.090     702850    0    0    0    0    0
2023  2 26 23 28     5.91    -6.28     3.31    -639.0     97.00     52.68     9.371     711609    0    0    0    0    0
2023  2 26 23 29     6.35    -2.29     5.96    -634.7     91.87     52.20     9.450     719595    0    0    0    0    0
2023  2 26 23 30     7.32    -1.77     6.95    -627.8     87.02     50.43     9.450     719595    0    0    0    0    0
2023  2 26 23 31     6.90    -6.45     1.98    -631.6     86.85     40.79    10.200     705814    0    0    0    0    0
2023  2 26 23 32     6.90    -9.21    -0.02    -628.5     96.08     40.88    10.464     705814    0    0    0    0    0
2023  2 26 23 33     6.75   -10.66    -0.23    -629.8    104.11     44.36    10.256     739590    0    0    0    0    0
2023  2 26 23 34     6.41   -10.66    -0.39    -630.9    108.34     55.62    10.125     733446    0    0    0    0    0
2023  2 26 23 35     5.39   -10.97    -0.54    -632.6    109.15     60.23     9.999     674462    0    0    0    0    0
2023  2 26 23 36     5.08   -11.09    -1.67    -628.9    108.96     58.05     9.718     623536    0    0    0    0    0
2023  2 26 23 37     7.07    -9.72    -2.48    -624.4    103.03     50.99     9.598     592592    0    0    0    0    0
2023  2 26 23 38     8.13    -9.00    -2.45    -620.4    102.16     53.66     9.634     575592    0    0    0    0    0
2023  2 26 23 39     7.98    -9.49    -1.01    -617.5    103.11     60.60     9.864     569429    0    0    0    0    0
2023  2 26 23 40     7.59    -9.95     1.56    -616.5    105.33     61.65    10.182     578321    0    0    0    0    0
2023  2 26 23 41     7.74    -8.67     1.89    -616.6    109.72     50.94    10.225     592625    0    0    0    0    0
2023  2 26 23 42     7.30    -7.94     0.02    -617.5    112.03     45.56     9.977     592625    0    0    0    0    0
2023  2 26 23 43     8.36    -5.78     2.65    -618.7    115.22     57.47     9.790     591904    0    0    0    0    0
2023  2 26 23 44     9.78    -3.54     5.38    -618.9    120.85     71.65     9.713     591158    0    0    0    0    0
2023  2 26 23 45    10.53    -4.58     4.82    -617.5    122.15     76.30     9.695     581471    0    0    0    0    0
2023  2 26 23 46    11.12    -6.18     3.99    -615.3    121.38     72.96     9.779     565804    0    0    0    0    0
2023  2 26 23 47    11.12    -6.69     3.18    -613.9    120.75     63.15    10.050     558922    0    0    0    0    0
2023  2 26 23 48    10.40    -7.30     0.25    -613.3    119.86     51.73    10.384     557996    0    0    0    0    0
2023  2 26 23 49     7.44    -9.85    -3.76    -614.3    116.56     32.41    10.501     570464    0    0    0    0    0
2023  2 26 23 50     6.33   -10.41    -4.89    -625.3    105.07     18.29    10.256     676312    0    0    0    0    0
2023  2 26 23 51     6.07   -10.06    -5.97    -622.4    102.44      9.31     9.853     690681    0    0    0    0    0
2023  2 26 23 52     5.70    -9.43    -7.18    -623.3    101.79      4.14     9.439     649302    0    0    0    0    0
2023  2 26 23 53     5.59    -8.78    -7.72    -622.0    103.58      3.07     9.315     591623    0    0    0    0    0
2023  2 26 23 54     5.07    -6.22    -8.79    -623.4    107.11     -2.27     9.313     564661    0    0    0    0    0
2023  2 26 23 55     5.21    -5.34    -9.39    -623.1    110.17      2.82     9.381     561884    0    0    0    0    0
2023  2 26 23 56     6.05    -5.36    -8.85    -622.7    111.42      7.84     9.469     561531    0    0    0    0    0
2023  2 26 23 57     7.44    -7.26    -4.88    -622.7    114.33     15.06     9.592     561001    0    0    0    0    0
2023  2 26 23 58    10.17    -9.47    -3.10    -633.6    111.81     37.03     9.895     563641    0    0    0    0    0
2023  2 26 23 59     9.50   -10.15    -3.96    -638.6    111.51     34.74    10.114     580974    0    0    0    0    0
2023  2 27  0  0     8.83   -10.32    -4.87    -639.0    109.66     29.86    10.228     589415    0    0    0    0    0
2023  2 27  0  1     8.62   -10.49    -4.28    -642.3    108.97     31.99    10.263     578980    0    0    0    0    0
2023  2 27  0  2     8.49   -10.49    -2.57    -643.9    109.63     36.67    10.259     544000    0    0    0    0    0
2023  2 27  0  3     8.48   -10.09    -2.06    -649.3    112.92     35.59    10.375     533303    0    0    0    0    0
2023  2 27  0  4     8.06   -10.09    -2.48    -649.3    114.35     27.77    10.498     523580    0    0    0    0    0
2023  2 27  0  5     8.06   -10.09    -3.78    -649.5    115.74     25.50    10.525     504778    0    0    0    0    0
2023  2 27  0  6     7.95   -10.14    -3.71    -648.7    117.47     24.46    10.385     471807    0    0    0    0    0
2023  2 27  0  7     7.95    -9.94    -1.75    -649.5    118.56     20.88    10.132     470708    0    0    0    0    0
2023  2 27  0  8     6.90    -9.52    -1.72    -650.6    115.54     16.80     9.792     489695    0    0    0    0    0
2023  2 27  0  9     6.91    -8.67    -1.26    -651.6    115.14     11.85     9.422     516256    0    0    0    0    0
2023  2 27  0 10     7.11    -9.08    -1.35    -651.5    114.31     12.16     9.309     516021    0    0    0    0    0
2023  2 27  0 11     7.95   -12.83    -1.64    -650.7    110.45     24.50     9.420     513556    0    0    0    0    0
2023  2 27  0 12     8.13   -13.07    -1.95    -650.8    109.60     26.64     9.478     509742    0    0    0    0    0
2023  2 27  0 13     8.09   -12.57    -2.86    -651.9    111.74     20.86     9.433     507547    0    0    0    0    0
2023  2 27  0 14     7.82   -11.97    -2.89    -655.0    114.68     20.10     9.280     491448    0    0    0    0    0
2023  2 27  0 15     7.79   -11.45    -3.09    -655.0    116.44     20.06     9.241     492838    0    0    0    0    0
2023  2 27  0 16     7.65   -11.62    -3.96    -655.1    116.84     18.64     9.303     507374    0    0    0    0    0
2023  2 27  0 17     7.19   -12.00    -4.99    -655.5    118.91     14.68     9.291     539477    0    0    0    0    0
2023  2 27  0 18     6.93   -10.72    -5.16    -656.0    125.27     13.39     8.991     547648    0    0    0    0    0
2023  2 27  0 19     2.54   -10.02     2.11    -697.3    141.02     29.47     7.968     511622    0    0    0    0    0
2023  2 27  0 20     0.99    -9.70    -0.81    -710.1    139.47     24.92     7.496     496278    0    0    0    0    0
2023  2 27  0 21     0.27    -9.62    -3.77    -717.1    140.09     22.66     7.101     518385    0    0    0    0    0
2023  2 27  0 22    -0.05    -9.26    -3.87    -703.3    141.64     17.90     7.067     520022    0    0    0    0    0
2023  2 27  0 23    -0.39    -8.88    -3.87    -688.4    143.12     12.79     7.050     520022    0    0    0    0    0
2023  2 27  0 24    -4.91    -5.13    -5.45    -727.5    133.23     -7.66     7.094     482289    0    0    0    0    0
2023  2 27  0 25    -7.38    -5.06    -3.84    -739.9    125.18     -7.48     7.099     455309    0    0    0    0    0
2023  2 27  0 26    -6.70    -6.62    -2.95    -733.8    122.07     -7.34     7.121     458479    0    0    0    0    0
2023  2 27  0 27    -5.55    -6.52    -2.65    -721.6    119.88     -7.34     7.165     462560    1    0    1    1    1
2023  2 27  0 28    -4.10    -5.70    -3.20    -703.3    117.99     -6.55     7.248     467399    1    0    1    1    1
2023  2 27  0 29    -2.73    -4.92    -3.74    -688.1    116.94     -5.59     7.327     474630    2    0    1    2    2
2023  2 27  0 30    -1.35    -4.14    -4.29    -672.9    115.88     -4.64     7.406     481861    2    0    1    2    2
2023  2 27  0 31     0.02    -3.35    -4.84    -657.7    114.81     -3.67     7.486     489092    2    0    1    2    2
2023  2 27  0 32     1.39    -2.57    -5.38    -642.5    113.76     -2.72     7.565     496323    1    0    1    1    1
2023  2 27  0 33     2.29    -2.00    -5.91    -649.4    118.47     -0.67     7.621     520299    1    0    1    1    1
2023  2 27  0 34     3.11    -1.57    -6.30    -654.2    120.46      2.14     7.535     538480    2    0    1    2    2
2023  2 27  0 35     3.93    -1.13    -6.68    -659.0    122.44      4.95     7.450     556662    2    0    1    2    2
2023  2 27  0 36     4.76    -0.70    -7.06    -663.8    124.43      7.76     7.365     574843    2    0    1    2    2
2023  2 27  0 37     5.58    -0.27    -7.44    -668.6    126.42     10.57     7.280     593025    0    0    0    0    0
2023  2 27  0 38     5.65    -3.55    -2.84    -667.1    119.10     14.60     7.119     577170    0    0    0    0    0
2023  2 27  0 39     5.72    -1.93    -5.95    -667.2    119.76     15.41     7.341     573580    0    0    0    1    0
2023  2 27  0 40     4.97     2.11    -7.89    -671.0    124.95     12.46     6.909     573580    0    0    0    1    0
2023  2 27  0 41     4.75     3.61    -7.25    -670.5    131.66     10.68     7.753     505254    0    0    0    1    0
2023  2 27  0 42    -4.11     6.94    -7.20    -683.5    144.57     -2.43     8.676     403402    0    0    0    0    0
2023  2 27  0 43    -5.18     8.49    -7.25    -683.8    151.27     -9.41     8.884     353770    0    0    0    0    0
2023  2 27  0 44    -4.62     8.21    -8.13    -681.5    153.48     -5.81     8.886     338224    0    0    0    0    0
2023  2 27  0 45    -2.64     7.59    -9.11    -679.1    151.03     -0.29     8.524     349324    0    0    0    0    0
2023  2 27  0 46    -0.66     7.05    -8.61    -676.3    144.55      1.03     7.876     386107    0    0    0    0    0
2023  2 27  0 47    -0.60     7.02    -6.68    -673.6    138.42      3.41     7.844     444976    0    0    0    0    0
2023  2 27  0 48    -0.18     7.40    -5.70    -670.1    135.14      4.83     7.844     466078    0    0    0    0    0
2023  2 27  0 49     0.72     6.06    -8.07    -664.2    132.37      6.37     7.915     500325    0    0    0    0    0
2023  2 27  0 50     2.59     4.06    -9.18    -661.4    128.97      5.66     8.554     543338    0    0    0    0    0
2023  2 27  0 51     4.03     1.53    -8.25    -662.1    126.57      6.21     9.443     574303    0    0    0    0    0
2023  2 27  0 52     4.55    -1.50    -6.29    -663.5    121.57     17.52     9.727     580458    0    0    0    0    0
2023  2 27  0 53     4.60    -2.53    -5.16    -662.0    117.23     30.76     9.595     529433    0    0    0    0    0
2023  2 27  0 54     4.51    -2.63    -4.91    -659.1    111.76     36.08     9.505     482713    0    0    0    0    0
2023  2 27  0 55     4.35    -3.53    -5.00    -658.1    103.38     32.11     9.605     453419    0    0    0    0    0
2023  2 27  0 56     5.74    -7.87    -3.86    -666.1     92.16     20.31     9.824     418322    0    0    0    0    0
2023  2 27  0 57     4.71   -10.82     1.66    -674.6     83.80     18.53     9.821     417815    0    0    0    0    0
2023  2 27  0 58     4.66   -10.67     0.48    -673.9     80.61     21.36     9.557     442368    0    0    0    0    0
2023  2 27  0 59     4.66    -9.69     0.48    -670.0     82.91     38.89     8.710     487416    0    0    0    0    0
2023  2 27  1  0     6.10    -8.85     5.08    -669.7     89.24     42.25     8.653     496823    0    0    0    0    0
2023  2 27  1  1     6.58    -7.88     5.55    -667.8     95.38     37.69     8.653     503143    0    0    0    0    0
2023  2 27  1  2     6.68    -7.71     6.37    -666.4    101.33     31.22     9.182     518868    0    0    0    0    0
2023  2 27  1  3     5.90    -8.19     2.88    -667.2    106.70     22.83     9.331     522978    0    0    0    0    0
2023  2 27  1  4     4.52    -6.55     2.04    -668.2    107.90     16.03     9.465     515791    0    0    0    0    0
2023  2 27  1  5    -0.45    -5.59    -4.56    -692.6     98.69    -12.26     9.643     438272    0    0    0    0    0
2023  2 27  1  6    -1.77    -3.47    -8.23    -694.2     91.25    -20.35     9.658     435783    0    0    0    0    0
2023  2 27  1  7    -1.79    -1.80    -8.26    -694.7     87.26    -24.46     9.649     435985    0    1    1    2    2
2023  2 27  1  8    -2.72    -6.64    -8.61    -694.7     81.16    -28.76     9.641     436184    0    1    1    2    2
2023  2 27  1  9    -2.78    -6.67    -8.93    -695.4     78.20    -30.18     9.632     436390    1    1    1    2    2
2023  2 27  1 10    -2.19    -7.30    -9.02    -696.8     77.07    -30.33     9.623     436598    1    1    1    2    2
2023  2 27  1 11    -1.91    -7.30    -9.02    -697.3     75.59    -30.68     9.614     436802    1    1    1    2    2
2023  2 27  1 12    -1.26    -7.22    -9.08    -696.4     74.16    -31.09     9.606     436993    1    1    1    2    2
2023  2 27  1 13    -0.91    -6.45    -9.65    -694.1     73.73    -31.50     9.598     437174    1    1    1    2    2
2023  2 27  1 14    -0.19    -5.45   -10.38    -692.6     73.76    -31.81     9.590     437360    1    1    1    2    2
2023  2 27  1 15    -0.04    -6.95    -9.71    -691.4     77.39    -31.70     9.582     437549    1    1    1    2    2
2023  2 27  1 16     1.00    -7.71    -9.24    -690.7     81.54    -29.49     9.574     437741    0    1    1    2    2
2023  2 27  1 17     2.14    -8.00    -8.55    -690.8     83.17    -27.82     9.565     437939    0    1    1    2    2
2023  2 27  1 18     2.52    -8.85    -7.73    -691.0     81.56    -27.54     9.557     438140    0    1    1    2    2
2023  2 27  1 19     2.87    -9.34    -7.07    -689.8     80.24    -27.46     9.548     438329    0    1    1    2    2
2023  2 27  1 20     3.06    -9.52    -6.85    -687.6     80.05    -26.63     9.541     438508    0    1    1    2    2
2023  2 27  1 21     3.26    -9.66    -6.77    -685.9     82.86    -24.12     9.533     438694    0    1    1    2    2
2023  2 27  1 22     3.66   -10.29    -6.25    -685.9     86.50    -19.56     9.524     438894    0    1    1    2    2
2023  2 27  1 23     4.09   -10.84    -5.66    -686.5     89.04    -15.83     9.515     439097    0    1    1    2    2
2023  2 27  1 24     4.48   -10.86    -5.48    -684.1     90.56    -14.68     9.508     439275    0    1    1    2    2
2023  2 27  1 25     4.94   -10.95    -5.50    -680.1     90.74    -14.55     9.501     439439    0    1    1    2    2
2023  2 27  1 26     5.24   -11.25    -5.61    -676.4     89.35    -14.98     9.494     439605    0    1    1    2    2
2023  2 27  1 27     4.49   -11.57    -5.91    -675.9     86.57    -16.52     9.485     439801    0    1    1    2    2
2023  2 27  1 28     3.54   -11.82    -5.73    -680.4     85.36    -17.36     9.475     440039    0    1    1    2    2
2023  2 27  1 29     4.60   -11.59    -4.03    -681.6     89.89    -11.88     9.466     440248    0    1    1    2    2
2023  2 27  1 30     5.66   -11.36    -2.21    -679.3     97.27     -2.91     9.458     440426    0    1    1    2    2
2023  2 27  1 31     6.53   -11.31    -0.71    -677.2    102.39      3.28     9.451     440606    0    1    1    2    2
2023  2 27  1 32     6.93   -11.47     0.15    -676.6    102.97      3.84     9.442     440800    0    1    1    2    2
2023  2 27  1 33     6.83   -11.61     0.47    -677.1    102.09      2.81     9.434     441002    0    1    1    2    2
2023  2 27  1 34     2.82   -11.24    -3.09    -696.6     91.17    -17.64     9.418     441367    0    1    1    2    2
2023  2 27  1 35     2.22   -11.17    -4.92    -702.7     84.13    -27.06     9.407     441615    0    1    1    2    2
2023  2 27  1 36     2.53   -11.45    -5.32    -698.9     78.63    -29.07     9.400     441781    0    1    1    2    2
2023  2 27  1 37     2.54   -11.58    -5.83    -694.3     76.42    -29.61     9.393     441942    0    1    1    2    2
2023  2 27  1 38     2.73   -10.89    -6.92    -688.7     78.52    -25.77     9.387     442095    0    1    1    2    2
2023  2 27  1 39     2.39   -10.05    -7.31    -683.4     80.35    -22.06     9.380     442249    0    1    1    2    2
2023  2 27  1 40     1.94    -9.51    -7.36    -679.5     81.36    -19.26     9.373     442414    0    1    1    2    2
2023  2 27  1 41     1.76    -9.72    -7.18    -678.0     81.13    -17.94     9.365     442599    0    1    1    2    2
2023  2 27  1 42     2.27   -10.46    -6.15    -678.3     80.23    -17.38     9.356     442801    0    1    1    2    2
2023  2 27  1 43     3.77   -10.91    -4.30    -678.6     79.74    -17.03     9.348     443003    0    1    1    2    2
2023  2 27  1 44     5.00   -10.77    -2.83    -679.3     80.58    -15.89     9.339     443208    0    1    1    2    2
2023  2 27  1 45     5.73   -10.29    -1.93    -680.5     82.56    -14.78     9.330     443415    0    1    1    2    2
2023  2 27  1 46     5.36   -10.27    -2.85    -680.1     82.85    -15.03     9.322     443610    0    1    1    2    2
2023  2 27  1 47     4.23   -10.52    -4.40    -677.3     81.13    -16.28     9.314     443785    0    1    1    2    2
2023  2 27  1 48     3.96   -10.48    -4.89    -673.4     79.65    -17.39     9.291     443949    0    1    1    2    2
2023  2 27  1 49     3.89   -10.50    -5.14    -670.6     79.70    -17.66     9.149     444122    0    1    1    2    2
2023  2 27  1 50     3.40   -10.12    -5.96    -675.4     79.19    -18.26     8.972     444365    0    1    1    2    2
2023  2 27  1 51     3.40   -10.05    -6.02    -680.0     78.07    -19.65     8.967     444603    0    1    1    2    2
2023  2 27  1 52     3.97   -10.11    -5.70    -681.5     77.74    -22.01     9.066     444816    0    1    1    2    2
2023  2 27  1 53     4.69   -10.39    -4.56    -682.5     77.83    -22.59     9.184     445022    0    1    1    2    2
2023  2 27  1 54     4.99   -10.73    -3.67    -681.9     78.32    -21.83     9.287     445215    0    1    1    2    2
2023  2 27  1 55     4.36   -10.71    -4.22    -680.4     79.23    -21.56     9.377     445401    0    1    1    2    2
2023  2 27  1 56     3.14   -10.39    -5.57    -681.3     79.89    -22.19     9.473     445608    0    1    1    2    2
2023  2 27  1 57     2.33   -10.19    -6.07    -685.9     80.11    -23.03     9.584     445846    0    1    1    2    2
2023  2 27  1 58     1.43    -9.60    -7.26    -687.3     80.22    -23.61     9.682     446055    0    1    1    2    2
2023  2 27  1 59     1.05    -9.01    -8.27    -686.8     79.77    -24.87     9.784     446252    0    1    1    2    2
2023  2 27  2  0     0.97    -8.82    -8.41    -686.2     80.05    -25.99     9.888     446445    0    1    1    2    2
2023  2 27  2  1     1.09    -8.79    -8.21    -685.6     80.97    -26.34     9.986     446637    0    1    1    2    2
2023  2 27  2  2     1.66    -8.87    -7.95    -683.3     81.40    -25.57    10.076     446818    0    1    1    2    2
2023  2 27  2  3     2.59    -8.94    -7.76    -679.1     81.66    -24.16    10.158     446981    0    1    1    2    2
2023  2 27  2  4     3.58    -8.85    -7.75    -674.0     82.16    -22.61    10.237     447135    0    1    1    2    2
2023  2 27  2  5     4.02    -8.29    -8.11    -670.0     82.80    -21.14    10.328     447296    0    1    1    2    2
2023  2 27  2  6     3.55    -8.08    -8.38    -672.0     82.94    -19.31    10.432     447513    0    1    1    2    2
2023  2 27  2  7     2.53    -7.99    -8.43    -672.9     82.96    -16.48    10.531     447719    0    1    1    1    2
2023  2 27  2  8     2.78    -8.03    -8.31    -660.7     78.11     -9.76    10.570     447806    0    1    1    1    2
2023  2 27  2  9     3.39    -8.05    -7.77    -652.6     75.47     -5.63    10.628     447874    0    1    1    2    2
2023  2 27  2 10     3.99    -8.08    -7.23    -644.5     72.81     -1.52    10.687     447941    0    0    0    0    2
2023  2 27  2 11     4.31    -8.09    -6.83    -635.7     72.54     -1.86    10.759     440028    0    0    0    0    1
2023  2 27  2 12     4.35    -8.12    -6.68    -624.8     72.12     -2.62    10.827     429222    0    0    0    0    1
2023  2 27  2 13     3.50    -8.37    -6.86    -636.2     70.69     -1.91    11.068     418866    0    0    0    0    0
2023  2 27  2 14     2.76    -8.46    -7.59    -643.0     71.89     -1.98    11.285     408510    0    0    0    0    0
2023  2 27  2 15     2.33    -8.21    -8.15    -645.5     73.70     -3.35    11.489     398154    0    0    0    0    0
2023  2 27  2 16     1.13    -6.96    -9.53    -652.6     73.97     -5.75    11.804     387798    0    0    0    0    0
2023  2 27  2 17     1.12    -6.62    -9.75    -650.3     74.06     -8.21    12.033     388260    0    0    0    0    0
2023  2 27  2 18     1.14    -6.24   -10.13    -645.3     76.11     -9.91    12.237     397492    0    0    0    0    0
2023  2 27  2 19     1.34    -5.67   -10.67    -644.4     79.47    -11.32    12.490     417095    0    0    0    0    0
2023  2 27  2 20     1.23    -4.52   -11.21    -645.2     78.51    -12.39    12.760     426161    0    0    0    0    0
2023  2 27  2 21    -0.86    -3.47   -11.47    -658.7     74.75    -13.68    13.166     436862    0    0    0    0    0
2023  2 27  2 22    -0.37    -4.13   -11.22    -655.0     74.24    -13.35    13.366     449600    0    0    0    0    0
2023  2 27  2 23     0.76    -5.22   -10.97    -646.6     73.80    -13.08    13.509     449600    0    0    0    0    0
2023  2 27  2 24     1.60    -6.06   -10.50    -644.7     73.71    -14.11    13.729     465923    0    0    0    0    0
2023  2 27  2 25     2.02    -6.30   -10.38    -644.2     72.58    -15.83    13.965     470891    0    0    0    0    0
2023  2 27  2 26     2.33    -6.03   -10.45    -642.7     71.83    -15.71    14.193     451242    0    0    0    0    0
2023  2 27  2 27     2.90    -5.40   -10.40    -641.0     74.98    -13.33    14.417     441864    0    0    0    0    0
2023  2 27  2 28     3.39    -5.10   -10.06    -639.1     79.76     -9.66    14.638     441864    0    0    0    0    0
2023  2 27  2 29     3.74    -5.12    -9.84    -637.5     81.02     -6.69    14.068     441861    0    0    0    0    0
2023  2 27  2 30     4.02    -5.30    -9.81    -635.6     77.25     -5.71    13.773     441856    0    0    0    0    0
2023  2 27  2 31     4.07    -5.96    -9.31    -633.1     73.91     -4.25    15.220     441856    0    0    0    0    0
2023  2 27  2 32     4.30    -7.19    -8.06    -633.2     77.79      5.22    15.220     441856    0    0    0    0    0
2023  2 27  2 33     5.25    -7.77    -7.37    -630.7     83.59     20.98    15.281     441856    0    0    0    0    0
2023  2 27  2 34     5.73    -7.91    -6.42    -627.4     89.48     32.58    15.889     441856    0    0    0    0    0
2023  2 27  2 35     6.07    -8.24    -5.55    -622.7     89.62     26.96    16.363     449883    0    0    0    0    0
2023  2 27  2 36     6.37    -8.57    -4.94    -619.4     90.40     23.88    17.580     467533    0    0    0    0    0
2023  2 27  2 37     6.87    -8.77    -4.52    -622.3     94.56     25.33    19.036     481583    0    0    0    0    0
2023  2 27  2 38     7.26    -8.83    -4.28    -623.7     94.75     27.49    19.476     468235    0    0    0    0    0
2023  2 27  2 39     7.39    -9.20    -3.57    -624.1     94.71     33.27    19.560     462775    0    0    0    0    0
2023  2 27  2 40     7.33    -9.66    -2.25    -625.2     95.93     37.91    19.439     462691    0    0    0    0    0
2023  2 27  2 41     7.69    -9.87    -1.16    -626.8     98.28     40.65    18.902     463935    0    0    0    0    0
2023  2 27  2 42     7.63   -10.03    -0.49    -628.0    100.58     41.26    18.669     500334    0    0    0    0    0
2023  2 27  2 43     7.96    -9.93    -0.56    -627.4    101.30     41.42    18.531     502384    0    0    0    0    0
2023  2 27  2 44     8.45    -9.53    -0.49    -625.3    100.57     39.82    18.633     484364    0    0    0    0    0
2023  2 27  2 45     8.68    -9.31    -0.29    -624.9     99.94     38.69    18.597     480105    0    0    0    0    0
2023  2 27  2 46     8.55    -9.32     0.11    -625.8    100.18     38.94    18.695     486437    0    0    0    0    0
2023  2 27  2 47     8.08    -9.38     0.52    -625.8    101.51     39.96    18.720     492597    0    0    0    0    0
2023  2 27  2 48     7.86    -9.31     0.55    -625.1    102.06     40.09    18.720     493560    0    0    0    0    0
2023  2 27  2 49     7.82    -8.86     1.30    -625.3    102.59     40.89    18.720     500299    0    0    0    0    0
2023  2 27  2 50     7.99    -8.48     2.50    -625.3    103.39     41.17    18.888     495252    0    0    0    0    0
2023  2 27  2 51     8.86    -7.42     2.73    -623.0    104.26     42.64    18.930     499902    0    0    0    0    0
2023  2 27  2 52     9.36    -6.94     2.58    -622.2    104.70     43.34    19.091     502809    0    0    0    0    0
2023  2 27  2 53     9.46    -7.04     2.36    -623.3    104.55     41.86    19.403     512822    0    0    0    0    0
2023  2 27  2 54     9.14    -7.47     2.12    -625.7    103.79     41.19    19.500     517186    0    0    0    0    0
2023  2 27  2 55     8.13    -7.74     1.51    -635.3    103.73     40.03    18.190     541647    0    0    0    0    0
2023  2 27  2 56     7.22    -7.83     1.34    -638.9    106.09     36.50    19.992     735579    0    0    0    0    0
2023  2 27  2 57     7.80    -7.25     1.70    -640.4    107.28     34.63    22.000     891045    0    0    0    0    0
2023  2 27  2 58     8.14    -6.85     1.76    -639.3    107.34     34.49    22.186     896608    0    0    0    0    0
2023  2 27  2 59     7.88    -6.96     1.49    -638.3    107.40     34.31    22.366     895916    0    0    0    0    0
2023  2 27  3  0     7.54    -7.10     1.29    -638.3    107.79     35.84    22.480     894214    0    0    0    0    0
2023  2 27  3  1     7.36    -7.13     1.33    -638.5    108.24     39.92    22.424     893163    0    0    0    0    0
2023  2 27  3  2     7.33    -7.06     1.43    -638.7    108.73     41.91    22.360     890697    0    0    0    0    0
2023  2 27  3  3     7.41    -7.02     1.38    -638.9    109.15     39.48    22.537     887428    0    0    0    0    0
2023  2 27  3  4     7.47    -6.92     0.99    -639.1    109.87     36.33    22.735     881072    0    0    0    0    0
2023  2 27  3  5     7.56    -6.75     0.78    -640.7    111.39     35.96    22.750     874698    0    0    0    0    0
2023  2 27  3  6     8.48    -5.01     2.17    -652.8    114.80     38.25    18.120     760700    0    1    1    0    0
2023  2 27  3  7     9.34    -3.72     2.44    -654.0    122.68     46.43    18.102     717792    0    1    1    0    0
2023  2 27  3  8     9.18    -3.52     2.30    -653.5    123.98     50.50    18.040     693802    0    1    1    0    0
2023  2 27  3  9     8.73    -3.67     1.59    -655.3    124.07     53.42    17.942     683739    0    1    1    0    0
2023  2 27  3 10     7.87    -5.07     0.33    -661.4    122.40     53.27    17.645     697678    0    1    1    0    0
2023  2 27  3 11     7.19    -5.99    -0.77    -665.7    121.58     53.31    17.602     703825    0    1    1    0    0
2023  2 27  3 12     7.91    -5.79    -0.66    -663.6    123.62     56.08    17.480     705737    0    1    1    0    0
2023  2 27  3 13     8.01    -5.67    -0.72    -662.4    124.45     57.89    17.420     705737    0    1    1    0    0
2023  2 27  3 14     7.44    -5.76    -0.73    -661.2    122.75     59.53    16.772     688346    0    1    1    0    0
2023  2 27  3 15     6.38    -6.45    -0.53    -660.5    119.20     59.71    16.859     656046    0    1    1    0    0
2023  2 27  3 16     5.23    -7.22     0.15    -659.7    115.64     58.14    17.032     623507    0    1    1    0    0
2023  2 27  3 17     4.16    -7.67     0.55    -659.2    113.61     58.45    16.630     606486    0    0    0    0    0
2023  2 27  3 18     3.19    -8.00     0.36    -658.8    113.88     61.65    16.630     592773    0    0    0    0    0
2023  2 27  3 19     2.43    -8.25     0.48    -657.6    115.48     65.64    16.716     575277    0    0    0    0    0
2023  2 27  3 20     1.58    -8.52     0.45    -659.2    116.93     69.73    16.850     589852    0    0    0    0    0
2023  2 27  3 21     1.02    -8.56     0.41    -662.1    119.34     70.85    16.317     606856    0    0    0    0    0
2023  2 27  3 22     0.99    -8.60     0.61    -660.7    119.24     71.07    15.950     606856    0    0    0    0    0
2023  2 27  3 23     1.14    -8.53     0.86    -656.5    118.14     71.56    15.920     605447    0    0    0    0    0
2023  2 27  3 24     1.29    -8.33     1.19    -652.4    117.82     71.37    15.832     602496    0    0    0    0    0
2023  2 27  3 25     1.84    -7.76     1.78    -651.8    115.36     70.76    15.670     601392    0    0    0    0    0
2023  2 27  3 26     3.18    -7.02     1.35    -650.8    115.06     69.05    15.718     601392    0    0    0    0    0
2023  2 27  3 27     3.90    -6.48     1.70    -648.8    115.16     63.31    16.446     601392    0    0    0    0    0
2023  2 27  3 28     4.28    -5.33     1.70    -645.9    116.69     63.59    16.685     559382    0    0    0    0    0
2023  2 27  3 29     4.27    -5.21     3.58    -644.8    116.80     62.58    16.715     547475    0    0    0    0    0
2023  2 27  3 30     1.36    -7.26     5.64    -650.2    116.80     69.82    16.705     492579    0    0    0    0    0
2023  2 27  3 31     0.14    -7.01     6.25    -649.8    118.41     72.00    16.565     476137    0    0    0    0    0
2023  2 27  3 32     0.02    -7.12     6.67    -646.4    118.81     72.73    16.240     475492    0    0    0    0    0
2023  2 27  3 33     0.43    -6.91     6.35    -644.1    119.19     70.24    15.861     475374    0    0    0    0    0
2023  2 27  3 34     1.91    -6.95     5.84    -640.6    113.66     62.77    15.750     475374    0    0    0    0    0
2023  2 27  3 35     4.05    -6.86     3.79    -638.8    109.69     55.23    15.948     497978    0    0    0    0    0
2023  2 27  3 36     5.41    -6.48     1.29    -637.8    113.52     51.17    16.330     532026    0    0    0    0    0
2023  2 27  3 37     5.52    -5.37     0.38    -635.8    118.34     49.10    16.726     544805    0    0    0    0    0
2023  2 27  3 38     5.36    -3.60    -0.05    -635.3    113.96     48.71    16.908     549371    0    0    0    0    0
2023  2 27  3 39     5.34    -3.44    -0.60    -634.7    103.72     49.97    16.701     555207    0    0    0    0    0
2023  2 27  3 40     5.95    -3.73    -1.14    -634.2    105.96     48.58    17.289     548588    0    0    0    0    0
2023  2 27  3 41     6.59    -3.95    -2.29    -633.1    111.33     41.92    18.212     553505    0    0    0    0    0
2023  2 27  3 42     6.69    -3.71    -4.02    -630.0    110.04     32.00    19.400     532406    0    0    0    0    0
2023  2 27  3 43     6.53    -2.86    -5.42    -627.4    109.12     25.91    19.400     595564    0    0    0    0    0
2023  2 27  3 44     6.21    -2.28    -5.56    -625.6    108.87     25.08    19.989     542454    0    0    0    0    0
2023  2 27  3 45     6.31    -2.08    -5.88    -622.6    108.76     21.22    19.767     527609    0    0    0    0    0
2023  2 27  3 46     5.88    -2.62    -6.53    -625.2    104.78     13.30    19.590     517388    0    0    0    0    0
2023  2 27  3 47     3.97    -3.61    -6.75    -631.0     97.72      6.69    19.310     517427    0    0    0    0    0
2023  2 27  3 48     3.34    -3.61    -6.86    -631.7     97.28      8.14    19.000     515075    0    0    0    0    0
2023  2 27  3 49     3.30    -3.49    -6.92    -631.1     96.38      9.07    19.020     517690    0    0    0    0    0
2023  2 27  3 50     3.45    -3.23    -6.81    -630.4     96.47      9.51    19.207     518365    0    0    0    0    0
2023  2 27  3 51     4.66    -2.31    -6.27    -626.4    103.39     13.81    19.294     526466    0    0    0    0    0
2023  2 27  3 52     6.42    -0.91    -5.62    -621.6    112.10     20.14    19.310     534970    0    0    0    0    0
2023  2 27  3 53     7.61     0.47    -5.12    -618.8    117.47     24.97    19.273     539411    0    0    0    0    0
2023  2 27  3 54     7.55     1.53    -4.97    -618.1    118.49     26.48    19.230     532642    0    0    0    0    0
2023  2 27  3 55     7.01     2.49    -5.37    -616.7    119.32     26.08    19.230     520974    0    0    0    0    0
2023  2 27  3 56     6.86     3.24    -6.06    -615.3    120.20     24.60    19.152     516240    0    0    0    0    0
2023  2 27  3 57     7.34     2.76    -6.21    -614.9    119.86     22.61    18.855     516240    0    0    0    0    0
2023  2 27  3 58     8.07     1.65    -6.19    -614.0    118.16     22.64    18.580     516367    0    0    0    0    0
2023  2 27  3 59     8.44     1.09    -6.10    -611.8    116.05     22.71    18.587     517529    0    0    0    0    0
2023  2 27  4  0     8.62     1.28    -5.90    -607.8    114.47     22.39    18.650     523383    0    0    0    0    0
2023  2 27  4  1     8.68     1.86    -5.26    -607.1    114.21     20.12    18.677     526736    0    0    0    0    0
2023  2 27  4  2     8.52     1.30    -4.79    -607.8    113.42     18.26    18.724     527211    0    0    0    0    0
2023  2 27  4  3     8.24     0.44    -5.08    -610.3    113.23     18.02    18.731     525903    0    0    0    0    0
2023  2 27  4  4     8.08     0.33    -5.48    -609.0    110.97     16.73    18.768     504157    0    0    0    0    0
2023  2 27  4  5     8.01     0.49    -5.81    -607.4    110.55     14.83    18.839     502707    0    0    0    0    0
2023  2 27  4  6     8.17     0.43    -5.90    -607.3    110.68     16.72    18.782     515906    0    0    0    0    0
2023  2 27  4  7     8.63    -0.17    -4.81    -607.8    112.29     20.81    18.840     528942    0    0    0    0    0
2023  2 27  4  8     9.31    -0.38    -4.12    -610.6    111.86     22.47    18.595     528471    0    0    0    0    0
2023  2 27  4  9     9.55    -0.67    -3.97    -609.1    109.91     21.81    13.952     470244    0    0    0    0    0
2023  2 27  4 10     9.43    -0.87    -4.34    -606.6    108.61     26.42    13.720     467333    0    0    0    0    0
2023  2 27  4 11     8.75    -0.19    -6.08    -606.7    108.54     24.69    15.394     488154    0    0    0    0    0
2023  2 27  4 12     7.52     0.19    -7.72    -610.7    109.43     10.51    18.883     497638    0    0    0    0    0
2023  2 27  4 13     7.63    -0.44    -7.84    -611.7    111.93     12.27    18.953     502645    0    0    0    0    0
2023  2 27  4 14     7.96    -1.24    -8.01    -612.4    110.62     16.71    18.857     508793    0    0    0    0    0
2023  2 27  4 15     8.24    -1.90    -7.49    -612.4    109.92     17.27    18.710     513355    0    0    0    0    0
2023  2 27  4 16     8.95    -2.12    -5.64    -611.5    107.22     19.24    18.719     524117    0    0    0    0    0
2023  2 27  4 17     8.76    -2.28    -5.74    -611.7    108.14     20.95    18.844     524140    0    0    0    0    0
2023  2 27  4 18     8.76    -2.46    -6.10    -610.0    106.48     20.47    18.880     524140    0    0    0    0    0
2023  2 27  4 19     8.66    -2.75    -6.12    -608.2    104.93     19.08    18.979     524140    0    0    0    0    0
2023  2 27  4 20     8.73    -3.05    -6.22    -607.3    100.20     14.09    18.990     523031    0    0    0    0    0
2023  2 27  4 21     8.66    -3.09    -6.91    -608.2     99.92     12.51    18.990     522843    0    0    0    0    0
2023  2 27  4 22     8.08    -3.06    -7.69    -611.9    100.83     11.64    19.022     514192    0    0    0    0    0
2023  2 27  4 23     7.31    -2.76    -8.47    -613.5    101.95     12.34    19.040     497293    0    0    0    0    0
2023  2 27  4 24     7.55    -2.48    -8.22    -614.2    104.31     12.23    19.040     497293    0    0    0    0    0
2023  2 27  4 25     7.94    -1.96    -7.87    -614.2    105.80     11.95    19.051     501530    0    0    0    0    0
2023  2 27  4 26     8.45    -1.55    -7.70    -613.0    107.77     11.89    19.090     516583    0    0    0    0    0
2023  2 27  4 27     8.85    -0.98    -6.71    -609.5    108.25     13.68    19.090     517798    0    0    0    0    0
2023  2 27  4 28     9.12    -0.86    -6.46    -608.0    108.38     14.24    19.152     523678    0    0    0    0    0
2023  2 27  4 29     9.31    -0.46    -6.35    -607.5    107.69     14.25    19.160     524383    0    0    0    0    0
2023  2 27  4 30     9.18    -0.17    -6.73    -608.4    109.73     14.54    19.206     511188    0    0    0    0    0
2023  2 27  4 31     8.92    -0.24    -6.83    -608.5    110.99     17.17    19.182     508767    0    0    0    0    0
2023  2 27  4 32     8.92    -0.47    -6.77    -607.3    111.01     18.30    19.298     508665    0    0    0    0    0
2023  2 27  4 33     8.62    -0.34    -5.88    -604.0    111.14     19.40    19.320     509594    0    0    0    0    0
2023  2 27  4 34     7.95     0.81    -3.08    -602.3    111.54     21.05    19.435     510059    0    0    0    0    0
2023  2 27  4 35     7.63     1.63    -1.53    -603.4    114.15     24.69    19.551     506993    0    0    0    0    0
2023  2 27  4 36     8.16     1.47    -2.98    -604.2    117.97     29.88    19.536     500399    0    0    0    0    0
2023  2 27  4 37     8.21    -0.12    -3.31    -604.1    115.00     33.94    19.325     498123    0    0    0    0    0
2023  2 27  4 38     5.44    -3.16    -1.08    -621.0    104.24     30.76    21.999     532172    0    0    0    0    0
2023  2 27  4 39     4.71    -4.27    -0.15    -626.0     94.90     27.11    23.774     541535    0    0    0    0    0
2023  2 27  4 40     4.70    -4.59     0.33    -624.4     90.67     30.22    24.866     541535    0    0    0    0    0
2023  2 27  4 41     4.73    -4.80     1.00    -623.3     89.41     32.35    25.150     532294    0    0    0    0    0
2023  2 27  4 42     4.74    -3.75     1.48    -622.1     91.01     31.62    25.150     528304    0    0    0    0    0
2023  2 27  4 43     5.94    -3.13     1.55    -619.4     91.99     26.84    25.140     531925    0    0    0    0    0
2023  2 27  4 44     7.20    -3.82     0.65    -617.1     91.33     21.71    24.621     535547    0    0    0    0    0
2023  2 27  4 45     7.22    -5.13    -1.14    -617.9     90.21     19.73    23.780     535547    0    0    0    0    0
2023  2 27  4 46     7.47    -5.36    -2.04    -617.0     90.26     17.27    24.691     596973    0    0    0    0    0
2023  2 27  4 47     8.06    -5.40    -2.64    -613.0     90.24     13.73    26.355     703743    0    0    0    0    0
2023  2 27  4 48     8.03    -5.48    -2.66    -612.4     89.61     13.09    27.279     738431    0    0    0    0    0
2023  2 27  4 49     7.81    -5.50    -2.25    -610.7     89.69     14.20    28.499     823476    0    0    0    0    0
2023  2 27  4 50     7.64    -5.46    -1.54    -606.4     91.07     15.98    28.887     837322    0    0    0    0    0
2023  2 27  4 51     7.49    -4.65    -2.32    -603.4     91.41     16.30    29.040     841014    0    0    0    0    0
2023  2 27  4 52     7.37    -3.26    -3.61    -602.1     91.92     14.19    29.025     840012    0    0    0    0    0
2023  2 27  4 53     7.35    -2.72    -4.37    -601.7     92.50     12.76    29.122     836457    0    0    0    0    0
2023  2 27  4 54     7.84    -3.42    -2.85    -600.3     92.72     16.68    29.404     833388    0    0    0    0    0
2023  2 27  4 55     8.41    -4.27    -0.96    -599.0     92.65     20.96    29.659     832518    0    0    0    0    0
2023  2 27  4 56     8.73    -4.20    -1.24    -598.5     92.32     20.60    29.718     831321    0    0    0    0    0
2023  2 27  4 57     9.15    -3.56    -2.33    -597.6     92.04     18.45    29.730     829186    0    0    0    0    0
2023  2 27  4 58     9.25    -4.01    -3.84    -598.2     90.96     13.40    29.804     829186    0    0    0    0    0
2023  2 27  4 59     9.60    -4.64    -4.28    -599.6     89.50     10.18    29.753     829186    0    0    0    0    0
2023  2 27  5  0     9.63    -4.09    -4.35    -599.9     89.53      9.33    29.858     829977    0    0    0    0    0
2023  2 27  5  1     9.46    -3.35    -4.25    -597.8     89.62      8.37    29.866     830569    0    0    0    0    0
2023  2 27  5  2     9.45    -2.98    -4.32    -594.2     89.56      8.29    29.926     829665    0    0    0    0    0
2023  2 27  5  3     9.62    -2.21    -4.79    -593.6     89.89      8.30    29.817     829665    0    0    0    0    0
2023  2 27  5  4    10.76    -2.11    -4.89    -593.4     91.05      8.63    29.666     829542    0    0    0    0    0
2023  2 27  5  5    11.05    -2.85    -4.89    -593.3     92.17      9.18    29.610     827895    0    0    0    0    0
2023  2 27  5  6    11.13    -3.56    -4.74    -592.3     93.60      9.33    29.366     819483    0    0    0    0    0
2023  2 27  5  7    11.24    -3.32    -4.72    -587.5     96.38     12.94    23.123     550614    0    0    0    0    0
2023  2 27  5  8    11.33    -2.82    -4.68    -586.5    102.11     14.22    19.862     447548    0    0    0    0    0
2023  2 27  5  9    11.37    -1.13    -4.33    -588.4    106.65     15.60    19.300     448410    0    0    0    0    0
2023  2 27  5 10    11.52     0.47    -3.60    -588.9    109.98     15.30    19.260     462410    0    0    0    0    0
2023  2 27  5 11    11.68     0.24    -3.05    -590.6    110.87     18.85    19.460     465562    0    0    0    0    0
2023  2 27  5 12    11.73    -0.51    -2.74    -590.3    110.54     20.62    19.498     456574    0    0    0    0    0
2023  2 27  5 13    11.89    -0.49    -2.71    -588.8    110.39     20.81    19.500     455430    0    0    0    0    0
2023  2 27  5 14    11.99     0.41    -2.75    -587.3    111.98     20.65    19.486     456188    0    0    0    0    0
2023  2 27  5 15    11.68     1.16    -2.81    -587.0    113.22     20.57    19.480     456495    0    0    0    0    0
2023  2 27  5 16    11.50     2.09    -2.95    -589.2    115.23     20.79    19.480     452720    0    0    0    0    0
2023  2 27  5 17    11.50     2.32    -2.91    -590.5    116.27     21.22    19.644     451930    0    0    0    0    0
2023  2 27  5 18    11.98     1.83    -2.88    -590.2    112.16     21.03    19.687     455077    0    0    0    0    0
2023  2 27  5 19    12.04     1.78    -2.82    -589.7    112.40     20.78    19.690     459632    0    0    0    0    0
2023  2 27  5 20    12.00     1.98    -2.81    -588.6    114.01     20.73    19.506     460675    0    0    0    0    0
2023  2 27  5 21    11.95     2.38    -2.46    -588.3    114.49     21.51    19.460     460779    0    0    0    0    0
2023  2 27  5 22    11.43     3.20    -2.88    -588.5    115.17     20.91    19.595     459717    0    0    0    0    0
2023  2 27  5 23    10.55     3.62    -3.81    -588.7    115.39     19.80    19.686     456236    0    0    0    0    0
2023  2 27  5 24    10.33     3.51    -4.05    -588.3    115.46     19.35    19.646     453782    0    0    0    0    0
2023  2 27  5 25    10.17     3.46    -4.19    -588.2    114.89     17.22    19.446     452217    0    0    0    0    0
2023  2 27  5 26     9.91     2.01    -6.05    -588.2    114.28     14.64    19.390     443440    0    0    0    0    0
2023  2 27  5 27     9.19     1.58    -7.56    -589.5    113.77     12.79    19.467     438657    0    0    0    0    0
2023  2 27  5 28     9.09     1.73    -7.68    -589.5    113.80     13.01    19.523     438272    0    0    0    0    0
2023  2 27  5 29     9.70     1.84    -6.80    -589.0    113.47     14.99    19.489     438272    0    0    0    0    0
2023  2 27  5 30     9.84     1.91    -6.52    -588.3    113.67     17.00    19.558     438745    0    0    0    0    0
2023  2 27  5 31     9.74     2.34    -6.55    -588.4    114.60     17.40    19.533     438880    0    0    0    0    0
2023  2 27  5 32     9.91     2.88    -6.71    -588.2    114.68     16.55    19.643     435380    0    0    0    0    0
2023  2 27  5 33    10.06     2.91    -6.65    -588.0    114.16     15.94    19.725     434338    0    0    0    0    0
2023  2 27  5 34    10.09     2.69    -6.97    -587.6    113.63     14.81    19.740     434338    0    0    0    0    0
2023  2 27  5 35    10.00     2.60    -7.09    -587.7    113.50     14.20    19.680     435563    0    0    0    0    0
2023  2 27  5 36     9.93     2.74    -6.63    -587.7    112.93     14.14    19.562     435981    0    0    0    0    0
2023  2 27  5 37     9.90     2.94    -6.48    -587.1    111.71     14.36    19.586     435575    0    0    0    0    0
2023  2 27  5 38     9.78     3.11    -6.58    -588.8    113.64     17.36    19.538     435403    0    0    0    0    0
2023  2 27  5 39     9.95     2.78    -6.56    -590.3    113.14     19.30    19.591     439363    0    0    0    0    0
2023  2 27  5 40     9.94     3.23    -6.43    -589.9    113.15     19.85    19.530     439838    0    0    0    0    0
2023  2 27  5 41     9.93     4.18    -5.84    -590.1    114.89     19.46    19.520     439838    0    0    0    0    0
2023  2 27  5 42    10.06     4.62    -5.76    -589.0    116.70     21.68    19.316     439838    0    0    0    0    0
2023  2 27  5 43    10.07     4.87    -6.05    -588.5    117.75     22.36    19.262     439843    0    0    0    0    0
2023  2 27  5 44     9.75     5.26    -6.67    -589.5    118.80     20.66    19.260     440332    0    0    0    0    0
2023  2 27  5 45     9.70     5.39    -6.70    -589.6    118.87     20.32    19.260     440425    0    0    0    0    0
2023  2 27  5 46     9.99     5.70    -5.90    -589.1    119.10     20.54    19.178     440425    0    0    0    0    0
2023  2 27  5 47    10.16     5.76    -5.65    -588.8    118.21     22.35    19.120     439417    0    0    0    0    0
2023  2 27  5 48    10.04     5.77    -5.42    -588.6    118.58     24.81    19.110     439170    0    0    0    0    0
2023  2 27  5 49     9.76     6.34    -4.88    -587.0    118.30     25.48    19.484     431516    0    0    0    0    0
2023  2 27  5 50     9.69     6.49    -4.37    -584.9    119.11     24.39    19.686     428327    0    0    0    0    0
2023  2 27  5 51    10.01     5.98    -4.10    -583.5    118.18     21.22    19.680     428327    0    0    0    0    0
2023  2 27  5 52    10.27     4.72    -4.23    -580.9    113.56     19.98    18.663     420133    0    1    1    0    0
2023  2 27  5 53     9.09     1.66    -5.40    -584.3    104.54     19.45    16.655     403988    0    1    1    0    0
2023  2 27  5 54    -1.95    -8.98    -9.24    -639.7     73.49    -11.65    19.049     477052    0    0    0    0    0
2023  2 27  5 55    -2.67    -9.59    -8.65    -645.2     64.98    -14.45    22.520     544324    0    0    0    0    0
2023  2 27  5 56    -4.66    -9.52    -7.46    -652.4     64.19    -13.93    23.020     552512    0    0    0    0    0
2023  2 27  5 57    -7.87    -7.74    -4.65    -660.7     70.70    -10.96    23.947     601637    0    0    0    0    0
2023  2 27  5 58    -7.75    -7.66    -4.45    -660.4     73.38     -9.52    24.080     593513    0    0    0    0    0
2023  2 27  5 59    -7.08    -7.62    -5.06    -659.1     74.55     -9.44    23.956     585882    0    0    0    0    0
2023  2 27  6  0    -6.45    -7.41    -6.10    -657.2     74.07    -10.16    23.806     582755    0    0    0    0    0
2023  2 27  6  1    -5.94    -7.08    -7.00    -653.3     72.12    -12.11    23.716     577344    0    0    0    0    0
2023  2 27  6  2    -5.66    -6.54    -7.73    -647.1     69.49    -15.05    23.380     577344    0    0    0    0    0
2023  2 27  6  3    -4.89    -6.50    -9.15    -639.1     68.82    -18.42    22.993     562281    0    0    0    0    0
2023  2 27  6  4    -3.91    -6.66   -10.89    -631.4     68.78    -21.39    22.525     543435    0    0    0    0    0
2023  2 27  6  5    -2.20    -7.48   -14.01    -628.3     70.51    -21.23    21.587     517272    0    0    0    0    0
2023  2 27  6  6    -1.71    -7.29   -14.38    -625.6     70.05    -21.44    21.507     512746    0    0    0    0    0
2023  2 27  6  7    -1.06    -7.19   -14.56    -619.5     69.08    -21.78    20.217     456959    0    0    0    0    0
2023  2 27  6  8    -0.38    -7.14   -14.71    -612.5     69.01    -21.01    18.872     402999    0    0    0    0    0
2023  2 27  6  9     0.14    -7.06   -14.77    -604.8     72.53    -16.11    18.464     402999    0    0    0    0    0
2023  2 27  6 10     0.42    -7.02   -14.79    -601.2     75.59    -13.04    17.716     402999    0    0    0    0    0
2023  2 27  6 11     0.47    -6.79   -14.68    -600.5     78.17    -11.32    17.190     403837    0    0    0    0    0
2023  2 27  6 12     0.96    -6.21   -14.54    -596.8     81.05     -9.39    17.190     404784    0    0    0    0    0
2023  2 27  6 13     2.05    -5.41   -14.46    -590.2     84.41     -7.79    17.190     404784    0    0    0    0    0
2023  2 27  6 14     3.80    -5.04   -14.44    -587.3     84.94     -7.73    16.994     402559    0    0    0    0    0
2023  2 27  6 15     5.11    -4.99   -14.45    -585.1     83.23     -8.54    16.861     401713    0    0    0    0    0
2023  2 27  6 16     5.53    -5.54   -14.39    -588.3     81.36     -8.64    16.367     416899    0    0    0    0    0
2023  2 27  6 17     5.39    -5.75   -14.28    -590.2     79.74     -8.69    16.222     430793    0    0    0    0    0
2023  2 27  6 18     5.55    -6.04   -14.13    -593.2     78.93    -13.81    16.203     431932    0    0    0    0    0
2023  2 27  6 19     5.75    -6.08   -14.07    -593.1     67.04    -13.60    15.953     432190    0    0    0    0    0
2023  2 27  6 20     5.78    -6.14   -13.99    -592.1     83.75    -13.39    15.850     434682    0    0    0    0    0
2023  2 27  6 21     5.55    -6.13   -14.07    -588.1     83.59    -13.04    15.850     434682    0    0    0    0    0
2023  2 27  6 22     5.49    -6.04   -14.10    -585.7     81.51    -10.48    15.806     434682    0    0    0    0    0
2023  2 27  6 23     5.26    -6.18   -14.14    -583.8     79.05    -10.90    16.089     429266    0    0    0    0    0
2023  2 27  6 24     5.19    -6.35   -14.07    -582.9     77.18    -12.66    16.380     416536    0    0    0    0    0
2023  2 27  6 25     5.68    -6.47   -13.73    -583.1     75.61    -12.02    16.469     401600    0    0    0    0    0
2023  2 27  6 26     6.24    -6.62   -13.45    -584.0     74.74    -11.31    16.570     394857    0    0    0    0    0
2023  2 27  6 27     6.52    -6.76   -13.24    -584.7     75.74    -11.41    16.434     401549    0    0    0    0    0
2023  2 27  6 28     6.83    -6.79   -13.08    -584.9     77.16    -11.28    16.238     409135    0    0    0    0    0
2023  2 27  6 29     7.19    -6.27   -13.13    -586.0     80.49    -10.10    16.170     411002    0    0    0    0    0
2023  2 27  6 30     7.22    -5.70   -13.38    -588.1     82.07     -9.25    16.278     417956    0    0    0    0    0
2023  2 27  6 31     6.23    -5.88   -13.59    -592.2     82.82     -9.19    16.310     422443    0    0    0    0    0
2023  2 27  6 32     6.18    -5.46   -13.50    -597.0     83.96     -7.59    16.210     429358    0    0    0    0    0
2023  2 27  6 33     7.36    -4.19   -13.24    -595.8     85.64     -5.28    16.199     436469    0    0    0    0    0
2023  2 27  6 34     8.06    -3.56   -12.72    -592.3     87.38     -2.35    16.159     436459    0    0    0    0    0
2023  2 27  6 35     9.62    -3.91   -11.83    -590.4     85.68     -3.17    16.097     435872    0    0    0    0    0
2023  2 27  6 36     9.85    -3.91   -11.67    -590.1     85.39     -3.57    16.090     428491    0    0    0    0    0
2023  2 27  6 37     9.68    -3.43   -11.95    -590.2     85.36     -5.35    16.134     427525    0    0    0    0    0
2023  2 27  6 38     9.53    -2.68   -12.25    -590.1     86.28     -5.47    16.140     435286    0    0    0    0    0
2023  2 27  6 39     9.37    -2.47   -12.28    -591.3     87.07     -4.10    16.140     436311    0    0    0    0    0
2023  2 27  6 40     9.36    -2.80   -12.28    -592.4     86.04     -3.65    16.310     437966    0    0    0    0    0
2023  2 27  6 41     9.30    -3.18   -12.18    -592.3     85.19     -3.51    16.309     437968    0    0    0    0    0
2023  2 27  6 42     9.39    -3.70   -11.89    -590.8     82.46     -3.11    16.255     438094    0    0    0    0    0
2023  2 27  6 43     9.51    -4.07   -11.73    -590.6     81.87     -3.02    16.168     438257    0    0    0    0    0
2023  2 27  6 44     9.29    -4.66   -11.71    -591.2     83.94     -2.39    16.008     441169    0    0    0    0    0
2023  2 27  6 45     9.15    -4.76   -11.76    -593.1     82.88     -3.39    15.890     442742    0    0    0    0    0
2023  2 27  6 46     8.93    -4.97   -11.72    -593.1     77.32     -7.25    15.896     442458    0    0    0    0    0
2023  2 27  6 47     8.78    -5.25   -11.71    -593.0     76.36     -7.15    16.026     437042    0    0    0    0    0
2023  2 27  6 48     8.91    -4.87   -11.54    -592.9     77.60     -6.41    16.132     436584    0    0    0    0    0
2023  2 27  6 49     8.92    -4.99   -11.29    -594.8     75.58     -6.84    16.316     434679    0    0    0    0    0
2023  2 27  6 50     8.59    -5.13   -11.02    -599.8     68.52     -9.39    17.162     425693    0    0    0    0    0
2023  2 27  6 51     8.92    -3.94   -10.89    -600.8     70.64     -9.07    17.215     418915    0    0    0    0    0
2023  2 27  6 52     9.69    -2.21   -10.67    -599.3     76.24     -7.00    17.240     410265    0    0    0    0    0
2023  2 27  6 53    10.54    -1.20   -10.24    -595.7     81.73     -3.63    17.232     406543    0    0    0    0    0
2023  2 27  6 54    11.79    -0.34    -9.60    -589.5     82.79     -0.35    17.206     403918    0    0    0    0    0
2023  2 27  6 55    12.54     1.03    -8.44    -587.0     83.49      0.60    17.200     400368    0    1    1    0    0
2023  2 27  6 56    12.79     1.61    -7.88    -586.3     83.87      0.07    17.465     399154    0    1    1    0    0
2023  2 27  6 57    12.06     0.61    -8.81    -586.7     84.76     -1.89    17.600     405997    0    1    1    0    0
2023  2 27  6 58    11.07    -0.84    -9.88    -586.8     85.23     -2.31    17.600     409156    0    1    1    0    0
2023  2 27  6 59     9.88    -2.59   -10.64    -586.4     83.82     -2.99    17.929     407409    0    1    1    0    0
2023  2 27  7  0     9.41    -3.46   -10.84    -585.9     82.98     -4.29    18.135     405976    0    0    0    0    0
2023  2 27  7  1     9.25    -4.18   -10.49    -584.8     82.69     -4.80    18.160     404795    0    0    0    0    0
2023  2 27  7  2     9.01    -4.92   -10.24    -583.0     81.40     -5.11    18.322     401650    0    0    0    0    0
2023  2 27  7  3     8.37    -5.34   -10.09    -582.0     79.48     -5.68    19.503     391895    0    0    0    0    0
2023  2 27  7  4     7.59    -5.45    -9.88    -582.2     77.20     -7.05    20.978     381767    0    0    0    0    0
2023  2 27  7  5     7.28    -5.80    -9.87    -582.1     74.32     -8.89    20.986     382059    0    0    0    0    0
2023  2 27  7  6     6.29    -6.54    -9.61    -583.6     72.80     -9.85    20.985     382479    0    0    0    0    0
2023  2 27  7  7     5.56    -6.79    -9.17    -584.5     71.92    -10.26    21.090     382538    0    0    0    0    0
2023  2 27  7  8     5.43    -6.82    -9.02    -583.8     71.32    -10.30    21.170     382585    0    0    0    0    0
2023  2 27  7  9     4.09    -8.01    -8.08    -584.6     69.23     -9.21    21.034     388892    0    0    0    0    0
2023  2 27  7 10     2.83    -9.14    -7.29    -585.3     64.82     -8.96    20.882     393677    0    0    0    0    0
2023  2 27  7 11     2.82    -9.35    -7.14    -584.5     62.89     -9.31    20.850     393677    0    0    0    0    0
2023  2 27  7 12     3.30    -9.58    -6.99    -583.7     62.46     -9.28    20.850     390994    0    0    0    0    0
2023  2 27  7 13     3.40    -9.78    -7.08    -583.7     57.77    -12.63    20.921     383612    0    0    0    0    0
2023  2 27  7 14     3.18    -9.71    -7.29    -584.9     53.06    -16.11    21.130     378995    0    0    0    0    0
2023  2 27  7 15     3.11    -9.65    -7.28    -585.5     52.80    -16.21    21.230     378995    0    0    0    0    0
2023  2 27  7 16     2.60    -9.40    -7.28    -587.7     55.19    -12.76    21.430     381993    0    0    0    0    0
2023  2 27  7 17     2.06    -9.65    -6.90    -588.5     55.53    -11.63    21.500     383047    0    0    0    0    0
2023  2 27  7 18     1.93    -9.76    -6.77    -587.8     52.80    -12.39    21.620     377038    0    0    0    0    0
2023  2 27  7 19     1.63   -10.26    -6.29    -587.9     48.06    -17.26    21.706     374974    0    0    0    0    0
2023  2 27  7 20     1.64   -10.38    -6.18    -587.9     46.22    -19.34    21.675     374955    0    0    0    0    0
2023  2 27  7 21     2.44    -9.99    -6.68    -586.7     46.48    -19.78    21.360     375626    0    0    0    0    0
2023  2 27  7 22     3.03    -9.74    -6.98    -584.4     48.03    -20.10    21.165     377268    0    0    0    0    0
2023  2 27  7 23     3.30    -9.37    -7.33    -582.8     52.31    -17.90    20.973     381900    0    0    0    0    0
2023  2 27  7 24     3.65    -8.90    -7.69    -582.7     57.23    -15.21    20.800     386075    0    0    0    0    0
2023  2 27  7 25     4.18    -8.70    -7.76    -581.9     58.59    -15.23    20.800     386564    0    0    0    0    0
2023  2 27  7 26     4.65    -8.54    -7.78    -580.5     59.93    -14.56    20.765     386897    0    0    0    0    0
2023  2 27  7 27     4.98    -7.90    -8.18    -580.7     65.07    -13.75    20.650     386051    0    0    0    0    0
2023  2 27  7 28     5.21    -6.74    -9.25    -581.9     69.91    -14.49    20.546     385584    0    0    0    0    0
2023  2 27  7 29     5.63    -6.32    -9.26    -581.5     70.57    -14.81    20.533     384955    0    0    0    0    0
2023  2 27  7 30     6.61    -5.58    -8.98    -579.5     73.45    -14.16    20.578     390453    0    0    0    0    0
2023  2 27  7 31     8.02    -4.03    -8.40    -575.4     81.46    -11.60    20.600     405904    0    0    0    0    0
2023  2 27  7 32     8.46    -4.09    -8.02    -574.6     82.99    -12.62    20.619     406144    0    0    0    0    0
2023  2 27  7 33     8.50    -3.90    -7.99    -574.4     84.34     -7.73    20.601     406152    0    0    0    0    0
2023  2 27  7 34     9.07    -3.25    -7.75    -570.4     86.87     -6.51    18.897     352420    0    0    0    0    0
2023  2 27  7 35     9.68    -1.88    -7.52    -567.8     88.90     -4.79    17.231     293608    0    0    0    0    0
2023  2 27  7 36    10.06    -0.48    -7.38    -566.9     90.49     -2.93    16.440     263100    0    0    0    0    0
2023  2 27  7 37    10.11     0.02    -7.34    -566.6     92.54     -2.81    16.469     262631    0    0    0    0    0
2023  2 27  7 38    10.09     0.03    -7.22    -566.2     96.12     -2.25    16.500     261492    0    0    0    0    0
2023  2 27  7 39    10.15     0.05    -7.04    -565.4     97.57     -0.45    16.500     258223    0    0    0    0    0
2023  2 27  7 40    10.21     0.33    -6.97    -565.1     97.82      1.04    16.418     252939    0    0    0    0    0
2023  2 27  7 41    10.16     0.93    -7.00    -566.5    103.30      2.83    16.465     249312    0    0    0    0    0
2023  2 27  7 42    10.08     0.89    -7.20    -567.4    105.09      2.23    16.680     249312    0    0    0    0    0
2023  2 27  7 43    10.21     0.51    -7.33    -567.6    105.79      3.40    16.771     255534    0    0    0    0    0
2023  2 27  7 44    10.19     0.29    -7.58    -567.2    103.41      5.04    16.896     265251    0    0    0    0    0
2023  2 27  7 45     9.64     0.00    -8.05    -568.2     96.62      2.98    17.082     273672    0    0    0    0    0
2023  2 27  7 46     9.12    -1.58    -8.37    -575.5     89.75     -2.76    20.541     386455    0    0    0    0    0
2023  2 27  7 47     8.80    -2.71    -7.76    -576.9     85.74     -5.29    21.212     386358    0    0    0    0    0
2023  2 27  7 48     7.88    -4.86    -4.86    -577.3     81.57     -3.30    21.811     385503    0    0    0    0    0
2023  2 27  7 49     7.84    -5.48    -5.19    -579.4     79.04     -2.00    22.166     385503    0    0    0    0    0
2023  2 27  7 50     8.01    -5.45    -6.24    -581.9     77.19    -10.28    22.210     389292    0    0    0    0    0
2023  2 27  7 51     7.89    -5.35    -7.04    -582.8     72.19    -22.81    21.758     394892    0    0    0    0    0
2023  2 27  7 52     7.67    -4.93    -7.73    -584.1     71.00    -20.24    21.220     394608    0    0    0    0    0
2023  2 27  7 53     7.44    -5.05    -7.97    -585.0     73.89    -16.68    21.471     394364    0    0    0    0    0
2023  2 27  7 54     6.61    -5.76    -7.90    -585.6     69.17    -16.88    21.650     394364    0    0    0    0    0
2023  2 27  7 55     6.07    -6.32    -7.17    -584.5     64.81    -16.90    21.488     395096    0    0    0    0    0
2023  2 27  7 56     5.43    -6.93    -5.76    -583.7     63.91    -16.25    21.304     395678    0    0    0    0    0
2023  2 27  7 57     4.99    -7.15    -5.05    -585.1     65.32    -18.25    21.043     398751    0    0    0    0    0
2023  2 27  7 58     5.92    -5.91    -6.56    -586.4     67.15    -20.67    20.900     403160    0    0    0    0    0
2023  2 27  7 59     6.23    -3.37    -9.02    -589.4     69.69    -20.16    20.933     404308    0    0    0    0    0
2023  2 27  8  0     6.47    -1.74   -10.34    -588.6     72.82    -21.33    20.940     404308    0    0    0    0    0
2023  2 27  8  1     6.66    -0.80   -10.61    -588.1     76.70    -21.59    20.856     404308    0    0    0    0    0
2023  2 27  8  2     7.42    -0.74   -10.50    -586.1     83.05    -19.84    20.718     404308    0    0    0    0    0
2023  2 27  8  3     7.81    -0.33   -10.47    -585.2     89.98    -15.27    20.384     404487    0    0    0    0    0
2023  2 27  8  4     8.06     0.66   -10.78    -585.0     99.87    -10.12    20.348     411058    0    0    0    0    0
2023  2 27  8  5     8.14     1.03   -10.98    -585.3    104.34     -8.60    20.112     415538    0    0    0    0    0
2023  2 27  8  6     7.57    -0.66   -11.16    -590.1     95.25    -12.96    19.194     420840    0    0    0    0    0
2023  2 27  8  7     7.35    -1.38   -11.56    -590.6     94.14    -13.46    19.100     421557    0    0    0    0    0
2023  2 27  8  8     7.41    -1.76   -11.94    -589.6     92.09    -14.22    19.650     416861    0    0    0    0    0
2023  2 27  8  9     7.56    -1.26   -12.03    -589.1     94.39    -14.02    20.036     414572    0    0    0    0    0
2023  2 27  8 10     7.53    -0.21   -12.33    -589.0     95.69    -13.40    20.100     412848    0    0    0    0    0
2023  2 27  8 11     7.31     0.35   -12.39    -589.1     96.89    -13.74    20.465     411898    0    0    0    0    0
2023  2 27  8 12     6.97     0.66   -12.33    -591.1     98.49    -13.08    20.540     411768    0    0    0    0    0
2023  2 27  8 13     6.75     0.81   -12.22    -591.3    102.52     -8.69    20.398     411768    0    0    0    0    0
2023  2 27  8 14     6.62     0.82   -11.77    -590.5    105.23     -8.48    20.019     413775    0    0    0    0    0
2023  2 27  8 15     6.12     0.93   -11.64    -590.5    104.75     -9.22    19.962     414801    0    0    0    0    0
2023  2 27  8 16     4.87     0.83   -11.39    -591.3     98.67    -14.23    19.884     414892    0    0    0    0    0
2023  2 27  8 17     4.04     0.27   -11.25    -603.3     97.71    -16.23    19.570     417237    0    0    0    0    0
2023  2 27  8 18     3.93    -1.61   -11.14    -603.5     89.68    -20.19    20.869     402264    0    0    0    0    0
2023  2 27  8 19     4.31    -2.79   -10.90    -598.7     84.28    -22.19    21.590     392165    0    0    0    0    0
2023  2 27  8 20     5.09    -3.21   -10.59    -592.4     82.10    -22.81    21.589     389162    0    0    0    0    0
2023  2 27  8 21     5.17    -3.18   -10.58    -586.6     82.19    -22.77    21.530     389162    0    0    0    0    0
2023  2 27  8 22     5.07    -2.68   -10.61    -583.8     83.56    -21.82    21.424     389881    0    0    0    0    0
2023  2 27  8 23     5.01    -2.12   -10.56    -584.0     85.81    -21.30    21.182     393486    0    0    0    0    0
2023  2 27  8 24     5.28    -3.15   -10.38    -584.3     83.88    -22.99    20.992     396706    0    0    0    0    0
2023  2 27  8 25     5.65    -4.08   -10.29    -585.9     80.50    -24.66    20.960     397205    0    0    0    0    0
2023  2 27  8 26     4.01    -5.12   -10.42    -592.6     79.93    -25.02    20.693     410050    0    0    0    0    0
2023  2 27  8 27     1.70    -7.42   -10.44    -601.3     76.20    -25.67    20.359     422267    0    0    0    0    0
2023  2 27  8 28     0.94    -5.72   -11.15    -609.3     74.96    -27.28    19.831     414844    0    0    0    0    0
2023  2 27  8 29     1.66    -4.45   -11.34    -607.2     77.06    -25.88    19.810     411825    0    0    0    0    0
2023  2 27  8 30     3.71    -2.17   -11.12    -602.1     83.66    -22.80    20.317     406688    0    0    0    0    0
2023  2 27  8 31     5.51    -0.58   -11.05    -596.6     90.18    -19.48    20.720     401858    0    0    0    0    0
2023  2 27  8 32     6.31    -0.75   -11.43    -591.2     94.76    -16.41    20.720     398580    0    0    0    0    0
2023  2 27  8 33     6.93    -0.84   -11.12    -586.5     94.00    -16.51    20.733     394232    0    0    0    0    0
2023  2 27  8 34     7.23    -1.09   -10.80    -582.8     93.15    -16.82    20.686     392241    0    0    0    0    0
2023  2 27  8 35     7.20    -1.88   -10.51    -581.3     90.32    -17.89    20.638     392241    0    0    0    0    0
2023  2 27  8 36     7.03    -2.93   -10.36    -582.0     85.18    -19.54    20.605     392772    0    0    0    0    0
2023  2 27  8 37     6.89    -3.59   -10.14    -581.6     83.51    -19.82    20.518     395064    0    0    0    0    0
2023  2 27  8 38     6.75    -4.67    -9.66    -581.3     80.40    -21.17    20.500     397702    0    0    0    0    0
2023  2 27  8 39     6.88    -5.26    -9.58    -581.5     76.50    -21.28    19.854     409506    0    0    0    0    0
2023  2 27  8 40     7.32    -5.24   -10.14    -582.4     80.02    -18.07    18.474     432871    0    0    0    0    0
2023  2 27  8 41     7.58    -5.26   -10.37    -581.3     83.89    -17.76    17.930     439200    0    0    0    0    0
2023  2 27  8 42     7.61    -5.58   -10.04    -579.3     82.88    -18.54    18.036     437297    0    0    0    0    0
2023  2 27  8 43     7.77    -5.27   -10.21    -579.4     79.65    -21.09    18.370     430742    0    0    0    0    0
2023  2 27  8 44     8.50    -4.60   -10.85    -581.8     81.87    -21.54    18.303     428964    0    0    0    0    0
2023  2 27  8 45     9.13    -3.88   -10.97    -583.0     86.58    -19.10    18.200     431425    0    0    0    0    0
2023  2 27  8 46     8.95    -3.59   -11.06    -583.9     88.98    -18.56    18.273     434238    0    0    0    0    0
2023  2 27  8 47     8.32    -3.98   -11.35    -585.9     89.54    -18.23    18.340     430998    0    0    0    0    0
2023  2 27  8 48     8.09    -4.06   -11.49    -587.2     88.17    -18.75    18.232     429188    0    0    0    0    0
2023  2 27  8 49     8.15    -3.80   -11.47    -587.2     89.94    -18.07    18.190     429188    0    0    0    0    0
2023  2 27  8 50     8.18    -3.47   -11.34    -586.7     91.43    -18.38    18.477     424957    0    0    0    0    0
2023  2 27  8 51     8.07    -2.79   -11.26    -584.2     92.82    -20.73    18.669     418899    0    0    0    0    0
2023  2 27  8 52     8.01    -2.19   -11.25    -581.7     92.95    -23.40    18.774     413859    0    0    0    0    0
2023  2 27  8 53     8.23    -1.95   -11.22    -580.9     91.65    -24.76    18.813     411522    0    0    0    0    0
2023  2 27  8 54     8.57    -1.66   -11.11    -580.5     93.22    -22.13    18.478     411522    0    0    0    0    0
2023  2 27  8 55     8.85    -1.12   -10.88    -577.5     96.76    -15.25    17.649     412683    0    0    0    0    0
2023  2 27  8 56     9.43    -0.24   -10.53    -570.2     97.94     -8.80    16.405     417327    0    0    0    0    0
2023  2 27  8 57     9.87     0.29   -10.30    -565.2    102.57      0.50    15.659     419958    0    0    0    0    0
2023  2 27  8 58    10.07     0.31   -10.63    -565.7    109.20     10.02    15.153     419958    0    0    0    0    0
2023  2 27  8 59    10.13     0.13   -11.16    -570.2    109.12     11.55    14.222     419958    0    0    0    0    0
2023  2 27  9  0    10.14    -0.29   -10.97    -570.4    109.37     11.34    14.090     408716    0    0    0    0    0
2023  2 27  9  1     9.77    -0.48   -10.74    -569.4    110.60      8.22    14.532     379681    0    0    0    0    0
2023  2 27  9  2     9.56    -0.49   -10.60    -569.3    112.71      3.58    14.780     360647    0    0    0    0    0
2023  2 27  9  3     9.58    -0.17   -10.50    -568.9    102.93     -1.31    14.652     357073    0    0    0    0    0
2023  2 27  9  4     9.69     0.07   -10.39    -567.6     96.09     -6.39    14.570     353962    0    0    0    0    0
2023  2 27  9  5     9.92    -0.33   -10.05    -565.6     95.72     -9.62    14.770     351394    0    0    0    0    0
2023  2 27  9  6    10.17    -1.04    -9.53    -562.9     93.13    -10.96    15.070     351394    0    0    0    0    0
2023  2 27  9  7    10.33    -1.16    -9.26    -561.6     87.64    -13.07    15.222     361094    0    0    0    0    0
2023  2 27  9  8    10.82    -0.18    -9.92    -584.8    100.68     -9.78    17.348     475418    0    0    0    0    0
2023  2 27  9  9    10.77     0.39    -9.77    -583.0     99.27     -8.06    17.326     470473    0    0    0    0    0
2023  2 27  9 10    10.70     1.02    -9.41    -580.2     98.31     -7.83    17.157     470473    0    0    0    0    0
2023  2 27  9 11    10.65     1.56    -8.98    -578.8     99.62    -10.08    17.240     469455    0    0    0    0    0
2023  2 27  9 12    10.62     2.24    -8.68    -580.2    101.63     -7.21    17.515     450999    0    0    0    0    0
2023  2 27  9 13    10.39     2.82    -7.99    -579.4    105.76     -0.23    18.150     401512    0    0    0    0    0
2023  2 27  9 14    10.33     2.90    -7.99    -573.8    106.50      1.89    18.150     361243    0    0    0    0    0
2023  2 27  9 15    10.21     2.75    -8.06    -568.0    109.06      2.11    17.149     336270    0    0    0    0    0
2023  2 27  9 16    10.01     2.62    -7.90    -563.4    107.49      1.27    16.340     320436    0    0    0    0    0
2023  2 27  9 17     9.50     2.79    -7.19    -561.9     96.99     -1.94    16.523     328650    0    0    0    0    0
2023  2 27  9 18     8.05     4.15    -6.71    -568.3    100.32     -4.16    17.865     376500    0    0    0    0    0
2023  2 27  9 19     6.57     5.97    -6.46    -585.7    107.65     -9.99    20.505     402092    0    0    0    0    0
2023  2 27  9 20     6.08     6.95    -5.86    -588.9    110.28     -7.80    21.430     408375    0    0    0    0    0
2023  2 27  9 21     4.53     7.50    -7.79    -592.1    113.22     -9.65    20.440     431830    0    0    0    0    0
2023  2 27  9 22     4.58     7.99    -7.51    -590.4    117.44     -5.26    20.315     431830    0    0    0    0    0
2023  2 27  9 23     4.67     8.07    -7.78    -589.4    121.02     -3.16    20.418     431830    0    0    0    0    0
2023  2 27  9 24     4.69     8.48    -7.58    -588.4    122.99     -1.44    20.463     423118    0    0    0    0    0
2023  2 27  9 25     5.13     8.65    -7.72    -591.1    122.63      0.10    20.470     418867    0    0    0    0    0
2023  2 27  9 26     4.68     8.72    -7.75    -592.5    122.77     -1.82    20.290     419125    0    0    0    0    0
2023  2 27  9 27     3.92     7.63    -8.09    -594.1    122.07     -1.33    19.887     442231    0    0    0    0    0
2023  2 27  9 28     6.40     6.43    -8.99    -593.2    122.80      6.54    16.774     468955    0    0    0    0    0
2023  2 27  9 29     6.81     6.11    -8.99    -588.6    121.82      6.92    16.463     490235    0    0    0    0    0
2023  2 27  9 30     7.46     5.85    -8.89    -585.5    117.81      3.99    16.380     495910    0    0    0    0    0
2023  2 27  9 31     8.08     4.84    -8.74    -582.1    110.15     -1.14    16.500     491671    0    0    0    0    0
2023  2 27  9 32     8.78     3.52    -8.76    -578.6    100.32     -6.88    16.682     485494    0    0    0    0    0
2023  2 27  9 33     9.94     3.22    -9.33    -577.5     90.64    -11.25    16.735     484219    0    0    0    0    0
2023  2 27  9 34     9.90     1.71    -8.99    -577.8     86.23    -11.12    16.805     476928    0    0    0    0    0
2023  2 27  9 35     9.35    -0.06    -8.17    -578.7     90.97     -8.10    17.090     460677    0    0    0    0    0
2023  2 27  9 36     8.91    -1.42    -8.05    -579.0     90.47     -6.64    17.450     452861    0    0    0    0    0
2023  2 27  9 37     8.87    -2.03    -8.02    -579.6     92.45     -3.70    17.442     453034    0    0    0    0    0
2023  2 27  9 38     9.01    -2.52    -7.95    -579.6     92.28     -0.30    17.420     453509    0    0    0    0    0
2023  2 27  9 39     9.03    -2.95    -7.99    -579.6     85.27     -2.93    17.569     451089    0    0    0    0    0
2023  2 27  9 40     8.88    -4.59    -7.77    -579.9     69.58    -12.88    18.209     439888    0    0    0    0    0
2023  2 27  9 41     8.49    -5.48    -7.81    -581.8     70.48    -15.51    18.780     428521    0    0    0    0    0
2023  2 27  9 42     8.80    -5.70    -8.04    -584.8     61.42    -12.47    18.348     436354    0    0    0    0    0
2023  2 27  9 43     9.22    -5.56    -8.32    -586.1     59.90    -21.65    17.345     446311    0    0    0    0    0
2023  2 27  9 44     9.38    -5.24    -8.43    -586.4     63.86    -27.61    16.943     448424    0    0    0    0    0
2023  2 27  9 45     9.37    -4.71    -8.39    -586.4     68.32    -23.82    16.920     446203    0    0    0    0    0
2023  2 27  9 46     9.37    -4.36    -8.40    -586.4     72.41    -10.20    16.927     445092    0    0    0    0    0
2023  2 27  9 47     9.44    -4.07    -8.47    -585.5     78.67     -3.84    17.010     444922    0    0    0    0    0
2023  2 27  9 48     9.74    -3.70    -8.93    -585.1     86.52     -3.20    17.107     444815    0    0    0    0    0
2023  2 27  9 49     9.91    -3.09    -9.51    -591.2     96.33      0.25    17.415     442846    0    0    0    0    0
2023  2 27  9 50     9.58    -3.09    -9.59    -593.5    102.08      2.13    17.632     442685    0    0    0    0    0
2023  2 27  9 51     9.46    -2.64    -9.92    -593.5    102.17      2.12    17.658     442685    0    0    0    0    0
2023  2 27  9 52     9.39    -2.54    -9.89    -593.9    102.58      3.09    17.750     442685    0    0    0    0    0
2023  2 27  9 53     9.39    -2.31    -9.84    -594.1    102.53      3.14    17.749     442685    0    0    0    0    0
2023  2 27  9 54     9.44    -2.50    -9.70    -595.2    101.32      3.05    17.726     441806    0    0    0    0    0
2023  2 27  9 55     9.57    -2.65    -9.75    -594.0    100.29      3.31    17.648     437492    0    0    0    0    0
2023  2 27  9 56     9.37    -2.72    -9.79    -594.3     98.74      1.45    17.533     437492    0    0    0    0    0
2023  2 27  9 57     9.34    -2.83    -9.96    -596.0     98.77      1.46    17.452     438312    0    0    0    0    0
2023  2 27  9 58     9.35    -2.86   -10.06    -595.1     99.45      1.75    17.309     441295    0    0    0    0    0
2023  2 27  9 59     9.50    -2.78    -9.99    -593.0    100.37      2.57    17.240     441874    0    0    0    0    0
2023  2 27 10  0     9.50    -2.59    -9.90    -590.9    100.01      2.60    17.092     441874    0    0    0    0    0
2023  2 27 10  1     9.45    -2.49    -9.75    -590.7    101.12      2.41    17.007     444547    0    0    0    0    0
2023  2 27 10  2     9.19    -2.59   -10.06    -590.9    100.96     -0.51    17.000     451488    0    0    0    0    0
2023  2 27 10  3     9.06    -2.77   -10.22    -591.0     99.62     -1.49    16.972     451975    0    0    0    0    0
2023  2 27 10  4     9.33    -2.93    -9.98    -590.7     99.27     -1.36    16.942     451975    0    0    0    0    0
2023  2 27 10  5     9.52    -2.93    -9.87    -589.6     99.37     -1.08    16.940     450411    0    0    0    0    0
2023  2 27 10  6     9.40    -2.62    -9.79    -589.4     95.42     -2.44    17.050     447702    0    0    0    0    0
2023  2 27 10  7     9.69    -1.65    -9.45    -589.5     98.92      3.26    17.172     447269    0    0    0    0    0
2023  2 27 10  8     9.88    -1.43    -9.30    -589.7    104.31      5.80    17.190     448044    0    0    0    0    0
2023  2 27 10  9    10.08    -1.39    -9.25    -589.7    107.33      6.77    16.895     455997    0    0    0    0    0
2023  2 27 10 10    10.27    -1.40    -9.24    -589.7    107.60      6.95    16.737     457202    0    0    0    0    0
2023  2 27 10 11    10.36    -1.48    -9.16    -589.7    107.41      6.84    16.720     456761    0    0    0    0    0
2023  2 27 10 12    10.38    -1.58    -9.13    -589.9    106.60      6.72    16.826     452885    0    0    0    0    0
2023  2 27 10 13    10.39    -1.65    -9.03    -590.2    106.59      7.14    16.840     450083    0    0    0    0    0
2023  2 27 10 14    10.63    -1.60    -9.04    -590.0    108.25      8.63    16.822     449782    0    0    0    0    0
2023  2 27 10 15    10.67    -1.03    -9.10    -589.8    108.14      8.53    16.820     449782    0    0    0    0    0
2023  2 27 10 16    10.63    -0.79    -9.15    -589.4    104.35      4.20    16.828     449782    0    0    0    0    0
2023  2 27 10 17    10.42    -0.75    -9.14    -589.0    101.15      1.78    16.986     450621    0    0    0    0    0
2023  2 27 10 18    10.29    -0.51    -8.91    -585.3     98.88     -0.43    16.905     454448    0    0    0    0    0
2023  2 27 10 19    10.45    -0.37    -8.71    -582.6    100.60     -0.37    16.626     463931    0    0    0    0    0
2023  2 27 10 20    10.72    -0.41    -8.65    -582.3    104.99      1.82    16.370     474316    0    0    0    0    0
2023  2 27 10 21    10.71    -0.50    -8.73    -582.9    105.77      2.64    16.338     476365    0    0    0    0    0
2023  2 27 10 22    10.68    -0.46    -8.85    -583.5    107.52      3.62    16.300     476854    0    0    0    0    0
2023  2 27 10 23    10.65    -0.28    -8.87    -583.5    110.95      4.74    16.285     478592    0    0    0    0    0
2023  2 27 10 24    10.82     0.00    -9.06    -586.6    118.72     11.25    16.215     480766    0    0    0    0    0
2023  2 27 10 25    10.92     0.11    -9.27    -589.3    122.34     15.67    16.148     482870    0    0    0    0    0
2023  2 27 10 26    11.08     0.27    -9.24    -591.2    122.70     16.10    16.140     483197    0    0    0    0    0
2023  2 27 10 27    11.09     0.27    -9.11    -592.2    120.75     16.04    16.000     483460    0    0    0    0    0
2023  2 27 10 28    11.16     0.22    -8.97    -592.1    120.34     16.80    15.990     484265    0    0    0    0    0
2023  2 27 10 29    11.14     0.25    -8.96    -592.1    119.70     16.76    15.990     484265    0    0    0    0    0
2023  2 27 10 30    11.06     0.25    -8.99    -592.6    120.18     15.29    15.910     488165    0    0    0    0    0
2023  2 27 10 31    10.92     0.38    -9.16    -594.2    120.99     13.08    15.910     490766    0    0    0    0    0
2023  2 27 10 32    10.78     0.66    -9.25    -596.5    122.45     14.04    15.918     495087    0    0    0    0    0
2023  2 27 10 33    10.59     1.31    -9.30    -596.6    124.93     16.61    15.963     493349    0    0    0    0    0
2023  2 27 10 34    10.58     1.33    -9.30    -597.1    124.66     16.25    16.030     486504    0    0    0    0    0
2023  2 27 10 35    10.64     1.28    -9.23    -596.9    123.86     15.45    16.019     479659    0    0    0    0    0
2023  2 27 10 36    10.69     1.09    -9.19    -596.3    123.23     15.00    15.955     472814    0    0    0    0    0
2023  2 27 10 37    10.67     1.16    -9.17    -594.3    121.76     15.42    15.119     465969    0    0    0    0    0
2023  2 27 10 38    10.66     1.43    -9.17    -588.8    117.60     19.73    11.185     459124    0    0    0    0    0
2023  2 27 10 39    10.65     1.54    -9.16    -581.8    116.41     20.85     9.971     452279    0    0    0    0    0
2023  2 27 10 40    10.64     1.60    -9.15    -574.2    116.40     20.72     9.833     445433    0    0    0    0    0
2023  2 27 10 41    10.57     1.12    -9.09    -574.2    116.84     19.20     9.351     438588    0    0    0    1    0
2023  2 27 10 42    10.22     0.34    -9.10    -582.3    124.85     23.26     8.624     431743    0    0    0    2    0
2023  2 27 10 43    10.03     0.77    -9.14    -584.9    123.22     27.35     8.055     424898    0    0    0    2    0
2023  2 27 10 44     9.97     0.94    -9.19    -585.5    115.52     27.56     7.544     418053    0    0    0    2    0
2023  2 27 10 45     9.96     1.12    -9.20    -583.1    112.68     27.62     7.123     411208    0    0    0    2    0
2023  2 27 10 46     9.96     1.19    -9.23    -578.7    111.03     27.65     6.762     404363    0    0    0    2    0
2023  2 27 10 47     9.99     0.82    -9.35    -573.9    109.30     27.47     6.410     397518    0    0    0    2    0
2023  2 27 10 48    10.27    -0.57    -9.06    -573.2    100.24     32.71     5.941     390672    0    0    0    2    0
2023  2 27 10 49    10.36    -0.68    -8.82    -573.4     94.02     31.15     5.442     383827    0    0    0    2    0
2023  2 27 10 50    10.32    -0.58    -8.89    -577.8    103.69     33.08     4.819     376982    0    0    0    2    0
2023  2 27 10 51    10.28    -0.49    -8.99    -582.7    115.40     35.63     4.180     370137    0    0    0    2    0
2023  2 27 10 52    10.24    -0.31    -9.09    -580.6    122.97     37.62     3.767     363292    0    0    0    2    0
2023  2 27 10 53    10.20    -0.14    -9.18    -578.6    130.53     39.60     3.354     356447    0    0    0    1    0
2023  2 27 10 54    10.17     0.15    -9.27    -566.0    131.91     40.72     3.281     349602    0    0    0    1    0
2023  2 27 10 55    10.14     0.45    -9.38    -553.6    133.20     41.78     3.212     342757    0    0    0    2    0
2023  2 27 10 56    10.11     0.75    -9.49    -541.2    134.50     42.83     3.144     335911    0    0    0    2    0
2023  2 27 10 57    10.08     1.05    -9.60    -528.8    135.79     43.88     3.076     329066    0    0    0    2    0
2023  2 27 10 58    10.05     1.35    -9.71    -516.3    137.09     44.94     3.007     322221    0    0    0    2    0
2023  2 27 10 59    10.02     1.65    -9.82    -503.9    138.38     45.99     2.939     315376    0    0    0    0    0
2023  2 27 11  0     9.94     2.73   -11.67    -498.2    135.30     42.83     3.170     308531    0    0    0    0    0
2023  2 27 11  1     9.88     3.95   -13.38    -492.7    131.80     39.47     3.350     301686    0    0    0    0    0
2023  2 27 11  2     9.86     5.68   -14.61    -487.8    126.85     35.36     3.350     294841    0    0    0    0    0
2023  2 27 11  3     9.83     5.86   -15.17    -485.3    131.10     34.32     3.532     287996    0    0    0    0    0
2023  2 27 11  4     9.80     4.68   -15.16    -484.8    143.41     35.98     3.873     281150    0    0    0    0    0
2023  2 27 11  5     9.78     4.05   -15.19    -481.2    149.81     36.18     4.089     274305    0    0    1    0    0
2023  2 27 11  6     9.76     4.07   -15.28    -473.9    149.00     34.58     4.154     267460    0    0    1    0    0
2023  2 27 11  7     9.76     5.14   -15.21    -470.0    146.93     30.43     4.202     260615    0    0    2    0    0
2023  2 27 11  8     9.75     6.21   -15.15    -466.0    144.86     26.27     4.250     253770    0    0    2    0    0
2023  2 27 11  9     8.83     6.75   -14.48    -724.9    136.70     27.39     4.310     293082    0    0    0    0    0
2023  2 27 11 10     8.58     5.52   -14.82    -722.1    136.46     26.24     4.151     337659    0    0    0    0    0
2023  2 27 11 11     7.72     4.65   -15.64    -734.9    137.19     15.88     3.980     382236    0    0    0    0    0
2023  2 27 11 12     7.00     3.18   -14.92    -761.0    134.54     12.39     4.800     426813    0    0    0    0    0
2023  2 27 11 13     8.16     4.80   -13.92    -760.3    130.10      9.72     4.828     471391    0    1    1    0    0
2023  2 27 11 14     9.35     5.83   -12.93    -756.2    122.34      6.56     4.786     515968    0    2    2    1    0
2023  2 27 11 15     9.25     6.60   -12.82    -752.5    114.30      3.32     4.618     560545    0    1    2    1    0
2023  2 27 11 16     6.65     4.16   -15.09    -750.8    105.53     -0.22     4.440     605122    0    1    2    1    0
2023  2 27 11 17     5.69    -0.66   -15.95    -752.4     97.27     -3.42     4.334     632685    0    1    1    1    0
2023  2 27 11 18     5.33    -2.01   -15.13    -756.9     94.98     -5.60     4.310     722776    0    0    0    1    0
2023  2 27 11 19     4.95    -2.07   -14.16    -758.6     94.88     -8.19     4.523     838609    0    0    0    0    0
2023  2 27 11 20     5.11    -1.38   -14.32    -754.3    102.36     -2.45     4.651     910612    0    0    0    0    0
2023  2 27 11 21     5.60     0.12   -14.70    -747.8    119.36     10.94     4.579     932406    0    0    0    0    0
2023  2 27 11 22     7.07    -0.31   -14.77    -743.0    121.05     14.78     4.813     932406    0    0    0    0    0
2023  2 27 11 23     7.24    -0.62   -15.12    -741.7    115.54     15.62     5.103     932406    0    0    0    0    0
2023  2 27 11 24     4.44    -0.77   -16.61    -764.7     87.64     -6.12     5.349     988252    0    0    0    0    0
2023  2 27 11 25     2.90    -1.92   -17.20    -771.3     87.25     -6.39     5.473    1053363    0    0    0    0    0
2023  2 27 11 26     4.74    -1.22   -16.48    -785.0     82.88     -5.89     5.434    1664546    0    1    1    0    0
2023  2 27 11 27     5.33    -1.36   -15.33    -788.9     83.40     -2.44     5.165    1475948    0    1    2    0    0
2023  2 27 11 28     3.87    -0.66   -13.65    -787.7     84.96      2.85     5.108    1147154    0    1    2    0    0
2023  2 27 11 29     3.38    -0.17   -13.79    -785.9     90.31      6.82     5.063     912651    0    1    1    0    1
2023  2 27 11 30     4.06     0.36   -15.57    -780.4     99.36      9.68     4.915     742080    0    1    1    0    2
2023  2 27 11 31     6.02     1.37   -15.06    -767.8    104.62     12.17     4.489     623077    0    1    1    0    2
2023  2 27 11 32     6.80     2.04   -14.51    -755.3    101.34     14.63     4.227     575476    0    1    1    0    1
2023  2 27 11 33     6.80     2.48   -13.93    -742.9     92.37     17.07     4.072     575476    0    1    1    0    1
2023  2 27 11 34     7.55     5.52   -12.95    -740.1     91.98     22.86     4.283     581165    0    1    2    0    0
2023  2 27 11 35     6.28     6.30   -12.72    -741.0     93.65     22.25     4.895     755266    0    1    2    0    0
2023  2 27 11 36     4.97     8.10   -11.87    -759.3    104.68     41.36     5.833    1080097    0    1    1    0    0
2023  2 27 11 37     3.46     6.39   -12.33    -774.4    103.00     44.35     6.469    1221131    0    1    1    0    0
2023  2 27 11 38     3.72     1.94   -13.35    -785.5     96.31     51.99     6.756    1218062    0    1    1    0    1
2023  2 27 11 39     4.62     1.71   -13.48    -784.1     97.86     54.42     6.731    1210185    0    1    1    0    2
2023  2 27 11 40     5.58     1.94   -13.55    -781.2    103.96     56.54     6.688    1202666    0    1    1    0    2
2023  2 27 11 41     5.76     2.94   -13.48    -777.0    117.13     58.82     6.533    1195613    0    1    1    0    2
2023  2 27 11 42     5.57     5.02   -13.91    -768.9    118.38     60.55     6.279    1189632    0    1    1    0    2
2023  2 27 11 43     5.43     6.87   -12.97    -763.0    119.78     64.81     6.211    1182981    0    1    1    0    1
2023  2 27 11 44     5.37     7.71   -12.01    -760.3    123.23     69.67     6.357    1154235    0    1    1    0    0
2023  2 27 11 45     4.65     8.64   -11.39    -759.6    126.23     73.05     6.509    1106498    0    1    1    0    0
2023  2 27 11 46     3.97     8.08   -11.01    -754.8    123.45     72.21     6.500    1031253    0    1    1    0    0
2023  2 27 11 47     4.13     4.94   -11.01    -745.7    116.83     68.18     6.447     926467    0    1    1    0    0
2023  2 27 11 48     4.76     6.02   -11.82    -745.0    117.63     70.32     6.345     926467    0    1    1    0    0
2023  2 27 11 49     4.10     6.37   -12.78    -752.2    130.65     61.87     6.150     948730    0    0    0    0    0
2023  2 27 11 50     4.42     5.26   -12.74    -751.4    132.86     60.27     6.059     948730    0    0    0    0    0
2023  2 27 11 51     5.74     1.23   -11.67    -749.0    134.02     58.05     6.018     984253    0    0    0    0    0
2023  2 27 11 52     6.16     4.12   -12.10    -760.3    133.26     58.75     5.981    1261334    0    0    0    0    0
2023  2 27 11 53     7.16     3.04   -11.79    -773.6    133.58     67.01     5.879    1212553    0    0    0    0    1
2023  2 27 11 54     6.92     1.32    -9.16    -808.4    126.76     83.47     5.772    1110307    0    0    0    0    0
2023  2 27 11 55     6.88     0.88    -9.17    -787.6    126.21     73.11     5.778    1106204    0    0    0    0    0
2023  2 27 11 56     6.83     0.48    -9.21    -767.2    125.56     62.94     5.785    1101960    0    0    0    0    2
2023  2 27 11 57     6.79     0.07    -9.25    -746.8    124.91     52.76     5.791    1097717    0    0    0    0    1
2023  2 27 11 58     6.10     1.13   -10.58    -739.8    120.61     49.50     5.827    1088015    0    0    0    0    1
2023  2 27 11 59     5.61     2.02   -11.37    -737.7    117.49     49.97     5.763    1076146    0    1    1    0    2
2023  2 27 12  0     5.48     1.66   -11.73    -735.8    128.51     55.98     5.647    1064097    0    1    1    0    2
2023  2 27 12  1     6.20     1.13   -11.45    -731.7    129.87     59.77     5.530    1059393    0    1    0    0    1
2023  2 27 12  2     7.10     0.36   -10.89    -727.5    123.58     60.69     5.430    1068734    0    0    0    0    0
2023  2 27 12  3     7.47    -1.09   -10.54    -725.8    120.90     61.54     5.369    1099050    0    0    0    0    0
2023  2 27 12  4     7.62    -1.70   -10.61    -727.3    115.39     63.89     5.449    1143881    0    0    0    0    0
2023  2 27 12  5     7.48    -1.23   -10.91    -728.2    111.53     63.91     5.731    1176395    0    0    0    0    0
2023  2 27 12  6     6.80    -0.35   -11.24    -729.3    110.13     59.20     6.026    1186526    0    1    1    1    1
2023  2 27 12  7     5.88     1.42   -11.63    -732.6    114.14     61.58     6.068    1197476    0    1    1    2    2
2023  2 27 12  8     4.70     1.70   -11.75    -733.5    119.82     75.96     5.964    1207612    0    1    1    2    2
2023  2 27 12  9     4.07     1.91    -9.53    -733.4    123.79     92.83     6.189    1217297    0    1    1    2    2
2023  2 27 12 10     4.75     1.55    -9.08    -732.3    127.30    105.02     6.333    1226641    0    1    1    1    1
2023  2 27 12 11     5.58     2.28   -10.42    -728.6    134.98    115.37     6.305    1242979    0    0    0    0    0
2023  2 27 12 12     5.95     4.73    -9.64    -724.2    147.94    124.49     6.343    1269065    0    1    0    1    1
2023  2 27 12 13     6.13     5.87    -6.84    -724.8    160.94    133.86     6.540    1301905    0    1    0    2    2
2023  2 27 12 14     5.68     7.31    -4.95    -731.5    169.98    143.03     6.782    1339062    0    1    0    1    1
2023  2 27 12 15     4.94     7.87    -1.77    -736.8    173.60    145.32     6.882    1352341    0    0    0    0    0
2023  2 27 12 16     5.29     8.12    -2.15    -739.7    175.48    146.17     6.957    1347177    0    1    0    1    1
2023  2 27 12 17     5.76     9.68    -1.99    -745.6    179.16    150.31     7.074    1339062    0    2    2    2    2
2023  2 27 12 18     2.51     9.63    -1.93    -753.3    184.04    155.73     7.178    1330586    0    1    2    0    2
2023  2 27 12 19     2.88     8.91    -0.12    -761.7    188.95    161.17     7.198    1325783    0    1    2    0    1
2023  2 27 12 20     3.52     7.85     1.16    -761.8    190.51    162.23     7.067    1331140    0    1    1    0    0
2023  2 27 12 21     4.34     5.97    -2.40    -759.3    188.68    157.80     6.830    1335158    0    0    0    0    0
2023  2 27 12 22     4.98     4.62    -6.19    -756.6    179.15    143.26     6.566    1329175    0    0    0    0    0
2023  2 27 12 23     5.37     4.73    -5.91    -752.3    164.77    122.90     6.388    1319039    0    0    0    0    0
2023  2 27 12 24     6.12     5.26    -5.03    -748.4    156.22    108.94     6.386    1315660    0    0    0    0    0
2023  2 27 12 25     6.28     6.93    -5.00    -745.9    154.94    106.61     6.386    1310701    0    0    0    0    0
2023  2 27 12 26     7.39     5.37    -3.91    -745.9    164.34    116.60     6.413    1230046    0    0    0    0    0
2023  2 27 12 27     7.31     6.53    -3.26    -747.4    174.39    135.99     6.451    1231338    0    0    0    0    1
2023  2 27 12 28     5.77     7.70    -2.15    -753.8    176.01    122.91     6.494    1255760    0    0    0    0    2
2023  2 27 12 29     3.87     7.50    -2.84    -765.1    119.10     76.94     6.516    1283320    0    0    0    0    2
2023  2 27 12 30     3.30     3.14    -8.16    -767.7     91.34     68.36     6.431    1304773    0    0    0    0    2
2023  2 27 12 31     3.28     1.90    -9.70    -762.2     84.51     60.53     6.406    1320850    0    0    0    0    2
2023  2 27 12 32     3.59     1.90    -9.27    -757.5     88.56     49.65     6.406    1337484    0    0    0    0    2
2023  2 27 12 33     4.10     1.51    -8.56    -754.6     99.70     37.97     6.406    1355296    0    0    0    0    2
2023  2 27 12 34     4.43     0.33    -8.34    -751.7     98.97     33.39     6.406    1368695    0    0    0    0    1
2023  2 27 12 35     5.06    -0.79    -8.14    -751.0     98.07     37.65     6.254    1365650    0    0    0    0    0
2023  2 27 12 36     5.47    -0.08    -7.80    -751.3     99.30     42.55     5.647    1345993    0    0    0    0    0
2023  2 27 12 37     5.67     1.63    -6.82    -753.7    106.89     46.93     5.633    1308062    0    0    0    0    1
2023  2 27 12 38     4.86     3.62    -3.95    -757.2    115.42     49.75     5.577    1269541    0    0    0    0    2
2023  2 27 12 39     2.96     3.56    -2.57    -760.9    123.01     54.42     5.556    1230778    0    0    0    0    2
2023  2 27 12 40     2.86     5.60    -1.98    -762.7    129.10     63.24     5.572    1209140    0    0    0    0    1
2023  2 27 12 41     2.68     5.75     2.11    -763.1    135.30     76.28     5.545    1205346    0    0    0    0    0
2023  2 27 12 42     2.62     5.05     4.41    -763.6    141.71     86.54     5.368    1205346    0    0    0    0    0
2023  2 27 12 43     2.64     2.14     5.87    -776.8    152.18    104.95     5.121     883403    0    0    0    0    0
2023  2 27 12 44     2.83     6.76     5.27    -781.6    160.83    110.59     5.129     891496    0    0    0    0    0
2023  2 27 12 45     2.84     1.42     4.67    -787.1    168.74    104.46     5.154     916396    0    0    0    0    0
2023  2 27 12 46     3.68    -8.53     7.35    -794.8    175.80     94.52     5.309     908761    0    0    0    0    0
2023  2 27 12 47     4.91    -9.71     8.32    -794.9    182.13     91.76     5.562     871507    0    0    0    0    0
2023  2 27 12 48     5.31    -9.54     8.46    -791.3    181.42     88.48     5.754     855493    0    0    0    0    0
2023  2 27 12 49     5.49    -8.88     8.62    -789.1    177.49     85.85     5.871     855493    0    0    0    0    0
2023  2 27 12 50     5.70    -7.93     8.54    -791.1    172.42     80.01     5.835     851531    0    0    0    0    0
2023  2 27 12 51     5.77    -7.50     8.78    -793.6    170.90     69.72     5.763     834460    0    0    0    0    0
2023  2 27 12 52     5.94    -7.57     9.33    -795.3    173.00     59.25     5.778     816890    0    0    0    0    0
2023  2 27 12 53     6.00    -7.64     9.52    -798.7    174.55     56.77     5.827     812494    0    0    0    0    0
2023  2 27 12 54     5.32    -9.82     9.36    -797.0    173.91     62.82     5.995     818399    0    0    0    0    0
2023  2 27 12 55     6.15    -7.27     9.46    -799.6    172.22     59.17     6.048     884790    0    0    0    0    0
2023  2 27 12 56     7.05    -7.06    11.88    -806.0    180.21     51.94     6.022     967859    0    0    0    0    0
2023  2 27 12 57     7.06    -3.61    11.80    -830.3    180.32     43.61     5.834     949349    0    0    0    0    0
2023  2 27 12 58     7.72    -2.53    12.92    -834.7    173.86     37.16     5.473     861608    0    0    0    0    0
2023  2 27 12 59     7.60    -1.88    13.00    -833.3    168.05     29.11     5.434     824824    0    0    0    0    0
2023  2 27 13  0     7.12    -0.75    12.98    -830.0    165.94     20.58     5.472     819878    0    0    0    0    0
2023  2 27 13  1     6.97     0.33    12.87    -831.3    165.32     12.42     5.624     852008    0    1    1    1    1
2023  2 27 13  2     7.07     0.81    12.31    -834.6    165.56      4.54     5.739     896840    0    1    1    1    2
2023  2 27 13  3     7.22     0.77    12.16    -836.8    167.10     -2.96     5.885     902070    0    1    1    1    1
2023  2 27 13  4     7.80     0.22    12.03    -833.2    166.73      0.64     5.685     880771    0    0    0    0    0
2023  2 27 13  5     8.34    -0.39    12.14    -828.8    166.69      5.33     5.543     846652    0    0    0    0    0
2023  2 27 13  6     8.48    -0.79    11.45    -827.8    166.51      9.31     5.465     834403    0    0    0    0    0
2023  2 27 13  7     8.19    -3.47    10.32    -835.5    162.63      8.57     5.448     871595    0    0    0    0    0
2023  2 27 13  8     8.25    -6.53     8.22    -836.2    158.80      0.88     5.539     875224    0    0    0    0    0
2023  2 27 13  9     8.55    -6.78     8.04    -834.0    157.94     -3.08     5.613     875224    0    0    0    0    0
2023  2 27 13 10     8.60    -6.59     8.04    -833.8    160.88     -4.40     5.744     911432    0    0    0    0    0
2023  2 27 13 11     8.72    -5.75     8.36    -833.5    162.01     -2.52     5.765     917822    0    0    0    0    0
2023  2 27 13 12     9.17    -5.61     8.42    -831.8    161.36     -1.06     5.820     857183    0    0    0    0    0
2023  2 27 13 13     8.76    -6.37     8.63    -831.4    161.47     -0.69     5.834     841726    0    0    0    0    0
2023  2 27 13 14     8.34    -6.52     8.77    -833.1    162.91     -6.62     5.934     892753    0    0    0    0    0
2023  2 27 13 15     8.29    -6.10     9.54    -833.8    161.62     -7.66     5.953     902524    0    0    0    0    0
2023  2 27 13 16     8.85    -5.47     9.83    -832.8    158.22     -7.90     5.896     900300    0    0    0    0    0
2023  2 27 13 17     9.09    -5.30    10.01    -828.1    158.24    -10.36     5.895     839888    0    0    0    0    0
2023  2 27 13 18     9.54    -5.25    10.08    -826.5    158.14    -11.16     5.913     808209    0    0    0    0    0
2023  2 27 13 19    10.00    -5.15     9.82    -828.5    158.03    -10.96     6.114     805572    0    0    0    0    0
2023  2 27 13 20    10.31    -5.07     9.22    -831.8    158.75     -7.82     6.234     862272    0    0    0    0    0
2023  2 27 13 21    10.51    -4.99     9.18    -834.3    159.47     -7.05     6.190     876777    0    0    0    0    0
2023  2 27 13 22    10.51    -4.26     9.66    -834.5    153.60    -10.73     6.084     809595    0    0    0    0    0
2023  2 27 13 23    10.30    -2.99    10.23    -834.4    152.66    -13.18     5.976     800722    0    0    0    0    0
2023  2 27 13 24     9.54    -2.18     9.96    -832.5    152.75    -13.86     5.907     829736    0    0    0    0    0
2023  2 27 13 25     9.37    -1.87     9.84    -829.3    150.15    -13.10     6.012     843688    0    0    0    0    0
2023  2 27 13 26     9.29    -2.18     9.48    -827.6    148.94    -11.65     6.064     846410    0    0    0    0    0
2023  2 27 13 27     8.90    -4.06     6.77    -828.6    148.52    -11.10     6.009     823571    0    0    0    0    0
2023  2 27 13 28     8.75    -5.23     5.33    -830.5    148.00    -11.32     5.983     813864    0    0    0    0    0
2023  2 27 13 29     8.20    -4.74     4.24    -833.6    151.62     -6.88     6.014     826710    0    0    0    0    0
2023  2 27 13 30     5.73    -4.13     3.92    -831.3    153.20     -1.71     6.032     853337    0    0    0    0    0
2023  2 27 13 31     5.06    -2.85     2.74    -831.5    154.50     -0.95     6.040     861462    0    0    0    0    0
2023  2 27 13 32     4.99    -2.68     2.24    -834.0    157.69     -2.73     6.020     861869    0    0    0    0    0
2023  2 27 13 33     5.04    -3.29     1.67    -835.4    158.69     -3.89     6.003     854362    0    0    0    0    0
2023  2 27 13 34     6.20    -4.31     2.69    -836.7    155.04     -5.15     5.966     843926    0    0    0    0    0
2023  2 27 13 35     5.89    -4.04     2.77    -837.0    153.89     -5.09     5.936     843217    0    0    0    0    0
2023  2 27 13 36     3.49    -2.57     2.10    -836.4    154.18     -2.16     5.935     849667    0    0    0    0    0
2023  2 27 13 37     2.34    -1.51     2.70    -835.7    156.15     -1.67     5.885     850119    0    0    0    0    0
2023  2 27 13 38     2.06    -1.70     2.79    -835.4    156.96     -5.88     5.939     779873    0    1    1    0    0
2023  2 27 13 39     7.94    -5.21     3.36    -834.6    151.96    -11.15     5.839     767469    0    1    1    0    0
2023  2 27 13 40     8.81    -5.72     2.17    -832.1    145.16    -14.26     6.049     762427    0    1    1    0    0
2023  2 27 13 41     7.05    -5.51    -0.59    -828.2    140.10    -15.54     6.578     719916    0    1    1    0    0
2023  2 27 13 42     5.34    -6.18    -2.13    -824.5    137.61    -14.47     7.217     693530    0    0    0    0    0
2023  2 27 13 43     3.88    -6.06    -3.33    -822.7    140.24    -10.93     7.896     680398    0    0    0    0    0
2023  2 27 13 44     2.85    -5.45    -4.12    -821.5    141.93    -11.24     8.397     673621    0    0    0    0    0
2023  2 27 13 45     2.64    -5.45    -4.45    -819.2    140.45    -14.30     8.566     673621    0    0    0    0    0
2023  2 27 13 46     2.97    -5.46    -4.90    -817.3    140.05    -15.88     8.614     679187    0    1    1    0    0
2023  2 27 13 47     3.91    -5.83    -4.18    -815.7    138.52    -18.11     8.835     698515    0    1    1    0    0
2023  2 27 13 48     5.49    -7.23    -2.60    -812.0    135.39    -19.15     9.169     723820    0    1    1    0    0
2023  2 27 13 49     6.40    -9.57    -2.62    -809.0    133.25    -20.91     9.310     743658    0    1    1    0    0
2023  2 27 13 50     6.15    -9.55    -2.74    -808.4    132.04    -21.57     9.308     765145    0    0    0    0    0
2023  2 27 13 51     6.15    -9.40    -2.74    -809.6    133.70    -24.46     9.185     785028    0    0    0    0    0
2023  2 27 13 52     6.21    -9.07    -2.89    -815.3    133.89    -25.04     8.427     784617    0    0    0    0    0
2023  2 27 13 53     6.29    -8.08    -3.63    -814.8    133.31    -24.16     8.591     775430    0    0    0    0    1
2023  2 27 13 54     6.24    -7.00    -4.75    -813.2    130.51    -24.61     9.063     748748    0    0    0    0    2
2023  2 27 13 55     6.08    -6.43    -4.36    -813.4    126.04    -24.86     9.375     727212    0    0    0    0    1
2023  2 27 13 56     5.37    -6.43    -3.05    -813.8    127.19    -23.10     9.613     736062    0    0    0    0    0
2023  2 27 13 57     4.64    -5.91    -2.70    -816.6    132.01    -20.08     9.632     760842    0    0    0    0    0
2023  2 27 13 58     4.28    -4.76    -2.70    -819.8    139.16    -18.11     9.572     752207    0    0    0    0    0
2023  2 27 13 59     4.74    -4.44    -3.05    -819.2    140.11    -16.50     9.495     731443    0    0    0    0    0
2023  2 27 14  0     5.90    -4.08    -3.54    -818.1    140.10    -16.56     9.495     709021    0    0    0    0    0
2023  2 27 14  1     6.06    -2.09    -2.84    -819.5    143.02    -18.58     9.343     695046    0    0    0    0    0
2023  2 27 14  2     6.26     0.08    -2.22    -820.1    142.39    -20.46     9.106     701933    0    0    0    0    0
2023  2 27 14  3     5.40    -0.37    -3.06    -822.1    140.52    -22.45     9.017     710197    0    0    0    0    0
2023  2 27 14  4     4.56    -1.10    -3.66    -824.5    136.10    -32.07     8.415     687872    0    0    0    0    0
2023  2 27 14  5     4.92    -1.37    -3.79    -824.8    134.79    -37.93     8.017     668565    0    0    0    0    0
2023  2 27 14  6     5.21    -1.65    -4.10    -824.1    142.17    -34.03     8.021     665721    0    0    0    0    0
2023  2 27 14  7     5.20    -1.83    -4.31    -823.4    148.74    -30.14     8.090     665358    0    0    0    0    0
2023  2 27 14  8     5.36     1.36    -4.09    -822.7    151.50    -29.50     8.209     668018    0    0    0    0    0
2023  2 27 14  9     5.34     3.73    -3.23    -822.9    152.90    -30.33     8.270     718159    0    0    0    0    0
2023  2 27 14 10     4.76     3.36    -2.65    -823.1    153.05    -32.91     8.273     759996    0    0    0    0    0
2023  2 27 14 11     4.33     4.19    -2.71    -822.6    151.61    -35.83     8.273     749586    0    0    0    0    1
2023  2 27 14 12     5.42     4.90    -2.68    -822.1    149.45    -36.83     8.281     730332    0    0    0    0    2
2023  2 27 14 13     6.96     4.34    -2.12    -822.4    147.22    -36.74     8.353     710601    0    0    0    0    1
2023  2 27 14 14     7.24     4.25    -1.58    -824.7    142.91    -37.49     8.412     701319    0    0    0    0    0
2023  2 27 14 15     7.17     4.34    -1.25    -826.4    141.44    -38.11     8.406     713836    0    0    0    0    0
2023  2 27 14 16     7.36     4.03    -1.04    -826.7    142.87    -37.32     8.397     720754    0    0    0    0    0
2023  2 27 14 17     7.71     3.92    -1.00    -826.7    144.99    -34.37     8.089     741324    0    0    0    0    0
2023  2 27 14 18     7.96     4.48    -0.92    -824.9    146.29    -31.98     7.925     752401    0    0    0    0    0
2023  2 27 14 19     8.10     4.86     0.83    -821.6    147.41    -29.57     7.997     769819    0    0    0    0    0
2023  2 27 14 20     7.92     2.44     4.30    -817.8    150.56    -27.64     8.222     787237    0    0    0    0    0
2023  2 27 14 21     7.50    -1.11     7.34    -815.0    154.35    -27.32     8.470     783855    0    0    0    0    1
2023  2 27 14 22     7.43     0.51     7.84    -815.7    153.00    -28.81     8.244     772339    0    0    0    0    2
2023  2 27 14 23     6.82     2.40     8.08    -816.3    150.02    -31.58     7.768     760872    0    0    0    0    2
2023  2 27 14 24     5.64     2.96     8.01    -813.7    149.39    -31.11     7.768     750510    0    0    0    0    1
2023  2 27 14 25     4.68     3.29     7.81    -811.0    147.74    -29.85     7.541     738128    0    0    0    0    0
2023  2 27 14 26     3.91     4.70     7.81    -810.1    145.04    -29.61     6.457     716164    0    0    0    0    0
2023  2 27 14 27     3.79     7.56     7.73    -811.3    140.38    -31.68     6.258     693203    0    0    0    0    0
2023  2 27 14 28     3.67     8.37     7.34    -814.9    131.91    -34.09     6.138     674314    0    0    0    0    0
2023  2 27 14 29     2.86     8.79     7.25    -815.6    130.00    -36.00     6.210     670750    0    0    0    0    0
2023  2 27 14 30     2.52     9.26     7.18    -817.0    127.63    -34.83     6.362     667240    0    0    0    0    0
2023  2 27 14 31     2.54     8.82     7.05    -816.2    124.77    -34.90     6.487     665223    0    0    0    0    0
2023  2 27 14 32     2.73     7.84     6.93    -813.2    122.89    -36.59     6.475     677989    0    0    0    0    1
2023  2 27 14 33     3.24     7.09     7.30    -809.9    122.87    -39.48     6.388     724065    0    0    0    0    2
2023  2 27 14 34     3.30     6.71     8.29    -810.0    124.91    -39.97     6.323     772877    0    0    0    0    1
2023  2 27 14 35     3.27     6.05     8.18    -808.0    126.98    -37.35     6.231     797454    0    0    0    0    0
2023  2 27 14 36     3.13     5.37     6.96    -808.4    125.90    -35.60     6.228     795256    0    0    0    0    0
2023  2 27 14 37     2.81     5.53     6.97    -807.5    120.16    -35.61     6.342     773457    0    0    0    0    0
2023  2 27 14 38     1.04     6.69     7.11    -809.0    117.71    -36.64     6.485     756495    0    0    0    0    0
2023  2 27 14 39     0.34     7.05     6.97    -808.5    117.17    -37.09     6.469     756945    0    0    0    0    0
2023  2 27 14 40     0.49     7.06     5.61    -808.2    118.43    -34.65     6.399     761265    0    0    0    0    0
2023  2 27 14 41     1.96     7.15     4.50    -804.6    117.67    -34.28     6.399     764014    0    0    0    0    0
2023  2 27 14 42     1.46     7.54     4.39    -801.2    115.83    -33.34     6.463     764059    0    0    0    0    0
2023  2 27 14 43     1.11     7.66     4.38    -800.6    113.98    -34.41     7.449     762850    0    0    0    0    1
2023  2 27 14 44     0.76     7.67     4.41    -799.1    111.82    -34.87     7.788     761486    0    0    0    0    2
2023  2 27 14 45    -0.33     7.45     4.42    -798.6    112.28    -35.00     7.876     760096    0    0    0    0    2
2023  2 27 14 46    -0.95     7.46     4.42    -796.5    111.63    -34.41     7.934     758764    0    0    0    0    1
2023  2 27 14 47    -1.13     7.88     4.54    -795.0    111.24    -34.55     7.752     755263    0    0    0    0    0
2023  2 27 14 48    -1.11     8.25     4.74    -794.6    110.15    -35.36     7.456     750759    0    0    0    0    1
2023  2 27 14 49    -1.07     9.01     4.98    -794.5    111.43    -32.76     7.150     746271    0    0    0    0    2
2023  2 27 14 50    -0.99     9.56     5.62    -795.5    113.95    -30.39     6.988     741604    0    0    0    0    2
2023  2 27 14 51    -0.98     9.73     5.89    -797.0    116.49    -29.08     6.905     736828    0    0    0    0    2
2023  2 27 14 52    -0.19     9.86     5.46    -796.0    113.35    -29.62     7.382     732392    0    0    0    0    2
2023  2 27 14 53     0.13     9.99     4.80    -796.2    112.03    -29.72     7.581     727866    0    0    0    0    1
2023  2 27 14 54     0.17    10.19     4.41    -794.0    110.47    -26.99     6.812     724600    0    0    0    0    0
2023  2 27 14 55     0.13    10.72     4.09    -792.6    108.78    -24.70     6.213     723508    0    1    1    0    0
2023  2 27 14 56    -1.40    11.02     3.04    -792.4    107.91    -24.39     6.070     744220    0    1    1    0    0
2023  2 27 14 57    -2.77    11.08     2.40    -792.1    107.58    -25.11     6.050     761264    0    1    1    0    0
2023  2 27 14 58    -3.17    11.79     2.40    -791.4    107.81    -26.84     6.204     778738    0    1    1    0    0
2023  2 27 14 59    -3.00    12.31     1.16    -791.5    109.13    -27.95     6.405     790752    0    0    0    0    0
2023  2 27 15  0    -2.76    12.04    -1.04    -792.5    109.68    -26.26     6.467     779344    0    0    0    0    0
2023  2 27 15  1    -2.97    11.80    -2.47    -796.0    110.08    -25.27     6.447     769501    0    0    0    0    0
2023  2 27 15  2    -4.64     9.00    -5.34    -800.1    110.31    -25.42     6.476     738766    0    0    0    0    0
2023  2 27 15  3    -4.10     9.40    -5.87    -801.5    110.69    -28.74     6.255     732809    0    0    0    0    0
2023  2 27 15  4    -3.81     9.65    -5.62    -801.9    111.40    -32.37     5.960     701467    0    0    0    0    0
2023  2 27 15  5    -3.25     9.96    -5.01    -802.6    111.34    -32.74     5.930     657535    0    0    0    0    0
2023  2 27 15  6    -2.60    10.21    -4.47    -801.9    109.17    -32.92     5.930     619767    0    0    0    0    1
2023  2 27 15  7    -1.58    10.18    -2.84    -801.2    102.17    -31.90     5.859     582106    0    0    0    0    2
2023  2 27 15  8     0.29     9.08     2.04    -797.5     90.22    -29.58     5.849     548166    0    0    0    0    2
2023  2 27 15  9     1.62    -0.07     6.29    -796.6     80.34    -25.87     6.141     510758    0    0    0    0    2
2023  2 27 15 10     1.93    -8.89     7.06    -806.8     74.24    -21.15     6.402     459940    0    0    0    0    2
2023  2 27 15 11     2.43   -10.00     5.67    -809.0     70.06    -23.52     6.290     419005    0    0    0    0    1
2023  2 27 15 12     2.33   -11.34     7.00    -809.7     69.47    -28.03     6.091     381141    0    0    0    0    0
2023  2 27 15 13     1.83   -11.61     6.39    -807.9     69.49    -36.92     5.863     353640    0    0    0    0    0
2023  2 27 15 14     0.47   -12.37     4.58    -806.4     68.18    -46.27     5.907     327652    0    0    0    0    0
2023  2 27 15 15    -1.12   -12.94     1.45    -807.0     60.48    -52.79     6.131     332881    0    0    0    0    0
2023  2 27 15 16    -0.70   -13.02    -0.91    -812.9     59.31    -59.80     6.259     438504    0    0    0    0    0
2023  2 27 15 17    -3.76   -10.46    -3.23    -823.1     66.79    -60.99     6.389     506525    0    0    0    0    0
2023  2 27 15 18    -6.81    -5.97    -4.44    -833.9     70.74    -59.88     6.584     453652    0    0    0    0    0
2023  2 27 15 19    -7.04    -1.64    -5.28    -834.0     71.07    -60.44     5.984     344069    0    0    0    0    0
2023  2 27 15 20    -7.60     0.62    -5.64    -827.3     75.91    -58.97     5.579     327032    0    0    0    0    0
2023  2 27 15 21    -7.91     1.95    -6.10    -822.4     86.12    -55.90     5.317     327032    0    0    0    0    0
2023  2 27 15 22    -7.84     2.52    -7.65    -822.2     99.58    -54.91     5.343     324411    0    0    0    0    0
2023  2 27 15 23    -7.23     3.01    -9.57    -827.0    105.47    -56.51     5.467     321884    0    0    0    0    0
2023  2 27 15 24    -6.97     2.17    -9.35    -829.1    104.88    -56.64     5.392     321884    0    0    0    0    0
2023  2 27 15 25    -7.00     0.69    -8.72    -831.2    104.67    -56.94     5.225     313766    0    0    0    0    0
2023  2 27 15 26    -6.98     0.02    -8.61    -833.6    104.87    -57.07     5.186     301382    0    0    0    0    0
2023  2 27 15 27    -6.38     0.89    -8.80    -834.6    109.19    -59.20     5.751     299463    0    0    0    0    0
2023  2 27 15 28    -5.89     1.67    -9.09    -836.6    112.19    -59.45     5.959     270877    0    0    0    0    0
2023  2 27 15 29    -5.86     2.25    -9.10    -835.9    110.23    -58.94     6.657     268721    0    0    0    0    0
2023  2 27 15 30    -6.26     2.75    -8.24    -830.7    110.24    -47.46     7.179     317542    0    0    0    0    0
2023  2 27 15 31    -6.67     3.65    -7.71    -824.1    113.59    -41.57     7.686     387574    0    0    0    0    0
2023  2 27 15 32    -6.94     4.29    -7.45    -820.4    117.37    -39.94     8.255     434797    0    0    0    0    0
2023  2 27 15 33    -6.81     3.44    -7.43    -819.9    116.50    -41.80     8.820     444692    0    0    0    0    0
2023  2 27 15 34    -5.93     2.54    -7.49    -817.4    112.81    -46.83     9.204     449566    0    0    0    0    0
2023  2 27 15 35    -4.74     2.93    -7.46    -816.2    109.19    -51.13     9.314     438722    0    0    0    0    0
2023  2 27 15 36    -4.15     2.93    -7.19    -818.5    101.27    -45.48     8.988     391103    0    0    0    0    0
2023  2 27 15 37    -3.50     3.50    -6.63    -817.2     93.97    -40.40     8.498     329865    0    0    0    0    0
2023  2 27 15 38    -3.64     5.20    -6.75    -816.4     87.87    -45.10     7.934     286086    0    0    0    0    0
2023  2 27 15 39    -4.67     6.00    -7.46    -817.9     82.72    -50.59     7.340     270850    0    0    0    0    0
2023  2 27 15 40    -4.67     5.01    -7.79    -818.9     78.58    -52.90     6.952     261956    0    0    0    0    0
2023  2 27 15 41    -4.40     4.95    -8.37    -818.6     78.86    -54.48     6.759     256035    0    0    0    0    0
2023  2 27 15 42    -4.21     5.98    -7.72    -819.5     82.37    -54.43     6.588     246596    0    0    0    0    0
2023  2 27 15 43    -4.12     7.19    -6.59    -820.3     83.03    -53.73     6.424     241504    0    0    0    0    0
2023  2 27 15 44    -4.22     7.13    -7.11    -819.4     84.77    -51.67     6.346     243015    0    0    0    0    0
2023  2 27 15 45    -4.33     6.85    -8.01    -817.9     85.40    -48.37     6.375     262911    0    0    0    0    0
2023  2 27 15 46    -4.51     6.89    -7.69    -817.1     84.20    -44.77     6.433     299925    0    0    0    0    0
2023  2 27 15 47    -4.66     7.03    -7.13    -820.1     82.72    -47.67     6.522     315083    0    0    0    0    0
2023  2 27 15 48    -4.90     7.19    -6.87    -826.1     83.66    -51.31     6.568     316472    0    0    0    0    0
2023  2 27 15 49    -4.95     7.94    -6.45    -828.0     90.74    -49.25     6.309     309786    0    0    0    0    0
2023  2 27 15 50    -4.74     8.12    -6.23    -827.3     92.53    -49.09     6.108     306687    0    0    0    0    0
2023  2 27 15 51    -4.66     8.43    -6.52    -825.4     87.31    -54.31     6.053     319263    0    0    0    0    0
2023  2 27 15 52    -5.15     8.34    -6.40    -824.8     83.02    -56.99     6.079     327324    0    0    0    0    0
2023  2 27 15 53    -5.53     6.79    -6.58    -824.2     74.17    -51.72     6.653     309450    0    0    0    0    0
2023  2 27 15 54    -5.29     5.24    -7.14    -821.9     69.81    -44.49     7.041     296044    0    0    0    0    0
2023  2 27 15 55    -4.45     3.68    -7.45    -818.4     73.36    -38.91     7.408     298084    0    0    0    0    0
2023  2 27 15 56    -3.24     1.68    -7.58    -814.9     76.11    -33.54     7.652     301181    0    0    0    0    0
2023  2 27 15 57    -2.36     0.53    -7.58    -812.5     75.74    -28.39     7.042     300247    0    0    0    0    0
2023  2 27 15 58    -2.19     0.49    -7.45    -808.8     76.00    -28.21     7.867     297008    0    0    0    0    0
2023  2 27 15 59    -2.39     0.18    -7.45    -804.6     76.22    -27.92     8.334     297008    0    0    0    0    0
2023  2 27 16  0    -2.40    -1.29    -7.29    -804.0     76.74    -24.57     8.919     299708    0    0    0    0    0
2023  2 27 16  1    -2.38    -1.62    -7.08    -804.0     76.53    -23.20     9.528     306674    0    0    0    0    0
2023  2 27 16  2    -2.39    -1.59    -6.92    -804.3     75.94    -23.09    10.011     336271    0    0    0    0    0
2023  2 27 16  3    -4.27    -1.29    -5.83    -804.7     76.07    -22.95    10.031     339401    0    0    0    0    0
2023  2 27 16  4    -4.09    -1.29    -5.81    -803.9     77.62    -23.30     9.992     341504    0    1    1    1    1
2023  2 27 16  5    -4.08    -1.35    -6.80    -802.7     81.06    -23.12     9.953     343606    0    1    1    2    2
2023  2 27 16  6    -4.12    -1.49    -7.32    -802.6     82.87    -24.23     9.912     345771    0    1    1    2    2
2023  2 27 16  7    -3.91    -2.84    -6.96    -803.9     83.57    -26.08     9.869     345952    0    1    1    1    1
2023  2 27 16  8    -3.49    -2.55    -6.68    -804.0     82.57    -25.92     9.868     338499    0    0    0    0    0
2023  2 27 16  9    -1.70    -4.68    -6.86    -804.9     81.01    -23.16     9.272     328737    0    0    0    0    0
2023  2 27 16 10    -1.43    -6.84    -5.48    -804.8     79.43    -23.10     8.737     319066    0    0    0    0    0
2023  2 27 16 11     0.95    -6.96    -5.37    -805.2     76.37    -25.45     8.341     313998    0    0    0    0    0
2023  2 27 16 12     2.13    -6.96    -5.21    -806.2     74.73    -27.33     8.087     314362    0    0    0    0    0
2023  2 27 16 13     2.77    -6.97    -4.04    -806.9     78.10    -29.23     8.015     324747    0    0    0    0    0
2023  2 27 16 14     3.16    -7.23    -3.27    -806.8     80.97    -29.10     8.029     324632    0    0    0    0    0
2023  2 27 16 15     3.14    -7.23    -2.96    -804.3     82.99    -26.64     8.062     322330    0    0    0    0    0
2023  2 27 16 16     2.97    -7.97    -1.76    -805.3     78.74    -27.13     8.161     316268    0    0    0    0    0
2023  2 27 16 17     3.10    -7.94    -1.30    -807.4     80.81    -25.89     8.560     316339    0    0    0    0    0
2023  2 27 16 18     3.67    -7.54    -1.09    -807.3     82.44    -24.74     8.920     317788    0    0    0    0    0
2023  2 27 16 19     3.35    -7.54    -1.03    -807.1     83.08    -23.15     9.034     324843    0    0    0    0    0
2023  2 27 16 20     2.72    -7.59    -2.35    -807.0     82.66    -22.59     9.085     333950    0    0    0    0    0
2023  2 27 16 21     4.45    -6.95    -3.34    -808.0     83.20    -22.35     8.910     342757    0    0    0    0    0
2023  2 27 16 22     4.53    -6.67    -3.32    -813.1     83.46    -24.21     9.025     338152    0    0    0    0    0
2023  2 27 16 23     4.67    -6.56    -2.92    -813.2     84.44    -24.34     9.212     321897    0    0    0    0    0
2023  2 27 16 24     4.12    -6.92    -1.72    -812.8     82.62    -24.37     9.317     316315    0    0    0    0    0
2023  2 27 16 25     3.60    -6.82    -1.44    -812.0     80.32    -24.79     9.242     312566    0    0    0    0    0
2023  2 27 16 26     3.63    -6.97    -1.29    -810.7     78.70    -26.07     8.718     312739    0    0    0    0    0
2023  2 27 16 27     3.22    -7.74    -0.75    -808.8     78.17    -25.97     7.553     315817    0    0    0    0    0
2023  2 27 16 28    -1.36    -7.98    -2.42    -803.9     75.59    -25.24     7.553     335081    0    0    0    0    0
2023  2 27 16 29    -2.57    -8.08    -3.64    -800.7     69.52    -24.45     8.573     336044    0    0    0    0    0
2023  2 27 16 30    -1.44    -8.10    -3.95    -794.3     66.82    -24.53     8.847     335427    0    0    0    0    0
2023  2 27 16 31    -1.02    -7.14    -4.21    -791.0     63.66    -25.12     8.899     324148    0    0    0    0    0
2023  2 27 16 32    -1.26    -6.33    -4.38    -791.3     61.79    -25.91     8.118     304402    0    0    0    0    0
2023  2 27 16 33    -1.03    -6.89    -4.41    -791.8     64.09    -27.84     7.124     290047    0    0    0    0    0
2023  2 27 16 34    -1.52    -7.31    -4.43    -792.1     65.61    -29.78     6.872     283912    0    0    0    0    0
2023  2 27 16 35    -1.99    -7.21    -4.32    -792.4     63.91    -30.85     6.885     280753    0    0    0    0    0
2023  2 27 16 36    -1.90    -7.21    -4.24    -792.4     64.94    -31.89     6.908     279483    0    0    0    0    0
2023  2 27 16 37    -1.84    -7.42    -4.44    -793.8     71.83    -31.13     6.938     279655    0    0    0    0    0
2023  2 27 16 38    -1.77    -7.51    -5.06    -794.2     75.87    -32.20     7.033     279751    0    0    0    0    0
2023  2 27 16 39    -1.72    -7.30    -5.33    -793.0     76.38    -33.32     7.115     272417    0    0    0    0    0
2023  2 27 16 40    -1.39    -7.17    -5.09    -791.1     75.82    -33.47     7.195     264811    0    0    0    0    0
2023  2 27 16 41    -1.21    -7.46    -4.84    -789.7     75.61    -33.34     7.261     262403    0    0    0    0    0
2023  2 27 16 42    -0.62    -6.84    -5.84    -789.5     81.35    -30.63     7.885     270165    0    0    0    0    0
2023  2 27 16 43     0.35    -5.06    -7.20    -789.2     86.42    -27.49     8.538     283215    0    0    0    0    0
2023  2 27 16 44     0.68    -3.98    -7.60    -791.0     84.44    -27.07     8.526     288856    0    0    0    0    0
2023  2 27 16 45    -0.17    -3.86    -7.61    -793.8     83.47    -26.34     7.724     285947    0    0    0    0    0
2023  2 27 16 46    -2.85    -6.00    -7.20    -796.3     82.19    -20.08     7.297     277446    0    0    0    0    0
2023  2 27 16 47    -5.24    -4.89    -6.91    -797.2     81.20    -19.19     8.149     274812    0    0    0    0    0
2023  2 27 16 48    -5.57    -4.25    -6.80    -798.6     84.66    -19.85     8.107     280247    0    0    0    0    0
2023  2 27 16 49    -5.43    -4.07    -6.90    -803.5     91.57    -18.58     7.938     295358    0    0    0    0    0
2023  2 27 16 50    -5.09    -4.23    -6.77    -814.2    100.26    -14.39     7.761     294075    0    0    0    0    0
2023  2 27 16 51    -5.23    -4.68    -5.42    -821.7    108.66     -6.89     7.366     288199    0    0    0    0    0
2023  2 27 16 52    -5.28    -4.37    -5.07    -823.0    115.50     -5.96     7.055     288199    0    0    0    0    0
2023  2 27 16 53    -6.08    -3.67    -4.92    -820.3    118.48     -6.04     6.811     278089    0    0    0    0    0
2023  2 27 16 54    -6.53    -3.07    -5.10    -815.2    118.93     -5.80     6.553     262003    0    0    0    0    0
2023  2 27 16 55    -6.09    -2.90    -5.31    -809.9    120.90     -4.44     6.396     252542    0    0    0    0    0
2023  2 27 16 56    -6.87    -2.44    -6.18    -807.8    126.29     -0.63     7.037     253107    0    0    0    0    0
2023  2 27 16 57    -7.17    -2.61    -6.40    -807.7    125.66     -0.04     7.040     261018    0    0    0    0    0
2023  2 27 16 58    -7.16    -2.61    -6.39    -806.5    123.70      0.15     6.999     280841    0    0    0    0    0
2023  2 27 16 59    -7.15    -2.62    -6.40    -796.0    123.88      0.78     6.743     292312    0    0    0    0    0
2023  2 27 17  0    -7.14    -2.19    -6.44    -790.8    124.85      2.30     6.630     297282    0    0    0    0    0
2023  2 27 17  1    -7.11    -1.82    -6.60    -790.6    126.52      5.37     6.599     293505    0    1    0    1    1
2023  2 27 17  2    -6.19    -1.44    -6.90    -792.2    127.06      6.83     6.554     286213    0    1    0    1    2
2023  2 27 17  3    -5.00    -1.01    -7.42    -794.2    125.40      4.79     6.505     278832    0    1    0    1    2
2023  2 27 17  4    -4.69    -0.39    -7.72    -795.9    123.77      1.81     6.459     275893    0    1    0    1    1
2023  2 27 17  5    -5.69    -0.11    -7.16    -795.7    123.45      1.18     6.292     275682    0    0    0    0    0
2023  2 27 17  6    -6.27    -0.08    -6.98    -795.5    123.72      2.44     6.231     275682    0    0    0    0    0
2023  2 27 17  7    -6.63     0.19    -7.04    -801.0    123.80      2.83     6.324     218548    0    0    0    0    0
2023  2 27 17  8    -6.47     0.33    -7.18    -803.1    123.68      2.08     6.149     210386    0    0    0    0    0
2023  2 27 17  9    -5.28     0.75    -7.52    -803.2    124.95      3.19     5.918     210386    0    0    0    0    0
2023  2 27 17 10    -4.17     0.78    -7.72    -800.9    130.93      8.74     5.724     201781    0    0    0    0    0
2023  2 27 17 11    -3.64     0.78    -7.69    -797.4    131.53     10.30     5.532     200398    0    0    0    0    0
2023  2 27 17 12    -3.80     1.51    -7.25    -795.8    129.34     10.09     5.307     267149    0    0    0    0    0
2023  2 27 17 13    -5.83     0.60    -6.49    -796.9    128.47      6.97     5.038     295091    0    0    0    0    0
2023  2 27 17 14    -6.86    -0.31    -6.28    -798.0    123.90      5.93     4.745     287635    0    0    0    0    0
2023  2 27 17 15    -6.87    -1.75    -5.77    -799.4    118.38      5.44     4.621     271433    0    0    0    0    0
2023  2 27 17 16    -6.26    -2.29    -5.65    -799.4    113.57     -2.99     4.565     255660    0    0    0    0    0
2023  2 27 17 17    -5.87    -2.13    -5.68    -798.8    109.60     -1.98     4.534     241484    0    0    0    0    1
2023  2 27 17 18    -5.82    -1.93    -5.69    -799.0    108.49      0.90     4.655     227003    0    0    0    0    2
2023  2 27 17 19    -6.17    -1.69    -4.87    -801.7    109.32      6.00     4.827     224076    0    0    0    0    1
2023  2 27 17 20    -7.23    -1.86    -4.59    -801.4    109.69     -1.62     4.982     224395    0    0    0    0    0
2023  2 27 17 21    -6.83    -3.17    -4.46    -801.0    108.89     -3.37     5.153     232038    0    0    0    0    0
2023  2 27 17 22    -6.10    -3.42    -4.54    -799.7    106.30     -5.15     5.331     239276    0    0    0    0    0
2023  2 27 17 23    -5.97    -3.68    -4.22    -797.9    106.25     -5.67     5.511     240560    0    0    0    0    0
2023  2 27 17 24    -6.09    -3.90    -3.94    -796.6    109.42     -3.37     5.675     239418    0    0    0    0    0
2023  2 27 17 25    -6.15    -3.96    -3.81    -796.6    113.83     11.19     5.836     220561    0    0    0    0    0
2023  2 27 17 26    -6.33    -3.88    -3.48    -798.7    119.48     16.40     6.000     213705    0    0    0    0    0
2023  2 27 17 27    -6.51    -3.62    -3.15    -800.2    125.52     17.95     5.967     213705    0    0    0    0    0
2023  2 27 17 28    -6.54    -3.58    -3.04    -801.0    131.64     23.06     5.635     183895    0    0    0    0    0
2023  2 27 17 29    -6.60    -3.48    -2.88    -800.5    134.63     23.84     5.549     179218    0    0    0    0    0
2023  2 27 17 30    -6.96    -2.94    -2.85    -801.1    135.78     24.64     5.709     184619    0    1    0    1    1
2023  2 27 17 31    -7.25    -3.07    -2.40    -800.6    140.29     30.09     5.861     190791    0    1    0    1    2
2023  2 27 17 32    -7.40    -2.56    -1.55    -799.6    145.16     40.63     6.004     191713    0    1    0    1    1
2023  2 27 17 33    -7.66    -1.98    -1.32    -796.8    153.66     54.35     6.119     196282    0    0    0    0    0
2023  2 27 17 34    -7.74    -1.66    -1.28    -799.6    157.81     60.57     6.224     205361    0    0    0    0    0
2023  2 27 17 35    -7.76    -1.37    -0.66    -801.9    156.07     60.13     6.239     206947    0    0    0    0    0
2023  2 27 17 36    -7.88    -1.02    -0.35    -804.3    153.80     53.64     6.166     205692    0    0    0    0    0
2023  2 27 17 37    -7.84    -0.91    -0.32    -806.6    151.11     45.69     6.090     185265    0    0    0    0    0
2023  2 27 17 38    -7.67    -1.23    -1.81    -806.7    148.48     38.28     6.093     185389    0    0    0    0    0
2023  2 27 17 39    -7.52    -1.26    -2.46    -808.5    144.57     30.78     6.157     189083    0    0    0    0    0
2023  2 27 17 40    -7.35    -1.54    -2.93    -807.6    139.91     26.50     6.134     193011    0    0    0    0    0
2023  2 27 17 41    -7.25    -2.26    -3.06    -807.2    134.71     17.85     6.073     203612    0    0    0    0    0
2023  2 27 17 42    -6.69    -3.53    -2.88    -804.9    132.84     16.65     6.057     203612    0    0    0    0    0
2023  2 27 17 43    -5.96    -3.55    -3.45    -804.7    123.85     10.15     6.030     203390    0    0    0    0    0
2023  2 27 17 44    -4.68    -3.25    -4.54    -803.7    122.80     10.06     5.968     199023    0    0    0    0    0
2023  2 27 17 45    -3.59    -3.23    -5.40    -804.7    124.17     11.82     5.937     194345    0    0    0    0    0
2023  2 27 17 46    -3.57    -4.34    -5.41    -804.7    119.78     20.68     5.936     184461    0    0    0    0    0
2023  2 27 17 47    -3.98    -4.36    -4.99    -804.0    113.69     13.15     5.986     184295    0    0    0    0    0
2023  2 27 17 48    -5.04    -3.73    -3.89    -799.4    108.30      9.71     6.015     187313    0    0    0    0    0
2023  2 27 17 49    -4.63    -3.92    -3.64    -796.9    102.18      4.86     6.029     187990    0    0    0    0    0
2023  2 27 17 50    -4.32    -4.04    -3.66    -793.0     95.20     -0.21     6.032     187990    0    0    0    0    0
2023  2 27 17 51    -4.12    -4.24    -4.05    -789.9     87.51     -5.23     6.083     195239    0    0    0    0    0
2023  2 27 17 52    -3.34    -4.55    -5.09    -788.8     79.93     -7.67     6.130     202049    0    0    0    0    0
2023  2 27 17 53    -2.24    -4.54    -5.86    -787.4     74.56     -8.39     6.141     200085    0    0    0    0    0
2023  2 27 17 54    -1.74    -4.41    -5.85    -786.1     71.52    -10.06     6.140     197256    0    0    0    0    0
2023  2 27 17 55    -2.42    -4.55    -5.79    -786.1     73.53    -10.75     6.074     196881    0    0    0    0    0
2023  2 27 17 56    -3.41    -4.45    -5.68    -787.9     81.78     -8.73     6.001     202761    0    0    0    0    0
2023  2 27 17 57    -3.72    -4.43    -5.57    -790.0     88.62     -8.36     5.992     211367    0    0    0    0    0
2023  2 27 17 58    -4.38    -4.38    -4.87    -790.1     95.56     -9.57     6.066     214282    0    0    0    0    0
2023  2 27 17 59    -4.54    -4.42    -4.25    -792.1    102.34     -8.87     6.138     257852    0    0    0    0    0
2023  2 27 18  0    -4.40    -4.32    -3.59    -793.6    105.87     -7.21     6.232     287796    0    0    0    0    0
2023  2 27 18  1    -4.46    -3.92    -3.22    -792.8    107.07     -5.82     6.392     287835    0    0    0    0    1
2023  2 27 18  2    -4.64    -3.50    -3.57    -791.4     96.38     -0.22     6.530     287874    0    0    0    0    2
2023  2 27 18  3    -4.61    -3.13    -3.85    -790.0     85.78      3.00     6.686     287913    0    1    1    1    2
2023  2 27 18  4    -4.36    -2.82    -3.63    -786.8     83.33      1.90     6.855     287950    0    1    1    1    2
2023  2 27 18  5    -3.93    -2.60    -3.25    -782.6     82.12      1.80     7.005     287985    0    1    1    1    2
2023  2 27 18  6    -3.26    -2.89    -3.03    -781.0     81.90      2.11     7.165     288014    0    1    1    1    1
2023  2 27 18  7    -3.45    -3.96    -3.21    -781.6     81.84      1.75     7.283     279977    0    0    0    0    0
2023  2 27 18  8    -4.29    -3.87    -3.63    -785.8     81.79     -0.15     7.144     253857    0    0    0    0    0
2023  2 27 18  9    -4.86    -3.37    -3.62    -787.6     82.52     -0.85     6.853     254320    0    0    0    0    0
2023  2 27 18 10    -4.64    -3.77    -3.95    -789.1     84.80      0.53     6.531     254912    0    0    0    0    0
2023  2 27 18 11    -4.50    -4.34    -3.98    -790.5     88.28      4.66     6.205     254092    0    0    0    0    0
2023  2 27 18 12    -4.55    -4.61    -3.96    -789.8     90.63      7.57     6.056     250468    0    0    0    0    0
2023  2 27 18 13    -4.75    -4.66    -3.94    -788.7     89.45      7.21     6.050     246713    0    0    0    0    0
2023  2 27 18 14    -5.03    -4.59    -3.78    -788.4     87.54      6.45     6.071     245585    0    0    0    0    0
2023  2 27 18 15    -5.09    -4.50    -3.61    -787.7     87.71      6.98     6.120     247817    0    0    0    0    0
2023  2 27 18 16    -4.64    -4.39    -3.53    -786.6     87.18      7.06     6.170     250712    0    0    0    0    0
2023  2 27 18 17    -4.07    -4.67    -3.57    -784.8     84.59      4.99     6.326     252264    0    0    0    0    0
2023  2 27 18 18    -3.78    -5.12    -3.93    -782.7     81.48      1.68     6.593     255168    0    0    0    0    0
2023  2 27 18 19    -3.20    -4.96    -4.15    -781.7     82.04      0.96     6.670     258174    0    0    0    0    0
2023  2 27 18 20    -3.14    -4.65    -4.44    -781.5     84.98      3.07     6.653     268869    0    0    0    0    0
2023  2 27 18 21    -3.10    -4.70    -4.62    -780.8     85.60      5.67     6.543     274119    0    0    0    0    0
2023  2 27 18 22    -2.99    -4.93    -4.74    -780.1     84.22      5.42     6.561     274033    0    1    1    1    1
2023  2 27 18 23    -2.54    -5.13    -4.90    -778.4     83.69      3.86     6.651     273598    0    1    1    1    2
2023  2 27 18 24    -2.56    -5.13    -4.79    -777.7     83.48      2.80     6.737     273147    0    1    1    1    2
2023  2 27 18 25    -2.71    -5.13    -4.64    -776.3     85.46      3.82     6.769     272708    0    1    1    1    1
2023  2 27 18 26    -2.50    -5.13    -4.64    -774.8     84.92      2.52     6.859     272244    0    0    0    0    0
2023  2 27 18 27    -2.20    -5.04    -4.60    -774.7     83.75      1.70     6.887     270269    0    0    0    0    0
2023  2 27 18 28    -2.24    -4.91    -4.71    -776.1     82.32      0.17     6.942     268742    0    0    0    0    0
2023  2 27 18 29    -2.97    -4.69    -4.16    -779.6     81.18      0.14     6.992     268742    0    0    0    0    0
2023  2 27 18 30    -2.65    -4.71    -4.06    -779.1     83.39      1.89     7.063     266181    0    0    0    0    0
2023  2 27 18 31    -0.94    -4.71    -3.62    -777.1     81.54      4.07     7.131     252079    0    0    0    0    0
2023  2 27 18 32    -1.00    -4.66    -3.48    -776.4     85.07      1.77     7.123     249316    0    0    0    0    0
2023  2 27 18 33    -1.88    -3.10    -3.28    -774.5     88.64     -4.50     7.002     246648    0    0    0    0    0
2023  2 27 18 34    -3.11    -2.54    -1.90    -780.5     93.45     -1.41     6.891     228786    0    0    0    0    0
2023  2 27 18 35    -4.29    -1.14    -0.26    -785.1     97.92      3.62     6.841     229460    0    1    0    1    1
2023  2 27 18 36    -5.13    -1.22    -0.10    -784.6    102.22      3.08     6.860     231300    0    1    0    1    2
2023  2 27 18 37    -5.09    -3.27     0.12    -784.9    107.10      2.26     6.922     233171    0    1    0    1    2
2023  2 27 18 38    -4.94    -4.05     0.08    -785.2    112.45      4.75     6.873     234397    0    1    0    1    1
2023  2 27 18 39    -3.81    -4.01    -0.36    -784.5    116.96      9.20     6.815     231815    0    0    0    0    0
2023  2 27 18 40    -2.07    -3.89    -1.31    -785.4    119.46     10.06     6.784     226651    0    0    0    0    0
2023  2 27 18 41    -2.53    -3.84    -1.56    -787.2    118.49      8.35     6.746     232691    0    0    0    0    0
2023  2 27 18 42    -2.54    -3.58    -1.88    -788.0    114.62      5.49     6.758     240904    0    0    0    0    0
2023  2 27 18 43    -5.05    -0.87    -1.32    -800.3    106.14     15.83     6.043     186243    0    0    0    0    0
2023  2 27 18 44    -6.22    -0.51    -0.94    -802.2    100.46     17.83     5.914     176482    0    0    0    0    0
2023  2 27 18 45    -6.31    -0.92    -0.19    -801.9     95.27     17.21     5.913     177255    0    0    0    0    0
2023  2 27 18 46    -6.32    -1.19     0.16    -801.0     98.97     15.44     5.913     186466    0    0    0    0    0
2023  2 27 18 47    -6.31    -1.23     0.26    -799.0    103.54      8.37     6.133     187841    0    0    0    0    0
2023  2 27 18 48    -6.15    -1.34     0.35    -796.3    104.93      7.24     6.209     195522    0    0    0    0    0
2023  2 27 18 49    -5.91    -1.91     0.51    -792.7    103.76      7.47     6.245     202443    0    0    0    0    0
2023  2 27 18 50    -5.83    -2.79     0.99    -789.2     99.72     12.69     6.248     204956    0    0    0    0    0
2023  2 27 18 51    -5.83    -3.20     1.65    -787.2     94.40     16.70     6.244     201064    0    0    0    0    0
2023  2 27 18 52    -5.78    -2.97     2.09    -786.9     91.86     15.70     6.187     193690    0    0    0    0    0
2023  2 27 18 53    -5.78    -2.83     2.24    -786.7     93.84     21.87     5.960     188589    0    0    0    0    0
2023  2 27 18 54    -5.71    -2.61     2.24    -786.6     95.89     21.81     5.700     184920    0    0    0    0    0
2023  2 27 18 55    -5.64    -2.52     2.45    -786.6     98.73     14.54     5.595     179664    0    0    0    0    0
2023  2 27 18 56    -5.54    -2.13     3.09    -786.8    105.05     15.82     5.573     169308    0    0    0    0    0
2023  2 27 18 57    -5.45    -1.38     3.68    -786.9    106.93     10.82     5.466     163242    0    0    0    0    0
2023  2 27 18 58    -5.36    -1.07     4.12    -787.2    105.98      8.83     5.387     162978    0    0    0    0    0
2023  2 27 18 59    -5.07    -0.86     4.47    -790.1    108.24      5.62     5.433     177847    0    0    0    0    0
2023  2 27 19  0    -5.15    -1.45     3.57    -794.0    111.13      4.45     5.532     192527    0    0    0    0    0
2023  2 27 19  1    -5.58    -2.22     2.70    -793.6    111.39      5.21     5.571     193056    0    0    0    0    0
2023  2 27 19  2    -5.87    -2.48     2.41    -790.9    113.81      6.31     5.627     192149    0    0    0    0    0
2023  2 27 19  3    -6.01    -2.53     2.12    -788.9    115.81      8.09     5.650     189909    0    0    0    0    0
2023  2 27 19  4    -6.08    -2.73     1.87    -788.2    115.89      9.14     5.627     185531    0    0    0    0    0
2023  2 27 19  5    -6.14    -2.81     2.05    -788.1    115.45      8.59     5.623     179608    0    1    0    1    1
2023  2 27 19  6    -6.15    -2.62     2.28    -788.9    114.94      7.94     5.637     173666    0    1    0    1    2
2023  2 27 19  7    -6.10    -2.68     2.28    -790.5    117.49     11.41     5.663     167561    0    1    0    1    2
2023  2 27 19  8    -6.07    -2.85     2.28    -791.8    119.68     14.42     5.688     161529    0    1    0    1    1
2023  2 27 19  9    -6.00    -3.02     2.13    -791.9    119.05     13.76     5.715     159072    0    0    0    0    0
2023  2 27 19 10    -5.70    -3.16     1.71    -791.2    118.60     13.16     5.776     160265    0    0    0    0    0
2023  2 27 19 11    -5.39    -3.53     0.65    -790.9    117.77     13.07     5.848     163784    0    0    0    0    0
2023  2 27 19 12    -5.41    -3.96     0.47    -790.8    117.20     13.07     5.970     181823    0    0    0    0    0
2023  2 27 19 13    -6.07    -4.11     1.08    -792.3    117.28     12.76     6.138     195293    0    0    0    0    0
2023  2 27 19 14    -6.51    -4.14     1.28    -796.6    117.16     11.52     6.217     195293    0    0    0    0    0
2023  2 27 19 15    -6.63    -4.29     1.31    -795.5    116.17      9.48     6.680     205842    0    0    0    0    0
2023  2 27 19 16    -6.72    -4.35     1.28    -792.4    115.75      8.79     7.307     222194    0    0    0    0    0
2023  2 27 19 17    -6.90    -4.17     1.16    -790.6    115.72      8.93     8.304     230185    0    0    0    0    0
2023  2 27 19 18    -7.00    -4.03     1.05    -789.3    115.29      8.94     8.905     230227    0    0    0    0    0
2023  2 27 19 19    -6.97    -4.16     0.97    -788.2    113.57      7.61     8.865     230177    0    0    0    0    0
2023  2 27 19 20    -6.98    -3.86     0.89    -788.1    112.01      6.17     8.800     226375    0    0    0    0    0
2023  2 27 19 21    -6.99    -3.38     1.01    -788.4    112.04      6.22     8.756     221800    0    0    0    0    0
2023  2 27 19 22    -6.97    -3.70     1.19    -788.9    112.45      6.50     8.551     233977    0    0    0    0    0
2023  2 27 19 23    -6.95    -4.19     1.26    -788.8    112.13      6.23     8.350     247459    0    0    0    0    0
2023  2 27 19 24    -6.94    -4.44     1.23    -788.2    112.05      6.22     8.381     247459    0    0    0    0    0
2023  2 27 19 25    -6.55    -4.24     0.96    -787.4    112.57      6.90     8.416     250376    0    0    0    0    0
2023  2 27 19 26    -5.03    -3.99     0.60    -786.3    113.62      8.03     8.323     254156    0    0    0    0    0
2023  2 27 19 27    -3.49    -3.79    -0.20    -784.9    114.41      8.63     7.706     253723    0    0    0    0    0
2023  2 27 19 28    -3.41    -3.46    -1.60    -782.2    111.61      6.31     6.983     250109    0    0    0    0    0
2023  2 27 19 29    -3.16    -3.36    -1.86    -776.9    110.75      5.48     7.370     241477    0    0    0    0    0
2023  2 27 19 30    -2.59    -2.57    -1.87    -776.9    104.97      4.24     7.456     231213    0    0    0    0    0
2023  2 27 19 31    -2.35    -2.84    -1.93    -776.6     98.95      3.13     7.785     221771    0    0    0    0    0
2023  2 27 19 32    -2.21    -4.72    -2.02    -775.2     92.99      4.46     8.092     221378    0    0    0    0    0
2023  2 27 19 33    -1.39    -4.70    -2.96    -775.1     86.72      1.13     8.352     221627    0    0    0    0    0
2023  2 27 19 34    -0.88    -4.25    -3.23    -773.7     80.31     -1.42     8.350     229100    0    0    0    0    0
2023  2 27 19 35    -0.76    -4.24    -5.18    -773.3     79.16     -1.49     7.911     229224    0    0    0    0    0
2023  2 27 19 36    -0.59    -4.64    -5.14    -773.3     75.90     -1.78     7.454     229986    0    0    0    0    0
2023  2 27 19 37    -0.48    -4.67    -5.25    -776.7     74.12     -1.77     6.965     230761    0    0    0    0    0
2023  2 27 19 38    -0.52    -4.80    -4.53    -777.0     74.06     -1.95     6.559     238843    0    0    0    0    0
2023  2 27 19 39    -0.93    -4.62    -4.54    -776.6     74.66     -1.83     6.378     238387    0    0    0    0    0
2023  2 27 19 40    -1.51    -4.74    -4.72    -774.1     79.28      1.49     6.422     232918    0    0    0    0    0
2023  2 27 19 41    -0.99    -4.70    -4.55    -771.0     81.92      2.91     6.411     227755    0    0    0    0    0
2023  2 27 19 42    -0.90    -4.73    -4.52    -769.1     84.05      1.36     6.652     211596    0    0    0    0    0
2023  2 27 19 43    -0.61    -4.70    -4.56    -767.4     83.42     -2.73     6.961     208324    0    0    0    0    0
2023  2 27 19 44    -0.51    -4.69    -4.57    -765.8     80.34     -4.42     7.275     217736    0    0    0    0    0
2023  2 27 19 45    -0.37    -4.44    -4.71    -765.0     79.16     -4.64     7.567     227011    0    0    0    0    0
2023  2 27 19 46     0.24    -4.25    -4.92    -764.8     78.79     -5.11     7.724     229726    0    0    0    0    0
2023  2 27 19 47     0.50    -4.21    -4.99    -764.6     78.04     -5.73     7.791     229834    0    0    0    0    0
2023  2 27 19 48     0.71    -4.10    -4.57    -763.9     75.75     -7.44     7.240     224876    0    0    0    0    0
2023  2 27 19 49     0.88    -3.80    -4.47    -762.9     74.86     -8.33     6.749     208926    0    0    0    0    0
2023  2 27 19 50     0.61    -3.65    -4.62    -762.5     78.65     -5.80     6.629     200200    0    0    0    0    0
2023  2 27 19 51     0.15    -3.54    -4.63    -762.1     81.31     -4.06     6.630     199950    0    0    0    0    0
2023  2 27 19 52    -0.13    -3.44    -4.55    -761.3     79.82     -5.49     6.663     203832    0    0    0    0    0
2023  2 27 19 53    -0.45    -4.00    -4.52    -760.8     78.32     -6.68     6.691     207217    0    0    0    0    0
2023  2 27 19 54    -0.20    -4.28    -4.87    -760.8     79.20     -5.73     6.679     207569    0    1    1    1    1
2023  2 27 19 55     0.36    -3.48    -5.12    -760.8     81.11     -3.66     6.623     207922    0    1    1    1    2
2023  2 27 19 56     0.74    -2.51    -5.60    -760.8     82.09     -2.13     6.574     208275    0    1    1    1    1
2023  2 27 19 57     1.13    -2.13    -6.18    -760.7     81.24     -2.22     6.553     212650    0    0    0    0    0
2023  2 27 19 58     2.17    -2.09    -5.76    -761.8     79.49     -2.38     6.358     216334    0    0    0    0    0
2023  2 27 19 59     2.81    -1.69    -5.37    -763.2     78.18     -0.41     6.137     214300    0    0    0    0    0
2023  2 27 20  0     2.81    -1.42    -5.37    -763.5     77.84      0.48     6.084     213057    0    0    0    0    0
2023  2 27 20  1     2.98    -1.97    -5.15    -762.5     77.44     -1.50     6.203     215939    0    0    0    0    0
2023  2 27 20  2     3.15    -2.38    -5.00    -761.4     77.86     -3.31     6.296     217835    0    0    0    0    0
2023  2 27 20  3     3.03    -2.42    -5.22    -760.5     78.57     -4.16     6.292     216808    0    0    0    0    0
2023  2 27 20  4     3.04    -2.50    -5.44    -760.0     80.51     -3.01     6.288     214680    0    0    0    0    0
2023  2 27 20  5     3.25    -2.48    -5.44    -759.5     83.34     -0.25     6.355     213521    0    0    0    0    0
2023  2 27 20  6     3.75    -1.96    -5.31    -758.6     84.94      1.11     6.446     213727    0    0    0    0    0
2023  2 27 20  7     4.26    -1.40    -5.19    -757.4     86.55      1.68     6.459     213968    0    0    0    0    0
2023  2 27 20  8     4.41    -1.26    -5.19    -756.8     87.80      2.54     6.563     212081    0    0    0    0    0
2023  2 27 20  9     4.87    -0.79    -5.12    -757.0     87.41      2.58     6.908     209252    0    0    0    0    0
2023  2 27 20 10     5.24    -0.05    -4.92    -755.3     86.87      1.36     7.219     211857    0    0    0    0    0
2023  2 27 20 11     5.34     0.33    -4.68    -751.4     85.55     -1.01     7.488     217343    0    0    0    0    0
2023  2 27 20 12     5.67     0.00    -4.44    -750.1     84.44     -2.20     7.717     219608    0    0    0    0    0
2023  2 27 20 13     5.31    -0.64    -3.89    -750.1     84.14     -2.46     7.779     218856    0    0    0    0    0
2023  2 27 20 14     5.01    -1.09    -3.67    -751.0     82.61     -3.84     7.636     213789    0    0    0    0    0
2023  2 27 20 15     4.68    -1.79    -3.74    -752.6     80.58     -5.99     6.826     209803    0    0    0    0    0
2023  2 27 20 16     4.13    -2.07    -4.02    -752.1     78.99     -7.78     6.774     210413    0    0    0    0    0
2023  2 27 20 17     4.05    -2.10    -4.16    -749.7     79.87     -6.99     6.646     212836    0    0    0    0    0
2023  2 27 20 18     3.71    -2.19    -4.07    -746.8     82.13     -4.58     6.660     215332    0    0    0    0    0
2023  2 27 20 19     1.73    -3.84    -4.21    -747.4     83.15     -2.81     6.526     222314    0    0    0    0    0
2023  2 27 20 20     1.66    -3.93    -4.08    -752.4     86.44     -0.12     6.484     224437    0    0    0    0    0
2023  2 27 20 21     1.50    -4.19    -4.33    -755.1     85.46     -0.39     6.214     224369    0    0    0    0    0
2023  2 27 20 22     1.64    -4.22    -4.34    -754.8     84.42      2.77     6.091     223446    0    1    1    1    1
2023  2 27 20 23     1.83    -4.28    -4.39    -753.7     82.12      1.84     5.988     221085    0    1    1    1    2
2023  2 27 20 24     2.02    -4.20    -4.61    -752.3     77.89      0.11     5.908     218753    0    1    1    1    2
2023  2 27 20 25     1.70    -3.98    -4.69    -750.1     77.03     -1.22     5.791     216514    0    1    1    1    1
2023  2 27 20 26     2.13    -3.81    -4.58    -747.4     75.30     -2.71     5.658     213841    0    0    0    0    0
2023  2 27 20 27     2.44    -3.96    -3.88    -746.2     75.64     -3.25     5.632     204499    0    0    0    0    0
2023  2 27 20 28     2.22    -4.41    -3.75    -747.5     78.89     -0.66     5.671     204537    0    0    0    0    0
2023  2 27 20 29     1.64    -5.08    -4.33    -754.6     82.21     -4.36     5.795     205102    0    0    0    0    0
2023  2 27 20 30     0.76    -5.17    -3.70    -757.0     81.47     -2.36     5.770     205102    0    0    0    0    0
2023  2 27 20 31     0.73    -5.15    -4.21    -755.4     79.23     -0.65     5.789     210989    0    0    0    0    0
2023  2 27 20 32     0.82    -4.92    -4.88    -754.0     75.08     -2.27     5.868     221962    0    0    0    0    0
2023  2 27 20 33     0.90    -4.49    -5.42    -752.3     71.78     -3.54     5.981     221036    0    0    0    0    0
2023  2 27 20 34     1.13    -4.32    -5.52    -752.1     71.32     -3.97     6.103     217734    0    0    0    0    0
2023  2 27 20 35     1.16    -4.38    -5.51    -751.6     71.38     -4.67     6.105     216652    0    0    0    0    0
2023  2 27 20 36     1.19    -4.78    -5.40    -749.7     73.15     -3.69     6.089     215789    0    0    0    0    0
2023  2 27 20 37     1.40    -5.22    -4.90    -750.7     78.73      1.89     5.938     217735    0    0    0    0    0
2023  2 27 20 38     2.19    -3.80    -4.82    -753.9     74.30      6.07     5.780     231582    0    0    0    0    0
2023  2 27 20 39     2.28    -3.70    -5.22    -761.0     63.48     16.49     5.875     270979    0    0    0    0    0
2023  2 27 20 40     2.42    -3.74    -5.62    -763.7     63.48     18.06     5.974     294705    0    0    0    0    0
2023  2 27 20 41     2.58    -3.58    -5.77    -763.6     62.60     15.75     5.682     227067    0    0    0    0    0
2023  2 27 20 42     2.66    -3.57    -5.90    -762.7     63.46     13.43     5.573     188912    0    0    0    0    0
2023  2 27 20 43     3.18    -2.52    -5.95    -762.8     64.01     11.78     5.606     189946    0    0    0    0    0
2023  2 27 20 44     3.68    -1.57    -6.04    -762.2     63.24     10.43     5.717     203124    0    0    0    0    0
2023  2 27 20 45     3.93    -1.27    -6.02    -759.1     63.79      7.31     5.795     212333    0    0    0    0    0
2023  2 27 20 46     4.07    -1.15    -5.71    -755.1     66.46      4.01     5.777     213076    0    1    0    1    1
2023  2 27 20 47     3.94    -1.39    -5.27    -752.2     72.41      3.43     5.698     213851    0    1    0    1    2
2023  2 27 20 48     3.43    -2.24    -5.47    -750.2     81.74      2.20     5.517     214653    0    1    0    1    2
2023  2 27 20 49     3.02    -2.42    -6.62    -749.8     81.09     -8.64     5.303     215509    0    0    0    0    1
2023  2 27 20 50     2.63    -2.33    -6.20    -759.2     64.45      0.54     4.983     241730    0    0    0    0    0
2023  2 27 20 51     3.65    -2.24    -5.34    -763.6     54.29      3.17     4.671     274320    0    0    0    0    0
2023  2 27 20 52     4.50    -1.38    -5.96    -765.9     51.64      4.14     4.364     277108    0    0    0    0    0
2023  2 27 20 53    -1.05    -3.74    -3.08    -765.7     51.37      4.27     4.085     257007    0    0    0    0    0
2023  2 27 20 54    -4.71    -5.51    -1.26    -765.5     51.14      4.36     3.802     248783    0    0    0    0    0
2023  2 27 20 55    -5.36    -6.15    -1.02    -765.5     51.80      4.25     3.463     262461    0    0    0    0    0
2023  2 27 20 56    -4.94    -6.30    -1.64    -766.1     53.35      7.39     3.126     276408    0    0    0    0    0
2023  2 27 20 57    -1.46    -6.30    -4.51    -766.9     54.56     11.99     3.092     279488    0    0    0    0    0
2023  2 27 20 58     1.99    -5.24    -6.32    -768.1     56.36     19.78     3.110     279488    0    0    0    0    0
2023  2 27 20 59     4.75    -4.46    -6.68    -768.6     63.49     21.56     2.537     298185    0    0    0    0    0
2023  2 27 21  0     6.54    -2.46    -6.71    -768.6     66.83     11.79     2.234     343297    0    0    0    0    0
2023  2 27 21  1     7.56    -1.60    -6.75    -767.8     67.24      9.35     2.039     353406    0    0    0    0    0
2023  2 27 21  2     7.72    -1.46    -7.12    -763.9     66.42     14.85     1.990     356709    0    0    0    0    0
2023  2 27 21  3     7.63    -1.36    -7.36    -759.3     55.81     17.97     1.971     358576    0    0    0    0    0
2023  2 27 21  4     7.59    -0.63    -7.20    -755.4     45.23     17.61     1.940     362382    0    0    0    0    0
2023  2 27 21  5     7.71     0.61    -6.80    -751.9     45.80     15.28     1.905     378617    0    0    0    0    0
2023  2 27 21  6     7.99     0.88    -6.67    -747.4     47.07      9.47     1.863     411015    0    0    0    0    0
2023  2 27 21  7     8.13     0.91    -6.49    -746.9     48.30      8.47     1.867     409478    0    0    0    0    0
2023  2 27 21  8     8.54     1.39    -5.40    -748.4     48.40      0.99     1.935     379062    0    0    0    0    0
2023  2 27 21  9     7.91     1.48    -5.29    -753.1     48.86     -6.30     1.968     353722    0    0    0    0    0
2023  2 27 21 10     7.68     1.00    -5.42    -753.3     50.51    -10.78     1.945     333436    0    0    0    0    0
2023  2 27 21 11     7.68     0.51    -5.47    -752.1     53.37    -13.10     1.885     319166    0    0    0    0    0
2023  2 27 21 12     7.66     0.35    -5.47    -750.4     56.23    -15.65     1.929     314496    0    0    0    0    0
2023  2 27 21 13     7.55     0.01    -5.38    -748.3     58.92    -18.37     2.178     315249    0    0    0    0    0
2023  2 27 21 14     7.40    -0.69    -5.71    -745.2     61.41    -11.93     2.463     322777    0    0    0    0    0
2023  2 27 21 15     7.71    -0.82    -5.91    -742.8     63.87    -20.54     2.751     330516    0    0    0    0    0
2023  2 27 21 16     8.05    -0.21    -5.84    -743.4     57.18    -22.16     2.915     331419    0    0    0    0    0
2023  2 27 21 17     8.08    -0.02    -5.64    -745.3     50.87    -25.52     2.927     323927    0    0    0    0    0
2023  2 27 21 18     7.85    -0.28    -5.55    -746.0     48.95    -26.53     2.929     321713    0    0    0    0    0
2023  2 27 21 19     7.44    -1.28    -5.55    -746.0     54.46    -20.53     3.021     321874    0    0    0    0    0
2023  2 27 21 20     7.06    -1.60    -5.59    -746.5     56.01    -18.51     3.094     331272    0    0    0    0    0
2023  2 27 21 21     6.98    -1.71    -5.58    -749.7     54.44    -21.83     3.294     332900    0    0    0    0    0
2023  2 27 21 22     7.09    -2.17    -5.43    -750.8     49.08    -28.10     3.397     332900    0    0    0    0    0
2023  2 27 21 23     7.57    -1.95    -5.15    -750.8     48.52    -30.86     3.563     336375    0    0    0    0    0
2023  2 27 21 24     7.79    -1.51    -5.06    -747.8     49.39    -31.22     3.621     352300    0    0    0    0    0
2023  2 27 21 25     7.79    -0.67    -4.84    -746.4     49.84    -33.48     3.689     352300    0    0    0    0    0
2023  2 27 21 26     7.73     0.08    -4.79    -746.2     50.39    -33.80     3.753     352482    0    0    0    0    0
2023  2 27 21 27     7.46     1.37    -4.74    -747.2     50.33    -33.61     3.541     362810    0    0    0    0    0
2023  2 27 21 28     7.46     1.36    -4.56    -751.5     50.13    -33.98     3.549     358030    0    0    0    0    0
2023  2 27 21 29     7.50     1.31    -4.59    -752.2     47.71    -35.98     3.380     338390    0    0    0    0    0
2023  2 27 21 30     7.60     1.31    -4.69    -752.3     40.42    -38.34     3.275     333612    0    0    0    0    0
2023  2 27 21 31     7.39     1.24    -4.69    -750.5     32.88    -40.31     3.198     331680    0    0    0    0    0
2023  2 27 21 32     6.82     0.91    -5.08    -749.9     27.18    -39.57     3.259     332136    0    0    0    0    0
2023  2 27 21 33     6.72     0.89    -5.01    -748.9     26.20    -38.65     3.491     334606    0    0    0    0    0
2023  2 27 21 34     6.63     0.71    -4.39    -747.7     30.11    -35.54     2.763     335067    0    0    0    0    0
2023  2 27 21 35     6.36     0.68    -4.37    -744.9     36.43    -36.28     2.608     335496    0    0    0    0    0
2023  2 27 21 36     6.41    -0.63    -5.45    -740.2     40.85    -35.73     2.422     335510    0    0    0    0    0
2023  2 27 21 37     6.46    -0.38    -5.89    -738.4     41.83    -33.49     2.391     335866    0    0    0    0    0
2023  2 27 21 38     6.87     0.54    -5.09    -740.0     43.87    -31.21     2.468     379096    0    0    0    0    0
2023  2 27 21 39     7.47     1.65    -4.30    -742.3     42.99    -29.82     2.772     404736    0    0    0    1    0
2023  2 27 21 40     7.99     1.78    -4.22    -743.0     39.92    -30.97     3.098     406860    0    0    0    1    0
2023  2 27 21 41     7.66     2.22    -4.50    -741.9     33.91    -27.22     3.386     361287    0    0    0    1    0
2023  2 27 21 42     7.60     2.59    -4.53    -738.7     33.90    -23.54     3.816     350973    0    0    0    0    0
2023  2 27 21 43     8.00     2.88    -4.48    -737.6     34.18    -19.14     3.540     346637    0    0    0    0    0
2023  2 27 21 44     8.23     2.87    -4.37    -738.2     33.09    -13.08     3.394     338713    0    0    0    0    0
2023  2 27 21 45     8.15     3.01    -4.22    -738.5     32.67     -9.75     3.407     335774    0    0    0    0    0
2023  2 27 21 46     8.09     3.09    -4.33    -738.0     32.67     -8.41     3.408     335619    0    0    0    0    0
2023  2 27 21 47     8.01     3.13    -4.42    -747.7     22.95     -4.13     2.467     333237    0    0    0    0    0
2023  2 27 21 48     7.99     3.49    -4.35    -747.4     20.64     12.98     2.467     306019    0    0    0    0    0
2023  2 27 21 49     7.79     3.54    -4.42    -747.5     18.29     20.52     2.466     276893    0    0    0    0    0
2023  2 27 21 50     7.85     3.59    -4.52    -749.6     15.87     20.12     2.446     260313    0    0    0    0    0
2023  2 27 21 51     7.75     3.91    -5.05    -750.0     16.14     17.84     2.448     249544    0    0    0    0    0
2023  2 27 21 52     7.59     4.21    -5.13    -750.2     17.75     17.91     2.463     240167    0    0    0    0    0
2023  2 27 21 53     7.45     4.13    -5.09    -752.2     17.94     18.97     2.446     237577    0    0    0    0    0
2023  2 27 21 54     7.62     3.71    -5.01    -754.4     18.00     21.34     2.394     235746    0    0    0    0    0
2023  2 27 21 55     7.73     3.69    -4.92    -754.3     18.78     20.79     2.473     237862    0    0    0    0    0
2023  2 27 21 56     7.69     3.96    -4.87    -752.8     21.14     19.20     2.647     245317    0    0    0    0    0
2023  2 27 21 57     7.60     4.00    -4.73    -750.7     24.46     18.10     2.622     253546    0    0    0    0    0
2023  2 27 21 58     7.77     3.97    -4.46    -747.3     26.61     18.11     2.514     252509    0    0    0    0    0
2023  2 27 21 59     7.91     3.49    -4.37    -745.0     27.65     18.12     2.514     236962    0    0    0    0    0
2023  2 27 22  0     8.18     3.36    -3.77    -743.8     29.00     14.66     2.907     159742    0    0    0    0    0
2023  2 27 22  1     8.07     3.38    -3.65    -742.8     29.39     12.88     2.934     154452    0    0    0    0    0
2023  2 27 22  2     8.05     3.35    -3.72    -742.0     30.94     11.21     2.709     199845    0    0    0    0    0
2023  2 27 22  3     8.13     3.18    -3.49    -743.7     33.40     11.00     2.581     216151    0    0    0    0    0
2023  2 27 22  4     8.49     3.88    -3.24    -743.6     33.57     11.00     2.478     216878    0    0    0    0    0
2023  2 27 22  5     8.24     4.45    -3.04    -744.7     23.29      7.18     2.472     215130    0    0    0    0    0
2023  2 27 22  6     8.22     4.55    -2.81    -745.3     22.91      7.04     2.658     192482    0    0    0    0    0
2023  2 27 22  7     8.33     4.29    -2.14    -745.0     26.86      7.17     2.661     192093    0    0    0    0    0
2023  2 27 22  8     8.25     4.25    -1.94    -741.4     38.15      8.64     2.498     244556    0    0    0    0    0
2023  2 27 22  9     8.62     4.17    -1.88    -740.0     40.58      8.92     2.448     259458    0    0    0    0    0
2023  2 27 22 10     8.72     3.63    -1.88    -738.8     40.67      8.92     2.425     261316    0    0    0    0    0
2023  2 27 22 11     8.73     3.36    -1.48    -737.9     35.64      7.94     2.287     261486    0    0    0    0    0
2023  2 27 22 12     8.80     3.21    -1.31    -737.4     33.70      5.36     2.107     261486    0    0    0    0    0
2023  2 27 22 13     9.16     3.28    -1.31    -738.8     36.33      4.44     2.039     257116    0    0    0    0    0
2023  2 27 22 14     9.32     3.68    -1.18    -739.7     37.21      9.08     2.029     248477    0    0    0    0    0
2023  2 27 22 15     9.33     3.87    -1.29    -741.5     32.63     14.12     2.028     225751    0    0    0    0    0
2023  2 27 22 16     9.29     3.88    -1.83    -742.0     31.16     16.46     2.148     215092    0    0    0    0    0
2023  2 27 22 17     9.22     3.87    -1.41    -741.9     28.96     11.62     2.542     207059    0    0    0    0    0
2023  2 27 22 18     9.20     3.47    -0.72    -741.3     28.61      7.55     2.758     205992    0    0    0    0    0
2023  2 27 22 19     9.20     3.09    -0.57    -741.0     28.60      6.91     2.788     212116    0    0    0    0    0
2023  2 27 22 20     9.08     3.03    -0.28    -738.6     32.10      6.87     2.561     225438    0    0    0    0    0
2023  2 27 22 21     8.99     3.39     0.55    -736.2     35.91      7.68     2.365     229570    0    0    0    0    0
2023  2 27 22 22     8.95     3.59     0.94    -735.2     37.88      8.93     2.313     229579    0    0    0    0    0
2023  2 27 22 23     8.65     3.51     0.91    -733.9     39.26     10.92     2.321     221510    0    0    0    0    0
2023  2 27 22 24     8.45     4.06     0.79    -731.9     41.85     14.39     2.311     215403    0    0    0    0    0
2023  2 27 22 25     8.46     4.75     0.26    -729.7     43.99     18.72     2.301     216001    0    0    0    0    0
2023  2 27 22 26     8.40     4.84    -0.42    -728.1     45.14     21.53     2.286     218136    0    0    0    0    0
2023  2 27 22 27     8.31     4.85    -0.61    -727.8     46.52     20.95     2.258     220500    0    0    0    0    0
2023  2 27 22 28     8.36     4.85    -0.68    -727.2     46.52     17.99     2.258     220500    0    0    0    0    0
2023  2 27 22 29     8.47     4.87    -0.32    -727.6     44.98     13.20     2.301     217747    0    0    0    0    0
2023  2 27 22 30     8.50     4.91     0.09    -728.4     41.88     11.49     2.385     212242    0    0    0    0    0
2023  2 27 22 31     8.43     4.96     0.29    -728.8     42.73     13.35     2.379     203977    0    0    0    0    0
2023  2 27 22 32     8.31     5.09     0.39    -730.6     44.71     16.53     2.358     185553    0    0    0    0    0
2023  2 27 22 33     8.17     5.29     0.44    -731.8     45.38     15.30     2.328     175648    0    0    0    0    0
2023  2 27 22 34     8.05     5.47     0.46    -731.2     44.15     14.01     2.282     165973    0    0    0    0    0
2023  2 27 22 35     8.25     5.32     0.45    -730.9     42.54     14.44     2.248     160357    0    0    0    0    0
2023  2 27 22 36     8.51     5.09     0.46    -731.0     42.28     14.98     2.248     160412    0    0    0    0    0
2023  2 27 22 37     8.36     5.20     0.28    -731.1     43.38     12.52     2.225     164122    0    0    0    0    0
2023  2 27 22 38     8.15     5.16     0.08    -730.3     45.87      9.71     2.188     171784    0    0    0    0    0
2023  2 27 22 39     8.12     5.13    -0.24    -728.3     47.78     11.03     2.172     177851    0    0    0    0    0
2023  2 27 22 40     8.22     5.52    -0.72    -726.8     48.36     13.41     2.184     180663    0    0    0    0    0
2023  2 27 22 41     8.37     5.35    -0.95    -728.2     48.36     13.21     2.228     180663    0    0    0    0    0
2023  2 27 22 42     8.26     5.13    -1.61    -728.0     48.21     12.84     2.284     187052    0    0    0    0    0
2023  2 27 22 43     7.97     4.64    -2.08    -726.6     47.34     12.82     2.359     199248    0    0    0    0    0
2023  2 27 22 44     7.98     4.64    -1.91    -726.4     45.24     12.82     2.405     199248    0    0    0    0    0
2023  2 27 22 45     8.27     4.69    -1.38    -728.3     42.12     12.67     2.397     201736    0    0    0    0    0
2023  2 27 22 46     8.15     4.97    -2.18    -732.2     37.74     12.06     2.383     206273    0    0    0    0    0
2023  2 27 22 47     7.93     5.02    -3.17    -732.5     33.60     10.38     2.391     203659    0    0    0    0    0
2023  2 27 22 48     8.14     4.89    -2.14    -728.7     31.47      9.08     2.400     201208    0    0    0    0    0
2023  2 27 22 49     8.59     4.90    -0.31    -722.6     31.71      9.13     2.397     201208    0    0    0    0    0
2023  2 27 22 50     8.79     4.99     0.25    -719.8     33.27      9.51     2.381     201056    0    0    0    0    0
2023  2 27 22 51     8.79     4.99     1.20    -718.7     33.27     11.41     2.357     196500    0    0    0    0    0
2023  2 27 22 52     8.78     4.39     1.51    -718.1     33.26     13.36     2.357     179825    0    0    0    0    0
2023  2 27 22 53     8.71     4.31     0.56    -716.0     33.79     30.42     2.418     179262    0    0    0    0    0
2023  2 27 22 54     8.48     4.48    -0.12    -714.2     33.86     37.58     2.448     179591    0    0    0    0    0
2023  2 27 22 55     8.19     4.92    -0.89    -711.3     32.58     38.69     2.471     180542    0    0    0    0    0
2023  2 27 22 56     8.04     4.94    -1.83    -709.5     30.67     42.35     2.483     180926    0    0    0    0    0
2023  2 27 22 57     7.95     4.71    -2.49    -709.3     27.61     46.94     2.486     175814    0    0    0    0    0
2023  2 27 22 58     8.14     4.62    -2.57    -709.3     23.95     48.43     2.457     172549    0    0    0    0    0
2023  2 27 22 59     8.41     4.60    -2.16    -709.0     20.25     48.02     2.439     179260    0    0    0    0    0
2023  2 27 23  0     8.56     4.50    -1.76    -708.2     16.60     41.42     2.447     189123    0    0    0    0    0
2023  2 27 23  1     8.61     4.37    -1.60    -709.2     12.67     30.48     2.461     199773    0    0    0    0    0
2023  2 27 23  2     8.66     4.33    -1.64    -711.0     11.20     22.31     2.508     215800    0    0    0    0    0
2023  2 27 23  3     8.66     4.33    -1.97    -711.7     12.69     19.75     2.527     224700    0    0    0    0    0
2023  2 27 23  4     8.65     4.16    -2.09    -711.0     15.74     19.50     2.494     226083    0    0    0    0    0
2023  2 27 23  5     8.56     4.00    -1.82    -710.1     19.19     19.50     2.457     210727    0    0    0    0    0
2023  2 27 23  6     8.27     4.27    -1.84    -712.9     26.05     21.93     2.408     180425    0    0    0    0    0
2023  2 27 23  7     8.08     4.54    -2.29    -715.5     28.71     22.70     2.396     167854    0    0    0    0    0
2023  2 27 23  8     7.91     4.49    -2.39    -715.5     28.86     23.71     2.394     166910    0    0    0    0    0
2023  2 27 23  9     7.54     4.44    -2.39    -714.8     29.73     23.87     2.386     177026    0    0    0    0    0
2023  2 27 23 10     7.36     4.48    -3.50    -715.9     32.43     21.53     2.385     178972    0    0    0    0    0
2023  2 27 23 11     6.95     4.56    -4.59    -718.0     36.95     18.62     2.377     170560    0    0    0    0    0
2023  2 27 23 12     7.18     4.69    -4.13    -726.8     39.00     10.44     2.218     155821    0    0    0    0    0
2023  2 27 23 13     7.79     4.95    -2.65    -729.1     40.81     12.03     2.219     155280    0    0    0    0    0
2023  2 27 23 14     7.68     5.00    -2.76    -729.8     42.05     16.41     2.230     156636    0    0    0    0    0
2023  2 27 23 15     7.33     5.01    -3.92    -728.2     42.05     20.67     2.251     158993    0    0    0    0    0
2023  2 27 23 16     6.92     5.07    -4.62    -725.5     42.52     24.02     2.280     159736    0    0    0    0    0
2023  2 27 23 17     6.82     5.19    -4.77    -723.2     43.95     25.32     2.326     159736    0    0    0    0    0
2023  2 27 23 18     6.82     5.32    -4.77    -718.3     43.95     25.32     2.326     159736    0    0    0    0    0
2023  2 27 23 19     7.60     5.26    -3.24    -713.6     36.87     20.84     2.262     201038    0    0    0    0    0
2023  2 27 23 20     7.87     5.15    -2.07    -711.5     35.04     19.67     2.208     211719    0    0    0    0    0
2023  2 27 23 21     8.09     4.96    -2.13    -710.7     36.73     21.67     2.158     188235    0    0    0    0    0
2023  2 27 23 22     8.11     4.99    -2.54    -709.9     37.62     22.82     2.141     176780    0    0    0    0    0
2023  2 27 23 23     8.07     5.00    -3.05    -708.6     37.47     22.42     2.142     180384    0    0    0    0    0
2023  2 27 23 24     8.00     4.78    -3.53    -707.3     36.89     21.09     2.187     186228    0    0    0    0    0
2023  2 27 23 25     7.90     4.48    -3.59    -706.3     36.23     19.69     2.265     190294    0    0    0    0    0
2023  2 27 23 26     8.05     4.14    -3.38    -704.8     35.42     18.96     2.357     191575    0    0    0    0    0
2023  2 27 23 27     8.32     3.78    -3.13    -703.0     34.75     18.02     2.439     183408    0    0    0    0    0
2023  2 27 23 28     8.36     3.59    -2.72    -702.2     34.85     16.38     2.462     169077    0    0    0    0    0
2023  2 27 23 29     8.30     3.66    -2.31    -702.1     35.87     15.73     2.471     168822    0    0    0    0    0
2023  2 27 23 30     8.15     3.70    -2.40    -701.6     38.89     15.70     2.488     171034    0    0    0    0    0
2023  2 27 23 31     8.03     3.91    -2.61    -704.6     41.79     15.70     2.483     179198    0    0    0    0    0
2023  2 27 23 32     7.94     4.60    -1.55    -710.8     38.62     15.56     2.438     187822    0    0    0    0    0
2023  2 27 23 33     7.68     4.91    -2.25    -711.7     37.12     15.49     2.419     189832    0    0    0    0    0
2023  2 27 23 34     7.58     4.95    -2.93    -711.2     37.54     15.57     2.419     189832    0    0    0    0    0
2023  2 27 23 35     7.61     5.00    -2.86    -709.7     39.11     20.35     2.407     187973    0    0    0    0    0
2023  2 27 23 36     7.76     4.45    -3.34    -710.1     39.92     23.13     2.389     186884    0    0    0    0    0
2023  2 27 23 37     7.91     4.13    -3.53    -711.1     40.63     23.13     2.382     182814    0    0    0    0    0
2023  2 27 23 38     8.12     4.19    -3.43    -710.7     40.95     23.26     2.420     179023    0    0    0    0    0
2023  2 27 23 39     8.21     3.97    -3.28    -709.8     40.95     23.78     2.464     176180    0    0    0    0    0
2023  2 27 23 40     7.98     3.86    -3.69    -710.5     44.76     24.60     2.478     169265    0    0    0    0    0
2023  2 27 23 41     7.87     3.89    -3.94    -710.6     46.66     24.88     2.473     154407    0    0    0    0    0
2023  2 27 23 42     8.06     3.90    -3.41    -708.7     42.12     17.40     2.470     146753    0    0    0    0    0
2023  2 27 23 43     8.19     4.09    -3.36    -707.5     39.01     12.34     2.507     145513    0    0    0    0    0
2023  2 27 23 44     8.08     4.48    -3.60    -708.3     38.93     12.71     2.538     145513    0    0    0    0    0
2023  2 27 23 45     8.00     4.65    -3.59    -708.6     37.59     15.70     2.535     146743    0    0    0    0    0
2023  2 27 23 46     8.04     4.20    -3.48    -707.2     36.68     17.58     2.529     147597    0    0    0    0    0
2023  2 27 23 47     8.07     3.78    -3.49    -705.9     36.68     16.53     2.524     149023    0    0    0    0    0
2023  2 27 23 48     8.09     3.74    -3.78    -705.5     35.71     11.85     2.471     157365    0    0    0    0    0
2023  2 27 23 49     8.05     3.67    -4.05    -705.3     33.80      7.81     2.405     165101    0    0    0    0    0
2023  2 27 23 50     7.94     3.44    -4.18    -705.0     32.85      7.89     2.393     165101    0    0    0    0    0
2023  2 27 23 51     7.82     3.18    -4.21    -704.7     33.81      9.28     2.436     168629    0    0    0    0    0
2023  2 27 23 52     7.76     3.18    -4.32    -704.5     36.76     11.69     2.493     173242    0    0    0    0    0
2023  2 27 23 53     7.84     3.37    -4.41    -704.5     39.31     13.19     2.492     165476    0    0    0    0    0
2023  2 27 23 54     7.83     3.54    -4.33    -704.9     42.41     19.00     2.476     153393    0    0    0    0    0
2023  2 27 23 55     7.71     3.67    -4.34    -706.0     47.03     30.14     2.459     151463    0    0    0    0    0
2023  2 27 23 56     7.61     3.95    -4.36    -706.9     48.26     35.09     2.475     158976    0    0    0    0    0
2023  2 27 23 57     7.61     4.16    -4.18    -706.7     46.27     33.41     2.489     173975    0    0    0    0    0
2023  2 27 23 58     7.63     4.21    -3.86    -706.3     42.76     31.83     2.467     181430    0    0    0    0    0
2023  2 27 23 59     7.64     4.26    -3.65    -706.0     40.19     32.98     2.446     176226    0    0    0    0    0
2023  2 28  0  0     7.60     4.13    -3.94    -705.9     39.23     35.43     2.446     170843    0    0    0    0    0
2023  2 28  0  1     7.56     3.99    -4.31    -705.7     40.46     39.38     2.431     172922    0    0    0    0    0
2023  2 28  0  2     7.60     4.01    -4.31    -705.6     41.91     42.52     2.380     175372    0    0    0    0    0
2023  2 28  0  3     7.68     4.08    -4.30    -705.4     41.75     42.69     2.303     166048    0    0    0    0    0
2023  2 28  0  4     7.78     4.13    -4.23    -704.9     41.51     42.53     2.253     153497    0    0    0    0    0
2023  2 28  0  5     7.90     4.09    -4.00    -704.1     41.97     42.32     2.247     153497    0    0    0    0    0
2023  2 28  0  6     8.03     4.04    -3.66    -702.7     42.73     42.09     2.330     153915    0    0    0    0    0
2023  2 28  0  7     8.01     4.05    -3.39    -702.6     42.30     35.11     2.540     156802    0    0    0    0    0
2023  2 28  0  8     7.62     3.89    -3.44    -705.0     40.44     17.41     2.619     167914    0    0    0    0    0
2023  2 28  0  9     7.53     3.69    -3.53    -704.2     39.19     12.63     2.599     177307    0    0    0    0    0
2023  2 28  0 10     7.55     3.69    -3.36    -702.4     42.23     16.22     2.547     172009    0    0    0    0    0
2023  2 28  0 11     7.57     4.16    -3.23    -700.9     49.94     24.50     2.503     157568    0    0    0    0    0
2023  2 28  0 12     7.52     4.58    -2.82    -702.2     52.09     21.19     2.528     150365    0    0    0    0    0
2023  2 28  0 13     7.41     5.12    -2.67    -703.1     52.09     13.42     2.636     149434    0    0    0    0    0
2023  2 28  0 14     7.50     4.73    -3.26    -702.6     52.11     13.93     2.703     148836    0    0    0    0    0
2023  2 28  0 15     7.70     4.15    -3.18    -702.1     52.12     15.88     2.704     150263    0    0    0    0    0
2023  2 28  0 16     7.68     4.28    -2.85    -703.9     52.12     18.69     2.712     157121    0    0    0    0    0
2023  2 28  0 17     7.62     4.50    -2.57    -705.7     53.05     20.16     2.707     164955    0    0    0    0    0
2023  2 28  0 18     7.62     4.55    -2.51    -705.3     54.22     20.15     2.704     168842    0    0    0    0    0
2023  2 28  0 19     7.69     4.71    -2.11    -703.4     54.72     20.29     2.701     175972    0    0    0    0    0
2023  2 28  0 20     7.85     4.92    -1.26    -702.0     55.66     20.53     2.697     185105    0    0    0    0    0
2023  2 28  0 21     7.88     5.04    -1.01    -701.8     56.44     20.21     2.688     183597    0    0    0    0    0
2023  2 28  0 22     7.88     5.00    -0.95    -701.4     58.46     19.37     2.669     179694    0    0    0    0    0
2023  2 28  0 23     7.86     4.87    -1.09    -701.5     58.27     19.70     2.643     182900    0    0    0    0    0
2023  2 28  0 24     7.85     4.76    -1.27    -702.0     56.90     20.87     2.610     191515    0    0    0    0    0
2023  2 28  0 25     7.87     4.72    -1.25    -701.7     52.47     20.73     2.586     189434    0    1    1    1    0
2023  2 28  0 26     7.92     4.80    -1.18    -699.8     45.75     19.03     2.571     184114    0    1    2    2    0
2023  2 28  0 27     7.95     4.85    -1.08    -697.3     43.26     20.76     2.559     185870    0    1    2    2    1
2023  2 28  0 28     7.91     4.84    -1.03    -695.5     40.68     22.56     2.549     203372    1    1    1    1    2
2023  2 28  0 29     8.46     3.96    -0.54    -696.9     39.33     23.50     2.538     216506    1    0    0    0    2
2023  2 28  0 30     8.58     3.17    -0.89    -698.3     37.97     24.44     2.527     225952    0    0    0    0    1
2023  2 28  0 31     8.50     3.11    -1.46    -699.8     36.62     25.39     2.516     242462    1    1    1    1    1
2023  2 28  0 32     8.32     2.88    -1.80    -701.2     35.26     26.33     2.507     245718    1    1    1    1    1
2023  2 28  0 33     8.23     3.42    -1.52    -695.5     35.10     26.56     2.499     244825    0    0    0    0    0
2023  2 28  0 34     7.95     3.68    -2.33    -696.4     35.57     33.44     2.489     194003    0    0    0    0    0
2023  2 28  0 35     7.80     3.70    -2.41    -698.1     35.57     38.54     2.482     194713    0    0    0    0    0
2023  2 28  0 36     6.93     3.92    -3.55    -698.1     35.30     39.22     2.476     190736    0    0    0    0    0
2023  2 28  0 37     6.76     4.37    -3.54    -696.5     36.47     38.71     2.472     189150    0    0    0    0    0
2023  2 28  0 38     6.88     4.70    -3.41    -696.5     53.17     30.64     2.469     189181    0    0    0    0    0
2023  2 28  0 39     7.00     4.76    -3.24    -696.0     54.97     22.24     2.470     190303    0    0    0    0    0
2023  2 28  0 40     7.03     4.76    -3.26    -696.0     60.42     21.34     2.472     191275    0    0    0    0    0
2023  2 28  0 41     7.07     4.74    -3.39    -689.1     38.52     21.76     2.482     189109    0    0    0    0    0
2023  2 28  0 42     7.09     4.69    -3.47    -683.5     17.20     22.57     2.485     187639    0    0    0    0    0
2023  2 28  0 43     7.14     4.62    -3.32    -679.7      2.61     23.29     2.485     187526    0    0    0    0    0
2023  2 28  0 44     7.34     4.43    -2.84    -679.9     -1.71     24.35     2.486     193721    0    0    0    0    0
2023  2 28  0 45     7.63     4.16    -2.20    -684.8     -3.38     27.77     2.480     212079    0    0    0    0    0
2023  2 28  0 46     7.42     4.26    -1.76    -687.5      0.46     30.12     2.389     227118    0    0    0    0    0
2023  2 28  0 47     7.32     4.81    -1.55    -688.2      7.39     32.15     2.260     191717    0    0    0    0    0
2023  2 28  0 48     7.67     5.10    -1.66    -688.5     10.26     35.09     2.135     175863    0    0    0    0    0
2023  2 28  0 49     7.80     4.78    -2.45    -692.4     10.51     36.53     2.116     237303    0    0    0    0    0
2023  2 28  0 50     7.77     4.63    -2.53    -694.8     10.83     37.92     2.115     262963    0    0    0    0    0
2023  2 28  0 51     7.57     3.79    -2.77    -696.9     17.78     35.84     2.153     276765    0    1    2    2    2
2023  2 28  0 52     7.20     3.75    -3.31    -697.3     24.97     33.50     2.194     289662    0    1    2    2    2
2023  2 28  0 53     7.28     3.35    -4.37    -698.8     32.55     31.02     2.236     301175    0    1    2    2    2
2023  2 28  0 54     7.15     3.51    -4.82    -700.6     38.63     29.03     2.270     300154    0    1    1    1    1
2023  2 28  0 55     6.92     3.62    -4.55    -706.4     38.18     28.71     2.288     287818    0    0    0    0    0
2023  2 28  0 56     5.98     3.76    -3.47    -735.6     27.43     48.06     2.447     242014    0    1    1    1    1
2023  2 28  0 57     5.30     3.56    -4.35    -732.5     22.82     44.00     2.220     220283    0    1    1    1    2
2023  2 28  0 58     5.45     3.60    -4.97    -727.4     15.90     37.79     2.154     201724    0    1    1    1    2
2023  2 28  0 59     5.83     3.76    -4.28    -725.1      7.86     31.77     2.037     180823    0    1    1    2    2
2023  2 28  1  0     6.02     4.16    -4.04    -723.7     -0.50     26.14     1.941     162779    0    1    1    1    1
2023  2 28  1  1     6.30     4.61    -4.23    -721.8     -6.42     21.34     1.869     163000    0    0    0    0    0
2023  2 28  1  2     7.22     4.35    -4.27    -715.2     10.66     22.15     2.002     165211    0    0    0    0    0
2023  2 28  1  3     7.62     4.14    -4.12    -707.9     15.29     18.54     2.043     176929    0    0    0    0    0
2023  2 28  1  4     7.79     3.65    -3.98    -701.0     17.11     13.80     2.053     191280    0    0    0    0    0
2023  2 28  1  5     7.80     2.58    -3.98    -695.4     21.02      9.41     2.053     204604    0    0    0    0    0
2023  2 28  1  6     7.98     1.78    -3.98    -691.5     23.17      2.54     2.046     204604    0    0    0    0    0
2023  2 28  1  7     8.03     2.91    -3.12    -689.8     35.04     -4.59     2.019     199600    0    1    1    1    1
2023  2 28  1  8     7.89     3.42    -2.44    -689.6     41.49     -9.26     1.985     193302    0    1    1    2    2
2023  2 28  1  9     7.34     5.04    -2.21    -688.8     47.47     -5.31     1.952     187235    0    1    1    2    2
2023  2 28  1 10     7.17     5.58    -2.81    -688.7     54.25      0.33     1.918     180960    0    1    1    2    2
2023  2 28  1 11     7.21     5.68    -3.38    -691.5     59.05      1.42     1.880     173950    0    1    1    2    2
2023  2 28  1 12     7.12     5.31    -3.91    -699.1     63.03     -0.76     1.835     166366    0    1    1    2    2
2023  2 28  1 13     6.30     4.94    -5.08    -707.3     67.99     12.02     1.846     164659    0    1    1    1    1
2023  2 28  1 14     5.79     3.70    -6.34    -714.0     72.52     17.11     2.014     167363    0    0    0    0    0
2023  2 28  1 15     5.72     3.52    -6.49    -721.8     78.59     24.97     2.041     165735    0    0    0    0    0
2023  2 28  1 16     5.78     4.44    -6.35    -721.8     78.17     24.34     1.907     137769    0    0    0    0    0
2023  2 28  1 17     5.80     5.92    -6.05    -717.9     72.98     16.87     1.778     116286    0    0    0    0    0
2023  2 28  1 18     5.80     4.64    -5.73    -710.8     43.63     16.05     1.675     109987    0    0    0    0    0
2023  2 28  1 19     5.95     3.69    -5.56    -704.2     23.23     15.94     1.620     107446    0    0    0    0    0
2023  2 28  1 20     6.29     3.40    -5.59    -698.9     15.69     15.16     1.664     130632    0    0    0    0    0
2023  2 28  1 21     6.75     3.29    -5.74    -694.7     12.01     11.32     1.926     246562    0    0    0    0    0
2023  2 28  1 22     7.08     3.42    -5.16    -694.1     13.35     10.10     2.002     248495    0    0    0    0    0
2023  2 28  1 23     7.21     3.99    -4.76    -695.0      8.54     12.26     1.894     210664    0    1    2    2    2
2023  2 28  1 24     7.18     4.19    -4.74    -695.8      2.73     14.86     1.762     172343    0    1    2    2    2
2023  2 28  1 25     7.23     4.15    -4.38    -695.6     -2.68     17.41     1.638     136482    0    1    1    1    1
2023  2 28  1 26     7.89     3.86    -3.99    -689.5     -1.52     20.94     1.613     136112    0    1    1    1    1
2023  2 28  1 27     8.31     3.67    -3.78    -686.4     -0.95     22.47     1.604     136001    0    0    0    0    0
2023  2 28  1 28     7.77     3.81    -4.12    -685.7      1.73     22.61     1.631     136001    0    0    0    0    0
2023  2 28  1 29     6.80     4.28    -4.57    -687.4      6.00     22.50     1.659     132785    0    0    0    0    0
2023  2 28  1 30     6.46     4.90    -3.53    -688.5      9.56     27.01     1.664     131307    0    0    0    0    0
2023  2 28  1 31     6.51     5.19    -2.74    -686.8     10.76     35.21     1.669     133459    0    0    0    0    0
2023  2 28  1 32     6.82     4.65    -3.38    -684.3     10.48     39.55     1.682     144808    0    0    0    0    0
2023  2 28  1 33     7.17     3.79    -4.42    -683.5     10.01     38.14     1.727     164110    0    0    0    0    0
2023  2 28  1 34     7.31     3.36    -4.74    -684.3     10.46     34.99     1.782     181451    0    0    0    0    0
2023  2 28  1 35     7.35     3.31    -4.36    -684.7     11.98     33.43     1.816     193576    0    0    0    0    0
2023  2 28  1 36     7.53     3.83    -3.15    -683.5     15.32     31.65     1.871     218297    0    0    0    0    0
2023  2 28  1 37     7.77     4.63    -2.21    -680.8     18.01     30.33     1.917     237500    0    0    0    0    0
2023  2 28  1 38     7.86     5.18    -2.15    -678.9     18.45     30.11     1.895     224312    0    0    0    0    0
2023  2 28  1 39     7.81     5.28    -1.99    -680.6     23.03     29.13     1.801     183672    0    0    0    0    0
2023  2 28  1 40     7.69     5.22    -1.89    -683.6     34.21     27.40     1.754     166104    0    0    0    0    0
2023  2 28  1 41     7.56     5.02    -2.10    -683.6     38.51     28.37     1.771     203459    0    0    0    0    0
2023  2 28  1 42     7.64     4.54    -2.09    -682.5     33.42     29.64     1.795     238549    0    0    0    0    0
2023  2 28  1 43     7.86     4.20    -1.82    -681.1     26.25     28.62     1.799     230222    0    0    0    0    0
2023  2 28  1 44     7.97     4.11    -1.45    -678.1     25.51     26.70     1.803     218194    0    0    0    0    0
2023  2 28  1 45     8.03     3.84    -1.19    -674.0     28.30     25.37     1.815     218194    0    0    0    0    0
2023  2 28  1 46     7.84     3.50    -0.49    -672.2     40.96     17.35     1.838     217381    0    0    0    0    0
2023  2 28  1 47     7.46     4.13    -2.54    -685.4     31.65      7.88     1.914     177689    0    0    0    0    0
2023  2 28  1 48     7.45     4.32    -4.79    -694.9     30.40     -6.45     1.934     167437    0    1    1    2    2
2023  2 28  1 49     6.72     4.52    -5.14    -693.1     25.11    -15.39     1.948     162074    0    1    1    2    2
2023  2 28  1 50     6.60     4.56    -5.58    -692.8     19.60    -23.94     1.963     161627    0    1    1    2    2
2023  2 28  1 51     7.22     3.92    -5.77    -701.6     23.44    -31.73     2.091     215953    0    0    0    0    0
2023  2 28  1 52     6.02     4.51    -5.51    -714.4     37.70    -29.44     2.301     226183    0    0    0    0    0
2023  2 28  1 53     6.46     4.67    -5.36    -708.4     45.23    -20.98     2.401     185233    0    0    0    0    0
2023  2 28  1 54     7.08     4.67    -4.89    -702.3     50.20    -13.94     2.503     151108    0    0    0    0    0
2023  2 28  1 55     7.15     4.42    -4.08    -699.7     50.83    -13.39     2.634     151363    0    0    0    0    0
2023  2 28  1 56     6.92     3.43    -4.77    -696.6     51.64    -14.54     2.764     153705    0    0    0    0    0
2023  2 28  1 57     6.94     3.22    -4.29    -697.6     53.64    -11.93     2.803     173904    0    0    0    0    0
2023  2 28  1 58     7.16     3.09    -5.50    -699.4     54.55    -11.49     2.753     204323    0    0    0    0    0
2023  2 28  1 59     7.52     2.84    -6.22    -698.2     51.55    -15.43     2.710     256312    0    0    0    0    0
2023  2 28  2  0     7.51     2.69    -6.22    -695.2     48.30    -15.68     2.664     255523    0    0    0    0    0
2023  2 28  2  1     6.77     2.94    -6.28    -691.4     52.82    -14.86     2.639     208172    0    0    0    0    0
2023  2 28  2  2     6.41     3.36    -6.16    -693.1     51.18    -14.06     2.594     199491    0    0    0    0    0
2023  2 28  2  3     6.07     3.83    -6.14    -695.7     47.62     -7.95     2.515     198051    0    0    0    0    0
2023  2 28  2  4     6.10     4.72    -5.97    -696.1     44.52      3.72     2.631     156278    0    0    0    0    0
2023  2 28  2  5     7.05     4.67    -3.41    -700.9     41.49     18.35     2.670     158748    0    0    0    0    0
2023  2 28  2  6     7.97     4.33    -2.52    -698.2     39.54     28.41     2.815     169140    0    0    0    0    0
2023  2 28  2  7     8.06     4.28    -2.22    -697.3     37.44     33.65     2.760     188703    0    0    0    0    0
2023  2 28  2  8     8.05     4.29     0.19    -695.2     36.97     33.54     2.192     192887    0    0    0    0    0
2023  2 28  2  9     7.72     4.42     0.01    -694.7     34.12     33.29     2.181     192887    0    0    0    0    0
2023  2 28  2 10     7.68     4.54    -0.44    -694.5     30.84     33.20     2.286     174988    0    0    0    0    0
2023  2 28  2 11     7.79     4.61    -0.80    -694.9     48.87     23.98     2.346     153077    0    0    0    0    0
2023  2 28  2 12     7.90     4.58    -3.24    -696.5     45.27     30.90     2.410     144535    0    0    0    0    0
2023  2 28  2 13     8.05     4.21    -2.95    -696.7     26.96     38.29     2.584     139416    0    0    0    0    0
2023  2 28  2 14     8.61     3.89    -2.82    -695.1     25.37     37.12     2.379     134978    0    0    0    0    0
2023  2 28  2 15     8.58     3.98    -2.23    -694.3     25.19     35.32     2.419     125828    0    0    0    0    0
2023  2 28  2 16     7.60     5.58    -1.37    -694.2     25.34     34.67     2.386     116216    0    0    0    0    0
2023  2 28  2 17     7.43     5.84    -2.20    -692.3     22.23     36.30     2.349     115710    0    0    0    0    0
2023  2 28  2 18     7.12     5.86    -1.63    -691.0     21.50     37.23     2.307     115687    0    0    0    0    0
2023  2 28  2 19     7.07     5.86    -1.21    -688.6     21.61     38.26     2.253     116421    0    0    0    0    0
2023  2 28  2 20     6.94     5.78    -2.16    -686.4     21.69     39.02     2.210     118663    0    0    0    0    0
2023  2 28  2 21     6.86     5.69    -2.76    -685.0     21.17     39.58     2.160     121815    0    0    0    0    0
2023  2 28  2 22     6.99     6.03    -2.76    -686.2     20.71     39.84     2.124     133716    0    0    0    0    0
2023  2 28  2 23     7.06     5.98    -2.89    -690.9     21.08     39.33     2.085     139857    0    0    0    0    0
2023  2 28  2 24     6.16     4.11    -4.92    -692.7     21.22     39.17     2.042     139857    0    0    0    0    0
2023  2 28  2 25     6.07     3.94    -5.09    -686.5     26.28     36.13     1.982     149098    0    0    0    0    0
2023  2 28  2 26     6.09     4.35    -5.00    -681.1     28.99     34.83     1.943     154138    0    0    0    0    0
2023  2 28  2 27     6.13     5.06    -4.64    -678.9     28.94     35.63     1.929     153561    0    0    0    0    0
2023  2 28  2 28     6.12     5.52    -3.64    -683.1     29.44     36.33     1.932     152303    0    0    0    0    0
2023  2 28  2 29     5.67     5.71    -2.98    -687.3     30.67     36.97     1.977     158037    0    0    0    0    0
2023  2 28  2 30     5.26     5.93    -2.90    -688.5     34.42     37.34     2.040     160826    0    0    0    0    0
2023  2 28  2 31     5.42     6.22    -2.90    -687.7     39.44     37.36     2.069     157922    0    0    0    0    0
2023  2 28  2 32     5.62     6.46    -2.50    -686.4     42.55     37.11     2.089     154459    0    0    0    0    0
2023  2 28  2 33     5.89     6.60    -2.28    -686.2     46.79     36.26     2.059     151146    0    0    0    0    0
2023  2 28  2 34     5.69     6.41    -2.83    -687.0     50.73     35.67     2.002     147713    0    0    0    0    0
2023  2 28  2 35     5.73     5.93    -4.21    -687.5     51.89     35.59     1.981     144976    0    0    0    0    0
2023  2 28  2 36     6.16     5.40    -4.82    -685.6     49.72     36.76     1.977     142860    0    0    0    0    0
2023  2 28  2 37     6.44     5.04    -5.18    -684.5     48.01     33.35     1.997     141966    0    0    0    0    0
2023  2 28  2 38     5.31     6.10    -5.26    -695.0     50.57     19.89     2.060     159470    0    0    0    0    0
2023  2 28  2 39     4.81     6.05    -5.17    -698.5     50.91     17.17     2.090     184213    0    0    0    0    0
2023  2 28  2 40     4.88     5.75    -4.98    -697.4     50.44     18.55     2.086     192365    0    0    0    0    0
2023  2 28  2 41     5.00     5.75    -4.92    -692.7     46.26     31.69     2.041     192365    0    0    0    0    0
2023  2 28  2 42     5.05     5.78    -4.71    -691.2     45.22     48.49     1.987     153462    0    0    0    0    0
2023  2 28  2 43     5.06     6.33    -4.36    -694.0     32.38     50.36     1.971     146121    0    0    0    0    0
2023  2 28  2 44     5.24     6.40    -4.25    -699.1     45.45     51.49     2.215     155730    0    0    0    0    0
2023  2 28  2 45     6.07     6.58    -4.28    -699.7     50.12     55.81     2.312     171067    0    0    0    0    0
2023  2 28  2 46     5.89     6.40    -4.27    -700.7     56.74     68.63     2.256     174764    0    0    0    0    0
2023  2 28  2 47     5.49     6.41    -3.96    -700.7     61.70     78.03     2.062     171267    0    0    0    0    0
2023  2 28  2 48     5.27     6.65    -4.07    -700.7     64.98     78.34     2.050     157171    0    0    0    0    0
2023  2 28  2 49     5.11     7.06    -4.19    -701.8     64.30     75.86     2.040     147026    0    0    0    0    0
2023  2 28  2 50     4.85     7.03    -3.57    -700.1     56.74     71.01     2.030     148005    0    0    0    0    0
2023  2 28  2 51     4.79     6.81    -3.33    -696.4     48.99     67.02     2.025     151866    0    0    0    0    0
2023  2 28  2 52     5.26     6.43    -3.59    -687.5     41.09     62.99     2.019     155229    0    0    0    0    0
2023  2 28  2 53     5.85     5.97    -3.71    -680.9     36.46     60.61     2.003     156911    0    0    0    0    0
2023  2 28  2 54     6.47     5.57    -3.57    -677.3     35.44     60.07     1.976     152695    0    0    0    0    0
2023  2 28  2 55     6.72     5.53    -3.06    -676.0     33.10     58.55     1.948     139204    0    0    0    0    0
2023  2 28  2 56     6.71     5.07    -2.58    -675.5     21.79     51.91     1.941     139512    0    0    0    0    1
2023  2 28  2 57     6.65     4.59    -2.57    -677.7     13.77     50.61     1.953     141715    0    0    0    0    2
2023  2 28  2 58     7.07     3.75    -3.79    -678.8     10.81     49.78     1.990     144312    0    0    0    0    2
2023  2 28  2 59     6.86     2.76    -5.34    -678.9     11.52     46.74     1.973     146789    0    0    0    0    2
2023  2 28  3  0     6.41     2.60    -6.07    -678.8     16.65     43.23     1.910     149265    0    0    0    0    2
2023  2 28  3  1     6.43     3.00    -6.01    -679.1     23.51     41.28     1.883     157987    0    0    0    0    1
2023  2 28  3  2     6.56     3.23    -5.60    -679.9     25.31     40.65     1.903     175501    0    0    0    0    0
2023  2 28  3  3     6.91     2.99    -4.96    -679.8     27.43     41.24     1.954     181079    0    0    0    0    0
2023  2 28  3  4     7.33     2.58    -3.47    -679.3     30.68     43.17     1.975     173026    0    0    0    0    0
2023  2 28  3  5     7.47     3.45    -2.87    -679.5     28.24     45.29     1.995     149701    0    0    0    0    0
2023  2 28  3  6     7.42     4.91    -3.57    -680.8     22.34     48.28     2.053     135139    0    0    0    0    0
2023  2 28  3  7     7.07     4.72    -3.57    -682.1     22.54     51.41     2.118     133234    0    0    0    0    0
2023  2 28  3  8     7.05     4.50    -3.22    -683.3     23.19     53.27     2.131     138417    0    0    0    0    0
2023  2 28  3  9     7.44     3.67    -2.65    -683.7     22.51     50.76     2.138     150103    0    0    0    0    0
2023  2 28  3 10     7.95     2.76    -2.21    -682.6     20.66     45.09     2.144     162355    0    1    0    0    0
2023  2 28  3 11     8.47     2.54    -2.31    -680.9     19.48     43.36     2.152     171343    0    1    0    0    0
2023  2 28  3 12     8.43     2.75    -3.01    -679.3     19.14     45.37     2.164     176000    0    1    0    0    0
2023  2 28  3 13     8.07     3.07    -3.46    -677.8     19.19     47.66     2.181     182021    0    1    0    0    0
2023  2 28  3 14     7.68     3.48    -3.67    -676.3     19.58     48.08     2.201     193844    0    1    1    1    1
2023  2 28  3 15     7.34     3.71    -3.65    -675.2     20.56     45.98     2.198     207548    0    1    1    2    2
2023  2 28  3 16     7.19     3.90    -3.55    -674.8     22.74     42.87     2.124     221857    0    1    1    2    2
2023  2 28  3 17     7.21     3.99    -3.54    -674.8     29.96     37.17     2.171     234561    0    1    1    2    2
2023  2 28  3 18     7.38     4.25    -3.22    -674.6     23.63     38.18     2.203     230031    0    1    1    1    1
2023  2 28  3 19     7.64     4.58    -1.72    -674.5     22.81     35.64     2.154     197389    0    0    0    0    0
2023  2 28  3 20     7.78     4.40    -2.00    -673.9     21.14     33.81     2.256     174719    0    0    0    0    0
2023  2 28  3 21     8.12     3.15    -2.36    -672.8     20.93     31.63     2.347     164326    0    0    0    0    0
2023  2 28  3 22     8.35     3.21    -2.65    -672.3     22.89     31.24     2.342     164007    0    0    0    0    0
2023  2 28  3 23     8.32     3.29    -3.06    -673.0     28.08     30.91     2.442     145813    0    0    0    0    0
2023  2 28  3 24     8.24     3.87    -2.57    -671.8     30.20     32.54     2.537     145813    0    0    0    0    0
2023  2 28  3 25     8.21     4.50     0.93    -670.6     31.64     33.26     2.638     151301    0    0    0    0    0
2023  2 28  3 26     8.20     4.55     1.78    -673.8     32.08     32.33     2.743     173989    0    0    0    0    0
2023  2 28  3 27     8.31     4.53     0.92    -676.1     32.94     31.93     2.793     177816    0    0    0    0    0
2023  2 28  3 28     8.54     4.48     0.31    -674.3     32.79     31.80     2.764     176165    0    0    0    0    0
2023  2 28  3 29     8.44     3.94    -1.07    -671.8     30.68     30.81     2.742     162019    0    0    0    0    0
2023  2 28  3 30     8.52     3.06    -1.11    -666.5     23.55     24.96     2.794     148828    0    0    0    0    0
2023  2 28  3 31     8.67     2.57    -1.13    -663.1     16.94     18.96     2.854     144651    0    0    0    0    0
2023  2 28  3 32     8.82     2.42    -1.13    -663.1     13.85     15.57     2.733     147487    0    0    0    0    0
2023  2 28  3 33     8.92     2.48    -1.02    -668.4     14.90     15.06     2.689     179079    0    0    0    0    0
2023  2 28  3 34     8.93     2.49    -0.91    -669.5     21.25     29.60     2.714     195232    0    0    0    0    0
2023  2 28  3 35     9.00     3.47     0.35    -667.7     28.17     42.99     2.699     196440    0    0    0    0    0
2023  2 28  3 36     8.95     3.96     0.98    -666.6     33.28     47.04     2.635     169490    0    0    0    0    0
2023  2 28  3 37     8.47     4.79    -0.43    -665.9     34.93     47.43     2.549     160591    0    0    0    0    0
2023  2 28  3 38     8.04     5.32    -1.08    -664.8     34.75     46.56     2.438     160421    0    1    1    1    1
2023  2 28  3 39     7.86     5.47    -1.19    -664.0     34.28     45.19     2.324     162562    0    1    1    2    2
2023  2 28  3 40     7.55     5.72    -1.27    -663.6     33.69     43.81     2.255     165841    0    1    1    2    2
2023  2 28  3 41     7.31     5.85    -1.40    -663.8     33.20     42.99     2.276     168767    0    1    1    1    1
2023  2 28  3 42     7.26     5.75    -1.54    -663.8     31.33     42.38     2.306     169711    0    0    0    0    0
2023  2 28  3 43     7.96     5.04    -1.20    -663.3     28.68     40.90     2.550     165835    0    0    0    0    0
2023  2 28  3 44     8.62     4.42    -0.41    -662.5     27.35     39.86     2.650     160464    0    0    0    0    0
2023  2 28  3 45     8.82     4.21    -0.41    -662.1     27.14     39.69     2.631     155712    0    1    1    1    1
2023  2 28  3 46     8.89     3.87    -0.83    -662.6     27.07     39.74     2.675     150977    0    1    1    1    2
2023  2 28  3 47     8.89     3.28    -1.06    -663.5     26.98     39.81     2.731     146185    0    1    1    1    2
2023  2 28  3 48     8.39     3.13    -2.30    -666.5     35.32     36.79     2.821     144428    0    1    1    1    2
2023  2 28  3 49     7.53     2.29    -4.87    -671.7     26.22     38.79     2.974     153738    0    0    0    0    0
2023  2 28  3 50     7.29     1.65    -5.72    -672.5     24.91     36.32     2.973     153658    0    0    0    0    0
2023  2 28  3 51     7.02     1.65    -5.71    -669.0     24.82     35.96     2.862     151266    0    0    0    0    0
2023  2 28  3 52     7.32     2.65    -4.71    -667.4     25.38     36.44     2.833     141931    0    0    0    0    0
2023  2 28  3 53     8.13     3.10    -3.51    -664.7     26.96     37.68     2.855     134826    0    0    0    0    0
2023  2 28  3 54     8.62     3.31    -2.95    -662.2     27.44     39.97     2.992     130897    0    0    0    0    0
2023  2 28  3 55     8.73     3.51    -2.60    -661.2     27.31     41.39     3.082     128608    0    0    0    0    0
2023  2 28  3 56     8.80     3.68    -2.15    -659.6     27.48     38.49     3.076     123649    0    0    0    0    0
2023  2 28  3 57     8.94     3.76    -1.59    -656.8     27.69     34.35     3.072     117254    0    0    0    0    0
2023  2 28  3 58     8.99     3.69    -0.97    -654.8     27.51     33.72     3.061     113694    0    0    0    0    0
2023  2 28  3 59     8.96     3.34    -0.95    -656.4     26.76     34.69     3.019     111777    0    0    0    0    0
2023  2 28  4  0     6.64     4.66     1.46    -674.2     26.45     34.92     2.835     115730    0    0    0    0    0
2023  2 28  4  1     5.40     6.50     3.36    -676.4     24.74     33.65     2.852     138512    0    0    0    0    0
2023  2 28  4  2     5.51     6.48     2.64    -676.5     24.37     32.99     2.816     145953    0    0    0    0    0
2023  2 28  4  3     6.07     5.43     0.10    -677.1     24.40     32.21     2.920     146027    0    0    0    0    0
2023  2 28  4  4     6.51     5.15    -0.50    -676.8     24.42     30.83     2.988     144452    0    0    0    0    0
2023  2 28  4  5     6.41     5.90     1.11    -677.4     24.37     31.56     3.055     136582    0    0    0    0    0
2023  2 28  4  6     6.21     6.57     2.01    -678.5     23.95     34.76     3.116     129498    0    0    0    0    0
2023  2 28  4  7     6.10     6.37     1.86    -680.5     23.84     34.11     3.151     129498    0    0    0    0    0
2023  2 28  4  8     6.08     5.99     1.30    -682.7     27.15     26.08     3.129     127570    0    0    0    0    0
2023  2 28  4  9     5.92     5.47     1.10    -685.6     30.60     19.56     3.091     125482    0    0    0    0    0
2023  2 28  4 10     6.14     5.17     0.41    -682.8     30.53     19.69     2.918     131493    0    0    0    0    1
2023  2 28  4 11     6.51     4.91    -0.38    -676.8     30.24     19.99     2.669     140721    0    0    0    0    2
2023  2 28  4 12     6.62     4.71    -0.57    -669.6     30.03     20.73     2.427     149379    0    0    0    0    2
2023  2 28  4 13     7.13     3.74    -0.70    -664.8     29.80     21.91     2.396     159314    0    0    0    0    2
2023  2 28  4 14     7.40     3.33    -0.62    -661.9     31.40     28.68     2.362     163377    0    1    0    0    1
2023  2 28  4 15     7.50     3.41    -0.42    -659.8     34.03     31.37     2.544     162871    0    1    0    0    0
2023  2 28  4 16     7.57     3.51    -0.69    -657.4     36.52     27.77     2.794     158949    0    1    0    0    0
2023  2 28  4 17     7.52     3.61    -1.51    -655.6     38.54     26.17     2.764     152603    0    1    0    0    0
2023  2 28  4 18     7.28     3.63    -1.38    -656.0     38.46     25.96     2.672     152603    0    0    0    0    0
2023  2 28  4 19     7.07     3.54    -0.31    -658.5     37.07     25.65     2.575     143804    0    0    0    0    0
2023  2 28  4 20     7.05     3.60    -0.40    -660.0     36.71     24.76     2.480     126735    0    0    0    1    0
2023  2 28  4 21     7.13     3.41    -0.71    -661.0     36.70     23.73     2.412     121222    0    0    0    1    1
2023  2 28  4 22     7.31     3.22    -0.97    -661.9     38.67     23.06     2.352     119039    0    0    0    1    2
2023  2 28  4 23     7.41     3.41    -1.12    -663.5     42.05     22.78     2.299     116811    0    0    0    1    2
2023  2 28  4 24     7.36     3.78    -3.31    -664.3     43.47     21.58     2.671     116013    0    0    0    0    2
2023  2 28  4 25     7.17     3.96    -4.51    -663.6     41.80     20.76     2.957     121973    0    0    0    0    1
2023  2 28  4 26     7.46     4.00    -3.85    -661.3     38.91     20.94     3.086     133344    0    0    0    0    0
2023  2 28  4 27     7.94     4.14    -2.30    -658.6     36.83     22.15     3.148     141635    0    0    0    0    0
2023  2 28  4 28     8.19     4.38    -0.87    -657.2     36.16     24.42     3.092     143428    0    0    0    0    0
2023  2 28  4 29     8.49     4.50    -0.63    -656.5     36.27     30.03     3.055     147621    0    0    0    0    0
2023  2 28  4 30     8.94     4.60    -0.51    -654.6     36.64     38.76     3.195     158170    0    0    0    0    0
2023  2 28  4 31     9.11     4.70    -0.33    -652.9     36.54     38.70     3.310     161811    0    1    0    1    1
2023  2 28  4 32     8.88     4.85    -0.39    -652.7     36.45     38.64     3.330     163023    0    1    0    1    2
2023  2 28  4 33     8.54     4.88    -0.40    -652.3     36.36     38.57     3.337     164246    0    1    0    1    2
2023  2 28  4 34     8.80     4.89    -0.26    -650.8     36.27     38.50     3.328     165372    0    1    0    1    2
2023  2 28  4 35     8.99     4.84    -0.06    -648.9     36.18     38.44     3.087     166492    0    1    0    1    2
2023  2 28  4 36     9.01     4.70     0.01    -648.2     36.09     38.38     3.031     167683    0    1    0    1    2
2023  2 28  4 37     8.85     4.57     0.26    -648.0     36.00     38.31     2.956     168915    0    1    0    1    2
2023  2 28  4 38     8.77     4.48     0.60    -647.8     35.90     38.25     2.529     170119    0    1    0    1    2
2023  2 28  4 39     8.74     4.18     0.43    -647.3     35.82     38.19     2.476     171329    0    1    0    1    2
2023  2 28  4 40     8.64     4.15     0.73    -646.7     35.73     38.12     3.043     172527    0    1    0    1    2
2023  2 28  4 41     8.74     4.08     0.79    -646.5     35.64     38.06     3.187     173756    0    1    0    1    2
2023  2 28  4 42     8.56     4.29     0.79    -646.5     35.55     38.00     3.236     174979    0    1    0    1    2
2023  2 28  4 43     8.41     4.30     0.82    -646.0     35.46     37.94     3.246     176175    0    1    0    1    2
2023  2 28  4 44     8.45     4.29     1.02    -645.4     35.37     37.87     3.205     177371    0    1    0    1    2
2023  2 28  4 45     8.47     4.71     1.26    -644.8     35.27     37.81     3.194     177650    0    1    0    1    2
2023  2 28  4 46     8.33     4.92     1.51    -644.3     35.18     37.75     3.223     176855    0    1    0    1    1
2023  2 28  4 47     8.28     4.85     1.64    -648.0     35.09     37.68     3.216     173342    0    0    0    0    0
2023  2 28  4 48     8.32     4.84     1.22    -652.7     35.00     37.62     3.139     168883    0    0    0    0    0
2023  2 28  4 49     8.64     4.87     0.40    -653.1     34.91     37.56     2.829     164685    0    0    0    0    0
2023  2 28  4 50     8.66     4.87     0.23    -653.0     34.82     37.50     2.840     161035    0    0    0    0    0
2023  2 28  4 51     8.78     4.61     0.56    -652.7     34.73     37.43     2.939     160943    0    0    0    0    0
2023  2 28  4 52     8.98     4.12     0.59    -652.4     34.63     37.37     2.939     160140    0    0    0    0    0
2023  2 28  4 53     9.09     3.91     0.61    -652.1     34.54     37.31     2.933     156096    0    1    0    1    1
2023  2 28  4 54     9.07     4.78     0.67    -652.2     34.45     37.24     2.885     150794    0    1    0    1    2
2023  2 28  4 55     8.94     5.04     0.72    -652.3     34.36     37.18     2.810     145575    0    1    0    1    2
2023  2 28  4 56     8.97     5.01     0.64    -652.6     34.27     37.12     2.784     140280    0    1    0    1    2
2023  2 28  4 57     9.19     4.70     0.47    -653.3     34.18     37.06     2.725     135710    0    1    0    1    1
2023  2 28  4 58     9.41     4.21     0.31    -653.7     34.10     36.99     2.482     138521    0    0    0    0    0
2023  2 28  4 59     9.63     3.92     0.14    -652.9     34.00     36.93     2.288     153379    0    0    0    0    0
2023  2 28  5  0     9.73     3.79     0.03    -651.7     33.91     36.87     2.317     164160    0    0    0    0    0
2023  2 28  5  1     9.72     3.71     0.07    -651.8     33.82     36.81     2.389     163090    0    0    0    0    0
2023  2 28  5  2     9.66     3.40     0.14    -652.3     33.73     36.74     2.411     151530    0    0    0    1    0
2023  2 28  5  3     9.67     3.34     0.23    -652.4     33.64     36.67     2.498     152239    0    1    0    1    1
2023  2 28  5  4     9.71     3.27     0.37    -651.9     33.55     36.61     2.597     158315    0    1    1    2    2
2023  2 28  5  5     9.73     3.27     0.39    -651.2     33.45     36.54     2.699     164435    0    1    2    1    2
2023  2 28  5  6     9.59     3.22     0.39    -650.3     34.67     36.69     2.804     170454    0    1    2    1    2
2023  2 28  5  7     9.48     3.22     0.55    -649.3     35.86     36.84     3.102     170454    0    1    2    1    2
2023  2 28  5  8     9.38     3.18     1.30    -650.2     35.41     41.54     3.144     168982    0    0    0    0    0
2023  2 28  5  9     9.08     3.16     2.23    -651.1     35.15     42.98     3.108     169580    0    0    0    0    0
2023  2 28  5 10     8.08     4.05     2.78    -652.4     35.10     43.64     3.103     181141    0    0    0    0    0
2023  2 28  5 11     7.77     4.09     3.02    -653.1     35.12     44.67     3.160     188278    0    0    0    0    0
2023  2 28  5 12     7.75     4.11     3.04    -653.3     35.82     44.30     3.246     189093    0    0    0    0    0
2023  2 28  5 13     7.76     4.21     2.90    -652.4     39.63     40.90     3.243     186811    0    0    0    0    0
2023  2 28  5 14     7.88     4.32     2.74    -651.2     41.93     38.84     3.194     167156    0    0    0    0    0
2023  2 28  5 15     8.30     4.07     2.01    -650.6     42.26     38.20     3.101     145977    0    0    0    0    0
2023  2 28  5 16     8.72     3.92     1.75    -651.6     39.83     38.11     2.868     146050    0    0    0    0    0
2023  2 28  5 17     8.60     3.91     2.33    -654.6     36.99     37.70     2.852     147037    0    0    0    0    0
2023  2 28  5 18     8.15     4.61     2.72    -674.3     38.82     35.81     2.819     141078    0    0    0    0    0
2023  2 28  5 19     8.14     4.74     3.00    -673.4     41.09     35.96     2.805     134790    0    0    0    0    0
2023  2 28  5 20     8.06     5.06     3.42    -671.7     41.93     36.07     2.805     134790    0    0    0    0    0
2023  2 28  5 21     7.83     5.18     3.84    -669.3     42.75     36.27     2.879     137573    0    1    1    1    1
2023  2 28  5 22     7.64     4.75     4.18    -667.0     43.69     36.51     2.933     140456    0    1    2    1    2
2023  2 28  5 23     7.36     4.63     4.79    -665.8     44.69     36.76     2.950     143460    0    1    2    1    2
2023  2 28  5 24     7.25     4.61     4.99    -666.5     45.76     37.04     2.963     146725    0    1    2    1    2
2023  2 28  5 25     7.11     4.69     4.05    -667.5     46.87     37.33     2.972     150081    0    1    2    1    2
2023  2 28  5 26     7.08     4.92     3.70    -667.6     47.92     37.61     2.925     153300    0    1    2    1    2
2023  2 28  5 27     7.15     4.87     3.50    -667.7     48.97     37.88     2.919     156488    0    1    2    1    2
2023  2 28  5 28     6.89     4.74     3.46    -669.7     50.12     38.18     2.939     159965    0    1    2    1    2
2023  2 28  5 29     6.68     4.66     3.91    -671.3     51.25     38.48     2.991     160261    0    1    2    1    2
2023  2 28  5 30     7.14     4.64     4.24    -671.5     51.40     38.90     3.066     157585    0    1    1    1    1
2023  2 28  5 31     7.03     4.65     4.08    -665.5     51.27     38.94     3.111     151919    0    0    0    0    0
2023  2 28  5 32     6.91     4.81     4.01    -659.5     51.13     38.25     3.119     149633    0    0    0    0    0
2023  2 28  5 33     6.99     4.97     3.83    -654.7     50.89     35.64     3.076     149673    0    0    0    0    0
2023  2 28  5 34     7.71     4.81     3.16    -654.1     50.29     28.32     2.946     149935    0    0    0    0    0
2023  2 28  5 35     8.04     4.83     2.95    -653.8     49.46     21.58     2.834     150495    0    0    0    0    0
2023  2 28  5 36     8.04     4.95     2.66    -654.4     48.99     19.36     2.701     150495    0    0    0    0    0
2023  2 28  5 37     8.03     4.86     2.51    -656.5     48.92     19.88     2.523     152286    0    0    0    0    0
2023  2 28  5 38     7.91     4.81     2.29    -657.0     48.89     21.83     2.529     156500    0    0    0    0    0
2023  2 28  5 39     7.53     5.16     2.38    -657.7     48.89     21.85     2.591     155936    0    0    0    0    0
2023  2 28  5 40     7.01     5.37     2.62    -659.3     49.19     21.17     2.705     154949    0    0    0    0    0
2023  2 28  5 41     7.03     5.54     2.70    -658.5     49.66     21.79     2.719     155875    0    0    0    0    0
2023  2 28  5 42     7.56     5.23     2.61    -655.2     49.07     23.61     2.742     159154    0    0    0    0    0
2023  2 28  5 43     8.24     4.34     2.34    -651.4     46.89     25.87     2.755     165199    0    0    0    0    0
2023  2 28  5 44     8.44     4.00     2.28    -650.4     46.24     26.34     2.725     167683    0    0    0    0    0
2023  2 28  5 45     8.67     4.14     2.48    -649.8     46.25     20.91     2.375     167683    0    0    0    0    0
2023  2 28  5 46     8.67     4.90     2.80    -649.8     44.40     18.03     2.340     160415    0    0    0    0    0
2023  2 28  5 47     8.59     4.97     2.90    -650.0     43.85     16.32     2.338     159376    0    0    0    0    0
2023  2 28  5 48     8.34     5.09     2.99    -649.8     46.10     12.49     2.553     153589    0    0    0    0    0
2023  2 28  5 49     8.33     5.07     3.14    -649.4     46.76     11.47     2.670     153492    0    0    0    0    0
2023  2 28  5 50     8.32     4.96     3.32    -650.6     46.79     12.33     2.662     145322    0    0    0    0    0
2023  2 28  5 51     8.08     4.82     3.70    -654.8     47.11     12.56     2.721     146982    0    0    0    0    0
2023  2 28  5 52     7.38     4.32     3.98    -659.4     48.17     14.08     2.745     159578    0    0    0    0    0
2023  2 28  5 53     7.72     4.21     3.98    -661.0     48.47     16.94     2.681     172825    0    0    0    0    0
2023  2 28  5 54     8.09     4.21     3.85    -660.1     50.30     17.21     2.649     179671    0    1    1    1    1
2023  2 28  5 55     8.24     4.25     3.62    -658.3     54.10     15.93     2.766     185119    0    1    2    1    2
2023  2 28  5 56     8.46     4.13     3.39    -656.2     58.26     14.41     2.872     190437    0    1    2    1    2
2023  2 28  5 57     8.61     3.63     3.37    -654.6     63.77     13.00     2.927     200872    0    1    1    1    1
2023  2 28  5 58     8.49     3.56     3.43    -655.4     72.92     12.24     2.910     224564    0    0    0    0    0
2023  2 28  5 59     8.27     3.63     3.44    -656.2     75.26     11.59     2.927     222098    0    0    0    0    0
2023  2 28  6  0     7.97     3.88     3.36    -655.6     74.33      9.04     2.938     216069    0    0    0    0    0
2023  2 28  6  1     7.19     4.41     3.19    -654.8     72.16      3.97     2.960     216069    0    0    0    0    0
2023  2 28  6  2     5.67     5.00     3.08    -652.7     70.98     -0.67     2.953     216094    0    0    0    0    0
2023  2 28  6  3     3.85     5.55     2.96    -653.9     77.70      0.58     2.963     216277    0    0    0    0    0
2023  2 28  6  4     3.61     5.53     2.64    -656.1     78.57      4.19     2.864     230219    0    0    0    0    0
2023  2 28  6  5     3.70     4.97     2.19    -656.9     77.99      4.94     2.827     273254    0    0    0    0    0
2023  2 28  6  6     4.08     4.24     1.74    -658.7     73.77      2.36     2.899     296359    0    0    0    0    0
2023  2 28  6  7     4.23     4.19     1.64    -659.1     68.31      0.13     2.875     312370    0    0    0    0    0
2023  2 28  6  8     4.43     4.86     1.86    -659.1     62.70     -5.52     2.801     321586    0    0    0    0    0
2023  2 28  6  9     4.60     5.35     2.09    -658.9     57.60    -15.92     2.793     321586    0    0    0    0    0
2023  2 28  6 10     4.62     4.51     1.93    -658.5     53.36    -24.10     2.847     325871    0    0    0    0    0
2023  2 28  6 11     4.68     2.87     1.73    -658.7     48.13    -26.29     2.927     369546    0    0    0    0    0
2023  2 28  6 12     4.88     1.34     1.43    -659.4     44.03    -24.60     2.941     451160    0    1    1    0    0
2023  2 28  6 13     5.44     1.40     1.00    -660.1     44.49    -24.20     2.855     486620    0    1    1    0    0
2023  2 28  6 14     5.89     2.06     0.54    -659.4     44.66    -25.29     2.801     451664    0    1    1    0    0
2023  2 28  6 15     5.98     2.12    -0.16    -658.1     43.11    -26.50     2.776     384823    0    1    1    0    0
2023  2 28  6 16     6.26     1.83    -0.77    -656.7     40.53    -26.89     2.707     333688    0    1    1    0    0
2023  2 28  6 17     6.90     1.73    -1.48    -655.9     37.83    -26.13     2.564     301482    0    1    1    0    0
2023  2 28  6 18     7.21     1.90    -1.43    -656.8     35.87    -23.85     2.418     307515    0    1    1    0    0
2023  2 28  6 19     7.52     2.17    -1.32    -659.9     35.61    -23.67     2.187     376242    0    0    0    0    0
2023  2 28  6 20     7.63     1.97    -0.01    -661.1     37.01    -21.77     2.047     444346    0    0    0    0    0
2023  2 28  6 21     7.53     1.89     2.08    -664.9     37.89    -15.32     1.972     445764    0    0    0    0    1
2023  2 28  6 22     7.37     1.69     2.52    -670.7     25.01     -8.60     1.815     430071    0    0    0    0    2
2023  2 28  6 23     7.33     1.08     3.16    -677.4     23.49     -2.15     1.645     408742    0    0    0    0    2
2023  2 28  6 24     7.34     0.56     4.13    -679.8     27.70      1.00     1.544     390719    0    0    0    0    2
2023  2 28  6 25     7.40     0.75     4.13    -679.2     29.16      0.29     1.559     375021    0    0    0    0    2
2023  2 28  6 26     7.52     1.13     4.07    -677.7     29.91      0.91     1.656     359769    0    0    0    0    2
2023  2 28  6 27     7.69     1.18     3.67    -675.7     31.00      2.76     1.795     345227    0    0    0    0    2
2023  2 28  6 28     8.32     1.12     2.53    -674.5     32.03      3.30     1.839     329979    0    0    0    0    2
2023  2 28  6 29     8.72     1.05     2.58    -670.6     32.60      2.81     1.839     316681    0    0    0    0    2
2023  2 28  6 30     8.75     1.02     3.03    -668.6     32.76      2.18     1.833     302067    0    0    0    0    2
2023  2 28  6 31     8.69     0.95     3.24    -666.0     32.47      1.57     1.831     287720    0    0    0    0    2
2023  2 28  6 32     8.67     0.83     3.94    -663.9     31.17     -0.92     1.824     273141    0    0    0    0    2
2023  2 28  6 33     8.45     0.69     4.19    -663.0     29.85     -2.93     1.817     257670    0    0    0    0    2
2023  2 28  6 34     8.31     0.45     4.03    -662.6     29.31     -3.21     1.814     241925    0    0    0    0    2
2023  2 28  6 35     8.38     0.09     3.93    -662.2     30.33     -2.05     1.818     226153    0    0    0    0    2
2023  2 28  6 36     8.48     0.00     3.81    -662.1     31.60     -0.67     1.823     209942    0    0    0    0    2
2023  2 28  6 37     8.61     0.01     3.72    -662.1     31.81     -0.16     1.808     193645    0    0    0    0    2
2023  2 28  6 38     8.78    -0.03     3.67    -662.0     30.12     -1.53     1.772     177616    0    0    0    0    2
2023  2 28  6 39     9.00    -0.15     3.40    -661.7     27.62     -3.73     1.727     161703    0    1    0    0    2
2023  2 28  6 40     9.16    -0.29     3.07    -661.1     26.38     -4.84     1.687     145926    0    1    0    0    2
2023  2 28  6 41     9.14    -0.36     3.24    -660.5     26.18     -5.04     1.653     130269    0    1    0    0    2
2023  2 28  6 42     9.12    -0.43     3.82    -659.7     25.85     -5.75     1.633     120445    0    1    0    0    1
2023  2 28  6 43     9.20    -0.48     4.07    -658.5     25.35     -6.84     1.646     118656    0    0    0    0    0
2023  2 28  6 44     9.28    -0.46     3.83    -657.7     25.86     -6.47     1.680     122870    0    0    0    0    1
2023  2 28  6 45     9.28    -0.25     3.75    -657.6     27.25     -4.96     1.683     134525    0    0    0    0    2
2023  2 28  6 46     8.87     0.14     4.58    -656.4     27.56     -4.68     1.642     142065    0    0    0    0    2
2023  2 28  6 47     7.91     0.27     6.07    -654.9     27.24     -5.12     1.569     144680    0    0    0    0    1
2023  2 28  6 48     8.07    -0.02     5.53    -652.5     27.06     -4.98     1.544     155084    0    0    0    0    0
2023  2 28  6 49     9.43    -0.27     3.24    -650.7     26.67     -2.22     1.553     166236    0    0    0    0    0
2023  2 28  6 50     9.46    -0.38     2.78    -651.4     26.07      0.52     1.586     208810    0    0    0    0    0
2023  2 28  6 51     9.38    -0.34     2.41    -652.5     25.80      0.94     1.643     206190    0    0    0    0    0
2023  2 28  6 52     9.20    -0.40     2.56    -653.1     25.19     -3.11     1.626     184175    0    0    0    0    0
2023  2 28  6 53     8.90    -1.02     3.55    -654.2     21.99    -21.22     1.411     168845    0    0    0    0    0
2023  2 28  6 54     8.74    -1.16     3.88    -654.0     20.58    -25.23     1.355     169380    0    0    0    0    0
2023  2 28  6 55     8.71    -0.97     4.00    -656.6     20.73    -19.81     1.377     171733    0    0    0    0    0
2023  2 28  6 56     8.73    -0.98     4.15    -659.1     21.56    -17.69     1.372     165126    0    0    0    0    0
2023  2 28  6 57     8.73    -0.97     4.22    -660.5     22.51    -17.56     1.355     143608    0    0    0    0    0
2023  2 28  6 58     8.70    -0.90     4.25    -660.4     23.95    -18.27     1.351     130402    0    1    0    0    0
2023  2 28  6 59     8.67    -0.65     4.19    -659.3     24.70    -19.20     1.360     133419    0    1    0    0    0
2023  2 28  7  0     8.72    -0.64     4.07    -658.6     23.68    -19.55     1.375     137440    0    1    0    0    0
2023  2 28  7  1     8.68    -0.97     3.86    -658.4     23.78    -23.50     1.379     137440    0    1    1    0    0
2023  2 28  7  2     8.60    -0.70     3.67    -658.1     27.29    -28.69     1.376     139764    0    1    1    0    0
2023  2 28  7  3     8.67    -0.60     3.73    -657.5     29.13    -25.92     1.361     143705    0    1    1    0    0
2023  2 28  7  4     8.73    -0.40     3.99    -658.2     32.42    -24.07     1.302     142693    0    1    1    0    0
2023  2 28  7  5     8.80     0.06     4.42    -660.0     35.22    -23.73     1.224     139946    0    1    1    0    0
2023  2 28  7  6     8.81     0.28     4.00    -660.0     36.59    -24.49     1.218     137887    0    1    1    0    0
2023  2 28  7  7     8.80     0.53     3.38    -658.8     37.82    -25.49     1.230     133138    0    1    1    0    0
2023  2 28  7  8     8.78     0.75     2.78    -657.1     39.04    -24.60     1.273     127774    0    0    0    0    0
2023  2 28  7  9     8.76     0.63     2.72    -655.1     39.59    -21.60     1.374     134357    0    0    0    0    0
2023  2 28  7 10     8.66     0.18     3.05    -653.9     39.00    -18.86     1.448     155864    0    0    0    0    0
2023  2 28  7 11     8.59    -0.45     3.17    -654.2     37.12    -19.27     1.450     155664    0    0    0    0    0
2023  2 28  7 12     8.50    -1.76     3.09    -656.1     35.68    -20.95     1.373     145532    0    0    0    0    0
2023  2 28  7 13     8.59    -1.47     2.81    -655.6     35.79    -22.32     1.311     121534    0    0    0    0    0
2023  2 28  7 14     8.95    -0.54     2.58    -654.8     35.65    -23.64     1.298     123556    0    0    0    0    0
2023  2 28  7 15     9.22    -0.24     2.69    -653.9     33.69    -24.96     1.295     131280    0    0    0    0    0
2023  2 28  7 16     9.22    -0.16     3.29    -653.4     30.91    -25.59     1.275     134203    0    0    0    0    0
2023  2 28  7 17     9.22     0.31     2.68    -653.2     33.37    -24.93     1.239     131642    0    0    0    0    0
2023  2 28  7 18     9.15     0.58     2.78    -653.2     41.98    -23.51     1.233     117133    0    0    0    0    0
2023  2 28  7 19     9.08     0.89     3.36    -653.1     43.45    -23.08     1.254     119694    0    0    0    0    0
2023  2 28  7 20     9.10     0.82     3.31    -653.4     41.26    -22.89     1.273     135168    0    0    0    0    0
2023  2 28  7 21     8.99     0.83     2.87    -657.0     48.46    -20.65     1.277     138882    0    0    0    0    0
2023  2 28  7 22     8.23     1.33     2.47    -659.3     59.32    -20.46     1.346     142495    0    0    0    0    0
2023  2 28  7 23     7.86     2.06     2.14    -660.0     63.38    -25.34     1.459     151970    0    0    0    0    0
2023  2 28  7 24     8.17     2.32     1.64    -660.1     59.88    -27.69     1.402     157812    0    0    0    0    0
2023  2 28  7 25     8.48     2.45     1.65    -660.0     46.41    -28.39     1.263     152300    0    0    0    0    0
2023  2 28  7 26     8.56     2.47     1.40    -660.1     36.08    -26.06     1.206     131462    0    0    0    0    0
2023  2 28  7 27     8.42     2.53     0.95    -660.5     37.78    -22.07     1.197     113316    0    0    0    0    0
2023  2 28  7 28     8.16     2.58     0.92    -661.1     39.64    -20.01     1.213     111194    0    0    0    0    0
2023  2 28  7 29     7.84     2.59     0.86    -666.4     35.05    -17.78     1.272     111194    0    0    0    0    0
2023  2 28  7 30     7.82     2.68     1.27    -669.4     32.28    -16.25     1.295     100711    0    0    0    0    0
2023  2 28  7 31     7.91     2.83     1.64    -668.1     33.20     -9.66     1.254      84998    0    0    0    0    0
2023  2 28  7 32     7.90     2.52     0.90    -666.1     35.43     -7.10     1.238      76142    0    0    0    0    0
2023  2 28  7 33     7.82     1.43     0.62    -664.7     37.38     -7.51     1.237      70232    0    0    0    0    0
2023  2 28  7 34     8.12     1.33     2.40    -663.8     38.17     -8.16     1.281      67559    0    0    0    0    0
2023  2 28  7 35     8.36     1.53     3.46    -663.2     37.53     -9.60     1.318      65813    0    0    0    0    0
2023  2 28  7 36     8.44     1.34     3.46    -663.1     36.13    -10.71     1.326      63995    0    0    0    0    0
2023  2 28  7 37     8.53     1.60     2.14    -661.1     34.57    -10.76     1.320      63316    0    0    0    0    0
2023  2 28  7 38     8.73     1.98     0.64    -657.6     33.54     -9.79     1.313      63853    0    0    0    0    1
2023  2 28  7 39     9.03     1.99    -0.05    -654.6     32.96     -8.14     1.312      65134    0    0    0    0    2
2023  2 28  7 40     9.14     1.81    -0.80    -653.9     31.64     -7.72     1.317      66603    0    0    0    0    2
2023  2 28  7 41     9.19     1.69    -0.47    -655.1     30.52     -8.07     1.315      68221    0    0    0    0    2
2023  2 28  7 42     9.16     1.41     0.58    -656.0     28.98     -8.12     1.306      69801    0    0    0    0    2
2023  2 28  7 43     9.01     0.61     0.75    -656.4     28.61     -7.67     1.313      71358    0    0    0    0    2
2023  2 28  7 44     8.67     0.97     1.16    -656.2     27.56     -6.67     1.347      72873    0    0    0    0    2
2023  2 28  7 45     8.31     2.90     1.22    -654.8     24.69     -6.16     1.382      74135    0    0    0    0    1
2023  2 28  7 46     8.52     3.28     1.22    -650.2     23.88     -6.10     1.390      74675    0    0    0    0    0
2023  2 28  7 47     8.62     3.38     1.22    -645.0     37.49    -15.48     1.390      74675    0    0    0    0    0
2023  2 28  7 48     8.70     1.90     2.18    -644.4     37.91    -20.77     1.336      71192    0    0    0    0    0
2023  2 28  7 49     8.73     0.83     2.63    -646.6     36.66    -22.01     1.299      69087    0    0    0    0    0
2023  2 28  7 50     8.73     1.26     2.48    -647.4     41.31    -20.99     1.374      68921    0    0    0    0    0
2023  2 28  7 51     8.72     2.35     1.82    -647.7     43.46    -19.80     1.406      71472    0    0    0    0    0
2023  2 28  7 52     8.67     2.26     1.55    -648.2     42.93    -19.84     1.402      71816    0    0    0    0    0
2023  2 28  7 53     8.58     1.96     1.53    -648.8     39.93    -23.43     1.400      69880    0    0    0    0    0
2023  2 28  7 54     8.70     2.10     1.74    -648.8     39.11    -24.77     1.411      69740    0    0    0    0    0
2023  2 28  7 55     8.72     2.08     1.84    -645.9     42.01    -23.85     1.458      88957    0    0    0    0    0
2023  2 28  7 56     8.74     2.03     2.07    -643.4     43.37    -22.36     1.510      93762    0    0    0    0    0
2023  2 28  7 57     8.79     1.95     2.42    -644.2     37.73    -21.49     1.565      74023    0    0    0    0    0
2023  2 28  7 58     8.74     1.33     2.65    -646.6     30.38    -22.86     1.621      65931    0    0    0    0    0
2023  2 28  7 59     8.64     0.66     2.83    -647.0     30.09    -22.55     1.676      65870    0    0    0    0    0
2023  2 28  8  0     8.68     0.55     2.82    -645.4     31.46    -19.92     1.703      74697    0    0    0    0    0
2023  2 28  8  1     8.78     0.63     2.74    -645.2     30.56    -18.88     1.704      77294    0    1    1    0    0
2023  2 28  8  2     8.77     0.86     2.79    -648.5     27.14    -19.90     1.700      70861    0    1    1    0    0
2023  2 28  8  3     8.72     1.03     2.88    -651.8      9.42     -2.59     1.697      70337    0    1    0    0    0
2023  2 28  8  4     8.81     1.19     2.80    -654.6     10.05      0.60     1.698      74311    0    1    0    0    0
2023  2 28  8  5     8.87     1.40     2.74    -655.1     13.65      3.15     1.705      88091    0    0    0    0    0
2023  2 28  8  6     8.96     1.64     2.37    -654.7     20.06      5.59     1.699      89543    0    0    0    0    0
2023  2 28  8  7     9.00     2.07     0.39    -654.8     27.08      6.27     1.648      86020    0    0    0    0    0
2023  2 28  8  8     9.03     3.02    -2.43    -656.5     32.02      6.28     1.620      73101    0    0    0    0    0
2023  2 28  8  9     9.00     3.20    -2.30    -657.3     29.98      6.48     1.570      81368    0    0    0    0    0
2023  2 28  8 10     8.94     3.07    -2.29    -656.0     23.75      6.94     1.523      97150    0    0    0    0    0
2023  2 28  8 11     8.95     2.80    -2.20    -654.9     21.84      5.73     1.474      94660    0    0    0    0    0
2023  2 28  8 12     9.01     2.75    -1.94    -653.6     21.74      0.36     1.423      83167    0    0    0    0    0
2023  2 28  8 13     9.05     2.61    -1.88    -652.5     21.21     -3.27     1.374      67550    0    0    0    0    0
2023  2 28  8 14     9.08     2.55    -2.07    -653.1     21.68     -6.09     1.370      53919    0    1    0    0    0
2023  2 28  8 15     9.13     2.51    -2.17    -655.1     25.75     -8.99     1.366      55110    0    1    0    0    0
2023  2 28  8 16     9.15     2.46    -2.16    -656.0     27.19     -9.39     1.361      62932    0    1    0    0    0
2023  2 28  8 17     9.14     2.48    -2.04    -655.6     26.65     -8.77     1.351      72743    0    1    0    0    0
2023  2 28  8 18     9.09     2.53    -1.83    -653.9     24.57     -8.74     1.335      72652    0    0    0    0    0
2023  2 28  8 19     9.06     2.58    -1.71    -651.7     23.71     -9.44     1.315      71981    0    0    0    0    0
2023  2 28  8 20     9.06     2.54    -1.43    -650.4     23.32     -9.68     1.292      68979    0    0    0    0    0
2023  2 28  8 21     9.05     2.76    -1.24    -649.1     23.22     -9.46     1.275      68979    0    0    0    0    0
2023  2 28  8 22     9.04     3.29    -1.13    -648.2     22.89     -9.40     1.262      68979    0    0    0    0    0
2023  2 28  8 23     9.04     3.40    -0.99    -647.9     22.17     -9.43     1.251      68363    0    1    0    0    0
2023  2 28  8 24     8.94     3.10    -0.45    -647.5     21.33    -10.71     1.177      59139    0    1    0    0    0
2023  2 28  8 25     9.01     2.65    -1.19    -644.9     17.83    -12.56     1.103      53832    0    1    0    0    0
2023  2 28  8 26     9.06     2.40    -1.47    -643.0     15.66    -13.53     1.069      50051    0    1    0    0    0
2023  2 28  8 27     9.15     2.39    -1.49    -642.4     15.51    -13.11     1.035      48110    0    1    0    0    0
2023  2 28  8 28     9.25     2.34    -1.52    -642.1     16.01    -11.54     1.009      47704    0    1    0    0    0
2023  2 28  8 29     9.33     2.20    -1.62    -641.6     16.37     -9.48     1.008      48949    0    1    0    0    0
2023  2 28  8 30     9.35     1.91    -1.85    -641.1     16.55     -6.84     1.021      49852    0    1    0    0    0
2023  2 28  8 31     9.34     1.55    -2.09    -640.9     15.22     -3.38     1.031      49882    0    1    0    0    0
2023  2 28  8 32     9.27     1.39    -2.41    -640.9     10.96      0.50     1.026      49988    0    0    0    0    0
2023  2 28  8 33     9.16     1.63    -2.91    -640.3      6.58      4.10     1.015      50075    0    0    0    0    0
2023  2 28  8 34     9.10     1.97    -3.12    -640.2      3.75      7.41     1.010      50075    0    1    0    0    0
2023  2 28  8 35     8.99     2.44    -2.79    -642.3      6.88      8.63     1.044      51329    0    1    0    0    0
2023  2 28  8 36     8.57     3.75    -2.16    -644.6     12.92      6.93     1.083      55764    0    1    0    0    0
2023  2 28  8 37     8.33     4.52    -1.99    -645.6     17.05      4.59     1.095      60189    0    1    0    0    0
2023  2 28  8 38     8.19     4.53    -2.41    -645.2     20.32      1.17     1.171      67637    0    0    0    0    0
2023  2 28  8 39     8.32     4.10    -2.55    -643.8     23.35     -3.84     1.231      77216    0    1    1    0    0
2023  2 28  8 40     8.43     3.89    -2.54    -641.9     20.57     -3.75     1.250      96699    0    1    1    0    0
2023  2 28  8 41     8.45     3.76    -2.44    -640.2     20.22     -6.70     1.221     107201    0    1    1    0    0
2023  2 28  8 42     8.39     3.53    -2.20    -639.3     24.22    -15.54     1.161      86364    0    1    1    0    0
2023  2 28  8 43     8.30     3.29    -2.06    -638.9     20.96    -15.49     1.117      57134    0    0    0    0    0
2023  2 28  8 44     8.26     3.14    -2.15    -638.1     14.14     -8.97     1.112      47531    0    1    1    1    1
2023  2 28  8 45     8.30     3.08    -2.18    -637.3     13.89     -9.63     1.133      42905    0    1    2    2    2
2023  2 28  8 46     8.34     3.03    -1.99    -636.5     13.52    -10.38     1.160      38383    0    1    2    2    2
2023  2 28  8 47     8.42     2.95    -1.69    -635.5     13.15    -11.12     1.187      33877    0    1    2    2    2
2023  2 28  8 48     8.51     2.84    -1.47    -634.8     13.39    -12.67     1.209      30450    0    1    1    1    1
2023  2 28  8 49     8.53     2.74    -1.38    -634.7     15.07    -16.22     1.212      30335    0    0    0    0    0
2023  2 28  8 50     8.56     2.71    -1.35    -634.5     15.41    -18.40     1.251      33290    0    0    0    0    0
2023  2 28  8 51     8.69     2.78    -1.31    -633.7     14.77    -19.46     1.386      42746    0    0    0    0    0
2023  2 28  8 52     8.84     2.95    -1.26    -634.0     16.40    -21.96     1.423      41597    0    0    0    0    0
2023  2 28  8 53     8.91     3.10    -1.26    -635.7     22.97    -29.72     1.389      37481    0    0    0    0    0
2023  2 28  8 54     8.94     3.10    -1.41    -637.2     22.63    -28.68     1.380      37588    0    0    0    0    0
2023  2 28  8 55     8.97     2.94    -1.89    -638.4     21.64    -27.67     1.335      37767    0    0    0    0    0
2023  2 28  8 56     8.95     2.95    -2.21    -640.7     19.76    -27.71     1.245      36632    0    0    0    0    0
2023  2 28  8 57     8.92     3.32    -2.18    -642.8     17.95    -28.18     1.215      32949    0    0    0    0    0
2023  2 28  8 58     8.92     3.50    -2.06    -642.9     16.15    -27.88     1.230      27383    0    0    0    0    0
2023  2 28  8 59     8.88     3.56    -1.82    -643.8     15.45    -27.36     1.278      20855    0    0    0    0    0
2023  2 28  9  0     8.87     3.62    -1.64    -644.8     17.01    -28.01     1.349      18881    0    0    0    0    0
2023  2 28  9  1     8.90     3.63    -1.50    -645.3     18.42    -28.59     1.392      18858    0    0    0    0    0
2023  2 28  9  2     8.92     3.61    -1.29    -645.6     18.23    -27.97     1.342      18858    0    0    0    0    0
2023  2 28  9  3     8.80     3.62    -1.19    -645.5     17.47    -27.71     1.367      17739    0    0    0    0    0
2023  2 28  9  4     8.73     3.69    -1.18    -645.3     18.15    -27.84     1.421      17430    0    0    0    0    0
2023  2 28  9  5     8.96     3.49    -1.16    -645.2     21.85    -27.86     1.477      20770    0    0    0    0    0
2023  2 28  9  6     8.98     3.43    -1.03    -644.3     26.27    -29.71     1.493      23804    0    0    0    0    0
2023  2 28  9  7     8.96     3.60    -0.81    -642.9     27.71    -32.47     1.522      24593    0    0    0    0    0
2023  2 28  9  8     8.96     3.71    -0.66    -641.8     26.94    -33.99     1.532      21609    0    0    0    0    0
2023  2 28  9  9     8.93     3.93    -0.64    -641.3     25.85    -34.24     1.529      15465    0    1    1    0    0
2023  2 28  9 10     8.91     4.05    -0.70    -641.7     27.75    -37.25     1.533      12399    0    1    1    0    0
2023  2 28  9 11     8.89     4.04    -0.70    -641.8     29.74    -40.58     1.543      12580    0    1    1    0    0
2023  2 28  9 12     8.89     3.80    -0.64    -641.5     29.20    -41.55     1.559      14151    0    1    1    0    0
2023  2 28  9 13     8.85     3.65    -0.24    -641.8     27.97    -42.37     1.581      15158    0    1    1    0    0
2023  2 28  9 14     8.78     3.49     1.52    -642.8     26.82    -43.04     1.611      15158    0    1    1    0    0
2023  2 28  9 15     8.51     3.30     2.36    -644.0     21.03    -40.64     1.644      15249    0    1    1    0    0
2023  2 28  9 16     8.35     3.26     2.37    -645.1     16.10    -37.52     1.623      16345    0    1    1    0    0
2023  2 28  9 17     8.31     3.26     2.27    -646.0     14.39    -35.27     1.582      16861    0    1    1    0    0
2023  2 28  9 18     8.33     3.36     2.21    -647.0     12.86    -34.38     1.545      18300    0    1    1    0    0
2023  2 28  9 19     8.41     3.43     2.29    -648.3     11.09    -34.17     1.508      19043    0    1    1    0    0
2023  2 28  9 20     8.45     3.43     3.62    -649.3     10.68    -33.29     1.576      19091    0    1    1    0    0
2023  2 28  9 21     8.56     3.25     4.62    -650.2     11.10    -30.96     1.594      16324    0    1    1    2    2
2023  2 28  9 22     8.49     3.05     4.62    -651.3     12.79    -27.68     1.612      13621    0    1    1    2    2
2023  2 28  9 23     8.49     3.01     4.61    -651.7     15.60    -24.32     1.630      11013    0    1    1    2    2
2023  2 28  9 24     8.47     3.25     4.53    -652.6     22.57     -8.28     1.646       8682    0    1    1    1    1
2023  2 28  9 25     8.55     3.50     4.08    -652.1     25.04     -8.76     1.631       8730    0    0    0    0    0
2023  2 28  9 26     7.83     3.25     4.89    -649.2     25.81    -11.69     1.535       9211    0    0    0    0    0
2023  2 28  9 27     7.72     3.20     4.95    -647.4     27.64    -12.76     1.405       9274    0    0    0    0    0
2023  2 28  9 28     7.69     3.20     5.04    -647.1     28.47    -12.93     1.339       9279    0    0    0    0    0
2023  2 28  9 29     7.72     3.10     5.34    -646.4     25.82    -10.85     1.324       8735    0    0    0    0    0
2023  2 28  9 30     7.72     2.97     5.54    -645.1     22.32     -9.76     1.340       8282    0    0    0    0    0
2023  2 28  9 31     7.71     2.91     5.60    -644.5     20.20    -11.69     1.383       7936    0    0    0    0    0
2023  2 28  9 32     7.70     3.08     5.62    -644.9     18.11    -13.18     1.438       7849    0    0    0    0    0
2023  2 28  9 33     7.54     3.07     5.83    -645.9     15.95     -9.41     1.462       8997    0    0    0    0    0
2023  2 28  9 34     7.45     2.86     5.96    -646.4     12.44     -2.87     1.465      10897    0    0    0    0    0
2023  2 28  9 35     7.48     2.65     5.99    -646.5      8.45      0.70     1.467      11262    0    0    0    0    0
2023  2 28  9 36     7.50     2.58     6.00    -646.5      7.05      1.46     1.471      10715    0    0    0    0    0
2023  2 28  9 37     7.51     2.58     6.00    -646.1     13.90     -2.16     1.484       9982    0    0    0    0    0
2023  2 28  9 38     8.20     2.78     5.17    -644.7     17.53     -4.07     1.491       9832    0    0    0    0    0
2023  2 28  9 39     8.77     2.92     4.64    -642.4     18.04     -4.43     1.492       9892    0    0    0    0    0
2023  2 28  9 40     8.96     2.97     4.27    -640.8     17.88     -5.20     1.493       9928    0    0    0    0    0
2023  2 28  9 41     8.98     3.04     4.06    -640.3     17.85     -6.05     1.494       9308    0    0    0    0    0
2023  2 28  9 42     9.00     3.12     4.05    -640.0     17.31     -4.91     1.488       8465    0    0    0    0    0
2023  2 28  9 43     9.08     3.12     3.87    -639.4     16.64     -3.24     1.592       8194    0    0    0    0    0
2023  2 28  9 44     9.19     3.11     3.38    -639.2     17.29     -2.90     1.706       8516    0    0    0    0    0
2023  2 28  9 45     9.20     3.01     2.90    -638.9     18.47     -3.16     1.709       8883    0    0    0    1    0
2023  2 28  9 46     9.19     2.86     2.60    -638.0     18.38     -3.63     1.726       8815    0    0    0    1    0
2023  2 28  9 47     9.19     2.90     2.37    -634.1     17.52     -4.16     1.722       8575    0    0    0    1    0
2023  2 28  9 48     9.20     3.11     2.30    -625.7     16.72     -4.68     1.685       8203    0    0    0    1    0
2023  2 28  9 49     9.21     3.39     2.07    -622.6     16.15     -6.44     1.665       8061    0    0    0    1    0
2023  2 28  9 50     9.20     3.50     1.95    -623.3     17.44     -7.90     1.676       7010    0    0    0    1    0
2023  2 28  9 51     9.18     3.46     1.42    -624.1     18.68     -7.67     1.699       6007    0    0    0    1    0
2023  2 28  9 52     9.14     3.39     0.79    -623.8     17.63     -6.32     1.712       5557    0    0    0    1    0
2023  2 28  9 53     9.00     3.35     1.04    -625.5     16.45     -4.86     1.727       5445    0    0    0    1    0
2023  2 28  9 54     8.78     3.35     2.14    -626.0     16.67     -6.16     1.753       5565    0    0    0    1    0
2023  2 28  9 55     8.66     3.35     2.72    -625.4     16.98     -9.02     1.796       5711    0    0    0    1    0
2023  2 28  9 56     8.68     3.33     2.59    -623.6     16.86    -11.00     1.840       6271    0    0    0    1    0
2023  2 28  9 57     8.76     3.32     2.13    -621.7     16.36    -12.87     1.873       6511    0    0    0    1    0
2023  2 28  9 58     8.78     3.32     1.98    -620.3     14.24    -14.17     1.904       6514    0    0    0    1    0
2023  2 28  9 59     8.54     3.54     2.85    -632.2     17.57    -28.19     1.946       6712    0    0    0    0    0
2023  2 28 10  0     8.36     3.51     3.38    -632.2     15.63    -28.53     1.869       8391    0    0    0    0    0
2023  2 28 10  1     8.30     3.57     3.57    -631.0     15.89    -27.98     1.488       9991    0    0    0    0    0
2023  2 28 10  2     8.25     3.55     3.75    -622.2     16.37    -27.57     1.485       9991    0    0    0    0    0
2023  2 28 10  3     8.18     3.53     3.93    -615.6     17.01    -27.19     1.472       9661    0    0    0    1    0
2023  2 28 10  4     8.09     3.49     4.11    -615.3     18.02    -26.98     1.436       8587    0    0    0    1    0
2023  2 28 10  5     8.05     3.44     4.21    -615.1     18.43    -27.40     1.421       8139    0    0    0    1    0
2023  2 28 10  6     8.02     3.45     4.22    -615.3     17.68    -28.43     1.442       8171    0    0    0    1    0
2023  2 28 10  7     8.06     3.54     3.91    -615.5     18.08    -29.46     1.500       8269    0    0    0    1    0
2023  2 28 10  8     8.10     3.64     3.42    -617.3     20.40    -30.21     1.556       8030    0    0    0    1    0
2023  2 28 10  9     8.11     3.60     3.30    -619.2     21.94    -30.82     1.532       7578    0    0    0    1    0
2023  2 28 10 10     8.10     3.58     3.36    -619.7     23.50    -25.67     1.471       8178    0    1    1    1    0
2023  2 28 10 11     8.04     3.55     3.41    -620.4     24.42    -19.35     1.445       9378    0    1    1    0    0
2023  2 28 10 12     7.97     3.54     3.41    -621.6     26.13    -18.87     1.496       9972    0    1    1    1    0
2023  2 28 10 13     7.96     3.46     3.44    -623.2     28.19    -19.20     1.580      10042    0    1    1    1    0
2023  2 28 10 14     7.91     3.60     3.91    -625.3     26.00    -28.41     1.646       9213    0    1    1    1    0
2023  2 28 10 15     7.86     3.86     4.05    -626.0     24.86    -31.28     1.702       8970    0    0    0    1    0
2023  2 28 10 16     7.75     4.02     3.93    -626.3     27.15    -31.16     1.637       9326    0    0    0    1    0
2023  2 28 10 17     7.57     4.17     3.80    -626.3     33.71    -29.89     1.600      11301    0    0    0    1    0
2023  2 28 10 18     7.41     4.23     3.88    -626.0     37.72    -28.71     1.571      11719    0    1    0    1    0
2023  2 28 10 19     7.35     3.99     4.13    -629.0     34.51    -27.90     1.536      10787    0    1    1    1    1
2023  2 28 10 20     7.43     3.58     4.45    -638.5     28.81    -26.58     1.498       9405    0    1    1    2    2
2023  2 28 10 21     7.43     3.52     4.59    -636.5     29.67    -24.87     1.476       8558    0    1    1    2    2
2023  2 28 10 22     7.40     3.47     4.64    -632.9     30.20    -23.51     1.458       7809    0    1    1    1    1
2023  2 28 10 23     7.41     3.47     4.71    -631.9     27.74    -21.17     1.435       7047    0    0    0    1    0
2023  2 28 10 24     7.58     3.56     4.71    -630.0     21.77     -4.17     1.410       6588    0    0    0    1    0
2023  2 28 10 25     7.59     3.63     4.72    -628.5     18.21     -3.34     1.384       6588    0    0    0    1    0
2023  2 28 10 26     7.59     3.88     4.64    -626.7     17.16     -1.60     1.360       6751    0    0    0    1    0
2023  2 28 10 27     7.68     3.88     4.62    -625.5     17.85     -0.79     1.373       7565    0    0    0    0    0
2023  2 28 10 28     7.64     3.76     4.64    -625.8     19.27     -0.48     1.310       7785    0    0    0    0    0
2023  2 28 10 29     7.52     3.64     4.67    -636.0     19.63      0.85     1.325       7256    0    0    0    0    0
2023  2 28 10 30     7.46     3.62     4.81    -635.6     18.41      4.16     1.348       7420    0    0    0    0    0
2023  2 28 10 31     7.45     3.58     4.99    -635.3     16.98      5.92     1.371       8294    0    0    0    0    0
2023  2 28 10 32     7.52     3.64     4.67    -633.3     15.58      5.64     1.390       9530    0    0    0    0    0
2023  2 28 10 33     7.74     3.84     3.60    -625.0     14.29      3.95     1.398       9530    0    0    0    0    0
2023  2 28 10 34     7.84     3.77     3.31    -621.4     13.05      1.44     1.407       9462    0    0    0    0    0
2023  2 28 10 35     7.85     3.39     3.77    -620.6     12.11     -1.41     1.440       9412    0    0    0    0    0
2023  2 28 10 36     7.84     3.21     4.08    -619.3     11.14     -9.79     1.511      10182    0    0    0    0    0
2023  2 28 10 37     7.86     3.36     3.94    -617.8     14.95    -23.57     1.601      11106    0    0    0    1    0
2023  2 28 10 38     7.94     3.41     3.68    -616.8     22.63    -30.94     1.692      10682    0    0    0    1    0
2023  2 28 10 39     8.04     3.21     3.67    -616.3     23.09    -27.38     1.787       9532    0    0    0    1    0
2023  2 28 10 40     7.96     3.31     3.77    -616.3     24.01    -26.89     1.885       8784    0    0    0    1    0
2023  2 28 10 41     7.87     3.53     3.85    -616.4     24.68    -27.99     1.980       8452    0    0    0    1    0
2023  2 28 10 42     7.94     3.44     3.66    -616.4     23.51    -28.10     2.069       8452    0    0    0    0    0
2023  2 28 10 43     8.11     3.31     3.09    -616.1     21.31    -30.12     2.150       8898    0    0    0    0    0
2023  2 28 10 44     8.11     3.25     3.29    -615.7     20.09    -36.37     2.226       9986    0    0    0    0    0
2023  2 28 10 45     8.00     3.21     3.88    -615.7     22.03    -38.88     2.300       9630    0    0    0    0    0
2023  2 28 10 46     7.83     3.17     3.98    -615.8     24.57    -38.55     2.371       8378    0    0    0    0    0
2023  2 28 10 47     7.92     3.10     3.91    -616.1     24.01    -37.31     2.499       7423    0    0    0    0    0
2023  2 28 10 48     8.13     2.94     3.69    -616.4     21.58    -36.00     2.688       6857    0    0    0    1    0
2023  2 28 10 49     8.13     2.67     3.75    -616.4     18.86    -34.67     2.639       6524    0    0    0    1    0
2023  2 28 10 50     8.13     2.45     3.87    -615.8     17.95    -33.61     2.554       5630    0    0    0    1    0
2023  2 28 10 51     8.12     2.34     3.87    -614.8     17.48    -34.77     2.474       5000    0    0    0    1    0
2023  2 28 10 52     8.11     2.37     3.86    -614.5     17.97    -38.19     2.428       5143    0    0    0    1    0
2023  2 28 10 53     8.19     2.73     3.78    -616.4     19.88    -40.59     2.388       5833    0    0    0    1    0
2023  2 28 10 54     8.29     3.03     3.76    -630.4     20.86    -40.29     2.317       6239    0    0    0    1    0
2023  2 28 10 55     8.21     2.91     4.01    -632.2     19.02    -40.55     2.285       6389    0    0    0    1    0
2023  2 28 10 56     8.14     2.88     4.06    -631.4     15.88    -41.25     2.267       6607    0    0    0    1    0
2023  2 28 10 57     8.14     2.88     4.06    -629.6     12.55    -39.59     2.271       6858    0    0    0    1    0
2023  2 28 10 58     8.24     2.68     4.12    -625.9     12.13    -37.81     2.263       6862    0    0    0    1    0
2023  2 28 10 59     8.27     2.63     4.21    -625.2     13.73    -36.43     2.229       6126    0    0    0    1    0
2023  2 28 11  0     8.15     2.39     4.42    -623.6     13.54    -36.18     2.175       5290    0    0    0    1    0
2023  2 28 11  1     8.02     2.21     4.53    -622.4     11.66    -36.34     2.117       5000    0    0    0    1    0
2023  2 28 11  2     7.97     2.09     4.56    -622.6     10.95    -36.46     2.068       5129    0    0    0    1    0
2023  2 28 11  3     7.96     2.12     4.70    -623.8     12.52    -36.08     2.048       5719    0    0    0    1    0
2023  2 28 11  4     7.94     2.20     4.77    -623.9     15.55    -36.31     2.045       5943    0    0    0    1    0
2023  2 28 11  5     7.90     2.20     4.76    -622.8     18.50    -36.91     2.041       5815    0    0    0    1    0
2023  2 28 11  6     7.89     2.24     4.70    -621.3     20.63    -37.40     2.034       5743    0    0    0    1    0
2023  2 28 11  7     7.91     2.34     4.67    -620.4     22.56    -37.62     2.094       5798    0    0    0    0    0
2023  2 28 11  8     7.97     2.37     4.70    -620.2     23.31    -37.09     2.179       5851    0    0    0    0    0
2023  2 28 11  9     8.02     2.27     4.77    -619.8     23.64    -37.06     2.159       5846    0    1    1    1    1
2023  2 28 11 10     7.97     2.13     4.84    -619.6     22.78    -36.70     2.072       5829    0    1    1    2    2
2023  2 28 11 11     7.69     2.19     4.88    -620.0     20.18    -36.51     1.981       5803    0    1    1    2    2
2023  2 28 11 12     7.45     2.34     4.87    -620.0     20.32    -37.98     1.890       5778    0    1    1    2    2
2023  2 28 11 13     7.47     2.43     4.78    -619.9     23.74    -39.68     1.800       5752    0    1    1    2    2
2023  2 28 11 14     7.50     2.51     4.77    -619.9     26.02    -40.84     1.716       5636    0    1    1    1    1
2023  2 28 11 15     7.56     2.44     4.92    -620.3     25.50    -40.44     1.677       5378    0    1    1    0    0
2023  2 28 11 16     7.63     2.30     5.00    -621.4     24.08    -39.15     1.750       5104    0    1    1    1    0
2023  2 28 11 17     7.68     2.29     4.96    -623.6     22.17    -37.12     1.881       5000    0    1    1    1    0
2023  2 28 11 18     7.66     2.32     4.89    -624.9     22.22    -35.53     2.018       5000    0    0    0    1    0
2023  2 28 11 19     7.62     2.34     4.62    -624.6     24.49    -34.42     2.070       5000    0    1    1    1    1
2023  2 28 11 20     7.54     2.44     4.51    -624.4     26.57    -32.52     2.082       5000    0    1    1    1    2
2023  2 28 11 21     7.47     2.53     4.46    -624.3     27.00    -31.98     2.090       5000    0    1    1    1    2
2023  2 28 11 22     7.50     2.55     4.44    -625.1     26.67    -32.09     1.781       5000    0    1    1    1    2
2023  2 28 11 23     7.55     2.27     4.59    -626.9     25.67    -32.91     1.741       5000    0    1    1    1    2
2023  2 28 11 24     7.64     2.22     4.87    -624.5     25.04    -34.84     1.685       5000    0    1    1    1    2
2023  2 28 11 25     7.68     1.98     4.87    -625.0     23.54    -36.15     1.826       5000    0    1    1    1    2
2023  2 28 11 26     7.67     2.02     4.84    -628.5     20.35    -35.17     2.083       5000    0    1    1    2    2
2023  2 28 11 27     7.64     2.23     4.84    -627.9     21.59    -35.15     2.293       5043    0    1    1    2    2
2023  2 28 11 28     7.64     2.28     4.90    -626.1     23.87    -36.06     2.489       5177    0    1    1    1    2
2023  2 28 11 29     7.68     2.33     4.11    -624.1     24.34    -37.61     2.537       5208    0    1    1    1    2
2023  2 28 11 30     7.72     2.53     3.79    -622.9     23.83    -37.37     2.527       5073    0    1    1    1    1
2023  2 28 11 31     7.75     2.90     4.17    -625.4     22.57    -35.26     2.506       5000    0    0    0    1    0
2023  2 28 11 32     7.76     2.71     4.44    -628.8     21.22    -36.74     2.489       5000    0    1    1    1    1
2023  2 28 11 33     7.86     2.59     4.46    -627.7     19.98    -39.89     2.477       5090    0    1    1    2    2
2023  2 28 11 34     7.87     2.25     4.47    -624.7     19.41    -38.43     2.466       5327    0    1    1    2    2
2023  2 28 11 35     7.81     2.20     4.69    -625.5     24.70    -33.12     2.445       5407    0    1    1    1    1
2023  2 28 11 36     7.60     2.39     4.83    -623.6     34.32    -29.56     2.527       5132    0    0    0    0    0
2023  2 28 11 37     7.51     2.58     4.87    -621.2     37.94    -28.22     2.552       5000    0    0    0    0    0
2023  2 28 11 38     7.60     2.55     4.91    -617.0     37.60    -28.28     2.495       5000    0    0    0    0    0
2023  2 28 11 39     7.78     2.34     4.99    -610.6     37.26    -28.82     2.408       5000    0    0    0    0    0
2023  2 28 11 40     7.78     2.37     5.06    -610.5     36.16    -31.94     2.333       5000    0    0    0    0    0
2023  2 28 11 41     7.63     2.26     5.33    -615.0     34.97    -31.62     2.273       5963    0    0    0    0    0
2023  2 28 11 42     7.51     2.38     5.44    -616.6     34.58    -30.83     2.223       8731    0    0    0    0    0
2023  2 28 11 43     7.37     2.69     5.40    -617.6     33.05    -32.18     2.171      10337    0    0    0    0    0
2023  2 28 11 44     7.40     2.75     5.31    -618.4     27.65    -35.50     2.132      10033    0    0    0    0    0
2023  2 28 11 45     7.53     2.76     5.30    -618.4     20.94    -36.85     2.120       8871    0    0    0    0    0
2023  2 28 11 46     7.72     2.54     5.30    -622.1     18.49    -34.66     2.149       6678    0    0    0    0    0
2023  2 28 11 47     7.78     2.22     4.81    -621.9     20.44    -33.46     2.179       5374    0    0    0    0    0
2023  2 28 11 48     7.95     1.92     4.21    -618.7     21.82    -33.42     2.180       5000    0    0    0    0    0
2023  2 28 11 49     8.17     1.62     3.85    -618.4     22.47    -33.85     2.132       5000    0    0    0    0    0
2023  2 28 11 50     8.27     1.47     3.65    -619.9     22.90    -33.87     2.095       5000    0    0    0    0    0
2023  2 28 11 51     8.63     1.30     2.41    -622.9     22.36    -33.09     2.097       5000    0    0    0    0    0
2023  2 28 11 52     8.79     1.11     1.62    -623.9     20.63    -32.47     2.092       5000    0    0    0    0    0
2023  2 28 11 53     8.79     0.95     1.47    -623.2     20.10    -32.34     2.094       5000    0    0    0    0    0
2023  2 28 11 54     8.80     0.85     1.43    -622.3     20.05    -32.34     2.090       5000    0    0    0    0    0
2023  2 28 11 55     8.80     0.96     1.39    -621.6     18.81    -32.23     2.079       5000    0    0    0    0    0
2023  2 28 11 56     8.82     1.15     1.41    -621.5     16.01    -32.39     2.071       5018    0    0    0    0    0
2023  2 28 11 57     8.84     1.24     1.58    -621.6     14.62    -32.53     2.068       5032    0    0    0    0    0
2023  2 28 11 58     8.86     1.26     1.70    -622.7     14.27    -32.88     2.068       5012    0    0    0    0    0
2023  2 28 11 59     8.87     1.23     1.63    -622.4     15.29    -33.06     2.067       5000    0    0    0    0    0
2023  2 28 12  0     8.91     1.17     1.36    -621.9     18.37    -32.44     2.083       5000    0    0    0    0    0
2023  2 28 12  1     8.94     1.09     1.07    -621.5     22.24    -31.65     2.101       5518    0    0    0    0    0
2023  2 28 12  2     8.95     1.04     0.99    -621.2     22.01    -31.42     2.104       5663    0    0    0    0    0
2023  2 28 12  3     8.95     1.03     1.06    -621.5     16.65    -32.48     2.092       5645    0    0    0    0    0
2023  2 28 12  4     8.97     1.07     0.94    -621.2     14.34    -33.73     2.073       5936    0    0    0    0    0
2023  2 28 12  5     8.99     1.18     0.71    -620.7     15.44    -34.01     2.060       6298    0    0    0    0    0
2023  2 28 12  6     8.99     1.31     0.60    -620.6     16.06    -33.65     2.055       6722    0    0    0    0    0
2023  2 28 12  7     9.02     1.41     0.57    -620.9     15.89    -33.40     2.080       7122    0    0    0    0    0
2023  2 28 12  8     9.06     1.47     0.60    -621.4     16.14    -33.26     2.136       7521    0    0    0    0    0
2023  2 28 12  9     9.08     1.50     0.65    -621.5     17.68    -32.98     2.198       7982    0    0    0    0    0
2023  2 28 12 10     9.08     1.49     0.50    -621.2     19.61    -33.00     2.254       8419    0    0    0    0    0
2023  2 28 12 11     9.05     1.45     0.17    -620.8     21.90    -33.45     2.305       8755    0    0    0    0    0
2023  2 28 12 12     9.02     1.45     0.00    -621.3     22.73    -34.06     2.302       9049    0    0    0    0    0
2023  2 28 12 13     9.00     1.50     0.02    -621.1     23.38    -34.99     2.323       9885    0    0    0    0    0
2023  2 28 12 14     9.00     1.53     0.06    -621.1     24.23    -35.78     2.329      10453    0    0    0    0    0
2023  2 28 12 15     9.08     1.51     0.01    -621.0     23.19    -36.21     2.310       9908    0    0    0    0    0
2023  2 28 12 16     9.16     1.42    -0.09    -621.2     19.32    -36.67     2.251       8826    0    0    0    0    0
2023  2 28 12 17     9.21     1.29    -0.21    -621.3     15.41    -37.55     2.293       8331    0    0    0    0    0
2023  2 28 12 18     9.45     1.16    -0.30    -621.3     15.38    -38.35     2.277       8331    0    0    0    0    0
2023  2 28 12 19     9.81     1.17    -0.36    -621.2     18.67    -38.52     2.209       8360    0    0    0    0    0
2023  2 28 12 20     9.96     1.34    -0.38    -621.3     19.33    -38.68     2.200       8382    0    0    0    0    0
2023  2 28 12 21     9.96     1.44    -0.32    -621.2     16.41    -39.23     2.272       8187    0    0    0    0    0
2023  2 28 12 22     9.95     1.45    -0.35    -621.7     14.99    -40.01     2.493       8032    0    0    0    0    0
2023  2 28 12 23     9.94     1.48    -0.48    -622.3     15.80    -40.52     2.605       8032    0    0    0    0    0
2023  2 28 12 24     9.92     1.50    -0.56    -622.9     17.33    -40.62     2.601       8032    0    0    0    0    0
2023  2 28 12 25     9.92     1.49    -0.56    -623.4     18.38    -40.54     2.611       8219    0    0    0    0    0
2023  2 28 12 26     9.93     1.43    -0.56    -623.3     18.32    -40.23     2.607       9797    0    0    0    0    0
2023  2 28 12 27     9.94     1.43    -0.60    -623.2     17.82    -39.98     2.560      11634    0    0    0    0    0
2023  2 28 12 28     9.91     1.46    -0.70    -623.1     19.03    -40.06     2.520      12618    0    0    0    0    0
2023  2 28 12 29     9.87     1.40    -0.77    -623.0     22.61    -40.71     2.558      12898    0    0    0    0    0
2023  2 28 12 30     9.91     1.12    -0.70    -622.5     21.91    -41.58     2.607      13347    0    0    0    0    0
2023  2 28 12 31    10.02     0.99    -0.18    -620.7     16.20    -42.09     2.647      13594    0    0    0    0    0
2023  2 28 12 32    10.09     0.99     0.22    -619.0     12.45    -42.21     2.668      13425    0    0    0    0    1
2023  2 28 12 33    10.04     0.83     0.24    -618.6     12.56    -42.12     2.622      13215    0    0    0    0    1
2023  2 28 12 34     9.98     0.57     0.31    -618.5     12.07    -42.21     2.512      13215    0    0    0    0    1
2023  2 28 12 35     9.98     0.50     0.48    -618.3     10.01    -42.76     2.429      12913    0    0    0    0    1
2023  2 28 12 36    10.02     0.48     0.69    -618.2      8.06    -43.41     2.394      12137    0    0    0    0    0
2023  2 28 12 37    10.12     0.49     0.83    -618.0      8.84    -43.59     2.380      11626    0    0    0    1    1
2023  2 28 12 38    10.20     0.52     0.83    -617.3     11.34    -43.52     2.434      12369    0    0    0    1    1
2023  2 28 12 39    10.20     0.59     0.71    -616.8     12.60    -43.52     2.582      14858    0    0    0    1    1
2023  2 28 12 40    10.21     0.66     0.43    -616.4     10.26    -43.44     2.717      17193    0    0    0    1    1
2023  2 28 12 41    10.22     0.70     0.02    -615.9      7.94    -43.49     2.780      17346    0    0    0    1    1
2023  2 28 12 42    10.23     0.73    -0.44    -616.0      9.18    -43.03     2.737      18107    0    0    0    1    1
2023  2 28 12 43    10.22     0.77    -0.71    -616.6     10.28    -41.70     2.653      19026    0    0    0    1    1
2023  2 28 12 44    10.19     0.82    -0.82    -617.9      9.59    -41.30     2.560      17781    0    0    0    1    1
2023  2 28 12 45    10.20     0.83    -0.76    -619.2      8.93    -41.77     2.462      15570    0    0    0    1    1
2023  2 28 12 46    10.20     0.83    -0.74    -620.1      9.44    -42.35     2.372      15340    0    0    0    1    1
2023  2 28 12 47    10.19     0.83    -0.76    -621.0     10.77    -42.71     2.311      15340    0    0    0    1    1
2023  2 28 12 48    10.19     0.82    -0.77    -621.6     11.57    -42.71     2.312      15237    0    0    0    0    0
2023  2 28 12 49    10.19     0.81    -0.76    -621.6     11.67    -42.55     2.374      15035    0    0    0    0    0
2023  2 28 12 50    10.22     0.76    -0.64    -620.6     12.23    -42.18     2.483      14940    0    0    0    0    0
2023  2 28 12 51    10.23     0.66    -0.49    -619.2     13.84    -41.63     2.551      15878    0    0    0    0    0
2023  2 28 12 52    10.21     0.55    -0.43    -618.9     15.65    -41.26     2.547      17010    0    0    0    0    0
2023  2 28 12 53    10.19     0.52    -0.47    -620.2     14.78    -41.40     2.518      16894    0    1    1    1    1
2023  2 28 12 54    10.20     0.61    -0.53    -620.6     10.27    -41.57     2.476      16473    0    1    1    1    1
2023  2 28 12 55    10.30     0.76    -0.56    -619.6      7.82    -41.51     2.450      15916    0    1    1    1    1
2023  2 28 12 56    10.37     0.83    -0.58    -618.7      8.82    -41.29     2.440      15351    0    1    1    1    1
2023  2 28 12 57    10.37     0.72    -0.63    -618.6      9.34    -41.06     2.426      14767    0    1    1    2    1
2023  2 28 12 58    10.38     0.55    -0.66    -618.3      8.28    -40.96     2.398      14181    0    1    1    2    1
2023  2 28 12 59    10.37     0.50    -0.65    -618.0      7.31    -40.85     2.374      13833    0    1    1    1    1
2023  2 28 13  0    10.31     0.51    -0.64    -617.5      7.91    -40.73     2.365      14015    0    1    1    1    1
2023  2 28 13  1    10.20     0.53    -0.59    -616.5     10.50    -40.77     2.383      15017    0    0    0    1    1
2023  2 28 13  2    10.09     0.54    -0.51    -615.1     14.33    -40.95     2.409      16558    0    0    0    1    1
2023  2 28 13  3    10.07     0.59    -0.46    -614.7     15.78    -41.03     2.424      16662    0    1    1    1    1
2023  2 28 13  4    10.07     0.63    -0.40    -616.6     13.55    -41.11     2.428      16534    0    1    1    2    1
2023  2 28 13  5    10.08     0.65    -0.38    -617.2     11.96    -41.14     2.430      16111    0    1    1    2    1
2023  2 28 13  6    10.09     0.66    -0.42    -617.5     15.45    -40.89     2.433      15694    0    1    1    2    1
2023  2 28 13  7    10.08     0.70    -0.53    -617.3     19.89    -40.52     2.436      15291    0    1    1    2    1
2023  2 28 13  8    10.08     0.79    -0.60    -617.0     21.36    -40.17     2.438      14983    0    1    1    1    1
2023  2 28 13  9    10.10     0.94    -0.56    -617.3     20.51    -39.59     2.440      14898    0    0    0    1    1
2023  2 28 13 10    10.13     0.93    -0.41    -617.4     19.60    -38.67     2.442      14416    0    0    0    1    1
2023  2 28 13 11    10.15     0.87    -0.24    -616.6     18.69    -38.04     2.445      13583    0    0    0    1    1
2023  2 28 13 12    10.19     0.76    -0.11    -614.8     15.43    -37.53     2.451      14068    0    0    0    1    1
2023  2 28 13 13    10.23     0.61    -0.02    -612.8     10.18    -36.48     2.461      15922    0    0    0    0    0
2023  2 28 13 14    10.12     0.55     0.04    -612.9      9.07    -35.79     2.495      16992    0    1    1    1    1
2023  2 28 13 15    10.09     0.51     0.10    -613.5     11.32    -35.36     2.526      16854    0    1    1    1    1
2023  2 28 13 16    10.10     0.44     0.36    -613.7     17.65    -34.58     2.553      15948    0    1    1    1    1
2023  2 28 13 17    10.10     0.34     0.54    -612.7     22.47    -33.82     2.528      15090    0    1    1    1    1
2023  2 28 13 18    10.09     0.21     0.67    -613.4     17.81    -33.91     2.614      14151    0    1    1    1    1
2023  2 28 13 19    10.08     0.12     0.75    -611.4     10.38    -34.29     2.663      13349    0    1    1    1    1
2023  2 28 13 20    10.08     0.06     0.77    -612.4     10.08    -33.96     2.671      12393    0    1    1    1    1
2023  2 28 13 21    10.08     0.03     0.77    -611.4      9.57    -33.65     2.671      11543    0    1    1    1    1
2023  2 28 13 22    10.07     0.02     0.75    -612.4      7.58    -33.35     2.640      10600    0    1    1    1    1
2023  2 28 13 23    10.07     0.02     0.66    -611.0      5.30    -33.09     2.564       9887    0    1    1    1    1
2023  2 28 13 24    10.25     0.02     0.60    -611.3      5.92    -33.20     2.492       9910    0    0    0    0    0
2023  2 28 13 25    10.27    -0.07     0.60    -610.8      8.87    -33.49     2.356      10611    0    0    0    0    0
2023  2 28 13 26    10.29    -0.21     0.54    -610.5     10.02    -33.58     2.342      10694    0    0    0    0    0
2023  2 28 13 27    10.28    -0.11     0.44    -609.7      7.69    -33.44     2.281      10803    0    0    0    0    0
2023  2 28 13 28    10.28    -0.03     0.34    -609.7      7.57    -33.41     2.198      10973    0    0    0    0    0
2023  2 28 13 29    10.27     0.32     0.15    -609.8      8.35    -33.73     2.092      11495    0    1    1    1    1
2023  2 28 13 30    10.26     0.26     0.05    -609.8     10.47    -34.21     1.978      12047    0    1    1    1    1
2023  2 28 13 31    10.27     0.24     0.04    -609.3      9.84    -34.66     1.919      12584    0    1    1    1    1
2023  2 28 13 32    10.27     0.22     0.05    -608.3      7.13    -35.08     1.884      13104    0    1    1    1    1
2023  2 28 13 33    10.27     0.19     0.05    -608.3      3.52    -36.11     2.120      13182    0    1    1    1    1
2023  2 28 13 34    10.29     0.20    -0.04    -608.1      3.74    -36.93     2.295      12767    0    0    0    0    1
2023  2 28 13 35    10.34     0.22    -0.17    -608.1      4.02    -37.39     2.300      11066    0    0    0    0    0
2023  2 28 13 36    10.33     0.19    -0.21    -607.6      4.36    -37.86     2.253      10404    0    0    0    0    0
2023  2 28 13 37    10.24     0.08    -0.18    -608.0      4.36    -38.95     2.218      10330    0    0    0    0    0
2023  2 28 13 38    10.23     0.00    -0.05    -607.5      5.42    -40.24     2.152      10466    0    0    0    0    0
2023  2 28 13 39    10.23    -0.05    -0.05    -607.5      7.23    -40.86     2.131      11092    0    0    0    0    0
2023  2 28 13 40    10.25    -0.13    -0.15    -607.6      7.91    -40.91     2.130      11955    0    0    0    0    0
2023  2 28 13 41    10.25    -0.23    -0.21    -607.8      8.00    -40.76     2.127      12104    0    0    0    0    0
2023  2 28 13 42    10.18    -0.26    -0.10    -608.0      7.66    -40.63     2.094      10853    0    0    0    0    1
2023  2 28 13 43    10.17    -0.30     0.10    -606.8      7.01    -41.47     1.989      10885    0    0    0    0    1
2023  2 28 13 44    10.22    -0.34     0.27    -605.9      4.15    -42.32     1.881      11232    0    0    0    0    1
2023  2 28 13 45    10.20    -0.35     0.32    -605.2      2.87    -42.56     1.849      11638    0    0    0    1    1
2023  2 28 13 46    10.17    -0.37     0.31    -605.2      1.54    -42.58     1.879      12116    0    0    0    1    1
2023  2 28 13 47    10.14    -0.40     0.32    -605.7      0.25    -42.62     1.922      12662    0    0    0    1    1
2023  2 28 13 48    10.12    -0.43     0.34    -606.2     -0.11    -42.61     1.964      13245    0    0    0    1    1
2023  2 28 13 49    10.11    -0.46     0.36    -606.4      0.14    -42.34     2.012      13849    0    1    1    1    1
2023  2 28 13 50    10.06    -0.46     0.39    -606.5      0.57    -41.97     2.055      14473    0    1    1    1    1
2023  2 28 13 51    10.04    -0.62     0.41    -606.5      0.03    -41.67     2.071      15105    0    1    1    1    1
2023  2 28 13 52    10.02    -1.00     0.42    -606.5      0.23    -41.14     2.082      15739    0    1    1    2    1
2023  2 28 13 53     9.90    -1.14     0.49    -606.6      0.12    -40.93     2.102      16371    0    1    1    1    1
2023  2 28 13 54     9.87    -1.15     0.37    -610.6      0.11    -40.98     2.120      17117    0    0    0    1    1
2023  2 28 13 55     9.93    -1.30     0.37    -610.9      0.16    -40.48     2.123      17719    0    0    0    1    1
2023  2 28 13 56     9.97    -1.30     0.47    -608.5      2.13    -39.63     2.127      18221    0    0    0    1    1
2023  2 28 13 57     9.99    -1.26     0.73    -608.0      3.52    -39.35     2.132      18768    0    0    0    1    2
2023  2 28 13 58     9.99    -1.20     0.70    -607.5      3.88    -38.97     1.862      19289    0    0    0    1    2
2023  2 28 13 59    10.01    -1.19     0.51    -607.9      1.67    -38.14     1.776      19829    0    1    1    1    2
2023  2 28 14  0    10.01    -1.08     0.42    -607.3     -4.68    -36.83     1.744      20347    0    1    1    1    1
2023  2 28 14  1    10.03    -0.97     0.48    -607.0     -6.30    -36.33     1.709      20905    0    1    1    1    1
2023  2 28 14  2    10.07    -0.95     0.77    -607.0     -6.02    -36.44     1.672      21473    0    1    1    1    2
2023  2 28 14  3    10.01    -1.56     0.96    -607.1     -4.54    -36.37     1.633      22020    0    1    1    1    2
2023  2 28 14  4     9.99    -1.81     1.02    -609.7     -3.14    -36.30     1.588      22616    0    0    0    1    2
2023  2 28 14  5     9.98    -1.97     1.02    -609.9     -3.02    -35.39     1.546      23139    0    1    1    1    2
2023  2 28 14  6     9.99    -1.92     1.02    -607.6     -1.47    -35.12     1.538      23597    0    1    1    2    2
2023  2 28 14  7    10.00    -1.74     1.04    -606.5     -1.12    -34.71     1.534      24017    0    1    1    2    2
2023  2 28 14  8    10.03    -1.69     1.08    -607.0     -1.81    -34.17     1.535      24455    0    1    1    2    2
2023  2 28 14  9    10.05    -1.67     1.02    -609.1     -4.49    -33.40     1.541      25014    0    1    1    1    2
2023  2 28 14 10    10.06    -1.60     0.96    -606.8     -5.27    -32.77     1.361      24999    0    1    1    1    2
2023  2 28 14 11    10.08    -1.46     0.88    -606.2     -4.08    -32.83     1.348      24879    0    1    1    1    2
2023  2 28 14 12    10.10    -1.20     0.76    -606.6      0.53    -33.72     1.404      24795    0    0    0    1    2
2023  2 28 14 13    10.11    -0.89     0.58    -606.6      2.72    -34.38     1.468      24745    0    0    0    1    1
2023  2 28 14 14    10.11    -0.81     0.42    -614.4      5.02    -33.96     1.575      24672    0    0    0    1    2
2023  2 28 14 15    10.09    -0.79     0.43    -613.6      7.33    -33.36     1.654      24620    0    0    0    1    2
2023  2 28 14 16    10.08    -0.70     0.44    -609.8     10.09    -33.19     1.709      24570    0    0    0    1    2
2023  2 28 14 17    10.07    -0.33     0.36    -608.4     16.42    -33.09     1.689      24516    0    1    1    1    1
2023  2 28 14 18    10.08    -0.24     0.05    -608.2     16.94    -32.96     1.755      24460    0    1    1    0    1
2023  2 28 14 19    10.09    -0.29     0.00    -608.2     15.93    -32.79     1.842      24407    0    1    1    0    1
2023  2 28 14 20    10.09    -0.32     0.02    -611.7     15.12    -32.59     1.951      24347    1    1    1    0    1
2023  2 28 14 21    10.13    -0.26    -0.01    -612.8     15.59    -32.31     2.043      24277    1    1    1    0    1
2023  2 28 14 22    10.18    -0.13    -0.10    -619.4     15.00    -32.13     2.171      24201    1    1    1    0    1
2023  2 28 14 23    10.19    -0.09    -0.14    -619.1     13.05    -31.98     2.257      24164    0    1    1    0    1
2023  2 28 14 24    10.16    -0.08    -0.15    -618.9     11.66    -31.85     2.357      24129    0    1    1    0    1
2023  2 28 14 25    10.12    -0.08    -0.19    -615.2     12.88    -31.70     2.442      24101    0    1    1    0    1
2023  2 28 14 26    10.08    -0.09    -0.27    -607.0     14.62    -31.57     2.490      24083    0    1    1    0    1
2023  2 28 14 27     9.99    -0.18    -0.35    -618.1     14.71    -31.13     2.465      24025    0    1    1    0    1
2023  2 28 14 28    10.00    -0.17    -0.29    -617.9     14.71    -30.93     2.592      23979    0    1    1    0    1
2023  2 28 14 29    10.07    -0.11    -0.24    -616.2     16.28    -30.70     2.651      23935    0    1    1    0    1
2023  2 28 14 30    10.16    -0.06    -0.21    -611.9     18.54    -30.46     2.693      23898    0    1    1    0    1
2023  2 28 14 31    10.17    -0.05    -0.16    -606.1     17.49    -30.47     2.709      23865    0    1    1    0    1
2023  2 28 14 32    10.17    -0.06    -0.10    -603.8     14.12    -31.24     2.806      23598    0    1    1    0    1
2023  2 28 14 33    10.15    -0.07     0.02    -608.3     12.30    -32.94     2.972      23067    0    1    1    0    1
2023  2 28 14 34    10.16    -0.08     0.13    -608.4     12.38    -34.38     2.819      22598    0    1    1    0    1
2023  2 28 14 35    10.17    -0.08     0.20    -608.1     12.39    -34.99     2.893      22129    0    1    1    0    1
2023  2 28 14 36    10.18    -0.13     0.22    -607.9     12.11    -35.10     2.908      21676    0    1    1    0    0
2023  2 28 14 37    10.17    -0.17     0.27    -607.8     11.71    -35.24     2.867      21201    0    1    1    0    0
2023  2 28 14 38    10.17    -0.17     0.30    -604.3     11.42    -35.22     2.841      20757    0    1    1    0    0
2023  2 28 14 39    10.18    -0.11     0.31    -602.1     11.74    -35.01     2.769      20241    0    1    1    0    0
2023  2 28 14 40    10.20     0.03     0.29    -607.8     14.38    -34.95     2.661      19451    0    1    1    0    0
2023  2 28 14 41    10.21     0.04     0.30    -608.1     13.23    -35.14     2.621      18829    0    1    1    0    0
2023  2 28 14 42    10.21    -0.13     0.32    -607.2      7.25    -35.20     2.602      18253    0    1    1    0    0
2023  2 28 14 43    10.20    -0.43     0.34    -606.7      3.06    -35.23     2.612      17683    0    1    1    0    0
2023  2 28 14 44    10.21    -0.75     0.38    -606.6      1.44    -36.02     2.621      17201    0    0    0    1    1
2023  2 28 14 45    10.27    -0.97     0.76    -606.5      0.65    -37.91     2.563      16868    0    0    0    1    2
2023  2 28 14 46    10.35    -1.01     1.10    -606.5     -0.73    -39.09     2.483      16588    0    0    0    1    2
2023  2 28 14 47    10.39    -1.04     1.19    -603.5     -2.82    -39.14     2.427      16390    0    0    0    1    1
2023  2 28 14 48    10.39    -1.20     1.35    -605.1     -4.67    -37.99     2.365      16185    0    0    0    1    1
2023  2 28 14 49    10.37    -1.46     1.72    -606.9     -5.22    -36.95     2.445      16014    0    0    0    1    1
2023  2 28 14 50    10.30    -1.94     1.95    -607.0     -4.66    -38.55     2.470      15852    0    0    0    1    1
2023  2 28 14 51    10.28    -2.01     1.97    -606.9     -6.48    -40.40     2.462      15703    0    0    0    1    1
2023  2 28 14 52    10.33    -1.91     1.87    -605.7    -12.92    -40.78     2.577      15582    0    0    0    1    1
2023  2 28 14 53    10.45    -1.87     1.79    -602.6    -15.02    -41.00     2.449      15489    0    0    0    1    1
2023  2 28 14 54    10.53    -1.91     1.68    -600.5    -14.72    -41.17     2.401      15404    0    1    1    1    1
2023  2 28 14 55    10.54    -2.01     1.56    -600.7    -14.48    -41.08     2.413      15315    0    1    1    1    2
2023  2 28 14 56    10.62    -2.16     1.47    -601.7    -14.18    -40.99     2.255      15056    0    1    1    2    2
2023  2 28 14 57    10.68    -2.23     1.41    -604.7    -11.89    -41.10     2.207      14564    0    1    1    1    1
2023  2 28 14 58    10.70    -2.31     1.36    -606.6     -9.82    -41.56     2.362      14143    0    1    1    1    1
2023  2 28 14 59    10.69    -2.57     1.39    -606.9     -8.83    -41.68     2.216      13789    0    1    1    1    1
2023  2 28 15  0    10.63    -2.61     1.55    -606.7     -7.12    -42.12     2.305      13467    0    1    1    1    1
2023  2 28 15  1    10.61    -2.52     1.59    -606.1     -8.04    -43.10     2.213      13152    0    0    0    0    0
2023  2 28 15  2    10.59    -2.49     1.59    -605.8     -8.04    -43.94     2.061      12860    0    0    0    0    0
2023  2 28 15  3    10.56    -2.50     1.59    -606.6     -9.59    -42.99     2.020      11180    0    0    0    0    0
2023  2 28 15  4    10.50    -2.51     1.58    -607.6    -12.44    -41.60     2.219       9169    0    0    0    0    0
2023  2 28 15  5    10.48    -2.49     1.57    -603.6    -15.56    -41.52     2.234       9652    0    0    0    0    0
2023  2 28 15  6    10.43    -2.44     1.58    -604.2    -17.05    -42.24     2.257       9724    0    0    0    0    0
2023  2 28 15  7    10.35    -2.43     1.79    -605.8    -16.12    -42.74     2.378      10611    0    0    0    0    0
2023  2 28 15  8    10.24    -2.49     2.33    -605.6    -13.54    -42.85     2.417      12007    0    0    0    1    0
2023  2 28 15  9    10.04    -2.62     3.04    -605.1     -9.66    -42.80     2.415      15343    0    0    0    1    0
2023  2 28 15 10     9.68    -2.81     3.92    -604.4     -6.99    -42.50     2.405      16838    0    0    0    1    1
2023  2 28 15 11     9.28    -2.93     4.93    -603.8     -4.81    -42.41     2.393      17121    0    0    0    1    1
2023  2 28 15 12     9.15    -3.02     5.28    -603.5     -1.82    -42.35     2.384      17454    0    0    0    1    1
2023  2 28 15 13     9.26    -3.01     5.06    -603.0     -0.12    -42.00     2.397      17827    0    0    0    1    1
2023  2 28 15 14     9.31    -2.74     4.96    -603.3      0.07    -41.06     2.419      18232    0    0    0    1    1
2023  2 28 15 15     9.21    -2.65     5.17    -603.9     -2.27    -40.26     2.408      18588    0    0    0    1    1
2023  2 28 15 16     9.08    -2.75     5.27    -603.9     -4.03    -39.61     2.382      18842    0    0    0    1    1
2023  2 28 15 17     9.03    -2.90     5.28    -601.0     -4.44    -39.03     2.378      19028    0    0    0    1    1
2023  2 28 15 18     9.01    -2.96     5.30    -597.5     -4.18    -38.52     2.384      19231    0    0    0    1    1
2023  2 28 15 19     9.00    -2.64     5.38    -596.2     -2.97    -38.16     2.388      19525    0    0    0    1    1
2023  2 28 15 20     8.99    -2.31     5.48    -594.8     -2.76    -38.36     2.383      19812    0    0    0    1    1
2023  2 28 15 21     8.93    -2.20     5.60    -594.1      0.39    -39.16     2.365      20064    0    0    0    1    1
2023  2 28 15 22     8.72    -2.16     5.77    -594.4     11.34    -39.70     2.346      20331    0    0    0    1    1
2023  2 28 15 23     8.64    -2.19     5.87    -598.3     11.49    -39.22     2.335      19505    0    0    0    1    1
2023  2 28 15 24     8.59    -2.26     5.75    -601.9      9.28    -37.57     2.332      17574    0    0    0    1    1
2023  2 28 15 25     8.58    -2.32     5.58    -601.8      8.25    -36.17     2.335      18562    0    0    0    1    1
2023  2 28 15 26     8.54    -2.35     5.55    -601.6      8.94    -35.50     2.341      19526    0    0    0    1    1
2023  2 28 15 27     8.51    -2.37     5.60    -601.5     10.35    -35.50     2.347      20492    0    0    0    1    1
2023  2 28 15 28     8.55    -2.23     5.59    -601.1     12.77    -35.89     2.349      21475    0    0    0    1    1
2023  2 28 15 29     8.63    -2.04     5.51    -600.6     14.09    -36.51     2.344      22499    0    0    0    1    1
2023  2 28 15 30     8.68    -2.13     5.44    -600.4     11.76    -37.24     2.330      23575    0    0    0    1    1
2023  2 28 15 31     8.44    -2.73     5.48    -600.7      3.36    -37.71     2.316      24705    0    0    0    1    1
2023  2 28 15 32     7.93    -3.20     5.84    -601.7     -2.57    -37.33     2.310      25876    0    0    0    1    1
2023  2 28 15 33     7.31    -2.95     6.70    -601.7      0.68    -35.91     2.306      26978    0    0    0    1    1
2023  2 28 15 34     6.80    -2.43     7.34    -601.7      3.02    -35.01     2.302      27566    0    1    1    1    1
2023  2 28 15 35     6.48    -2.40     7.58    -616.4      1.58    -35.15     2.280      28266    0    1    1    1    1
2023  2 28 15 36     6.30    -2.84     7.43    -619.0      0.26    -35.15     2.264      28223    0    1    1    1    1
2023  2 28 15 37     6.91    -3.01     6.46    -616.7     -0.31    -35.10     2.231      28951    0    0    0    1    1
2023  2 28 15 38     8.12    -2.95     5.10    -612.0     -0.38    -34.96     2.153      29584    0    0    0    1    1
2023  2 28 15 39     8.18    -2.69     5.11    -607.2     -0.34    -33.57     1.921      30216    0    0    0    1    1
2023  2 28 15 40     8.04    -2.62     5.32    -604.1     -0.96    -32.17     1.713      30917    0    0    0    1    2
2023  2 28 15 41     7.53    -2.76     6.12    -601.9     -1.23    -31.48     1.675      34187    0    0    0    1    2
2023  2 28 15 42     7.12    -2.94     7.03    -600.3     -0.25    -31.25     1.857      36855    0    0    0    1    2
2023  2 28 15 43     7.12    -2.96     7.41    -599.2      2.39    -30.21     2.122      36556    0    0    0    1    1
2023  2 28 15 44     7.05    -2.89     7.50    -598.7      4.51    -28.61     2.251      36236    0    0    0    1    1
2023  2 28 15 45     6.99    -2.80     7.31    -598.2      2.55    -28.25     2.250      35903    0    0    0    1    1
2023  2 28 15 46     7.19    -2.65     6.63    -597.2     -2.33    -28.17     2.235      35564    0    0    0    1    1
2023  2 28 15 47     7.11    -2.81     6.74    -598.0     -8.44    -27.93     2.224      35174    0    0    0    1    1
2023  2 28 15 48     7.01    -3.19     6.91    -598.2     -9.13    -24.64     2.224      34785    0    0    0    1    1
2023  2 28 15 49     6.96    -3.13     6.89    -597.1     -7.87    -23.39     2.222      34410    0    0    0    1    1
2023  2 28 15 50     7.04    -2.83     6.86    -592.8     -6.66    -27.75     2.220      34103    0    0    0    1    1
2023  2 28 15 51     7.20    -2.87     6.93    -597.2     -4.58    -25.96     2.214      33572    0    0    0    1    1
2023  2 28 15 52     7.26    -3.03     6.98    -596.0     -3.59    -32.78     2.203      33164    0    0    0    1    1
2023  2 28 15 53     7.29    -3.12     6.96    -596.0     -3.97    -36.61     2.146      32780    0    0    0    1    1
2023  2 28 15 54     7.33    -2.98     6.97    -598.1     -5.76    -38.76     1.832      32619    0    0    0    1    1
2023  2 28 15 55     7.36    -2.89     6.97    -601.0     -6.61    -36.83     1.454      32434    0    0    0    1    1
2023  2 28 15 56     7.65    -2.77     6.58    -609.2      2.96    -40.09     1.347      32162    0    1    1    1    2
2023  2 28 15 57     8.00    -2.70     6.09    -614.6     13.49    -45.34     1.347      31917    0    1    2    2    1
2023  2 28 15 58     8.00    -2.66     6.02    -605.6     13.80    -46.13     1.359      31825    0    1    2    2    1
2023  2 28 15 59     8.00    -2.57     5.99    -600.5     14.25    -47.22     1.375      31701    0    1    2    2    1
2023  2 28 16  0     8.21    -2.59     5.80    -599.7     14.82    -48.66     1.396      31539    0    1    2    2    1
2023  2 28 16  1     8.70    -2.65     5.26    -599.1     15.28    -49.82     1.412      31378    0    1    1    1    1
2023  2 28 16  2     9.06    -2.38     4.81    -598.6     15.52    -50.14     1.451      31222    0    1    1    1    1
2023  2 28 16  3     9.17    -2.24     4.68    -597.6     11.77    -46.51     1.567      31087    0    1    2    2    1
2023  2 28 16  4     9.20    -2.16     4.43    -596.3      1.50    -37.75     1.736      30976    0    1    2    2    1
2023  2 28 16  5     9.28    -2.07     4.27    -594.9      0.80    -38.14     1.904      30865    0    1    1    2    1
2023  2 28 16  6     9.52    -1.43     3.88    -593.6      0.96    -37.71     2.069      30739    0    1    1    1    1
2023  2 28 16  7     9.55    -1.14     3.88    -593.0     -0.40    -36.29     2.145      30612    0    0    0    1    1
2023  2 28 16  8     9.56    -1.24     3.80    -593.2     -5.21    -35.35     2.135      30490    0    0    0    1    1
2023  2 28 16  9     9.55    -1.50     3.82    -593.5     -6.82    -34.45     2.124      30377    0    0    0    1    1
2023  2 28 16 10     9.39    -1.56     4.12    -593.9     -8.65    -33.06     2.014      30267    0    0    0    0    1
2023  2 28 16 11     9.27    -1.71     4.10    -594.5    -11.26    -32.46     1.994      30158    0    0    0    0    1
2023  2 28 16 12     9.28    -2.04     3.93    -594.7    -15.20    -33.62     1.935      30054    0    0    0    0    0
2023  2 28 16 13     9.37    -2.21     3.84    -594.2    -14.79    -34.99     1.863      29956    0    0    0    0    0
2023  2 28 16 14     9.43    -2.09     3.78    -593.6    -12.44    -35.63     1.830      29860    0    1    1    1    1
2023  2 28 16 15     9.37    -1.72     3.70    -593.5     -9.29    -35.82     1.830      29762    0    1    1    2    2
2023  2 28 16 16     9.43    -1.36     3.68    -593.3     -5.83    -36.30     1.832      29668    0    1    1    2    2
2023  2 28 16 17     9.39    -1.26     3.29    -593.1      6.86    -41.27     1.833      29567    0    1    2    2    2
2023  2 28 16 18     9.41    -1.37     3.26    -592.9      7.67    -41.62     1.834      28875    0    1    2    2    2
2023  2 28 16 19     9.39    -1.37     3.26    -592.7      8.50    -41.98     1.836      28161    0    1    2    2    2
2023  2 28 16 20     9.41    -1.22     2.96    -592.5      9.30    -42.34     1.837      27468    0    1    2    2    2
2023  2 28 16 21     9.45    -0.90     2.68    -592.3     10.11    -42.69     1.838      26805    0    1    2    2    2
2023  2 28 16 22     9.47    -0.81     2.60    -592.1     10.92    -43.04     1.840      26131    0    1    2    2    2
2023  2 28 16 23     9.47    -0.78     2.60    -591.9     11.73    -43.39     1.841      25452    0    1    2    2    2
2023  2 28 16 24     9.47    -0.78     2.55    -591.7     12.54    -43.75     1.842      24754    0    1    2    2    2
2023  2 28 16 25     9.50    -0.71     2.55    -590.8     13.32    -44.09     1.844      24059    0    1    2    2    2
2023  2 28 16 26     9.52    -0.48     2.31    -589.3     14.07    -44.41     1.845      23386    0    1    2    2    2
2023  2 28 16 27     9.58    -0.32     1.77    -590.8     14.96    -44.82     1.846      22570    0    1    2    2    2
2023  2 28 16 28     9.59    -0.58     1.71    -590.9     15.78    -45.17     1.848      22400    0    1    2    2    2
2023  2 28 16 29     9.56    -1.02     1.71    -590.6     16.60    -45.53     1.849      21685    0    1    2    2    2
2023  2 28 16 30     9.52    -1.16     1.84    -590.4      0.39    -42.38     1.851      20870    0    1    1    2    2
2023  2 28 16 31     9.38    -1.08     1.99    -590.2     -7.69    -40.84     1.852      20037    0    1    1    2    2
2023  2 28 16 32     9.36    -0.99     2.39    -590.0     -7.99    -40.64     1.853      19172    0    1    1    2    2
2023  2 28 16 33     9.40    -1.11     2.46    -589.8     -6.63    -39.98     1.855      18297    0    1    1    2    2
2023  2 28 16 34     9.41    -1.05     2.07    -589.6     -6.97    -39.34     1.856      17406    0    1    1    2    2
2023  2 28 16 35     9.43    -0.60     1.94    -589.4     -9.90    -39.02     1.857      16495    0    1    1    2    2
2023  2 28 16 36     9.46    -0.17     1.78    -589.2    -11.58    -39.20     1.859      15552    0    1    1    2    2
2023  2 28 16 37     9.45    -0.22     1.67    -589.0     -7.88    -40.66     1.860      14600    0    1    1    2    2
2023  2 28 16 38     9.43    -0.39     1.43    -588.8     -3.70    -40.41     1.861      13632    0    1    1    2    2
2023  2 28 16 39     9.41    -0.58     0.83    -588.6     -2.46    -40.35     1.863      12634    0    1    1    2    2
2023  2 28 16 40     9.40    -0.76     0.52    -588.4     -1.40    -41.45     1.864      11631    0    1    1    2    2
2023  2 28 16 41     9.39    -0.75     0.36    -588.2      4.08    -43.73     1.865      10624    0    1    1    2    2
2023  2 28 16 42     9.38    -0.63     0.37    -585.7     14.05    -44.44     1.866       9761    0    1    1    2    2
2023  2 28 16 43     9.37    -0.49     0.45    -583.1     22.07    -44.06     1.868       9541    0    1    1    2    2
2023  2 28 16 44     9.36    -0.35     0.46    -581.2     25.17    -43.65     1.869       9885    0    1    1    2    2
2023  2 28 16 45     9.35    -0.24     0.34    -578.2     25.47    -44.12     1.870      10096    0    1    1    2    2
2023  2 28 16 46     9.35    -0.17     0.24    -572.4     25.62    -45.29     1.871      10261    0    1    1    2    2
2023  2 28 16 47     9.36    -0.09     0.19    -569.3     25.93    -45.77     1.872      10470    0    1    1    2    2
2023  2 28 16 48     9.40    -0.02     0.21    -569.9     29.15    -45.95     1.873      10737    0    1    1    2    2
2023  2 28 16 49     9.46    -0.08     0.35    -577.1     30.56    -46.75     1.875      11186    0    1    1    1    1
2023  2 28 16 50     9.45    -0.08     0.44    -579.3     25.71    -51.56     1.867      13060    0    0    0    0    0
2023  2 28 16 51     9.42    -0.17     0.37    -585.4     27.22    -55.92     1.849      15603    0    0    0    0    0
2023  2 28 16 52     9.40    -0.29     0.21    -585.7     36.28    -57.07     1.845      15952    0    1    1    1    1
2023  2 28 16 53     9.39    -0.27     0.17    -585.9     41.97    -58.55     1.847      15741    0    1    1    2    2
2023  2 28 16 54     9.38    -0.22     0.00    -585.8     40.92    -59.68     1.850      15388    0    1    1    2    2
2023  2 28 16 55     9.36    -0.04     0.03    -585.7     37.34    -60.27     1.852      15039    0    1    1    2    2
2023  2 28 16 56     9.33     0.07     0.18    -585.6     35.32    -60.26     1.854      14689    0    1    1    2    2
2023  2 28 16 57     9.31     0.07     0.23    -585.5     34.58    -60.08     1.857      14337    0    1    1    2    2
2023  2 28 16 58     9.31     0.18     0.09    -585.4     34.15    -60.44     1.859      13988    0    1    1    2    2
2023  2 28 16 59     9.33     0.20    -0.01    -585.2     33.69    -60.83     1.861      13641    0    1    1    2    2
2023  2 28 17  0     9.35     0.07     0.00    -583.0     32.33    -61.15     1.863      13334    0    1    1    2    2
2023  2 28 17  1     9.36    -0.07     0.03    -579.7     31.47    -61.24     1.865      13050    0    1    1    2    2
2023  2 28 17  2     9.37    -0.17     0.11    -577.8     32.74    -60.61     1.868      12737    0    1    1    2    2
2023  2 28 17  3     9.39    -0.26     0.12    -576.6     32.81    -61.70     1.870      12415    0    1    1    2    2
2023  2 28 17  4     9.39    -0.13     0.12    -572.8     32.98    -61.56     1.872      12144    0    1    1    2    2
2023  2 28 17  5     9.40     0.02     0.13    -570.4     32.49    -61.41     1.874      11843    0    1    1    2    2
2023  2 28 17  6     9.38    -0.13     0.45    -576.6     29.56    -60.64     1.877      11355    0    1    1    2    2
2023  2 28 17  7     9.35    -0.31     1.04    -575.2     30.94    -59.87     1.879      11030    0    1    1    2    2
2023  2 28 17  8     9.35    -0.32     0.83    -571.0     33.35    -59.63     1.881      10770    0    1    1    2    2
2023  2 28 17  9     9.38    -0.27     0.32    -569.3     34.72    -59.28     1.883      10536    0    1    1    2    2
2023  2 28 17 10     9.41    -0.24    -0.22    -568.9     35.46    -59.34     1.885      10450    0    1    1    1    1
2023  2 28 17 11     9.41    -0.24    -0.43    -568.2     36.28    -60.40     1.888      10796    0    1    1    1    1
2023  2 28 17 12     9.39    -0.28    -0.45    -567.6     37.16    -62.58     1.896      11441    0    1    2    2    2
2023  2 28 17 13     9.36    -0.34    -0.53    -567.0     38.09    -65.28     1.907      12099    0    1    2    2    2
2023  2 28 17 14     9.36    -0.33    -0.54    -567.3     38.42    -68.15     1.919      12795    0    1    1    2    2
2023  2 28 17 15     9.39    -0.27    -0.54    -568.0     37.94    -70.82     1.931      13514    0    1    1    2    2
2023  2 28 17 16     9.44    -0.23    -0.68    -568.1     37.18    -73.08     1.942      14208    0    1    1    2    2
2023  2 28 17 17     9.45    -0.14    -0.69    -569.2     37.56    -75.06     1.951      14644    0    1    1    1    1
2023  2 28 17 18     9.44    -0.13    -0.58    -571.1     38.88    -75.45     1.945      14719    0    1    1    1    1
2023  2 28 17 19     9.40    -0.45    -0.55    -572.9     39.92    -74.41     1.922      14628    0    1    1    2    2
2023  2 28 17 20     9.38    -0.83    -0.69    -570.6     42.95    -72.24     1.902      14532    0    1    1    2    2
2023  2 28 17 21     9.31    -1.19    -0.81    -570.3     45.07    -69.89     1.878      14422    0    1    1    2    2
2023  2 28 17 22     9.21    -1.46    -0.93    -570.6     45.49    -68.20     1.854      14311    0    1    1    2    2
2023  2 28 17 23     9.14    -1.34    -1.06    -570.7     45.01    -67.06     1.830      14199    0    1    1    2    2
2023  2 28 17 24     9.11    -1.08    -1.09    -570.5     44.45    -65.82     1.806      14089    0    1    1    2    2
2023  2 28 17 25     9.10    -1.00    -1.09    -568.1     44.03    -64.59     1.786      13996    0    1    1    2    2
2023  2 28 17 26     9.09    -1.19    -1.12    -565.9     42.99    -63.64     1.765      13899    0    1    1    2    2
2023  2 28 17 27     9.03    -1.50    -1.29    -566.0     39.92    -65.10     1.741      13787    0    1    1    2    2
2023  2 28 17 28     8.86    -1.31    -1.50    -567.9     29.81    -70.44     1.715      13664    0    1    1    2    2
2023  2 28 17 29     8.76    -1.08    -1.50    -571.1     22.60    -76.59     1.686      13532    0    1    0    2    2
2023  2 28 17 30     8.43    -1.07    -1.54    -570.2     19.82    -81.69     1.664      13427    0    1    0    2    2
2023  2 28 17 31     8.28    -1.23    -1.68    -569.7     19.09    -83.43     1.640      13320    0    1    0    2    2
2023  2 28 17 32     8.33    -1.84    -1.80    -570.0     19.53    -83.95     1.616      13207    0    1    0    2    2
2023  2 28 17 33     8.31    -2.73    -1.33    -571.9     19.47    -85.08     1.589      13082    0    1    0    2    2
2023  2 28 17 34     8.09    -3.34    -1.21    -579.1     17.41    -86.79     1.555      12922    0    1    0    2    2
2023  2 28 17 35     8.13    -3.18    -1.34    -578.9     15.94    -87.63     1.531      12813    0    1    0    2    2
2023  2 28 17 36     8.23    -2.68    -1.39    -577.5     14.78    -87.40     1.510      12712    0    1    0    2    2
2023  2 28 17 37     8.23    -2.64    -1.40    -571.9     15.96    -86.55     1.494      12638    0    1    0    2    2
2023  2 28 17 38     8.17    -2.63    -1.46    -570.0     15.66    -86.09     1.472      12540    0    1    0    2    2
2023  2 28 17 39     8.14    -2.62    -1.48    -570.6     17.62    -85.98     1.448      12425    0    1    0    2    2
2023  2 28 17 40     8.14    -2.29    -1.54    -570.9     18.75    -86.00     1.423      12312    0    1    0    2    2
2023  2 28 17 41     7.94    -2.10    -1.60    -570.9     21.18    -86.01     1.400      12202    0    1    0    2    2
2023  2 28 17 42     7.85    -2.08    -1.67    -571.0     22.46    -86.30     1.435      12091    0    1    0    2    2
2023  2 28 17 43     7.48    -2.10    -1.63    -576.6     24.09    -84.31     1.472      11943    0    1    0    2    2
2023  2 28 17 44     7.77    -2.28    -0.33    -579.9     27.74    -83.12     1.556      12227    0    1    0    2    2
2023  2 28 17 45     7.65    -2.33    -0.63    -580.0     27.33    -83.14     1.542      14175    0    1    0    1    1
2023  2 28 17 46     7.65    -2.18    -1.80    -584.2     36.06    -83.52     1.523      17918    0    0    0    0    0
2023  2 28 17 47     7.43    -2.24    -2.09    -590.0     38.05    -77.31     1.502      21825    0    1    0    1    1
2023  2 28 17 48     7.46    -2.01    -2.10    -587.4     37.46    -72.29     1.488      24179    0    1    0    1    2
2023  2 28 17 49     7.52    -1.79    -2.06    -582.0     35.39    -68.53     1.477      25775    0    1    0    1    2
2023  2 28 17 50     7.60    -1.62    -1.98    -575.4     32.40    -65.17     1.467      26979    0    1    0    1    2
2023  2 28 17 51     7.66    -1.37    -1.44    -589.3     49.93    -54.79     1.434      30565    0    1    0    1    2
2023  2 28 17 52     7.64    -0.94    -0.87    -589.7     51.34    -49.73     1.415      32623    0    1    0    2    2
2023  2 28 17 53     7.64    -0.55    -0.62    -588.1     51.35    -44.61     1.398      34410    0    1    0    2    2
2023  2 28 17 54     7.75    -0.32    -0.63    -585.2     49.21    -39.38     1.379      35942    0    1    0    2    2
2023  2 28 17 55     7.89    -0.31    -0.93    -581.0     48.22    -34.72     1.346      37242    0    1    1    2    2
2023  2 28 17 56     8.01    -0.50    -1.45    -575.7     49.51    -30.80     1.298      38362    0    1    1    2    2
2023  2 28 17 57     8.01    -0.50    -1.54    -571.9     49.76    -26.98     1.271      39549    0    1    1    2    2
2023  2 28 17 58     8.00    -0.62    -1.48    -575.1     47.87    -21.24     1.230      41326    0    1    1    2    2
2023  2 28 17 59     7.83    -1.84    -1.59    -571.5     45.58    -17.61     1.195      42389    0    1    1    2    2
2023  2 28 18  0     7.21    -2.38    -1.39    -582.5     39.89     -9.05     1.063      44534    0    1    0    2    2
2023  2 28 18  1     6.96    -2.71    -1.25    -588.7     38.41     -4.84     0.971      46189    0    1    0    1    1
2023  2 28 18  2     7.23    -2.41    -1.21    -588.9     37.53     -3.59     0.962      47368    0    0    0    0    0
2023  2 28 18  3     7.59    -1.79    -1.24    -590.8     22.26      7.02     1.080      48588    0    0    0    0    0
2023  2 28 18  4     7.32    -1.58    -1.52    -610.1     17.94     -1.53     1.138      49835    0    1    1    1    1
2023  2 28 18  5     7.22    -1.16    -1.80    -610.5     18.20     -7.10     1.185      49913    0    1    1    2    2
2023  2 28 18  6     7.16    -1.09    -2.03    -605.0     22.68    -10.21     1.218      52624    0    1    1    2    2
2023  2 28 18  7     7.05    -1.13    -2.14    -602.5     24.72    -15.04     1.259      53946    0    1    0    2    2
2023  2 28 18  8     7.03    -1.22    -2.14    -602.5     18.76    -21.93     1.306      51892    0    1    1    2    2
2023  2 28 18  9     7.05    -1.25    -2.18    -602.5     14.11    -28.79     1.351      52652    0    1    1    1    1
2023  2 28 18 10     6.98    -1.33    -2.42    -602.4     15.08    -34.70     1.389      57272    0    1    1    1    1
2023  2 28 18 11     6.80    -1.43    -2.86    -602.4     17.47    -40.14     1.413      62319    0    1    2    1    1
2023  2 28 18 12     6.70    -1.61    -3.02    -600.2     20.22    -44.99     1.400      67034    0    1    2    1    1
2023  2 28 18 13     6.70    -1.79    -2.96    -597.1     22.82    -50.16     1.381      71556    0    1    2    1    1
2023  2 28 18 14     6.70    -1.74    -2.95    -598.7     26.22    -58.18     1.437      77401    0    1    2    1    0
2023  2 28 18 15     6.61    -1.63    -3.09    -602.1     29.96    -64.37     1.528      83415    0    1    2    1    0
2023  2 28 18 16     6.37    -1.66    -3.46    -602.4     33.15    -66.83     1.555      88442    0    1    2    1    0
2023  2 28 18 17     6.23    -1.71    -3.62    -602.4     42.78    -72.46     1.550      92147    0    1    1    1    0
2023  2 28 18 18     6.24    -1.74    -3.55    -602.5     49.49    -76.43     1.539      94830    0    0    0    1    0
2023  2 28 18 19     6.34    -1.73    -3.48    -602.5     53.98    -76.60     1.536      97697    0    0    0    1    0
2023  2 28 18 20     6.43    -1.49    -3.46    -602.5     62.88    -76.30     1.557     100786    0    0    0    1    1
2023  2 28 18 21     6.34    -1.14    -3.58    -602.4     66.14    -75.71     1.538     103908    0    0    0    1    1
2023  2 28 18 22     6.27    -1.03    -3.69    -602.3     64.63    -75.05     1.477     107037    0    0    0    1    1
2023  2 28 18 23     6.40    -1.08    -3.42    -596.3     64.48    -74.71     1.443     109140    0    0    0    1    1
2023  2 28 18 24     6.65    -1.16    -2.91    -585.1     65.30    -74.66     1.431     110322    0    0    0    1    1
2023  2 28 18 25     6.85    -1.26    -2.51    -574.4     66.17    -74.59     1.423     111583    0    0    0    1    1
2023  2 28 18 26     7.04    -1.35    -2.11    -563.8     67.04    -74.52     1.416     112844    0    0    0    0    1
2023  2 28 18 27     7.10    -1.46    -1.97    -554.7     68.02    -74.42     1.419     114297    0    0    0    0    1
2023  2 28 18 28     7.15    -1.54    -1.76    -547.3     68.91    -74.37     1.412     116205    0    1    1    1    1
2023  2 28 18 29     7.02    -1.78    -1.71    -582.3     68.01    -76.27     1.244     128218    0    1    1    1    1
2023  2 28 18 30     6.55    -1.67    -3.10    -602.6     67.86    -78.33     1.234     136207    0    1    1    1    2
2023  2 28 18 31     6.57    -1.78    -3.35    -602.7     66.32    -79.21     1.257     140000    0    1    1    2    2
2023  2 28 18 32     6.86    -1.91    -3.03    -602.7     65.04    -80.18     1.259     143829    0    1    1    2    2
2023  2 28 18 33     7.16    -1.95    -2.83    -602.8     64.57    -80.82     1.278     148012    0    1    1    2    1
2023  2 28 18 34     7.23    -2.08    -2.68    -603.0     64.87    -79.44     1.321     152501    0    1    2    2    1
2023  2 28 18 35     7.15    -2.16    -2.55    -603.1     65.12    -76.63     1.364     156796    0    1    1    1    1
2023  2 28 18 36     7.06    -1.96    -2.51    -603.0     64.79    -74.24     1.393     160821    0    1    1    1    1
2023  2 28 18 37     6.95    -1.90    -2.37    -602.8     63.70    -74.30     1.386     164713    0    0    0    1    1
2023  2 28 18 38     6.83    -1.99    -2.10    -602.6     62.69    -78.26     1.360     172842    0    0    0    1    1
2023  2 28 18 39     6.78    -2.15    -1.63    -599.5     63.42    -83.55     1.339     180092    0    0    0    1    2
2023  2 28 18 40     6.78    -2.34    -1.14    -594.3     65.16    -88.16     1.321     184078    0    0    0    1    1
2023  2 28 18 41     6.88    -2.22    -1.63    -592.4     65.98    -90.66     1.316     189210    0    0    0    1    1
2023  2 28 18 42     6.88    -2.13    -2.08    -592.2     66.12    -90.53     1.130     196483    0    1    1    1    0
2023  2 28 18 43     6.86    -2.08    -2.03    -592.2     67.86    -89.41     1.192     207581    0    1    1    1    0
2023  2 28 18 44     6.79    -2.56    -1.66    -602.6     70.77    -87.55     1.292     225780    0    1    1    1    0
2023  2 28 18 45     6.61    -2.58    -1.49    -602.7     71.15    -86.92     1.448     238086    0    1    1    1    0
2023  2 28 18 46     6.49    -2.58    -1.40    -602.8     70.92    -86.14     1.574     250832    0    1    1    1    1
2023  2 28 18 47     6.47    -2.53    -1.53    -606.2     72.13    -84.62     1.601     254553    0    1    1    1    1
2023  2 28 18 48     6.49    -2.44    -2.00    -613.1     74.38    -83.40     1.581     250321    0    1    1    1    1
2023  2 28 18 49     6.48    -2.35    -2.21    -615.4     73.22    -83.69     1.568     243244    0    1    1    1    1
2023  2 28 18 50     6.51    -2.35    -2.24    -617.9     71.50    -84.57     1.596     235066    0    1    1    1    1
2023  2 28 18 51     6.56    -2.39    -2.22    -621.3     71.04    -87.79     1.644     227660    0    1    1    1    1
2023  2 28 18 52     6.56    -2.24    -2.09    -624.8     71.25    -93.67     1.693     222172    0    1    1    1    1
2023  2 28 18 53     6.52    -2.53    -2.23    -628.2     68.28    -99.63     1.767     217078    0    1    1    1    1
2023  2 28 18 54     6.45    -1.71    -2.34    -631.7     68.43   -105.65     1.848     210124    0    1    2    1    1
2023  2 28 18 55     6.39    -1.20    -2.52    -639.0     68.94   -110.64     1.903     213346    0    1    2    1    1
2023  2 28 18 56     6.37    -1.14    -2.49    -645.4     69.43   -111.53     1.951     216581    0    1    2    1    1
2023  2 28 18 57     6.23    -2.47    -2.84    -646.3     69.81   -112.22     1.978     219251    0    1    2    1    1
2023  2 28 18 58     6.29    -2.67    -2.59    -647.2     70.20   -112.92     1.985     222022    0    1    2    1    1
2023  2 28 18 59     6.29    -2.57    -2.47    -647.7     70.33   -113.17     1.978     224796    0    1    1    1    1
2023  2 28 19  0     6.27    -2.50    -2.53    -647.9     70.52   -107.14     1.978     227641    0    1    1    1    1
2023  2 28 19  1     6.27    -2.44    -2.61    -647.7     70.76   -101.40     1.950     230493    0    1    2    1    1
2023  2 28 19  2     6.27    -2.43    -2.65    -647.1     73.93    -95.54     1.865     234095    0    1    1    1    1
2023  2 28 19  3     6.26    -2.42    -2.59    -646.2     73.58    -89.45     1.802     237816    0    1    1    1    1
2023  2 28 19  4     6.26    -2.30    -2.53    -644.7     74.54    -83.32     1.793     241449    0    1    1    1    1
2023  2 28 19  5     6.33    -2.03    -2.54    -643.5     78.02    -80.26     1.814     245136    0    1    1    1    1
2023  2 28 19  6     6.46    -1.75    -2.55    -649.1     83.56    -76.67     1.858     250589    0    1    1    1    1
2023  2 28 19  7     6.40    -1.63    -2.91    -658.6     86.02    -73.03     1.948     240637    0    1    1    1    1
2023  2 28 19  8     6.35    -1.42    -3.11    -659.4     87.29    -71.77     1.973     242334    0    1    1    1    1
2023  2 28 19  9     6.32    -1.36    -3.22    -659.7     87.42    -71.23     1.973     246197    0    1    1    1    1
2023  2 28 19 10     6.31    -1.71    -2.71    -660.5     86.43    -70.76     1.973     250132    0    1    1    1    1
2023  2 28 19 11     6.33    -2.10    -1.84    -660.6     85.54    -70.06     1.975     253956    0    1    1    1    1
2023  2 28 19 12     6.35    -2.13    -1.49    -660.3     86.04    -69.14     1.975     257726    0    1    1    1    1
2023  2 28 19 13     6.33    -2.14    -1.47    -659.8     87.17    -68.33     1.974     261467    0    1    1    1    1
2023  2 28 19 14     6.30    -2.17    -1.48    -659.5     87.10    -68.03     1.973     264113    0    1    1    1    1
2023  2 28 19 15     6.27    -2.04    -1.63    -660.6     86.86    -68.81     1.981     264803    0    0    0    0    0
2023  2 28 19 16     6.21    -1.88    -1.96    -662.0     88.30    -69.20     1.990     260628    0    0    0    0    0
2023  2 28 19 17     6.11    -1.88    -2.27    -662.4     91.99    -68.25     1.991     251116    0    0    0    0    0
2023  2 28 19 18     6.07    -1.84    -2.55    -662.4     95.64    -67.59     1.991     244007    0    0    0    0    0
2023  2 28 19 19     6.08    -1.87    -2.70    -661.7     96.51    -66.42     1.956     242069    0    0    0    0    0
2023  2 28 19 20     6.15    -1.81    -2.21    -660.5     94.73    -63.85     1.872     243808    0    0    0    0    0
2023  2 28 19 21     6.26    -1.67    -2.28    -659.7     92.50    -61.29     1.800     245660    0    0    0    0    0
2023  2 28 19 22     6.30    -1.63    -3.07    -659.6     93.45    -59.01     1.790     243487    0    0    0    0    0
2023  2 28 19 23     6.26    -1.53    -3.12    -659.8     96.66    -56.55     1.808     240729    0    0    0    0    0
2023  2 28 19 24     6.22    -1.43    -3.19    -660.2     97.75    -57.72     1.823     241145    0    1    1    1    1
2023  2 28 19 25     6.21    -1.41    -3.20    -660.9     97.76    -61.21     1.829     242265    0    1    1    1    1
2023  2 28 19 26     6.22    -1.43    -3.19    -661.0     99.77    -60.61     1.841     243592    0    1    1    1    1
2023  2 28 19 27     6.18    -1.46    -3.26    -660.8    102.73    -58.00     1.862     244909    0    1    1    1    1
2023  2 28 19 28     6.13    -1.45    -3.39    -660.7    103.90    -57.72     1.868     246236    0    1    1    1    1
2023  2 28 19 29     6.11    -1.41    -3.47    -660.6    102.98    -58.83     1.854     247564    0    1    1    1    1
2023  2 28 19 30     6.14    -1.53    -3.22    -660.4    100.82    -59.53     1.822     248870    0    1    1    1    1
2023  2 28 19 31     6.26    -1.79    -2.64    -660.0     98.55    -57.00     1.790     250164    0    1    1    1    1
2023  2 28 19 32     6.43    -2.06    -1.89    -659.6     96.94    -52.30     1.774     250882    0    1    1    1    1
2023  2 28 19 33     6.43    -2.29    -1.60    -661.1     96.12    -51.79     1.809     250882    0    1    1    1    1
2023  2 28 19 34     6.15    -2.39    -2.16    -664.2     95.55    -55.21     1.898     273220    0    1    1    1    1
2023  2 28 19 35     5.93    -2.50    -2.68    -666.2     94.84    -58.11     1.973     284708    0    1    1    1    1
2023  2 28 19 36     5.61    -2.39    -2.96    -669.2     97.45    -59.28     2.063     269196    0    1    1    1    1
2023  2 28 19 37     5.25    -2.18    -3.21    -671.4     98.93    -60.82     2.143     267172    0    1    1    1    1
2023  2 28 19 38     5.08    -1.64    -3.46    -670.7     98.39    -63.21     2.205     280497    0    1    1    1    1
2023  2 28 19 39     5.10    -1.40    -3.73    -670.1     98.25    -64.43     2.207     281174    0    1    1    1    1
2023  2 28 19 40     5.10    -1.56    -3.84    -670.3     98.76    -64.67     2.170     280807    0    0    0    0    0
2023  2 28 19 41     5.19    -1.66    -3.86    -669.3    100.97    -63.52     2.157     279561    0    0    0    0    0
2023  2 28 19 42     5.32    -1.34    -3.52    -668.1    102.10    -61.95     2.160     278580    0    0    0    0    0
2023  2 28 19 43     5.56    -0.84    -3.06    -666.8    102.80    -62.40     2.154     278408    0    0    0    0    0
2023  2 28 19 44     5.81    -0.62    -3.07    -666.4    103.32    -63.40     2.143     282203    0    0    0    0    0
2023  2 28 19 45     5.87    -0.65    -3.21    -667.2    105.97    -63.34     2.138     283440    0    1    1    1    1
2023  2 28 19 46     5.66    -0.79    -3.26    -668.6    108.66    -62.72     2.139     279472    0    1    1    1    1
2023  2 28 19 47     5.70    -0.74    -3.05    -670.4    110.95    -62.46     2.146     278810    0    1    1    1    1
2023  2 28 19 48     5.93    -0.53    -3.21    -673.0    110.58    -58.26     2.077     278649    0    0    0    0    0
2023  2 28 19 49     6.11    -0.96    -3.01    -671.7    109.66    -53.69     2.040     275435    0    0    0    0    0
2023  2 28 19 50     6.17    -1.03    -3.01    -670.6    109.25    -51.31     2.018     265511    0    0    0    0    0
2023  2 28 19 51     6.22    -1.41    -2.20    -670.3    109.90    -49.57     2.006     259031    0    0    0    0    0
2023  2 28 19 52     6.31    -1.58    -2.04    -670.8    110.31    -47.85     2.012     258611    0    0    0    0    0
2023  2 28 19 53     6.53    -1.74    -1.76    -670.6    109.38    -46.34     2.026     269100    0    0    0    0    0
2023  2 28 19 54     6.52    -2.03    -1.75    -668.0    107.81    -45.90     2.077     288328    0    0    0    0    0
2023  2 28 19 55     6.31    -2.26    -1.98    -666.5    105.81    -45.10     2.155     295134    0    0    0    0    0
2023  2 28 19 56     6.24    -2.42    -2.17    -666.1    104.12    -44.45     2.215     296032    0    0    0    0    0
2023  2 28 19 57     6.24    -2.58    -2.11    -667.3    100.94    -44.61     2.234     289443    0    0    0    0    0
2023  2 28 19 58     6.29    -2.65    -1.80    -668.4    100.80    -44.99     2.266     285604    0    0    0    0    0
2023  2 28 19 59     6.31    -2.67    -1.67    -668.3    100.54    -42.71     2.274     282203    0    0    0    0    1
2023  2 28 20  0     6.33    -2.62    -1.74    -667.9     99.26    -40.96     2.220     258495    0    1    1    1    1
2023  2 28 20  1     6.32    -2.55    -1.89    -667.8     97.92    -41.40     2.167     249205    0    1    1    1    1
2023  2 28 20  2     6.27    -2.52    -1.95    -668.3     97.23    -43.10     2.146     243843    0    1    1    1    1
2023  2 28 20  3     6.22    -2.99    -1.76    -668.9     97.48    -43.92     2.140     238552    0    1    1    1    1
2023  2 28 20  4     6.16    -2.91    -1.68    -669.4     99.42    -43.55     2.128     233199    0    1    1    1    1
2023  2 28 20  5     6.13    -2.80    -2.03    -669.4    100.97    -43.18     2.099     228010    0    1    1    1    1
2023  2 28 20  6     6.14    -2.48    -2.10    -669.1    101.07    -43.35     2.064     222809    0    1    1    1    1
2023  2 28 20  7     6.14    -2.55    -1.95    -669.3    100.57    -43.81     2.033     217620    0    1    1    1    1
2023  2 28 20  8     6.07    -2.86    -1.93    -669.0    100.20    -44.05     2.018     210404    0    1    1    1    1
2023  2 28 20  9     6.02    -3.03    -1.94    -668.7    100.50    -44.07     2.005     202563    0    1    1    1    1
2023  2 28 20 10     6.06    -2.99    -1.94    -668.9    100.90    -44.20     2.009     194645    0    1    1    1    1
2023  2 28 20 11     6.18    -2.90    -1.87    -669.4     97.86    -46.17     2.011     186559    0    1    1    1    1
2023  2 28 20 12     6.29    -2.76    -1.24    -669.8    102.28    -47.82     2.007     185438    0    1    1    1    1
2023  2 28 20 13     6.38    -2.72    -1.19    -668.8    108.11    -45.33     1.996     185409    0    1    1    1    1
2023  2 28 20 14     6.48    -2.73    -1.28    -666.3    114.29    -55.11     1.974     186525    0    0    0    0    0
2023  2 28 20 15     6.50    -2.70    -1.43    -664.5    119.82    -56.91     1.940     186890    0    0    0    0    0
2023  2 28 20 16     6.51    -2.71    -1.61    -664.1    124.69    -55.84     1.893     181958    0    0    0    0    0
2023  2 28 20 17     6.52    -2.56    -1.72    -666.1    124.16    -58.64     1.836     172518    0    0    0    0    0
2023  2 28 20 18     6.55    -2.50    -1.69    -667.6    121.12    -60.79     1.793     169581    0    0    0    0    0
2023  2 28 20 19     6.53    -2.50    -1.61    -667.5    119.96    -60.55     1.745     169461    0    1    1    1    1
2023  2 28 20 20     6.51    -2.66    -1.53    -666.0    119.17    -59.78     1.707     162714    0    1    2    1    1
2023  2 28 20 21     6.49    -2.71    -1.51    -664.7    118.35    -58.94     1.687     160324    0    1    2    1    1
2023  2 28 20 22     6.44    -2.30    -1.97    -664.0    117.52    -58.10     1.818     167977    0    1    2    1    1
2023  2 28 20 23     6.34    -1.77    -2.60    -663.5    116.67    -57.24     1.886     172611    0    1    2    1    1
2023  2 28 20 24     6.22    -1.58    -2.87    -662.8    115.83    -56.39     1.874     172868    0    1    2    1    1
2023  2 28 20 25     6.11    -1.72    -2.90    -662.2    114.99    -55.53     1.862     172868    0    1    2    1    1
2023  2 28 20 26     6.03    -2.22    -2.47    -662.5    107.28    -43.98     1.850     170921    0    1    1    1    1
2023  2 28 20 27     6.00    -2.41    -2.15    -663.3    103.92    -34.12     1.837     169505    0    1    1    1    1
2023  2 28 20 28     6.06    -2.30    -2.22    -662.4    105.85    -32.47     1.826     169505    0    1    1    1    1
2023  2 28 20 29     6.11    -2.25    -2.27    -660.5    105.87    -32.38     1.815     169194    0    1    1    1    1
2023  2 28 20 30     6.16    -2.25    -2.27    -660.0    104.04    -33.53     1.803     167653    0    1    1    1    1
2023  2 28 20 31     6.29    -1.92    -2.39    -660.9    101.51    -34.67     1.707     166090    0    1    1    1    1
2023  2 28 20 32     6.40    -1.61    -2.71    -661.5    101.25    -34.27     1.595     163621    0    1    1    1    1
2023  2 28 20 33     6.46    -1.69    -2.63    -661.9    102.49    -33.10     1.570     161599    0    1    1    1    1
2023  2 28 20 34     6.52    -1.85    -2.22    -662.6    101.84    -32.55     1.560     165499    0    1    1    1    1
2023  2 28 20 35     6.56    -1.81    -2.08    -663.0    100.02    -32.39     1.550     168252    0    1    1    1    1
2023  2 28 20 36     6.57    -1.70    -2.10    -662.7     99.44    -31.67     1.649     164398    0    1    1    1    1
2023  2 28 20 37     6.33    -1.75    -2.22    -661.7     99.61    -30.23     1.718     161615    0    1    1    1    1
2023  2 28 20 38     6.13    -1.86    -2.36    -660.7     99.52    -28.85     1.706     161767    0    1    1    1    1
2023  2 28 20 39     6.10    -1.72    -2.37    -660.3     99.14    -28.36     1.694     161918    0    1    1    1    1
2023  2 28 20 40     6.18    -1.18    -2.50    -659.6     98.70    -28.65     1.683     160339    0    1    1    1    1
2023  2 28 20 41     6.40    -0.63    -2.75    -658.1     98.34    -29.06     1.675     158380    0    1    1    1    1
2023  2 28 20 42     6.56    -0.44    -2.77    -656.6     98.12    -28.89     1.671     160742    0    1    1    1    1
2023  2 28 20 43     6.59    -0.72    -2.54    -655.2     97.84    -27.72     1.625     167704    0    1    1    1    1
2023  2 28 20 44     6.61    -1.52    -1.95    -653.7     96.83    -26.64     1.502     173309    0    1    1    1    1
2023  2 28 20 45     6.59    -2.29    -1.50    -652.8     92.73    -26.53     1.498     174245    0    1    1    1    1
2023  2 28 20 46     6.55    -2.44    -1.50    -653.5     88.65    -26.25     1.474     173896    0    1    1    1    1
2023  2 28 20 47     6.50    -2.41    -1.56    -653.8     88.76    -24.61     1.509     171663    0    1    1    1    2
2023  2 28 20 48     6.45    -2.09    -1.83    -651.9     88.81    -23.21     1.485     169817    0    1    1    1    2
2023  2 28 20 49     6.45    -1.57    -2.19    -649.6     88.24    -22.61     1.489     168021    0    1    1    1    2
2023  2 28 20 50     6.43    -1.19    -2.44    -647.5     87.59    -22.04     1.485     166198    0    1    1    1    2
2023  2 28 20 51     6.43    -0.98    -2.61    -639.3     88.16    -21.33     1.482     164984    0    1    1    1    2
2023  2 28 20 52     6.43    -0.78    -2.78    -631.6     89.15    -20.47     1.496     163722    0    1    1    1    2
2023  2 28 20 53     6.31    -0.60    -2.91    -643.8     90.01    -19.24     1.773     160472    0    1    1    1    2
2023  2 28 20 54     6.27    -0.51    -2.92    -643.7     87.58    -20.47     1.818     158449    0    1    1    1    2
2023  2 28 20 55     6.35    -0.25    -2.98    -638.4     86.79    -21.16     1.813     156945    0    1    1    1    2
2023  2 28 20 56     6.46     0.02    -3.05    -631.3     86.90    -21.33     1.808     155616    0    1    1    1    2
2023  2 28 20 57     6.51    -0.34    -2.93    -630.8     87.70    -20.58     1.797     153667    0    1    1    2    2
2023  2 28 20 58     6.39    -0.79    -2.42    -630.8     89.55    -19.11     1.787     151634    0    1    1    1    1
2023  2 28 20 59     6.33    -0.87    -2.34    -631.1     91.90    -17.38     1.773     149501    0    0    0    1    0
2023  2 28 21  0     6.24    -1.02    -2.23    -631.7     93.10    -16.36     1.761     147201    0    0    0    1    0
2023  2 28 21  1     6.29    -1.42    -2.09    -632.8     92.87    -15.84     1.755     143712    0    0    0    1    0
2023  2 28 21  2     6.41    -1.56    -1.85    -634.2     89.81    -15.08     1.754     140279    0    0    0    1    0
2023  2 28 21  3     6.46    -1.61    -1.79    -634.6     88.69    -14.60     1.751     139087    0    1    1    1    1
2023  2 28 21  4     6.47    -1.61    -1.84    -634.2     88.60    -14.50     1.741     138520    0    1    1    2    2
2023  2 28 21  5     6.48    -1.62    -1.69    -633.5     88.60    -14.37     1.729     137966    0    1    1    2    2
2023  2 28 21  6     6.46    -1.71    -1.43    -632.4     89.87    -13.81     1.718     137426    0    1    1    2    2
2023  2 28 21  7     6.48    -1.92    -1.34    -631.2     92.32    -12.51     1.706     136885    0    1    1    2    2
2023  2 28 21  8     6.48    -1.92    -1.34    -630.4     93.39    -11.25     1.695     136328    0    1    1    2    2
2023  2 28 21  9     6.48    -1.89    -1.29    -630.0     92.54    -11.69     1.683     135771    0    1    1    2    2
2023  2 28 21 10     6.47    -1.89    -1.29    -629.2     91.37    -12.31     1.671     135213    0    1    1    2    2
2023  2 28 21 11     6.47    -1.92    -1.24    -628.1     91.46    -11.26     1.660     134673    0    1    1    2    2
2023  2 28 21 12     6.47    -1.81    -1.23    -627.5     91.82     -9.42     1.648     134115    0    1    1    2    2
2023  2 28 21 13     6.44    -1.84    -1.50    -627.7     90.25    -10.03     1.635     133535    0    1    1    2    2
2023  2 28 21 14     6.40    -1.88    -1.63    -628.2     87.03    -11.81     1.623     132950    0    1    1    2    2
2023  2 28 21 15     6.38    -1.94    -1.58    -628.8     85.60    -13.01     1.611     132355    0    1    1    2    2
2023  2 28 21 16     6.30    -2.36    -1.42    -629.5     86.82    -13.67     1.598     131759    0    1    1    2    2
2023  2 28 21 17     6.30    -2.53    -1.36    -629.8     91.17    -13.66     1.586     131173    0    1    1    2    2
2023  2 28 21 18     6.30    -2.06    -1.51    -634.6     93.99    -13.98     1.571     130462    0    1    1    2    2
2023  2 28 21 19     6.35    -1.15    -2.07    -636.9     92.49    -16.10     1.557     129820    0    1    1    2    2
2023  2 28 21 20     6.40    -0.95    -2.17    -634.1     89.28    -17.38     1.547     129330    0    1    1    2    2
2023  2 28 21 21     6.42    -1.06    -1.93    -630.2     85.73    -16.79     1.537     128868    0    1    1    2    2
2023  2 28 21 22     6.42    -1.10    -1.84    -632.4     85.24    -15.72     1.523     128227    0    1    1    2    2
2023  2 28 21 23     6.41    -0.95    -2.02    -628.2     83.95    -16.20     1.514     127773    0    1    1    2    2
2023  2 28 21 24     6.41    -1.07    -2.11    -627.8     81.61    -17.07     1.502     127209    0    1    1    2    2
2023  2 28 21 25     6.48    -1.48    -1.83    -627.6     82.06    -16.48     1.490     126641    0    1    1    2    2
2023  2 28 21 26     6.52    -1.52    -1.50    -627.3     83.38    -15.25     1.478     126075    0    1    1    2    2
2023  2 28 21 27     6.50    -1.52    -1.34    -627.1     82.71    -15.32     1.466     125500    0    1    1    2    2
2023  2 28 21 28     6.54    -1.83    -1.29    -626.8     81.36    -15.67     1.454     124938    0    1    1    2    2
2023  2 28 21 29     6.48    -1.96    -1.18    -626.7     80.91    -15.84     1.442     124367    0    1    1    2    2
2023  2 28 21 30     6.39    -1.97    -1.32    -626.3     80.80    -15.94     1.430     123808    0    1    1    2    2
2023  2 28 21 31     6.31    -1.82    -1.46    -628.6     80.50    -15.60     1.416     123163    0    1    1    2    2
2023  2 28 21 32     6.35    -2.26    -1.35    -632.3     80.09    -14.94     1.402     122479    0    1    1    2    2
2023  2 28 21 33     6.50    -2.30    -1.32    -631.8     80.33    -14.99     1.390     121922    0    1    1    2    2
2023  2 28 21 34     6.51    -2.15    -1.49    -631.2     80.68    -14.32     1.378     121364    0    1    1    2    2
2023  2 28 21 35     6.52    -2.01    -1.60    -630.7     82.70    -12.13     1.367     120727    0    1    1    1    1
2023  2 28 21 36     6.56    -0.65    -1.86    -630.5     85.51     -9.76     1.360     118742    0    1    1    1    1
2023  2 28 21 37     6.56    -0.65    -1.86    -629.9     85.11     -8.59     1.367     116243    0    1    1    2    2
2023  2 28 21 38     6.56    -0.65    -1.86    -629.0     83.48     -8.07     1.380     113793    0    1    1    2    2
2023  2 28 21 39     6.58    -0.65    -1.85    -628.1     82.56     -6.90     1.394     111330    0    1    1    2    2
2023  2 28 21 40     6.58    -0.76    -1.80    -627.2     81.40     -5.09     1.407     108830    0    1    1    2    2
2023  2 28 21 41     6.55    -0.95    -1.84    -627.0     82.08     -3.75     1.411     103628    0    1    1    1    1
2023  2 28 21 42     6.51    -0.96    -1.88    -627.1     83.20     -3.27     1.406      96646    0    0    0    1    0
2023  2 28 21 43     6.50    -0.89    -2.04    -626.3     81.11     -4.72     1.397      95682    0    0    0    1    0
2023  2 28 21 44     6.55    -0.86    -2.16    -625.8     77.43     -7.57     1.389      96977    0    0    0    1    0
2023  2 28 21 45     6.53    -0.70    -2.31    -627.4     80.45    -10.72     1.405     113427    0    0    0    1    0
2023  2 28 21 46     6.53    -0.54    -2.24    -628.8     84.22    -12.18     1.418     121526    0    0    0    1    0
2023  2 28 21 47     6.49    -0.44    -2.36    -628.6     84.20    -11.13     1.411     121849    0    1    1    1    1
2023  2 28 21 48     6.48    -0.10    -2.37    -628.1     83.59     -9.46     1.400     120233    0    1    1    2    2
2023  2 28 21 49     6.45     0.24    -2.41    -627.6     84.75     -7.64     1.389     118528    0    1    1    2    2
2023  2 28 21 50     6.43     0.37    -2.41    -627.1     84.29     -7.29     1.378     116825    0    1    1    2    2
2023  2 28 21 51     6.49     0.27    -2.15    -625.4     83.04     -6.02     1.367     115209    0    1    1    2    2
2023  2 28 21 52     6.57    -0.04    -1.81    -624.2     81.46     -4.38     1.357     113566    0    1    1    2    2
2023  2 28 21 53     6.64    -0.37    -1.79    -622.9     80.25     -2.35     1.346     111938    0    1    1    2    2
2023  2 28 21 54     6.68    -0.76    -1.76    -621.7     79.78      0.47     1.336     110285    0    1    1    2    2
2023  2 28 21 55     6.67    -1.16    -1.59    -621.1     79.74      3.51     1.325     108594    0    1    1    2    2
2023  2 28 21 56     6.64    -1.36    -1.55    -621.3     77.76      4.13     1.313     106811    0    1    1    2    2
2023  2 28 21 57     6.66    -1.29    -1.52    -621.5     74.46      2.90     1.225     105029    0    1    1    2    2
2023  2 28 21 58     6.69    -1.26    -1.55    -620.8     73.56      3.38     1.170     103329    0    1    1    1    2
2023  2 28 21 59     6.68    -1.32    -1.57    -619.6     74.94      5.23     1.193     101671    0    0    0    0    2
2023  2 28 22  0     6.65    -1.34    -1.54    -618.7     76.09      5.68     1.220     100684    0    0    0    0    1
2023  2 28 22  1     6.64    -1.31    -1.59    -618.7     75.59      3.90     1.231     100315    0    0    0    0    0
2023  2 28 22  2     6.65    -1.31    -1.61    -618.7     74.34      2.57     1.235      99343    0    1    1    1    1
2023  2 28 22  3     6.66    -1.31    -1.54    -618.9     73.63      3.15     1.242      97985    0    1    1    2    2
2023  2 28 22  4     6.69    -1.30    -1.43    -618.7     74.44      5.68     1.249      96645    0    1    1    2    2
2023  2 28 22  5     6.71    -1.29    -1.37    -617.7     75.62      8.85     1.256      95362    0    1    1    2    2
2023  2 28 22  6     6.70    -1.31    -1.36    -616.6     75.92     10.73     1.262      93870    0    1    1    1    1
2023  2 28 22  7     6.68    -1.41    -1.35    -616.2     75.84     10.60     1.264      92343    0    0    0    0    0
2023  2 28 22  8     6.66    -1.57    -1.24    -615.7     76.76     10.72     1.263      92091    0    0    0    0    0
2023  2 28 22  9     6.66    -1.58    -1.01    -615.0     80.44     12.63     1.253      93060    0    1    1    1    1
2023  2 28 22 10     6.64    -1.58    -1.12    -615.1     86.13     15.69     1.233      97251    0    1    1    2    2
2023  2 28 22 11     6.61    -1.58    -1.49    -615.7     89.28     16.65     1.208     101603    0    1    1    2    2
2023  2 28 22 12     6.58    -1.57    -1.50    -616.3     92.29     17.68     1.183     105246    0    1    1    2    2
2023  2 28 22 13     6.58    -1.56    -1.49    -615.9     95.71     19.79     1.168     106511    0    1    1    1    1
2023  2 28 22 14     6.57    -1.54    -1.55    -615.5     91.79     17.50     1.186     105021    0    0    0    0    0
2023  2 28 22 15     6.55    -1.54    -1.71    -615.5     81.01     10.51     1.228      99832    0    0    0    0    0
2023  2 28 22 16     6.54    -1.52    -1.77    -616.2     76.19      7.11     1.258      97567    0    0    0    0    0
2023  2 28 22 17     6.55    -1.49    -1.75    -619.3     76.23      8.00     1.260      97157    0    1    1    1    1
2023  2 28 22 18     6.55    -1.50    -1.71    -621.9     77.23     10.57     1.248      97041    0    1    1    2    2
2023  2 28 22 19     6.53    -1.25    -1.71    -622.3     66.74     11.93     1.235      96937    0    1    1    2    2
2023  2 28 22 20     6.50    -1.11    -1.70    -623.0     72.28     13.95     1.210      90833    0    1    1    1    1
2023  2 28 22 21     6.47    -1.20    -1.64    -625.3     77.92     13.95     1.188      85884    0    0    0    0    0
2023  2 28 22 22     6.51    -1.19    -1.49    -626.9     78.61     13.74     1.182      84284    0    0    0    0    0
2023  2 28 22 23     6.60    -1.01    -1.39    -626.1     79.26     14.89     1.180      82392    0    0    0    0    0
2023  2 28 22 24     6.64    -0.70    -1.24    -624.4     75.88     16.67     1.178      77931    0    0    0    0    0
2023  2 28 22 25     6.63    -0.32    -1.10    -623.8     70.71     18.18     1.172      76406    0    0    0    0    0
2023  2 28 22 26     6.44     0.01    -1.07    -623.3     65.14     22.46     1.157      77090    0    0    0    0    0
2023  2 28 22 27     6.30     0.01    -1.06    -622.3     59.52     25.65     1.142      78492    0    0    0    0    0
2023  2 28 22 28     6.22    -0.27    -1.05    -621.7     53.48     26.78     1.135      82456    0    0    0    0    0
2023  2 28 22 29     6.17    -0.53    -1.11    -622.2     49.85     27.19     1.143      89720    0    1    1    1    1
2023  2 28 22 30     6.10    -0.62    -1.42    -624.2     48.35     27.57     1.165      98955    0    1    2    2    2
2023  2 28 22 31     6.14    -0.63    -1.98    -625.3     47.14     27.99     1.189     107863    0    1    2    2    2
2023  2 28 22 32     6.37    -0.59    -2.04    -624.6     46.04     28.37     1.211     115894    0    1    2    2    2
2023  2 28 22 33     6.46    -0.50    -1.96    -624.0     45.30     29.64     1.217     120691    0    1    1    1    1
2023  2 28 22 34     6.48    -0.46    -1.75    -623.8     44.76     32.75     1.215     122501    0    0    0    0    0
2023  2 28 22 35     6.38    -0.61    -1.09    -624.1     43.99     35.88     1.211     123659    0    0    0    0    0
2023  2 28 22 36     6.33    -0.67    -0.85    -625.9     42.19     39.18     1.140     124993    0    1    1    1    1
2023  2 28 22 37     6.31    -0.75    -1.29    -628.4     39.57     43.34     1.134     126396    0    1    2    1    2
2023  2 28 22 38     6.29    -1.59    -1.87    -628.7     37.09     47.27     1.178     127677    0    1    2    1    2
2023  2 28 22 39     6.07    -3.10    -0.66    -629.1     34.62     51.20     1.224     127741    0    1    2    2    2
2023  2 28 22 40     6.06    -3.13    -0.62    -629.1     33.83     52.46     1.259     127116    0    1    1    1    1
2023  2 28 22 41     5.92    -2.97    -0.65    -627.3     33.15     52.21     1.282     124320    0    1    1    1    1
2023  2 28 22 42     5.90    -2.68    -0.70    -624.6     32.28     51.83     1.301     121658    0    1    2    2    2
2023  2 28 22 43     5.48    -2.37    -0.73    -623.7     31.26     51.38     1.321     118697    0    1    2    2    2
2023  2 28 22 44     5.29    -2.06    -0.73    -623.6     30.19     50.91     1.343     115559    0    1    2    2    2
2023  2 28 22 45     5.69    -1.73    -0.87    -622.9     29.15     50.45     1.364     112526    0    1    2    2    2
2023  2 28 22 46     6.13    -1.80    -1.23    -621.8     28.14     50.01     1.384     111072    0    1    2    2    2
2023  2 28 22 47     6.30    -2.12    -1.54    -622.5     27.30     46.82     1.414     110824    0    1    1    1    1
2023  2 28 22 48     6.33    -2.40    -1.31    -624.9     26.66     42.16     1.464     110824    0    0    0    1    0
2023  2 28 22 49     6.34    -2.54    -0.77    -626.0     26.02     37.50     1.508     110295    0    0    0    1    0
2023  2 28 22 50     6.12    -3.03    -0.67    -626.2     25.38     32.86     1.547     105085    0    0    0    1    0
2023  2 28 22 51     6.05    -3.24    -0.98    -626.1     24.75     28.20     1.565      97364    0    0    0    1    0
2023  2 28 22 52     6.04    -3.26    -1.07    -626.0     24.11     23.54     1.573      89610    0    0    0    1    0
2023  2 28 22 53     6.14    -3.26    -1.06    -626.4     23.46     18.88     1.589      88073    0    0    0    1    0
2023  2 28 22 54     6.11    -3.29     0.03    -626.9     22.82     14.22     1.571      90197    0    0    0    1    0
2023  2 28 22 55     5.95    -3.40     0.06    -625.4     22.82     14.22     1.527      90579    0    0    0    1    0
2023  2 28 22 56     5.72    -3.50    -0.02    -622.6     22.82     14.22     1.535      90403    0    1    0    1    1
2023  2 28 22 57     5.27    -4.54     0.30    -627.4     23.08     14.39     1.575      89664    0    1    0    1    2
2023  2 28 22 58     5.05    -4.86     0.56    -628.7     23.31     14.51     1.609      88875    0    1    0    1    2
2023  2 28 22 59     4.96    -4.94     0.59    -628.4     23.32     14.53     1.636      88151    0    1    0    1    2
2023  2 28 23  0     4.58    -5.06     0.59    -628.0     23.32     14.53     1.647      77894    0    1    0    1    1
2023  2 28 23  1     4.73    -4.98     0.86    -626.2     23.32     14.53     1.651      65263    0    0    0    0    0
2023  2 28 23  2     4.82    -4.79     1.02    -624.9     23.32     14.53     1.657      62699    0    0    0    0    0
2023  2 28 23  3     5.15    -4.55     0.79    -623.7     23.32     14.53     1.663      63993    0    1    0    1    1
2023  2 28 23  4     5.41    -4.40     0.38    -623.2     23.32     14.53     1.667      67070    0    1    0    1    2
2023  2 28 23  5     5.45    -4.37     0.27    -622.9     23.32     14.53     1.669      70802    0    1    0    1    2
2023  2 28 23  6     5.43    -4.38     0.46    -622.6     23.32     14.53     1.670      74546    0    1    0    1    2
2023  2 28 23  7     5.42    -4.35     0.80    -622.2     23.32     14.53     1.671      78235    0    1    0    1    2
2023  2 28 23  8     5.40    -4.31     1.44    -621.2     25.90     24.95     1.664      81830    0    1    1    1    2
2023  2 28 23  9     5.32    -4.31     2.04    -620.2     28.02     32.93     1.657      85417    0    1    1    1    2
2023  2 28 23 10     5.22    -4.33     2.13    -620.3     28.20     32.65     1.658      89215    0    1    1    1    2
2023  2 28 23 11     5.21    -4.26     2.01    -624.1     28.33     32.24     1.671      93777    0    1    1    1    2
2023  2 28 23 12     5.26    -3.85     2.51    -628.0     28.31     31.51     1.726     107729    0    1    1    1    1
2023  2 28 23 13     5.35    -3.81     2.21    -627.8     28.26     31.23     1.781     109097    0    0    0    1    0
2023  2 28 23 14     5.39    -3.95     1.63    -627.3     27.56     35.64     1.696     106703    0    0    0    1    0
2023  2 28 23 15     5.39    -3.93     1.30    -627.5     27.18     41.53     1.646      98972    0    0    0    0    0
2023  2 28 23 16     5.16    -4.14     1.27    -628.7     27.00     48.08     1.676      97979    0    0    0    0    0
2023  2 28 23 17     4.92    -4.32     1.06    -629.0     21.48     53.85     1.707      99201    0    0    0    0    0
2023  2 28 23 18     4.73    -4.35     1.38    -628.3     17.63     58.06     1.736     111414    0    0    0    0    0
2023  2 28 23 19     4.61    -4.39     1.66    -627.2     19.26     62.30     1.760     115069    0    0    0    0    0
2023  2 28 23 20     4.43    -4.49     1.73    -628.7     20.45     63.07     1.778     115448    0    0    0    0    0
2023  2 28 23 21     4.12    -4.43     1.69    -634.4     20.22     55.12     1.796     112719    0    0    0    0    0
2023  2 28 23 22     4.13    -4.31     1.67    -638.3     21.22     45.05     1.822     104402    0    0    0    0    0
2023  2 28 23 23     4.14    -4.23     1.59    -641.5     21.81     35.50     1.845      92926    0    0    0    0    0
2023  2 28 23 24     4.63    -4.14     1.73    -649.2     23.56     26.66     1.933      84616    0    0    0    0    0
2023  2 28 23 25     4.88    -4.49     1.77    -663.8     23.08     25.70     1.985      90523    0    0    0    1    0
2023  2 28 23 26     4.77    -4.60     1.12    -671.5     22.21     28.61     2.007      92518    0    0    0    1    0
2023  2 28 23 27     4.71    -4.80     0.90    -672.4     22.23     28.07     2.155      92681    0    0    0    0    0
2023  2 28 23 28     4.37    -4.93     0.97    -673.7     22.47     27.80     2.112      98854    0    0    0    0    0
2023  2 28 23 29     4.11    -5.33     1.42    -679.3     21.12     28.84     2.097     122675    0    0    0    0    0
2023  2 28 23 30     4.08    -5.41     1.61    -680.5     20.46     29.46     2.142     135683    0    0    0    0    0
2023  2 28 23 31     4.04    -5.41     1.71    -677.5     20.49     29.49     2.158     135233    0    1    1    1    1
2023  2 28 23 32     3.92    -5.42     1.54    -673.5     20.92     29.29     2.156     133699    0    1    1    1    2
2023  2 28 23 33     3.92    -5.42     1.42    -671.1     21.51     29.06     2.149     130948    0    1    1    1    2
2023  2 28 23 34     4.50    -4.99     0.59    -664.7     21.80     28.85     2.149     128765    0    1    1    2    2
2023  2 28 23 35     4.85    -4.64     0.34    -657.9     22.17     28.63     2.150     126623    0    1    1    2    2
2023  2 28 23 36     4.98    -4.40     0.62    -651.1     22.63     28.42     2.150     124477    0    1    1    2    2
2023  2 28 23 37     4.91    -4.50     0.72    -647.3     23.15     28.22     2.144     121985    0    1    1    2    2
2023  2 28 23 38     5.01    -4.33     0.64    -659.7     24.24     27.82     2.017     117086    0    1    1    1    2
2023  2 28 23 39     5.26    -4.21     0.37    -663.1     24.99     27.52     2.009     113526    0    1    1    1    2
2023  2 28 23 40     5.39    -4.15    -0.09    -661.1     25.58     27.29     2.069     110714    0    1    1    2    2
2023  2 28 23 41     5.42    -4.19    -0.50    -658.1     26.14     27.07     2.092     108043    0    1    1    2    2
2023  2 28 23 42     5.27    -4.39    -0.60    -654.3     26.70     26.87     2.065     105493    0    1    1    2    2
2023  2 28 23 43     4.97    -4.69    -0.63    -649.3     27.29     26.70     2.026     103129    0    1    1    2    2
2023  2 28 23 44     5.05    -4.53    -0.56    -644.3     27.86     26.55     2.008     100792    0    1    1    1    2
2023  2 28 23 45     5.09    -4.40    -0.47    -640.7     28.45     26.38     1.995      98229    0    1    1    1    2
2023  2 28 23 46     5.12    -4.29    -0.48    -640.1     29.10     26.16     1.980      95245    0    1    1    1    2
2023  2 28 23 47     5.12    -4.42    -0.62    -642.1     29.81     25.87     1.952      91869    0    1    1    1    2
2023  2 28 23 48     4.69    -4.73    -0.71    -642.2     35.03     32.46     1.905      88760    0    1    1    1    2
2023  2 28 23 49     4.37    -4.93    -1.00    -641.1     38.83     36.29     1.879      85846    0    1    2    1    2
2023  2 28 23 50     4.42    -4.95    -0.99    -640.1     40.07     35.79     1.877      84492    0    1    2    1    2
2023  2 28 23 51     4.56    -4.58    -0.55    -639.8     40.13     35.13     1.886      90042    0    1    1    1    1
2023  2 28 23 52     4.59    -4.18    -0.32    -640.9     33.62     28.30     1.827      95592    0    0    0    0    0
2023  2 28 23 53     4.66    -4.31    -0.39    -643.1     26.67     22.77     1.527      96082    0    0    0    0    0
2023  2 28 23 54     4.70    -4.52    -0.57    -643.4     24.30     23.83     1.403      96326    0    0    0    0    0
2023  2 28 23 55     4.71    -4.42    -1.09    -641.0     23.47     26.89     1.470      99665    0    0    0    0    0
2023  2 28 23 56     4.77    -4.55    -1.43    -638.2     23.41     29.50     1.754     110425    0    0    0    0    0
2023  2 28 23 57     4.85    -4.90    -1.40    -638.6     23.73     30.12     2.114     131631    0    0    0    0    0
2023  2 28 23 58     4.62    -4.77    -1.26    -646.9     24.15     29.15     2.133     162123    0    0    0    1    0
2023  2 28 23 59     4.54    -4.77    -0.92    -651.3     24.44     28.24     2.068     164874    0    1    1    1    1
2023  3  1  0  0     4.21    -5.18    -0.60    -650.6     23.98     26.56     1.963     151717    0    1    1    1    2
2023  3  1  0  1     4.21    -5.18    -0.55    -649.7     23.45     25.26     1.959     142895    0    1    1    1    2
2023  3  1  0  2     4.15    -5.27    -0.38    -647.5     22.96     24.05     2.112     134639    0    1    1    1    2
2023  3  1  0  3     4.02    -5.47    -0.12    -644.7     22.44     22.82     2.349     126613    0    1    1    1    2
2023  3  1  0  4     4.07    -5.47    -0.19    -643.3     21.75     22.20     2.310     118026    0    1    1    1    2
2023  3  1  0  5     4.04    -5.47    -0.60    -644.9     19.69     26.58     2.088     110450    0    1    1    1    1
2023  3  1  0  6     3.95    -5.50    -0.50    -647.8     20.80     25.80     2.063     111834    0    0    0    0    0
2023  3  1  0  7     4.03    -5.40    -0.19    -648.9     21.72     21.36     2.056     115139    0    0    0    0    0
2023  3  1  0  8     4.14    -5.27    -0.16    -649.0     21.16     20.73     2.025     118073    0    0    0    0    0
2023  3  1  0  9     4.15    -5.07    -0.24    -647.8     21.34     19.78     1.950     124645    0    0    0    0    0
2023  3  1  0 10     4.36    -4.91    -0.43    -645.6     22.23     18.69     1.783     131103    0    0    0    0    0
2023  3  1  0 11     4.62    -4.83    -0.92    -643.4     22.44     17.22     1.590     133312    0    0    0    0    0
2023  3  1  0 12     4.70    -4.97    -1.23    -642.0     22.39     15.37     1.446     133955    0    0    0    0    0
2023  3  1  0 13     4.50    -5.18    -1.10    -641.8     24.84      9.85     1.458     133831    0    0    0    0    0
2023  3  1  0 14     4.48    -4.59    -2.15    -650.6     25.77      7.90     1.574     122467    0    0    0    0    0
2023  3  1  0 15     4.52    -4.47    -2.42    -654.0     26.15      8.05     1.649     111625    0    0    0    0    0
2023  3  1  0 16     4.45    -4.52    -2.30    -651.6     26.83      8.24     1.652     109045    0    0    0    0    0
2023  3  1  0 17     4.27    -4.46    -2.19    -647.5     28.40      7.50     1.661     106469    0    0    0    0    0
2023  3  1  0 18     4.09    -4.30    -2.13    -643.2     31.23      5.32     1.671     102100    0    0    0    0    0
2023  3  1  0 19     4.21    -4.35    -2.17    -641.8     34.03      3.17     1.680     102121    0    0    0    0    0
2023  3  1  0 20     4.35    -3.86    -3.24    -640.9     35.93      1.49     1.691     102727    0    0    0    0    0
2023  3  1  0 21     4.30    -3.96    -2.75    -644.3     49.90    -12.84     1.695     109093    0    1    1    1    1
2023  3  1  0 22     3.88    -4.07    -2.08    -649.2     48.57    -14.00     1.639     117995    0    1    2    2    2
2023  3  1  0 23     3.60    -4.25    -1.65    -651.3     46.85    -15.22     1.610     126126    0    1    2    2    2
2023  3  1  0 24     2.98    -4.53    -0.18    -652.9     45.18    -16.40     1.636     133891    0    1    2    2    2
2023  3  1  0 25     1.52    -4.61     1.65    -663.4     44.03    -17.12     1.656     136936    0    1    1    1    1
2023  3  1  0 26     0.72    -4.75     1.87    -667.8     44.14    -13.76     1.683     132836    0    1    2    2    2
2023  3  1  0 27     0.26    -4.90     1.98    -669.7     44.28     -9.85     1.714     129225    0    1    2    2    2
2023  3  1  0 28    -0.03    -4.95     1.88    -672.7     44.43     -5.75     1.747     126921    0    1    2    2    2
2023  3  1  0 29     0.94    -4.91     0.94    -667.6     44.59     -1.15     1.784     129923    1    1    2    2    2
2023  3  1  0 30     3.03    -4.76    -0.69    -655.4     44.77      4.18     1.827     136132    1    1    2    2    2
2023  3  1  0 31     4.03    -4.48    -1.43    -646.6     44.95      9.15     1.867     142384    1    2    2    2    2
2023  3  1  0 32     2.43    -3.91    -0.02    -647.7     45.08     12.96     1.898     148762    1    2    2    2    2
2023  3  1  0 33     2.44    -3.61     0.22    -648.8     45.22     16.78     1.928     155139    0    2    2    2    2
2023  3  1  0 34     0.65    -4.65     3.08    -665.4     45.44     23.17     1.979     165782    0    1    2    2    2
2023  3  1  0 35     0.58    -4.26     3.81    -667.0     45.58     27.08     2.011     172317    0    1    2    2    2
2023  3  1  0 36     0.58    -4.08     3.95    -669.0     45.72     31.01     2.043     178888    0    1    2    2    2
2023  3  1  0 37     0.61    -4.04     4.02    -669.6     45.85     34.73     2.072     185081    0    2    2    2    2
2023  3  1  0 38     0.69    -4.17     3.97    -670.2     45.99     38.46     2.102     191313    0    2    2    2    2
2023  3  1  0 39     0.75    -4.31     3.88    -670.7     46.12     42.16     2.132     197511    0    1    2    2    2
2023  3  1  0 40     0.71    -4.29     3.93    -671.1     46.24     45.87     2.162     203699    0    1    2    2    2
2023  3  1  0 41     0.42    -4.25     4.07    -672.1     46.38     49.63     2.192     209969    0    1    2    2    2
2023  3  1  0 42     0.06    -4.19     4.39    -674.9     46.52     53.73     2.225     216820    0    1    2    2    2
2023  3  1  0 43    -0.12    -4.23     4.51    -676.9     46.67     57.68     2.257     223417    0    1    2    2    2
2023  3  1  0 44    -0.45    -4.35     4.52    -677.3     50.73     61.36     2.286     229281    0    1    1    1    1
2023  3  1  0 45    -0.53    -4.39     4.48    -677.0     56.91     62.62     2.296     231258    0    0    0    0    0
2023  3  1  0 46    -0.40    -4.35     4.49    -679.4     64.22     67.51     2.248     230955    0    1    1    1    1
2023  3  1  0 47    -0.36    -4.34     4.56    -684.0     72.55     57.79     2.171     230469    0    1    1    2    2
2023  3  1  0 48    -0.35    -4.13     4.61    -687.3     80.75     63.03     2.098     230008    0    1    1    2    2
2023  3  1  0 49    -0.21    -3.73     4.71    -690.5     88.81     69.58     2.025     229546    0    1    1    2    2
2023  3  1  0 50     0.04    -3.45     4.90    -694.4     95.39     73.27     1.950     229074    0    1    1    1    2
2023  3  1  0 51     0.10    -3.36     5.01    -696.4     97.35     74.91     1.910     228632    0    0    0    0    2
2023  3  1  0 52     0.03    -3.58     4.88    -695.6     97.44     74.52     1.912     228238    0    1    1    1    2
2023  3  1  0 53    -0.01    -3.76     4.85    -694.5     98.12     74.44     1.916     227849    0    1    1    2    2
2023  3  1  0 54     0.07    -3.76     4.88    -693.7     98.88     74.58     1.921     227458    0    1    1    2    2
2023  3  1  0 55     0.17    -3.75     4.75    -693.0     99.40     74.30     1.926     227065    0    1    1    2    2
2023  3  1  0 56     0.23    -3.65     4.50    -693.0     99.56     73.10     1.931     226656    0    1    1    2    2
2023  3  1  0 57     0.20    -3.39     4.36    -693.5     99.88     71.85     1.935     226243    0    1    1    2    2
2023  3  1  0 58     0.08    -3.15     4.27    -693.6    100.43     71.14     1.940     225834    0    1    1    2    2
2023  3  1  0 59     0.06    -2.61     4.25    -692.9    100.83     70.55     1.945     225439    0    1    1    2    2
2023  3  1  1  0     0.00    -1.98     4.28    -691.9    100.90     69.19     1.950     225051    0    1    1    2    2
2023  3  1  1  1    -0.04    -2.81     4.32    -691.0    100.85     67.52     1.954     224661    0    1    1    2    2
2023  3  1  1  2    -0.04    -2.70     4.35    -690.5    101.49     67.07     1.959     224262    0    1    1    2    2
2023  3  1  1  3    -0.20    -2.62     4.43    -690.2    102.12     66.81     1.964     223861    0    1    1    1    2
2023  3  1  1  4    -0.49    -2.52     4.60    -690.3    102.60     66.50     1.968     223451    0    0    0    0    2
2023  3  1  1  5    -0.82    -2.39     4.68    -691.1    102.78     65.35     1.971     223033    0    1    1    1    2
2023  3  1  1  6    -0.91    -2.31     4.57    -691.1    104.23     64.12     1.984     222623    0    1    1    2    2
2023  3  1  1  7    -0.92    -2.15     4.44    -691.0    107.46     66.91     1.997     222220    0    1    1    2    2
2023  3  1  1  8    -0.95    -1.97     4.37    -691.5    111.02     70.44     2.011     221806    0    1    1    2    2
2023  3  1  1  9    -0.95    -1.92     4.24    -691.6    111.50     69.42     2.025     221398    0    1    1    2    2
2023  3  1  1 10    -0.76    -1.84     4.09    -690.4    111.46     68.15     2.037     221011    0    1    1    2    2
2023  3  1  1 11    -0.40    -1.74     3.95    -688.4    111.56     67.40     2.049     220640    0    1    1    2    2
2023  3  1  1 12    -0.10    -1.61     3.91    -686.5    112.47     67.67     2.062     220265    0    1    1    2    2
2023  3  1  1 13    -0.14    -1.65     3.95    -684.8    113.15     67.27     2.074     219890    0    1    1    2    2
2023  3  1  1 14    -0.26    -1.80     4.07    -682.9    113.59     65.87     2.087     219515    0    1    1    2    2
2023  3  1  1 15    -0.46    -1.83     4.43    -681.6    113.66     63.60     2.099     219129    0    1    1    2    2
2023  3  1  1 16    -0.66    -1.74     4.73    -680.2    114.62     63.13     2.112     219065    0    1    1    1    1
2023  3  1  1 17    -0.72    -1.41     4.87    -679.8    115.52     64.18     2.115     220581    0    0    0    0    0
2023  3  1  1 18    -0.77    -1.09     4.86    -681.5    115.00     62.60     2.197     223075    0    1    1    1    1
2023  3  1  1 19    -0.93    -0.92     4.71    -682.9    113.61     59.47     2.301     225646    0    1    1    2    2
2023  3  1  1 20    -1.35    -0.94     4.54    -683.4    113.37     57.77     2.401     228126    0    1    1    2    2
2023  3  1  1 21    -0.87    -2.19     4.53    -684.4    113.81     57.05     2.503     230636    0    1    1    2    2
2023  3  1  1 22    -0.95    -1.63     4.07    -687.1    113.72     57.10     2.613     233191    0    1    1    1    1
2023  3  1  1 23    -0.89    -1.65     4.12    -689.4    112.42     54.04     2.695     232225    0    0    0    0    0
2023  3  1  1 24    -0.55    -1.81     4.16    -686.1    109.66     51.61     2.640     226925    0    0    0    0    1
2023  3  1  1 25    -0.39    -2.63     4.16    -680.9    105.29     52.34     2.527     220675    0    0    0    0    1
2023  3  1  1 26    -0.30    -3.62     4.05    -680.4    102.39     54.96     2.290     212781    0    0    0    0    2
2023  3  1  1 27    -0.46    -3.66     4.25    -681.1    104.12     59.77     2.211     204567    0    0    0    0    2
2023  3  1  1 28    -0.50    -3.52     4.25    -683.3    103.77     58.71     2.127     195794    0    0    0    0    2
2023  3  1  1 29    -0.71    -3.35     3.95    -685.4    102.09     50.62     2.049     187823    0    0    0    0    0
2023  3  1  1 30    -1.06    -3.36     3.87    -687.9    102.04     50.51     2.046     187902    0    1    1    1    1
2023  3  1  1 31    -1.11    -3.33     3.93    -687.0    101.38     52.27     2.018     188694    0    1    1    2    2
2023  3  1  1 32    -1.24    -3.32     3.91    -686.4    100.47     56.66     1.990     189498    0    1    1    2    2
2023  3  1  1 33    -1.41    -3.33     3.82    -686.7     99.20     51.69     1.961     190318    0    1    1    1    2
2023  3  1  1 34    -1.17    -3.46     3.73    -688.3     98.46     40.46     1.933     191186    0    0    0    0    2
2023  3  1  1 35    -0.49    -3.61     3.79    -687.9     94.06     41.12     1.933     191998    0    1    1    1    2
2023  3  1  1 36    -0.42    -3.64     4.01    -687.2     89.07     43.43     1.927     192779    0    1    1    2    2
2023  3  1  1 37    -0.39    -3.64     4.02    -687.2     83.68     54.66     1.921     193598    0    1    2    2    2
2023  3  1  1 38    -0.36    -3.63     4.11    -687.7     77.68     54.63     1.915     194441    0    1    2    2    2
2023  3  1  1 39    -0.34    -3.53     4.25    -687.9     72.15     54.62     1.910     195266    0    1    2    2    2
2023  3  1  1 40    -0.26    -3.41     4.36    -687.1     71.31     54.60     1.904     196046    0    1    2    2    2
2023  3  1  1 41    -0.25    -3.42     4.48    -686.8     70.44     54.59     1.898     196859    0    1    2    2    2
2023  3  1  1 42    -0.23    -3.62     4.47    -685.1     69.62     54.57     1.893     197613    0    1    2    2    2
2023  3  1  1 43    -0.25    -3.63     4.45    -684.3     68.78     54.56     1.887     198403    0    1    2    2    2
2023  3  1  1 44    -0.23    -3.56     4.39    -684.3     67.90     54.54     1.881     199219    0    1    2    2    2
2023  3  1  1 45    -0.23    -3.37     4.41    -684.9     66.99     54.52     1.875     200062    0    2    2    2    2
2023  3  1  1 46    -0.16    -3.34     4.44    -685.6     66.10     54.50     1.869     200893    0    2    2    2    2
2023  3  1  1 47    -0.17    -3.34     4.25    -686.3     65.19     54.49     1.863     201738    0    1    2    2    2
2023  3  1  1 48    -0.37    -3.24     3.79    -686.8     64.28     54.47     1.857     202581    0    1    2    2    2
2023  3  1  1 49    -0.31    -3.20     3.59    -687.0     63.40     54.46     1.852     203397    0    1    2    2    2
2023  3  1  1 50     0.03    -3.53     3.30    -686.5     62.81     54.43     1.846     204200    0    1    2    2    2
2023  3  1  1 51     0.04    -3.90     3.12    -685.3     67.20     54.42     1.840     204978    0    1    2    2    2
2023  3  1  1 52     0.03    -4.44     2.71    -684.6     71.68     54.41     1.925     205768    0    1    1    1    2
2023  3  1  1 53     0.47    -4.27     2.39    -683.9     76.36     41.35     1.991     206559    0    0    0    0    2
2023  3  1  1 54     0.66    -4.26     2.21    -682.4     80.35     40.02     2.054     207326    0    0    0    0    2
2023  3  1  1 55     0.79    -4.24     2.17    -681.1     82.15     39.64     2.138     208092    0    0    0    0    2
2023  3  1  1 56     1.12    -4.23     1.80    -678.5     82.64     34.46     2.240     208822    0    1    1    1    2
2023  3  1  1 57     1.20    -4.65     0.51    -677.3     73.55     21.71     2.379     209598    0    1    1    1    2
2023  3  1  1 58     1.19    -4.86    -0.37    -676.9     69.59     14.80     2.499     210401    0    1    1    1    2
2023  3  1  1 59     1.06    -4.87    -0.81    -676.9     71.29     12.88     2.597     210696    0    1    1    1    1
2023  3  1  2  0     0.89    -4.94    -0.87    -677.9     72.48     12.47     2.766     209495    0    0    0    0    0
2023  3  1  2  1     0.43    -5.13    -0.54    -679.7     73.28     11.94     2.879     207103    0    1    1    1    1
2023  3  1  2  2     0.24    -5.32    -0.06    -680.6     69.64      7.78     2.896     204637    0    1    1    1    2
2023  3  1  2  3     0.23    -5.28     0.31    -679.5     65.40      4.11     2.849     202360    0    1    1    2    2
2023  3  1  2  4     0.44    -5.11     0.03    -675.9     64.10      2.80     2.739     200344    0    1    1    2    2
2023  3  1  2  5     0.58    -4.99    -0.29    -672.4     63.93      2.65     2.656     198338    0    1    1    2    2
2023  3  1  2  6     0.73    -4.95    -0.52    -669.9     63.74      2.41     2.766     196217    0    1    1    1    2
2023  3  1  2  7     1.23    -4.85    -0.71    -667.9     63.46      0.97     2.991     194031    0    1    1    1    2
2023  3  1  2  8     1.68    -4.60    -0.34    -666.1     64.64     -0.53     2.816     191843    0    1    1    1    2
2023  3  1  2  9     0.81    -4.56    -0.32    -668.3     68.55      6.03     2.763     189215    0    1    1    1    2
2023  3  1  2 10     0.31    -4.71     0.38    -674.4     62.16     18.60     2.645     186177    0    1    2    2    2
2023  3  1  2 11     0.22    -4.78    -0.15    -675.3     61.20     16.47     2.655     183703    0    1    2    2    2
2023  3  1  2 12     0.29    -4.79    -1.19    -674.2     68.91     10.71     2.629     181432    0    1    1    2    2
2023  3  1  2 13     0.54    -4.73    -1.62    -671.8     71.88      1.58     2.588     179287    0    1    1    2    2
2023  3  1  2 14     0.76    -4.64    -1.71    -669.7     65.14     -5.18     2.625     177132    0    1    1    1    2
2023  3  1  2 15     0.61    -4.77    -0.78    -670.4     65.83     -5.02     2.665     174676    0    1    1    1    2
2023  3  1  2 16     0.43    -5.09     0.60    -672.3     62.76      0.37     2.634     172071    0    1    1    1    2
2023  3  1  2 17     0.48    -5.05     0.36    -673.7     55.67      4.23     2.604     169532    0    1    2    1    2
2023  3  1  2 18     0.40    -4.97    -0.26    -674.4     54.71      2.11     2.575     167084    0    1    2    1    2
2023  3  1  2 19     0.39    -4.98    -0.28    -673.8     59.26     -3.86     2.492     164775    0    1    1    2    2
2023  3  1  2 20     0.50    -4.89    -0.32    -670.7     62.22    -11.24     2.406     162703    0    1    1    2    2
2023  3  1  2 21     0.54    -4.78    -0.72    -667.0     58.35    -15.34     2.368     160698    0    1    1    2    2
2023  3  1  2 22     0.67    -5.11    -0.90    -667.4     58.70    -15.79     2.274     158276    0    1    1    2    2
2023  3  1  2 23     0.54    -5.37    -0.90    -668.8     59.61    -15.78     2.144     155730    0    1    1    2    2
2023  3  1  2 24     0.47    -5.57    -0.90    -669.5     56.58    -17.78     2.120     153269    0    1    1    1    1
2023  3  1  2 25     0.47    -5.78    -0.99    -669.4     50.81    -20.22     2.045     150298    0    0    0    0    0
2023  3  1  2 26     0.50    -5.90    -1.05    -669.1     46.82    -20.70     1.915     145967    0    0    0    0    0
2023  3  1  2 27     0.58    -6.00    -0.59    -667.6     46.53    -19.11     1.916     141924    0    0    0    0    0
2023  3  1  2 28     0.55    -5.96     0.01    -664.8     47.62    -14.54     1.922     138406    0    0    0    0    0
2023  3  1  2 29     0.30    -5.75     0.09    -662.9     49.15    -11.29     1.924     137138    0    1    1    1    1
2023  3  1  2 30     0.30    -5.49     0.33    -661.3     61.17      1.43     1.952     135874    0    1    1    1    1
2023  3  1  2 31     0.26    -5.47     0.55    -661.4     65.12      8.03     2.037     134490    0    1    1    2    2
2023  3  1  2 32     0.44    -5.57     0.83    -661.6     67.53     13.87     2.045     133119    0    1    1    2    2
2023  3  1  2 33     0.23    -5.70     2.03    -666.3     63.76     12.55     2.046     131445    0    1    1    2    2
2023  3  1  2 34     0.14    -5.74     1.93    -676.8     50.22      1.40     2.037     129447    0    1    1    1    1
2023  3  1  2 35     0.09    -5.71     2.02    -677.3     47.59      7.03     2.027     128215    0    0    0    0    0
2023  3  1  2 36     0.09    -5.56     2.30    -677.7     47.82     12.92     2.011     127147    0    0    0    0    1
2023  3  1  2 37     0.03    -5.51     2.38    -678.3     48.46     19.68     1.993     126082    0    0    0    0    2
2023  3  1  2 38    -0.21    -5.43     2.65    -678.9     43.46     27.28     1.971     125005    0    0    0    0    2
2023  3  1  2 39    -0.42    -5.35     2.75    -679.1     44.16     34.14     1.947     123954    0    0    0    0    2
2023  3  1  2 40    -0.45    -5.28     2.79    -679.7     45.97     40.10     1.844     122886    0    0    0    0    2
2023  3  1  2 41    -0.44    -5.21     2.86    -679.5     46.25     44.96     1.780     121849    0    0    0    0    2
2023  3  1  2 42    -0.44    -5.15     2.93    -678.8     44.70     47.41     1.753     120837    0    1    1    1    2
2023  3  1  2 43    -0.40    -4.94     3.18    -678.9     42.56     44.29     1.731     119792    0    1    2    2    2
2023  3  1  2 44    -0.61    -4.80     3.27    -678.9     40.45     39.38     1.710     118759    0    1    2    2    2
2023  3  1  2 45    -0.82    -4.77     3.33    -679.0     38.31     34.39     1.688     117709    0    1    1    1    2
2023  3  1  2 46    -0.87    -4.68     3.40    -678.1     39.53     35.52     1.709     116711    0    0    0    0    2
2023  3  1  2 47    -0.80    -4.57     3.50    -677.4     40.34     36.64     1.721     115703    0    0    0    0    2
2023  3  1  2 48    -0.76    -4.42     3.71    -677.8     38.33     33.87     1.686     114644    0    0    0    0    2
2023  3  1  2 49    -1.09    -4.21     3.93    -683.4     32.54     22.22     1.563     113354    0    0    0    0    2
2023  3  1  2 50    -1.19    -4.16     3.93    -687.6     31.56     14.34     1.557     112123    0    0    0    0    2
2023  3  1  2 51    -1.24    -4.37     3.47    -689.8     31.57     12.14     1.607     110981    0    0    0    0    2
2023  3  1  2 52    -1.21    -4.84     2.64    -690.0     31.81     12.41     1.645     109935    0    0    0    0    2
2023  3  1  2 53    -1.11    -5.26     1.35    -687.4     33.06     14.25     1.646     109013    0    1    1    1    2
2023  3  1  2 54    -1.11    -5.11     1.87    -682.3     35.91     20.94     1.637     108191    0    1    1    1    2
2023  3  1  2 55    -0.94    -5.18     2.25    -682.6     39.54     29.48     1.625     107140    0    1    2    2    2
2023  3  1  2 56    -1.06    -5.11     2.79    -688.0     43.98     39.95     1.611     105853    0    1    2    2    2
2023  3  1  2 57    -0.99    -5.32     2.16    -687.5     47.47     48.16     1.600     104844    0    1    2    2    2
2023  3  1  2 58    -0.89    -5.37     1.94    -687.0     51.01     56.49     1.588     103868    0    1    1    1    1
2023  3  1  2 59    -0.93    -5.27     2.29    -686.6     54.30     64.36     1.573     103578    0    0    0    0    0
2023  3  1  3  0    -1.01    -5.27     2.38    -686.2     53.21     63.61     1.483     103603    0    0    0    0    1
2023  3  1  3  1    -1.00    -5.22     2.51    -684.9     51.94     62.55     1.474     104337    0    0    0    0    1
2023  3  1  3  2    -0.93    -5.01     2.88    -683.4     49.06     52.63     1.483     105050    0    1    1    1    2
2023  3  1  3  3    -0.92    -4.94     3.00    -681.5     49.98     47.37     1.492     105762    0    1    2    2    2
2023  3  1  3  4    -0.78    -4.97     3.24    -678.8     47.96     42.08     1.501     106449    0    1    1    2    2
2023  3  1  3  5    -0.62    -4.89     3.33    -676.4     45.15     36.61     1.510     107137    0    1    1    2    2
2023  3  1  3  6    -0.65    -4.68     3.38    -675.2     42.36     31.16     1.520     107866    0    1    2    2    2
2023  3  1  3  7    -0.70    -4.68     3.18    -675.5     37.09     27.02     1.530     108647    0    1    1    1    2
2023  3  1  3  8    -0.62    -4.98     2.64    -675.7     32.64     23.93     1.496     109429    0    0    0    0    2
2023  3  1  3  9    -0.57    -5.27     2.08    -675.3     30.78     19.65     1.420     110187    0    0    0    0    2
2023  3  1  3 10    -0.57    -5.49     1.36    -675.6     29.77     17.07     1.369     110969    0    0    0    0    2
2023  3  1  3 11    -0.50    -5.53     1.07    -674.9     30.23     17.17     1.387     111722    0    1    1    1    2
2023  3  1  3 12    -0.24    -5.42     1.40    -671.8     31.35     17.61     1.429     112385    0    1    2    2    2
2023  3  1  3 13     0.14    -5.32     1.75    -668.1     32.41     18.05     1.469     113024    0    1    2    2    2
2023  3  1  3 14     0.46    -5.38     1.56    -666.4     33.60     18.53     1.514     113735    0    1    2    2    2
2023  3  1  3 15     0.49    -5.55     1.26    -665.9     34.87     19.04     1.563     114494    0    1    1    1    2
2023  3  1  3 16     0.39    -5.55     0.94    -665.1     35.97     19.49     1.604     115244    0    0    0    0    2
2023  3  1  3 17     0.38    -5.56     0.94    -662.8     35.97     19.41     1.604     115935    0    1    1    1    2
2023  3  1  3 18     0.38    -5.54     0.94    -659.8     35.34     15.63     1.597     116596    0    1    1    1    2
2023  3  1  3 19     1.26    -5.48     0.58    -658.6     34.64     11.44     1.588     117330    0    1    2    2    2
2023  3  1  3 20     1.45    -5.50     0.43    -657.8     33.93      7.25     1.580     118067    0    1    2    2    2
2023  3  1  3 21     1.33    -5.59     0.21    -657.1     33.20      2.95     1.571     118820    0    1    2    2    2
2023  3  1  3 22     0.57    -5.61    -0.15    -657.0     32.47     -1.43     1.562     119589    0    1    2    2    2
2023  3  1  3 23    -1.14    -5.64     0.69    -664.2     31.60     -6.96     1.555     120613    0    0    0    0    2
2023  3  1  3 24    -1.03    -5.66     0.72    -666.8     32.56     -7.30     1.612     121474    0    0    0    0    2
2023  3  1  3 25    -0.87    -5.67     0.72    -666.3     33.73     -7.15     1.686     122223    0    0    0    0    2
2023  3  1  3 26    -1.16    -5.46     0.95    -667.0     33.70     -5.51     1.706     123016    0    1    1    1    2
2023  3  1  3 27    -2.00    -5.09     1.54    -679.6     33.33      1.37     1.711     124225    0    1    2    2    2
2023  3  1  3 28    -1.91    -5.18     1.63    -679.7     33.10      5.74     1.714     124996    0    1    2    2    2
2023  3  1  3 29    -1.63    -5.29     1.56    -675.3     32.91      9.29     1.716     125620    0    1    1    1    2
2023  3  1  3 30    -1.48    -5.37     1.42    -672.5     32.78     12.29     1.649     126291    0    0    0    0    1
2023  3  1  3 31    -1.55    -5.38     1.29    -672.0     32.76     15.04     1.559     129408    0    0    0    0    0
2023  3  1  3 32    -1.67    -5.36     1.30    -672.1     33.13     18.25     1.574     134972    0    0    0    0    0
2023  3  1  3 33    -1.83    -5.33     1.41    -673.4     33.94     21.80     1.601     137434    0    0    0    0    0
2023  3  1  3 34    -1.98    -5.30     1.46    -678.0     34.29     26.08     1.607     135906    0    0    0    0    1
2023  3  1  3 35    -1.99    -5.29     1.49    -683.4     32.27     27.21     1.619     133130    0    0    0    0    2
2023  3  1  3 36    -1.92    -5.28     1.45    -681.9     28.27     20.03     1.645     131042    0    0    0    0    2
2023  3  1  3 37    -1.72    -5.28     1.54    -681.3     23.90     12.14     1.691     128863    0    0    0    0    2
2023  3  1  3 38    -1.56    -5.29     1.67    -679.6     22.63     10.67     1.701     126767    0    0    0    0    2
2023  3  1  3 39    -1.20    -5.32     1.74    -676.9     22.49     11.55     1.690     124784    0    0    0    0    2
2023  3  1  3 40    -1.13    -5.35     1.92    -680.7     26.37     28.51     1.592     122200    0    0    0    0    1
2023  3  1  3 41    -1.18    -5.32     1.96    -682.4     27.44     32.74     1.568     121744    0    0    0    0    0
2023  3  1  3 42    -1.18    -5.29     1.97    -683.7     27.53     31.67     1.568     121760    0    0    0    0    1
2023  3  1  3 43    -1.17    -5.29     1.99    -681.5     29.02     29.62     1.554     121776    0    0    0    0    2
2023  3  1  3 44    -1.11    -5.30     1.99    -681.0     30.77     29.22     1.551     121793    0    0    0    0    2
2023  3  1  3 45    -0.99    -5.30     2.04    -679.8     32.82     33.85     1.531     121810    0    0    0    0    2
2023  3  1  3 46    -0.97    -5.19     2.13    -679.7     33.34     35.25     1.525     121827    0    0    0    0    2
2023  3  1  3 47    -1.01    -5.13     2.17    -678.9     33.10     33.22     1.484     121844    0    0    0    0    2
2023  3  1  3 48    -1.00    -5.18     2.14    -678.1     33.01     31.56     1.437     121861    0    0    0    0    2
2023  3  1  3 49    -0.84    -5.21     2.08    -677.0     33.02     30.34     1.424     121878    0    0    0    0    2
2023  3  1  3 50    -0.71    -5.17     2.35    -675.7     32.28     29.37     1.462     121894    0    0    0    0    2
2023  3  1  3 51    -0.78    -5.10     2.47    -672.9     31.42     28.94     1.506     121909    0    0    0    0    2
2023  3  1  3 52    -0.92    -5.08     2.32    -669.1     31.05     28.85     1.530     121924    0    0    0    0    2
2023  3  1  3 53    -0.80    -5.17     2.22    -666.4     31.15     28.92     1.541     121940    0    0    0    0    2
2023  3  1  3 54    -0.23    -5.33     2.15    -666.1     31.59     29.33     1.540     121957    0    0    0    0    2
2023  3  1  3 55    -0.41    -5.32     2.06    -670.2     30.59     27.00     1.534     121977    0    0    0    0    2
2023  3  1  3 56    -0.75    -5.30     1.98    -671.2     28.64     22.48     1.553     121996    0    0    0    0    2
2023  3  1  3 57    -0.84    -5.29     1.90    -670.8     29.15     24.99     1.591     122013    0    0    0    0    2
2023  3  1  3 58    -0.99    -5.30     1.83    -669.3     30.02     29.81     1.603     122029    0    0    0    0    2
2023  3  1  3 59    -0.94    -5.30     1.80    -666.1     30.03     31.39     1.598     122044    0    0    0    0    2
2023  3  1  4  0    -0.70    -5.31     1.82    -661.7     30.04     32.87     1.574     122058    0    0    0    0    2
2023  3  1  4  1    -0.69    -5.37     2.02    -661.2     33.57     33.54     1.384     122075    0    0    0    0    2
2023  3  1  4  2    -0.69    -5.36     2.03    -662.0     34.13     34.69     1.367     122094    0    0    0    0    2
2023  3  1  4  3    -0.46    -5.35     1.99    -661.4     33.52     32.73     1.361     122111    0    1    1    1    2
2023  3  1  4  4    -0.45    -5.33     1.89    -660.4     32.89     30.74     1.355     122127    0    1    2    2    2
2023  3  1  4  5    -0.48    -5.33     1.89    -659.3     32.27     28.76     1.350     122144    0    1    2    2    2
2023  3  1  4  6    -0.49    -5.33     1.91    -659.1     31.63     26.68     1.344     122161    0    1    1    1    2
2023  3  1  4  7    -0.20    -5.23     1.91    -659.1     31.68     28.18     1.353     122179    0    0    0    0    2
2023  3  1  4  8     0.13    -5.21     2.04    -664.1     32.06     32.78     1.380     122200    0    0    0    0    2
2023  3  1  4  9    -0.56    -5.25     2.24    -664.4     32.07     32.77     1.400     122218    0    0    0    0    2
2023  3  1  4 10    -0.42    -5.28     2.40    -664.5     32.26     32.98     1.421     122235    0    0    0    0    2
2023  3  1  4 11    -0.42    -5.28     2.40    -664.4     34.34     35.47     1.464     122253    0    0    0    0    2
2023  3  1  4 12    -0.45    -5.29     2.36    -663.2     34.87     36.98     1.504     122269    0    0    0    0    2
2023  3  1  4 13    -0.49    -5.29     2.36    -660.8     35.63     37.39     1.513     122285    0    0    0    0    2
2023  3  1  4 14    -0.07    -5.29     2.13    -656.8     34.43     36.77     1.530     122299    0    1    1    1    2
2023  3  1  4 15    -0.02    -5.32     1.91    -655.8     32.79     35.91     1.551     122316    0    1    2    2    2
2023  3  1  4 16    -0.06    -5.38     1.80    -657.4     30.94     34.95     1.575     122335    0    1    2    2    2
2023  3  1  4 17     0.11    -5.33     1.90    -658.6     29.15     34.01     1.598     122353    0    1    2    2    2
2023  3  1  4 18    -0.08    -5.31     2.03    -660.9     27.23     33.01     1.623     122372    0    1    1    1    2
2023  3  1  4 19    -0.06    -5.23     2.05    -660.7     27.77     33.69     1.620     122390    0    0    0    0    2
2023  3  1  4 20     0.12    -5.23     2.19    -657.5     28.94     29.38     1.612     122405    0    0    0    0    2
2023  3  1  4 21    -0.44    -5.24     2.21    -656.1     29.91     24.51     1.565     122421    0    0    0    0    2
2023  3  1  4 22    -0.69    -5.29     2.10    -656.0     43.34     19.57     1.501     122438    0    0    0    0    2
2023  3  1  4 23    -0.58    -5.31     2.00    -656.4     49.41     14.57     1.456     122456    0    0    0    0    2
2023  3  1  4 24    -0.47    -5.23     2.04    -656.4     51.28      9.76     1.443     122474    0    0    0    0    2
2023  3  1  4 25     0.07    -5.19     2.05    -656.2     51.25      8.87     1.439     122491    0    0    0    0    2
2023  3  1  4 26     0.25    -5.26     1.86    -656.4     48.38      8.34     1.432     122509    0    0    0    0    2
2023  3  1  4 27     0.13    -5.35     1.62    -656.0     46.12      5.68     1.410     122526    0    0    0    0    2
2023  3  1  4 28    -0.12    -5.38     1.55    -655.1     42.35      3.08     1.328     122543    0    0    0    0    2
2023  3  1  4 29     0.02    -5.36     1.73    -654.9     40.81      2.59     1.230     122560    0    0    0    0    2
2023  3  1  4 30    -0.16    -5.18     1.94    -655.6     41.75      4.36     1.197     122578    0    0    0    0    2
2023  3  1  4 31    -0.50    -4.98     2.19    -655.6     46.58      7.82     1.230     122595    0    0    0    0    2
2023  3  1  4 32    -0.58    -4.85     2.54    -655.8     49.96     11.28     1.325     122601    0    0    0    0    1
2023  3  1  4 33    -0.59    -4.87     2.62    -655.1     50.55     12.25     1.413     121645    0    0    0    0    0
2023  3  1  4 34    -0.13    -4.96     2.43    -656.2     50.69     12.36     1.496     120211    0    1    1    1    1
2023  3  1  4 35     0.00    -5.04     2.34    -660.7     52.17     13.61     1.588     118601    0    1    1    2    2
2023  3  1  4 36    -0.27    -4.92     2.31    -673.2     53.18     18.83     1.693     116536    0    1    1    1    2
2023  3  1  4 37     0.01    -4.82     1.96    -684.2     36.61     25.41     1.759     114573    0    1    1    1    2
2023  3  1  4 38     0.11    -4.89     1.60    -694.1     35.67     32.05     1.794     112712    0    1    2    1    2
2023  3  1  4 39     0.13    -5.02     1.54    -697.9     35.60     35.51     1.818     111171    0    1    2    1    2
2023  3  1  4 40     0.20    -5.01     1.60    -695.2     35.54     35.52     1.835     109989    0    1    1    1    2
2023  3  1  4 41     0.27    -5.00     1.72    -690.9     35.51     35.52     1.821     108897    0    0    0    0    2
2023  3  1  4 42     0.32    -5.03     1.89    -691.7     34.83     33.93     1.718     107531    0    1    1    1    2
2023  3  1  4 43     0.33    -5.18     1.95    -705.4     30.68     24.47     1.642     105464    0    1    1    1    2
2023  3  1  4 44     0.41    -5.14     1.93    -693.5     30.20     23.39     1.638     104809    0    1    1    1    2
2023  3  1  4 45     0.50    -5.07     1.90    -678.2     30.20     23.42     1.644     104340    0    1    1    1    2
2023  3  1  4 46     0.59    -5.01     1.86    -663.6     30.21     23.46     1.648     103837    0    1    1    1    2
2023  3  1  4 47     0.64    -5.01     1.86    -660.9     30.22     23.57     1.600     102666    0    1    1    1    2
2023  3  1  4 48     0.80    -4.96     1.96    -658.7     30.10     23.64     1.532     101479    0    1    1    1    2
2023  3  1  4 49     1.23    -4.90     2.21    -656.0     29.94     23.70     1.454     100319    0    1    1    1    2
2023  3  1  4 50     1.66    -4.78     2.32    -653.3     29.89     23.79     1.362      99165    0    1    1    1    2
2023  3  1  4 51     1.63    -4.77     2.25    -647.0     29.90     23.87     1.303      98233    0    1    1    1    2
2023  3  1  4 52     1.16    -4.88     2.12    -637.4     29.90     23.92     1.284      97522    0    1    1    1    2
2023  3  1  4 53     0.20    -5.09     2.07    -647.8     29.91     24.07     1.288      95521    0    0    0    0    2
2023  3  1  4 54     0.35    -5.07     1.98    -646.7     31.52     27.69     1.289      94261    0    1    1    1    2
2023  3  1  4 55     0.68    -5.01     2.08    -644.3     36.14     38.00     1.290      93082    0    1    2    1    2
2023  3  1  4 56     0.68    -5.02     1.93    -644.4     36.62     38.13     1.295      91751    0    1    2    1    2
2023  3  1  4 57     0.72    -5.07     1.73    -645.3     37.12     38.27     1.304      90367    0    1    2    1    2
2023  3  1  4 58     0.98    -5.10     1.59    -645.9     37.60     38.40     1.316      89003    0    1    2    1    2
2023  3  1  4 59     1.42    -5.09     1.59    -639.7     37.94     38.49     1.319      88067    0    1    2    1    2
2023  3  1  5  0     1.50    -5.04     1.52    -630.2     38.19     38.55     1.317      87376    0    1    2    1    2
2023  3  1  5  1     1.55    -4.97     1.45    -620.3     38.43     38.61     1.314      86713    0    1    2    1    2
2023  3  1  5  2     1.56    -5.02     1.50    -612.9     38.73     38.68     1.311      85900    0    1    2    2    2
2023  3  1  5  3     1.58    -5.07     1.60    -606.6     39.05     38.76     1.307      85021    0    1    2    2    2
2023  3  1  5  4     1.63    -5.10     1.80    -602.0     39.40     38.85     1.302      84026    0    1    2    2    2
2023  3  1  5  5     1.89    -4.97     1.86    -598.0     39.78     38.95     1.277      82980    0    1    2    1    2
2023  3  1  5  6     2.20    -4.72     1.94    -596.0     40.20     39.07     1.247      81808    0    1    1    1    2
2023  3  1  5  7     2.39    -4.52     2.00    -595.6     40.72     38.93     1.228      80521    0    0    0    0    2
2023  3  1  5  8     2.43    -4.46     2.22    -595.3     41.60     38.80     1.222      79719    0    0    0    0    1
2023  3  1  5  9     2.41    -4.47     2.44    -594.7     43.90     41.63     1.226      79528    0    0    0    0    0
2023  3  1  5 10     2.42    -4.45     2.40    -594.1     46.74     45.84     1.248      80013    0    0    0    0    1
2023  3  1  5 11     2.47    -4.34     2.14    -594.1     48.13     48.05     1.264      80909    0    0    0    0    2
2023  3  1  5 12     2.50    -4.26     1.99    -594.4     47.92     47.46     1.270      81819    0    1    1    1    2
2023  3  1  5 13     2.52    -4.33     2.02    -594.5     47.28     45.72     1.279      82720    0    1    2    1    2
2023  3  1  5 14     2.58    -4.25     2.23    -594.3     46.66     44.01     1.284      83607    0    1    2    1    2
2023  3  1  5 15     2.65    -4.19     2.52    -594.0     46.04     42.30     1.284      84487    0    1    2    1    2
2023  3  1  5 16     2.59    -4.28     2.65    -594.3     45.38     40.54     1.282      85400    0    1    2    1    2
2023  3  1  5 17     2.43    -4.38     2.66    -595.3     44.72     38.73     1.280      86343    0    1    2    1    2
2023  3  1  5 18     2.37    -4.53     2.69    -595.9     44.06     36.95     1.281      87264    0    1    2    1    2
2023  3  1  5 19     2.04    -4.76     2.76    -595.9     43.43     35.21     1.284      88165    0    1    2    1    2
2023  3  1  5 20     1.63    -4.88     2.71    -595.9     42.80     33.49     1.293      89060    0    1    2    1    2
2023  3  1  5 21     1.93    -4.87     2.62    -596.7     42.12     31.68     1.302      89996    0    1    2    1    2
2023  3  1  5 22     2.16    -4.64     2.60    -597.1     41.48     29.92     1.304      90909    0    1    2    1    2
2023  3  1  5 23     2.16    -4.51     2.69    -598.9     40.79     28.03     1.303      91889    0    1    2    1    2
2023  3  1  5 24     2.08    -4.53     2.64    -600.0     40.11     26.20     1.300      92843    0    1    2    1    2
2023  3  1  5 25     2.03    -4.68     2.55    -600.0     39.49     24.48     1.296      93730    0    1    2    1    2
2023  3  1  5 26     2.08    -4.70     2.45    -601.7     38.78     22.60     1.295      94709    0    1    2    1    2
2023  3  1  5 27     2.10    -4.69     2.20    -609.3     37.88     20.15     1.291      95982    0    1    2    1    2
2023  3  1  5 28     2.01    -4.69     2.11    -610.4     37.22     18.34     1.289      96924    0    1    2    1    2
2023  3  1  5 29     2.01    -4.71     2.08    -609.8     36.61     16.67     1.289      97785    0    1    2    1    2
2023  3  1  5 30     2.01    -4.72     2.00    -608.7     36.01     15.05     1.287      98322    0    1    1    1    1
2023  3  1  5 31     1.93    -4.73     1.90    -606.7     35.59     13.90     1.285      98212    0    0    0    0    0
2023  3  1  5 32     1.87    -4.79     1.94    -607.7     35.59     13.85     1.285      97467    0    1    1    1    1
2023  3  1  5 33     2.05    -4.86     1.78    -611.8     35.58     13.71     1.292      95900    0    1    2    1    2
2023  3  1  5 34     2.24    -4.87     1.50    -609.2     35.57     13.59     1.297      94796    0    1    2    1    2
2023  3  1  5 35     2.37    -4.88     1.25    -604.3     34.99     13.30     1.300      93854    0    1    1    1    2
2023  3  1  5 36     2.51    -4.88     1.02    -602.4     30.07     11.47     1.301      92706    0    1    1    1    2
2023  3  1  5 37     2.51    -4.92     1.11    -607.7     30.07     11.39     1.447      91058    0    1    1    1    2
2023  3  1  5 38     2.45    -4.92     1.19    -608.3     30.07     11.29     1.525      89728    0    1    1    1    2
2023  3  1  5 39     2.34    -4.91     1.26    -607.9     30.09     11.20     1.568      88476    0    1    1    1    2
2023  3  1  5 40     2.32    -4.77     1.50    -608.8     30.18     11.16     1.606      87134    0    1    1    1    2
2023  3  1  5 41     2.26    -4.48     1.72    -610.7     30.31     11.13     1.645      85722    0    1    1    1    2
2023  3  1  5 42     2.24    -4.39     1.52    -610.9     30.36     11.07     1.686      84416    0    1    1    1    2
2023  3  1  5 43     2.21    -4.51     1.54    -611.5     30.36     10.99     1.729      83103    0    1    1    1    2
2023  3  1  5 44     2.10    -4.70     1.58    -611.7     32.90     11.60     1.771      81810    0    1    1    1    2
2023  3  1  5 45     2.03    -4.90     1.69    -611.3     35.44     12.19     1.809      80549    0    1    2    1    2
2023  3  1  5 46     1.97    -5.01     1.78    -611.1     35.43     12.06     1.834      79278    0    1    2    1    2
2023  3  1  5 47     1.96    -5.01     1.69    -611.0     35.42     11.94     1.825      78007    0    1    2    1    2
2023  3  1  5 48     1.95    -4.98     1.58    -611.0     35.40     11.81     1.814      76725    0    1    2    1    2
2023  3  1  5 49     1.93    -4.96     1.57    -610.9     33.05     11.18     1.804      75453    0    1    1    1    2
2023  3  1  5 50     1.94    -4.94     1.56    -610.1     30.29     10.49     1.782      74227    0    1    1    1    2
2023  3  1  5 51     1.96    -4.93     1.60    -608.9     30.30     10.42     1.785      73478    0    1    1    1    1
2023  3  1  5 52     1.96    -4.93     1.69    -609.5     30.54     10.64     1.810      81850    0    0    0    0    0
2023  3  1  5 53     2.06    -4.94     1.71    -610.8     30.91     11.30     1.768      94609    0    0    0    0    0
2023  3  1  5 54     2.24    -4.94     1.78    -610.4     30.77     12.14     1.608      94373    0    1    1    1    1
2023  3  1  5 55     2.35    -4.91     1.89    -611.2     30.43     13.46     1.506      93808    0    1    1    1    2
2023  3  1  5 56     2.41    -4.89     1.90    -614.0     30.17     14.93     1.483      93184    0    1    1    2    2
2023  3  1  5 57     2.16    -4.87     1.98    -615.7     29.97     16.34     1.459      92597    0    1    1    2    2
2023  3  1  5 58     1.91    -4.90     2.24    -619.5     29.75     17.89     1.433      91950    0    1    2    2    2
2023  3  1  5 59     1.76    -4.86     2.18    -622.3     34.43     29.50     1.408      91851    0    1    0    1    0
2023  3  1  6  0     1.74    -4.87     2.13    -622.2     34.49     29.49     1.389      91882    0    1    1    1    1
2023  3  1  6  1     1.60    -4.86     2.47    -621.2     35.37     29.68     1.388      92345    0    1    2    1    2
2023  3  1  6  2     1.78    -4.82     2.41    -620.2     36.27     29.87     1.397      92815    0    1    2    1    2
2023  3  1  6  3     2.02    -4.80     2.28    -619.2     31.55     20.67     1.399      93278    0    1    1    1    2
2023  3  1  6  4     2.08    -4.83     2.27    -618.2     31.36     19.59     1.392      93747    0    1    1    1    2
2023  3  1  6  5     2.09    -4.87     2.12    -617.1     31.80     19.69     1.364      94217    0    1    1    1    2
2023  3  1  6  6     2.12    -4.84     2.24    -616.1     32.25     19.80     1.329      94681    0    1    1    1    2
2023  3  1  6  7     2.16    -4.73     2.35    -615.1     32.71     19.87     1.316      95149    0    1    1    1    2
2023  3  1  6  8     2.16    -4.64     2.42    -614.1     33.16     19.93     1.329      95619    0    1    1    1    2
2023  3  1  6  9     2.05    -4.68     2.41    -612.4     43.17     11.76     1.363      95799    0    1    1    1    1
2023  3  1  6 10     1.86    -4.86     2.23    -609.6     47.60      6.45     1.414      93838    0    0    0    1    0
2023  3  1  6 11     1.71    -5.09     1.98    -606.6     41.86      8.81     1.477      90861    0    0    0    1    0
2023  3  1  6 12     1.72    -5.22     1.86    -604.9     42.29      8.81     1.554      91877    0    0    0    1    0
2023  3  1  6 13     1.91    -5.20     1.86    -604.3     45.08      8.80     1.667      98608    0    0    0    1    0
2023  3  1  6 14     1.95    -5.15     1.93    -603.4     45.38      8.75     1.730      98566    0    1    1    1    1
2023  3  1  6 15     1.95    -5.08     1.62    -602.4     44.94      8.71     1.791      97930    0    1    1    2    2
2023  3  1  6 16     1.96    -5.08     1.47    -601.7     48.23      1.44     1.851      97274    0    1    1    2    2
2023  3  1  6 17     1.96    -5.08     1.48    -606.7     41.77      8.97     1.882      96410    0    1    1    1    2
2023  3  1  6 18     1.93    -5.04     1.66    -606.2     40.30      8.95     1.855      95749    0    1    1    1    2
2023  3  1  6 19     1.79    -4.98     1.83    -607.4     40.90      8.93     1.820      95035    0    1    1    1    2
2023  3  1  6 20     1.73    -4.94     1.97    -608.8     45.90      7.93     1.730      94305    0    1    1    1    2
2023  3  1  6 21     1.86    -4.89     2.20    -606.5     52.12      6.07     1.543      93708    0    1    1    1    2
2023  3  1  6 22     2.36    -4.89     2.17    -607.5     46.62      9.76     1.375      92994    0    1    1    1    2
2023  3  1  6 23     2.39    -4.98     2.22    -608.5     32.91     19.31     1.375      92281    0    1    1    1    2
2023  3  1  6 24     2.16    -4.95     2.32    -608.4     35.20     15.80     1.377      91829    0    1    1    1    1
2023  3  1  6 25     1.92    -4.93     2.41    -606.7     40.90      8.69     1.379      92091    0    1    1    1    0
2023  3  1  6 26     1.89    -4.84     2.57    -604.6     43.26      8.85     1.380      93180    0    1    1    1    0
2023  3  1  6 27     1.74    -4.80     2.57    -598.9     43.61      9.87     1.380      94459    0    1    1    1    0
2023  3  1  6 28     1.73    -4.80     2.57    -597.4     42.59     15.91     1.381      94800    0    1    1    1    0
2023  3  1  6 29     1.84    -4.74     2.66    -599.0     40.18     17.56     1.385      94505    0    1    1    1    0
2023  3  1  6 30     2.05    -4.66     2.78    -601.1     34.17     17.43     1.390      94437    0    1    1    1    0
2023  3  1  6 31     2.20    -4.68     2.64    -605.6     39.38     19.57     1.468      97390    0    0    0    0    0
2023  3  1  6 32     2.20    -4.70     2.53    -604.3     43.76     19.70     1.806      97441    0    0    0    0    0
2023  3  1  6 33     2.20    -4.71     2.48    -597.3     46.68     14.33     2.046      97719    0    0    0    0    0
2023  3  1  6 34     2.10    -4.81     2.37    -604.0     52.90      7.85     2.045      97844    0    0    0    0    0
2023  3  1  6 35     1.84    -4.89     2.47    -603.0     56.82      6.52     1.876      97845    0    0    0    0    0
2023  3  1  6 36     1.80    -4.87     2.54    -602.6     55.02      4.29     1.801      97845    0    0    0    0    0
2023  3  1  6 37     1.96    -4.84     2.48    -598.3     54.68      4.01     1.804      97845    0    0    0    0    0
2023  3  1  6 38     2.15    -4.83     2.24    -603.8     45.14      8.42     1.808     118331    0    0    0    1    0
2023  3  1  6 39     2.58    -4.80     2.18    -601.2     45.15      8.35     1.759     118331    0    0    0    1    0
2023  3  1  6 40     2.79    -4.72     1.21    -602.9     48.47      7.44     1.647     110603    0    0    0    1    0
2023  3  1  6 41     2.78    -4.80     1.02    -600.8     45.72      5.94     1.518     109025    0    0    0    1    0
2023  3  1  6 42     2.73    -4.81     1.05    -603.4     45.86      5.67     1.378     107017    0    1    1    1    2
2023  3  1  6 43     2.12    -4.87     2.49    -616.6     61.84     13.60     1.375     104022    0    1    1    1    2
2023  3  1  6 44     2.12    -4.87     2.55    -619.3     63.14     11.77     1.384     103610    0    1    1    1    1
2023  3  1  6 45     2.04    -4.87     2.46    -616.8     63.45      7.97     1.378     103769    0    0    0    0    0
2023  3  1  6 46     1.98    -4.87     2.45    -613.4     59.61      3.96     1.370     103816    0    0    0    0    0
2023  3  1  6 47     1.97    -4.90     2.47    -609.4     59.41     -0.01     1.365     103270    0    0    0    0    0
2023  3  1  6 48     1.98    -4.94     2.47    -605.7     64.18     -3.79     1.367     101785    0    0    0    0    0
2023  3  1  6 49     2.02    -4.92     2.37    -604.4     68.20     -7.18     1.379      99084    0    0    0    0    0
2023  3  1  6 50     2.52    -4.99     1.59    -603.9     70.56    -12.24     1.429      99365    0    0    0    0    0
2023  3  1  6 51     2.58    -5.18     1.74    -603.0     64.92    -18.57     1.473     102859    0    0    0    1    0
2023  3  1  6 52     2.64    -5.10     1.95    -601.7     59.28     -9.98     1.522     109626    0    0    0    1    0
2023  3  1  6 53     2.45    -5.02     2.10    -601.3     53.63     -2.32     1.650     109852    0    0    0    1    0
2023  3  1  6 54     2.05    -5.01     1.56    -605.0     47.99      5.36     1.824     107561    0    0    0    1    0
2023  3  1  6 55     2.01    -4.96     1.39    -606.9     42.34     13.02     1.970     105761    0    0    0    1    0
2023  3  1  6 56     2.17    -4.92     1.34    -608.4     42.50     10.17     2.009     107857    0    0    0    1    0
2023  3  1  6 57     2.31    -4.92     1.58    -609.5     39.63     10.04     1.965     112158    0    0    0    1    0
2023  3  1  6 58     2.30    -4.92     2.16    -611.3     35.42     13.56     1.913     111897    0    0    0    1    0
2023  3  1  6 59     2.26    -4.96     2.53    -614.8     37.29     21.17     1.861     111253    0    0    0    1    0
2023  3  1  7  0     2.21    -4.93     3.01    -616.5     37.69     23.18     1.787     109857    0    0    0    1    0
2023  3  1  7  1     2.01    -4.99     3.19    -625.1     37.80     23.29     1.677     107851    0    0    0    1    0
2023  3  1  7  2     1.88    -5.03     3.21    -621.0     38.16     23.44     1.648     107737    0    0    0    1    0
2023  3  1  7  3     1.81    -5.04     3.15    -625.4     38.82     22.36     1.649     107559    0    1    1    1    2
2023  3  1  7  4     1.80    -5.09     3.11    -621.6     39.22     21.62     1.679     107442    0    1    1    1    2
2023  3  1  7  5     1.97    -5.03     3.11    -623.9     39.77     20.58     1.752     107280    0    1    1    1    2
2023  3  1  7  6     2.09    -5.04     3.11    -617.1     39.98     19.94     1.776     107187    0    1    1    1    2
2023  3  1  7  7     2.11    -5.05     3.12    -613.0     40.34     19.20     1.771     107073    0    1    1    1    2
2023  3  1  7  8     2.10    -5.09     3.12    -610.2     40.79     18.44     1.751     106950    0    1    1    1    2
2023  3  1  7  9     2.09    -5.14     3.04    -607.4     41.22     17.71     1.740     106827    0    1    1    1    2
2023  3  1  7 10     2.05    -5.22     2.83    -604.5     41.67     16.95     1.754     106703    0    1    1    1    2
2023  3  1  7 11     2.05    -5.26     2.83    -601.7     42.10     16.18     1.804     106581    0    1    1    1    2
2023  3  1  7 12     2.11    -5.19     2.79    -600.8     58.90     22.16     1.918     106443    0    1    1    2    2
2023  3  1  7 13     2.12    -5.23     2.79    -598.7     61.16     21.26     1.993     106316    0    1    2    2    2
2023  3  1  7 14     2.11    -5.23     2.64    -597.2     62.11     19.61     2.000     106183    0    1    2    2    2
2023  3  1  7 15     2.71    -5.24     2.33    -596.7     61.70     17.88     1.985     106142    0    1    1    1    1
2023  3  1  7 16     3.01    -5.21     1.91    -596.5     57.25     15.76     2.023     108274    0    0    0    1    0
2023  3  1  7 17     3.06    -5.17     1.90    -608.1     46.91      9.09     2.014     108949    0    0    0    1    0
2023  3  1  7 18     3.32    -5.00     1.83    -608.4     40.92      8.98     1.950     107031    0    1    1    1    1
2023  3  1  7 19     4.13    -4.38     1.02    -619.0     38.48      8.92     1.825     101015    0    1    1    2    2
2023  3  1  7 20     4.20    -4.39     0.85    -618.7     39.24      8.84     1.746      97212    0    1    1    1    2
2023  3  1  7 21     4.21    -4.48     0.82    -610.8     39.65      8.79     1.709      94978    0    1    1    1    2
2023  3  1  7 22     4.21    -4.58     0.81    -602.1     40.01      8.73     1.677      92938    0    1    1    1    2
2023  3  1  7 23     4.21    -4.71     0.75    -600.3     40.64      8.63     1.638      89469    0    1    1    1    2
2023  3  1  7 24     4.03    -4.77     1.16    -598.8     41.34      8.57     1.681      85976    0    1    1    1    2
2023  3  1  7 25     3.89    -4.81     1.26    -597.2     42.05      8.50     1.723      82483    0    1    1    1    2
2023  3  1  7 26     3.81    -4.77     1.55    -595.6     42.75      8.43     1.734      78990    0    1    1    1    2
2023  3  1  7 27     3.78    -4.62     1.73    -594.0     43.49      8.38     1.747      75497    0    1    1    1    2
2023  3  1  7 28     3.82    -4.34     1.74    -606.7     49.36      8.47     2.127      74573    0    0    0    0    0
2023  3  1  7 29     3.84    -4.34     1.79    -605.9     64.05     11.04     2.250      79026    0    1    1    1    1
2023  3  1  7 30     3.91    -4.34     2.00    -601.8     63.54     19.40     2.088      85515    0    1    1    1    1
2023  3  1  7 31     4.09    -4.47     1.73    -601.4     77.93     10.40     1.561      93650    0    1    1    1    2
2023  3  1  7 32     4.27    -4.55     1.41    -599.0     75.12     12.64     1.296      95929    0    1    1    1    1
2023  3  1  7 33     4.35    -4.54     1.37    -596.0     72.12     14.23     1.233      96355    0    0    0    0    0
2023  3  1  7 34     4.37    -4.51     1.40    -593.4     69.95     14.56     1.218      91756    0    0    0    0    0
2023  3  1  7 35     4.36    -4.48     1.38    -592.4     68.71     14.22     1.213      85663    0    0    0    0    0
2023  3  1  7 36     4.38    -4.46     1.29    -593.9     67.78     12.31     1.225      83812    0    0    0    0    0
2023  3  1  7 37     4.40    -4.44     1.08    -595.0     66.60      8.73     1.488      83812    0    0    0    0    0
2023  3  1  7 38     4.40    -4.62     0.93    -596.7     63.37      7.10     1.966      79970    0    0    0    0    0
2023  3  1  7 39     4.45    -4.59     0.93    -597.9     61.06      9.51     1.751      76759    0    0    0    0    0
2023  3  1  7 40     4.38    -4.61     0.95    -597.1     54.67     14.10     1.275      76304    0    0    0    0    0
2023  3  1  7 41     4.26    -4.71     0.93    -596.3     52.57     20.69     1.138      78017    0    0    0    0    0
2023  3  1  7 42     3.69    -4.74     0.86    -602.4     53.40     31.92     1.172      83356    0    0    0    0    0
2023  3  1  7 43     3.60    -4.65     0.84    -608.8     55.65     37.86     1.174      89804    0    0    0    0    0
2023  3  1  7 44     3.66    -4.71     0.83    -608.5     58.10     41.35     1.169      91603    0    0    0    0    0
2023  3  1  7 45     3.74    -4.80     0.81    -607.1     57.44     38.71     1.167      90606    0    0    0    0    0
2023  3  1  7 46     3.89    -4.88     0.76    -604.6     55.24     30.07     1.162      87732    0    0    0    0    0
2023  3  1  7 47     3.90    -4.84     0.73    -598.5     53.60     24.17     1.162      87732    0    0    0    0    0
2023  3  1  7 48     3.92    -4.78     0.73    -594.5     53.09     22.30     1.177      91400    0    0    0    0    0
2023  3  1  7 49     3.95    -4.72     0.76    -593.1     53.29     24.38     1.187      94174    0    0    0    0    0
2023  3  1  7 50     3.95    -4.77     0.77    -593.9     53.71     26.62     1.172      89862    0    0    0    0    0
2023  3  1  7 51     3.90    -4.92     0.80    -595.4     55.27     26.35     1.154      85078    0    0    0    0    0
2023  3  1  7 52     3.86    -4.90     0.88    -595.5     56.11     23.20     1.148      83585    0    0    0    0    0
2023  3  1  7 53     4.03    -4.85     0.95    -595.4     57.46     12.21     1.149      83039    0    0    0    0    0
2023  3  1  7 54     3.90    -4.99     1.10    -595.5     58.44      4.89     1.165      83126    0    0    0    0    0
2023  3  1  7 55     3.65    -5.15     1.22    -595.6     61.53      2.28     1.213      87544    0    1    0    1    0
2023  3  1  7 56     3.53    -5.23     1.44    -595.7     66.39    -10.70     1.263      90146    0    1    0    1    0
2023  3  1  7 57     3.47    -5.03     1.55    -595.7     67.32    -26.32     1.299      90156    0    1    1    1    0
2023  3  1  7 58     3.56    -4.99     1.56    -604.9     65.22    -32.92     1.362      90661    0    0    0    1    0
2023  3  1  7 59     3.71    -5.01     1.56    -600.8     65.71    -37.50     1.419      93052    0    0    0    1    0
2023  3  1  8  0     3.61    -5.01     1.55    -598.9     67.93    -38.08     1.465      95259    0    0    0    1    0
2023  3  1  8  1     3.58    -5.03     1.53    -599.1     71.84    -36.94     1.508      95732    0    0    0    1    0
2023  3  1  8  2     3.59    -5.03     1.32    -600.5     70.52    -32.94     1.529      95058    0    0    0    1    0
2023  3  1  8  3     3.57    -5.19     1.23    -600.9     68.45    -26.32     1.552      89536    0    0    0    1    0
2023  3  1  8  4     3.57    -5.21     0.64    -600.9     68.83    -23.92     1.575      83759    0    0    0    1    0
2023  3  1  8  5     3.86    -5.20     0.36    -597.2     68.70    -23.06     1.606      83279    0    0    0    1    0
2023  3  1  8  6     4.05    -5.23     0.18    -594.1     66.57    -23.61     1.647      83521    0    0    0    1    0
2023  3  1  8  7     4.19    -5.24     0.07    -598.1     60.53    -23.65     1.736      95886    0    0    0    1    0
2023  3  1  8  8     3.38    -5.51     0.11    -603.2     52.92    -18.92     1.815     101631    0    0    0    0    0
2023  3  1  8  9     3.14    -5.51     0.74    -603.2     52.66     -1.58     1.735     102399    0    0    0    0    0
2023  3  1  8 10     3.14    -5.57     1.33    -605.8     52.26     -1.89     1.695      99639    0    0    0    0    0
2023  3  1  8 11     3.10    -5.61     1.40    -606.2     53.00    -10.97     1.673      85483    0    0    0    0    0
2023  3  1  8 12     2.95    -5.56     1.31    -607.6     58.33     -9.55     1.735      77749    0    0    0    0    0
2023  3  1  8 13     3.05    -5.57     1.40    -607.6     61.94     -7.82     1.775      78846    0    0    0    0    0
2023  3  1  8 14     3.33    -5.59     1.53    -606.7     61.75     -6.76     1.797      84060    0    0    0    0    0
2023  3  1  8 15     3.41    -5.66     1.62    -607.8     59.51     -4.75     1.809      94749    0    0    0    0    0
2023  3  1  8 16     2.87    -5.60     2.14    -610.8     52.63      2.54     1.807     101489    0    0    0    0    0
2023  3  1  8 17     2.23    -5.57     2.73    -609.8     46.79     10.86     1.806      98438    0    0    0    0    0
2023  3  1  8 18     2.23    -5.57     2.68    -607.4     41.56     10.68     1.810      93809    0    0    0    0    0
2023  3  1  8 19     2.22    -5.58     2.54    -607.5     37.62     11.17     1.830      98682    0    0    0    0    0
2023  3  1  8 20     2.19    -5.60     2.57    -611.6     37.83     12.53     1.815     111779    0    0    0    0    0
2023  3  1  8 21     2.36    -5.37     3.10    -616.4     37.86     12.53     1.834     106058    0    0    0    0    0
2023  3  1  8 22     1.86    -5.21     3.84    -617.4     38.09     13.09     1.888     104196    0    0    0    0    0
2023  3  1  8 23     1.55    -5.21     4.08    -622.1     44.84     13.67     1.937     104586    0    0    0    0    0
2023  3  1  8 24     1.57    -5.24     4.00    -619.3     56.56     19.09     1.915     104586    0    0    0    0    0
2023  3  1  8 25     1.64    -5.10     3.64    -618.7     58.47      3.37     1.897      98877    0    0    0    0    0
2023  3  1  8 26     1.65    -4.95     3.53    -619.1     59.08     -8.98     1.884      87122    0    0    0    0    0
2023  3  1  8 27     1.60    -5.16     3.53    -619.8     59.65    -12.52     1.876      85865    0    0    0    0    0
2023  3  1  8 28     1.48    -5.56     3.45    -621.3     60.07    -11.16     1.884      85865    0    0    0    0    0
2023  3  1  8 29     1.48    -5.46     3.47    -621.3     60.27     -3.39     1.900      71072    0    0    0    0    0
2023  3  1  8 30     1.52    -5.40     3.51    -621.3     59.05     -2.96     1.921      71072    0    0    0    0    0
2023  3  1  8 31     1.52    -5.37     3.66    -619.3     57.36     -2.59     1.920      72351    0    0    0    0    0
2023  3  1  8 32     1.30    -5.00     4.36    -620.0     54.55     -0.43     1.962      74529    0    0    0    0    0
2023  3  1  8 33     1.31    -4.98     4.42    -612.9     52.78     -0.35     1.986      75883    0    0    0    1    0
2023  3  1  8 34     1.50    -5.00     4.26    -608.3     48.23      0.35     1.998      77341    0    0    0    1    0
2023  3  1  8 35     2.00    -5.03     3.87    -611.3     43.73      2.55     1.984      78405    0    0    0    1    0
2023  3  1  8 36     2.11    -4.92     3.86    -617.0     50.79      8.89     1.928      78405    0    0    0    1    0
2023  3  1  8 37     1.75    -4.74     4.21    -619.4     60.90     14.29     1.883      80405    0    0    0    1    0
2023  3  1  8 38     1.42    -4.61     4.46    -620.7     71.20      3.84     1.850      87589    0    0    0    1    0
2023  3  1  8 39     1.30    -4.43     4.62    -634.8     82.35      5.63     1.777      82282    0    0    0    1    0
2023  3  1  8 40     1.24    -4.45     4.62    -635.2     84.40      5.81     1.737      72709    0    0    0    1    0
2023  3  1  8 41     1.15    -4.48     4.62    -635.3     84.83      6.11     1.697      69660    0    0    0    0    0
2023  3  1  8 42     1.05    -4.50     4.52    -635.5     84.83      5.09     1.654      69342    0    0    0    0    0
2023  3  1  8 43     1.01    -4.51     4.35    -636.0     84.47      2.35     1.607      66781    0    0    0    0    0
2023  3  1  8 44     0.75    -4.51     4.26    -636.4     86.04      1.58     1.562      64465    0    0    0    0    0
2023  3  1  8 45     0.67    -4.50     4.32    -637.8     85.98      4.55     1.523      64007    0    0    0    0    0
2023  3  1  8 46     0.53    -4.47     4.74    -638.0     85.52      5.05     1.486      66569    0    0    0    0    0
2023  3  1  8 47     0.32    -4.53     4.80    -638.0     80.34      1.69     1.445      71358    0    0    0    0    0
2023  3  1  8 48     0.57    -4.63     4.68    -635.4     78.41      1.30     1.406      75601    0    0    0    0    0
2023  3  1  8 49     0.75    -4.65     4.63    -633.0     78.93      3.79     1.323      80090    0    0    0    0    1
2023  3  1  8 50     0.88    -4.62     4.63    -632.0     79.98      7.07     1.276      85079    0    0    0    0    2
2023  3  1  8 51     0.94    -4.60     4.63    -631.7     79.38      7.86     1.345      90221    0    0    0    0    2
2023  3  1  8 52     0.80    -4.67     4.56    -631.4     79.01      6.92     1.499      95261    0    0    0    0    1
2023  3  1  8 53     0.55    -4.76     4.50    -631.4     79.25      6.37     1.594      97685    0    0    0    0    0
2023  3  1  8 54     0.43    -4.80     4.49    -632.3     79.15      6.28     1.602      97562    0    0    0    0    1
2023  3  1  8 55     0.34    -4.83     4.45    -630.5     79.16      6.36     1.574      97363    0    1    1    0    2
2023  3  1  8 56     0.23    -4.86     4.41    -626.3     79.01      6.84     1.522      97191    0    1    1    0    2
2023  3  1  8 57     0.18    -4.89     4.41    -622.1     78.73      7.96     1.465      97029    0    1    1    0    1
2023  3  1  8 58     0.17    -4.86     4.42    -617.8     78.62      8.09     1.465      97029    0    1    1    0    1
2023  3  1  8 59     0.25    -4.85     4.43    -615.0     80.23      7.78     1.572     104408    0    1    1    0    0
2023  3  1  9  0     0.32    -4.87     4.25    -613.9     80.52      6.89     1.709     107863    0    1    0    0    0
2023  3  1  9  1     0.34    -4.97     4.09    -619.7     80.60      6.28     1.891     105763    0    1    0    0    1
2023  3  1  9  2    -0.07    -5.05     3.99    -632.9     84.53      4.91     1.955     101977    0    1    0    0    1
2023  3  1  9  3     0.19    -4.95     3.34    -628.3     82.06      9.35     2.086      99953    0    1    0    0    0
2023  3  1  9  4     0.68    -4.90     2.36    -620.5     75.68     17.41     2.281      98117    0    1    0    0    0
2023  3  1  9  5     0.63    -4.88     2.26    -610.5     66.82     16.19     2.294      97526    0    1    1    0    0
2023  3  1  9  6     0.54    -4.86     2.22    -600.4     57.79     14.30     2.294      97025    0    1    1    0    0
2023  3  1  9  7     0.50    -4.86     2.17    -595.9     55.98     14.07     2.223      96208    0    1    1    0    0
2023  3  1  9  8     0.58    -4.91     2.34    -594.5     55.55     15.90     1.974      94088    0    1    1    0    0
2023  3  1  9  9     0.75    -4.94     2.69    -594.4     54.51     18.61     1.659      91051    0    1    1    0    0
2023  3  1  9 10     0.70    -4.92     2.94    -594.5     54.08     19.87     1.540      89710    0    1    1    0    0
2023  3  1  9 11     0.26    -4.64     3.21    -594.3     54.61     19.71     1.596      89700    0    1    1    0    1
2023  3  1  9 12    -0.32    -4.26     3.52    -593.9     55.93     18.93     1.690      89690    0    1    1    0    2
2023  3  1  9 13    -0.56    -4.10     3.64    -593.2     57.20     18.62     1.733      89681    0    1    1    0    2
2023  3  1  9 14    -0.52    -3.98     3.69    -592.5     57.77     18.92     1.705      89672    0    1    1    0    2
2023  3  1  9 15    -0.52    -3.66     3.78    -592.1     57.68     19.07     1.615      89662    0    1    1    0    2
2023  3  1  9 16    -0.59    -3.32     3.86    -591.9     57.34     19.17     1.486      89653    0    1    1    0    2
2023  3  1  9 17    -0.76    -3.00     3.96    -591.8     57.64     19.39     1.362      89643    0    1    1    0    2
2023  3  1  9 18    -0.95    -2.61     4.17    -591.9     58.75     19.56     1.292      89633    0    1    1    0    2
2023  3  1  9 19    -1.05    -2.56     4.38    -593.0     59.99     19.47     1.288      89623    0    1    1    0    2
2023  3  1  9 20    -1.05    -2.89     4.38    -594.7     60.97     18.67     1.290      89618    0    1    1    0    1
2023  3  1  9 21    -1.00    -3.06     4.19    -595.0     61.61     18.51     1.293      89824    0    1    1    0    0
2023  3  1  9 22    -0.96    -3.08     4.02    -593.9     62.26     18.99     1.268      90148    0    1    1    0    0
2023  3  1  9 23    -0.84    -2.71     3.90    -592.4     63.09     19.93     1.246      91150    0    1    1    0    0
2023  3  1  9 24    -0.66    -2.07     3.85    -591.8     64.17     21.29     1.247      92971    0    1    1    0    0
2023  3  1  9 25    -0.48    -1.71     3.78    -591.7     65.62     22.44     1.248      95960    0    1    1    0    0
2023  3  1  9 26    -0.23    -1.36     3.59    -591.9     66.97     23.24     1.248     100769    0    1    1    0    0
2023  3  1  9 27    -0.04    -0.87     3.48    -592.2     67.47     23.85     1.284     105708    0    1    1    0    0
2023  3  1  9 28     0.07    -0.60     3.49    -592.2     67.81     23.71     1.331     108618    0    1    1    0    0
2023  3  1  9 29    -0.25    -0.60     3.63    -592.7     68.76     23.43     1.331     109012    0    1    1    0    1
2023  3  1  9 30    -2.54    -1.54     3.94    -624.3     68.62     25.34     2.473     112484    0    1    1    0    0
2023  3  1  9 31    -3.66    -1.05     3.86    -629.1     70.43     25.46     3.275     130975    0    1    1    0    0
2023  3  1  9 32    -3.64    -1.00     3.76    -625.0     71.18     25.74     3.391     139031    0    1    1    0    0
2023  3  1  9 33    -3.59    -1.03     3.46    -624.6     71.51     26.49     3.595     144522    0    1    1    0    0
2023  3  1  9 34    -3.50    -1.46     3.45    -624.4     69.03     28.45     4.018     143719    0    1    1    0    0
2023  3  1  9 35    -3.44    -1.91     3.34    -623.1     65.55     26.89     4.216     139503    0    1    1    0    0
2023  3  1  9 36    -3.44    -2.28     2.58    -621.3     62.20      8.72     4.235     136765    0    1    0    0    0
2023  3  1  9 37    -3.45    -2.59     2.57    -621.4     57.92      6.14     4.223     136794    0    1    1    1    1
2023  3  1  9 38    -3.56    -1.47     2.51    -617.8     54.57      1.11     4.127     138543    0    1    1    1    1
2023  3  1  9 39    -3.86    -1.28     2.53    -614.2     54.49     -3.93     4.031     140292    0    1    2    2    2
2023  3  1  9 40    -3.93    -1.39     2.52    -612.1     55.58     -9.44     3.925     141080    0    1    1    1    1
2023  3  1  9 41    -3.84    -1.52     2.47    -611.8     55.85    -13.02     3.727     140820    0    0    0    0    0
2023  3  1  9 42    -3.80    -1.56     2.44    -612.4     55.49    -14.32     3.595     140578    0    0    0    0    0
2023  3  1  9 43    -3.68    -1.50     2.67    -612.8     55.49    -14.93     3.661     144609    0    0    0    0    0
2023  3  1  9 44    -3.56    -1.35     2.92    -613.3     57.19    -14.02     3.712     149420    0    0    0    0    0
2023  3  1  9 45    -3.52    -1.17     2.99    -614.1     61.20    -13.38     3.712     150574    0    0    0    0    0
2023  3  1  9 46    -3.80    -0.53     2.79    -614.9     67.09    -11.44     3.817     148916    0    0    0    0    0
2023  3  1  9 47    -3.99     0.05     2.65    -615.1     69.16     -7.82     3.910     139546    0    0    0    0    0
2023  3  1  9 48    -4.02    -0.59     2.61    -618.3     56.80     11.01     3.982     125348    0    0    0    0    0
2023  3  1  9 49    -3.97    -1.50     2.91    -618.5     52.97     16.39     4.000     108859    0    0    0    0    0
2023  3  1  9 50    -3.96    -1.63     3.19    -618.4     51.00     16.74     4.002      93014    0    0    0    0    0
2023  3  1  9 51    -4.01    -1.63     3.36    -619.2     50.74     15.24     4.011      90212    0    0    0    0    0
2023  3  1  9 52    -4.02    -1.59     3.37    -619.8     53.17     15.06     4.305      90130    0    0    0    0    0
2023  3  1  9 53    -4.02    -1.38     3.35    -620.3     56.92     16.32     4.846      91631    0    0    0    0    0
2023  3  1  9 54    -3.96    -1.07     3.35    -621.6     57.11     18.43     5.048      99185    0    0    0    0    0
2023  3  1  9 55    -4.07    -0.89     3.36    -621.7     57.16     18.49     5.034     106684    0    0    0    0    0
2023  3  1  9 56    -4.16    -0.29     3.35    -621.3     58.62     20.45     4.607     106684    0    0    0    0    0
2023  3  1  9 57    -4.27    -0.57     3.29    -620.9     58.62     22.71     4.586     102284    0    0    0    0    0
2023  3  1  9 58    -4.28    -0.72     3.22    -621.2     58.63     23.22     4.564      95859    0    0    0    0    0
2023  3  1  9 59    -4.14    -0.59     3.21    -623.7     60.54     22.52     4.518      95406    0    0    0    0    0
2023  3  1 10  0    -4.22    -0.54     3.19    -623.5     62.35     18.00     4.517      95249    0    0    0    0    0
2023  3  1 10  1    -4.33    -0.53     3.18    -621.5     62.45     17.60     4.507      95253    0    1    1    1    1
2023  3  1 10  2    -4.35    -0.52     3.22    -621.0     62.47     16.72     4.577      95494    0    1    1    1    1
2023  3  1 10  3    -4.51    -0.47     3.12    -621.0     62.50     15.80     4.649      95742    0    1    2    2    2
2023  3  1 10  4    -4.51    -0.42     3.11    -621.0     62.53     14.88     4.721      95990    0    1    2    2    2
2023  3  1 10  5    -4.37    -0.39     3.22    -619.8     62.56     14.00     4.790      96226    0    1    2    2    2
2023  3  1 10  6    -4.33    -0.36     3.24    -618.6     62.60     13.16     4.857      96456    0    1    2    2    2
2023  3  1 10  7    -4.35    -0.30     3.23    -618.1     62.63     12.26     4.928      96697    0    1    2    2    2
2023  3  1 10  8    -4.36    -0.16     3.23    -618.0     62.66     11.35     5.000      96738    0    1    1    1    1
2023  3  1 10  9    -4.36    -0.06     3.27    -617.4     62.66     11.19     5.012      94498    0    0    0    0    0
2023  3  1 10 10    -4.45    -0.08     3.30    -618.1     60.39     11.45     5.012      91553    0    1    1    1    1
2023  3  1 10 11    -4.55    -0.12     3.31    -616.8     57.88     11.72     5.013      88893    0    1    2    2    2
2023  3  1 10 12    -4.71    -0.11     3.31    -616.2     55.28     12.01     5.013      86134    0    1    2    2    2
2023  3  1 10 13    -4.79    -0.09     3.29    -615.5     52.70     12.30     5.014      83388    0    1    2    2    2
2023  3  1 10 14    -4.80    -0.04     3.28    -614.2     50.18     12.58     5.014      80723    0    1    2    2    2
2023  3  1 10 15    -4.80     0.11     3.30    -613.5     47.57     12.87     5.015      77952    0    1    1    1    1
2023  3  1 10 16    -4.79     0.22     3.37    -615.9     46.91     12.77     4.935      72544    0    0    0    0    0
2023  3  1 10 17    -4.67     0.26     3.27    -619.3     49.65     12.69     4.881      66080    0    0    0    0    0
2023  3  1 10 18    -4.64    -0.11     3.40    -620.3     52.67     11.06     4.853      60919    0    0    0    0    0
2023  3  1 10 19    -4.64    -0.08     3.36    -620.4     52.91     10.39     4.640      60751    0    0    0    0    0
2023  3  1 10 20    -4.64    -0.08     3.31    -618.8     52.92     10.04     4.439      60751    0    0    0    0    0
2023  3  1 10 21    -4.76     0.01     3.24    -618.4     52.92      9.89     4.413      57941    0    0    0    0    0
2023  3  1 10 22    -4.86     0.08     3.26    -619.6     52.81     10.29     4.400      54416    0    1    1    1    1
2023  3  1 10 23    -4.87     0.16     3.27    -620.5     52.69     10.78     4.384      50900    0    1    2    2    2
2023  3  1 10 24    -4.85     0.43     3.26    -620.6     52.58     11.25     4.370      47558    0    1    2    2    2
2023  3  1 10 25    -4.84     0.54     3.26    -619.5     52.47     11.69     4.356      47447    0    1    1    1    1
2023  3  1 10 26    -4.78     0.55     3.30    -617.9     52.95     12.03     4.403      48520    0    0    0    0    0
2023  3  1 10 27    -4.83     0.55     3.31    -617.3     53.20     12.27     4.371      49528    0    0    0    0    0
2023  3  1 10 28    -4.83     0.68     3.31    -616.4     52.90     11.99     4.436      50488    0    1    1    1    1
2023  3  1 10 29    -4.74     0.54     3.32    -616.7     52.44     11.54     4.538      51532    0    1    2    2    2
2023  3  1 10 30    -4.66     0.65     3.32    -615.2     52.02     11.15     4.630      52471    0    1    2    2    2
2023  3  1 10 31    -4.61     0.57     3.24    -616.1     51.56     10.71     4.735      53538    0    1    2    2    2
2023  3  1 10 32    -4.48     0.49     3.14    -618.3     51.06     10.23     4.846      54679    0    1    2    2    2
2023  3  1 10 33    -4.45     0.54     3.05    -619.1     50.59      9.77     4.951      54830    0    1    1    1    1
2023  3  1 10 34    -4.55     0.72     3.11    -618.1     50.30      9.97     4.770      54143    0    0    0    0    0
2023  3  1 10 35    -4.70     0.91     3.12    -616.1     50.09     10.02     4.586      52688    0    0    0    0    0
2023  3  1 10 36    -4.82     0.33     3.12    -614.3     49.92      9.78     4.453      49175    0    0    0    0    0
2023  3  1 10 37    -4.91    -0.10     3.26    -612.0     50.13      8.13     4.603      45130    0    0    0    0    0
2023  3  1 10 38    -4.99    -0.10     3.38    -610.3     50.30      5.58     4.932      41085    0    0    0    0    0
2023  3  1 10 39    -5.01     0.02     3.34    -610.0     50.02      3.77     5.164      36333    0    0    0    0    0
2023  3  1 10 40    -5.00     0.15     3.27    -610.1     49.74      2.97     5.295      33180    0    0    0    0    0
2023  3  1 10 41    -5.03     0.22     3.23    -610.3     51.00      2.22     5.833      33753    0    0    0    0    0
2023  3  1 10 42    -4.98     0.22     3.28    -610.6     52.66      1.93     6.402      34511    0    0    0    0    0
2023  3  1 10 43    -4.91     0.27     3.33    -610.4     52.54      1.93     6.364      34494    0    0    0    0    0
2023  3  1 10 44    -4.91     0.47     3.27    -610.2     51.94      2.24     6.316      34473    0    0    0    0    0
2023  3  1 10 45    -4.90     0.73     3.20    -610.0     51.34      2.99     6.330      34473    0    0    0    0    0
2023  3  1 10 46    -4.88     0.90     3.14    -609.0     51.25      3.46     6.507      34636    0    0    0    0    0
2023  3  1 10 47    -4.86     1.08     3.07    -607.2     51.08      3.49     6.844      34930    0    0    0    0    0
2023  3  1 10 48    -4.78     1.08     3.03    -605.9     50.99      3.50     7.030      35109    0    0    0    0    0
2023  3  1 10 49    -4.75     1.07     2.92    -605.1     50.53      3.66     7.201      36082    0    0    0    0    0
2023  3  1 10 50    -4.71     0.99     2.92    -604.9     50.15      4.37     7.266      37489    0    0    0    0    0
2023  3  1 10 51    -4.65     1.15     2.92    -604.9     49.81      4.93     7.324      38758    0    0    0    0    0
2023  3  1 10 52    -4.67     1.51     2.91    -605.4     49.80      4.95     7.335      38843    0    0    0    0    0
2023  3  1 10 53    -4.75     1.49     2.90    -606.3     49.81      4.81     7.302      38912    0    0    0    0    0
2023  3  1 10 54    -4.82     1.45     2.92    -608.4     49.96      4.55     7.010      37830    0    0    0    0    0
2023  3  1 10 55    -4.90     1.38     2.97    -608.9     50.15      4.40     6.677      35365    0    0    0    0    0
2023  3  1 10 56    -5.01     1.30     3.00    -608.6     50.35      4.35     6.399      34913    0    0    0    0    0
2023  3  1 10 57    -5.04     1.26     3.00    -608.2     50.40      4.35     6.399      34913    0    0    0    0    0
2023  3  1 10 58    -5.05     1.21     3.01    -608.2     50.69      3.84     6.350      33702    0    0    0    0    0
2023  3  1 10 59    -5.06     1.10     3.02    -608.5     51.24      2.78     6.246      31153    0    0    0    0    0
2023  3  1 11  0    -5.07     0.92     3.05    -607.7     51.04      2.93     6.246      31254    0    0    0    0    0
2023  3  1 11  1    -5.06     0.73     3.10    -605.1     50.55      3.34     6.215      31575    0    0    0    0    0
2023  3  1 11  2    -5.07     0.63     3.13    -603.6     50.55      3.46     6.029      31977    0    0    0    0    0
2023  3  1 11  3    -5.05     0.94     3.13    -603.8     50.56      3.60     5.834      32586    0    0    0    0    0
2023  3  1 11  4    -5.03     1.28     3.11    -603.9     50.58      3.79     5.824      34982    0    1    1    1    1
2023  3  1 11  5    -5.04     1.25     3.03    -604.0     50.68      3.95     5.839      37571    0    1    2    2    2
2023  3  1 11  6    -5.09     1.27     2.99    -604.0     50.78      4.11     5.854      40159    0    1    2    2    2
2023  3  1 11  7    -5.12     1.29     2.92    -603.9     50.87      4.26     5.869      42532    0    1    1    1    1
2023  3  1 11  8    -5.11     1.33     2.87    -603.8     50.99      4.30     5.897      42446    0    0    0    0    0
2023  3  1 11  9    -5.09     1.28     2.86    -603.8     51.29      3.17     6.060      41498    0    0    0    0    0
2023  3  1 11 10    -5.08     1.19     2.88    -603.8     51.31      2.97     6.158      41534    0    0    0    0    0
2023  3  1 11 11    -5.03     0.96     2.88    -603.8     51.29      2.97     6.250      41922    0    0    0    0    0
2023  3  1 11 12    -5.03     0.87     2.92    -603.5     50.99      3.03     6.274      41867    0    0    0    0    0
2023  3  1 11 13    -5.03     0.81     2.91    -603.3     50.58      3.04     6.241      40785    0    0    0    0    0
2023  3  1 11 14    -5.13     0.81     2.92    -603.5     48.49      3.18     5.630      35100    0    0    0    0    0
2023  3  1 11 15    -5.31     0.82     2.91    -603.7     48.53      3.18     5.555      35059    0    0    0    0    0
2023  3  1 11 16    -5.30     1.01     2.79    -603.9     49.20      3.15     5.458      35200    0    0    0    0    0
2023  3  1 11 17    -5.19     1.27     2.74    -604.1     49.85      2.68     5.144      36725    0    0    0    0    0
2023  3  1 11 18    -5.16     1.28     2.73    -604.2     50.67      1.06     5.027      36464    0    0    0    0    0
2023  3  1 11 19    -5.16     1.25     2.74    -604.1     52.94     -0.01     5.024      33995    0    0    0    0    0
2023  3  1 11 20    -5.15     1.16     2.81    -604.0     52.90      0.10     5.024      32883    0    0    0    0    0
2023  3  1 11 21    -5.16     1.17     2.87    -603.8     52.44      1.37     5.032      32947    0    0    0    0    0
2023  3  1 11 22    -5.14     1.17     2.87    -603.4     52.12      1.77     5.112      33672    0    0    0    0    0
2023  3  1 11 23    -5.14     1.16     2.83    -603.1     51.78      1.77     5.111      33641    0    0    0    0    0
2023  3  1 11 24    -5.15     1.16     2.83    -603.1     51.14      1.63     5.078      32669    0    0    0    0    0
2023  3  1 11 25    -5.16     1.15     2.92    -603.0     51.14      0.39     5.020      29862    0    0    0    0    0
2023  3  1 11 26    -5.20     1.10     3.00    -603.0     51.10      0.39     5.025      28301    0    0    0    0    0
2023  3  1 11 27    -5.20     1.05     3.05    -603.0     50.16      0.44     5.175      28301    0    0    0    0    0
2023  3  1 11 28    -5.12     0.88     3.05    -602.9     49.05      1.17     5.261      28243    0    0    0    0    0
2023  3  1 11 29    -5.12     0.88     3.11    -602.5     48.95      1.17     5.259      26542    0    0    0    0    0
2023  3  1 11 30    -5.16     0.84     3.16    -601.7     48.65      1.08     5.161      26542    0    0    0    0    0
2023  3  1 11 31    -5.12     0.78     3.09    -601.1     48.35      1.09     5.158      26700    0    0    0    0    0
2023  3  1 11 32    -5.08     0.69     3.06    -601.6     48.07      1.23     5.339      28002    0    0    0    0    0
2023  3  1 11 33    -5.04     0.63     3.06    -602.6     47.77      1.21     5.520      28018    0    0    0    0    0
2023  3  1 11 34    -5.04     0.63     3.06    -602.7     46.18      0.29     5.520      26221    0    0    0    0    0
2023  3  1 11 35    -5.04     0.69     3.04    -601.0     45.96     -0.11     5.491      25968    0    0    0    0    0
2023  3  1 11 36    -4.90     0.75     3.04    -600.6     45.94     -0.14     5.460      25947    0    0    0    0    0
2023  3  1 11 37    -4.89     0.71     3.04    -600.4     45.99      0.34     5.360      26583    0    0    0    0    0
2023  3  1 11 38    -4.89     0.76     3.05    -600.5     46.26      1.27     5.251      27555    0    0    0    0    0
2023  3  1 11 39    -5.01     0.70     3.05    -600.4     46.38      2.03     5.173      28012    0    0    0    0    0
2023  3  1 11 40    -5.06     0.61     3.07    -600.4     47.60      2.11     5.166      28166    0    0    0    0    0
2023  3  1 11 41    -5.01     0.60     3.07    -600.3     47.76      2.09     5.264      28294    0    0    0    0    0
2023  3  1 11 42    -4.98     0.63     3.08    -600.2     47.72      1.85     5.321      29770    0    0    0    0    0
2023  3  1 11 43    -5.01     0.67     3.09    -600.2     47.71      1.83     5.327      31095    0    0    0    0    0
2023  3  1 11 44    -5.05     0.75     3.08    -600.3     47.88      1.59     5.033      31614    0    0    0    0    0
2023  3  1 11 45    -5.07     0.91     2.86    -600.4     50.24      1.50     4.849      31796    0    0    0    0    0
2023  3  1 11 46    -5.06     0.98     2.70    -599.8     52.75      0.64     4.781      31811    0    0    0    0    0
2023  3  1 11 47    -5.04     0.91     2.68    -599.3     53.12      0.45     4.772      30171    0    0    0    0    0
2023  3  1 11 48    -4.96     0.82     2.78    -599.2     53.12      0.41     4.856      27864    0    0    0    0    0
2023  3  1 11 49    -4.91     0.80     2.86    -599.3     50.52     -0.25     5.194      27429    0    0    0    0    0
2023  3  1 11 50    -4.92     0.77     2.88    -599.0     49.88     -0.44     5.276      27336    0    0    0    0    0
2023  3  1 11 51    -4.99     0.73     2.88    -598.4     49.86     -0.54     5.298      27202    0    0    0    0    0
2023  3  1 11 52    -5.01     0.71     2.88    -597.8     49.88     -0.61     5.448      26718    0    0    0    0    0
2023  3  1 11 53    -5.01     0.71     2.87    -597.6     49.89     -0.63     5.638      26571    0    0    0    0    0
2023  3  1 11 54    -5.01     0.71     2.87    -597.5     49.14      0.27     5.691      27093    0    0    0    0    0
2023  3  1 11 55    -5.02     0.69     2.87    -597.5     48.80      0.59     5.768      27283    0    0    0    0    0
2023  3  1 11 56    -5.03     0.66     2.88    -597.7     48.70      0.56     5.873      27283    0    0    0    0    0
2023  3  1 11 57    -5.05     0.59     2.89    -597.7     48.18     -0.29     5.930      28297    0    0    0    0    0
2023  3  1 11 58    -5.03     0.57     2.90    -598.2     48.01     -0.93     5.940      28635    0    0    0    0    0
2023  3  1 11 59    -5.01     0.56     2.89    -598.3     48.46     -1.54     5.937      26815    0    0    0    0    0
2023  3  1 12  0    -5.01     0.57     2.87    -598.4     48.80     -1.67     5.937      26312    0    0    0    0    0
2023  3  1 12  1    -5.02     0.60     2.86    -598.2     48.86     -1.98     5.973      26368    0    0    0    0    0
2023  3  1 12  2    -5.00     0.64     2.86    -598.1     48.71     -2.06     6.053      26637    0    0    0    0    0
2023  3  1 12  3    -4.98     0.65     2.87    -598.0     48.38     -1.88     6.074      26713    0    0    0    0    0
2023  3  1 12  4    -4.97     0.65     2.87    -597.7     48.22     -1.00     5.798      26877    0    0    0    0    0
2023  3  1 12  5    -4.97     0.64     2.86    -597.6     48.09     -0.71     5.702      26934    0    0    0    0    0
2023  3  1 12  6    -4.97     0.61     2.83    -597.5     47.87     -0.94     5.844      26934    0    0    0    0    0
2023  3  1 12  7    -4.96     0.57     2.76    -597.6     47.78     -1.52     5.957      26646    0    0    0    0    0
2023  3  1 12  8    -4.94     0.60     2.71    -598.0     47.75     -1.70     6.043      26541    0    0    0    0    0
2023  3  1 12  9    -4.93     0.62     2.71    -598.3     47.69     -1.51     6.087      26710    0    0    0    0    0
2023  3  1 12 10    -4.94     0.56     2.72    -598.1     47.52     -1.45     6.225      27146    0    0    0    0    0
2023  3  1 12 11    -4.97     0.56     2.70    -597.7     47.33     -1.52     6.264      27639    0    0    0    0    0
2023  3  1 12 12    -5.00     0.61     2.68    -597.6     47.21     -1.54     6.190      28635    0    0    0    0    0
2023  3  1 12 13    -5.01     0.63     2.68    -597.6     47.17     -1.47     5.964      28949    0    0    0    0    0
2023  3  1 12 14    -5.00     0.64     2.68    -597.3     47.39     -0.36     5.536      27566    0    0    0    0    0
2023  3  1 12 15    -4.98     0.64     2.68    -597.0     48.26      0.07     5.344      27032    0    0    0    0    0
2023  3  1 12 16    -4.98     0.65     2.69    -596.9     49.34      0.08     5.266      27350    0    0    0    0    0
2023  3  1 12 17    -4.99     0.64     2.71    -597.0     50.39      1.20     5.020      28199    0    0    0    0    0
2023  3  1 12 18    -4.96     0.59     2.72    -597.3     50.94      2.26     4.701      28487    0    0    0    0    0
2023  3  1 12 19    -4.91     0.52     2.73    -597.7     51.03      2.49     4.616      29196    0    0    0    0    0
2023  3  1 12 20    -4.89     0.48     2.74    -598.0     50.41      2.23     4.620      29437    0    0    0    0    0
2023  3  1 12 21    -4.90     0.46     2.66    -597.9     49.61      2.11     4.645      29704    0    0    0    0    0
2023  3  1 12 22    -4.92     0.47     2.63    -597.8     48.55      2.11     4.652      29792    0    0    0    0    0
2023  3  1 12 23    -4.93     0.48     2.60    -597.7     48.04      2.12     4.562      29220    0    0    0    0    0
2023  3  1 12 24    -4.93     0.47     2.58    -596.9     47.96      2.09     4.474      29029    0    0    0    0    0
2023  3  1 12 25    -4.94     0.45     2.59    -596.5     48.06      2.09     4.415      29350    0    0    0    0    0
2023  3  1 12 26    -4.96     0.45     2.59    -596.4     48.11      2.10     4.378      29817    0    0    0    0    0
2023  3  1 12 27    -4.99     0.46     2.62    -596.3     47.99      1.60     4.368      30843    0    0    0    0    0
2023  3  1 12 28    -5.01     0.47     2.66    -597.0     47.68      1.35     4.382      31445    0    0    0    0    0
2023  3  1 12 29    -5.02     0.48     2.67    -597.9     47.58      1.46     4.455      32344    0    0    0    0    0
2023  3  1 12 30    -5.04     0.50     2.66    -598.1     47.68      1.52     4.537      32699    0    0    0    0    0
2023  3  1 12 31    -5.05     0.55     2.64    -598.1     47.76      1.56     4.616      33670    0    0    0    0    0
2023  3  1 12 32    -5.05     0.46     2.63    -598.1     47.77      1.68     4.667      34367    0    0    0    0    0
2023  3  1 12 33    -5.07     0.41     2.60    -597.9     50.71    -11.63     4.709      34491    0    0    0    0    0
2023  3  1 12 34    -5.09     0.41     2.57    -597.7     50.93    -16.09     5.033      33221    0    0    0    0    0
2023  3  1 12 35    -5.14     0.40     2.56    -597.5     50.75    -16.43     5.228      31644    0    0    0    0    0
2023  3  1 12 36    -5.21     0.54     2.56    -597.5     53.28    -15.93     5.319      30138    0    0    0    0    0
2023  3  1 12 37    -5.26     0.69     2.52    -597.9     55.08    -15.42     5.341      29597    0    0    0    0    0
2023  3  1 12 38    -5.29     0.73     2.49    -598.4     52.54    -16.04     5.317      29552    0    0    0    0    0
2023  3  1 12 39    -5.31     0.73     2.44    -596.3     50.93    -16.34     5.208      30933    0    0    0    0    0
2023  3  1 12 40    -5.33     0.67     2.40    -595.0     51.26    -16.36     4.967      31944    0    0    0    0    0
2023  3  1 12 41    -5.39     0.63     2.39    -595.2     52.17    -16.32     4.643      32471    0    0    0    0    0
2023  3  1 12 42    -5.42     0.66     2.41    -595.7     51.79    -16.22     4.417      35375    0    0    0    0    0
2023  3  1 12 43    -5.40     0.67     2.43    -595.8     50.51    -16.12     4.263      38310    0    0    0    0    0
2023  3  1 12 44    -5.36     0.55     2.40    -596.0     49.90    -16.15     4.208      39080    0    0    0    0    0
2023  3  1 12 45    -5.35     0.46     2.36    -597.0     52.32    -15.20     4.214      37386    0    0    0    0    0
2023  3  1 12 46    -5.35     0.44     2.36    -597.4     54.03    -14.71     4.236      35322    0    0    0    0    0
2023  3  1 12 47    -5.35     0.38     2.35    -597.3     53.93    -14.90     4.250      34795    0    0    0    0    0
2023  3  1 12 48    -5.35     0.32     2.36    -597.1     53.14    -15.21     4.259      34756    0    0    0    0    0
2023  3  1 12 49    -5.35     0.18     2.35    -596.8     52.75    -15.37     4.262      34706    0    0    0    0    0
2023  3  1 12 50    -5.34     0.17     2.31    -595.9     52.82    -15.39     4.199      33876    0    0    0    0    0
2023  3  1 12 51    -5.32     0.35     2.20    -595.1     52.90    -15.41     4.052      33229    0    0    0    0    0
2023  3  1 12 52    -5.32     0.50     2.11    -594.8     52.04    -15.60     3.976      33099    0    0    0    0    0
2023  3  1 12 53    -5.32     0.56     2.10    -594.8     51.15    -15.79     3.976      33099    0    0    0    0    0
2023  3  1 12 54    -5.31     0.73     2.11    -594.8     51.39    -15.79     3.904      32533    0    0    0    0    0
2023  3  1 12 55    -5.31     0.82     2.12    -594.9     52.40    -15.63     3.846      31891    0    0    0    0    0
2023  3  1 12 56    -5.30     0.80     2.07    -595.5     53.16    -15.43     3.841      31720    0    0    0    0    0
2023  3  1 12 57    -5.30     0.81     2.01    -596.4     51.74    -15.70     3.880      33055    0    0    0    0    0
2023  3  1 12 58    -5.30     0.83     2.01    -596.5     50.33    -15.97     3.938      33723    0    0    0    0    0
2023  3  1 12 59    -5.30     0.80     2.02    -596.3     51.27    -15.79     3.957      33373    0    0    0    0    0
2023  3  1 13  0    -5.30     0.78     2.02    -596.1     52.41    -15.52     3.957      31304    0    0    0    0    0
2023  3  1 13  1    -5.26     0.77     1.98    -595.4     52.05    -15.81     4.055      30289    0    0    0    0    0
2023  3  1 13  2    -5.24     0.75     1.97    -594.4     50.27    -16.44     4.116      30380    0    0    0    0    0
2023  3  1 13  3    -5.25     0.73     2.00    -593.6     48.63    -16.90     4.102      30537    0    0    0    0    0
2023  3  1 13  4    -5.25     0.70     1.98    -593.1     49.59    -16.87     4.030      30793    0    0    0    0    0
2023  3  1 13  5    -5.27     0.67     1.95    -592.6     51.69    -16.53     3.918      31075    0    0    0    0    0
2023  3  1 13  6    -5.28     0.66     1.95    -592.4     51.32    -16.35     3.854      31186    0    0    0    0    0
2023  3  1 13  7    -5.28     0.66     1.96    -592.5     49.60    -16.36     3.836      31179    0    0    0    0    0
2023  3  1 13  8    -5.28     0.61     2.04    -593.1     49.74    -16.32     3.825      31163    0    0    0    0    0
2023  3  1 13  9    -5.30     0.54     2.16    -593.5     50.72    -16.21     3.838      31112    0    0    0    0    0
2023  3  1 13 10    -5.30     0.52     2.21    -593.4     50.90    -16.17     3.851      31070    0    0    0    0    0
2023  3  1 13 11    -5.31     0.52     2.22    -593.2     50.40    -15.96     3.881      31208    0    0    0    0    0
2023  3  1 13 12    -5.32     0.52     2.22    -593.1     49.84    -15.83     3.913      32757    0    0    0    0    0
2023  3  1 13 13    -5.31     0.51     2.21    -593.4     50.18    -15.52     3.964      34259    0    0    0    0    0
2023  3  1 13 14    -5.29     0.46     2.21    -593.8     50.86    -15.03     4.047      34172    0    0    0    0    0
2023  3  1 13 15    -5.28     0.42     2.22    -593.8     50.53    -15.24     4.108      32489    0    0    0    0    0
2023  3  1 13 16    -5.27     0.44     2.23    -593.7     49.45    -16.02     4.137      30911    0    0    0    0    0
2023  3  1 13 17    -5.29     0.45     2.22    -593.5     49.04    -16.56     4.122      30781    0    0    0    0    0
2023  3  1 13 18    -5.30     0.42     2.20    -593.2     49.63    -16.73     4.073      30768    0    0    0    0    0
2023  3  1 13 19    -5.31     0.38     2.17    -593.0     50.22    -16.68     4.037      31123    0    0    0    0    0
2023  3  1 13 20    -5.30     0.35     2.14    -592.8     50.24    -16.63     4.037      31843    0    0    0    0    0
2023  3  1 13 21    -5.27     0.37     2.13    -592.5     49.08    -16.77     4.026      32250    0    0    0    0    0
2023  3  1 13 22    -5.24     0.46     2.14    -592.5     47.59    -16.80     3.983      32567    0    0    0    0    0
2023  3  1 13 23    -5.22     0.52     2.11    -592.4     47.43    -16.75     3.946      32926    0    0    0    0    0
2023  3  1 13 24    -5.23     0.52     2.09    -592.3     47.62    -16.78     3.989      32542    0    0    0    0    0
2023  3  1 13 25    -5.23     0.43     2.11    -592.1     47.40    -16.86     4.061      32074    0    0    0    0    0
2023  3  1 13 26    -5.25     0.29     2.15    -591.9     46.99    -16.96     4.088      32173    0    0    0    0    0
2023  3  1 13 27    -5.27     0.22     2.17    -592.2     47.75    -17.06     4.048      33628    0    0    0    0    0
2023  3  1 13 28    -5.27     0.19     2.17    -592.2     49.33    -17.01     3.955      35594    0    0    0    0    0
2023  3  1 13 29    -5.27     0.18     2.17    -591.9     49.13    -16.96     3.892      35915    0    0    0    0    0
2023  3  1 13 30    -5.27     0.18     2.17    -591.2     47.07    -17.32     3.868      35110    0    0    0    0    0
2023  3  1 13 31    -5.27     0.17     2.17    -590.9     44.99    -17.90     3.853      33836    0    0    0    0    0
2023  3  1 13 32    -5.27     0.16     2.17    -590.9     45.26    -17.80     3.881      34198    0    0    0    0    0
2023  3  1 13 33    -5.25     0.16     2.17    -591.0     47.36    -17.15     3.941      35188    0    0    0    0    0
2023  3  1 13 34    -5.23     0.15     2.15    -591.0     48.21    -16.94     3.961      36135    0    0    0    0    0
2023  3  1 13 35    -5.23     0.13     2.14    -591.0     48.00    -17.52     3.918      36791    0    0    0    0    0
2023  3  1 13 36    -5.24     0.11     2.15    -590.7     47.62    -18.58     3.602      37173    0    0    0    0    0
2023  3  1 13 37    -5.26     0.13     2.15    -590.0     48.70    -18.35     3.163      37510    0    0    0    0    0
2023  3  1 13 38    -5.26     0.20     2.12    -589.4     51.25    -16.82     3.170      37510    0    0    0    0    0
2023  3  1 13 39    -5.23     0.24     2.09    -589.5     51.12    -16.43     3.220      37470    0    0    0    0    0
2023  3  1 13 40    -5.22     0.18     2.11    -589.8     47.64    -17.09     3.309      37293    0    0    0    0    0
2023  3  1 13 41    -5.22     0.17     2.10    -589.8     46.87    -17.32     3.345      37116    0    0    0    0    0
2023  3  1 13 42    -5.22     0.17     2.19    -589.6     48.50    -17.23     3.382      37321    0    0    0    0    0
2023  3  1 13 43    -5.21     0.18     2.19    -589.2     49.14    -17.16     3.382      37955    0    0    0    0    0
2023  3  1 13 44    -5.19     0.21     2.17    -589.3     48.75    -17.00     3.352      38308    0    0    0    0    0
2023  3  1 13 45    -5.19     0.21     2.15    -589.3     48.75    -16.63     3.224      38240    0    0    0    0    0
2023  3  1 13 46    -5.20     0.22     2.14    -590.3     49.21    -16.41     3.095      37775    0    0    0    0    0
2023  3  1 13 47    -5.23     0.22     2.13    -590.4     50.24    -16.24     3.077      37096    0    0    0    0    0
2023  3  1 13 48    -5.26     0.22     2.12    -589.5     50.33    -16.29     3.072      36795    0    0    0    0    0
2023  3  1 13 49    -5.30     0.21     2.08    -588.8     48.91    -16.66     3.075      36451    0    0    0    0    0
2023  3  1 13 50    -5.32     0.19     2.06    -588.9     46.46    -16.86     3.085      36076    0    0    0    0    0
2023  3  1 13 51    -5.32     0.18     2.01    -589.2     46.34    -16.84     3.090      36109    0    0    0    0    0
2023  3  1 13 52    -5.32     0.18     2.00    -588.8     48.74    -16.31     3.133      36408    0    0    0    0    0
2023  3  1 13 53    -5.31     0.17     1.97    -588.3     49.27    -16.43     3.269      37090    0    0    0    0    0
2023  3  1 13 54    -5.32     0.14     2.00    -587.9     47.38    -16.93     3.453      37203    0    0    0    0    0
2023  3  1 13 55    -5.32     0.14     2.11    -586.9     46.62    -17.03     3.450      37203    0    0    0    0    0
2023  3  1 13 56    -5.32     0.14     2.10    -587.1     47.56    -16.98     3.381      37269    0    0    0    0    0
2023  3  1 13 57    -5.33     0.18     2.06    -588.3     49.24    -17.20     3.083      37653    0    0    0    0    0
2023  3  1 13 58    -5.33     0.21     2.01    -588.6     49.51    -17.38     3.084      37496    0    0    0    0    0
2023  3  1 13 59    -5.33     0.22     2.01    -588.7     48.16    -17.87     3.085      36978    0    0    0    0    0
2023  3  1 14  0    -5.34     0.19     2.00    -589.1     47.57    -18.00     3.083      36978    0    0    0    0    0
2023  3  1 14  1    -5.34     0.14     1.97    -589.5     47.50    -17.73     3.036      36605    0    0    0    0    0
2023  3  1 14  2    -5.35     0.09     1.93    -589.7     47.12    -17.70     2.934      35685    0    0    0    0    0
2023  3  1 14  3    -5.36     0.07     1.93    -589.8     45.31    -18.24     2.946      35778    0    0    0    0    0
2023  3  1 14  4    -5.34     0.07     1.93    -589.8     43.69    -18.45     2.974      36080    0    0    0    0    0
2023  3  1 14  5    -5.32     0.08     1.93    -589.7     43.92    -18.09     2.974      36277    0    0    0    0    0
2023  3  1 14  6    -5.31     0.09     1.93    -589.4     45.84    -17.68     2.992      35918    0    0    0    0    0
2023  3  1 14  7    -5.32     0.09     1.92    -588.6     47.01    -17.27     3.045      34966    0    0    0    0    0
2023  3  1 14  8    -5.33     0.07     1.88    -586.6     47.13    -17.23     3.071      35011    0    1    1    1    1
2023  3  1 14  9    -5.33     0.05     1.84    -585.1     46.19    -17.45     3.113      35346    0    1    1    2    2
2023  3  1 14 10    -5.33     0.02     1.80    -584.9     45.64    -17.57     3.158      35708    0    1    1    1    1
2023  3  1 14 11    -5.33    -0.01     1.74    -584.8     46.58    -16.92     3.203      36070    0    0    0    0    0
2023  3  1 14 12    -5.34    -0.05     1.69    -584.7     47.33    -16.30     3.160      36249    0    0    0    0    0
2023  3  1 14 13    -5.35    -0.07     1.69    -584.7     46.53    -16.51     3.126      36494    0    0    0    0    0
2023  3  1 14 14    -5.34    -0.07     1.67    -584.7     45.85    -16.84     3.126      36494    0    0    0    0    0
2023  3  1 14 15    -5.34    -0.09     1.65    -584.2     47.37    -16.54     3.180      35516    0    0    0    0    0
2023  3  1 14 16    -5.32    -0.10     1.66    -583.6     48.32    -16.16     3.224      34834    0    0    0    0    0
2023  3  1 14 17    -5.32    -0.11     1.66    -583.5     48.19    -16.93     3.269      34286    0    0    0    0    0
2023  3  1 14 18    -5.34    -0.12     1.67    -583.5     45.37    -17.45     3.290      34200    0    0    0    0    0
2023  3  1 14 19    -5.35    -0.17     1.66    -583.3     43.55    -17.59     3.350      34197    0    0    0    0    0
2023  3  1 14 20    -5.32    -0.20     1.65    -583.1     44.88    -17.50     3.412      34459    0    0    0    0    0
2023  3  1 14 21    -5.29    -0.20     1.65    -583.1     45.98    -17.31     3.436      35294    0    0    0    0    0
2023  3  1 14 22    -5.29    -0.21     1.67    -583.1     44.57    -17.20     3.449      35841    0    0    0    0    0
2023  3  1 14 23    -5.27    -0.20     1.68    -582.9     43.54    -17.15     3.450      36918    0    0    0    0    0
2023  3  1 14 24    -5.23    -0.19     1.70    -582.7     45.62    -16.51     3.454      37880    0    0    0    0    0
2023  3  1 14 25    -5.20    -0.19     1.69    -582.6     47.33    -16.04     3.458      37990    0    0    0    0    0
2023  3  1 14 26    -5.19    -0.20     1.69    -582.6     46.93    -16.08     3.453      37815    0    1    1    1    1
2023  3  1 14 27    -5.18    -0.23     1.68    -582.5     45.07    -16.54     3.448      37618    0    1    1    2    2
2023  3  1 14 28    -5.20    -0.27     1.68    -582.4     43.82    -16.73     3.442      37423    0    1    1    2    2
2023  3  1 14 29    -5.23    -0.34     1.70    -582.3     43.62    -16.46     3.437      37398    0    1    1    1    1
2023  3  1 14 30    -5.27    -0.40     1.73    -582.4     43.53    -16.26     3.448      38637    0    0    0    0    0
2023  3  1 14 31    -5.27    -0.40     1.75    -582.5     43.22    -16.21     3.449      38827    0    0    0    0    0
2023  3  1 14 32    -5.26    -0.39     1.75    -582.5     44.42    -16.53     3.460      34940    0    0    0    0    0
2023  3  1 14 33    -5.25    -0.38     1.75    -582.3     45.66    -16.72     3.461      34218    0    0    0    0    0
2023  3  1 14 34    -5.25    -0.37     1.77    -582.0     46.00    -16.81     3.486      34187    0    0    0    0    0
2023  3  1 14 35    -5.24    -0.38     1.77    -582.0     45.85    -16.79     3.491      34628    0    0    0    0    0
2023  3  1 14 36    -5.25    -0.39     1.76    -581.8     44.87    -16.82     3.450      34706    0    0    0    0    0
2023  3  1 14 37    -5.25    -0.40     1.72    -581.6     43.57    -16.17     3.396      33552    0    0    0    0    0
2023  3  1 14 38    -5.25    -0.41     1.65    -581.4     43.31    -15.83     3.357      33298    0    0    0    0    0
2023  3  1 14 39    -5.25    -0.42     1.60    -581.4     43.56    -15.79     3.322      34025    0    0    0    0    0
2023  3  1 14 40    -5.26    -0.43     1.57    -581.3     43.73    -15.84     3.314      34188    0    0    0    0    0
2023  3  1 14 41    -5.26    -0.44     1.56    -581.1     43.13    -16.06     3.313      33937    0    0    0    0    0
2023  3  1 14 42    -5.27    -0.44     1.56    -581.1     42.54    -16.12     3.344      32292    0    0    0    0    0
2023  3  1 14 43    -5.29    -0.44     1.54    -581.1     43.69    -16.01     3.384      30951    0    0    0    0    0
2023  3  1 14 44    -5.30    -0.46     1.52    -581.5     44.89    -15.98     3.392      30718    0    0    0    0    0
2023  3  1 14 45    -5.31    -0.47     1.50    -582.0     43.30    -16.01     3.379      31037    0    0    0    0    0
2023  3  1 14 46    -5.32    -0.48     1.46    -582.1     41.48    -16.31     3.329      32403    0    0    0    0    0
2023  3  1 14 47    -5.31    -0.49     1.43    -582.0     41.88    -15.92     3.307      33040    0    0    0    0    0
2023  3  1 14 48    -5.29    -0.49     1.44    -581.6     43.16    -15.52     3.305      33112    0    0    0    0    0
2023  3  1 14 49    -5.28    -0.50     1.45    -581.2     43.30    -15.68     3.390      33201    0    0    0    0    0
2023  3  1 14 50    -5.31    -0.51     1.45    -580.8     41.79    -16.45     3.411      33223    0    0    0    0    0
2023  3  1 14 51    -5.36    -0.51     1.45    -577.4     40.91    -16.99     3.362      33342    0    0    0    0    0
2023  3  1 14 52    -5.38    -0.51     1.46    -574.9     41.15    -16.96     3.315      35355    0    0    0    0    0
2023  3  1 14 53    -5.39    -0.52     1.45    -574.7     42.88    -16.39     3.299      37873    0    0    0    0    0
2023  3  1 14 54    -5.36    -0.52     1.41    -574.8     44.71    -16.17     3.301      37819    0    0    0    0    0
2023  3  1 14 55    -5.31    -0.53     1.38    -578.8     43.63    -16.28     3.304      37744    0    0    0    0    0
2023  3  1 14 56    -5.31    -0.54     1.38    -578.0     41.55    -16.26     3.246      39187    0    0    0    0    0
2023  3  1 14 57    -5.34    -0.56     1.39    -576.2     41.28    -15.98     3.177      40658    0    0    0    0    0
2023  3  1 14 58    -5.37    -0.60     1.40    -576.0     42.10    -15.66     3.135      41203    0    0    0    0    0
2023  3  1 14 59    -5.37    -0.63     1.39    -575.7     42.39    -16.00     3.124      41021    0    0    0    0    0
2023  3  1 15  0    -5.37    -0.64     1.38    -575.5     42.18    -16.60     3.151      39823    0    0    0    0    0
2023  3  1 15  1    -5.36    -0.65     1.36    -575.7     41.85    -16.78     3.183      37774    0    0    0    0    0
2023  3  1 15  2    -5.36    -0.66     1.36    -575.6     41.44    -16.83     3.172      36775    0    0    0    0    0
2023  3  1 15  3    -5.35    -0.65     1.35    -575.4     41.07    -16.71     3.159      36852    0    0    0    0    0
2023  3  1 15  4    -5.35    -0.66     1.36    -575.3     40.63    -16.48     3.169      36947    0    0    0    0    0
2023  3  1 15  5    -5.36    -0.66     1.37    -574.9     40.37    -16.35     3.186      36776    0    0    0    0    0
2023  3  1 15  6    -5.37    -0.66     1.38    -574.5     40.93    -16.28     3.180      36384    0    1    1    1    1
2023  3  1 15  7    -5.37    -0.66     1.37    -574.1     42.15    -16.30     3.145      35996    0    1    1    2    2
2023  3  1 15  8    -5.38    -0.67     1.33    -574.0     42.41    -16.46     3.109      35748    0    1    1    1    1
2023  3  1 15  9    -5.37    -0.69     1.27    -574.0     41.41    -16.61     3.084      36166    0    0    0    0    0
2023  3  1 15 10    -5.36    -0.71     1.24    -574.0     40.75    -16.59     3.080      37461    0    0    0    0    0
2023  3  1 15 11    -5.37    -0.73     1.25    -573.6     40.78    -16.49     3.082      38449    0    0    0    0    0
2023  3  1 15 12    -5.38    -0.76     1.25    -572.4     41.05    -16.20     3.146      37732    0    0    0    0    0
2023  3  1 15 13    -5.36    -0.77     1.24    -572.0     40.96    -16.33     3.303      35900    0    0    0    0    0
2023  3  1 15 14    -5.36    -0.76     1.23    -573.7     40.02    -17.15     3.217      36504    0    0    0    0    0
2023  3  1 15 15    -5.36    -0.74     1.25    -575.9     39.07    -18.13     3.060      37610    0    0    0    0    0
2023  3  1 15 16    -5.37    -0.74     1.30    -576.3     39.23    -17.26     3.074      37100    0    0    0    0    0
2023  3  1 15 17    -5.39    -0.73     1.36    -575.8     40.12    -15.74     3.105      36341    0    0    0    0    0
2023  3  1 15 18    -5.39    -0.73     1.38    -576.2     40.47    -14.79     3.141      36049    0    0    0    0    0
2023  3  1 15 19    -5.38    -0.73     1.38    -577.2     40.10    -14.61     3.166      36032    0    0    0    0    0
2023  3  1 15 20    -5.37    -0.74     1.36    -577.3     40.16    -14.59     3.172      36040    0    0    0    0    0
2023  3  1 15 21    -5.35    -0.75     1.34    -576.8     40.32    -14.55     3.170      36055    0    0    0    0    0
2023  3  1 15 22    -5.35    -0.75     1.33    -576.4     39.83    -14.60     3.169      36149    0    0    0    0    0
2023  3  1 15 23    -5.35    -0.76     1.34    -576.4     38.37    -14.88     3.170      36322    0    0    0    0    0
2023  3  1 15 24    -5.34    -0.79     1.32    -576.8     36.98    -15.44     3.365      37102    0    0    0    0    0
2023  3  1 15 25    -5.32    -0.82     1.28    -577.2     37.88    -15.48     3.534      37708    0    0    0    0    0
2023  3  1 15 26    -5.31    -0.83     1.27    -577.4     39.87    -15.12     3.514      37587    0    0    0    0    0
2023  3  1 15 27    -5.31    -0.83     1.26    -577.4     40.59    -15.16     3.477      37243    0    0    0    0    0
2023  3  1 15 28    -5.32    -0.83     1.26    -576.8     39.41    -15.65     3.461      36827    0    0    0    0    0
2023  3  1 15 29    -5.33    -0.82     1.26    -576.3     37.37    -17.22     3.441      36058    0    0    0    0    0
2023  3  1 15 30    -5.30    -0.80     1.26    -576.5     37.63    -18.25     3.414      35509    0    0    0    0    0
2023  3  1 15 31    -5.27    -0.80     1.26    -576.6     39.89    -17.65     3.393      35509    0    0    0    0    0
2023  3  1 15 32    -5.27    -0.85     1.26    -577.0     41.05    -17.02     3.380      35026    0    0    0    0    0
2023  3  1 15 33    -5.27    -0.91     1.24    -577.3     40.72    -16.67     3.380      34633    0    0    0    0    0
2023  3  1 15 34    -5.27    -0.92     1.22    -577.3     39.21    -15.70     3.286      35027    0    0    0    0    0
2023  3  1 15 35    -5.21    -0.92     1.26    -577.3     37.94    -15.01     3.214      36468    0    0    0    0    0
2023  3  1 15 36    -5.08    -0.93     1.31    -576.7     37.07    -14.98     3.227      37605    0    0    0    0    0
2023  3  1 15 37    -4.99    -0.93     1.34    -575.9     36.19    -15.27     3.299      37839    0    0    0    0    0
2023  3  1 15 38    -4.98    -0.93     1.36    -575.6     36.39    -15.57     3.364      37502    0    0    0    0    0
2023  3  1 15 39    -4.98    -0.92     1.37    -575.5     38.11    -15.37     3.330      37017    0    0    0    0    0
2023  3  1 15 40    -4.98    -0.92     1.37    -575.6     39.79    -14.93     3.241      36903    0    0    0    0    0
2023  3  1 15 41    -4.99    -0.90     1.36    -575.6     40.12    -14.72     3.134      36809    0    0    0    0    0
2023  3  1 15 42    -5.03    -0.90     1.33    -575.6     38.75    -15.05     3.057      36703    0    0    0    0    0
2023  3  1 15 43    -5.07    -0.92     1.31    -575.5     36.79    -15.65     3.036      36709    0    0    0    0    0
2023  3  1 15 44    -5.06    -0.95     1.31    -575.1     37.07    -15.49     3.021      37623    0    0    0    0    0
2023  3  1 15 45    -5.02    -0.93     1.32    -577.1     39.44    -14.69     3.001      38798    0    0    0    0    0
2023  3  1 15 46    -5.00    -0.88     1.33    -581.5     39.88    -14.95     2.954      37008    0    0    0    0    0
2023  3  1 15 47    -5.00    -0.93     1.32    -582.1     39.06    -15.24     2.914      36392    0    0    0    0    0
2023  3  1 15 48    -5.02    -0.94     1.31    -581.9     38.56    -14.72     2.909      36354    0    0    0    0    0
2023  3  1 15 49    -5.04    -0.95     1.30    -581.7     38.33    -14.29     2.934      37825    0    0    0    0    0
2023  3  1 15 50    -5.06    -1.00     1.29    -581.4     37.57    -14.40     2.939      38120    0    0    0    0    0
2023  3  1 15 51    -5.08    -1.01     1.29    -581.0     35.72    -14.85     2.905      38032    0    0    0    0    0
2023  3  1 15 52    -5.09    -1.00     1.30    -579.2     34.59    -15.14     2.891      37527    0    0    0    0    0
2023  3  1 15 53    -5.10    -0.99     1.31    -578.3     35.10    -14.73     2.886      36858    0    0    0    0    0
2023  3  1 15 54    -5.12    -0.98     1.30    -578.1     35.97    -14.12     2.885      36172    0    0    0    0    0
2023  3  1 15 55    -5.12    -0.99     1.29    -577.9     35.75    -14.08     2.900      34850    0    0    0    0    0
2023  3  1 15 56    -5.13    -1.00     1.27    -577.5     34.78    -14.45     2.909      34161    0    0    0    0    0
2023  3  1 15 57    -5.15    -0.96     1.27    -576.8     34.04    -14.74     2.900      34352    1    0    0    0    0
2023  3  1 15 58    -5.16    -0.93     1.27    -575.9     34.11    -14.68     2.892      35553    1    1    0    0    0
2023  3  1 15 59    -5.16    -0.92     1.27    -575.5     34.51    -14.47     2.976      37937    1    1    0    0    0
2023  3  1 16  0    -5.15    -0.92     1.27    -576.0     34.36    -14.39     3.102      40015    1    1    0    0    0
2023  3  1 16  1    -5.13    -0.92     1.27    -577.3     34.01    -14.37     3.130      40601    0    1    0    0    0
2023  3  1 16  2    -5.12    -0.94     1.26    -578.4     34.64    -14.68     3.069      40234    0    0    0    0    0
2023  3  1 16  3    -5.11    -0.98     1.23    -579.2     36.16    -14.75     2.930      39565    0    0    0    0    0
2023  3  1 16  4    -5.12    -1.01     1.21    -579.7     36.99    -14.87     2.882      39300    0    0    0    0    0
2023  3  1 16  5    -5.13    -1.02     1.20    -579.9     35.46    -15.14     2.926      39278    0    0    0    0    0
2023  3  1 16  6    -5.13    -1.03     1.20    -579.9     33.74    -15.32     3.006      39278    0    0    0    0    0
2023  3  1 16  7    -5.12    -1.03     1.20    -579.8     33.59    -15.10     3.031      40103    0    0    0    0    0
2023  3  1 16  8    -5.09    -1.02     1.20    -579.7     33.83    -14.48     3.021      40429    0    0    0    0    0
2023  3  1 16  9    -5.08    -1.01     1.19    -579.5     32.73    -14.55     2.965      38710    0    0    0    0    0
2023  3  1 16 10    -5.07    -1.06     1.19    -579.4     31.44    -15.07     2.940      37991    0    0    0    0    0
2023  3  1 16 11    -5.07    -1.11     1.20    -579.2     31.00    -15.41     2.935      38805    0    0    0    0    0
2023  3  1 16 12    -5.07    -1.12     1.22    -579.0     31.56    -15.30     2.906      39182    0    0    0    0    0
2023  3  1 16 13    -5.07    -1.11     1.24    -578.4     32.18    -15.06     2.892      39182    0    0    0    0    0
2023  3  1 16 14    -5.06    -1.11     1.24    -577.9     32.26    -15.29     3.099      41259    1    0    0    0    0
2023  3  1 16 15    -5.06    -1.09     1.21    -578.2     31.77    -15.61     3.234      42606    1    0    0    0    0
2023  3  1 16 16    -5.07    -1.07     1.19    -578.8     31.10    -15.67     3.237      41280    1    0    0    0    0
2023  3  1 16 17    -5.08    -1.07     1.19    -578.8     31.33    -15.32     3.254      40582    0    0    0    0    0
2023  3  1 16 18    -5.08    -1.08     1.17    -578.7     32.90    -14.74     3.279      40582    0    0    0    0    0
2023  3  1 16 19    -5.08    -1.07     1.15    -578.7     33.07    -14.49     3.288      40652    0    0    0    0    0
2023  3  1 16 20    -5.08    -1.06     1.14    -578.5     32.87    -14.67     3.288      40813    0    0    0    0    0
2023  3  1 16 21    -5.08    -1.06     1.11    -578.0     32.52    -14.91     3.287      40999    0    0    0    0    0
2023  3  1 16 22    -5.08    -1.06     1.02    -578.6     31.67    -15.12     3.388      41072    0    0    0    0    0
2023  3  1 16 23    -5.07    -1.06     0.94    -578.1     31.32    -15.33     3.546      41072    0    0    0    0    0
2023  3  1 16 24    -5.05    -1.07     0.91    -577.7     31.52    -15.37     3.844      41879    0    0    0    0    0
2023  3  1 16 25    -5.04    -1.08     0.84    -577.7     32.51    -15.24     4.005      42432    0    0    0    0    0
2023  3  1 16 26    -5.03    -1.06     0.74    -577.3     34.59    -14.70     4.005      42155    0    0    0    0    0
2023  3  1 16 27    -5.02    -1.04     0.68    -576.8     36.39    -14.09     4.030      40911    0    0    0    0    0
2023  3  1 16 28    -5.02    -1.03     0.67    -576.7     36.44    -14.19     4.102      40038    0    0    0    0    0
2023  3  1 16 29    -5.03    -1.04     0.67    -576.6     33.99    -14.85     4.227      42066    0    0    0    0    0
2023  3  1 16 30    -5.03    -1.06     0.67    -576.5     31.12    -15.31     4.298      43840    0    0    0    0    0
2023  3  1 16 31    -5.02    -1.07     0.69    -576.2     30.61    -15.32     4.284      43101    0    0    0    0    0
2023  3  1 16 32    -5.01    -1.07     0.71    -575.9     31.40    -15.14     4.241      42362    0    0    0    0    0
2023  3  1 16 33    -5.04    -1.03     0.72    -575.5     31.13    -15.05     4.209      42362    0    0    0    0    0
2023  3  1 16 34    -5.07    -0.99     0.72    -574.8     30.05    -15.12     4.208      42303    0    0    0    0    0
2023  3  1 16 35    -5.08    -1.01     0.71    -574.3     29.82    -15.22     4.208      41824    0    0    0    0    0
2023  3  1 16 36    -5.08    -1.04     0.70    -574.3     30.48    -15.20     4.075      40950    0    0    0    0    0
2023  3  1 16 37    -5.08    -1.06     0.71    -574.2     30.17    -15.12     3.811      39661    0    0    0    0    0
2023  3  1 16 38    -5.08    -1.07     0.70    -574.5     28.61    -15.08     3.704      37938    0    0    0    0    0
2023  3  1 16 39    -5.07    -1.07     0.67    -574.8     27.55    -14.93     3.660      37547    0    0    0    0    0
2023  3  1 16 40    -5.05    -1.07     0.65    -574.5     28.28    -14.46     3.660      38005    0    0    0    0    0
2023  3  1 16 41    -5.03    -1.07     0.64    -573.6     30.46    -13.82     3.638      38700    0    0    0    0    0
2023  3  1 16 42    -5.04    -1.06     0.65    -572.9     31.13    -13.71     3.596      38446    0    0    0    0    0
2023  3  1 16 43    -5.05    -1.06     0.65    -572.9     28.49    -14.30     3.593      37851    0    0    0    0    0
2023  3  1 16 44    -5.06    -1.06     0.65    -573.1     26.52    -14.72     3.604      38268    0    0    0    0    0
2023  3  1 16 45    -5.05    -1.08     0.65    -573.2     26.81    -14.78     3.627      39168    0    0    0    0    0
2023  3  1 16 46    -5.03    -1.10     0.65    -572.9     28.70    -14.55     3.603      38897    0    0    0    0    0
2023  3  1 16 47    -5.03    -1.11     0.65    -572.5     29.53    -14.34     3.533      38275    0    0    0    0    0
2023  3  1 16 48    -5.03    -1.11     0.66    -572.6     28.64    -14.32     3.490      38233    0    0    0    0    0
2023  3  1 16 49    -5.03    -1.11     0.67    -572.5     28.19    -14.31     3.482      38018    0    0    0    0    0
2023  3  1 16 50    -5.03    -1.12     0.70    -572.3     28.79    -14.31     3.493      37446    0    0    0    0    0
2023  3  1 16 51    -5.04    -1.12     0.74    -571.7     29.55    -14.27     3.542      37186    0    0    0    0    0
2023  3  1 16 52    -5.05    -1.12     0.77    -571.2     29.14    -14.34     3.597      37243    0    0    0    0    0
2023  3  1 16 53    -5.07    -1.14     0.80    -571.0     28.67    -14.43     3.594      37531    0    0    0    0    0
2023  3  1 16 54    -5.07    -1.16     0.77    -570.7     29.07    -14.59     3.578      37775    0    0    0    0    0
2023  3  1 16 55    -5.09    -1.16     0.74    -569.9     30.44    -14.61     3.571      37798    0    0    0    0    0
2023  3  1 16 56    -5.09    -1.16     0.74    -569.4     31.72    -14.41     3.571      37801    0    0    0    0    0
2023  3  1 16 57    -5.09    -1.16     0.76    -569.3     31.62    -14.40     3.569      37893    0    0    0    0    0
2023  3  1 16 58    -5.09    -1.14     0.76    -569.1     31.19    -14.35     3.573      38770    0    1    1    1    1
2023  3  1 16 59    -5.09    -1.14     0.74    -568.9     30.92    -14.24     3.560      40726    0    1    1    2    2
2023  3  1 17  0    -5.11    -1.13     0.72    -568.4     31.42    -14.00     3.547      42564    0    1    1    1    1
2023  3  1 17  1    -5.13    -1.10     0.71    -568.1     31.81    -13.79     3.535      42714    0    0    0    0    0
2023  3  1 17  2    -5.13    -1.13     0.70    -567.6     30.83    -13.95     3.535      42714    0    0    0    0    0
2023  3  1 17  3    -5.14    -1.12     0.70    -566.7     29.38    -15.05     3.520      41102    0    0    0    0    0
2023  3  1 17  4    -5.13    -1.11     0.70    -564.8     28.64    -15.67     3.566      39816    0    0    0    0    0
2023  3  1 17  5    -5.11    -1.10     0.70    -568.4     31.00    -14.89     3.646      39556    0    0    0    0    0
2023  3  1 17  6    -5.09    -1.09     0.71    -568.5     32.83    -14.16     3.641      39894    0    0    0    0    0
2023  3  1 17  7    -5.09    -1.08     0.72    -568.1     30.71    -14.60     3.502      40452    0    0    0    0    0
2023  3  1 17  8    -5.09    -1.10     0.72    -568.0     28.85    -15.03     3.502      40452    0    0    0    0    0
2023  3  1 17  9    -5.09    -1.12     0.71    -567.3     29.01    -14.72     3.502      40452    0    0    0    0    0
2023  3  1 17 10    -5.09    -1.22     0.72    -566.2     29.16    -14.49     3.465      41683    0    0    0    0    0
2023  3  1 17 11    -5.12    -1.19     0.73    -566.1     28.05    -14.59     3.445      43146    0    0    0    0    0
2023  3  1 17 12    -5.12    -1.17     0.71    -566.6     26.35    -14.49     3.443      44577    0    0    0    0    0
2023  3  1 17 13    -5.12    -1.14     0.67    -567.0     27.05    -14.38     3.451      45387    0    0    0    0    0
2023  3  1 17 14    -5.12    -1.15     0.65    -567.6     27.86    -14.29     3.460      45577    0    0    0    0    0
2023  3  1 17 15    -5.12    -1.16     0.64    -567.5     27.23    -14.37     3.554      45579    0    0    0    0    0
2023  3  1 17 16    -5.11    -1.18     0.64    -567.3     25.58    -14.72     3.583      45021    0    0    0    0    0
2023  3  1 17 17    -5.11    -1.23     0.64    -573.9     24.56    -15.16     3.552      43812    0    0    0    0    0
2023  3  1 17 18    -5.12    -1.25     0.59    -573.2     25.75    -14.96     3.469      43705    0    0    0    0    0
2023  3  1 17 19    -5.14    -1.27     0.54    -571.5     27.86    -14.16     3.412      43706    0    0    0    0    0
2023  3  1 17 20    -5.16    -1.27     0.52    -567.1     29.16    -13.54     3.412      43709    0    0    0    0    0
2023  3  1 17 21    -5.14    -1.31     0.51    -566.8     27.27    -13.86     3.414      43709    0    0    0    0    0
2023  3  1 17 22    -5.13    -1.37     0.55    -567.8     24.97    -13.84     3.426      41347    0    0    0    0    0
2023  3  1 17 23    -5.10    -1.41     0.57    -568.8     24.79    -13.57     3.426      40765    0    0    0    0    0
2023  3  1 17 24    -5.08    -1.40     0.62    -569.5     24.76    -13.51     3.431      40556    0    0    0    0    0
2023  3  1 17 25    -5.04    -1.42     0.73    -570.5     23.99    -14.09     3.487      40556    0    0    0    0    0
2023  3  1 17 26    -4.93    -1.44     0.78    -570.4     23.67    -14.19     3.458      40335    0    0    0    0    0
2023  3  1 17 27    -4.95    -1.44     0.78    -571.8     25.71    -13.86     3.276      39034    0    0    0    0    0
2023  3  1 17 28    -5.00    -1.45     0.78    -575.7     26.15    -13.60     3.148      38796    0    0    0    0    0
2023  3  1 17 29    -5.02    -1.45     0.79    -575.5     24.76    -13.66     3.087      38919    0    0    0    0    0
2023  3  1 17 30    -5.05    -1.46     0.81    -575.5     24.26    -13.65     3.081      39205    0    0    0    0    0
2023  3  1 17 31    -5.05    -1.46     0.80    -575.5     25.40    -13.50     3.082      39370    0    0    0    0    0
2023  3  1 17 32    -5.05    -1.46     0.74    -575.6     26.89    -13.26     3.083      38811    0    0    0    0    0
2023  3  1 17 33    -5.06    -1.46     0.68    -575.9     27.29    -13.35     3.051      37912    0    0    0    0    0
2023  3  1 17 34    -5.10    -1.46     0.65    -576.1     26.55    -13.76     3.014      37633    0    0    0    0    0
2023  3  1 17 35    -5.12    -1.46     0.64    -576.2     26.11    -13.90     3.010      37896    0    0    0    0    0
2023  3  1 17 36    -5.13    -1.46     0.65    -576.2     26.40    -13.82     3.044      38219    0    0    0    0    0
2023  3  1 17 37    -5.14    -1.46     0.67    -576.1     26.29    -13.84     3.086      38510    0    0    0    0    0
2023  3  1 17 38    -5.15    -1.48     0.69    -576.0     25.66    -14.04     3.113      39034    0    1    1    1    1
2023  3  1 17 39    -5.15    -1.52     0.69    -575.8     24.96    -14.30     3.149      39618    0    1    1    2    2
2023  3  1 17 40    -5.14    -1.53     0.66    -575.6     24.79    -14.53     3.186      40203    0    1    1    2    2
2023  3  1 17 41    -5.14    -1.55     0.63    -575.3     25.17    -14.65     3.222      40524    0    1    1    1    1
2023  3  1 17 42    -5.13    -1.60     0.60    -575.1     25.93    -14.56     3.238      40450    0    0    0    0    0
2023  3  1 17 43    -5.12    -1.65     0.59    -572.5     26.62    -14.43     3.226      40253    0    0    0    0    0
2023  3  1 17 44    -5.11    -1.68     0.62    -566.6     26.56    -14.53     3.213      40013    0    0    0    0    0
2023  3  1 17 45    -5.09    -1.70     0.65    -564.4     26.27    -14.53     3.180      39985    0    0    0    0    0
2023  3  1 17 46    -5.05    -1.70     0.70    -564.0     25.90    -14.57     3.172      39985    0    0    0    0    0
2023  3  1 17 47    -5.00    -1.70     0.69    -564.5     24.51    -14.36     3.230      39084    0    0    0    0    0
2023  3  1 17 48    -4.98    -1.70     0.63    -564.7     23.93    -14.23     3.246      38574    0    0    0    0    0
2023  3  1 17 49    -4.97    -1.76     0.58    -564.5     23.00    -14.32     3.245      38449    0    0    0    0    0
2023  3  1 17 50    -4.99    -1.80     0.57    -564.0     22.93    -14.61     3.217      38433    0    0    0    0    0
2023  3  1 17 51    -5.01    -1.83     0.57    -563.6     24.62    -14.86     3.209      38433    0    0    0    0    0
2023  3  1 17 52    -5.02    -1.82     0.56    -563.6     25.65    -15.21     3.267      38625    0    0    0    0    0
2023  3  1 17 53    -5.01    -1.79     0.55    -563.2     24.52    -15.64     3.558      40201    0    0    0    0    0
2023  3  1 17 54    -5.00    -1.75     0.62    -562.7     22.66    -16.07     3.928      43305    0    0    0    0    0
2023  3  1 17 55    -4.97    -1.71     0.66    -562.5     21.82    -16.30     4.104      45170    0    0    0    0    0
2023  3  1 17 56    -4.95    -1.66     0.66    -562.5     21.99    -16.33     4.184      45510    0    0    0    0    0
2023  3  1 17 57    -4.95    -1.60     0.68    -562.5     22.79    -16.49     4.902      44791    0    0    0    0    0
2023  3  1 17 58    -4.90    -1.60     0.64    -562.7     23.11    -16.82     5.248      44096    0    0    0    0    0
2023  3  1 17 59    -4.87    -1.62     0.62    -562.9     23.08    -17.24     5.232      43599    0    0    0    0    0
2023  3  1 18  0    -4.87    -1.64     0.62    -562.5     23.97    -17.64     5.086      43443    0    0    0    0    0
2023  3  1 18  1    -4.89    -1.65     0.64    -562.2     24.86    -17.76     4.952      43443    0    0    0    0    0
2023  3  1 18  2    -4.91    -1.65     0.67    -562.0     24.88    -17.78     4.880      42705    0    0    0    0    0
2023  3  1 18  3    -4.91    -1.64     0.70    -562.4     23.24    -17.87     4.859      42277    0    0    0    0    0
2023  3  1 18  4    -4.92    -1.62     0.70    -563.2     21.02    -18.00     4.859      42437    0    0    0    0    0
2023  3  1 18  5    -4.92    -1.64     0.66    -563.4     20.66    -17.89     5.126      42785    0    0    0    0    0
2023  3  1 18  6    -4.91    -1.67     0.64    -563.3     21.00    -17.49     5.539      42896    0    0    0    0    0
2023  3  1 18  7    -4.90    -1.69     0.63    -563.3     20.56    -17.39     5.808      42080    0    0    0    0    0
2023  3  1 18  8    -4.89    -1.67     0.54    -563.0     19.94    -17.71     5.896      41078    0    0    0    0    0
2023  3  1 18  9    -4.91    -1.65     0.45    -562.7     19.83    -17.84     5.910      40126    0    0    0    0    0
2023  3  1 18 10    -4.93    -1.65     0.42    -562.0     19.99    -17.43     5.863      39442    0    0    0    0    0
2023  3  1 18 11    -4.95    -1.68     0.58    -560.9     20.07    -16.90     5.836      39230    0    0    0    0    0
2023  3  1 18 12    -4.95    -1.70     0.66    -560.3     19.37    -16.71     5.777      39577    0    0    0    0    0
2023  3  1 18 13    -4.94    -1.74     0.48    -560.7     18.02    -16.82     5.723      39891    0    0    0    0    0
2023  3  1 18 14    -4.90    -1.78     0.37    -561.5     18.42    -16.85     5.633      39427    0    0    0    0    0
2023  3  1 18 15    -4.87    -1.79     0.36    -561.9     20.24    -16.69     5.559      38567    0    0    0    0    0
2023  3  1 18 16    -4.88    -1.78     0.35    -562.0     20.62    -16.33     5.529      37705    0    1    1    1    1
2023  3  1 18 17    -4.91    -1.72     0.47    -562.1     20.85     -6.32     5.494      36858    0    1    1    2    2
2023  3  1 18 18    -4.91    -1.66     0.57    -563.4     19.76      0.12     5.457      35940    0    1    1    2    2
2023  3  1 18 19    -4.89    -1.67     0.52    -567.9     24.14      1.41     5.412      34852    0    0    0    0    0
2023  3  1 18 20    -4.92    -1.70     0.63    -567.0     28.43      1.42     5.453      34417    0    0    0    0    0
2023  3  1 18 21    -4.97    -1.77     0.86    -567.1     27.43      1.41     5.456      34388    0    0    0    0    0
2023  3  1 18 22    -4.99    -1.78     0.73    -567.6     26.13      1.42     5.476      34795    0    0    0    0    0
2023  3  1 18 23    -5.00    -1.79     0.59    -567.0     25.98      1.43     5.316      35649    0    1    1    1    1
2023  3  1 18 24    -5.00    -1.77     0.58    -565.4     23.74      1.43     5.159      36473    0    1    1    2    2
2023  3  1 18 25    -4.98    -1.77     0.59    -564.7     19.39      1.44     4.994      37338    0    1    1    2    2
2023  3  1 18 26    -4.91    -1.83     0.59    -564.4     16.15      1.45     4.826      37513    0    1    1    1    1
2023  3  1 18 27    -4.80    -1.98     0.53    -564.5     15.58      1.45     4.756      35257    0    0    0    0    0
2023  3  1 18 28    -4.77    -2.00     0.44    -564.5     17.01      1.48     4.730      34468    0    0    0    0    0
2023  3  1 18 29    -4.81    -1.85     0.59    -570.3     20.42      1.38     4.771      34102    0    1    1    2    2
2023  3  1 18 30    -4.89    -1.65     0.70    -572.9     16.67      1.28     4.816      33792    0    1    1    1    1
2023  3  1 18 31    -4.92    -1.68     0.61    -572.0     15.03      1.23     4.844      33150    0    0    0    0    0
2023  3  1 18 32    -4.90    -1.75     0.48    -570.7     14.88      1.19     4.826      31496    0    0    0    0    0
2023  3  1 18 33    -4.88    -1.81     0.41    -565.6     14.32      0.97     4.752      30313    0    0    0    0    0
2023  3  1 18 34    -4.90    -1.87     0.33    -564.8     15.13      1.06     4.714      30057    0    0    0    0    0
2023  3  1 18 35    -4.94    -1.95     0.27    -567.4     15.32      1.49     4.751      32124    0    0    0    0    0
2023  3  1 18 36    -4.89    -1.89     0.37    -572.1     12.50      2.36     4.744      35864    0    0    0    0    0
2023  3  1 18 37    -4.86    -1.83     0.50    -571.8     12.61      2.50     4.718      35748    0    0    0    0    0
2023  3  1 18 38    -4.85    -1.83     0.51    -572.3     16.92      1.67     4.731      34739    0    0    0    0    0
2023  3  1 18 39    -4.85    -1.83     0.48    -572.7     18.71     -0.70     4.767      32841    0    0    0    0    0
2023  3  1 18 40    -4.86    -1.84     0.44    -572.7     14.95     -1.00     4.776      32414    0    0    0    0    0
2023  3  1 18 41    -4.86    -1.86     0.41    -572.5     12.74     -0.82     4.809      32801    0    0    0    0    0
2023  3  1 18 42    -4.87    -1.89     0.41    -572.1     14.52     -0.21     4.882      33803    0    0    0    0    0
2023  3  1 18 43    -4.87    -1.87     0.45    -571.2     18.38      0.32     4.876      33694    0    0    0    0    0
2023  3  1 18 44    -4.87    -1.85     0.56    -570.2     20.46      0.27     4.856      33266    0    0    0    0    0
2023  3  1 18 45    -4.87    -1.87     0.60    -570.1     16.18     -0.16     4.860      33431    0    0    0    0    0
2023  3  1 18 46    -4.84    -1.86     0.61    -570.4     13.01     -0.41     4.898      35314    0    0    0    0    0
2023  3  1 18 47    -4.81    -1.81     0.60    -570.7     16.91     -0.43     5.022      40990    0    1    1    1    1
2023  3  1 18 48    -4.71    -1.74     0.60    -570.5     19.60     -0.19     5.291      47367    0    1    1    2    2
2023  3  1 18 49    -4.59    -1.86     0.61    -569.6     16.54      0.03     5.547      53445    0    1    1    2    2
2023  3  1 18 50    -4.54    -1.98     0.61    -567.9     13.64      0.24     5.789      59201    0    1    1    2    2
2023  3  1 18 51    -4.53    -1.98     0.63    -566.2     13.83      0.46     6.031      64957    0    1    1    1    1
2023  3  1 18 52    -4.55    -1.95     0.66    -566.2     17.61      0.59     6.281      71429    0    0    0    0    0
2023  3  1 18 53    -4.60    -1.91     0.59    -566.2     21.58      0.82     6.708      78170    0    0    0    0    0
2023  3  1 18 54    -4.65    -1.89     0.57    -566.4     21.74      1.34     6.752      82820    0    0    0    0    0
2023  3  1 18 55    -4.68    -1.89     0.57    -566.4     20.03      2.45     6.572      84398    0    0    0    0    0
2023  3  1 18 56    -4.69    -1.89     0.42    -566.8     18.26      2.98     6.366      85708    0    0    0    0    0
2023  3  1 18 57    -4.66    -1.89     0.38    -566.9     21.24      3.03     6.299      88661    0    0    0    0    0
2023  3  1 18 58    -4.58    -1.90     0.38    -566.8     24.79      2.34     6.296      88866    0    0    0    0    0
2023  3  1 18 59    -4.52    -1.91     0.43    -566.8     23.74      1.62     6.553      76247    0    0    0    0    0
2023  3  1 19  0    -4.54    -1.91     0.74    -572.3     22.36      1.67     6.739      78749    0    0    0    0    0
2023  3  1 19  1    -4.58    -1.88     0.86    -575.0     23.20      2.21     6.876      87926    0    0    0    0    0
2023  3  1 19  2    -4.61    -1.85     0.87    -575.3     22.35      2.62     6.929      87947    0    0    0    0    0
2023  3  1 19  3    -4.62    -1.84     0.89    -573.2     18.82      1.80     6.897      82672    0    0    0    0    0
2023  3  1 19  4    -4.62    -1.84     0.91    -568.5     14.50     -0.01     6.829      71339    0    0    0    0    0
2023  3  1 19  5    -4.62    -1.84     0.92    -568.5     11.33      0.01     6.832      71394    0    0    0    0    0
2023  3  1 19  6    -4.61    -1.78     0.86    -569.3     13.34     -0.01     6.932      72890    0    0    0    0    0
2023  3  1 19  7    -4.65    -1.73     0.85    -569.6     15.22     -0.54     7.057      72890    0    0    0    0    0
2023  3  1 19  8    -4.67    -1.77     0.80    -569.4     14.62     -1.29     7.170      73158    0    0    0    0    0
2023  3  1 19  9    -4.62    -1.80     0.80    -568.0     13.60     -1.76     7.190      75837    0    0    0    0    0
2023  3  1 19 10    -4.55    -1.81     0.81    -567.7     13.04     -2.00     7.190      75892    0    0    0    0    0
2023  3  1 19 11    -4.64    -1.84     0.90    -567.6     17.69     -1.98     7.186      75893    0    0    0    0    0
2023  3  1 19 12    -4.73    -1.79     0.94    -567.6     22.75     -1.71     7.167      75824    0    0    0    0    0
2023  3  1 19 13    -4.74    -1.79     0.95    -567.8     17.14     -1.69     7.147      75697    0    0    0    0    0
2023  3  1 19 14    -4.77    -1.84     0.90    -567.8     12.63     -1.15     7.147      75697    0    0    0    0    0
2023  3  1 19 15    -4.80    -1.91     0.85    -569.0     14.52    -16.57     7.213      76588    0    0    0    0    0
2023  3  1 19 16    -4.77    -1.90     0.90    -569.0     16.88    -16.48     7.204      76335    0    0    0    0    0
2023  3  1 19 17    -4.69    -1.93     0.98    -568.4     16.23    -16.59     7.065      72551    0    0    0    0    0
2023  3  1 19 18    -4.54    -1.96     1.09    -568.3     14.12    -17.47     6.854      69481    0    0    0    0    0
2023  3  1 19 19    -4.36    -1.94     1.02    -567.4      9.11    -19.32     6.700      69481    0    0    0    0    0
2023  3  1 19 20    -4.19    -1.98     0.94    -565.4     10.49    -19.99     6.694      75675    0    0    0    0    0
2023  3  1 19 21    -4.08    -1.94     1.00    -564.5     12.55    -20.21     6.694      81679    0    0    0    0    0
2023  3  1 19 22    -4.14    -1.86     1.13    -564.4     12.91    -20.25     6.593      82963    0    0    0    0    0
2023  3  1 19 23    -4.26    -1.77     1.18    -563.9     12.88    -19.80     6.365      82963    0    0    0    0    0
2023  3  1 19 24    -4.32    -1.72     1.17    -563.0     14.89    -17.56     6.254      82006    0    0    0    0    0
2023  3  1 19 25    -4.31    -1.66     1.18    -562.2     15.94    -16.41     6.099      81313    0    0    0    0    0
2023  3  1 19 26    -4.20    -1.57     1.19    -561.3     16.07    -16.69     5.859      78964    0    0    0    0    0
2023  3  1 19 27    -4.06    -1.51     1.23    -560.4     16.73    -16.95     5.683      77418    0    0    0    0    0
2023  3  1 19 28    -3.99    -1.53     1.35    -559.7     17.58    -16.84     5.572      77418    0    0    0    0    0
2023  3  1 19 29    -3.96    -1.61     1.43    -559.5     17.95    -16.00     5.471      74141    0    0    0    0    0
2023  3  1 19 30    -3.91    -1.67     1.44    -558.9     18.07    -15.09     5.414      69184    0    0    0    0    0
2023  3  1 19 31    -3.85    -1.71     1.46    -557.3     18.18    -15.10     5.431      66693    0    1    1    1    1
2023  3  1 19 32    -3.84    -1.75     1.42    -555.6     18.16    -15.45     5.507      64330    0    1    1    2    2
2023  3  1 19 33    -3.87    -1.77     1.37    -554.5     17.84    -15.82     5.588      61821    0    1    1    2    2
2023  3  1 19 34    -3.90    -1.83     1.35    -554.2     17.10    -16.30     5.671      59323    0    1    1    1    1
2023  3  1 19 35    -3.86    -1.88     1.33    -556.0     16.41    -16.89     5.785      57626    0    0    0    0    0
2023  3  1 19 36    -3.82    -1.80     1.19    -557.0     15.87    -17.26     5.973      57626    0    0    0    0    0
2023  3  1 19 37    -3.86    -1.73     1.20    -555.8     15.47    -17.48     6.120      57009    0    0    0    0    0
2023  3  1 19 38    -3.97    -1.69     1.27    -554.6     16.14    -17.34     6.104      54544    0    0    0    0    0
2023  3  1 19 39    -4.02    -1.69     1.35    -555.0     18.18    -16.98     5.992      51244    0    0    0    0    0
2023  3  1 19 40    -4.06    -1.69     1.40    -555.3     19.11    -16.94     5.868      48737    0    0    0    0    0
2023  3  1 19 41    -4.12    -1.71     1.46    -554.8     18.45    -17.10     5.875      48879    0    0    0    0    0
2023  3  1 19 42    -4.22    -1.73     1.46    -554.5     17.07    -17.27     5.911      49567    0    0    0    0    0
2023  3  1 19 43    -4.31    -1.77     1.43    -560.5     16.54    -17.10     5.911      49567    0    0    0    0    0
2023  3  1 19 44    -4.29    -1.79     1.39    -562.3     17.39    -16.64     5.949      49346    0    0    0    0    0
2023  3  1 19 45    -4.20    -1.76     1.45    -561.2     18.30    -15.60     5.971      49225    1    1    0    0    0
2023  3  1 19 46    -4.06    -1.67     1.54    -559.4     19.30    -14.49     5.937      48757    1    1    0    0    0
2023  3  1 19 47    -3.98    -1.60     1.56    -557.3     19.89    -13.95     5.884      48216    1    1    0    0    0
2023  3  1 19 48    -4.01    -1.63     1.52    -555.5     19.83    -14.00     5.854      48229    0    1    0    0    0
2023  3  1 19 49    -4.03    -1.65     1.42    -554.6     19.91    -14.45     5.855      48329    0    0    0    0    0
2023  3  1 19 50    -3.97    -1.68     1.25    -554.6     18.93    -15.82     5.892      48631    0    0    0    0    0
2023  3  1 19 51    -3.87    -1.66     1.34    -554.7     18.59    -15.97     6.047      48741    0    0    0    0    0
2023  3  1 19 52    -3.84    -1.50     1.37    -554.6     18.77    -16.32     6.182      48791    0    0    0    0    0
2023  3  1 19 53    -3.87    -1.38     1.37    -554.5     19.51    -17.44     6.212      48791    0    0    0    0    0
2023  3  1 19 54    -4.03    -1.67     1.33    -554.1     20.34    -17.64     6.239      48797    0    0    0    0    0
2023  3  1 19 55    -4.19    -1.77     1.17    -553.7     19.78    -17.73     6.236      48835    1    0    0    0    0
2023  3  1 19 56    -4.23    -1.84     1.17    -553.5     19.44    -17.76     6.215      48835    1    0    0    0    0
2023  3  1 19 57    -4.26    -1.84     1.19    -553.4     19.14    -17.72     6.209      49124    1    0    0    0    0
2023  3  1 19 58    -4.27    -1.86     1.19    -553.2     18.78    -17.31     6.209      52360    0    0    0    0    0
2023  3  1 19 59    -4.25    -1.81     1.13    -553.4     20.41    -16.61     6.202      52268    1    0    0    0    0
2023  3  1 20  0    -4.24    -1.55     1.30    -558.6     23.44    -16.06     6.117      50489    1    0    0    0    0
2023  3  1 20  1    -4.28    -1.33     1.74    -562.6     22.20    -16.11     6.133      48321    1    0    0    0    0
2023  3  1 20  2    -4.42    -1.29     1.68    -562.6     21.91    -15.70     6.179      47505    0    0    0    0    0
2023  3  1 20  3    -4.51    -1.27     1.65    -562.7     20.86    -15.68     6.236      47382    0    0    0    0    0
2023  3  1 20  4    -4.52    -1.24     1.65    -563.5     18.36    -16.23     6.254      49525    0    0    0    0    0
2023  3  1 20  5    -4.54    -1.17     1.67    -564.9     16.47    -16.08     6.207      50362    0    0    0    0    0
2023  3  1 20  6    -4.57    -1.08     1.98    -565.1     16.26    -15.97     6.140      49561    0    0    0    0    0
2023  3  1 20  7    -4.61    -1.00     2.05    -564.7     18.53    -16.12     6.128      49384    0    0    0    0    0
2023  3  1 20  8    -4.66    -0.96     1.64    -564.6     21.16    -16.22     6.137      49384    0    0    0    0    0
2023  3  1 20  9    -4.69    -0.96     1.46    -564.6     20.90    -16.52     6.209      48447    0    0    0    0    0
2023  3  1 20 10    -4.71    -1.00     1.35    -564.6     18.83    -16.76     6.226      48213    0    0    0    0    0
2023  3  1 20 11    -4.72    -1.03     1.41    -564.4     19.22    -16.36     6.258      50405    0    0    0    0    0
2023  3  1 20 12    -4.70    -1.27     1.48    -564.4     20.54    -15.29     6.267      51012    0    0    0    0    0
2023  3  1 20 13    -4.66    -1.23     1.45    -564.4     19.66    -15.19     6.231      50992    0    0    0    0    0
2023  3  1 20 14    -4.65    -1.28     1.51    -564.1     18.20    -15.11     6.198      50624    0    0    0    0    0
2023  3  1 20 15    -4.70    -1.39     1.53    -563.6     16.74    -15.25     6.192      50516    0    0    0    0    0
2023  3  1 20 16    -4.75    -1.53     1.63    -562.8     16.71     -4.11     6.194      50516    0    0    0    0    0
2023  3  1 20 17    -4.76    -1.64     1.59    -563.0     17.18      1.68     6.215      50169    0    0    0    0    0
2023  3  1 20 18    -4.72    -1.67     1.64    -568.4     17.30      1.72     6.253      49311    1    0    0    0    0
2023  3  1 20 19    -4.83    -1.63     1.53    -567.9     17.27     -1.97     6.253      48718    1    0    0    0    0
2023  3  1 20 20    -4.85    -1.58     0.89    -567.0     17.26     -1.96     6.240      48718    1    0    0    0    0
2023  3  1 20 21    -4.87    -1.59     0.57    -566.5     17.67     -1.21     6.239      48718    0    0    0    0    0
2023  3  1 20 22    -4.88    -1.62     0.52    -570.5     18.36     -0.41     6.273      48608    0    0    0    0    0
2023  3  1 20 23    -4.84    -1.67     0.48    -573.0     17.98      0.14     6.359      47888    0    0    0    0    0
2023  3  1 20 24    -4.82    -1.72     0.47    -573.1     18.32      0.16     6.489      47050    0    0    0    0    0
2023  3  1 20 25    -4.83    -1.74     0.52    -573.0     21.70      5.20     6.579      46855    0    0    0    0    0
2023  3  1 20 26    -4.85    -1.73     0.54    -572.8     28.41     16.37     6.579      46423    0    0    0    0    0
2023  3  1 20 27    -4.88    -1.71     0.52    -572.7     28.45     16.60     6.558      46365    0    0    0    0    0
2023  3  1 20 28    -4.88    -1.68     0.50    -572.7     28.21     17.18     6.509      46225    0    0    0    0    0
2023  3  1 20 29    -4.88    -1.66     0.52    -572.7     27.71     18.06     6.512      46271    0    0    0    0    0
2023  3  1 20 30    -4.89    -1.63     0.57    -573.1     27.87     18.12     6.566      46389    0    0    0    0    0
2023  3  1 20 31    -4.90    -1.59     0.61    -573.5     28.06     18.20     6.674      46394    0    0    0    0    0
2023  3  1 20 32    -4.90    -1.59     0.63    -573.5     28.02     18.11     6.679      46394    0    0    0    0    0
2023  3  1 20 33    -4.91    -1.64     0.65    -573.2     27.96     17.67     6.679      46424    0    0    0    0    0
2023  3  1 20 34    -4.92    -1.73     0.64    -572.8     28.00     17.01     6.677      46487    0    0    0    0    0
2023  3  1 20 35    -4.92    -1.81     0.67    -572.6     28.36     16.82     6.631      46206    0    0    0    0    0
2023  3  1 20 36    -4.90    -1.89     0.85    -572.8     29.25     17.11     6.516      45511    0    0    0    0    0
2023  3  1 20 37    -4.88    -1.97     1.00    -573.0     28.95     17.15     6.482      45499    0    0    0    0    0
2023  3  1 20 38    -4.87    -2.05     1.03    -573.2     28.00     17.27     6.492      45474    0    0    0    0    0
2023  3  1 20 39    -4.87    -2.06     1.06    -573.2     27.82     17.51     6.537      45421    0    0    0    0    0
2023  3  1 20 40    -4.87    -2.04     1.15    -572.9     28.27     17.97     6.623      45325    0    0    0    0    0
2023  3  1 20 41    -4.87    -2.03     1.22    -572.6     28.54     18.31     6.707      45193    0    0    0    0    0
2023  3  1 20 42    -4.83    -2.10     1.21    -572.3     28.24     18.43     6.741      45194    0    0    0    0    0
2023  3  1 20 43    -4.69    -2.03     1.21    -571.4     27.90     18.43     6.744      45198    0    0    0    0    0
2023  3  1 20 44    -4.63    -2.03     1.22    -570.6     27.60     18.33     6.740      45198    0    0    0    0    0
2023  3  1 20 45    -4.62    -2.06     1.22    -570.0     27.25     19.01     6.714      45650    0    0    0    0    0
2023  3  1 20 46    -4.57    -2.11     1.20    -569.8     26.79     20.51     6.726      48646    0    0    0    0    0
2023  3  1 20 47    -4.58    -2.09     1.18    -569.6     26.54     20.74     6.820      48646    0    0    0    0    0
2023  3  1 20 48    -4.67    -1.94     1.20    -569.5     26.56     20.91     6.869      48713    0    0    0    0    0
2023  3  1 20 49    -4.67    -1.96     1.22    -569.6     26.62     21.20     6.865      49395    0    0    0    0    0
2023  3  1 20 50    -4.69    -2.11     1.16    -570.3     26.45     18.78     6.823      50123    0    0    0    0    0
2023  3  1 20 51    -4.69    -1.65     1.15    -571.0     19.15      3.92     6.819      50917    0    0    0    0    0
2023  3  1 20 52    -4.70    -1.64     1.13    -571.0     18.48      4.00     6.819      51960    0    0    0    0    0
2023  3  1 20 53    -4.70    -1.63     1.12    -570.8     19.53      4.31     6.780      52938    0    0    0    0    0
2023  3  1 20 54    -4.69    -1.63     1.14    -570.7     22.84      4.21     6.602      53514    0    0    0    0    0
2023  3  1 20 55    -4.70    -1.67     1.24    -570.7     23.11      3.53     6.623      53699    0    0    0    0    0
2023  3  1 20 56    -4.72    -1.83     1.30    -570.7     20.53      2.95     6.729      53620    0    0    0    0    0
2023  3  1 20 57    -4.62    -2.42     1.31    -570.5     17.99      3.02     6.723      53223    0    0    0    0    0
2023  3  1 20 58    -4.52    -2.58     1.31    -570.4     17.60      3.42     6.689      53239    0    0    0    0    0
2023  3  1 20 59    -4.55    -2.62     1.31    -570.6     18.10      3.89     6.692      53428    0    0    0    0    0
2023  3  1 21  0    -4.59    -2.59     1.32    -570.9     19.13      3.82     6.733      54326    0    0    0    0    0
2023  3  1 21  1    -4.61    -2.57     1.34    -571.0     19.32      3.49     6.873      56172    0    0    0    0    0
2023  3  1 21  2    -4.65    -2.51     1.40    -571.5     20.46      3.67     6.958      55746    0    0    0    0    0
2023  3  1 21  3    -4.69    -2.35     1.54    -571.4     21.43      4.44     7.000      54101    0    0    0    0    0
2023  3  1 21  4    -4.67    -2.24     1.61    -570.8     20.99      5.19     6.994      53701    0    0    0    0    0
2023  3  1 21  5    -4.65    -2.25     1.74    -570.1     18.52      6.12     6.945      53640    0    0    0    0    0
2023  3  1 21  6    -4.60    -2.30     1.79    -569.1     16.07      8.15     6.812      53216    0    0    0    0    0
2023  3  1 21  7    -4.56    -2.34     1.79    -569.0     19.65      8.17     6.808      53161    0    1    1    1    1
2023  3  1 21  8    -4.59    -2.33     1.72    -569.3     23.74      9.37     6.837      52331    0    1    1    2    2
2023  3  1 21  9    -4.68    -2.19     1.45    -569.5     24.56     22.85     6.865      51500    0    1    1    2    2
2023  3  1 21 10    -4.72    -1.99     0.92    -569.8     25.42     22.82     6.894      50767    0    1    1    1    1
2023  3  1 21 11    -4.76    -1.98     0.65    -569.1     26.06     22.78     6.922      50788    0    0    0    0    0
2023  3  1 21 12    -4.75    -2.03     0.80    -563.9     26.19     22.70     6.959      51000    0    0    0    0    0
2023  3  1 21 13    -4.70    -2.13     0.98    -560.4     26.23     22.71     7.002      51415    0    0    0    0    0
2023  3  1 21 14    -4.62    -2.23     1.05    -558.9     25.95     22.85     7.029      51716    0    0    0    0    0
2023  3  1 21 15    -4.55    -2.24     1.02    -558.8     25.20     22.89     7.029      51716    0    0    0    0    0
2023  3  1 21 16    -4.53    -2.14     1.12    -558.5     24.39     22.57     7.069      51802    0    0    0    0    0
2023  3  1 21 17    -4.56    -2.07     1.19    -558.4     23.96     22.30     7.126      52136    0    0    0    0    0
2023  3  1 21 18    -4.63    -2.15     1.03    -558.6     24.02     22.40     7.113      52657    0    0    0    0    0
2023  3  1 21 19    -4.62    -2.33     0.99    -558.4     24.33     22.45     7.063      53319    0    0    0    0    0
2023  3  1 21 20    -4.47    -2.50     1.30    -561.6     24.61     22.33     7.019      53853    0    0    0    0    0
2023  3  1 21 21    -4.33    -2.45     1.64    -568.1     25.39     23.17     6.989      54325    0    0    0    0    0
2023  3  1 21 22    -4.34    -2.35     1.64    -568.0     25.34     24.04     6.989      54325    0    0    0    0    0
2023  3  1 21 23    -4.36    -2.38     1.52    -568.0     25.29     24.05     6.953      54992    0    0    0    0    0
2023  3  1 21 24    -4.47    -2.47     1.18    -567.9     25.48     22.92     6.953      55940    0    0    0    0    0
2023  3  1 21 25    -4.59    -2.58     0.88    -567.9     25.58     22.33     7.054      55940    0    0    0    0    0
2023  3  1 21 26    -4.59    -2.65     0.81    -567.9     25.30     21.73     7.094      52890    0    0    0    0    0
2023  3  1 21 27    -4.56    -2.73     0.85    -567.9     24.90     21.55     7.094      52230    0    0    0    0    0
2023  3  1 21 28    -4.53    -2.83     0.92    -567.5     24.62     20.33     6.966      51595    0    0    0    0    0
2023  3  1 21 29    -4.55    -2.84     0.97    -566.8     24.50     19.94     6.880      49796    0    0    0    0    0
2023  3  1 21 30    -4.58    -2.85     0.94    -566.8     24.43     20.14     6.874      48228    0    0    0    0    0
2023  3  1 21 31    -4.78    -2.85     0.87    -567.7     25.15     20.70     6.938      48124    0    0    0    0    0
2023  3  1 21 32    -4.76    -2.85     0.81    -567.7     25.02     21.33     7.156      48663    0    0    0    0    0
2023  3  1 21 33    -4.74    -2.79     0.78    -567.7     24.76     21.92     7.207      48672    0    0    0    0    0
2023  3  1 21 34    -4.76    -2.77     0.75    -567.3     24.95     22.18     7.208      48632    0    0    0    0    0
2023  3  1 21 35    -4.78    -2.75     0.74    -565.2     25.35     22.18     7.066      48144    0    0    0    0    0
2023  3  1 21 36    -4.78    -2.80     1.04    -562.6     25.71     21.49     7.031      48043    0    0    0    0    0
2023  3  1 21 37    -4.76    -2.88     1.01    -561.3     25.86     21.14     7.021      48787    0    0    0    0    0
2023  3  1 21 38    -4.72    -2.93     0.88    -560.8     25.86     21.21     7.016      50065    0    0    0    0    0
2023  3  1 21 39    -4.74    -2.91     0.86    -560.5     25.88     20.99     7.049      50736    0    0    0    0    0
2023  3  1 21 40    -4.80    -2.92     0.83    -560.5     25.89     20.30     7.116      50850    0    0    0    0    0
2023  3  1 21 41    -4.80    -2.94     0.89    -559.8     25.95     19.88     7.222      51596    0    0    0    0    0
2023  3  1 21 42    -4.73    -2.94     1.06    -559.2     26.02     19.99     7.302      52310    0    0    0    0    0
2023  3  1 21 43    -4.66    -2.91     1.22    -559.4     26.02     20.20     7.311      52250    0    0    0    0    0
2023  3  1 21 44    -4.63    -2.90     1.31    -559.7     25.86     20.33     7.309      51909    0    0    0    0    0
2023  3  1 21 45    -4.58    -2.87     1.41    -559.5     25.61     20.63     7.306      51355    0    0    0    0    0
2023  3  1 21 46    -4.53    -2.82     1.49    -559.2     25.54     21.63     7.297      50568    0    0    0    0    0
2023  3  1 21 47    -4.50    -2.77     1.58    -558.9     25.48     22.70     7.181      49986    0    0    0    0    0
2023  3  1 21 48    -4.48    -2.74     1.55    -558.7     25.22     22.88     6.908      49986    0    0    0    0    0
2023  3  1 21 49    -4.52    -2.72     1.20    -558.7     24.79     23.20     6.682      49620    0    0    0    0    0
2023  3  1 21 50    -4.62    -2.73     0.84    -558.8     24.40     23.90     6.600      48724    0    0    0    0    0
2023  3  1 21 51    -4.64    -2.77     0.80    -558.9     24.38     26.59     6.518      47240    0    0    0    0    0
2023  3  1 21 52    -4.65    -2.81     1.27    -559.0     24.47     29.56     6.410      45502    0    0    0    0    0
2023  3  1 21 53    -4.67    -2.85     1.77    -559.1     24.50     29.78     6.333      44397    0    0    0    0    0
2023  3  1 21 54    -4.72    -2.87     2.02    -559.4     24.23     29.86     6.344      42956    0    0    0    0    0
2023  3  1 21 55    -4.71    -2.82     2.29    -559.4     23.98     29.81     6.432      42009    0    0    0    0    0
2023  3  1 21 56    -4.66    -2.78     2.35    -558.9     24.00     30.01     6.557      43087    0    0    0    0    0
2023  3  1 21 57    -4.64    -2.79     2.50    -558.5     23.96     30.44     6.645      46279    0    0    0    0    0
2023  3  1 21 58    -4.60    -2.83     2.61    -558.1     23.77     30.58     7.020      54510    0    0    0    0    0
2023  3  1 21 59    -4.50    -2.81     2.50    -557.8     23.67     30.57     7.555      64091    0    0    0    0    0
2023  3  1 22  0    -4.47    -2.75     2.29    -558.1     23.98     30.80     7.570      65114    0    0    0    0    0
2023  3  1 22  1    -4.53    -2.79     1.93    -558.5     24.55     31.51     7.588      65858    0    0    0    0    0
2023  3  1 22  2    -4.54    -2.89     1.65    -558.3     24.63     31.76     7.601      66133    0    0    0    0    0
2023  3  1 22  3    -4.42    -2.89     2.00    -559.4     25.01     29.95     7.498      71011    0    0    0    0    0
2023  3  1 22  4    -4.42    -2.85     1.99    -567.5     26.13     27.52     7.180      76391    0    0    0    0    0
2023  3  1 22  5    -4.35    -2.83     1.65    -566.5     26.94     26.72     6.986      76391    0    0    0    0    0
2023  3  1 22  6    -4.37    -2.79     1.45    -565.8     27.60     26.01     5.866      79342    0    0    0    0    0
2023  3  1 22  7    -4.31    -2.71     1.39    -565.2     27.97     25.62     4.660      87927    0    0    0    0    0
2023  3  1 22  8    -4.24    -2.66     1.27    -562.1     29.50     28.02     4.439      89651    0    0    0    0    0
2023  3  1 22  9    -4.28    -2.61     1.06    -559.9     30.65     29.46     4.454      88338    0    0    0    0    0
2023  3  1 22 10    -4.44    -2.58     0.83    -559.2     31.08     29.51     4.478      85818    0    0    0    0    0
2023  3  1 22 11    -4.53    -2.67     0.66    -558.8     30.90     29.67     4.490      84379    0    0    0    0    0
2023  3  1 22 12    -4.49    -2.89     0.65    -558.8     29.84     29.90     4.367      84327    0    0    0    0    1
2023  3  1 22 13    -4.46    -3.04     0.82    -558.3     28.75     30.61     4.169      84276    0    0    0    0    2
2023  3  1 22 14    -4.46    -3.04     0.97    -557.6     28.06     31.55     4.089      84227    0    0    0    0    2
2023  3  1 22 15    -4.48    -2.91     1.17    -557.7     27.62     31.98     4.045      84175    0    0    0    0    2
2023  3  1 22 16    -4.50    -2.70     1.46    -558.1     28.01     32.92     4.297      84121    0    0    0    0    2
2023  3  1 22 17    -4.52    -2.61     1.89    -558.5     28.72     34.04     4.820      84068    0    0    0    0    2
2023  3  1 22 18    -4.54    -2.64     2.36    -558.1     29.23     34.31     4.990      84017    0    0    0    0    2
2023  3  1 22 19    -4.66    -2.74     2.43    -558.2     28.85     34.41     4.963      83965    0    0    0    0    2
2023  3  1 22 20    -4.90    -2.87     1.99    -559.5     28.38     34.81     4.889      83933    0    0    0    0    1
2023  3  1 22 21    -5.02    -3.03     2.02    -560.1     27.98     35.18     4.816      84772    0    0    0    0    0
2023  3  1 22 22    -5.09    -3.33     1.92    -561.0     27.20     34.63     4.781      86557    0    0    0    0    0
2023  3  1 22 23    -5.08    -3.54     1.60    -561.2     26.73     33.40     4.772      88350    0    0    0    0    0
2023  3  1 22 24    -4.88    -3.60     1.72    -561.1     26.41     32.30     4.772      89103    0    0    0    0    0
2023  3  1 22 25    -4.67    -3.58     2.08    -559.7     26.43     31.82     4.744      88942    0    1    1    1    1
2023  3  1 22 26    -4.56    -3.51     2.32    -557.4     26.77     31.91     4.685      88659    0    1    1    2    2
2023  3  1 22 27    -4.53    -3.41     2.46    -555.5     27.20     32.60     4.625      88368    0    1    1    2    2
2023  3  1 22 28    -4.50    -3.33     2.43    -555.5     27.94     34.20     4.556      88037    0    1    1    1    1
2023  3  1 22 29    -4.48    -3.31     2.41    -555.6     28.73     35.08     4.466      85851    0    0    0    0    0
2023  3  1 22 30    -4.48    -3.21     2.47    -553.5     28.39     34.61     4.341      79052    0    0    0    0    0
2023  3  1 22 31    -4.47    -3.16     2.53    -550.9     27.51     33.93     4.328      79052    0    0    0    0    0
2023  3  1 22 32    -4.33    -3.17     2.48    -554.5     27.06     33.65     4.370      86143    0    0    0    0    0
2023  3  1 22 33    -3.97    -3.17     2.46    -557.8     27.17     33.89     4.637      98753    0    0    0    0    0
2023  3  1 22 34    -3.76    -3.13     2.58    -556.7     27.19     34.49     4.662      99351    0    1    1    1    1
2023  3  1 22 35    -3.51    -2.97     2.89    -555.9     27.70     35.98     4.702      99969    0    1    1    2    2
2023  3  1 22 36    -2.79    -2.57     3.58    -554.0     28.50     37.43     4.739     100542    0    1    1    2    2
2023  3  1 22 37    -1.97    -2.10     4.33    -550.7     29.12     37.88     4.772     101056    0    1    1    2    2
2023  3  1 22 38    -1.77    -2.18     4.47    -551.1     29.62     37.79     4.815     101722    0    1    1    2    2
2023  3  1 22 39    -1.55    -2.32     4.69    -553.6     29.87     37.80     4.864     102485    0    1    1    2    2
2023  3  1 22 40    -1.28    -2.03     5.04    -553.8     29.87     38.42     4.907     103070    0    1    1    1    1
2023  3  1 22 41    -0.87    -1.62     5.46    -551.8     28.85     28.26     4.944     103070    0    1    1    1    1
2023  3  1 22 42    -0.68    -1.61     5.64    -550.9     37.41     24.25     4.930     101029    0    0    0    0    0
2023  3  1 22 43    -0.67    -1.53     5.72    -550.4     41.75     26.03     4.901      99047    0    0    0    0    0
2023  3  1 22 44    -0.42    -0.83     5.75    -549.5     43.21     26.85     4.890      98817    0    0    0    0    0
2023  3  1 22 45     0.01    -0.19     5.97    -547.3     38.62     27.42     4.889      99290    0    0    0    0    0
2023  3  1 22 46     0.35    -0.12     6.09    -545.5     35.20     27.33     4.939      99577    0    0    0    0    0
2023  3  1 22 47     0.62    -0.25     6.09    -544.5     34.29     26.77     4.988      99627    0    0    0    0    0
2023  3  1 22 48     0.77    -0.25     6.08    -544.3     34.51     26.09     4.996      99351    0    0    0    0    0
2023  3  1 22 49     0.78    -0.33     6.07    -544.7     35.02     25.56     4.873      99046    0    0    0    0    0
2023  3  1 22 50     0.99    -0.25     6.11    -544.9     34.42     25.35     4.721     101769    0    0    0    0    0
2023  3  1 22 51     1.31    -0.04     6.07    -545.4     32.55     25.35     4.777     108729    0    1    1    1    1
2023  3  1 22 52     1.19     0.01     6.00    -546.4     37.46     27.56     4.936     117267    0    1    1    2    2
2023  3  1 22 53     1.21     0.02     6.09    -547.5     42.30     29.38     5.095     120256    0    1    0    1    1
2023  3  1 22 54     1.18     0.03     6.17    -548.4     42.90     29.52     5.099     106677    0    0    0    0    0
2023  3  1 22 55     0.94     0.17     6.29    -549.0     42.96     28.21     5.085     100587    0    0    0    0    0
2023  3  1 22 56     0.89     0.36     6.28    -549.3     43.28     26.38     5.085      98475    0    0    0    0    1
2023  3  1 22 57     1.12     0.50     6.19    -549.2     45.05     26.21     5.111      96435    0    0    0    0    2
2023  3  1 22 58     1.49     0.62     5.89    -547.9     46.00     26.33     5.118      95991    0    0    0    0    1
2023  3  1 22 59     1.56     0.86     5.86    -547.4     44.77     25.70     5.129      95976    0    0    0    0    0
2023  3  1 23  0     1.52     1.26     6.16    -546.9     43.83     24.96     5.067      97318    0    1    0    1    1
2023  3  1 23  1     1.28     1.36     6.40    -546.9     44.93     25.10     4.964      99388    0    1    0    2    2
2023  3  1 23  2     0.80     1.30     6.45    -547.8     46.94     26.33     4.855     101571    0    1    0    2    2
2023  3  1 23  3     0.13     0.73     6.46    -547.7     47.34     27.30     4.753     103623    0    1    0    1    1
2023  3  1 23  4     0.96     0.41     6.59    -547.5     45.38     27.49     4.996     106032    0    0    0    0    0
2023  3  1 23  5     1.40     0.27     6.80    -547.6     42.30     27.29     5.112     106808    0    0    0    0    0
2023  3  1 23  6     1.30     0.00     6.87    -548.1     39.56     27.28     4.801     104076    0    0    0    0    0
2023  3  1 23  7     1.26    -0.30     6.87    -548.3     37.99     27.55     4.679     100157    0    0    0    0    0
2023  3  1 23  8     1.28    -0.37     6.85    -548.3     36.57     26.56     4.640      96318    0    0    0    0    0
2023  3  1 23  9     1.38    -0.37     6.84    -548.0     36.74     25.94     4.698      95366    0    0    0    0    0
2023  3  1 23 10     1.42    -0.30     6.77    -547.5     38.11     25.83     4.813      96550    0    0    0    0    0
2023  3  1 23 11     1.46    -0.36     6.67    -546.2     39.84     26.14     5.008     100548    0    0    0    0    0
2023  3  1 23 12     1.56    -0.41     6.53    -545.7     38.77     15.39     5.122     104767    0    0    0    0    0
2023  3  1 23 13     1.61    -0.39     6.18    -546.4     38.43      8.56     5.181     108449    0    0    0    0    0
2023  3  1 23 14     1.50    -0.34     5.87    -546.3     39.55     12.66     5.234     109832    0    0    0    0    0
2023  3  1 23 15     1.35    -0.21     5.76    -545.9     40.87     15.87     5.238     106865    0    0    0    0    0
2023  3  1 23 16     1.33     0.04     5.82    -544.9     49.52     17.47     5.215     100484    0    0    0    0    0
2023  3  1 23 17     1.32     0.24     5.90    -543.6     53.65     18.86     5.133      95447    0    0    0    0    0
2023  3  1 23 18     1.22     0.36     5.90    -542.5     50.31     21.90     5.045      93120    0    0    0    0    0
2023  3  1 23 19     1.11     0.47     5.89    -541.7     53.51     25.85     5.227      90776    0    0    0    0    0
2023  3  1 23 20     1.12     0.41     5.87    -541.1     57.94     28.48     5.693      88531    0    0    0    0    0
2023  3  1 23 21     1.10     0.43     5.84    -539.8     58.78     35.92     5.868      87039    0    0    0    0    0
2023  3  1 23 22     1.18     0.77     5.70    -538.4     57.24     36.08     5.954      87163    0    0    0    0    0
2023  3  1 23 23     0.99     1.25     5.64    -536.7     55.48     36.58     5.954      88405    0    0    0    0    0
2023  3  1 23 24     0.79     1.47     5.63    -536.6     59.45     20.28     5.856      91787    0    0    0    0    0
2023  3  1 23 25     0.63     1.56     5.69    -540.4     57.37     20.70     5.371      94467    0    0    0    0    0
2023  3  1 23 26     1.02     1.38     5.88    -540.2     56.50     19.92     4.936      92455    0    0    0    0    0
2023  3  1 23 27     1.20     1.04     6.12    -537.7     56.18     18.96     4.587      84614    0    0    0    0    0
2023  3  1 23 28     1.46     1.08     6.18    -536.9     55.36     18.75     4.570      82703    0    0    0    0    0
2023  3  1 23 29     1.65     1.17     6.06    -534.9     55.19     18.48     4.564      82424    0    0    0    0    0
2023  3  1 23 30     1.42     1.32     5.90    -538.1     55.38     18.78     4.573      80478    0    0    0    0    0
2023  3  1 23 31     1.41     1.38     5.85    -538.3     53.57     17.66     4.719      78348    0    0    0    0    0
2023  3  1 23 32     1.37     1.38     5.78    -538.1     53.57     17.69     4.857      77556    0    0    0    0    0
2023  3  1 23 33     1.12     1.41     5.64    -537.7     53.72     18.10     4.887      77661    0    0    0    0    0
2023  3  1 23 34     1.07     1.33     5.65    -537.9     55.53     19.49     4.917      80723    0    0    0    0    0
2023  3  1 23 35     1.33     1.01     5.91    -536.3     55.47     21.18     4.918      82216    0    0    0    0    0
2023  3  1 23 36     1.34     0.54     5.93    -534.6     55.92     21.28     4.918      82340    0    0    0    0    0
2023  3  1 23 37     0.76     0.49     5.92    -537.9     57.13     21.85     4.874      81522    0    0    0    0    0
2023  3  1 23 38     0.63     0.97     5.89    -537.9     57.84     21.24     4.868      79814    0    0    0    0    0
2023  3  1 23 39     0.83     0.95     5.98    -537.6     74.07     11.37     4.863      78862    0    0    0    0    0
2023  3  1 23 40     0.90     0.88     5.98    -537.1     72.45     10.30     4.862      78862    0    0    0    0    0
2023  3  1 23 41     0.91     0.70     5.99    -537.1     67.79      5.29     4.858      79305    0    0    0    0    0
2023  3  1 23 42     0.96     0.55     6.05    -537.1     65.59      4.34     4.854      79756    0    0    0    0    0
2023  3  1 23 43     0.96     0.54     6.05    -536.8     65.05      3.74     4.773      79955    0    0    0    0    0
2023  3  1 23 44     1.59     0.60     5.94    -534.6     64.93      3.60     4.759      79961    0    0    0    0    0
2023  3  1 23 45     1.83     0.67     5.92    -534.1     64.17      2.94     4.757      78671    0    0    0    0    0
2023  3  1 23 46     1.86     0.58     5.93    -534.1     61.05      1.28     4.811      78314    0    0    0    0    0
2023  3  1 23 47     1.74     0.37     5.98    -534.4     54.38     -2.47     4.904      78532    0    0    0    0    0
2023  3  1 23 48     1.37     0.29     6.04    -535.1     53.58     -3.10     4.929      78587    0    0    0    0    0
2023  3  1 23 49     0.95     0.40     5.97    -535.9     56.66     -2.11     4.936      78528    0    0    0    0    0
2023  3  1 23 50     0.91     0.57     5.96    -537.1     58.71     -0.96     5.106      78523    0    0    0    0    0
2023  3  1 23 51     0.90     0.48     5.94    -537.3     66.04      3.58     5.275      79377    0    0    0    0    0
2023  3  1 23 52     0.92     0.33     5.83    -537.3     67.26      4.84     5.414      87464    0    0    0    0    0
2023  3  1 23 53     1.09     0.35     5.81    -536.6     71.19      6.87     5.441      87587    0    0    0    0    0
2023  3  1 23 54     1.14     0.38     5.81    -535.8     57.35     20.05     5.442      87593    0    0    0    0    0
2023  3  1 23 55     1.31     0.41     5.82    -535.5     55.99     21.92     5.437      86158    0    0    0    0    0
2023  3  1 23 56     1.31     0.41     5.80    -535.5     55.71     21.68     5.406      84442    0    0    0    0    0
2023  3  1 23 57     1.25     0.39     5.68    -536.3     54.65     21.16     5.306      80758    0    0    0    0    0
2023  3  1 23 58     1.25     0.36     5.65    -536.3     70.55      4.94     5.195      79798    0    0    0    0    0
2023  3  1 23 59     1.34     0.49     5.77    -536.1     71.48      3.55     5.188      79749    0    0    0    0    0
2023  3  2  0  0     1.35     0.58     5.78    -535.5     71.74      3.84     5.263      81018    0    0    0    0    0
