IMF.dat from Geotail merged for Ux, Uy, Uz, rho, T

MIDL 32Re Data for 2003-10 (GSM nT, km/s, cm^-3, K)
year month day hour minute Bx By Bz Ux Uy Uz rho T B_interp Ux_interp Uyz_interp rho_interp T_interp
#START
2003 10 29   0   0     5.12     6.26    -4.87       nan       nan       nan       nan        nan    0  nan  nan  nan  nan
2003 10 29   0   1     5.12     6.74    -2.40       nan       nan       nan       nan        nan    0  nan  nan  nan  nan
2003 10 29   0   2     5.12     7.27    -2.28       nan       nan       nan       nan        nan    0  nan  nan  nan  nan
2003 10 29   0   3     4.98     7.39     0.14       nan       nan       nan       nan        nan    0  nan  nan  nan  nan
2003 10 29   0   4     4.98     7.39     0.52       nan       nan       nan       nan        nan    0  nan  nan  nan  nan
2003 10 29   0   5     6.65     1.92     1.06       nan       nan       nan       nan        nan    0  nan  nan  nan  nan
2003 10 29   0   6     8.31     1.92     1.06       nan       nan       nan       nan        nan    0  nan  nan  nan  nan
2003 10 29   0   7     8.52     1.77    -1.90       nan       nan       nan       nan        nan    0  nan  nan  nan  nan
2003 10 29   0   8     8.52     2.60    -2.29       nan       nan       nan       nan        nan    0  nan  nan  nan  nan
2003 10 29   0   9     8.39     2.07    -2.58       nan       nan       nan       nan        nan    0  nan  nan  nan  nan
2003 10 29   0  10     8.39     2.07    -2.58       nan       nan       nan       nan        nan    0  nan  nan  nan  nan
2003 10 29   0  11     8.39     1.80    -2.74       nan       nan       nan       nan        nan    0  nan  nan  nan  nan
2003 10 29   0  12     7.71     1.59    -5.12       nan       nan       nan       nan        nan    0  nan  nan  nan  nan
2003 10 29   0  13     7.36     1.59    -5.80       nan       nan       nan       nan        nan    0  nan  nan  nan  nan
2003 10 29   0  14     7.21     1.80    -5.80       nan       nan       nan       nan        nan    0  nan  nan  nan  nan
2003 10 29   0  15     7.21     1.80    -4.76       nan       nan       nan       nan        nan    0  nan  nan  nan  nan
2003 10 29   0  16     7.21     0.17    -4.76       nan       nan       nan       nan        nan    0  nan  nan  nan  nan
2003 10 29   0  17     6.48    -1.28    -5.85       nan       nan       nan       nan        nan    0  nan  nan  nan  nan
2003 10 29   0  18     6.44    -2.57    -5.98       nan       nan       nan       nan        nan    0  nan  nan  nan  nan
2003 10 29   0  19     6.24    -2.57    -6.24       nan       nan       nan       nan        nan    0  nan  nan  nan  nan
2003 10 29   0  20     6.24    -1.67    -6.24       nan       nan       nan       nan        nan    0  nan  nan  nan  nan
2003 10 29   0  21     5.36     2.20    -4.80       nan       nan       nan       nan        nan    0  nan  nan  nan  nan
2003 10 29   0  22     4.85     7.70    -1.13       nan       nan       nan       nan        nan    0  nan  nan  nan  nan
2003 10 29   0  23     4.85     7.70    -0.14       nan       nan       nan       nan        nan    0  nan  nan  nan  nan
2003 10 29   0  24     5.42     6.79    -0.14       nan       nan       nan       nan        nan    0  nan  nan  nan  nan
2003 10 29   0  25     6.33     2.98    -6.02       nan       nan       nan       nan        nan    0  nan  nan  nan  nan
2003 10 29   0  26     7.68     1.19    -6.02       nan       nan       nan       nan        nan    0  nan  nan  nan  nan
2003 10 29   0  27     7.68     0.79    -6.07       nan       nan       nan       nan        nan    0  nan  nan  nan  nan
2003 10 29   0  28     6.74     1.19    -6.25       nan       nan       nan       nan        nan    0  nan  nan  nan  nan
2003 10 29   0  29     5.10     2.33    -6.61       nan       nan       nan       nan        nan    0  nan  nan  nan  nan
2003 10 29   0  30     5.10     2.33    -6.61       nan       nan       nan       nan        nan    0  nan  nan  nan  nan
2003 10 29   0  31     7.12     0.96    -5.92       nan       nan       nan       nan        nan    0  nan  nan  nan  nan
2003 10 29   0  32     7.45     0.96    -4.80       nan       nan       nan       nan        nan    0  nan  nan  nan  nan
2003 10 29   0  33     7.45     3.85    -4.17       nan       nan       nan       nan        nan    0  nan  nan  nan  nan
2003 10 29   0  34     6.25     4.92    -3.66       nan       nan       nan       nan        nan    0  nan  nan  nan  nan
2003 10 29   0  35     5.94     5.97    -3.66   -597.08    -34.27    -38.86      5.16  488846.19    0    1    1    1    1
2003 10 29   0  36     5.01     7.15    -2.60   -596.99    -34.22    -38.65      5.16  493323.34    0    1    1    1    1
2003 10 29   0  37     5.01     7.15    -2.60   -596.87    -34.13    -38.37      5.16  499292.88    0    1    1    1    1
2003 10 29   0  38     6.07     6.02    -3.78   -596.76    -34.07    -38.12      5.16  504516.22    0    1    1    1    1
2003 10 29   0  39     7.51     1.84    -3.96   -596.64    -33.99    -37.88      5.16  509739.56    0    1    1    1    1
2003 10 29   0  40     8.65     1.40    -3.96   -596.53    -33.91    -37.60      5.20  515709.09    0    1    1    1    1
2003 10 29   0  41     8.70     1.40    -2.47   -596.42    -33.85    -37.36      5.34  520932.44    0    1    1    1    1
2003 10 29   0  42     8.70     1.40    -2.47   -596.31    -33.77    -37.11      5.49  526155.79    0    1    1    1    1
2003 10 29   0  43     5.51    -2.58    -7.46   -596.18    -33.70    -36.83      5.68  532125.31    0    1    1    1    1
2003 10 29   0  44     4.56    -2.58    -7.89   -596.07    -33.62    -36.56      5.85  538094.86    0    1    1    1    1
2003 10 29   0  45     3.24    -2.26    -8.28   -595.96    -33.55    -36.31      6.01  543318.19    0    1    1    1    1
2003 10 29   0  46     3.24    -1.46    -8.28   -595.85    -33.48    -36.07      6.16  548541.53    0    1    1    1    1
2003 10 29   0  47     5.47    -1.10    -7.13   -595.73    -33.41    -35.79      6.34  554511.06    0    1    1    1    1
2003 10 29   0  48     5.81    -0.10    -6.24   -595.61    -33.33    -35.51      6.22  560480.61    0    1    1    1    1
2003 10 29   0  49     8.15     0.44    -4.91   -595.50    -33.26    -35.26      5.56  565703.94    0    1    1    1    1
2003 10 29   0  50     8.20     0.44    -4.63   -595.39    -33.19    -35.02      4.94  570927.30    0    1    1    1    1
2003 10 29   0  51     8.20     1.51    -4.63   -595.26    -33.12    -34.74      4.97  576896.81    0    1    1    1    1
2003 10 29   0  52     7.74     1.51    -4.63   -595.22    -33.08    -34.65      5.19  578002.60    0    1    1    1    1
2003 10 29   0  53     6.89    -3.60    -5.80   -595.22    -33.06    -34.66      5.41  576020.12    0    1    1    1    1
2003 10 29   0  54     6.47    -3.60    -6.06   -595.22    -33.04    -34.68      5.66  573754.45    0    1    1    1    1
2003 10 29   0  55     6.39    -0.99    -7.14   -595.22    -33.03    -34.70      5.92  571488.80    0    1    1    1    1
2003 10 29   0  56     6.39    -0.10    -7.14   -595.22    -33.01    -34.71      6.14  569506.36    0    1    1    1    1
2003 10 29   0  57     8.45     1.69    -3.79   -595.22    -33.00    -34.72      6.36  567523.91    0    1    1    1    1
2003 10 29   0  58     8.45     1.69    -3.79   -595.22    -32.98    -34.74      6.40  565258.25    0    1    1    1    1
2003 10 29   0  59     6.80     0.66    -5.78   -595.22    -32.96    -34.76      6.29  562992.56    0    1    1    1    1
2003 10 29   1   0     6.80    -3.41    -5.78   -595.22    -32.94    -34.77      6.20  561010.18    0    1    1    1    1
2003 10 29   1   1     7.65    -3.41    -5.70   -595.22    -32.93    -34.79      6.11  559027.70    0    1    1    1    1
2003 10 29   1   2     7.85    -2.59    -5.33   -595.22    -32.91    -34.80      6.00  556762.00    0    1    1    1    1
2003 10 29   1   3     8.33    -1.99    -5.15   -595.22    -32.89    -34.83      5.90  554496.41    0    1    1    1    1
2003 10 29   1   4     8.37    -1.86    -4.93   -595.22    -32.88    -34.84      5.81  552513.90    0    1    1    1    1
2003 10 29   1   5     8.39    -1.86    -4.92   -595.22    -32.86    -34.86      5.71  550531.47    0    1    1    1    1
2003 10 29   1   6     9.15    -1.15    -3.60   -595.22    -32.84    -34.87      5.61  548265.80    0    1    1    1    1
2003 10 29   1   7     9.15    -1.14    -3.60   -595.22    -32.82    -34.89      5.58  546000.14    0    1    1    1    1
2003 10 29   1   8     8.31    -0.94    -4.67   -595.22    -32.80    -34.91      5.58  544017.71    0    1    1    1    1
2003 10 29   1   9     7.01    -1.14    -6.54   -595.22    -32.79    -34.92      5.51  542035.25    0    1    1    1    1
2003 10 29   1  10     7.01    -1.53    -6.54   -595.22    -32.77    -34.94      5.31  539769.59    0    1    1    1    1
2003 10 29   1  11     7.62    -2.03    -5.96   -595.22    -32.75    -34.96      5.31  537503.97    0    1    1    1    1
2003 10 29   1  12     8.10    -2.38    -4.26   -595.22    -32.73    -34.97      5.74  535521.50    0    1    1    1    1
2003 10 29   1  13     8.27    -4.08     0.81   -595.22    -32.72    -34.99      6.20  533539.00    0    1    1    1    1
2003 10 29   1  14     8.63    -4.08     0.81   -595.22    -32.70    -35.01      6.00  531273.41    0    1    1    1    1
2003 10 29   1  15     8.88    -3.64     0.59   -595.22    -32.67    -35.03      5.05  529007.70    0    1    1    1    1
2003 10 29   1  16     8.88     0.58    -2.23   -595.22    -32.66    -35.04      4.84  527025.25    0    1    1    1    1
2003 10 29   1  17     9.06     0.58    -2.23   -595.22    -32.64    -35.06      4.96  525042.80    0    1    1    1    1
2003 10 29   1  18     8.50    -3.77    -2.22   -595.22    -32.62    -35.08      5.08  522777.16    0    1    1    1    1
2003 10 29   1  19     8.50    -3.77    -1.87   -595.22    -32.60    -35.09      5.21  520511.50    0    1    1    1    1
2003 10 29   1  20     8.15    -3.76    -1.87   -595.22    -32.58    -35.11      5.32  518529.06    0    1    1    1    1
2003 10 29   1  21     4.92    -3.76     7.78   -635.07    -40.95     33.16      5.44  512598.91    0    1    1    1    1
2003 10 29   1  22     4.00    -4.47     7.78   -660.08    -46.74     77.37      5.57  511658.07    0    1    1    1    1
2003 10 29   1  23     4.00    -4.54     7.34   -658.53    -46.95     76.05      5.77  513726.61    0    1    1    1    1
2003 10 29   1  24     5.49    -4.54     6.73   -656.72    -47.19     74.50      6.02  516139.92    0    1    1    1    1
2003 10 29   1  25     6.31    -4.39     5.67   -654.92    -47.43     72.96      6.27  518553.23    0    1    1    1    1
2003 10 29   1  26     7.98    -4.02     3.13   -653.11    -47.66     71.41      6.41  520966.53    0    1    1    1    1
2003 10 29   1  27     8.61    -2.62     2.96   -651.30    -47.90     69.86      6.28  523379.83    0    1    1    1    1
2003 10 29   1  28     8.61    -2.26     2.96   -649.75    -48.10     68.54      6.15  525448.38    0    1    1    1    1
2003 10 29   1  29     7.69    -1.79     5.36   -647.94    -48.33     66.99      6.21  527861.70    0    1    1    1    1
2003 10 29   1  30     6.68    -1.72     6.43   -646.13    -48.56     65.44      7.02  530275.00    0    1    1    1    1
2003 10 29   1  31     6.40    -1.72     6.43   -644.33    -48.79     63.89      7.67  532688.30    0    1    1    1    1
2003 10 29   1  32     6.40    -3.38     5.70   -642.52    -49.02     62.34      7.11  535101.62    0    1    1    1    1
2003 10 29   1  33     6.40    -4.18     4.23   -640.71    -49.24     60.80      6.33  537514.92    0    1    1    1    1
2003 10 29   1  34     8.14    -4.18     4.14   -638.90    -49.47     59.24      5.69  539928.23    0    1    1    1    1
2003 10 29   1  35     8.14    -1.81     4.14   -637.35    -49.65     57.92      5.92  541996.77    0    1    1    1    1
2003 10 29   1  36     4.10    -1.81     5.42   -635.54    -49.88     56.37      6.30  544410.08    0    1    1    1    1
2003 10 29   1  37     4.10    -1.52     5.42   -633.73    -50.10     54.82      6.34  546823.38    0    1    1    1    1
2003 10 29   1  38     6.71     1.74    -1.75   -631.93    -50.31     53.27      6.14  549236.70    0    1    1    1    1
2003 10 29   1  39     6.92     1.74    -2.02   -630.12    -50.53     51.72      6.05  551650.00    0    1    1    1    1
2003 10 29   1  40     6.95    -2.89    -2.02   -628.57    -50.71     50.38      6.14  553718.54    0    1    1    1    1
2003 10 29   1  41     6.92    -2.89    -0.06   -626.76    -50.92     48.83      6.24  556131.86    0    1    1    1    1
2003 10 29   1  42     6.95    -2.64     0.10   -624.95    -51.14     47.28      6.34  558545.17    0    1    1    1    1
2003 10 29   1  43     8.41    -0.38     1.25   -623.14    -51.34     45.73      6.44  560958.47    0    1    1    1    1
2003 10 29   1  44     9.42    -0.20     0.10   -621.34    -51.55     44.17      6.70  563371.77    0    1    1    1    1
2003 10 29   1  45     9.42     0.13    -0.13   -619.79    -51.73     42.84      6.92  565440.31    0    1    1    1    1
2003 10 29   1  46     9.05     0.13    -1.86   -617.98    -51.93     41.29      6.93  567853.63    0    1    1    1    1
2003 10 29   1  47     9.05    -0.40    -2.36   -616.17    -52.14     39.74      6.93  570266.94    0    1    1    1    1
2003 10 29   1  48     9.05    -1.00    -2.36   -614.62    -52.31     38.41      6.93  572335.50    0    1    1    1    1
2003 10 29   1  49     8.66    -3.00    -2.40   -612.81    -52.51     36.85      6.91  574748.78    0    1    1    1    1
2003 10 29   1  50     8.66    -3.00    -2.61   -611.00    -52.71     35.29      6.73  577162.10    0    1    1    1    1
2003 10 29   1  51     9.15    -1.83    -2.61   -609.20    -52.90     33.74      6.52  579575.41    0    1    1    1    1
2003 10 29   1  52     9.34    -1.39    -1.87   -607.39    -53.10     32.18      6.25  581988.71    0    1    1    1    1
2003 10 29   1  53     9.34    -1.83    -0.68   -605.84    -53.26     30.85      6.02  584057.25    0    1    1    1    1
2003 10 29   1  54     8.61    -2.88     2.90   -604.03    -53.45     29.30      5.87  586470.56    0    1    1    1    1
2003 10 29   1  55     8.12    -4.71     2.90   -602.22    -53.63     27.74      5.74  588883.88    0    1    1    1    1
2003 10 29   1  56     8.12    -4.71     1.50   -600.67    -53.79     26.40      5.62  590952.42    0    1    1    1    1
2003 10 29   1  57     8.74    -3.68     0.71   -598.87    -53.97     24.85      5.48  593365.73    0    1    1    1    1
2003 10 29   1  58     8.93    -3.13    -0.14   -598.12    -54.06     24.18      5.34  594400.00    0    1    1    1    1
2003 10 29   1  59     9.04    -3.13    -0.14   -598.12    -54.08     24.15      5.22  594400.00    0    1    1    1    1
2003 10 29   2   0     8.93    -3.38     0.50   -598.12    -54.09     24.12      5.10  594400.00    0    1    1    1    1
2003 10 29   2   1     8.72    -4.15     0.96   -598.12    -54.11     24.08      4.96  594400.00    0    1    1    1    1
2003 10 29   2   2     8.70    -4.17     0.96   -598.12    -54.12     24.05      4.81  594400.00    0    1    1    1    1
2003 10 29   2   3     8.46    -4.92     0.22   -598.12    -54.14     24.01      4.69  594400.00    0    1    1    1    1
2003 10 29   2   4     8.30    -4.92    -0.78   -598.12    -54.15     23.98      4.57  594400.00    0    1    1    1    1
2003 10 29   2   5     8.27    -4.11    -2.50   -598.12    -54.17     23.95      4.43  594400.00    0    1    1    1    1
2003 10 29   2   6     8.27    -4.11    -2.50   -598.12    -54.19     23.90      4.40  594400.00    0    1    1    1    1
2003 10 29   2   7     7.92    -5.45    -2.05   -598.12    -54.20     23.87      4.44  594400.00    0    1    1    1    1
2003 10 29   2   8     7.92    -5.45    -2.05   -598.12    -54.21     23.84      4.47  594400.00    0    1    1    1    1
2003 10 29   2   9     7.92    -2.89    -4.71   -598.12    -54.23     23.80      4.50  594400.00    0    1    1    1    1
2003 10 29   2  10     7.87    -2.40    -5.70   -598.12    -54.25     23.77      4.54  594400.00    0    1    1    1    1
2003 10 29   2  11     7.70    -2.38    -5.89   -598.12    -54.26     23.73      4.58  594400.00    0    1    1    1    1
2003 10 29   2  12     7.70    -1.18    -5.89   -598.12    -54.27     23.70      4.62  594400.00    0    1    1    1    1
2003 10 29   2  13     6.02     3.31    -5.89   -598.12    -54.29     23.66      4.65  594400.00    0    1    1    1    1
2003 10 29   2  14     6.02     3.31    -3.16   -598.12    -54.30     23.62      4.70  594400.00    0    1    1    1    1
2003 10 29   2  15     7.50    -0.56    -2.98   -598.12    -54.32     23.59      4.73  594400.00    0    1    1    1    1
2003 10 29   2  16     7.50    -6.42    -3.15   -598.12    -54.34     23.55      4.76  594400.00    0    1    1    1    1
2003 10 29   2  17     7.50    -6.42    -2.98   -598.12    -54.35     23.52      4.79  594400.00    0    1    1    1    1
2003 10 29   2  18     7.08    -6.55    -2.11   -598.12    -54.37     23.48      4.83  594400.00    0    1    1    1    1
2003 10 29   2  19     6.51    -6.63    -2.11   -598.12    -54.38     23.45      4.87  594400.00    0    1    1    1    1
2003 10 29   2  20     6.51    -6.63    -2.11   -598.12    -54.40     23.41      4.90  594400.00    0    1    1    1    1
2003 10 29   2  21     7.81    -5.82    -1.26   -598.12    -54.42     23.38      4.95  594400.00    0    1    1    1    1
2003 10 29   2  22     9.08    -3.17    -1.26   -598.12    -54.43     23.34      4.98  594400.00    0    1    1    1    1
2003 10 29   2  23     9.40    -0.98    -1.94   -598.12    -54.45     23.30      5.02  594400.00    0    1    1    1    1
2003 10 29   2  24     9.52    -0.98    -1.94   -598.12    -54.46     23.27      5.04  594400.00    0    1    1    1    1
2003 10 29   2  25     9.52    -0.98     0.14   -598.12    -54.47     23.23      5.08  594400.00    0    1    1    1    1
2003 10 29   2  26     7.41     0.41     0.14   -598.12    -54.50     23.19      5.12  594400.00    0    1    1    1    1
2003 10 29   2  27     5.50     0.41     2.16   -598.12    -54.51     23.16      5.17  594400.00    0    1    1    1    1
2003 10 29   2  28     5.50    -6.96     2.16   -598.12    -54.52     23.12      5.39  594400.00    0    1    1    1    1
2003 10 29   2  29     6.04    -6.96     2.16   -631.54    -52.90     41.47      5.37  687802.97    0    1    1    1    1
2003 10 29   2  30     6.89    -6.67     2.12   -630.88    -53.46     39.39      4.83  688509.90    0    1    1    1    1
2003 10 29   2  31     7.40    -5.80     0.42   -630.23    -54.02     37.31      4.53  689216.80    0    1    1    1    1
2003 10 29   2  32     8.52    -4.59    -0.07   -629.48    -54.65     34.94      4.99  690024.72    0    1    1    1    1
2003 10 29   2  33     8.52    -4.59    -0.07   -628.82    -55.20     32.86      5.45  690731.64    0    1    1    1    1
2003 10 29   2  34     7.55    -6.04     0.32   -628.16    -55.75     30.77      5.58  691438.55    0    1    1    1    1
2003 10 29   2  35     6.74    -7.40     0.32   -627.50    -56.30     28.69      5.58  692145.48    0    1    1    1    1
2003 10 29   2  36     6.03    -7.52     0.27   -626.85    -56.84     26.61      5.58  692852.41    0    1    1    1    1
2003 10 29   2  37     4.95    -8.66     0.27   -626.10    -57.47     24.23      5.58  693660.31    0    1    1    1    1
2003 10 29   2  38     4.95    -8.66     0.27   -625.44    -58.01     22.14      5.56  694367.23    0    1    1    1    1
2003 10 29   2  39     4.95    -8.33     0.67   -624.78    -58.54     20.05      5.36  695074.16    0    1    1    1    1
2003 10 29   2  40     4.07    -8.33     2.01   -624.03    -59.15     17.67      5.07  695882.06    0    1    1    1    1
2003 10 29   2  41     3.79    -8.88     2.01   -623.37    -59.68     15.58      4.83  696588.98    0    1    1    1    1
2003 10 29   2  42     3.79    -8.88    -1.53   -622.71    -60.21     13.49      4.78  697295.91    0    1    1    1    1
2003 10 29   2  43     3.79    -8.88    -1.53   -622.06    -60.73     11.40      4.79  698002.83    0    1    1    1    1
2003 10 29   2  44     3.19    -9.60     0.71   -621.40    -61.25      9.31      4.80  698709.73    0    1    1    1    1
2003 10 29   2  45     3.19    -9.60     0.71   -620.65    -61.85      6.92      4.81  699517.66    0    1    1    1    1
2003 10 29   2  46     4.01    -9.36    -1.10   -619.99    -62.36      4.83      4.83  700224.58    0    1    1    1    1
2003 10 29   2  47     5.30    -8.62    -1.58   -619.34    -62.87      2.74      4.84  700931.48    0    1    1    1    1
2003 10 29   2  48     5.30    -8.62    -1.58   -618.68    -63.38      0.64      4.85  701638.42    0    1    1    1    1
2003 10 29   2  49     4.65    -8.74     1.65   -618.02    -63.89     -1.46      4.86  702345.35    0    1    1    1    1
2003 10 29   2  50     4.65    -9.15     1.65   -617.27    -64.47     -3.85      4.88  703153.25    0    1    1    1    1
2003 10 29   2  51     4.73    -9.15    -0.37   -616.61    -64.97     -5.94      4.89  703860.17    0    1    1    1    1
2003 10 29   2  52     5.32    -8.30    -2.99   -615.96    -65.46     -8.04      4.90  704567.09    0    1    1    1    1
2003 10 29   2  53     6.43    -7.40    -2.99   -615.30    -65.96    -10.14      4.91  705274.02    0    1    1    1    1
2003 10 29   2  54     6.43    -7.40    -2.33   -614.64    -66.45    -12.24      4.93  705980.94    0    1    1    1    1
2003 10 29   2  55     6.61    -7.64    -0.96   -613.89    -67.01    -14.63      4.94  706788.85    0    1    1    1    1
2003 10 29   2  56     6.61    -7.64    -0.96   -613.23    -67.50    -16.73      4.95  707495.77    0    1    1    1    1
2003 10 29   2  57     6.61    -5.06    -4.80   -612.58    -67.98    -18.83      4.96  708202.69    0    1    1    1    1
2003 10 29   2  58     6.10    -5.06    -4.80   -611.83    -68.53    -21.24      4.98  709010.59    0    1    1    1    1
2003 10 29   2  59     3.52    -8.47     3.21   -611.17    -69.01    -23.34      4.99  709717.52    0    1    1    1    1
2003 10 29   3   0     3.52    -8.47     3.21   -610.51    -69.48    -25.44      5.00  710424.44    0    1    1    1    1
2003 10 29   3   1     7.58    -6.32     2.64   -609.85    -69.95    -27.55      5.02  711131.36    0    1    1    1    1
2003 10 29   3   2     7.58    -6.32     0.23   -609.20    -70.42    -29.65      5.03  711838.28    0    1    1    1    1
2003 10 29   3   3     5.13    -8.45    -1.43   -608.51    -70.77    -31.50      5.04  712165.83    0    1    1    1    1
2003 10 29   3   4     5.13    -8.45    -1.43   -608.17    -70.48    -31.23      5.06  710791.27    0    1    1    1    1
2003 10 29   3   5     7.28    -5.93     1.09   -607.86    -70.13    -30.78      5.07  709256.50    0    1    1    1    1
2003 10 29   3   6     8.50    -4.89     1.09   -607.50    -69.74    -30.27      5.08  707502.56    0    1    1    1    1
2003 10 29   3   7     8.50    -4.89     0.98   -607.17    -69.40    -29.82      5.10  705967.88    0    1    1    1    1
2003 10 29   3   8     7.24    -5.02     0.98   -606.86    -69.05    -29.37      5.11  704433.13    0    1    1    1    1
2003 10 29   3   9     6.68    -5.02     3.70   -606.50    -68.66    -28.85      5.12  702679.13    0    1    1    1    1
2003 10 29   3  10     3.87    -6.50     3.70   -606.18    -68.32    -28.40      5.13  701144.50    0    1    1    1    1
2003 10 29   3  11     6.68    -5.98    -3.00   -605.87    -67.98    -27.96      5.14  699609.78    0    1    1    1    1
2003 10 29   3  12     6.19    -5.98    -4.28   -605.50    -67.59    -27.44      5.16  697855.87    0    1    1    1    1
2003 10 29   3  13     6.19    -5.98    -4.28   -605.19    -67.25    -26.99      5.09  696321.12    0    1    1    1    1
2003 10 29   3  14     6.19    -5.83    -4.28   -604.88    -66.92    -26.54      4.97  694786.39    0    1    1    1    1
2003 10 29   3  15     6.60    -5.83    -2.69   -604.51    -66.53    -26.02      4.84  693032.44    0    1    1    1    1
2003 10 29   3  16     6.90    -5.83    -1.14   -604.20    -66.19    -25.57      4.76  691497.73    0    1    1    1    1
2003 10 29   3  17     6.90    -4.82    -2.69   -603.88    -65.85    -25.11      4.76  689963.03    0    1    1    1    1
2003 10 29   3  18     7.66    -4.48    -3.66   -603.51    -65.47    -24.60      4.78  688209.06    0    1    1    1    1
2003 10 29   3  19     8.08    -4.24    -3.85   -603.20    -65.13    -24.14      5.07  686674.38    0    1    1    1    1
2003 10 29   3  20     8.09    -4.07    -4.32   -602.88    -64.80    -23.69      5.48  685139.63    0    1    1    1    1
2003 10 29   3  21     8.23    -4.07    -4.32   -602.52    -64.42    -23.16      5.74  683385.63    0    1    1    1    1
2003 10 29   3  22     8.22    -4.14    -2.62   -602.21    -64.09    -22.71      5.91  681851.00    0    1    1    1    1
2003 10 29   3  23     8.22    -4.72    -2.62   -601.89    -63.75    -22.26      5.90  680316.28    0    1    1    1    1
2003 10 29   3  24     8.22    -4.53    -2.62   -601.53    -63.37    -21.73      5.59  678562.37    0    1    1    1    1
2003 10 29   3  25     7.83    -4.53    -0.96   -601.22    -63.04    -21.28      5.31  677027.62    0    1    1    1    1
2003 10 29   3  26     7.33    -4.53     0.21   -600.90    -62.71    -20.82      5.16  675492.89    0    1    1    1    1
2003 10 29   3  27     4.07    -6.55     3.59   -600.53    -62.33    -20.30      5.16  673738.94    0    1    1    1    1
2003 10 29   3  28     4.07    -6.55     0.21   -600.17    -61.96    -19.78      5.16  671985.00    0    1    1    1    1
2003 10 29   3  29     6.60    -3.27     3.32   -599.86    -61.63    -19.32      5.16  670450.27    0    1    1    1    1
2003 10 29   3  30     6.60    -3.27     1.59   -599.54    -61.30    -18.86      5.16  668915.56    0    1    1    1    1
2003 10 29   3  31     6.60    -3.48     1.59   -599.18    -60.92    -18.34      5.17  667161.63    0    1    1    1    1
2003 10 29   3  32     7.68    -4.30    -0.25   -598.87    -60.60    -17.88      5.26  665626.88    0    1    1    1    1
2003 10 29   3  33     7.98    -4.30    -0.68   -598.55    -60.28    -17.41      5.38  664092.13    0    1    1    1    1
2003 10 29   3  34     7.86    -4.53    -1.72   -598.20    -59.90    -16.89      5.52  662338.25    0    1    1    1    1
2003 10 29   3  35     7.86    -4.53    -0.68   -597.88    -59.58    -16.43      5.58  660803.54    0    1    1    1    1
2003 10 29   3  36     7.86    -2.82     4.89   -597.56    -59.26    -15.97      5.58  659268.87    0    1    1    1    1
2003 10 29   3  37     8.21    -0.89     4.89   -597.27    -59.52    -15.25      5.58  658934.27    0    1    1    1    1
2003 10 29   3  38     8.70    -0.89     4.34   -597.10    -60.70    -14.30      5.58  660647.58    0    1    1    1    1
2003 10 29   3  39     8.72    -1.88     2.25   -596.94    -61.88    -13.35      5.49  662360.89    0    1    1    1    1
2003 10 29   3  40     8.72    -1.88    -3.60   -596.75    -63.23    -12.26      5.29  664318.95    0    1    1    1    1
2003 10 29   3  41     8.72    -0.07    -3.60   -596.58    -64.42    -11.32      5.06  666032.25    0    1    1    1    1
2003 10 29   3  42     8.83     1.11    -1.83   -596.42    -65.61    -10.37      4.75  667745.56    0    1    1    1    1
2003 10 29   3  43     8.83     4.40    -0.31   -596.23    -66.96     -9.29      4.46  669703.63    0    1    1    1    1
2003 10 29   3  44     8.73     5.11     1.09   -596.04    -68.33     -8.21      4.62  671661.70    0    1    1    1    1
2003 10 29   3  45     8.18     5.78     2.35   -595.87    -69.51     -7.27      4.67  673375.00    0    1    1    1    1
2003 10 29   3  46     8.09     6.33     2.35   -595.70    -70.71     -6.34      4.45  675088.30    0    1    1    1    1
2003 10 29   3  47     8.03     6.34     0.95   -595.51    -72.08     -5.26      4.60  677046.37    0    1    1    1    1
2003 10 29   3  48     7.88     6.47    -2.22   -595.34    -73.27     -4.34      4.70  678759.69    0    1    1    1    1
2003 10 29   3  49     7.24     7.18    -2.49   -595.18    -74.47     -3.40      4.49  680472.98    0    1    1    1    1
2003 10 29   3  50     7.24     7.18    -2.90   -594.99    -75.84     -2.34      4.24  682431.05    0    1    1    1    1
2003 10 29   3  51     8.26     4.57    -4.26   -594.80    -77.21     -1.27      3.99  684389.11    0    1    1    1    1
2003 10 29   3  52     8.26     3.58    -4.47   -594.63    -78.41     -0.35      3.73  686102.42    0    1    1    1    1
2003 10 29   3  53     7.89     3.48    -5.30   -594.46    -79.62      0.57      3.46  687815.73    0    1    1    1    1
2003 10 29   3  54     7.80     3.48    -5.30   -594.27    -80.99      1.63      3.42  689773.78    0    1    1    1    1
2003 10 29   3  55     7.44     4.90    -5.61   -594.11    -82.20      2.55      3.56  691487.10    0    1    1    1    1
2003 10 29   3  56     6.79     4.90    -5.76   -593.94    -83.41      3.47      3.70  693200.41    0    1    1    1    1
2003 10 29   3  57     6.79     3.51    -5.76   -593.75    -84.79      4.52      3.87  695158.47    0    1    1    1    1
2003 10 29   3  58     7.80     2.74    -5.27   -593.56    -86.17      5.57      4.40  697116.53    0    1    1    1    1
2003 10 29   3  59     8.65     2.04    -5.00   -593.39    -87.38      6.48      5.53  698829.83    0    1    1    1    1
2003 10 29   4   0     8.81     2.04    -3.78   -593.23    -88.60      7.39      5.34  700543.15    0    1    1    1    1
2003 10 29   4   1     8.65     2.88    -5.00   -593.04    -89.99      8.43      5.21  702501.22    0    1    1    1    1
2003 10 29   4   2     8.34     2.88    -4.84   -592.87    -91.20      9.33      5.36  704214.50    0    1    1    1    1
2003 10 29   4   3     8.34     2.44    -5.01   -592.70    -92.42     10.24      5.52  705927.83    0    1    1    1    1
2003 10 29   4   4     8.34     1.92    -5.01   -592.51    -93.81     11.28      5.58  707885.89    0    1    1    1    1
2003 10 29   4   5     8.32     1.36    -5.83   -592.32    -95.21     12.31      5.58  709843.95    0    1    1    1    1
2003 10 29   4   6     8.04    -0.59    -5.83   -592.15    -96.43     13.21      5.58  711557.25    0    1    1    1    1
2003 10 29   4   7     8.04     1.23    -4.87   -591.99    -97.66     14.10      5.58  713270.56    0    1    1    1    1
2003 10 29   4   8     8.86     0.82    -4.03   -591.80    -99.06     15.13      5.58  715228.63    0    1    1    1    1
2003 10 29   4   9     9.40     0.82    -3.59   -591.63   -100.28     16.02      5.58  716941.94    0    1    1    1    1
2003 10 29   4  10     9.40    -0.85    -3.10   -591.48   -101.43     16.84      5.58  718532.88    0    1    1    1    1
2003 10 29   4  11     9.36    -0.85    -3.59   -591.44   -101.70     16.97      5.58  718900.00    0    1    1    1    1
2003 10 29   4  12     7.72     1.34    -5.31   -591.44   -101.72     16.88      5.58  718900.00    0    1    1    1    1
2003 10 29   4  13     7.72     1.34    -5.31   -591.44   -101.73     16.81      5.58  718900.00    0    1    1    1    1
2003 10 29   4  14     6.67     1.34    -4.90   -591.44   -101.74     16.74      5.58  718900.00    0    1    1    1    1
2003 10 29   4  15     7.46     4.49    -2.88   -591.44   -101.75     16.65      5.58  718900.00    0    1    1    1    1
2003 10 29   4  16     7.46     4.49    -2.88   -591.44   -101.77     16.57      5.54  718900.00    0    1    1    1    1
2003 10 29   4  17     8.31     3.00    -3.16   -591.44   -101.78     16.49      5.38  718900.00    0    1    1    1    1
2003 10 29   4  18     8.31     3.00    -3.16   -591.44   -101.79     16.42      5.21  718900.00    0    1    1    1    1
2003 10 29   4  19     8.31     1.61    -3.39   -591.44   -101.80     16.33      5.07  718900.00    0    1    1    1    1
2003 10 29   4  20     8.37     0.81    -2.97   -591.44   -101.82     16.25      4.94  718900.00    0    1    1    1    1
2003 10 29   4  21     9.33     0.08    -2.33   -591.44   -101.83     16.17      4.83  718900.00    0    1    1    1    1
2003 10 29   4  22     9.33     0.08    -1.39   -591.44   -101.84     16.10      5.00  718900.00    0    1    1    1    1
2003 10 29   4  23     6.44    -6.85     1.54   -591.44   -101.86     16.01      5.48  718900.00    0    1    1    1    1
2003 10 29   4  24     6.35    -6.90     1.54   -591.44   -101.87     15.93      5.32  718900.00    0    1    1    1    1
2003 10 29   4  25     6.30    -6.90     0.28   -591.44   -101.88     15.85      5.16  718900.00    0    1    1    1    1
2003 10 29   4  26     6.30    -6.65     0.22   -591.44   -101.89     15.78      5.16  718900.00    0    1    1    1    1
2003 10 29   4  27     6.30    -6.65     0.00   -591.44   -101.91     15.69      5.16  718900.00    0    1    1    1    1
2003 10 29   4  28     6.90    -6.60    -1.04   -591.44   -101.92     15.61      5.34  718900.00    0    1    1    1    1
2003 10 29   4  29     6.91    -6.58    -2.02   -591.44   -101.93     15.53      5.58  718900.00    0    1    1    1    1
2003 10 29   4  30     6.91    -6.15    -2.14   -591.44   -101.94     15.46      5.58  718900.00    0    1    1    1    1
2003 10 29   4  31     6.84    -6.15    -2.14   -591.44   -101.95     15.37      5.58  718900.00    0    1    1    1    1
2003 10 29   4  32     6.41    -7.08    -2.14   -591.44   -101.97     15.29      5.58  718900.00    0    1    1    1    1
2003 10 29   4  33     6.40    -7.57    -1.25   -591.44   -101.98     15.21      5.52  718900.00    0    1    1    1    1
2003 10 29   4  34     6.27    -7.57    -1.25   -591.44   -101.99     15.14      5.27  718900.00    0    1    1    1    1
2003 10 29   4  35     6.27    -7.57    -0.54   -591.44   -102.00     15.05      5.48  718900.00    0    1    1    1    1
2003 10 29   4  36     4.71    -7.50     0.70   -591.44   -102.02     14.97      5.88  718900.00    0    1    1    1    1
2003 10 29   4  37     4.71    -7.50     0.70   -591.44   -102.02     14.89      6.23  718900.00    0    1    1    1    1
2003 10 29   4  38     5.40    -6.36     0.28   -591.44   -102.04     14.82      6.40  718900.00    0    1    1    1    1
2003 10 29   4  39     5.40    -6.36     0.28   -677.81    -65.19     14.73      6.28  790003.36    0    1    1    1    1
2003 10 29   4  40     4.80    -6.36    -0.43   -677.38    -63.67     15.12      6.11  779673.05    0    1    1    1    1
2003 10 29   4  41     4.80    -6.38    -2.33   -676.99    -62.35     15.47      5.89  770634.08    0    1    1    1    1
2003 10 29   4  42     5.74    -6.36    -2.33   -676.62    -61.02     15.80      5.56  761595.07    0    1    1    1    1
2003 10 29   4  43     6.62    -5.79    -3.21   -676.17    -59.51     16.21      5.20  751264.78    0    1    1    1    1
2003 10 29   4  44     6.88    -5.79    -1.78   -675.80    -58.19     16.56      5.04  742225.79    0    1    1    1    1
2003 10 29   4  45     6.63    -5.86    -1.78   -675.42    -56.86     16.90      4.91  733186.78    0    1    1    1    1
2003 10 29   4  46     7.46    -5.86    -0.08   -674.98    -55.35     17.31      4.83  722856.52    0    1    1    1    1
2003 10 29   4  47     6.63    -5.06     0.06   -674.60    -54.03     17.66      5.12  713817.54    0    1    1    1    1
2003 10 29   4  48     6.62    -5.06     0.15   -674.21    -52.71     18.02      5.46  704778.52    0    1    1    1    1
2003 10 29   4  49     5.65    -5.23     0.06   -673.77    -51.20     18.43      5.58  694448.28    0    1    1    1    1
2003 10 29   4  50     5.65    -5.84     0.96   -673.40    -49.88     18.79      5.58  685409.23    0    1    1    1    1
2003 10 29   4  51     6.17    -5.84     0.77   -673.01    -48.56     19.16      5.58  676370.28    0    1    1    1    1
2003 10 29   4  52     6.17    -5.84     0.96   -672.57    -47.05     19.57      5.47  666040.00    0    1    1    1    1
2003 10 29   4  53     5.99    -5.85     0.77   -672.20    -45.73     19.95      5.32  657001.00    0    1    1    1    1
2003 10 29   4  54     5.87    -5.85     1.43   -671.81    -44.42     20.31      5.22  647962.05    0    1    1    1    1
2003 10 29   4  55     5.35    -5.93     0.42   -671.38    -42.91     20.74      5.46  637631.72    0    1    1    1    1
2003 10 29   4  56     5.35    -5.63     0.39   -671.00    -41.59     21.11      5.65  628592.77    0    1    1    1    1
2003 10 29   4  57     5.66    -5.40     0.39   -670.62    -40.28     21.48      5.78  619553.75    0    1    1    1    1
2003 10 29   4  58     6.16    -4.91     0.50   -670.18    -38.78     21.92      5.93  609223.48    0    1    1    1    1
2003 10 29   4  59     6.38    -4.82     0.50   -669.75    -37.28     22.36      5.82  598893.22    0    1    1    1    1
2003 10 29   5   0     6.70    -4.82     0.50   -669.36    -35.96     22.74      5.39  589854.21    0    1    1    1    1
2003 10 29   5   1     7.42    -3.62    -0.08   -668.98    -34.65     23.12      4.97  580815.22    0    1    1    1    1
2003 10 29   5   2     8.52    -2.86    -0.70   -668.54    -33.14     23.57      4.76  570484.94    0    1    1    1    1
2003 10 29   5   3     8.81    -1.42    -0.97   -668.16    -31.83     23.95      4.76  561445.92    0    1    1    1    1
2003 10 29   5   4     8.81    -0.78    -3.65   -667.78    -30.52     24.34      4.76  552406.95    0    1    1    1    1
2003 10 29   5   5     8.78    -0.78    -3.80   -667.34    -29.02     24.79      4.76  542076.64    0    1    1    1    1
2003 10 29   5   6     8.78    -1.47    -3.80   -666.96    -27.71     25.19      4.78  533037.67    0    1    1    1    1
2003 10 29   5   7     8.78    -3.69    -1.99   -666.58    -26.40     25.59      4.92  523998.71    0    1    1    1    1
2003 10 29   5   8     8.26    -4.24    -0.92   -666.14    -24.91     26.04      5.08  513668.42    0    1    1    1    1
2003 10 29   5   9     8.26    -4.24    -0.92   -665.76    -23.60     26.44      5.09  504629.41    0    1    1    1    1
2003 10 29   5  10     8.31    -3.82    -1.97   -665.38    -22.29     26.84      4.90  495590.45    0    1    1    1    1
2003 10 29   5  11     8.55    -3.32    -2.25   -664.94    -20.80     27.31      4.83  485260.16    0    1    1    1    1
2003 10 29   5  12     8.52    -3.32    -2.25   -664.56    -19.50     27.71      4.97  476274.96    0    1    1    1    1
2003 10 29   5  13     8.52    -3.73    -1.86   -664.46    -19.16     27.82      5.11  473800.00    0    1    1    1    1
2003 10 29   5  14     8.52    -4.18    -1.46   -664.46    -19.18     27.80      5.04  473800.00    0    1    1    1    1
2003 10 29   5  15     8.81    -4.26    -1.35   -664.46    -19.20     27.78      4.87  473800.00    0    1    1    1    1
2003 10 29   5  16     8.81    -4.35    -0.83   -664.46    -19.22     27.77      4.76  473800.00    0    1    1    1    1
2003 10 29   5  17     8.76    -4.66    -0.69   -664.46    -19.24     27.76      4.76  473800.00    0    1    1    1    1
2003 10 29   5  18     8.48    -5.13     0.16   -664.46    -19.27     27.74      4.79  473800.00    0    1    1    1    1
2003 10 29   5  19     8.20    -5.62     0.74   -664.46    -19.29     27.73      5.21  473800.00    0    1    1    1    1
2003 10 29   5  20     7.92    -6.26     0.74   -664.46    -19.31     27.71      5.69  473800.00    0    1    1    1    1
2003 10 29   5  21     7.92    -6.65     0.74   -664.46    -19.33     27.70      5.81  473800.00    0    1    1    1    1
2003 10 29   5  22     7.92    -6.65     0.52   -664.46    -19.35     27.68      5.25  473800.00    0    1    1    1    1
2003 10 29   5  23     7.82    -5.99    -0.38   -664.46    -19.37     27.66      4.79  473800.00    0    1    1    1    1
2003 10 29   5  24     7.61    -5.99    -0.57   -664.46    -19.39     27.65      4.76  473800.00    0    1    1    1    1
2003 10 29   5  25     7.61    -5.99    -0.38   -664.46    -19.41     27.63      4.76  473800.00    0    1    1    1    1
2003 10 29   5  26     8.38    -5.15     0.63   -664.46    -19.43     27.62      4.86  473800.00    0    1    1    1    1
2003 10 29   5  27     8.38    -5.15     1.05   -664.46    -19.46     27.60      4.99  473800.00    0    1    1    1    1
2003 10 29   5  28     9.02    -4.96     1.05   -664.46    -19.48     27.59      5.11  473800.00    0    1    1    1    1
2003 10 29   5  29     9.05    -4.96     1.26   -664.46    -19.50     27.57      5.24  473800.00    0    1    1    1    1
2003 10 29   5  30     9.05    -4.96     0.99   -664.46    -19.52     27.56      5.42  473800.00    0    1    1    1    1
2003 10 29   5  31     9.25    -5.74     1.02   -664.46    -19.54     27.55      5.51  473800.00    0    1    1    1    1
2003 10 29   5  32     9.05    -6.08     0.99   -664.46    -19.56     27.53      5.26  473800.00    0    1    1    1    1
2003 10 29   5  33     6.78    -6.85    -0.21   -664.46    -19.58     27.52      4.96  473800.00    0    1    1    1    1
2003 10 29   5  34     6.07    -6.98    -1.46   -664.46    -19.61     27.50      4.76  473800.00    0    1    1    1    1
2003 10 29   5  35     6.78    -6.98    -1.44   -664.46    -19.62     27.48      4.76  473800.00    0    1    1    1    1
2003 10 29   5  36     8.24    -5.96    -1.44   -664.46    -19.65     27.47      4.76  473800.00    0    1    1    1    1
2003 10 29   5  37     8.24    -5.35    -1.44   -664.46    -19.66     27.46      4.76  473800.00    0    1    1    1    1
2003 10 29   5  38     8.11    -5.35    -0.60   -664.46    -19.69     27.44      4.76  473800.00    0    1    1    1    1
2003 10 29   5  39     7.36    -5.56     2.82   -664.46    -19.71     27.43      4.99  473800.00    0    1    1    1    1
2003 10 29   5  40     6.55    -5.82     2.82   -664.46    -19.73     27.41      5.32  473800.00    0    1    1    1    1
2003 10 29   5  41     6.55    -5.82    -0.44   -664.46    -19.75     27.40      5.52  473800.00    0    1    1    1    1
2003 10 29   5  42     7.79    -3.06    -1.93   -664.46    -19.77     27.38      5.34  473800.00    0    1    1    1    1
2003 10 29   5  43     9.27    -2.61    -1.93   -664.46    -19.79     27.36      5.16  473800.00    0    1    1    1    1
2003 10 29   5  44     9.27    -2.61    -2.21   -664.46    -19.81     27.35      5.03  473800.00    0    1    1    1    1
2003 10 29   5  45     9.18    -2.61    -2.66   -667.46    -39.05      1.39      4.91  529300.00    0    1    1    1    1
2003 10 29   5  46     7.39    -2.01    -7.42   -670.45    -58.27    -24.61      4.80  584800.00    0    1    1    1    1
2003 10 29   5  47     7.17    -1.02    -7.42   -670.45    -58.25    -24.65      4.91  584800.00    0    1    1    1    1
2003 10 29   5  48     6.53    -0.57    -7.42   -670.45    -58.23    -24.69      5.05  584800.00    0    1    1    1    1
2003 10 29   5  49     6.43     1.67    -7.96   -670.45    -58.21    -24.73      5.14  584800.00    0    1    1    1    1
2003 10 29   5  50     5.87     3.09    -7.98   -670.45    -58.19    -24.78      5.10  584800.00    0    1    1    1    1
2003 10 29   5  51     5.87     3.09    -9.15   -670.45    -58.17    -24.82      5.05  584800.00    0    1    1    1    1
2003 10 29   5  52     8.28     2.02    -9.15   -670.45    -58.15    -24.87      5.00  584800.00    0    1    1    1    1
2003 10 29   5  53     9.33     0.89    -8.48   -670.45    -58.13    -24.91      4.95  584800.00    0    1    1    1    1
2003 10 29   5  54    11.02    -0.30    -7.55   -670.45    -58.11    -24.95      4.90  584800.00    0    1    1    1    1
2003 10 29   5  55    11.02    -4.46    -3.52   -670.45    -58.10    -25.00      4.85  584800.00    0    1    1    1    1
2003 10 29   5  56     9.54    -9.18    -3.36   -670.45    -58.08    -25.04      4.80  584800.00    0    1    1    1    1
2003 10 29   5  57     9.54    -9.69    -3.52   -670.45    -58.06    -25.07      4.82  584800.00    0    1    1    1    1
2003 10 29   5  58    13.20    -9.69   -21.32   -670.45    -58.04    -25.12      5.06  584800.00    0    1    1    1    1
2003 10 29   5  59    21.82    -9.89   -21.32   -670.45    -58.02    -25.17      5.00  584800.00    0    1    1    1    1
2003 10 29   6   0    21.82   -14.70   -19.05   -670.45    -58.01    -25.21      4.73  584800.00    0    1    1    1    1
2003 10 29   6   1     9.29   -29.98   -18.56  -1156.25   -100.00    -43.55      4.48 6064090.00    0    1    1    1    1
2003 10 29   6   2     9.29   -29.98   -19.05  -1480.12   -127.97    -55.84      4.14 9653297.00    0    1    1    1    1
2003 10 29   6   3     2.68   -28.64   -14.01  -1480.12   -127.94    -55.94      4.36 9580550.75    0    1    1    1    1
2003 10 29   6   4    -5.29   -28.64     5.70  -1480.12   -127.89    -56.03      4.72 9516897.67    0    1    1    1    1
2003 10 29   6   5    -5.57   -29.89     5.70  -1480.12   -127.86    -56.12      4.76 9453244.50    0    1    1    1    1
2003 10 29   6   6    -5.57   -29.89     2.67  -1480.12   -127.81    -56.21      4.76 9380498.25    0    1    1    1    1
2003 10 29   6   7    -9.62   -31.79     2.67  -1480.12   -127.77    -56.31      4.76 9307752.00    0    1    1    1    1
2003 10 29   6   8   -12.88   -31.79     0.86  -1480.12   -127.73    -56.40      5.66 9244098.67    0    1    1    1    1
2003 10 29   6   9   -12.88   -31.79     2.79  -1480.12   -127.70    -56.49     17.38 9180445.75    0    1    1    1    1
2003 10 29   6  10    -4.37   -28.13     4.61  -1480.12   -127.65    -56.59     20.50 9107699.50    0    1    1    1    1
2003 10 29   6  11    -4.37   -28.13     4.61  -1480.12   -127.61    -56.68     20.86 9034953.00    0    1    1    1    1
2003 10 29   6  12    -6.85   -28.13     4.61  -1480.12   -127.57    -56.77     19.52 8971300.00    0    1    1    1    1
2003 10 29   6  13    -6.85   -31.09     1.92  -1480.12   -127.53    -56.86     18.03 8907647.00    0    1    1    1    1
2003 10 29   6  14     8.90   -34.54    -3.11  -1480.12   -127.49    -56.95     16.63 8834900.75    0    1    1    1    1
2003 10 29   6  15    13.08   -34.54   -10.37  -1480.12   -127.45    -57.05     16.41 8762154.25    0    1    1    1    1
2003 10 29   6  16    13.08   -27.89   -10.37  -1480.12   -127.40    -57.13     16.29 8698501.33    0    1    1    1    1
2003 10 29   6  17     4.56   -27.89   -11.67  -1480.12   -127.37    -57.21     16.16 8634848.25    0    1    1    1    1
2003 10 29   6  18     4.56   -27.89   -11.67  -1480.12   -127.33    -57.31     16.03 8562102.00    0    1    1    1    1
2003 10 29   6  19    11.81   -16.24   -16.73  -1480.12   -127.28    -57.41     15.89 8489355.50    0    1    1    1    1
2003 10 29   6  20    11.81   -16.24   -16.73  -1480.12   -127.24    -57.49     15.84 8425702.33    0    1    1    1    1
2003 10 29   6  21     0.79   -21.34   -16.73  -1480.12   -127.20    -57.58     15.84 8362049.25    0    1    1    1    1
2003 10 29   6  22    -0.63   -22.26   -10.04  -1480.12   -127.16    -57.68     15.62 8289303.12    0    1    1    1    1
2003 10 29   6  23    -3.98   -26.52    -9.41  -1480.12   -127.12    -57.77     15.26 8216556.75    0    1    1    1    1
2003 10 29   6  24   -11.85   -26.52    -7.14  -1480.12   -127.08    -57.85     15.05 8152903.67    0    1    1    1    1
2003 10 29   6  25   -17.59   -22.40    10.30  -1480.12   -127.05    -57.93     14.92 8089250.75    0    1    1    1    1
2003 10 29   6  26   -17.59   -22.40    10.30  -1480.12   -127.00    -58.03     14.77 8016504.25    0    1    1    1    1
2003 10 29   6  27    -5.06   -30.50   -32.16  -1480.12   -126.95    -58.12     14.62 7943757.88    0    1    1    1    1
2003 10 29   6  28    -2.54   -30.55   -46.49  -1480.12   -126.92    -58.21     14.49 7880105.00    0    1    1    1    1
2003 10 29   6  29    -2.54   -32.26   -48.52  -1480.12   -126.88    -58.29     14.36 7816451.75    0    1    1    1    1
2003 10 29   6  30    -3.22   -35.40   -46.49  -1480.12   -126.83    -58.38     14.21 7743705.50    0    1    1    1    1
2003 10 29   6  31    -3.22   -38.32   -47.87  -1480.12   -126.80    -58.48     14.06 7670959.25    0    1    1    1    1
2003 10 29   6  32    -1.03   -38.32   -47.87  -1520.28   -130.19    -60.16     13.91 7575479.50    0    1    1    1    1
2003 10 29   6  33    19.13     8.86   -47.87  -1640.77   -140.47    -65.01     13.80 7480000.00    0    1    1    1    1
2003 10 29   6  34    24.63    37.47   -30.21  -1640.77   -140.42    -65.10     13.66 7480000.00    0    1    1    1    1
2003 10 29   6  35    27.23    37.47   -25.69  -1640.77   -140.38    -65.20     13.51 7480000.00    0    1    1    1    1
2003 10 29   6  36    25.63    36.29   -25.69  -1640.77   -140.33    -65.31     13.36 7480000.00    0    1    1    1    1
2003 10 29   6  37    25.63    20.41   -28.23  -1640.77   -140.29    -65.40     13.23 7480000.00    0    1    1    1    1
2003 10 29   6  38    23.09    10.18   -29.44  -1640.77   -140.25    -65.48     13.94 7480000.00    0    1    1    1    1
2003 10 29   6  39    23.04    -0.61   -33.87  -1640.77   -140.20    -65.59     13.56 7480000.00    0    1    1    1    1
2003 10 29   6  40    21.05     4.91   -33.87  -1640.77   -140.16    -65.69     11.23 7480000.00    0    1    1    1    1
2003 10 29   6  41     8.68     4.91   -25.39  -1640.77   -140.11    -65.78     12.74 7480000.00    0    1    1    1    1
2003 10 29   6  42     8.68     5.63   -24.01  -1640.77   -140.07    -65.87     15.50 7480000.00    0    1    1    1    1
2003 10 29   6  43     8.68     7.58   -14.69  -1640.77   -140.03    -65.97     18.88 7480000.00    0    1    1    1    1
2003 10 29   6  44    -7.76     6.03    29.96  -1640.77   -139.98    -66.06     21.57 7480000.00    0    1    1    1    1
2003 10 29   6  45    -8.66     6.24    40.27  -1640.77   -139.93    -66.15     23.35 7480000.00    0    1    1    1    1
2003 10 29   6  46    -7.76     6.24    45.28  -1640.77   -139.89    -66.24     23.46 7480000.00    0    1    1    1    1
2003 10 29   6  47    -7.38    12.02    45.28  -1640.77   -139.85    -66.34     22.95 7480000.00    0    1    1    1    1
2003 10 29   6  48    -6.51    13.83    40.24  -1640.77   -139.80    -66.44     22.43 7480000.00    0    1    1    1    1
2003 10 29   6  49    -5.71    13.83    20.97  -1640.77   -139.76    -66.52     21.99 7480000.00    0    1    1    1    1
2003 10 29   6  50    -3.52    15.16    20.97  -1640.77   -139.71    -66.61     21.54 7480000.00    0    1    1    1    1
2003 10 29   6  51    -3.52    15.04    23.60  -1640.77   -139.67    -66.71     21.03 7480000.00    0    1    1    1    1
2003 10 29   6  52    -4.40    15.04    23.60  -1640.77   -139.62    -66.81     20.55 7480000.00    0    1    1    1    1
2003 10 29   6  53    -4.40    15.04    20.25  -1640.77   -139.58    -66.89     20.42 7480000.00    0    1    1    1    1
2003 10 29   6  54    -2.10    16.99    16.04  -1640.77   -139.54    -66.97     20.42 7480000.00    0    1    1    1    1
2003 10 29   6  55     0.24    20.18     1.64  -1640.77   -139.50    -67.08     20.42 7480000.00    0    1    1    1    1
2003 10 29   6  56     0.24    20.18     1.64  -1640.77   -139.45    -67.17     20.42 7480000.00    0    1    1    1    1
2003 10 29   6  57     3.83    11.74    -3.96  -1640.77   -139.41    -67.25     20.42 7480000.00    0    1    1    1    1
2003 10 29   6  58     2.96     4.52    -3.96  -1640.77   -139.37    -67.34     20.42 7480000.00    0    1    1    1    1
2003 10 29   6  59     5.37     4.52    -8.13  -1640.77   -139.32    -67.44     20.42 7480000.00    0    1    1    1    1
2003 10 29   7   0     6.19    21.13    -8.13  -1640.77   -139.28    -67.53     20.42 7480000.00    0    1    1    1    1
2003 10 29   7   1     6.19    21.13    -5.51  -1640.77   -139.24    -67.61     20.42 7480000.00    0    1    1    1    1
2003 10 29   7   2     5.33    21.34    -4.34  -1640.77   -139.19    -67.70     20.42 7480000.00    0    1    1    1    1
2003 10 29   7   3     3.83    21.34     1.39  -1640.77   -139.15    -67.79     20.48 7480000.00    0    1    1    1    1
2003 10 29   7   4     3.83    21.34     3.37  -1640.77   -139.11    -67.89     20.58 7480000.00    0    1    1    1    1
2003 10 29   7   5     5.39    19.89     1.39  -1665.04   -141.11    -68.98     20.68 8673500.00    0    1    1    1    1
2003 10 29   7   6     5.94    18.83    -1.80  -1689.30   -143.13    -70.06     20.76 9867000.00    0    1    1    1    1
2003 10 29   7   7     5.94    18.83    -5.92  -1689.30   -143.08    -70.15     20.86 9867000.00    0    1    1    1    1
2003 10 29   7   8     8.02    16.42    -5.92  -1689.30   -143.04    -70.24     20.96 9867000.00    0    1    1    1    1
2003 10 29   7   9     8.02    16.42    -2.70  -1689.30   -143.00    -70.34     21.06 9867000.00    0    1    1    1    1
2003 10 29   7  10     3.55    16.25    -1.17  -1689.30   -142.95    -70.42     21.15 9867000.00    0    1    1    1    1
2003 10 29   7  11     3.55    16.25    -0.98  -1689.30   -142.91    -70.50     21.27 9867000.00    0    1    1    1    1
2003 10 29   7  12    10.69    16.00     0.81  -1689.30   -142.87    -70.59     21.63 9867000.00    0    1    1    1    1
2003 10 29   7  13    12.84    16.00     0.81  -1689.30   -142.82    -70.69     22.03 9867000.00    0    1    1    1    1
2003 10 29   7  14    11.47    16.00    -7.40  -1689.30   -142.78    -70.77     22.38 9867000.00    0    1    1    1    1
2003 10 29   7  15    11.88    13.30   -10.14  -1689.30   -142.74    -70.86     22.73 9867000.00    0    1    1    1    1
2003 10 29   7  16    11.47    13.30   -10.14  -1689.30   -142.69    -70.95     23.13 9867000.00    0    1    1    1    1
2003 10 29   7  17     6.01    13.02    -6.25  -1689.30   -142.64    -71.04     23.53 9867000.00    0    1    1    1    1
2003 10 29   7  18    -0.04    13.44    -5.34  -1689.30   -142.61    -71.12     23.72 9867000.00    0    1    1    1    1
2003 10 29   7  19    -9.70    13.02    13.76  -1689.30   -142.56    -71.20     23.43 9867000.00    0    1    1    1    1
2003 10 29   7  20   -10.23     5.90    18.82  -1689.30   -142.52    -71.29     23.08 9867000.00    0    1    1    1    1
2003 10 29   7  21   -10.23     5.90    18.82  -1689.30   -142.48    -71.38     22.73 9867000.00    0    1    1    1    1
2003 10 29   7  22    -5.07    10.31    15.95  -1689.30   -142.43    -71.46     22.43 9867000.00    0    1    1    1    1
2003 10 29   7  23    -5.07    10.78    15.95  -1689.30   -142.39    -71.54     22.12 9867000.00    0    1    1    1    1
2003 10 29   7  24    -7.10    11.58    19.65  -1689.30   -142.35    -71.63     21.78 9867000.00    0    1    1    1    1
2003 10 29   7  25    -7.88    11.58    19.71  -1689.30   -142.31    -71.72     21.43 9867000.00    0    1    1    1    1
2003 10 29   7  26    -7.10    11.58    20.47  -1689.30   -142.26    -71.80     21.24 9867000.00    0    1    1    1    1
2003 10 29   7  27    -5.91    13.11    20.47  -1689.30   -142.23    -71.88     21.15 9867000.00    0    1    1    1    1
2003 10 29   7  28    -5.91    13.11    19.64  -1689.30   -142.18    -71.97     20.42 9867000.00    0    1    1    1    1
2003 10 29   7  29    -5.70    13.89    19.64  -1689.30   -142.13    -72.05     19.57 9867000.00    0    1    1    1    1
2003 10 29   7  30    -7.29    12.00    19.64  -1689.30   -142.10    -72.13     18.83 9867000.00    0    1    1    1    1
2003 10 29   7  31    -7.29    10.53    20.52  -1689.30   -142.06    -72.21     18.09 9867000.00    0    1    1    1    1
2003 10 29   7  32   -11.02     6.04    21.43  -1689.30   -142.01    -72.30     17.23 9867000.00    0    1    1    1    1
2003 10 29   7  33   -12.91     4.19    21.43  -1689.30   -141.97    -72.38     16.45 9867000.00    0    1    1    1    1
2003 10 29   7  34   -13.37     3.41    19.06  -1689.30   -141.93    -72.46     15.91 9867000.00    0    1    1    1    1
2003 10 29   7  35   -13.37     4.19    16.02  -1905.58   -160.05    -81.83     15.35 11684077.20    0    1    1    1    1
2003 10 29   7  36   -13.37     6.01    16.02  -2222.51   -186.62    -95.54     15.13 14288463.33    0    1    1    1    1
2003 10 29   7  37   -14.33     6.01    20.94  -2212.04   -185.69    -95.20     14.41 14118742.50    0    1    1    1    1
2003 10 29   7  38   -15.69     4.78    21.87  -2201.57   -184.76    -94.85     12.91 13949021.67    0    1    1    1    1
2003 10 29   7  39   -15.69     4.57    21.87  -2191.10   -183.82    -94.50     12.57 13779300.75    0    1    1    1    1
2003 10 29   7  40   -14.55     0.45    19.16  -2180.63   -182.90    -94.15     12.79 13609580.00    0    1    1    1    1
2003 10 29   7  41   -14.35    -3.10    17.48  -2170.16   -181.97    -93.79     13.04 13439858.75    0    1    1    1    1
2003 10 29   7  42   -13.38    -3.71    11.60  -2158.19   -180.91    -93.39     13.32 13245892.25    0    1    1    1    1
2003 10 29   7  43    -5.81    -4.03     3.60  -2147.72   -179.98    -93.03     13.57 13076171.33    0    1    1    1    1
2003 10 29   7  44    -5.81    -4.03     3.60  -2137.25   -179.05    -92.67     13.65 12906450.50    0    1    1    1    1
2003 10 29   7  45    -5.55    -3.67     6.43  -2126.78   -178.13    -92.31     13.29 12736729.33    0    1    1    1    1
2003 10 29   7  46    -6.42     2.05    15.36  -2116.31   -177.20    -91.95     13.11 12567008.50    0    1    1    1    1
2003 10 29   7  47    -6.42     2.05    15.36  -2105.84   -176.27    -91.60     13.11 12397287.67    0    1    1    1    1
2003 10 29   7  48    -7.61    -5.26    15.21  -2095.36   -175.35    -91.23     13.11 12227566.75    0    1    1    1    1
2003 10 29   7  49    -7.93    -7.03    14.00  -2084.90   -174.42    -90.87     13.11 12057846.00    0    1    1    1    1
2003 10 29   7  50    -7.93    -8.80    13.32  -2074.43   -173.50    -90.50     13.11 11888124.75    0    1    1    1    1
2003 10 29   7  51    -5.39    -9.13    12.54  -2062.46   -172.44    -90.09     13.11 11694158.25    0    1    1    1    1
2003 10 29   7  52    -5.34   -13.47     5.60  -2051.99   -171.53    -89.72     13.11 11524437.33    0    1    1    1    1
2003 10 29   7  53    -0.82   -13.47     2.16  -2041.52   -170.61    -89.34     13.50 11354716.50    0    1    1    1    1
2003 10 29   7  54     2.13   -10.71    -6.90  -2031.05   -169.69    -88.98     12.52 11184995.33    0    1    1    1    1
2003 10 29   7  55     2.13   -10.71    -6.90  -2020.58   -168.76    -88.60     11.18 11015274.50    0    1    1    1    1
2003 10 29   7  56    -1.00   -14.07    -6.90  -2010.11   -167.85    -88.23     10.96 10845553.67    0    1    1    1    1
2003 10 29   7  57    -2.04   -19.96    -3.53  -1999.64   -166.92    -87.85     10.77 10675832.75    0    1    1    1    1
2003 10 29   7  58    -1.36   -22.95    -6.14  -1989.16   -166.01    -87.48     10.78 10506112.00    0    1    1    1    1
2003 10 29   7  59    -1.36   -23.14    -6.14  -1978.69   -165.09    -87.10     11.71 10336390.75    0    1    1    1    1
2003 10 29   8   0    -1.30   -23.14    -6.86  -1968.22   -164.17    -86.73     12.05 10166670.00    0    1    1    1    1
2003 10 29   8   1    -0.93   -23.14    -6.86  -1957.75   -163.25    -86.35     11.54 9996949.25    0    1    1    1    1
2003 10 29   8   2    -1.30   -22.16    -6.86  -1945.79   -162.20    -85.92     11.50 9802982.50    0    1    1    1    1
2003 10 29   8   3    -2.94   -15.23   -12.01  -1935.31   -161.29    -85.53     12.02 9633261.33    0    1    1    1    1
2003 10 29   8   4    -3.28   -14.99   -12.01  -1924.85   -160.38    -85.15     12.35 9463540.50    0    1    1    1    1
2003 10 29   8   5    -3.41   -14.99    -9.99  -1914.37   -159.47    -84.76     12.04 9293819.67    0    1    1    1    1
2003 10 29   8   6    -3.28   -16.32    -9.99  -1903.90   -158.55    -84.38     11.66 9124098.75    0    1    1    1    1
2003 10 29   8   7    -2.53   -16.68   -11.01  -1893.43   -157.64    -83.99     11.28 8954378.00    0    1    1    1    1
2003 10 29   8   8    -1.93   -16.32   -11.41  -1882.96   -156.72    -83.60     10.89 8784656.75    0    1    1    1    1
2003 10 29   8   9    -1.47   -15.02   -11.84  -1872.49   -155.81    -83.21     10.63 8614936.00    0    1    1    1    1
2003 10 29   8  10    -1.47   -14.79   -11.84  -1862.53   -154.94    -82.84     10.63 8446365.62    0    1    1    1    1
2003 10 29   8  11    -4.45   -14.77   -11.22  -1856.77   -154.42    -82.66     10.63 8274145.17    0    1    1    1    1
2003 10 29   8  12    -9.44   -14.44    -9.90  -1852.17   -154.00    -82.53     10.63 8099314.50    0    1    1    1    1
2003 10 29   8  13    -9.52   -14.36    -9.51  -1846.92   -153.53    -82.37     10.63 7899508.12    0    1    1    1    1
2003 10 29   8  14    -9.52   -14.36    -9.90  -1842.32   -153.10    -82.24     10.63 7724677.50    0    1    1    1    1
2003 10 29   8  15    -7.97   -14.36   -10.11  -1837.73   -152.69    -82.11     10.63 7549846.75    0    1    1    1    1
2003 10 29   8  16    -7.97   -14.29   -10.35  -1832.47   -152.20    -81.94     10.63 7350040.25    0    1    1    1    1
2003 10 29   8  17    -7.97   -13.02   -10.78  -1827.88   -151.79    -81.81     10.63 7175209.67    0    1    1    1    1
2003 10 29   8  18    -7.90   -12.90   -10.78  -1823.28   -151.37    -81.67     10.63 7000379.00    0    1    1    1    1
2003 10 29   8  19    -7.90   -12.90   -10.43  -1818.68   -150.95    -81.53     10.55 6825548.50    0    1    1    1    1
2003 10 29   8  20    -8.44   -13.26    -9.53  -1814.09   -150.53    -81.39     10.12 6650717.75    0    1    1    1    1
2003 10 29   8  21    -8.44   -13.30    -9.53  -1808.83   -150.06    -81.23      9.62 6450911.25    0    1    1    1    1
2003 10 29   8  22    -7.09   -13.69    -9.68  -1804.24   -149.64    -81.09      9.49 6276080.67    0    1    1    1    1
2003 10 29   8  23    -7.09   -13.69    -9.68  -1799.64   -149.22    -80.95      9.49 6101250.00    0    1    1    1    1
2003 10 29   8  24    -9.49   -13.32    -9.68  -1794.39   -148.75    -80.78      9.36 5901443.50    0    1    1    1    1
2003 10 29   8  25    -9.49   -13.32    -9.65  -1789.79   -148.33    -80.64      9.13 5726613.00    0    1    1    1    1
2003 10 29   8  26    -8.81   -14.31   -10.01  -1785.20   -147.92    -80.50      9.06 5551782.25    0    1    1    1    1
2003 10 29   8  27    -2.75   -14.74   -15.40  -1779.94   -147.45    -80.33      9.45 5351975.75    0    1    1    1    1
2003 10 29   8  28    -2.75   -14.74   -15.40  -1775.35   -147.03    -80.18      9.82 5177145.17    0    1    1    1    1
2003 10 29   8  29   -11.33   -14.91    -5.40  -1770.75   -146.62    -80.04     10.05 5002314.50    0    1    1    1    1
2003 10 29   8  30   -11.33   -15.51    -5.40  -1766.15   -146.20    -79.89     10.06 4827484.00    0    1    1    1    1
2003 10 29   8  31    -2.94   -15.51   -13.07  -1761.56   -145.79    -79.75     10.06 4652653.25    0    1    1    1    1
2003 10 29   8  32     4.79    -5.91   -13.14  -1756.30   -145.32    -79.58     10.06 4452846.75    0    1    1    1    1
2003 10 29   8  33     6.25    -3.80   -16.59  -1751.71   -144.91    -79.43     10.06 4278016.00    0    1    1    1    1
2003 10 29   8  34     6.25    -3.80   -16.81  -1747.11   -144.49    -79.27     10.06 4103185.50    0    1    1    1    1
2003 10 29   8  35     6.12    -3.80   -18.41  -1741.86   -144.03    -79.10     10.06 3903379.00    0    1    1    1    1
2003 10 29   8  36     3.73    -7.76   -18.41  -1737.26   -143.61    -78.95     10.15 3728548.43    0    1    1    1    1
2003 10 29   8  37     3.46    -8.63   -18.79  -1732.66   -143.20    -78.80     10.85 3553717.72    0    1    1    1    1
2003 10 29   8  38     0.43   -12.21   -18.79  -1728.07   -142.79    -78.65     11.61 3378887.10    0    1    1    1    1
2003 10 29   8  39    -0.85   -13.41   -21.39  -1723.47   -142.38    -78.49     11.80 3204056.45    0    1    1    1    1
2003 10 29   8  40    -4.75   -19.02   -21.39  -1718.22   -141.91    -78.32     11.74 3004250.00    0    1    1    1    1
2003 10 29   8  41   -15.88   -19.02    -2.00  -1713.62   -141.50    -78.16     11.68 2829419.33    0    1    1    1    1
2003 10 29   8  42   -19.28   -17.97    11.41  -1709.03   -141.09    -78.01     11.62 2654588.73    0    1    1    1    1
2003 10 29   8  43   -24.01   -17.97    11.41  -1703.77   -140.62    -77.83     11.55 2454782.27    0    1    1    1    1
2003 10 29   8  44   -24.01   -24.13     7.78  -1699.18   -140.22    -77.67     11.50 2279951.57    0    1    1    1    1
2003 10 29   8  45   -23.05   -26.78     6.66  -1697.07   -140.01    -77.63     11.45 2231754.00    0    1    1    1    1
2003 10 29   8  46   -22.34   -26.78     6.66  -1695.81   -139.88    -77.62     11.38 2234560.50    0    1    1    1    1
2003 10 29   8  47   -21.99   -26.47     6.72  -1694.71   -139.76    -77.63     11.32 2237016.17    0    1    1    1    1
2003 10 29   8  48   -21.99   -26.47     6.75  -1693.60   -139.63    -77.62     11.27 2239471.73    0    1    1    1    1
2003 10 29   8  49   -22.47   -26.17     6.72  -1692.34   -139.50    -77.62     10.54 2242278.27    0    1    1    1    1
2003 10 29   8  50   -24.02   -26.17     4.36  -1691.23   -139.38    -77.62      8.86 2244733.83    0    1    1    1    1
2003 10 29   8  51   -24.02   -26.17     4.36  -1690.13   -139.27    -77.62      7.18 2247189.50    0    1    1    1    1
2003 10 29   8  52   -21.19   -27.07     4.29  -1688.87   -139.13    -77.62      7.25 2249996.00    0    1    1    1    1
2003 10 29   8  53   -21.19   -27.07     4.29  -1687.61   -138.99    -77.62      8.50 2252802.38    0    1    1    1    1
2003 10 29   8  54   -21.24   -27.70     4.21  -1686.50   -138.88    -77.61      8.90 2255258.10    0    1    1    1    1
2003 10 29   8  55   -22.23   -28.50     3.24  -1685.39   -138.76    -77.61      8.82 2257713.73    0    1    1    1    1
2003 10 29   8  56   -22.41   -28.50     3.24  -1684.13   -138.63    -77.60      8.72 2260520.12    0    1    1    1    1
2003 10 29   8  57   -23.15   -27.59     4.16  -1683.03   -138.51    -77.60      8.64 2262975.83    0    1    1    1    1
2003 10 29   8  58   -23.53   -27.21     4.91  -1681.92   -138.40    -77.59      8.56 2265431.45    0    1    1    1    1
2003 10 29   8  59   -23.96   -27.00     5.30  -1680.66   -138.26    -77.59      8.47 2268237.88    0    1    1    1    1
2003 10 29   9   0   -24.76   -24.99     7.26  -1679.40   -138.13    -77.58      8.38 2271044.38    0    1    1    1    1
2003 10 29   9   1   -24.76   -21.50     7.26  -1678.29   -138.01    -77.57      8.29 2273500.00    0    1    1    1    1
2003 10 29   9   2   -20.97   -21.50     8.23  -1677.19   -137.90    -77.56      8.21 2275955.62    0    1    1    1    1
2003 10 29   9   3   -20.91   -21.50     8.23  -1675.92   -137.77    -77.56      8.12 2278762.12    0    1    1    1    1
2003 10 29   9   4   -20.23   -21.50     8.23  -1674.82   -137.65    -77.55      8.03 2281217.73    0    1    1    1    1
2003 10 29   9   5   -19.24   -22.08     2.95  -1673.72   -137.53    -77.54      7.95 2283673.38    0    1    1    1    1
2003 10 29   9   6   -19.24   -22.08     2.95  -1672.45   -137.40    -77.53      7.86 2286479.88    0    1    1    1    1
2003 10 29   9   7   -21.21   -16.24     5.27  -1671.19   -137.28    -77.52      7.76 2289286.27    0    1    1    1    1
2003 10 29   9   8   -22.75   -12.98     7.77  -1670.09   -137.16    -77.51      7.68 2291741.90    0    1    1    1    1
2003 10 29   9   9   -22.75   -12.98     7.77  -1668.99   -137.05    -77.50      7.60 2294197.62    0    1    1    1    1
2003 10 29   9  10   -23.13   -13.15     7.77  -1667.72   -136.91    -77.48      7.51 2297004.00    0    1    1    1    1
2003 10 29   9  11   -23.73   -14.77     8.31  -1666.46   -136.79    -77.47      7.46 2299810.50    0    1    1    1    1
2003 10 29   9  12   -23.79   -16.52     8.31  -1665.35   -136.67    -77.46      7.77 2302266.17    0    1    1    1    1
2003 10 29   9  13   -23.79   -17.97     6.51  -1664.25   -136.56    -77.45      8.17 2304721.73    0    1    1    1    1
2003 10 29   9  14   -22.63   -19.79     6.51  -1662.99   -136.43    -77.44      8.73 2307528.27    0    1    1    1    1
2003 10 29   9  15   -21.68   -19.79     6.51  -1661.88   -136.32    -77.43      9.35 2309983.83    0    1    1    1    1
2003 10 29   9  16   -21.33   -20.04     6.57  -1660.78   -136.21    -77.41      9.94 2312439.50    0    1    1    1    1
2003 10 29   9  17   -18.86   -20.55     6.49  -1659.51   -136.08    -77.39     10.46 2315246.00    0    1    1    1    1
2003 10 29   9  18   -15.95   -20.55     4.87  -1658.11   -135.94    -77.36     10.88 2318843.43    0    1    1    1    1
2003 10 29   9  19   -15.95   -20.35     4.87  -1655.82   -135.74    -77.30     11.15 2325295.42    0    1    1    1    1
2003 10 29   9  20   -18.57   -19.73     8.79  -1653.19   -135.50    -77.21     10.92 2332669.12    0    1    1    1    1
2003 10 29   9  21   -18.57   -18.34    11.24  -1650.57   -135.25    -77.14     10.73 2340042.88    0    1    1    1    1
2003 10 29   9  22   -18.90   -17.47    12.50  -1648.27   -135.05    -77.06     11.13 2346494.83    0    1    1    1    1
2003 10 29   9  23   -19.65   -17.47    12.50  -1645.98   -134.84    -76.99     11.64 2352946.88    0    1    1    1    1
2003 10 29   9  24   -19.65   -15.93    13.94  -1643.36   -134.60    -76.91     11.45 2360320.58    0    1    1    1    1
2003 10 29   9  25   -17.79   -15.37    13.94  -1641.06   -134.39    -76.83     10.97 2366772.57    0    1    1    1    1
2003 10 29   9  26   -17.79   -15.37    13.94  -1638.77   -134.19    -76.76     10.71 2373224.58    0    1    1    1    1
2003 10 29   9  27   -20.85   -18.52    11.94  -1636.14   -133.95    -76.67     10.89 2380598.30    0    1    1    1    1
2003 10 29   9  28   -21.48   -18.73    11.94  -1633.85   -133.74    -76.60     11.07 2387050.27    0    1    1    1    1
2003 10 29   9  29   -21.99   -19.27    14.06  -1631.55   -133.53    -76.53     11.14 2393502.30    0    1    1    1    1
2003 10 29   9  30   -23.01   -20.01    14.06  -1628.93   -133.30    -76.44     10.74 2400876.05    0    1    1    1    1
2003 10 29   9  31   -23.02   -20.01    14.41  -1626.63   -133.10    -76.36     10.34 2407328.00    0    1    1    1    1
2003 10 29   9  32   -23.02   -19.81    16.28  -1624.34   -132.88    -76.29     10.00 2413780.05    0    1    1    1    1
2003 10 29   9  33   -22.82   -19.81    16.40  -1621.72   -132.65    -76.20      9.73 2421153.75    0    1    1    1    1
2003 10 29   9  34   -22.57   -19.53    16.46  -1619.42   -132.45    -76.12      9.51 2427605.73    0    1    1    1    1
2003 10 29   9  35   -22.45   -19.17    16.88  -1617.12   -132.25    -76.05      9.27 2434057.75    0    1    1    1    1
2003 10 29   9  36   -21.85   -19.00    17.53  -1614.50   -132.01    -75.95      8.99 2441431.42    0    1    1    1    1
2003 10 29   9  37   -20.96   -18.13    18.21  -1612.20   -131.81    -75.88      8.66 2447883.50    0    1    1    1    1
2003 10 29   9  38   -20.92   -17.87    18.42  -1609.91   -131.60    -75.80      8.30 2454335.42    0    1    1    1    1
2003 10 29   9  39   -19.89   -16.96    20.28  -1607.29   -131.37    -75.70      7.88 2461709.17    0    1    1    1    1
2003 10 29   9  40   -15.85   -13.64    20.28  -1604.99   -131.17    -75.62      7.45 2468161.17    0    1    1    1    1
2003 10 29   9  41   -14.53   -10.09    17.95  -1602.69   -130.97    -75.54      7.04 2474613.17    0    1    1    1    1
2003 10 29   9  42   -13.82    -6.57    17.66  -1600.07   -130.73    -75.45      6.93 2481986.88    0    1    1    1    1
2003 10 29   9  43   -13.82    -6.57    17.66  -1597.78   -130.53    -75.36      6.93 2488438.90    0    1    1    1    1
2003 10 29   9  44   -12.76    -9.02    18.23  -1595.48   -130.33    -75.29      6.84 2494890.88    0    1    1    1    1
2003 10 29   9  45   -14.57    -9.02    18.23  -1592.86   -130.09    -75.19      6.52 2502264.62    0    1    1    1    1
2003 10 29   9  46   -14.05    -9.02    18.23  -1590.56   -129.89    -75.11      6.24 2508716.57    0    1    1    1    1
2003 10 29   9  47   -14.27   -10.19    17.92  -1588.27   -129.69    -75.02      6.28 2515168.62    0    1    1    1    1
2003 10 29   9  48   -14.05   -11.06    16.93  -1585.64   -129.46    -74.92      7.31 2522542.30    0    1    1    1    1
2003 10 29   9  49   -14.27   -11.23    14.77  -1583.35   -129.26    -74.84      8.27 2528994.33    0    1    1    1    1
2003 10 29   9  50   -13.93   -11.23    14.77  -1581.05   -129.06    -74.75      9.35 2535446.38    0    1    1    1    1
2003 10 29   9  51   -14.09    -8.77    16.39  -1578.42   -128.83    -74.66     10.63 2542820.05    0    1    1    1    1
2003 10 29   9  52   -14.09    -8.77    16.39  -1576.31   -128.64    -74.58     12.22 2528992.45    0    1    1    1    1
2003 10 29   9  53   -15.19    -9.08    14.11  -1574.74   -128.50    -74.53     13.85 2505762.60    0    1    1    1    1
2003 10 29   9  54   -15.19    -9.45    13.61  -1573.18   -128.36    -74.48     14.96 2482532.73    0    1    1    1    1
2003 10 29   9  55   -15.77   -12.44    11.54  -1571.40   -128.20    -74.42     14.71 2455984.40    0    1    1    1    1
2003 10 29   9  56   -15.08   -12.44    11.41  -1569.84   -128.06    -74.36     14.43 2432754.60    0    1    1    1    1
2003 10 29   9  57   -15.71   -11.31    10.48  -1568.28   -127.92    -74.31     14.20 2409524.65    0    1    1    1    1
2003 10 29   9  58   -15.71   -11.31    10.20  -1566.49   -127.77    -74.25     13.95 2382976.35    0    1    1    1    1
2003 10 29   9  59   -15.71   -11.66     9.43  -1564.94   -127.63    -74.19     14.14 2359746.50    0    1    1    1    1
2003 10 29  10   0   -16.26   -13.22     8.33  -1563.38   -127.49    -74.14     14.71 2336516.60    0    1    1    1    1
2003 10 29  10   1   -15.67   -12.90     7.77  -1561.59   -127.33    -74.08     15.05 2309968.27    0    1    1    1    1
2003 10 29  10   2   -15.67   -12.90     3.92  -1560.03   -127.19    -74.02     15.13 2286738.40    0    1    1    1    1
2003 10 29  10   3   -11.82   -12.90    -2.04  -1558.47   -127.06    -73.96     15.13 2263508.55    0    1    1    1    1
2003 10 29  10   4   -10.15   -11.83    -8.24  -1556.69   -126.90    -73.89     15.03 2236960.22    0    1    1    1    1
2003 10 29  10   5     0.47    -9.16   -14.39  -1554.90   -126.74    -73.83     14.72 2210411.78    0    1    1    1    1
2003 10 29  10   6     7.54    -6.54   -17.47  -1553.34   -126.61    -73.77     14.40 2187181.93    0    1    1    1    1
2003 10 29  10   7     7.79    -5.30   -21.24  -1551.78   -126.47    -73.71     13.67 2163952.15    0    1    1    1    1
2003 10 29  10   8     7.79    -2.41   -21.24  -1550.00   -126.31    -73.65     12.79 2137403.73    0    1    1    1    1
2003 10 29  10   9     7.39    -2.41   -17.02  -1548.44   -126.18    -73.59     12.61 2114173.93    0    1    1    1    1
2003 10 29  10  10    -9.38   -13.78    -1.59  -1546.88   -126.04    -73.53     12.85 2090944.08    0    1    1    1    1
2003 10 29  10  11   -14.49   -15.09     8.77  -1545.10   -125.89    -73.46     12.99 2064395.62    0    1    1    1    1
2003 10 29  10  12   -19.81   -16.10    14.41  -1543.53   -125.75    -73.40     12.56 2041165.87    0    1    1    1    1
2003 10 29  10  13   -22.40   -17.25    16.06  -1541.97   -125.62    -73.34     12.05 2017936.00    0    1    1    1    1
2003 10 29  10  14   -23.57   -17.25    17.18  -1540.19   -125.47    -73.27     11.47 1991387.57    0    1    1    1    1
2003 10 29  10  15   -24.61   -18.31    18.05  -1538.41   -125.31    -73.20     10.89 1964839.23    0    1    1    1    1
2003 10 29  10  16   -24.61   -19.47    18.05  -1536.85   -125.18    -73.14     10.38 1941609.37    0    1    1    1    1
2003 10 29  10  17   -24.31   -20.60    17.07  -1535.29   -125.04    -73.08      9.88 1918379.52    0    1    1    1    1
2003 10 29  10  18   -23.28   -21.93    16.89  -1533.50   -124.89    -73.01      9.29 1891831.18    0    1    1    1    1
2003 10 29  10  19   -22.52   -21.93    16.89  -1531.94   -124.76    -72.94      8.79 1868601.27    0    1    1    1    1
2003 10 29  10  20   -22.33   -20.88    16.89  -1530.38   -124.62    -72.88      8.28 1845371.48    0    1    1    1    1
2003 10 29  10  21   -22.12   -20.88    15.44  -1528.60   -124.47    -72.81      7.70 1818823.10    0    1    1    1    1
2003 10 29  10  22   -21.37   -20.88    14.51  -1527.04   -124.34    -72.74      7.19 1795593.23    0    1    1    1    1
2003 10 29  10  23   -19.83   -18.09    14.51  -1525.48   -124.21    -72.67      6.68 1772363.43    0    1    1    1    1
2003 10 29  10  24   -17.43   -17.98    15.05  -1523.69   -124.05    -72.60      5.80 1745815.02    0    1    1    1    1
2003 10 29  10  25   -17.23   -17.96    15.05  -1522.26   -123.94    -72.54      4.75 1719801.68    0    1    1    1    1
2003 10 29  10  26   -16.78   -17.96    13.17  -1522.16   -123.92    -72.55      4.69 1699758.73    0    1    1    1    1
2003 10 29  10  27   -16.30   -16.63    12.12  -1522.16   -123.92    -72.55      5.21 1680038.75    0    1    1    1    1
2003 10 29  10  28   -15.27   -15.48    11.71  -1522.16   -123.91    -72.56      5.80 1657501.75    0    1    1    1    1
2003 10 29  10  29   -14.59   -14.69    10.94  -1522.16   -123.91    -72.57      6.01 1634964.75    0    1    1    1    1
2003 10 29  10  30   -14.59   -14.10    10.78  -1522.16   -123.91    -72.58      6.01 1615244.87    0    1    1    1    1
2003 10 29  10  31   -14.55   -13.57    10.78  -1522.16   -123.90    -72.58      6.12 1595524.95    0    1    1    1    1
2003 10 29  10  32    -5.93    -5.04    21.57  -1522.16   -123.90    -72.59      6.79 1572987.88    0    1    1    1    1
2003 10 29  10  33    -5.93    -5.04    21.71  -1522.16   -123.89    -72.59      7.55 1550450.88    0    1    1    1    1
2003 10 29  10  34    -5.93    -5.82    22.57  -1522.16   -123.89    -72.60      8.21 1530731.00    0    1    1    1    1
2003 10 29  10  35    -6.82    -6.02    23.04  -1522.16   -123.89    -72.60      8.86 1511011.12    0    1    1    1    1
2003 10 29  10  36    -6.82    -7.72    26.43  -1522.16   -123.89    -72.61      9.62 1488474.02    0    1    1    1    1
2003 10 29  10  37    -7.37    -7.72    26.52  -1522.16   -123.88    -72.61     10.44 1465937.00    0    1    1    1    1
2003 10 29  10  38    -7.37    -7.56    26.43  -1522.16   -123.88    -72.62     11.20 1446217.13    0    1    1    1    1
2003 10 29  10  39    -6.64    -6.09    25.91  -1522.16   -123.88    -72.62     12.52 1426497.25    0    1    1    1    1
2003 10 29  10  40    -6.64    -6.09    21.58  -1522.16   -123.88    -72.62     14.16 1403960.25    0    1    1    1    1
2003 10 29  10  41    -9.83    -8.91    17.44  -1522.16   -123.88    -72.62     15.64 1381423.12    0    1    1    1    1
2003 10 29  10  42    -9.83    -8.91    16.49  -1522.16   -123.88    -72.63     16.72 1361703.23    0    1    1    1    1
2003 10 29  10  43    -9.77    -9.38    14.96  -1522.16   -123.88    -72.63     17.77 1341983.38    0    1    1    1    1
2003 10 29  10  44    -9.77    -9.39    14.93  -1522.16   -123.88    -72.63     18.50 1319446.38    0    1    1    1    1
2003 10 29  10  45    -9.77    -9.39    13.89  -1522.16   -123.88    -72.63     19.00 1299726.50    0    1    1    1    1
2003 10 29  10  46    -9.12    -9.39    12.82  -1522.16   -123.88    -72.63     19.46 1280006.50    0    1    1    1    1
2003 10 29  10  47    -9.00   -13.87     9.01  -1522.16   -123.88    -72.63     19.36 1257469.50    0    1    1    1    1
2003 10 29  10  48    -7.92   -13.87     9.01  -1522.16   -123.88    -72.63     19.02 1234932.50    0    1    1    1    1
2003 10 29  10  49    -7.44   -10.95     9.76  -1522.16   -123.88    -72.63     18.62 1215212.63    0    1    1    1    1
2003 10 29  10  50    -7.44   -10.95    11.47  -1522.16   -123.88    -72.62     17.99 1195492.70    0    1    1    1    1
2003 10 29  10  51   -10.04   -13.19    10.21  -1522.16   -123.88    -72.62     17.74 1172955.62    0    1    1    1    1
2003 10 29  10  52   -10.04   -13.19    11.25  -1522.16   -123.88    -72.62     19.91 1150418.62    0    1    1    1    1
2003 10 29  10  53   -10.86   -10.05    10.83  -1522.16   -123.88    -72.62     22.10 1130698.77    0    1    1    1    1
2003 10 29  10  54   -11.56   -10.05    11.25  -1522.16   -123.88    -72.61     23.35 1110978.88    0    1    1    1    1
2003 10 29  10  55   -11.56   -12.23    11.31  -1522.16   -123.89    -72.61     24.13 1088441.80    0    1    1    1    1
2003 10 29  10  56   -10.75   -12.23    13.02  -1522.16   -123.89    -72.61     24.67 1065904.75    0    1    1    1    1
2003 10 29  10  57   -10.75   -12.05    14.69  -1540.67   -125.40    -73.48     24.69 1040638.65    0    1    1    1    1
2003 10 29  10  58   -12.05   -12.05    14.69  -1594.10   -129.75    -76.02     24.69 1010993.97    0    1    1    1    1
2003 10 29  10  59   -14.23   -13.63    14.21  -1591.16   -129.51    -75.88     24.76  992785.50    0    1    1    1    1
2003 10 29  11   0   -14.23   -16.16    12.75  -1588.21   -129.27    -75.73     25.05  974577.00    0    1    1    1    1
2003 10 29  11   1   -13.74   -19.96    12.20  -1584.85   -129.00    -75.56     25.39  953767.33    0    1    1    1    1
2003 10 29  11   2   -13.74   -20.26    12.20  -1581.90   -128.77    -75.42     25.59  935558.86    0    1    1    1    1
2003 10 29  11   3   -13.74   -21.31     9.77  -1578.95   -128.53    -75.27     25.59  917350.43    0    1    1    1    1
2003 10 29  11   4   -14.63   -22.53     9.77  -1576.01   -128.29    -75.12     25.62  899141.92    0    1    1    1    1
2003 10 29  11   5   -14.63   -25.07     5.53  -1573.07   -128.06    -74.98     25.96  880933.45    0    1    1    1    1
2003 10 29  11   6   -16.83   -25.07     5.53  -1569.70   -127.79    -74.81     26.35  860123.80    0    1    1    1    1
2003 10 29  11   7   -16.83   -24.12     8.30  -1566.75   -127.56    -74.66     25.75  841915.33    0    1    1    1    1
2003 10 29  11   8   -16.58   -24.12    10.67  -1563.81   -127.33    -74.51     24.73  823706.86    0    1    1    1    1
2003 10 29  11   9   -14.37   -24.67    11.43  -1560.44   -127.06    -74.33     23.85  802897.17    0    1    1    1    1
2003 10 29  11  10   -13.95   -24.67    12.47  -1557.50   -126.82    -74.19     23.80  784688.71    0    1    1    1    1
2003 10 29  11  11   -13.55   -23.55    15.25  -1554.55   -126.59    -74.03     23.80  766480.25    0    1    1    1    1
2003 10 29  11  12   -12.98   -23.55    15.25  -1551.19   -126.32    -73.86     23.80  745670.56    0    1    1    1    1
2003 10 29  11  13   -11.59   -24.61    10.87  -1548.24   -126.09    -73.71     23.80  727462.10    0    1    1    1    1
2003 10 29  11  14   -11.59   -24.61     9.18  -1545.30   -125.85    -73.55     23.80  709253.59    0    1    1    1    1
2003 10 29  11  15   -12.70   -24.12     9.18  -1541.93   -125.59    -73.38     23.80  688443.98    0    1    1    1    1
2003 10 29  11  16   -26.82   -13.61    19.22  -1538.99   -125.35    -73.23     23.73  670235.50    0    1    1    1    1
2003 10 29  11  17   -26.82   -13.61    19.99  -1536.04   -125.12    -73.08     22.82  652027.00    0    1    1    1    1
2003 10 29  11  18   -26.28   -16.20    19.99  -1532.68   -124.86    -72.90     21.60  631217.33    0    1    1    1    1
2003 10 29  11  19   -26.27   -17.69    19.61  -1529.73   -124.62    -72.75     20.84  613008.86    0    1    1    1    1
2003 10 29  11  20   -25.84   -18.21    19.61  -1526.79   -124.40    -72.60     20.26  594800.44    0    1    1    1    1
2003 10 29  11  21   -25.84   -18.89    20.01  -1523.84   -124.16    -72.44     19.64  576591.92    0    1    1    1    1
2003 10 29  11  22   -25.26   -19.16    20.01  -1520.90   -123.93    -72.29     18.67  558383.45    0    1    1    1    1
2003 10 29  11  23   -24.74   -19.66    19.46  -1517.53   -123.67    -72.11     17.29  537573.80    0    1    1    1    1
2003 10 29  11  24   -22.74   -21.97    18.68  -1514.59   -123.44    -71.95     14.16  519365.34    0    1    1    1    1
2003 10 29  11  25   -21.27   -23.87    18.50  -1511.64   -123.20    -71.80     10.40  501156.87    0    1    1    1    1
2003 10 29  11  26   -21.16   -24.07    17.66  -1508.28   -122.94    -71.62      7.49  480347.20    0    1    1    1    1
2003 10 29  11  27   -21.16   -24.07    17.66  -1505.33   -122.71    -71.46      7.41  462138.70    0    1    1    1    1
2003 10 29  11  28   -21.61   -23.40    18.33  -1502.38   -122.48    -71.30      7.41  443930.23    0    1    1    1    1
2003 10 29  11  29   -21.75   -23.40    18.34  -1499.02   -122.22    -71.12      7.20  423120.55    0    1    1    1    1
2003 10 29  11  30   -22.30   -23.91    18.53  -1496.07   -121.99    -70.97      6.72  404912.09    0    1    1    1    1
2003 10 29  11  31   -22.65   -24.53    18.34  -1493.13   -121.76    -70.80      6.24  386703.60    0    1    1    1    1
2003 10 29  11  32   -22.69   -25.02    18.03  -1491.87   -121.67    -70.72      6.36  378900.00    0    1    1    1    1
2003 10 29  11  33   -22.89   -25.02    16.94  -1491.87   -121.68    -70.71      6.88  378900.00    0    1    1    1    1
2003 10 29  11  34   -22.96   -25.02    16.67  -1491.87   -121.69    -70.69      7.43  378900.00    0    1    1    1    1
2003 10 29  11  35   -23.06   -25.06    16.55  -1491.87   -121.70    -70.67      8.31  378900.00    0    1    1    1    1
2003 10 29  11  36   -23.06   -25.27    16.67  -1491.87   -121.72    -70.64      9.19  378900.00    0    1    1    1    1
2003 10 29  11  37   -23.06   -25.53    16.93  -1491.87   -121.73    -70.62      8.85  378900.00    0    1    1    1    1
2003 10 29  11  38   -22.79   -25.45    16.93  -1491.87   -121.74    -70.60      7.91  378900.00    0    1    1    1    1
2003 10 29  11  39   -22.64   -25.45    16.78  -1491.87   -121.75    -70.58      7.10  378900.00    0    1    1    1    1
2003 10 29  11  40   -22.64   -25.45    16.70  -1491.87   -121.77    -70.56      7.46  378900.00    0    1    1    1    1
2003 10 29  11  41   -22.09   -25.40    16.50  -1491.87   -121.78    -70.53      7.79  378900.00    0    1    1    1    1
2003 10 29  11  42   -21.90   -25.73    16.44  -1491.87   -121.79    -70.51      7.15  378900.00    0    1    1    1    1
2003 10 29  11  43   -21.73   -25.61    16.07  -1491.87   -121.80    -70.49      6.28  378900.00    0    1    1    1    1
2003 10 29  11  44   -21.39   -25.96    16.07  -1491.87   -121.82    -70.46      6.01  378900.00    0    1    1    1    1
2003 10 29  11  45   -20.84   -26.01    16.07  -1491.87   -121.83    -70.44      6.01  378900.00    0    1    1    1    1
2003 10 29  11  46   -20.34   -27.45    16.38  -1491.87   -121.85    -70.42      6.01  378900.00    0    1    1    1    1
2003 10 29  11  47   -20.31   -27.55    16.38  -1491.87   -121.87    -70.39      6.18  378900.00    0    1    1    1    1
2003 10 29  11  48   -20.31   -27.45    16.65  -1491.87   -121.88    -70.36      6.53  378900.00    0    1    1    1    1
2003 10 29  11  49   -20.27   -27.55    16.65  -1491.87   -121.89    -70.34      6.83  378900.00    0    1    1    1    1
2003 10 29  11  50   -19.75   -27.86    14.24  -1491.87   -121.91    -70.31      6.93  378900.00    0    1    1    1    1
2003 10 29  11  51   -19.75   -27.86    14.24  -1491.87   -121.92    -70.28      6.93  378900.00    0    1    1    1    1
2003 10 29  11  52   -22.71   -20.29    18.00  -1491.87   -121.94    -70.25      6.71  378900.00    0    1    1    1    1
2003 10 29  11  53   -24.68   -19.18    18.31  -1491.87   -121.96    -70.22      6.31  378900.00    0    1    1    1    1
2003 10 29  11  54   -25.74   -19.18    18.67  -1491.87   -121.97    -70.20      6.22  378900.00    0    1    1    1    1
2003 10 29  11  55   -25.74   -19.82    18.31  -1491.87   -121.99    -70.17      6.88  378900.00    0    1    1    1    1
2003 10 29  11  56   -24.53   -21.20    18.10  -1491.87   -122.01    -70.14      7.43  378900.00    0    1    1    1    1
2003 10 29  11  57   -21.75   -26.90    15.43  -1491.87   -122.02    -70.11      7.60  378900.00    0    1    1    1    1
2003 10 29  11  58   -21.75   -26.90    15.43  -1491.87   -122.04    -70.08      7.75  378900.00    0    1    1    1    1
2003 10 29  11  59   -23.30   -26.27    15.59  -1491.87   -122.06    -70.05      7.49  378900.00    0    1    1    1    1
2003 10 29  12   0   -25.15   -25.72    15.59  -1491.87   -122.45    -69.36      7.62  378900.00    0    1    1    1    1
2003 10 29  12   1   -25.15   -25.59    15.59  -1491.87   -122.47    -69.32      8.24  378900.00    0    1    1    1    1
2003 10 29  12   2   -25.35   -23.61    16.12  -1491.87   -122.49    -69.30      8.99  378900.00    0    1    1    1    1
2003 10 29  12   3   -25.35   -23.09    16.12  -1491.87   -122.51    -69.25      9.93  378900.00    0    1    1    1    1
2003 10 29  12   4   -25.35   -23.09    14.75  -1493.09    -95.72    -33.16     10.31  487977.53    0    1    1    1    1
2003 10 29  12   5   -25.28   -24.36    14.15  -1496.73    -15.30     75.02      9.31  814804.67    0    1    1    1    1
2003 10 29  12   6   -24.01   -27.31    12.12  -1496.73    -15.28     75.03      8.52  814237.06    0    1    1    1    1
2003 10 29  12   7   -23.24   -27.31    12.12  -1496.73    -15.26     75.03      8.64  813669.44    0    1    1    1    1
2003 10 29  12   8   -23.78   -27.31    13.73  -1496.73    -15.23     75.03      8.86  813020.70    0    1    1    1    1
2003 10 29  12   9   -23.78   -26.89    13.73  -1496.73    -15.21     75.04      8.47  812372.00    0    1    1    1    1
2003 10 29  12  10   -25.08   -25.35    13.29  -1496.73    -15.19     75.04      7.87  811804.40    0    1    1    1    1
2003 10 29  12  11   -25.31   -25.02    12.76  -1496.73    -15.17     75.05      7.67  811236.77    0    1    1    1    1
2003 10 29  12  12   -25.69   -24.74    12.76  -1496.73    -15.14     75.05      8.52  810588.03    0    1    1    1    1
2003 10 29  12  13   -26.57   -22.39    14.79  -1496.73    -15.12     75.06      9.44  809939.33    0    1    1    1    1
2003 10 29  12  14   -28.08   -21.75    14.96  -1496.73    -15.10     75.06      9.69  809371.69    0    1    1    1    1
2003 10 29  12  15   -28.08   -20.86    15.02  -1496.73    -15.07     75.07      8.33  808804.09    0    1    1    1    1
2003 10 29  12  16   -27.86   -20.66    15.72  -1496.73    -15.05     75.07      6.86  808155.36    0    1    1    1    1
2003 10 29  12  17   -27.66   -20.18    15.79  -1496.73    -15.02     75.08      7.03  807506.67    0    1    1    1    1
2003 10 29  12  18   -27.65   -20.18    18.11  -1496.73    -15.00     75.08      7.62  806939.06    0    1    1    1    1
2003 10 29  12  19   -26.45   -18.80    18.22  -1496.73    -14.98     75.09      8.58  806371.41    0    1    1    1    1
2003 10 29  12  20   -25.69   -19.99    18.85  -1496.73    -14.95     75.09     10.05  805722.67    0    1    1    1    1
2003 10 29  12  21   -26.26   -19.99    18.85  -1496.73    -14.92     75.10     10.87  805073.97    0    1    1    1    1
2003 10 29  12  22   -26.26   -19.99    17.32  -1496.73    -14.90     75.10      9.95  804506.40    0    1    1    1    1
2003 10 29  12  23   -27.30   -19.71    17.15  -1496.73    -14.87     75.11      8.91  803938.70    0    1    1    1    1
2003 10 29  12  24   -28.05   -18.19    17.15  -1496.73    -14.84     75.11      8.11  803290.03    0    1    1    1    1
2003 10 29  12  25   -29.40   -15.39    17.23  -1496.73    -14.82     75.12      7.58  802641.33    0    1    1    1    1
2003 10 29  12  26   -32.81   -11.67    17.23  -1496.73    -14.79     75.12      7.51  802073.69    0    1    1    1    1
2003 10 29  12  27   -32.81   -10.57    17.23  -1496.73    -14.77     75.13      7.67  801506.03    0    1    1    1    1
2003 10 29  12  28   -32.65   -10.57    17.27  -1496.73    -14.74     75.13      7.84  800857.33    0    1    1    1    1
2003 10 29  12  29   -32.55    -8.88    17.82  -1496.73    -14.71     75.14      7.59  800208.64    0    1    1    1    1
2003 10 29  12  30   -32.65    -8.88    17.82  -1496.73    -14.68     75.14      7.21  799641.00    0    1    1    1    1
2003 10 29  12  31   -32.17    -8.65    17.82  -1496.73    -14.65     75.15      7.09  799073.36    0    1    1    1    1
2003 10 29  12  32   -32.54    -8.22    16.60  -1496.73    -14.62     75.16      7.62  798424.67    0    1    1    1    1
2003 10 29  12  33   -32.50    -8.22    16.49  -1496.73    -14.59     75.16      8.19  797775.97    0    1    1    1    1
2003 10 29  12  34   -32.50    -8.73    15.73  -1496.73    -14.57     75.17      7.80  797208.31    0    1    1    1    1
2003 10 29  12  35   -32.50    -9.07    15.53  -1496.73    -14.54     75.17      6.63  796640.67    0    1    1    1    1
2003 10 29  12  36   -32.78    -9.13    14.63  -1496.73    -14.51     75.18      5.68  795991.97    0    1    1    1    1
2003 10 29  12  37   -33.41    -9.21    12.55  -1500.52     -1.43     80.54      5.81  795298.84    0    1    1    1    1
2003 10 29  12  38   -33.73    -9.21    12.47  -1511.87     37.73     96.60      6.02  787813.44    0    1    1    1    1
2003 10 29  12  39   -35.47    -7.43    12.55  -1511.87     37.77     96.59      6.85  776439.22    0    1    1    1    1
2003 10 29  12  40   -35.76    -3.03    13.31  -1511.87     37.81     96.58      7.74  766486.77    0    1    1    1    1
2003 10 29  12  41   -35.95    -1.16    13.69  -1511.87     37.84     96.56      8.23  756534.39    0    1    1    1    1
2003 10 29  12  42   -36.53    -0.10    13.69  -1511.87     37.88     96.55      7.73  745160.16    0    1    1    1    1
2003 10 29  12  43   -36.53     0.26    15.06  -1511.87     37.92     96.53      7.17  733786.00    0    1    1    1    1
2003 10 29  12  44   -36.62     0.26    15.06  -1511.87     37.97     96.51      7.33  723833.58    0    1    1    1    1
2003 10 29  12  45   -36.50    -1.58    13.40  -1511.87     38.01     96.50      8.09  713881.14    0    1    1    1    1
2003 10 29  12  46   -36.24    -7.65    11.84  -1511.87     38.05     96.48      8.95  702506.95    0    1    1    1    1
2003 10 29  12  47   -36.19    -7.65    11.12  -1511.87     38.09     96.46      9.82  691132.78    0    1    1    1    1
2003 10 29  12  48   -36.19    -7.44    10.82  -1511.87     38.13     96.45     10.58  681180.33    0    1    1    1    1
2003 10 29  12  49   -36.99    -7.44     9.82  -1511.87     38.17     96.44     11.34  671227.91    0    1    1    1    1
2003 10 29  12  50   -37.39    -7.67     9.82  -1511.87     38.21     96.41     12.21  659853.72    0    1    1    1    1
2003 10 29  12  51   -37.40    -7.67     9.72  -1511.87     38.26     96.40     12.91  648479.55    0    1    1    1    1
2003 10 29  12  52   -37.39    -6.69     9.71  -1511.87     38.30     96.38     12.55  638527.14    0    1    1    1    1
2003 10 29  12  53   -36.90    -6.69     9.49  -1511.87     38.34     96.37     11.96  628574.69    0    1    1    1    1
2003 10 29  12  54   -36.67    -7.54     9.71  -1511.87     38.38     96.35     11.29  617200.50    0    1    1    1    1
2003 10 29  12  55   -36.20    -7.54    10.20  -1511.87     38.43     96.33     10.62  605826.34    0    1    1    1    1
2003 10 29  12  56   -36.20    -7.54    10.41  -1511.87     38.47     96.31     10.04  595873.86    0    1    1    1    1
2003 10 29  12  57   -36.47    -8.32    11.66  -1511.87     38.51     96.30      9.45  585921.45    0    1    1    1    1
2003 10 29  12  58   -36.74    -8.41    11.66  -1511.87     38.56     96.28      8.78  574547.28    0    1    1    1    1
2003 10 29  12  59   -36.74    -9.35     9.64  -1511.87     38.60     96.26      8.11  563173.09    0    1    1    1    1
2003 10 29  13   0   -36.65   -10.45     9.64  -1511.87     38.65     96.24      7.53  553220.67    0    1    1    1    1
2003 10 29  13   1   -35.96   -10.45    11.85  -1511.87     38.69     96.22      6.94  543268.25    0    1    1    1    1
2003 10 29  13   2   -35.96    -7.93    12.77  -1511.87     38.74     96.20      6.27  531894.05    0    1    1    1    1
2003 10 29  13   3   -35.96    -7.93    13.01  -1511.87     38.79     96.19      5.60  520519.84    0    1    1    1    1
2003 10 29  13   4   -35.03    -8.46    13.16  -1511.87     38.83     96.17      5.21  510567.44    0    1    1    1    1
2003 10 29  13   5   -35.03    -8.46    13.47  -1511.87     38.88     96.15      5.37  500615.00    0    1    1    1    1
2003 10 29  13   6   -35.13    -7.98    13.62  -1511.87     38.92     96.13      5.54  489240.84    0    1    1    1    1
2003 10 29  13   7   -35.66    -7.92    14.30  -1511.87     38.97     96.11      5.50  477866.63    0    1    1    1    1
2003 10 29  13   8   -35.67    -5.63    15.82  -1511.87     39.02     96.09      5.42  467914.23    0    1    1    1    1
2003 10 29  13   9   -35.67    -5.63    15.82  -1511.87     39.06     96.08      5.34  457961.80    0    1    1    1    1
2003 10 29  13  10   -35.84    -5.84    15.82  -1514.88     28.34     79.59      5.25  446632.03    0    1    1    1    1
2003 10 29  13  11   -36.49    -5.84    15.90  -1522.69     -3.97     30.21      5.17  442584.68    0    1    1    1    1
2003 10 29  13  12   -36.49    -5.55    16.06  -1520.73     -4.00     30.25      5.16  442720.16    0    1    1    1    1
2003 10 29  13  13   -36.48    -5.24    16.09  -1519.02     -4.04     30.29      5.16  442838.72    0    1    1    1    1
2003 10 29  13  14   -35.89    -5.24    16.15  -1517.31     -4.07     30.33      5.67  442957.25    0    1    1    1    1
2003 10 29  13  15   -35.75    -5.18    16.10  -1515.36     -4.11     30.36      6.58  443092.75    0    1    1    1    1
2003 10 29  13  16   -35.75    -4.79    16.28  -1513.65     -4.14     30.40      7.53  443211.28    0    1    1    1    1
2003 10 29  13  17   -36.02    -4.31    16.10  -1511.94     -4.17     30.44      9.97  443329.84    0    1    1    1    1
2003 10 29  13  18   -36.33    -4.31    15.79  -1509.98     -4.21     30.48     12.88  443465.32    0    1    1    1    1
2003 10 29  13  19   -37.35    -6.80    13.33  -1508.28     -4.25     30.51     12.92  443583.88    0    1    1    1    1
2003 10 29  13  20   -37.35    -7.45    13.33  -1506.56     -4.27     30.55     11.75  443702.41    0    1    1    1    1
2003 10 29  13  21   -36.85    -8.29    13.33  -1504.61     -4.31     30.59     10.36  443837.91    0    1    1    1    1
2003 10 29  13  22   -36.25    -8.73    13.09  -1502.65     -4.35     30.63      8.82  443973.38    0    1    1    1    1
2003 10 29  13  23   -36.85    -8.73    12.74  -1500.95     -4.39     30.67      7.51  444091.94    0    1    1    1    1
2003 10 29  13  24   -37.26    -6.06    12.74  -1499.23     -4.42     30.71      6.60  444210.48    0    1    1    1    1
2003 10 29  13  25   -37.26    -5.98    14.08  -1497.29     -4.45     30.75      5.64  444345.97    0    1    1    1    1
2003 10 29  13  26   -37.26    -4.56    14.08  -1495.57     -4.48     30.78      5.11  444464.52    0    1    1    1    1
2003 10 29  13  27   -37.45    -3.15    13.62  -1493.87     -4.52     30.82      4.99  444583.06    0    1    1    1    1
2003 10 29  13  28   -37.83    -1.85    13.60  -1491.91     -4.55     30.86      4.86  444718.54    0    1    1    1    1
2003 10 29  13  29   -37.83    -1.85    13.07  -1490.20     -4.58     30.90      4.80  444837.09    0    1    1    1    1
2003 10 29  13  30   -37.20    -7.33    10.18  -1488.49     -4.62     30.93      4.93  444955.65    0    1    1    1    1
2003 10 29  13  31   -37.20   -10.89     9.20  -1486.54     -4.65     30.97      5.08  445091.12    0    1    1    1    1
2003 10 29  13  32   -37.38   -10.89     8.73  -1484.83     -4.68     31.01      5.03  445209.69    0    1    1    1    1
2003 10 29  13  33   -37.98   -10.89     8.91  -1483.12     -4.71     31.05      4.70  445328.22    0    1    1    1    1
2003 10 29  13  34   -37.98   -11.98     8.91  -1481.16     -4.75     31.09      4.74  445463.72    0    1    1    1    1
2003 10 29  13  35   -37.08   -12.64     9.40  -1479.45     -4.78     31.12      6.07  445582.25    0    1    1    1    1
2003 10 29  13  36   -37.08   -12.64     9.40  -1477.74     -4.81     31.16      7.50  445700.81    0    1    1    1    1
2003 10 29  13  37   -37.09   -11.07     9.40  -1475.79     -4.85     31.20      9.15  445836.28    0    1    1    1    1
2003 10 29  13  38   -37.19    -9.97     8.62  -1473.84     -4.88     31.25     10.79  445971.78    0    1    1    1    1
2003 10 29  13  39   -37.19    -9.97     8.34  -1472.12     -4.91     31.29     11.48  446090.31    0    1    1    1    1
2003 10 29  13  40   -37.04    -9.98     8.34  -1470.42     -4.94     31.32     10.20  446208.88    0    1    1    1    1
2003 10 29  13  41   -36.84   -10.96     8.81  -1468.46     -4.98     31.36      8.84  446344.35    0    1    1    1    1
2003 10 29  13  42   -36.78   -10.96     9.38  -1466.75     -5.01     31.40      9.10  446462.91    0    1    1    1    1
2003 10 29  13  43   -36.71   -10.30     9.98  -1465.04     -5.04     31.44      9.91  446581.45    0    1    1    1    1
2003 10 29  13  44   -36.49    -8.63     9.98  -1463.30     -5.02     31.61     10.22  446861.49    0    1    1    1    1
2003 10 29  13  45   -36.02    -8.63     8.68  -1462.45     -4.85     32.23     10.38  447606.45    0    1    1    1    1
2003 10 29  13  46   -36.45   -12.26     5.65  -1461.64     -4.66     32.90     10.54  448399.60    0    1    1    1    1
2003 10 29  13  47   -36.45   -13.43     5.65  -1460.73     -4.44     33.66     10.29  449306.04    0    1    1    1    1
2003 10 29  13  48   -36.88   -13.43     5.65  -1459.93     -4.25     34.32      9.66  450099.20    0    1    1    1    1
2003 10 29  13  49   -36.88   -14.66     4.00  -1459.13     -4.05     34.98      9.05  450892.34    0    1    1    1    1
2003 10 29  13  50   -36.86   -15.52     4.00  -1458.21     -3.83     35.74      8.51  451798.79    0    1    1    1    1
2003 10 29  13  51   -36.49   -15.52     4.00  -1457.30     -3.61     36.50      8.05  452705.24    0    1    1    1    1
2003 10 29  13  52   -36.49   -15.52     4.16  -1456.50     -3.42     37.16      8.25  453498.39    0    1    1    1    1
2003 10 29  13  53   -39.13   -13.90     5.65  -1455.70     -3.22     37.82      8.71  454291.53    0    1    1    1    1
2003 10 29  13  54   -40.76   -11.48     8.57  -1454.79     -3.00     38.58      9.23  455197.98    0    1    1    1    1
2003 10 29  13  55   -40.98   -10.88     8.57  -1453.87     -2.77     39.34      9.76  456104.43    0    1    1    1    1
2003 10 29  13  56   -41.47   -11.33     7.26  -1453.07     -2.57     40.00      9.75  456897.58    0    1    1    1    1
2003 10 29  13  57   -41.47   -11.33     7.26  -1452.26     -2.37     40.66      8.90  457690.73    0    1    1    1    1
2003 10 29  13  58   -40.89   -12.71     7.28  -1451.36     -2.14     41.41      7.92  458597.17    0    1    1    1    1
2003 10 29  13  59   -40.86   -12.78     7.28  -1450.55     -1.94     42.08      9.29  459390.32    0    1    1    1    1
2003 10 29  14   0   -40.86   -12.78     6.49  -1449.75     -1.74     42.73      8.61  460183.47    0    1    1    1    1
2003 10 29  14   1   -41.27   -11.71     2.80  -1448.84     -1.50     43.49      7.18  461089.92    0    1    1    1    1
2003 10 29  14   2   -41.27   -11.71     2.80  -1447.92     -1.27     44.25      6.40  461996.37    0    1    1    1    1
2003 10 29  14   3   -40.15   -12.97     4.94  -1447.12     -1.06     44.91      5.87  462789.52    0    1    1    1    1
2003 10 29  14   4   -39.92   -13.78     6.71  -1446.32     -0.85     45.57      5.58  463582.66    0    1    1    1    1
2003 10 29  14   5   -38.34   -15.70     9.48  -1445.40     -0.61     46.33      5.58  464489.11    0    1    1    1    1
2003 10 29  14   6   -38.18   -16.48    10.02  -1444.61     -0.40     46.98      5.58  465282.26    0    1    1    1    1
2003 10 29  14   7   -38.18   -16.48    10.02  -1443.81     -0.20     47.64      5.58  466075.40    0    1    1    1    1
2003 10 29  14   8   -38.33   -16.47     9.45  -1442.89      0.05     48.40      5.59  466981.86    0    1    1    1    1
2003 10 29  14   9   -39.19   -16.47     7.03  -1441.97      0.29     49.15      5.73  467888.30    0    1    1    1    1
2003 10 29  14  10   -39.19   -17.46     6.53  -1441.18      0.50     49.81      5.89  468681.45    0    1    1    1    1
2003 10 29  14  11   -38.97   -18.22     6.53  -1440.38      0.71     50.47      6.09  469474.60    0    1    1    1    1
2003 10 29  14  12   -38.91   -18.33     6.89  -1439.46      0.96     51.22      6.44  470381.04    0    1    1    1    1
2003 10 29  14  13   -38.91   -18.61     7.17  -1438.66      1.17     51.87      6.74  471174.20    0    1    1    1    1
2003 10 29  14  14   -38.91   -18.81     7.48  -1437.86      1.39     52.53      7.15  471967.34    0    1    1    1    1
2003 10 29  14  15   -38.95   -19.15     7.48  -1436.95      1.64     53.28      7.74  472873.79    0    1    1    1    1
2003 10 29  14  16   -38.95   -19.15     6.68  -1436.03      1.89     54.03      8.82  473780.24    0    1    1    1    1
2003 10 29  14  17   -39.21   -18.42     6.27  -1435.23      2.10     54.69     14.27  474573.39    0    1    1    1    1
2003 10 29  14  18   -39.21   -18.42     5.75  -1435.00      2.20     54.88     21.00  470759.70    0    1    1    1    1
2003 10 29  14  19   -39.20   -18.42     4.32  -1435.00      2.24     54.88     21.87  464295.15    0    1    1    1    1
2003 10 29  14  20   -39.20   -18.42     4.32  -1435.00      2.27     54.87     16.43  457830.62    0    1    1    1    1
2003 10 29  14  21   -39.20   -17.45     4.39  -1435.00      2.31     54.87     12.49  452174.20    0    1    1    1    1
2003 10 29  14  22   -39.10   -17.45     4.53  -1435.00      2.34     54.87     11.53  446517.75    0    1    1    1    1
2003 10 29  14  23   -39.10   -17.40     4.53  -1435.00      2.39     54.87     10.38  440053.23    0    1    1    1    1
2003 10 29  14  24   -40.23   -15.44     2.13  -1435.00      2.42     54.87      7.97  433588.73    0    1    1    1    1
2003 10 29  14  25   -40.37   -15.44     1.93  -1435.00      2.46     54.87      5.68  427932.23    0    1    1    1    1
2003 10 29  14  26   -40.80   -15.44     0.66  -1435.00      2.50     54.86      5.00  422275.83    0    1    1    1    1
2003 10 29  14  27   -40.80   -15.48     0.66  -1435.00      2.54     54.86      5.46  415811.27    0    1    1    1    1
2003 10 29  14  28   -39.80   -17.16     1.98  -1435.00      2.58     54.86      5.88  409346.77    0    1    1    1    1
2003 10 29  14  29   -39.67   -18.11     2.86  -1435.00      2.62     54.86      5.87  403690.30    0    1    1    1    1
2003 10 29  14  30   -39.62   -18.16     2.86  -1435.00      2.66     54.86      5.68  398033.88    0    1    1    1    1
2003 10 29  14  31   -39.67   -18.16     2.65  -1435.00      2.70     54.86      5.35  391569.38    0    1    1    1    1
2003 10 29  14  32   -39.91   -15.95    -1.48  -1435.00      2.74     54.85      4.92  385104.85    0    1    1    1    1
2003 10 29  14  33   -39.91   -15.95    -1.72  -1435.00      2.77     54.85      4.53  379448.37    0    1    1    1    1
2003 10 29  14  34   -37.69   -16.63    -1.72  -1435.00      2.81     54.85      4.47  373791.95    0    1    1    1    1
2003 10 29  14  35   -34.29   -19.86    10.29  -1435.00      2.85     54.85      4.64  367327.40    0    1    1    1    1
2003 10 29  14  36   -33.11   -22.81    10.29  -1435.00      2.90     54.85      4.82  360862.90    0    1    1    1    1
2003 10 29  14  37   -33.11   -23.45    10.02  -1435.00      2.93     54.84      4.98  355206.44    0    1    1    1    1
2003 10 29  14  38   -33.11   -23.86     7.95  -1435.00      2.97     54.84      5.12  349550.00    0    1    1    1    1
2003 10 29  14  39   -33.41   -23.94     7.42  -1435.00      3.01     54.84      5.03  343085.50    0    1    1    1    1
2003 10 29  14  40   -33.41   -23.94     7.67  -1435.00      3.06     54.84      4.87  336620.98    0    1    1    1    1
2003 10 29  14  41   -33.65   -24.02     7.42  -1435.00      3.09     54.83      4.87  330964.53    0    1    1    1    1
2003 10 29  14  42   -33.90   -24.02     7.30  -1435.00      3.12     54.83      5.31  325308.05    0    1    1    1    1
2003 10 29  14  43   -34.10   -23.84     6.95  -1435.00      3.17     54.83      5.86  318843.55    0    1    1    1    1
2003 10 29  14  44   -34.91   -23.48     6.95  -1435.00      3.22     54.83      7.80  312379.02    0    1    1    1    1
2003 10 29  14  45   -36.51   -23.48     7.47  -1435.00      3.25     54.83     10.17  306722.56    0    1    1    1    1
2003 10 29  14  46   -38.12   -23.94     7.47  -1435.00      3.29     54.82     12.38  301066.12    0    1    1    1    1
2003 10 29  14  47   -38.21   -24.09     6.31  -1435.00      3.33     54.82     12.18  294601.62    0    1    1    1    1
2003 10 29  14  48   -38.21   -25.91     4.19  -1435.00      3.38     54.82     11.02  288137.10    0    1    1    1    1
2003 10 29  14  49   -38.30   -26.13     2.63  -1435.00      3.41     54.82      9.58  282480.67    0    1    1    1    1
2003 10 29  14  50   -37.88   -26.95     2.63  -1439.98     -0.45     58.01      7.73  276609.01    0    1    1    1    1
2003 10 29  14  51   -38.08   -27.11     3.91  -1447.44     -7.58     63.18      6.23  278445.17    0    1    1    1    1
2003 10 29  14  52   -38.08   -27.11     3.91  -1447.44     -9.38     63.72      6.66  283164.52    0    1    1    1    1
2003 10 29  14  53   -40.56   -23.87     3.66  -1447.43    -11.44     64.34      7.29  288558.07    0    1    1    1    1
2003 10 29  14  54   -41.01   -22.69     3.65  -1447.43    -13.48     64.96      7.41  293951.61    0    1    1    1    1
2003 10 29  14  55   -41.01   -22.69     3.65  -1447.43    -15.27     65.51      7.41  298670.97    0    1    1    1    1
2003 10 29  14  56   -40.36   -23.95     2.87  -1447.43    -17.06     66.06      7.41  303390.33    0    1    1    1    1
2003 10 29  14  57   -39.19   -25.83     1.99  -1447.43    -19.11     66.69      7.41  308783.87    0    1    1    1    1
2003 10 29  14  58   -39.19   -25.83     1.98  -1447.42    -21.16     67.33      7.41  314177.42    0    1    1    1    1
2003 10 29  14  59   -39.05   -26.09     1.99  -1447.42    -22.94     67.89      7.74  318896.77    0    1    1    1    1
2003 10 29  15   0   -37.38   -28.02     1.84  -1447.42    -24.73     68.45      8.73  323616.13    0    1    1    1    1
2003 10 29  15   1   -36.86   -28.94     1.84  -1447.42    -26.77     69.09      9.85  329009.67    0    1    1    1    1
2003 10 29  15   2   -36.86   -28.94     0.66  -1447.41    -28.82     69.75     10.82  334403.23    0    1    1    1    1
2003 10 29  15   3   -36.90   -28.94     0.19  -1447.41    -30.60     70.31     11.39  339122.58    0    1    1    1    1
2003 10 29  15   4   -36.90   -29.12     0.04  -1447.41    -32.38     70.89     11.20  343841.94    0    1    1    1    1
2003 10 29  15   5   -35.71   -30.33     0.19  -1447.41    -34.42     71.54      8.67  349235.48    0    1    1    1    1
2003 10 29  15   6   -35.71   -30.33     0.67  -1447.41    -36.46     72.21      6.45  354629.03    0    1    1    1    1
2003 10 29  15   7   -36.81   -29.62     0.67  -1447.40    -38.24     72.79      5.81  359348.39    0    1    1    1    1
2003 10 29  15   8   -36.81   -29.62     0.09  -1447.40    -40.02     73.38      5.27  364067.74    0    1    1    1    1
2003 10 29  15   9   -36.81   -29.73    -0.25  -1447.40    -42.05     74.05      4.89  369461.29    0    1    1    1    1
2003 10 29  15  10   -36.80   -29.99    -0.77  -1447.40    -44.09     74.72      5.28  374854.84    0    1    1    1    1
2003 10 29  15  11   -36.80   -29.99    -0.77  -1447.40    -45.86     75.31      5.88  379574.20    0    1    1    1    1
2003 10 29  15  12   -38.06   -28.09     0.32  -1447.39    -47.64     75.91      7.17  384293.55    0    1    1    1    1
2003 10 29  15  13   -38.41   -27.51     0.77  -1447.39    -49.67     76.60      8.56  389687.10    0    1    1    1    1
2003 10 29  15  14   -38.48   -27.25     1.01  -1447.39    -51.70     77.28      8.32  395080.64    0    1    1    1    1
2003 10 29  15  15   -38.55   -27.18     1.01  -1447.39    -53.47     77.89      7.64  399800.00    0    1    1    1    1
2003 10 29  15  16   -38.55   -27.18    -0.43  -1447.39    -55.23     78.49      6.96  404519.36    0    1    1    1    1
2003 10 29  15  17   -37.33   -28.91    -2.63  -1447.38    -57.26     79.19      6.18  409912.90    0    1    1    1    1
2003 10 29  15  18   -37.33   -28.91    -2.63  -1447.38    -59.28     79.90      5.41  415306.46    0    1    1    1    1
2003 10 29  15  19   -38.36   -25.33     3.11  -1447.38    -61.05     80.51      4.96  420025.80    0    1    1    1    1
2003 10 29  15  20   -39.13   -22.56     8.60  -1447.38    -62.82     81.13      4.66  424745.16    0    1    1    1    1
2003 10 29  15  21   -39.13   -22.56     8.60  -1447.38    -64.84     81.84      4.30  430138.71    0    1    1    1    1
2003 10 29  15  22   -38.04   -24.63     8.48  -1447.37    -66.86     82.56      3.95  435532.26    0    1    1    1    1
2003 10 29  15  23   -36.81   -28.27     4.66  -1447.37    -68.62     83.18      3.72  440251.61    0    1    1    1    1
2003 10 29  15  24   -36.16   -29.53     4.66  -1445.66    -68.95     84.37      3.97  455569.98    0    1    1    1    1
2003 10 29  15  25   -36.16   -29.53     6.56  -1442.91    -68.67     85.97      4.30  477921.95    0    1    1    1    1
2003 10 29  15  26   -36.63   -28.41     6.56  -1440.51    -68.42     87.37      4.63  497479.94    0    1    1    1    1
2003 10 29  15  27   -37.17   -28.06     6.01  -1438.11    -68.17     88.77      4.97  517037.90    0    1    1    1    1
2003 10 29  15  28   -37.37   -27.89     5.21  -1435.37    -67.88     90.37      5.37  539389.88    0    1    1    1    1
2003 10 29  15  29   -37.37   -27.37     5.21  -1432.97    -67.63     91.77      5.77  558947.88    0    1    1    1    1
2003 10 29  15  30   -37.25   -27.35     5.46  -1430.57    -67.38     93.18      6.25  578505.84    0    1    1    1    1
2003 10 29  15  31   -36.81   -26.37     7.63  -1428.16    -67.11     94.58      6.74  598063.81    0    1    1    1    1
2003 10 29  15  32   -35.76   -26.37    10.47  -1425.76    -66.85     95.98      6.09  617621.81    0    1    1    1    1
2003 10 29  15  33   -35.76   -25.90    10.78  -1423.02    -66.55     97.58      4.50  639973.75    0    1    1    1    1
2003 10 29  15  34   -36.19   -26.66    10.47  -1420.62    -66.28     98.98      3.81  659531.75    0    1    1    1    1
2003 10 29  15  35   -36.19   -27.76     7.61  -1418.22    -66.02    100.38      4.21  679089.75    0    1    1    1    1
2003 10 29  15  36   -36.19   -27.76     7.61  -1415.47    -65.71    101.98      4.65  701441.69    0    1    1    1    1
2003 10 29  15  37   -36.09   -27.31     7.88  -1413.07    -65.43    103.38      4.76  720999.69    0    1    1    1    1
2003 10 29  15  38   -36.09   -27.31     8.71  -1410.67    -65.16    104.78      4.76  740557.66    0    1    1    1    1
2003 10 29  15  39   -35.29   -27.70     9.42  -1407.92    -64.84    106.38      4.76  762909.62    0    1    1    1    1
2003 10 29  15  40   -35.29   -27.70     9.51  -1405.52    -64.56    107.78      4.76  782467.62    0    1    1    1    1
2003 10 29  15  41   -35.02   -28.45    10.47  -1403.12    -64.28    109.18      4.70  802025.56    0    1    1    1    1
2003 10 29  15  42   -34.92   -28.48    10.56  -1400.38    -63.95    110.77      4.40  824377.56    0    1    1    1    1
2003 10 29  15  43   -34.34   -29.37    12.19  -1397.98    -63.66    112.17      4.13  843935.54    0    1    1    1    1
2003 10 29  15  44   -34.34   -29.76    12.19  -1395.58    -63.37    113.56      4.08  863493.50    0    1    1    1    1
2003 10 29  15  45   -34.73   -30.05    11.67  -1392.83    -63.04    115.16      4.21  885845.50    0    1    1    1    1
2003 10 29  15  46   -35.47   -30.63     7.84  -1390.43    -62.74    116.56      4.32  905403.46    0    1    1    1    1
2003 10 29  15  47   -35.47   -30.95     6.75  -1388.03    -62.45    117.95      4.87  924961.44    0    1    1    1    1
2003 10 29  15  48   -35.19   -30.99     6.75  -1385.28    -62.10    119.55      5.98  947313.44    0    1    1    1    1
2003 10 29  15  49   -35.19   -30.95     7.16  -1382.88    -61.80    120.95      6.70  966871.38    0    1    1    1    1
2003 10 29  15  50   -35.39   -31.01     7.16  -1380.48    -61.50    122.34      5.58  986429.38    0    1    1    1    1
2003 10 29  15  51   -35.39   -31.01     6.76  -1378.08    -61.19    123.74      4.32 1005987.37    0    1    1    1    1
2003 10 29  15  52   -35.39   -31.01     6.76  -1375.68    -60.88    125.13      4.15 1025545.30    0    1    1    1    1
2003 10 29  15  53   -36.06   -29.45    11.02  -1372.93    -60.53    126.72      4.33 1047897.25    0    1    1    1    1
2003 10 29  15  54   -36.09   -29.18    11.71  -1370.53    -60.21    128.12      4.38 1067455.20    0    1    1    1    1
2003 10 29  15  55   -37.00   -28.29    11.02  -1368.13    -59.90    129.51      4.38 1087013.20    0    1    1    1    1
2003 10 29  15  56   -37.00   -28.29    10.99  -1365.39    -59.53    131.10      4.38 1109365.20    0    1    1    1    1
2003 10 29  15  57   -36.83   -29.45    10.42  -1362.99    -59.20    132.49      4.38 1128923.20    0    1    1    1    1
2003 10 29  15  58   -36.72   -29.88     9.85  -1362.10    -57.31    131.44      4.38 1114958.75    0    1    1    1    1
2003 10 29  15  59   -36.72   -29.88     9.85  -1361.78    -54.50    129.17      4.38 1083674.92    0    1    1    1    1
2003 10 29  16   0   -37.75   -28.97     9.85  -1361.46    -51.69    126.89      4.38 1052391.05    0    1    1    1    1
2003 10 29  16   1   -37.81   -28.92     8.62  -1361.18    -49.24    124.90      4.38 1025017.63    0    1    1    1    1
2003 10 29  16   2   -37.81   -28.92     8.62  -1360.90    -46.79    122.90      4.38  997644.28    0    1    1    1    1
2003 10 29  16   3   -37.72   -28.40     8.35  -1360.58    -43.98    120.61      4.37  966360.36    0    1    1    1    1
2003 10 29  16   4   -37.72   -28.35     7.59  -1360.26    -41.19    118.32      4.13  935076.50    0    1    1    1    1
2003 10 29  16   5   -38.48   -26.78     7.37  -1359.98    -38.75    116.31      3.85  907703.14    0    1    1    1    1
2003 10 29  16   6   -38.57   -26.78     2.53  -1359.70    -36.31    114.30      3.77  880329.72    0    1    1    1    1
2003 10 29  16   7   -39.25   -26.45     2.23  -1359.38    -33.53    111.99      4.07  849045.86    0    1    1    1    1
2003 10 29  16   8   -40.62   -24.76    -1.61  -1359.10    -31.10    109.97      4.33  821672.46    0    1    1    1    1
2003 10 29  16   9   -40.62   -24.76    -1.61  -1358.82    -28.67    107.94      4.25  794299.12    0    1    1    1    1
2003 10 29  16  10   -40.34   -25.10    -1.63  -1358.50    -25.89    105.62      4.10  763015.25    0    1    1    1    1
2003 10 29  16  11   -39.98   -25.78    -2.41  -1358.18    -23.13    103.30      4.02  731731.34    0    1    1    1    1
2003 10 29  16  12   -39.98   -25.78    -2.55  -1357.90    -20.70    101.26      4.05  704357.92    0    1    1    1    1
2003 10 29  16  13   -40.41   -24.72    -2.55  -1357.62    -18.30     99.21      4.07  676984.59    0    1    1    1    1
2003 10 29  16  14   -40.41   -24.72    -3.08  -1357.30    -15.54     96.88      4.10  645700.69    0    1    1    1    1
2003 10 29  16  15   -40.49   -24.58    -3.14  -1356.97    -12.79     94.53      4.13  614416.84    0    1    1    1    1
2003 10 29  16  16   -40.55   -24.68    -4.08  -1356.70    -10.38     92.48      4.16  587043.42    0    1    1    1    1
2003 10 29  16  17   -40.92   -24.66    -4.62  -1356.42     -7.98     90.42      4.18  559670.09    0    1    1    1    1
2003 10 29  16  18   -40.92   -24.66    -5.01  -1356.10     -5.24     88.06      4.21  528386.20    0    1    1    1    1
2003 10 29  16  19   -40.87   -24.45    -5.25  -1355.78     -2.50     85.70      4.24  497102.33    0    1    1    1    1
2003 10 29  16  20   -40.87   -24.28    -5.42  -1355.50     -0.11     83.63      4.27  469728.94    0    1    1    1    1
2003 10 29  16  21   -40.97   -23.79    -5.42  -1355.22      2.28     81.56      4.29  442355.55    0    1    1    1    1
2003 10 29  16  22   -41.12   -23.55    -5.90  -1354.90      5.00     79.19      4.32  411071.66    0    1    1    1    1
2003 10 29  16  23   -40.97   -22.76    -6.47  -1354.58      7.72     76.81      4.35  379787.78    0    1    1    1    1
2003 10 29  16  24   -41.14   -22.74    -6.64  -1354.30     10.10     74.72      4.38  352414.41    0    1    1    1    1
2003 10 29  16  25   -41.51   -21.14    -6.64  -1354.02     12.47     72.63      4.40  325041.02    0    1    1    1    1
2003 10 29  16  26   -41.51   -21.14    -6.64  -1353.69     15.18     70.24      4.43  293757.16    0    1    1    1    1
2003 10 29  16  27   -40.56   -21.25    -8.92  -1353.41     17.55     68.14      4.45  266383.81    0    1    1    1    1
2003 10 29  16  28   -40.56   -21.39    -9.94  -1353.14     19.91     66.03      4.48  239010.38    0    1    1    1    1
2003 10 29  16  29   -40.58   -21.25   -10.50  -1352.82     22.61     63.63      4.51  207726.52    0    1    1    1    1
2003 10 29  16  30   -40.58   -19.71   -11.54  -1352.49     25.30     61.22      4.54  176562.97    0    1    1    1    1
2003 10 29  16  31   -39.95   -19.48   -12.34  -1352.16     26.60     60.09      4.56  165073.23    0    1    1    1    1
2003 10 29  16  32   -39.95   -19.42   -12.34  -1351.80     27.14     59.67      4.59  164864.50    0    1    1    1    1
2003 10 29  16  33   -40.18   -18.92   -11.68  -1351.39     27.76     59.18      4.62  164625.90    0    1    1    1    1
2003 10 29  16  34   -40.18   -18.68   -11.53  -1350.99     28.38     58.69      4.65  164387.30    0    1    1    1    1
2003 10 29  16  35   -39.79   -18.68   -11.53  -1350.63     28.92     58.26      4.67  164178.54    0    1    1    1    1
2003 10 29  16  36   -39.42   -18.66   -10.43  -1350.27     29.46     57.84      4.70  163969.77    0    1    1    1    1
2003 10 29  16  37   -39.28   -18.86    -8.76  -1349.86     30.08     57.34      4.73  163731.20    0    1    1    1    1
2003 10 29  16  38   -39.26   -19.22    -6.18  -1349.45     30.70     56.85      4.75  163492.60    0    1    1    1    1
2003 10 29  16  39   -39.12   -19.77    -3.31  -1349.09     31.24     56.42      4.78  163283.83    0    1    1    1    1
2003 10 29  16  40   -38.97   -19.77    -3.31  -1348.73     31.77     55.98      4.81  163075.05    0    1    1    1    1
2003 10 29  16  41   -38.97   -19.34    -3.72  -1348.32     32.39     55.50      4.83  162836.48    0    1    1    1    1
2003 10 29  16  42   -38.97   -19.34    -3.72  -1347.96     32.92     55.06      4.86  162627.73    0    1    1    1    1
2003 10 29  16  43   -39.19   -21.24     0.46  -1347.60     33.46     54.62      4.88  162418.95    0    1    1    1    1
2003 10 29  16  44   -39.19   -21.24     0.46  -1347.19     34.08     54.12      4.92  162180.35    0    1    1    1    1
2003 10 29  16  45   -39.54   -19.77     0.46  -1346.78     34.69     53.62      4.94  161941.75    0    1    1    1    1
2003 10 29  16  46   -39.54   -19.77     1.12  -1346.43     35.22     53.19      4.97  161732.96    0    1    1    1    1
2003 10 29  16  47   -38.45   -20.41     5.41  -1346.07     35.76     52.75      5.00  161524.25    0    1    1    1    1
2003 10 29  16  48   -38.39   -20.73     5.41  -1345.66     36.36     52.25      5.02  161285.65    0    1    1    1    1
2003 10 29  16  49   -38.39   -20.73     3.47  -1345.25     36.97     51.75      5.05  161047.05    0    1    1    1    1
2003 10 29  16  50   -38.39   -20.73     3.47  -1344.89     37.50     51.31      5.08  160838.27    0    1    1    1    1
2003 10 29  16  51   -37.13   -22.16     7.66  -1344.53     38.04     50.87      5.10  160629.50    0    1    1    1    1
2003 10 29  16  52   -36.57   -22.44     9.09  -1344.12     38.64     50.36      5.13  160390.95    0    1    1    1    1
2003 10 29  16  53   -36.39   -22.81     9.12  -1343.71     39.24     49.85      5.13  160152.35    0    1    1    1    1
2003 10 29  16  54   -36.10   -22.87    10.29  -1343.35     39.77     49.41      4.89  159943.57    0    1    1    1    1
2003 10 29  16  55   -36.10   -22.87    10.29  -1342.99     40.30     48.96      4.59  159734.80    0    1    1    1    1
2003 10 29  16  56   -36.96   -22.22     9.23  -1342.58     40.90     48.45      4.49  159496.23    0    1    1    1    1
2003 10 29  16  57   -36.96   -22.22     9.23  -1342.22     41.42     48.00      4.73  159287.46    0    1    1    1    1
2003 10 29  16  58   -36.26   -23.64     9.44  -1341.87     41.95     47.56      4.97  159078.70    0    1    1    1    1
2003 10 29  16  59   -36.26   -24.60     9.44  -1341.46     42.55     47.04      5.37  158840.10    0    1    1    1    1
2003 10 29  17   0   -36.30   -24.92     7.49  -1341.05     43.15     46.54      6.04  158601.50    0    1    1    1    1
2003 10 29  17   1   -36.80   -24.92     4.97  -1340.69     43.67     46.08      6.63  158392.77    0    1    1    1    1
2003 10 29  17   2   -38.03   -23.51     2.86  -1340.33     44.19     45.63      7.24  158184.00    0    1    1    1    1
2003 10 29  17   3   -38.34   -23.08     2.62  -1339.92     44.78     45.12      7.95  157945.40    0    1    1    1    1
2003 10 29  17   4   -38.65   -22.42     1.85  -1338.88     45.03     45.52      8.07  159829.84    0    1    1    1    1
2003 10 29  17   5   -39.22   -20.81     1.69  -1337.03     44.77     47.20      7.21  164566.12    0    1    1    1    1
2003 10 29  17   6   -39.83   -20.33     1.12  -1335.19     44.50     48.89      6.56  169302.42    0    1    1    1    1
2003 10 29  17   7   -39.83   -20.33     1.12  -1333.08     44.21     50.81      6.69  174715.32    0    1    1    1    1
2003 10 29  17   8   -39.44   -20.73     1.65  -1331.24     43.95     52.50      6.86  179451.61    0    1    1    1    1
2003 10 29  17   9   -39.32   -20.80     3.97  -1329.39     43.70     54.19      6.58  184187.90    0    1    1    1    1
2003 10 29  17  10   -39.44   -20.73     2.27  -1327.28     43.41     56.11      5.97  189600.81    0    1    1    1    1
2003 10 29  17  11   -39.55   -20.67     2.27  -1325.44     43.16     57.80      5.74  194337.09    0    1    1    1    1
2003 10 29  17  12   -40.11   -19.87     0.08  -1323.59     42.91     59.48      6.31  199073.39    0    1    1    1    1
2003 10 29  17  13   -40.23   -19.87    -1.32  -1321.49     42.63     61.42      6.71  204486.29    0    1    1    1    1
2003 10 29  17  14   -40.23   -20.10    -1.38  -1319.64     42.39     63.11      5.96  209222.58    0    1    1    1    1
2003 10 29  17  15   -40.18   -20.29    -1.38  -1317.79     42.15     64.79      5.04  213958.87    0    1    1    1    1
2003 10 29  17  16   -39.90   -20.57    -1.26  -1315.95     41.91     66.48      4.38  218695.16    0    1    1    1    1
2003 10 29  17  17   -39.90   -20.57    -0.87  -1314.11     41.68     68.17      4.38  223431.45    0    1    1    1    1
2003 10 29  17  18   -39.89   -20.57    -1.26  -1312.00     41.42     70.10      4.41  228844.35    0    1    1    1    1
2003 10 29  17  19   -39.96   -20.45    -1.29  -1310.15     41.19     71.79      4.80  233580.65    0    1    1    1    1
2003 10 29  17  20   -39.96   -20.45    -1.49  -1308.31     40.97     73.48      5.34  238316.93    0    1    1    1    1
2003 10 29  17  21   -40.12   -20.25    -1.71  -1306.20     40.71     75.42      5.58  243729.84    0    1    1    1    1
2003 10 29  17  22   -40.12   -20.25    -1.96  -1304.35     40.49     77.11      5.58  248466.12    0    1    1    1    1
2003 10 29  17  23   -39.95   -20.70    -1.96  -1302.51     40.28     78.80      5.58  253202.42    0    1    1    1    1
2003 10 29  17  24   -38.93   -22.66    -0.25  -1300.40     40.03     80.74      5.58  258615.32    0    1    1    1    1
2003 10 29  17  25   -38.87   -22.92    -0.25  -1298.56     39.82     82.43      5.57  263351.62    0    1    1    1    1
2003 10 29  17  26   -38.20   -23.14    -0.69  -1296.71     39.62     84.12      5.38  268087.91    0    1    1    1    1
2003 10 29  17  27   -38.20   -23.14    -1.20  -1294.60     39.38     86.06      5.12  273500.81    0    1    1    1    1
2003 10 29  17  28   -39.31   -21.11    -3.75  -1292.76     39.18     87.75      4.88  278237.09    0    1    1    1    1
2003 10 29  17  29   -40.11   -18.41    -5.26  -1290.91     38.98     89.45      5.03  282973.39    0    1    1    1    1
2003 10 29  17  30   -40.85   -15.62    -9.76  -1288.81     38.75     91.39      5.49  288386.29    0    1    1    1    1
2003 10 29  17  31   -40.85   -15.62    -9.76  -1286.96     38.56     93.08      5.90  293122.58    0    1    1    1    1
2003 10 29  17  32   -40.85   -16.05    -9.43  -1285.12     38.37     94.77      5.61  297858.87    0    1    1    1    1
2003 10 29  17  33   -40.98   -16.05    -9.07  -1283.01     38.15     96.72      4.98  303271.78    0    1    1    1    1
2003 10 29  17  34   -40.98   -16.05    -7.74  -1281.16     37.96     98.41      4.87  308008.06    0    1    1    1    1
2003 10 29  17  35   -37.57   -24.72     0.60  -1279.32     37.78    100.11      5.03  312744.36    0    1    1    1    1
2003 10 29  17  36   -37.57   -24.72     0.60  -1277.21     37.57    102.05      5.20  318157.26    0    1    1    1    1
2003 10 29  17  37   -38.77   -23.53    -1.61  -1275.36     37.39    103.75      5.35  322893.55    0    1    1    1    1
2003 10 29  17  38   -40.01   -23.06    -2.41  -1273.04     37.96    103.61      5.49  330678.80    0    1    1    1    1
2003 10 29  17  39   -40.46   -22.69    -3.05  -1269.65     39.73    100.62      6.31  344222.27    0    1    1    1    1
2003 10 29  17  40   -40.46   -22.69    -3.05  -1266.68     41.26     98.02      7.70  356072.80    0    1    1    1    1
2003 10 29  17  41   -38.81   -24.65    -2.97  -1263.72     42.81     95.41      8.06  367923.32    0    1    1    1    1
2003 10 29  17  42   -38.81   -24.65    -2.97  -1260.75     44.33     92.79      7.30  379773.87    0    1    1    1    1
2003 10 29  17  43   -39.73   -21.47    -2.99  -1257.79     45.87     90.17      6.58  391624.39    0    1    1    1    1
2003 10 29  17  44   -39.73   -21.47    -2.99  -1254.40     47.61     87.19      6.04  405167.85    0    1    1    1    1
2003 10 29  17  45   -39.73   -24.61     0.87  -1251.43     49.13     84.56      5.62  417018.39    0    1    1    1    1
2003 10 29  17  46   -40.74   -24.61     0.87  -1248.47     50.65     81.94      5.22  428868.91    0    1    1    1    1
2003 10 29  17  47   -41.49   -24.11    -0.44  -1245.50     52.16     79.32      4.88  440719.45    0    1    1    1    1
2003 10 29  17  48   -41.49   -22.63    -1.65  -1242.54     53.67     76.69      4.56  452569.98    0    1    1    1    1
2003 10 29  17  49   -39.71   -20.86    -1.76  -1239.57     55.17     74.05      4.31  464420.51    0    1    1    1    1
2003 10 29  17  50   -39.58   -19.79    -2.43  -1236.61     56.66     71.42      4.17  476271.04    0    1    1    1    1
2003 10 29  17  51   -39.58   -18.67    -7.18  -1233.22     58.38     68.42      4.24  489814.51    0    1    1    1    1
2003 10 29  17  52   -39.85   -16.99    -7.18  -1230.25     59.87     65.78      5.20  501665.03    0    1    1    1    1
2003 10 29  17  53   -40.80   -15.25    -6.65  -1227.29     61.36     63.15      6.13  513515.57    0    1    1    1    1
2003 10 29  17  54   -41.39   -13.60    -6.17  -1224.32     62.84     60.50      5.59  525366.12    0    1    1    1    1
2003 10 29  17  55   -41.55   -12.29    -6.65  -1221.36     64.32     57.86      4.50  537216.62    0    1    1    1    1
2003 10 29  17  56   -41.62   -10.24    -9.65  -1217.97     66.00     54.83      3.90  550760.09    0    1    1    1    1
2003 10 29  17  57   -41.62    -9.18   -11.84  -1215.00     67.48     52.18      4.45  562610.62    0    1    1    1    1
2003 10 29  17  58   -39.24    -4.86   -19.69  -1212.04     68.94     49.54      5.04  574461.16    0    1    1    1    1
2003 10 29  17  59   -39.02    -1.28   -20.57  -1209.07     70.40     46.89      5.69  586311.69    0    1    1    1    1
2003 10 29  18   0   -38.29     2.26   -22.90  -1206.11     71.86     44.23      6.38  598162.23    0    1    1    1    1
2003 10 29  18   1   -38.16     2.26   -23.06  -1202.72     73.53     41.20      7.00  611705.69    0    1    1    1    1
2003 10 29  18   2   -38.14     0.53   -23.18  -1199.75     74.97     38.54      7.24  623556.23    0    1    1    1    1
2003 10 29  18   3   -37.72     0.53   -23.74  -1196.79     76.42     35.88      7.34  635406.75    0    1    1    1    1
2003 10 29  18   4   -37.02     1.40   -24.07  -1193.82     77.86     33.22      7.18  647257.27    0    1    1    1    1
2003 10 29  18   5   -36.63     2.11   -24.21  -1190.86     79.30     30.55      7.00  659107.81    0    1    1    1    1
2003 10 29  18   6   -35.57     4.08   -25.40  -1187.89     80.73     27.89      6.91  670958.36    0    1    1    1    1
2003 10 29  18   7   -35.25     5.64   -25.41  -1184.93     82.17     25.22      6.89  682808.88    0    1    1    1    1
2003 10 29  18   8   -35.25     6.97   -25.40  -1181.54     83.79     22.17      6.86  696352.34    0    1    1    1    1
2003 10 29  18   9   -35.32     6.97   -24.55  -1178.57     85.21     19.49      6.83  708202.88    0    1    1    1    1
2003 10 29  18  10   -35.32     6.91   -24.55  -1175.61     86.63     16.82      6.81  720053.41    0    1    1    1    1
2003 10 29  18  11   -35.32     6.42   -24.55  -1172.64     88.05     14.14      6.78  731903.94    0    1    1    1    1
2003 10 29  18  12   -36.17     4.91   -23.41  -1169.84     89.16     11.66      6.76  742718.56    0    1    1    1    1
2003 10 29  18  13   -36.24     3.99   -23.20  -1168.55     86.62     11.08      6.73  742795.61    0    1    1    1    1
2003 10 29  18  14   -36.68     2.19   -22.99  -1167.83     83.53     11.08      6.70  740143.86    0    1    1    1    1
2003 10 29  18  15   -36.68     2.11   -22.99  -1167.11     80.44     11.09      6.68  737492.12    0    1    1    1    1
2003 10 29  18  16   -36.34     2.19   -23.36  -1166.29     76.91     11.11      6.65  734461.61    0    1    1    1    1
2003 10 29  18  17   -36.07     2.24   -23.59  -1165.57     73.83     11.12      6.62  731809.83    0    1    1    1    1
2003 10 29  18  18   -35.99     2.24   -23.86  -1164.86     70.74     11.14      6.60  729158.08    0    1    1    1    1
2003 10 29  18  19   -35.76     1.87   -24.02  -1164.03     67.20     11.17      6.57  726127.55    0    1    1    1    1
2003 10 29  18  20   -35.73     1.87   -24.40  -1163.21     63.68     11.21      6.54  723096.95    0    1    1    1    1
2003 10 29  18  21   -35.73     2.04   -24.40  -1162.50     60.59     11.24      6.52  720445.23    0    1    1    1    1
2003 10 29  18  22   -36.70     2.04   -22.81  -1161.78     57.50     11.28      6.49  717793.50    0    1    1    1    1
2003 10 29  18  23   -36.70     2.04   -21.99  -1160.96     53.97     11.33      6.47  714762.95    0    1    1    1    1
2003 10 29  18  24   -36.61     5.82   -21.99  -1160.24     50.88     11.38      6.44  712111.21    0    1    1    1    1
2003 10 29  18  25   -35.28     7.96   -23.00  -1159.53     47.80     11.44      6.42  709459.42    0    1    1    1    1
2003 10 29  18  26   -34.61     7.96   -23.24  -1158.70     44.27     11.50      6.39  706428.89    0    1    1    1    1
2003 10 29  18  27   -34.12     7.48   -24.33  -1157.88     40.73     11.57      6.36  703398.33    0    1    1    1    1
2003 10 29  18  28   -34.12     6.91   -24.33  -1157.17     37.65     11.64      6.34  700746.56    0    1    1    1    1
2003 10 29  18  29   -34.45     5.45   -24.60  -1156.45     34.56     11.71      6.31  698094.88    0    1    1    1    1
2003 10 29  18  30   -34.75    -0.40   -24.60  -1155.63     31.04     11.80      6.28  695064.31    0    1    1    1    1
2003 10 29  18  31   -34.61    -0.40   -24.60  -1154.91     27.95     11.88      6.26  692412.56    0    1    1    1    1
2003 10 29  18  32   -34.61     3.27   -24.40  -1154.20     24.86     11.96      6.23  689760.80    0    1    1    1    1
2003 10 29  18  33   -34.61     3.27   -24.03  -1153.38     21.33     12.07      6.21  686730.25    0    1    1    1    1
2003 10 29  18  34   -34.33     2.95   -24.03  -1152.66     18.24     12.16      6.18  684078.52    0    1    1    1    1
2003 10 29  18  35   -34.33     2.86   -24.37  -1151.94     15.15     12.26      6.16  681426.75    0    1    1    1    1
2003 10 29  18  36   -34.21     2.86   -24.51  -1151.12     11.63     12.38      6.13  678396.25    0    1    1    1    1
2003 10 29  18  37   -33.74     2.87   -24.73  -1150.30      8.10     12.50      6.10  675365.66    0    1    1    1    1
2003 10 29  18  38   -33.74     6.06   -24.73  -1149.58      5.01     12.61      6.07  672713.90    0    1    1    1    1
2003 10 29  18  39   -33.73     6.66   -23.37  -1148.87      1.93     12.73      6.05  670062.17    0    1    1    1    1
2003 10 29  18  40   -33.78     7.65   -22.78  -1148.05     -1.60     12.86      6.02  667031.62    0    1    1    1    1
2003 10 29  18  41   -34.80     7.85   -21.19  -1147.33     -4.68     12.99      6.02  664379.86    0    1    1    1    1
2003 10 29  18  42   -34.80     8.68   -21.13  -1146.61     -7.77     13.12      6.04  661728.12    0    1    1    1    1
2003 10 29  18  43   -34.10     8.68   -21.13  -1145.79    -11.30     13.27      6.05  658697.61    0    1    1    1    1
2003 10 29  18  44   -31.88     8.26   -26.20  -1145.07    -14.38     13.41      6.07  656045.83    0    1    1    1    1
2003 10 29  18  45   -31.88     7.71   -26.20  -1144.36    -17.47     13.54      6.08  653394.08    0    1    1    1    1
2003 10 29  18  46   -32.60     8.26   -25.62  -1143.84    -19.67     13.66      6.10  646093.00    0    1    1    1    1
2003 10 29  18  47   -32.60     9.32   -24.63  -1143.84    -19.66     13.67      6.12  632251.06    0    1    1    1    1
2003 10 29  18  48   -32.48    10.37   -23.59  -1143.84    -19.65     13.68      6.13  620139.38    0    1    1    1    1
2003 10 29  18  49   -31.77    10.37   -23.59  -1143.84    -19.64     13.69      6.14  608027.63    0    1    1    1    1
2003 10 29  18  50   -31.37     6.01   -25.30  -1143.84    -19.63     13.71      6.16  594185.72    0    1    1    1    1
2003 10 29  18  51   -29.10    -2.66   -27.97  -1143.84    -19.62     13.72      6.17  580343.84    0    1    1    1    1
2003 10 29  18  52   -27.81    -2.66   -28.02  -1143.84    -19.62     13.73      6.19  568232.12    0    1    1    1    1
2003 10 29  18  53   -27.74    -0.31   -28.53  -1143.84    -19.61     13.75      6.20  556120.41    0    1    1    1    1
2003 10 29  18  54   -26.86     3.08   -28.55  -1143.84    -19.60     13.76      6.22  542278.50    0    1    1    1    1
2003 10 29  18  55   -26.86     4.28   -28.55  -1143.84    -19.59     13.77      6.24  528436.53    0    1    1    1    1
2003 10 29  18  56   -26.90     4.28   -27.87  -1143.84    -19.58     13.78      6.25  516324.84    0    1    1    1    1
2003 10 29  18  57   -26.90     3.52   -27.66  -1143.84    -19.57     13.80      6.26  504213.16    0    1    1    1    1
2003 10 29  18  58   -26.85     2.22   -27.56  -1143.84    -19.56     13.81      6.28  490371.23    0    1    1    1    1
2003 10 29  18  59   -26.85    -0.01   -27.45  -1143.84    -19.55     13.82      6.29  476529.27    0    1    1    1    1
2003 10 29  19   0   -27.02    -0.01   -27.33  -1143.84    -19.54     13.84      6.31  464417.59    0    1    1    1    1
2003 10 29  19   1   -27.02     2.68   -27.33  -1143.84    -19.54     13.85      6.32  452305.89    0    1    1    1    1
2003 10 29  19   2   -27.02     3.52   -27.33  -1143.84    -19.52     13.86      6.34  438463.94    0    1    1    1    1
2003 10 29  19   3   -27.60     7.55   -27.07  -1143.84    -19.52     13.88      6.35  424622.06    0    1    1    1    1
2003 10 29  19   4   -27.60     7.91   -26.76  -1143.84    -19.51     13.89      6.37  412510.31    0    1    1    1    1
2003 10 29  19   5   -25.95    14.42   -26.76  -1143.84    -19.50     13.90      6.38  400398.66    0    1    1    1    1
2003 10 29  19   6   -25.82    14.42   -27.04  -1143.84    -19.49     13.91      6.39  386556.70    0    1    1    1    1
2003 10 29  19   7   -25.82    13.52   -27.43  -1143.84    -19.48     13.92      6.41  372714.75    0    1    1    1    1
2003 10 29  19   8   -25.52    12.55   -27.72  -1143.84    -19.47     13.93      6.43  360603.09    0    1    1    1    1
2003 10 29  19   9   -25.52    12.55   -27.72  -1143.84    -19.46     13.95      6.44  348491.36    0    1    1    1    1
2003 10 29  19  10   -25.79    10.85   -28.04  -1143.84    -19.46     13.96      6.48  334649.44    0    1    1    1    1
2003 10 29  19  11   -25.79     9.37   -28.67  -1143.84    -19.45     13.97      7.97  320807.53    0    1    1    1    1
2003 10 29  19  12   -25.70     8.10   -28.87  -1143.84    -19.44     13.98      9.93  308695.81    0    1    1    1    1
2003 10 29  19  13   -25.62     8.10   -28.87  -1143.84    -19.43     14.00     11.96  296584.13    0    1    1    1    1
2003 10 29  19  14   -25.34     8.75   -28.76  -1143.84    -19.42     14.00     14.39  282742.18    0    1    1    1    1
2003 10 29  19  15   -25.51     8.75   -28.75  -1143.84    -19.41     14.02     16.71  268900.25    0    1    1    1    1
2003 10 29  19  16   -25.51     7.46   -28.75  -1143.84    -19.40     14.03     17.30  256788.56    0    1    1    1    1
2003 10 29  19  17   -26.16     7.41   -28.02  -1143.84    -19.39     14.04     17.30  244676.84    0    1    1    1    1
2003 10 29  19  18   -26.73     7.23   -27.42  -1149.27    -14.94      7.59     17.16  230023.90    0    1    1    1    1
2003 10 29  19  19   -26.73     7.17   -27.42  -1165.45     -2.24    -11.54     16.56  224549.19    0    1    1    1    1
2003 10 29  19  20   -26.73     5.71   -27.45  -1165.32     -3.29    -11.12     16.00  227987.90    0    1    1    1    1
2003 10 29  19  21   -26.83     5.71   -27.45  -1165.19     -4.21    -10.75     16.36  230996.77    0    1    1    1    1
2003 10 29  19  22   -26.83     5.61   -27.45  -1165.07     -5.12    -10.38     16.90  234005.64    0    1    1    1    1
2003 10 29  19  23   -26.60     5.61   -27.57  -1164.92     -6.17     -9.95     16.50  237444.36    0    1    1    1    1
2003 10 29  19  24   -26.60     5.03   -27.57  -1164.78     -7.22     -9.54     14.28  240883.07    0    1    1    1    1
2003 10 29  19  25   -26.60     4.99   -27.73  -1164.65     -8.14     -9.16     12.86  243891.94    0    1    1    1    1
2003 10 29  19  26   -26.17     3.62   -28.13  -1164.53     -9.05     -8.79     12.24  246900.81    0    1    1    1    1
2003 10 29  19  27   -25.67     2.29   -28.50  -1164.38    -10.10     -8.36     11.53  250339.52    0    1    1    1    1
2003 10 29  19  28   -23.91    -1.36   -28.73  -1164.24    -11.14     -7.94     10.85  253778.22    0    1    1    1    1
2003 10 29  19  29   -23.91    -1.36   -28.73  -1164.12    -12.06     -7.56     10.95  256787.09    0    1    1    1    1
2003 10 29  19  30   -24.90     4.98   -27.46  -1163.99    -12.97     -7.18     11.39  259795.96    0    1    1    1    1
2003 10 29  19  31   -24.90     4.98   -27.46  -1163.85    -14.02     -6.75     11.62  263234.68    0    1    1    1    1
2003 10 29  19  32   -24.90     5.37   -27.40  -1163.70    -15.06     -6.32     10.72  266673.39    0    1    1    1    1
2003 10 29  19  33   -25.76     6.87   -26.15  -1163.58    -15.96     -5.94      9.86  269682.26    0    1    1    1    1
2003 10 29  19  34   -26.13     6.93   -25.81  -1163.45    -16.88     -5.56      9.63  272691.13    0    1    1    1    1
2003 10 29  19  35   -26.83     8.60   -24.55  -1163.32    -17.92     -5.12      9.92  276129.84    0    1    1    1    1
2003 10 29  19  36   -26.83     8.73   -24.55  -1163.17    -18.96     -4.69      9.48  279568.55    0    1    1    1    1
2003 10 29  19  37   -25.38     8.73   -25.57  -1163.05    -19.87     -4.30      8.50  282577.42    0    1    1    1    1
2003 10 29  19  38   -25.10     7.16   -25.92  -1162.92    -20.79     -3.92      7.61  285586.29    0    1    1    1    1
2003 10 29  19  39   -24.99     6.43   -26.29  -1162.78    -21.83     -3.48      7.41  289025.00    0    1    1    1    1
2003 10 29  19  40   -24.86     6.43   -26.29  -1162.63    -22.86     -3.04      7.39  292463.71    0    1    1    1    1
2003 10 29  19  41   -24.72     9.31   -24.74  -1162.51    -23.77     -2.65      7.26  295472.58    0    1    1    1    1
2003 10 29  19  42   -23.78     9.31   -24.74  -1162.38    -24.68     -2.27      7.09  298481.45    0    1    1    1    1
2003 10 29  19  43   -23.49     8.67   -24.95  -1162.24    -25.72     -1.82      6.97  301920.16    0    1    1    1    1
2003 10 29  19  44   -23.40     6.90   -25.09  -1162.10    -26.76     -1.37      7.11  305358.87    0    1    1    1    1
2003 10 29  19  45   -23.27     6.67   -25.10  -1161.97    -27.66     -0.98      7.26  308367.74    0    1    1    1    1
2003 10 29  19  46   -23.24     5.39   -25.33  -1161.85    -28.57     -0.59      7.38  311376.61    0    1    1    1    1
2003 10 29  19  47   -23.23     5.39   -25.33  -1161.70    -29.60     -0.14      7.41  314815.32    0    1    1    1    1
2003 10 29  19  48   -22.67     6.37   -24.50  -1161.58    -30.51      0.25      7.41  317824.20    0    1    1    1    1
2003 10 29  19  49   -22.67     7.29   -24.33  -1161.45    -31.42      0.64      8.50  320833.07    0    1    1    1    1
2003 10 29  19  50   -22.55     7.65   -24.08  -1161.32    -32.45      1.09     11.04  324271.77    0    1    1    1    1
2003 10 29  19  51   -22.33     8.44   -24.08  -1161.17    -33.48      1.55     12.72  327710.48    0    1    1    1    1
2003 10 29  19  52   -22.33     8.44   -24.32  -1160.87    -32.79      2.22     13.23  326641.94    0    1    1    1    1
2003 10 29  19  53   -22.27     7.69   -24.45  -1160.42    -30.93      3.13     13.68  322515.34    0    1    1    1    1
2003 10 29  19  54   -21.66     4.28   -25.66  -1159.91    -28.79      4.15     13.77  317799.22    0    1    1    1    1
2003 10 29  19  55   -21.66     4.28   -25.66  -1159.40    -26.65      5.18     13.76  313083.07    0    1    1    1    1
2003 10 29  19  56   -22.32     5.74   -24.84  -1158.96    -24.78      6.07     13.58  308956.44    0    1    1    1    1
2003 10 29  19  57   -22.47     6.43   -24.53  -1158.51    -22.91      6.97     13.36  304829.84    0    1    1    1    1
2003 10 29  19  58   -22.47     6.43   -24.53  -1158.00    -20.77      7.98     13.43  300113.69    0    1    1    1    1
2003 10 29  19  59   -22.21     6.43   -24.52  -1157.56    -18.89      8.87     13.33  295987.09    0    1    1    1    1
2003 10 29  20   0   -21.70     6.47   -23.80  -1157.11    -17.02      9.76     12.82  291860.48    0    1    1    1    1
2003 10 29  20   1   -21.63     8.48   -23.80  -1156.60    -14.88     10.77     12.70  287144.36    0    1    1    1    1
2003 10 29  20   2   -21.63     8.48   -23.55  -1156.09    -12.73     11.79     13.28  282428.25    0    1    1    1    1
2003 10 29  20   3   -21.56     8.10   -23.55  -1155.65    -10.86     12.66     13.84  278301.62    0    1    1    1    1
2003 10 29  20   4   -21.56     8.10   -23.15  -1155.20     -8.98     13.55     14.67  274175.00    0    1    1    1    1
2003 10 29  20   5   -20.64    11.07   -22.88  -1154.69     -6.83     14.55     15.60  269458.86    0    1    1    1    1
2003 10 29  20   6   -19.53    11.08   -22.88  -1154.18     -4.69     15.55     15.58  264742.72    0    1    1    1    1
2003 10 29  20   7   -19.35    13.75   -22.77  -1153.74     -2.81     16.43     15.30  260616.13    0    1    1    1    1
2003 10 29  20   8   -19.53    11.08   -23.22  -1153.29     -0.93     17.30     15.14  256489.52    0    1    1    1    1
2003 10 29  20   9   -21.42    10.59   -24.99  -1152.79      1.22     18.30     15.13  251773.38    0    1    1    1    1
2003 10 29  20  10   -21.42    10.56   -25.18  -1152.34      3.09     19.17     15.06  247646.77    0    1    1    1    1
2003 10 29  20  11   -20.90    10.59   -25.18  -1151.89      4.98     20.04     14.33  243520.14    0    1    1    1    1
2003 10 29  20  12   -19.46    14.43   -24.05  -1151.38      7.13     21.02     13.39  238804.02    0    1    1    1    1
2003 10 29  20  13   -17.37    18.00   -23.01  -1150.88      9.29     22.02     12.65  234087.93    0    1    1    1    1
2003 10 29  20  14   -16.95    18.46   -22.57  -1150.43     11.17     22.88     12.98  229961.30    0    1    1    1    1
2003 10 29  20  15   -15.26    19.52   -22.57  -1149.99     13.06     23.74     13.49  225834.67    0    1    1    1    1
2003 10 29  20  16   -14.36    19.76   -22.85  -1149.47     15.21     24.73     13.44  221118.54    0    1    1    1    1
2003 10 29  20  17   -13.32    19.76   -23.17  -1149.03     17.09     25.58     12.90  216991.94    0    1    1    1    1
2003 10 29  20  18   -13.32    18.85   -24.09  -1148.59     18.98     26.44     12.84  212865.33    0    1    1    1    1
2003 10 29  20  19   -13.23    16.39   -25.19  -1148.08     21.14     27.42     14.24  208149.17    0    1    1    1    1
2003 10 29  20  20   -13.66    16.39   -25.19  -1147.57     23.30     28.39     15.43  203433.04    0    1    1    1    1
2003 10 29  20  21   -13.69    16.33   -25.19  -1147.12     25.18     29.25     14.37  199306.47    0    1    1    1    1
2003 10 29  20  22   -13.71    14.34   -25.66  -1146.68     27.07     30.10     12.79  195179.85    0    1    1    1    1
2003 10 29  20  23   -13.71    13.41   -26.41  -1146.17     29.23     31.07     12.45  190463.72    0    1    1    1    1
2003 10 29  20  24   -12.49    12.98   -27.25  -1145.66     31.39     32.04     13.76  185747.57    0    1    1    1    1
2003 10 29  20  25   -11.55    12.83   -27.25  -1144.85     32.98     32.68     14.61  183337.42    0    1    1    1    1
2003 10 29  20  26   -11.07    12.59   -27.60  -1143.12     33.78     32.77     15.04  185218.39    0    1    1    1    1
2003 10 29  20  27    -8.95    11.72   -28.46  -1141.40     34.59     32.87     15.46  187099.36    0    1    1    1    1
2003 10 29  20  28    -8.95    11.72   -28.46  -1139.67     35.40     32.97     15.00  188980.33    0    1    1    1    1
2003 10 29  20  29   -10.30    15.61   -23.65  -1137.70     36.31     33.08     10.60  191130.01    0    1    1    1    1
2003 10 29  20  30   -10.30    18.72   -23.49  -1135.98     37.12     33.18      6.89  193010.98    0    1    1    1    1
2003 10 29  20  31    -9.22    18.95   -23.65  -1134.25     37.93     33.28      7.03  194891.95    0    1    1    1    1
2003 10 29  20  32    -9.22    20.13   -22.79  -1132.28     38.85     33.39      7.66  197041.63    0    1    1    1    1
2003 10 29  20  33    -9.63    18.95   -23.87  -1130.56     39.65     33.48      8.35  198922.60    0    1    1    1    1
2003 10 29  20  34   -12.74    15.66   -24.38  -1128.83     40.46     33.58      9.17  200803.58    0    1    1    1    1
2003 10 29  20  35   -12.74    15.66   -24.38  -1126.86     41.38     33.69     10.09  202953.26    0    1    1    1    1
2003 10 29  20  36   -12.01    15.66   -24.38  -1125.13     42.19     33.78     10.82  204834.23    0    1    1    1    1
2003 10 29  20  37   -12.01    15.66   -25.04  -1123.41     42.99     33.88     11.54  206715.20    0    1    1    1    1
2003 10 29  20  38   -12.16    14.28   -25.04  -1121.68     43.80     33.97     11.70  208596.17    0    1    1    1    1
2003 10 29  20  39   -13.80    14.28   -24.52  -1119.96     44.61     34.06     11.47  210477.14    0    1    1    1    1
2003 10 29  20  40   -15.49    14.66   -22.73  -1117.99     45.53     34.17     11.17  212626.82    0    1    1    1    1
2003 10 29  20  41   -15.49    15.19   -22.35  -1116.26     46.33     34.26     10.76  214507.79    0    1    1    1    1
2003 10 29  20  42   -13.94    16.79   -22.35  -1114.54     47.13     34.35     10.34  216388.76    0    1    1    1    1
2003 10 29  20  43   -12.48    17.17   -22.35  -1112.57     48.06     34.46      9.88  218538.44    0    1    1    1    1
2003 10 29  20  44   -12.48    17.17   -22.55  -1110.84     48.86     34.55      9.52  220419.41    0    1    1    1    1
2003 10 29  20  45   -12.48    17.16   -22.81  -1109.12     49.67     34.64      9.15  222300.38    0    1    1    1    1
2003 10 29  20  46   -11.83    17.16   -22.81  -1107.15     50.59     34.74      9.55  224450.06    0    1    1    1    1
2003 10 29  20  47   -10.15    18.28   -22.81  -1105.42     51.40     34.83     10.59  226331.03    0    1    1    1    1
2003 10 29  20  48   -10.15    18.28   -22.30  -1103.70     52.20     34.92     11.22  228212.00    0    1    1    1    1
2003 10 29  20  49   -10.72    18.27   -22.55  -1101.97     53.01     35.01     11.23  230092.97    0    1    1    1    1
2003 10 29  20  50   -10.72    18.03   -22.55  -1100.25     53.81     35.10     11.24  231973.95    0    1    1    1    1
2003 10 29  20  51   -10.72    18.03   -22.55  -1098.27     54.73     35.20     11.48  234123.63    0    1    1    1    1
2003 10 29  20  52   -11.93    18.23   -21.48  -1096.55     55.54     35.29     11.76  236004.60    0    1    1    1    1
2003 10 29  20  53   -12.39    18.51   -20.66  -1094.83     56.34     35.38     11.71  237885.57    0    1    1    1    1
2003 10 29  20  54   -12.76    18.51   -20.16  -1092.85     57.26     35.48     11.44  240035.25    0    1    1    1    1
2003 10 29  20  55   -12.39    18.51   -20.16  -1091.13     58.07     35.57     11.21  241916.22    0    1    1    1    1
2003 10 29  20  56   -11.79    19.79   -19.99  -1089.40     58.87     35.66     11.02  243797.19    0    1    1    1    1
2003 10 29  20  57   -11.79    19.79   -19.94  -1087.43     59.79     35.75     10.79  245946.87    0    1    1    1    1
2003 10 29  20  58   -13.29    18.31   -19.94  -1085.71     60.60     35.84     10.64  247827.84    0    1    1    1    1
2003 10 29  20  59   -13.46    18.02   -20.40  -1084.35     61.23     35.91     10.63  248824.64    0    1    1    1    1
2003 10 29  21   0   -13.29    17.68   -20.60  -1084.23     61.30     35.89     10.63  246553.55    0    1    1    1    1
2003 10 29  21   1   -13.46    17.68   -20.60  -1084.23     61.31     35.88     10.59  244308.47    0    1    1    1    1
2003 10 29  21   2   -13.86    17.73   -20.08  -1084.23     61.32     35.86     10.34  242063.40    0    1    1    1    1
2003 10 29  21   3   -14.13    17.74   -19.03  -1084.23     61.33     35.84     10.08  239497.61    0    1    1    1    1
2003 10 29  21   4   -14.13    18.24   -19.03  -1084.23     61.34     35.83     10.06  236931.77    0    1    1    1    1
2003 10 29  21   5   -13.65    18.24   -19.03  -1084.23     61.35     35.81     10.06  234686.66    0    1    1    1    1
2003 10 29  21   6   -13.50    18.77   -19.11  -1084.23     61.36     35.80      9.65  232441.61    0    1    1    1    1
2003 10 29  21   7   -13.50    18.77   -19.11  -1084.23     61.37     35.78      8.96  229875.79    0    1    1    1    1
2003 10 29  21   8   -13.36    18.11   -19.91  -1084.23     61.37     35.77      8.51  227310.00    0    1    1    1    1
2003 10 29  21   9   -13.21    18.11   -19.91  -1084.23     61.38     35.75      8.68  225064.94    0    1    1    1    1
2003 10 29  21  10   -13.21    18.44   -19.67  -1084.23     61.39     35.74      8.88  222819.79    0    1    1    1    1
2003 10 29  21  11   -13.82    18.44   -18.93  -1084.23     61.40     35.72      9.14  220254.00    0    1    1    1    1
2003 10 29  21  12   -14.71    18.22   -18.63  -1084.23     61.41     35.70      9.39  217688.21    0    1    1    1    1
2003 10 29  21  13   -14.71    18.22   -18.41  -1084.23     61.42     35.69      9.29  215443.13    0    1    1    1    1
2003 10 29  21  14   -13.63    18.99   -18.31  -1084.23     61.42     35.68      8.91  213198.05    0    1    1    1    1
2003 10 29  21  15   -12.92    19.42   -18.29  -1084.23     61.43     35.66      8.49  210632.23    0    1    1    1    1
2003 10 29  21  16   -12.92    19.42   -18.31  -1084.23     61.44     35.65      8.22  208066.40    0    1    1    1    1
2003 10 29  21  17   -14.52    17.33   -19.17  -1084.23     61.45     35.64      8.02  205821.34    0    1    1    1    1
2003 10 29  21  18   -14.57    17.30   -19.20  -1084.23     61.46     35.62      7.91  203576.25    0    1    1    1    1
2003 10 29  21  19   -14.57    17.20   -19.17  -1084.23     61.46     35.61      7.91  201010.45    0    1    1    1    1
2003 10 29  21  20   -14.86    17.06   -18.76  -1084.23     61.47     35.60      7.91  198444.65    0    1    1    1    1
2003 10 29  21  21   -16.66    16.20   -17.94  -1084.23     61.48     35.59      7.91  196199.53    0    1    1    1    1
2003 10 29  21  22   -16.66    16.20   -17.56  -1084.23     61.48     35.57      7.89  193954.45    0    1    1    1    1
2003 10 29  21  23   -16.09    16.99   -16.94  -1084.23     61.49     35.56      7.59  191388.65    0    1    1    1    1
2003 10 29  21  24   -16.09    17.05   -16.94  -1084.23     61.50     35.55      7.15  188822.84    0    1    1    1    1
2003 10 29  21  25   -15.64    17.97   -16.94  -1084.23     61.51     35.54      6.99  186577.77    0    1    1    1    1
2003 10 29  21  26   -14.07    17.30   -18.08  -1084.23     61.51     35.53      7.13  184332.71    0    1    1    1    1
2003 10 29  21  27   -14.07    17.68   -18.08  -1084.23     61.52     35.52      7.29  181766.84    0    1    1    1    1
2003 10 29  21  28   -14.20    17.68   -17.52  -1084.23     61.53     35.50      7.21  179201.05    0    1    1    1    1
2003 10 29  21  29   -14.20    18.05   -17.45  -1084.23     61.53     35.49      6.62  176955.97    0    1    1    1    1
2003 10 29  21  30   -14.11    18.05   -17.52  -1084.23     61.54     35.48      6.01  174710.90    0    1    1    1    1
2003 10 29  21  31   -12.48    17.62   -19.27  -1084.23     61.55     35.47      5.51  172145.11    0    1    1    1    1
2003 10 29  21  32   -12.45    17.50   -19.27  -1102.64     65.54     51.42      5.34  172458.48    0    1    1    1    1
2003 10 29  21  33   -12.24    17.50   -19.27  -1101.89     64.61     50.96      5.15  179281.05    0    1    1    1    1
2003 10 29  21  34   -11.48    16.52   -20.17  -1101.24     63.80     50.55      4.99  185250.81    0    1    1    1    1
2003 10 29  21  35   -11.10    16.39   -20.24  -1100.59     62.98     50.14      4.83  191220.56    0    1    1    1    1
2003 10 29  21  36   -11.04    16.34   -20.38  -1099.84     62.05     49.68      4.87  198043.14    0    1    1    1    1
2003 10 29  21  37   -10.27    15.64   -20.77  -1099.19     61.25     49.28      5.02  204012.91    0    1    1    1    1
2003 10 29  21  38   -10.27    15.53   -20.77  -1098.54     60.43     48.87      5.22  209982.66    0    1    1    1    1
2003 10 29  21  39   -10.29    15.53   -20.69  -1097.79     59.50     48.41      5.79  216805.24    0    1    1    1    1
2003 10 29  21  40   -11.61    15.66   -19.62  -1097.14     58.69     48.00      6.32  222775.00    0    1    1    1    1
2003 10 29  21  41   -11.61    15.66   -19.62  -1096.48     57.87     47.60      6.20  228744.76    0    1    1    1    1
2003 10 29  21  42   -10.74    15.15   -20.44  -1095.74     56.94     47.14      5.80  235567.34    0    1    1    1    1
2003 10 29  21  43   -10.73    14.97   -20.64  -1094.99     56.01     46.68      5.46  242389.92    0    1    1    1    1
2003 10 29  21  44   -10.40    14.97   -20.64  -1094.34     55.20     46.28      5.22  248359.68    0    1    1    1    1
2003 10 29  21  45   -10.39    14.69   -20.84  -1093.68     54.38     45.87      4.98  254329.44    0    1    1    1    1
2003 10 29  21  46    -9.93    14.59   -21.03  -1092.94     53.45     45.42      4.88  261152.01    0    1    1    1    1
2003 10 29  21  47    -9.93    14.50   -21.11  -1092.29     52.63     45.02      5.20  267121.77    0    1    1    1    1
2003 10 29  21  48   -10.22    14.16   -21.11  -1091.63     51.81     44.62      5.53  273091.53    0    1    1    1    1
2003 10 29  21  49   -10.22    14.14   -21.11  -1090.89     50.88     44.16      5.78  279914.12    0    1    1    1    1
2003 10 29  21  50    -9.25    13.54   -21.85  -1090.23     50.07     43.75      5.96  285883.88    0    1    1    1    1
2003 10 29  21  51    -9.25    13.25   -21.85  -1089.58     49.25     43.36      5.88  291853.62    0    1    1    1    1
2003 10 29  21  52    -9.71    12.89   -21.67  -1088.84     48.32     42.90      5.68  298676.21    0    1    1    1    1
2003 10 29  21  53    -9.71    13.25   -21.46  -1088.09     47.38     42.44      5.67  305498.79    0    1    1    1    1
2003 10 29  21  54    -9.33    13.40   -21.40  -1087.44     46.56     42.05      5.84  311468.55    0    1    1    1    1
2003 10 29  21  55    -9.07    13.57   -21.22  -1086.78     45.74     41.65      6.08  317438.30    0    1    1    1    1
2003 10 29  21  56    -8.64    13.57   -21.22  -1086.04     44.81     41.19      6.77  324260.88    0    1    1    1    1
2003 10 29  21  57    -7.37    12.45   -22.19  -1085.38     43.99     40.79      7.45  330230.65    0    1    1    1    1
2003 10 29  21  58    -7.37    12.44   -22.19  -1084.73     43.17     40.40      7.99  336200.41    0    1    1    1    1
2003 10 29  21  59    -7.37    11.94   -22.25  -1083.99     42.24     39.94      8.64  343022.98    0    1    1    1    1
2003 10 29  22   0    -7.35    11.29   -22.55  -1083.24     41.30     39.49      9.32  349845.56    0    1    1    1    1
2003 10 29  22   1    -7.18    11.08   -22.64  -1082.59     40.48     39.10      9.49  355815.32    0    1    1    1    1
2003 10 29  22   2    -7.01    10.88   -22.64  -1081.93     39.67     38.70      9.49  361785.09    0    1    1    1    1
2003 10 29  22   3    -6.97    10.88   -22.64  -1081.19     38.73     38.24      9.17  368607.66    0    1    1    1    1
2003 10 29  22   4    -6.97    10.88   -22.53  -1080.53     37.91     37.85      8.15  374577.42    0    1    1    1    1
2003 10 29  22   5    -6.81    11.76   -22.28  -1079.89     37.18     37.49      7.16  380273.13    0    1    1    1    1
2003 10 29  22   6    -5.97    11.76   -22.28  -1079.34     37.33     37.52      6.93  383533.17    0    1    1    1    1
2003 10 29  22   7    -5.47    10.35   -22.78  -1078.89     37.66     37.63      6.93  385666.34    0    1    1    1    1
2003 10 29  22   8    -5.97     9.59   -22.78  -1078.43     38.00     37.75      7.03  387799.52    0    1    1    1    1
2003 10 29  22   9    -6.66     9.59   -21.22  -1077.91     38.38     37.88      7.24  390237.42    0    1    1    1    1
2003 10 29  22  10   -11.24    11.96   -17.63  -1077.39     38.76     38.01      7.49  392675.33    0    1    1    1    1
2003 10 29  22  11   -11.71    11.96   -17.46  -1076.94     39.10     38.13      7.82  394808.50    0    1    1    1    1
2003 10 29  22  12   -12.06    11.50   -17.38  -1076.49     39.43     38.24      8.16  396941.67    0    1    1    1    1
2003 10 29  22  13   -12.06    11.44   -17.38  -1075.97     39.81     38.38      8.49  399379.59    0    1    1    1    1
2003 10 29  22  14   -11.78    11.28   -18.30  -1075.52     40.15     38.49      8.69  401512.75    0    1    1    1    1
2003 10 29  22  15   -11.78    10.75   -18.33  -1075.07     40.48     38.61      8.89  403645.92    0    1    1    1    1
2003 10 29  22  16   -11.78    10.58   -18.40  -1074.55     40.86     38.75      9.32  406083.83    0    1    1    1    1
2003 10 29  22  17   -10.37    10.54   -19.41  -1074.03     41.24     38.87      9.82  408521.74    0    1    1    1    1
2003 10 29  22  18    -8.86    10.45   -20.12  -1073.58     41.58     38.99     10.06  410654.91    0    1    1    1    1
2003 10 29  22  19    -8.56    10.15   -20.19  -1073.12     41.91     39.11     10.06  412788.09    0    1    1    1    1
2003 10 29  22  20    -7.51     9.66   -20.83  -1072.61     42.29     39.24     10.06  415226.00    0    1    1    1    1
2003 10 29  22  21    -6.46     9.35   -21.23  -1072.09     42.67     39.38     10.06  417663.91    0    1    1    1    1
2003 10 29  22  22    -6.99     9.35   -20.83  -1071.63     43.01     39.50     10.06  419797.08    0    1    1    1    1
2003 10 29  22  23    -6.99     8.63   -20.97  -1071.17     43.33     39.61     10.06  421930.25    0    1    1    1    1
2003 10 29  22  24    -6.99     8.63   -20.97  -1070.66     43.72     39.74     10.06  424368.16    0    1    1    1    1
2003 10 29  22  25    -5.58     6.53   -21.08  -1070.21     44.05     39.86     10.06  426501.33    0    1    1    1    1
2003 10 29  22  26    -5.58     6.53   -21.08  -1069.76     44.39     39.98     10.06  428634.50    0    1    1    1    1
2003 10 29  22  27    -6.11     9.00   -21.12  -1069.24     44.76     40.12     10.06  431072.41    0    1    1    1    1
2003 10 29  22  28    -8.70     9.62   -19.25  -1068.72     45.14     40.25     10.19  433510.32    0    1    1    1    1
2003 10 29  22  29   -10.24    11.52   -17.80  -1068.27     45.48     40.37     10.41  435643.49    0    1    1    1    1
2003 10 29  22  30   -10.27    11.52   -17.80  -1067.82     45.80     40.49     10.60  437776.66    0    1    1    1    1
2003 10 29  22  31   -10.27    11.13   -18.27  -1067.30     46.19     40.62     10.63  440214.57    0    1    1    1    1
2003 10 29  22  32    -7.63     8.55   -22.62  -1066.84     46.52     40.75     10.63  442347.74    0    1    1    1    1
2003 10 29  22  33    -5.31     8.54   -23.31  -1066.38     46.85     40.86     10.51  444480.91    0    1    1    1    1
2003 10 29  22  34    -4.06     8.13   -23.84  -1065.87     47.23     41.00     10.22  446918.83    0    1    1    1    1
2003 10 29  22  35    -4.06     7.20   -23.86  -1065.36     47.60     41.13     10.17  449356.73    0    1    1    1    1
2003 10 29  22  36    -4.25     7.00   -23.87  -1064.90     47.94     41.25     10.38  451489.91    0    1    1    1    1
2003 10 29  22  37    -4.85     7.20   -23.86  -1064.45     48.27     41.38     10.62  453623.08    0    1    1    1    1
2003 10 29  22  38    -5.38     7.94   -23.28  -1063.91     48.64     41.50     11.26  456060.98    0    1    1    1    1
2003 10 29  22  39    -5.38     8.04   -23.28  -1062.86     48.33     40.84     11.92  456578.60    0    1    1    1    1
2003 10 29  22  40    -4.38     8.27   -22.90  -1061.40     47.60     39.66     12.21  455884.65    0    1    1    1    1
2003 10 29  22  41    -4.38     8.12   -22.58  -1059.74     46.76     38.30     11.32  455091.48    0    1    1    1    1
2003 10 29  22  42    -5.27     8.27   -22.38  -1058.29     46.02     37.12     10.45  454397.50    0    1    1    1    1
2003 10 29  22  43    -5.46     8.90   -22.13  -1056.84     45.29     35.93     10.41  453703.45    0    1    1    1    1
2003 10 29  22  44    -7.94     9.87   -20.29  -1055.18     44.45     34.58     11.15  452910.35    0    1    1    1    1
2003 10 29  22  45   -11.36    14.85   -13.88  -1053.73     43.71     33.39     11.80  452216.30    0    1    1    1    1
2003 10 29  22  46   -11.42    14.85   -13.88  -1052.28     42.98     32.20     12.60  451522.35    0    1    1    1    1
2003 10 29  22  47   -11.36    14.20   -14.57  -1050.82     42.24     31.02     13.42  450828.30    0    1    1    1    1
2003 10 29  22  48    -9.91    13.68   -15.27  -1049.37     41.51     29.83     13.61  450134.33    0    1    1    1    1
2003 10 29  22  49    -9.91    12.68   -16.26  -1047.71     40.67     28.48     13.28  449341.15    0    1    1    1    1
2003 10 29  22  50   -11.89    10.29   -16.26  -1046.26     39.93     27.29     13.20  448647.17    0    1    1    1    1
2003 10 29  22  51   -11.89    10.29   -16.26  -1044.81     39.20     26.11     13.46  447953.15    0    1    1    1    1
2003 10 29  22  52   -12.13    11.31   -15.60  -1043.15     38.36     24.75     13.74  447160.00    0    1    1    1    1
2003 10 29  22  53   -12.13    12.41   -14.74  -1041.70     37.63     23.57     14.00  446466.00    0    1    1    1    1
2003 10 29  22  54   -12.13    12.41   -14.74  -1040.24     36.89     22.38     14.25  445771.98    0    1    1    1    1
2003 10 29  22  55   -13.47    12.58   -13.52  -1038.59     36.05     21.03     13.87  444978.85    0    1    1    1    1
2003 10 29  22  56   -15.59    12.71    -8.94  -1037.13     35.32     19.84     12.49  444284.83    0    1    1    1    1
2003 10 29  22  57   -15.59    12.71    -8.94  -1035.68     34.59     18.66     11.11  443590.82    0    1    1    1    1
2003 10 29  22  58    -9.32     9.92   -16.81  -1034.23     33.85     17.47      9.93  442896.80    0    1    1    1    1
2003 10 29  22  59    -6.16     9.61   -18.42  -1032.78     33.12     16.28      9.36  442202.82    0    1    1    1    1
2003 10 29  23   0    -5.95     8.57   -18.82  -1031.12     32.29     14.93      8.71  441409.65    0    1    1    1    1
2003 10 29  23   1    -5.03     8.15   -19.36  -1029.66     31.55     13.74      8.42  440715.70    0    1    1    1    1
2003 10 29  23   2    -5.03     8.15   -19.36  -1028.21     30.82     12.56      8.42  440021.65    0    1    1    1    1
2003 10 29  23   3    -5.88     9.10   -18.59  -1026.55     29.98     11.20      8.33  439228.53    0    1    1    1    1
2003 10 29  23   4    -5.88     9.10   -18.59  -1025.10     29.25     10.02      8.11  438534.50    0    1    1    1    1
2003 10 29  23   5    -5.92     7.96   -19.40  -1023.64     28.52      8.83      8.42  437840.53    0    1    1    1    1
2003 10 29  23   6    -5.92     7.96   -19.40  -1021.99     27.69      7.48     11.24  437047.35    0    1    1    1    1
2003 10 29  23   7    -6.45     8.19   -19.02  -1020.53     26.95      6.29     13.98  436353.33    0    1    1    1    1
2003 10 29  23   8    -6.93     9.27   -17.97  -1019.08     26.22      5.10     15.53  435659.35    0    1    1    1    1
2003 10 29  23   9    -7.12     9.56   -17.91  -1017.63     25.49      3.91     14.95  434965.33    0    1    1    1    1
2003 10 29  23  10    -6.93     9.27   -17.97  -1016.17     24.76      2.72     14.88  434271.35    0    1    1    1    1
2003 10 29  23  11    -5.97     9.07   -18.74  -1014.51     23.93      1.37     16.37  433478.18    0    1    1    1    1
2003 10 29  23  12    -5.76     9.07   -18.74  -1013.06     23.20      0.18     17.71  432784.20    0    1    1    1    1
2003 10 29  23  13    -5.28     9.21   -18.53  -1012.26     22.80     -0.47     17.50  432400.00    0    1    1    1    1
2003 10 29  23  14    -5.28     9.21   -18.47  -1012.26     22.80     -0.47     16.69  432400.00    0    1    1    1    1
2003 10 29  23  15    -5.44     9.13   -18.43  -1012.26     22.80     -0.47     16.00  432400.00    0    1    1    1    1
2003 10 29  23  16    -5.46     8.91   -18.41  -1012.26     22.80     -0.46     16.14  432400.00    0    1    1    1    1
2003 10 29  23  17    -5.48     8.90   -18.29  -1012.26     22.80     -0.46     16.44  432400.00    0    1    1    1    1
2003 10 29  23  18    -5.47     8.79   -18.02  -1012.26     22.80     -0.45     16.34  432400.00    0    1    1    1    1
2003 10 29  23  19    -5.47     8.79   -18.02  -1012.26     22.80     -0.45     16.02  432400.00    0    1    1    1    1
2003 10 29  23  20    -5.47     8.79   -17.79  -1012.26     22.80     -0.44     15.60  432400.00    0    1    1    1    1
2003 10 29  23  21    -4.68     8.63   -17.81  -1012.26     22.80     -0.44     14.94  432400.00    0    1    1    1    1
2003 10 29  23  22    -4.86     8.68   -17.81  -1012.26     22.80     -0.43     14.10  432400.00    0    1    1    1    1
2003 10 29  23  23    -4.86     8.68   -17.81  -1012.26     22.80     -0.43     13.05  432400.00    0    1    1    1    1
2003 10 29  23  24    -4.86     8.80   -17.40  -1012.26     22.80     -0.43     12.14  432400.00    0    1    1    1    1
2003 10 29  23  25    -4.80     8.92   -17.32  -1012.26     22.80     -0.42     10.88  432400.00    0    1    1    1    1
2003 10 29  23  26    -4.72     8.92   -17.32  -1012.26     22.80     -0.41      9.24  432400.00    0    1    1    1    1
2003 10 29  23  27    -4.72     8.93   -17.02  -1012.26     22.80     -0.41      7.61  432400.00    0    1    1    1    1
2003 10 29  23  28    -4.72     8.93   -16.91  -1012.26     22.80     -0.41      6.93  432400.00    0    1    1    1    1
2003 10 29  23  29    -4.67     8.87   -16.91  -1012.26     22.80     -0.40      6.93  432400.00    0    1    1    1    1
2003 10 29  23  30    -4.67     8.81   -16.99  -1012.26     22.80     -0.40      6.94  432400.00    0    1    1    1    1
2003 10 29  23  31    -4.48     8.36   -16.99  -1012.26     22.80     -0.39      7.26  432400.00    0    1    1    1    1
2003 10 29  23  32    -3.87     7.32   -17.75  -1012.26     22.80     -0.38      7.66  432400.00    0    1    1    1    1
2003 10 29  23  33    -3.87     6.83   -17.75  -1012.26     22.80     -0.38      7.75  432400.00    0    1    1    1    1
2003 10 29  23  34    -3.88     5.71   -18.56  -1012.26     22.80     -0.37      7.32  432400.00    0    1    1    1    1
2003 10 29  23  35    -3.92     6.83   -17.68  -1012.26     22.80     -0.37      7.00  432400.00    0    1    1    1    1
2003 10 29  23  36    -6.28    10.72   -16.51  -1012.26     22.80     -0.36      7.13  432400.00    0    1    1    1    1
2003 10 29  23  37    -6.28    10.72   -16.51  -1012.26     22.80     -0.36      7.31  432400.00    0    1    1    1    1
2003 10 29  23  38    -5.91    10.29   -17.55  -1012.26     22.80     -0.35      7.08  432400.00    0    1    1    1    1
2003 10 29  23  39    -5.75    10.29   -17.55  -1012.26     22.80     -0.34      6.38  432400.00    0    1    1    1    1
2003 10 29  23  40    -5.75    10.29   -17.55  -1012.26     22.80     -0.34      6.30  432400.00    0    1    1    1    1
2003 10 29  23  41    -5.19    10.32   -17.98  -1012.26     22.80     -0.33      7.00  432400.00    0    1    1    1    1
2003 10 29  23  42    -5.18    10.20   -18.00  -1012.26     22.80     -0.33      7.72  432400.00    0    1    1    1    1
2003 10 29  23  43    -4.26     8.68   -18.25  -1012.26     22.80     -0.32      7.49  432400.00    0    1    1    1    1
2003 10 29  23  44    -3.97     8.68   -18.25  -1012.26     22.80     -0.31      7.07  432400.00    0    1    1    1    1
2003 10 29  23  45    -3.97     8.94   -17.73  -1025.58     32.99     27.30      6.66  623066.95    0    1    1    1    1
2003 10 29  23  46    -4.77    11.69   -15.67  -1038.90     43.17     54.93      6.70  803737.06    0    1    1    1    1
2003 10 29  23  47    -4.77    12.86   -14.67  -1038.90     43.16     54.94      7.12  790408.03    0    1    1    1    1
2003 10 29  23  48    -4.86    12.86   -14.67  -1038.90     43.14     54.95      7.45  778745.15    0    1    1    1    1
2003 10 29  23  49    -5.39    12.10   -14.92  -1038.90     43.13     54.96      7.65  767082.25    0    1    1    1    1
2003 10 29  23  50    -6.22    12.10   -14.92  -1038.90     43.11     54.97      7.83  753753.23    0    1    1    1    1
2003 10 29  23  51    -7.27    11.31   -13.64  -1038.90     43.10     54.99      7.50  740424.22    0    1    1    1    1
2003 10 29  23  52    -7.75    11.71   -13.23  -1038.90     43.08     55.00      7.07  728761.35    0    1    1    1    1
2003 10 29  23  53    -7.75    11.71   -12.71  -1038.90     43.06     55.02      7.36  717098.38    0    1    1    1    1
2003 10 29  23  54    -7.35    11.71   -12.25  -1038.90     43.04     55.03      8.11  703769.34    0    1    1    1    1
2003 10 29  23  55    -7.35    11.76   -12.18  -1038.90     43.03     55.04      8.21  690440.28    0    1    1    1    1
2003 10 29  23  56    -8.72    11.69   -10.85  -1038.90     43.01     55.05      7.91  678777.42    0    1    1    1    1
2003 10 29  23  57    -9.09    11.36   -10.67  -1038.90     43.00     55.07      7.60  667114.50    0    1    1    1    1
2003 10 29  23  58    -9.09    11.36   -10.08  -1038.90     42.98     55.08      7.51  653785.50    0    1    1    1    1
2003 10 29  23  59    -9.57    11.61   -10.00  -1038.90     42.95     55.10      6.52  640456.47    0    1    1    1    1
2003 10 30   0   0    -9.63    11.66    -9.94  -1038.90     42.94     55.11      5.69  628793.58    0    1    1    1    1
2003 10 30   0   1    -9.63    11.67    -9.72  -1038.90     42.92     55.12      5.58  617130.66    0    1    1    1    1
2003 10 30   0   2    -9.57    11.95    -9.72  -1038.90     42.91     55.14      5.59  603801.62    0    1    1    1    1
2003 10 30   0   3    -9.33    12.05    -9.62  -1038.90     42.88     55.15      5.73  590472.53    0    1    1    1    1
2003 10 30   0   4    -8.85    12.05   -10.27  -1038.90     42.87     55.17      5.91  578809.65    0    1    1    1    1
2003 10 30   0   5    -5.07    11.36   -14.38  -1038.90     42.85     55.18      6.45  567146.77    0    1    1    1    1
2003 10 30   0   6    -4.16    10.57   -14.45  -1038.90     42.83     55.19      7.69  553817.75    0    1    1    1    1
2003 10 30   0   7    -3.11     9.87   -15.21  -1038.90     42.81     55.21      8.75  540488.72    0    1    1    1    1
2003 10 30   0   8    -3.11     9.87   -15.21  -1038.90     42.79     55.23      8.75  528825.85    0    1    1    1    1
2003 10 30   0   9    -5.85    12.24   -12.99  -1038.90     42.77     55.24      8.54  517162.91    0    1    1    1    1
2003 10 30   0  10    -6.34    12.68   -12.69  -1038.90     42.75     55.25      8.42  503833.88    0    1    1    1    1
2003 10 30   0  11    -6.34    12.68   -12.69  -1038.90     42.73     55.27      8.42  490504.82    0    1    1    1    1
2003 10 30   0  12    -6.23    12.22   -13.23  -1038.90     42.71     55.29      8.42  478841.93    0    1    1    1    1
2003 10 30   0  13    -5.81    11.93   -13.62  -1038.90     42.69     55.30      8.28  467179.05    0    1    1    1    1
2003 10 30   0  14    -5.81    11.93   -13.62  -1038.90     42.67     55.32      7.79  453850.00    0    1    1    1    1
2003 10 30   0  15    -6.16    12.76   -11.81  -1038.90     42.65     55.34      7.30  440520.95    0    1    1    1    1
2003 10 30   0  16    -7.08    12.82   -10.88  -1038.90     42.63     55.35      6.91  428858.07    0    1    1    1    1
2003 10 30   0  17    -7.81    12.86    -9.33  -1038.90     42.61     55.37      6.57  417195.18    0    1    1    1    1
2003 10 30   0  18    -7.81    13.43    -9.33  -1050.13     22.66     -1.40      6.78  402786.52    0    1    1    1    1
2003 10 30   0  19    -6.83    13.43   -10.20  -1053.87     16.01    -20.33      7.10  396154.16    0    1    1    1    1
2003 10 30   0  20    -5.71    13.13   -12.85  -1053.87     16.02    -20.32      7.51  390012.34    0    1    1    1    1
2003 10 30   0  21    -5.14    12.30   -14.16  -1053.87     16.03    -20.32      7.95  384638.27    0    1    1    1    1
2003 10 30   0  22    -4.98    12.30   -14.16  -1053.87     16.04    -20.31      8.45  378496.50    0    1    1    1    1
2003 10 30   0  23    -4.69    12.30   -14.16  -1053.87     16.05    -20.30      8.91  372354.66    0    1    1    1    1
2003 10 30   0  24    -4.69    12.21   -14.37  -1053.87     16.05    -20.30      9.30  366980.56    0    1    1    1    1
2003 10 30   0  25    -5.07    11.86   -14.37  -1053.87     16.06    -20.29      9.30  361606.50    0    1    1    1    1
2003 10 30   0  26    -5.07    11.86   -14.27  -1053.87     16.07    -20.29      8.87  355464.70    0    1    1    1    1
2003 10 30   0  27    -4.94    11.87   -14.27  -1053.87     16.08    -20.28      8.38  349322.89    0    1    1    1    1
2003 10 30   0  28    -4.94    12.11   -14.15  -1053.87     16.09    -20.27      7.61  343948.84    0    1    1    1    1
2003 10 30   0  29    -4.79    11.87   -14.31  -1053.87     16.09    -20.27      6.77  338574.75    0    1    1    1    1
2003 10 30   0  30    -3.87     9.64   -15.75  -1053.87     16.11    -20.26      5.96  332432.95    0    1    1    1    1
2003 10 30   0  31    -3.38     9.64   -15.75  -1053.87     16.11    -20.25      5.56  326291.11    0    1    1    1    1
2003 10 30   0  32    -2.73     9.64   -15.75  -1053.87     16.12    -20.24      5.25  320917.03    0    1    1    1    1
2003 10 30   0  33    -1.83     8.14   -17.01  -1053.87     16.13    -20.24      5.58  315542.97    0    1    1    1    1
2003 10 30   0  34    -1.83     7.64   -17.13  -1053.87     16.14    -20.23      6.16  309401.16    0    1    1    1    1
2003 10 30   0  35    -2.01     7.08   -17.32  -1053.87     16.15    -20.22      6.46  303259.34    0    1    1    1    1
2003 10 30   0  36    -2.06     7.08   -17.32  -1053.87     16.16    -20.22      6.46  297885.27    0    1    1    1    1
2003 10 30   0  37    -2.06     7.98   -16.95  -1053.87     16.16    -20.21      6.56  292511.20    0    1    1    1    1
2003 10 30   0  38    -2.24     8.42   -16.77  -1053.87     16.17    -20.20      7.10  286369.39    0    1    1    1    1
2003 10 30   0  39    -2.60     8.66   -16.76  -1053.87     16.18    -20.20      7.67  280227.58    0    1    1    1    1
2003 10 30   0  40    -2.77     8.76   -16.64  -1053.87     16.19    -20.19      7.46  274853.53    0    1    1    1    1
2003 10 30   0  41    -2.77     8.98   -16.64  -1053.87     16.20    -20.18      6.64  269479.41    0    1    1    1    1
2003 10 30   0  42    -2.62     9.89   -16.19  -1053.87     16.21    -20.18      5.76  263337.61    0    1    1    1    1
2003 10 30   0  43    -2.19    10.15   -16.04  -1053.87     16.22    -20.17      5.44  257195.79    0    1    1    1    1
2003 10 30   0  44    -1.98    10.15   -16.04  -1053.87     16.23    -20.16      5.30  251821.73    0    1    1    1    1
2003 10 30   0  45    -1.98    10.15   -16.04  -1053.87     16.23    -20.15      5.19  246447.65    0    1    1    1    1
2003 10 30   0  46    -2.84    11.32   -14.93  -1053.87     16.24    -20.14      5.16  240305.84    0    1    1    1    1
2003 10 30   0  47    -4.62    14.56   -10.50  -1053.87     16.26    -20.14      5.25  234164.05    0    1    1    1    1
2003 10 30   0  48    -4.62    14.56   -10.50  -1053.87     16.26    -20.13      6.18  228789.97    0    1    1    1    1
2003 10 30   0  49    -2.99    10.29   -15.49  -1053.87     16.27    -20.12      7.38  223415.90    0    1    1    1    1
2003 10 30   0  50    -2.99    10.29   -15.49  -1053.87     16.28    -20.12      8.25  217274.08    0    1    1    1    1
2003 10 30   0  51    -3.13    10.59   -15.39  -1055.21     43.12    -16.56      7.87  212283.88    0    1    1    1    1
2003 10 30   0  52    -3.21    11.12   -14.95  -1055.66     52.06    -15.35      7.43  211900.00    0    1    1    1    1
2003 10 30   0  53    -3.64    11.66   -14.33  -1055.66     52.07    -15.33      7.05  211900.00    0    1    1    1    1
2003 10 30   0  54    -3.88    13.80   -11.68  -1055.66     52.08    -15.30      6.69  211900.00    0    1    1    1    1
2003 10 30   0  55    -3.96    13.80   -11.68  -1055.66     52.09    -15.28      6.85  211900.00    0    1    1    1    1
2003 10 30   0  56    -3.88    13.40   -12.23  -1055.66     52.09    -15.25      7.68  211900.00    0    1    1    1    1
2003 10 30   0  57    -1.87    10.95   -14.90  -1055.66     52.10    -15.23      8.41  211900.00    0    1    1    1    1
2003 10 30   0  58    -1.87    10.95   -14.90  -1055.66     52.11    -15.20      8.71  211900.00    0    1    1    1    1
2003 10 30   0  59    -4.73    12.72   -11.96  -1055.66     52.12    -15.18      7.96  211900.00    0    1    1    1    1
2003 10 30   1   0    -6.24    13.87   -10.11  -1055.66     52.12    -15.15      7.16  211900.00    0    1    1    1    1
2003 10 30   1   1    -6.24    13.87   -10.11  -1055.66     52.13    -15.12      6.79  211900.00    0    1    1    1    1
2003 10 30   1   2    -4.51    13.14   -11.83  -1055.66     52.14    -15.10      6.60  211900.00    0    1    1    1    1
2003 10 30   1   3    -3.56    12.96   -12.06  -1055.66     52.15    -15.07      6.82  211900.00    0    1    1    1    1
2003 10 30   1   4    -3.13    12.96   -12.06  -1055.66     52.15    -15.04      7.79  211900.00    0    1    1    1    1
2003 10 30   1   5    -3.13    13.35   -11.74  -1055.66     52.16    -15.02      8.47  211900.00    0    1    1    1    1
2003 10 30   1   6    -2.30    14.16   -10.29  -1055.66     52.17    -15.00      8.69  211900.00    0    1    1    1    1
2003 10 30   1   7    -2.30    14.67   -10.29  -1055.66     52.18    -14.97      8.93  211900.00    0    1    1    1    1
2003 10 30   1   8    -2.62    15.44    -9.06  -1055.66     52.18    -14.94      9.17  211900.00    0    1    1    1    1
2003 10 30   1   9    -2.67    15.81    -8.44  -1055.66     52.19    -14.91      9.38  211900.00    0    1    1    1    1
2003 10 30   1  10    -2.62    15.81    -8.44  -1055.66     52.20    -14.89      9.58  211900.00    0    1    1    1    1
2003 10 30   1  11     0.42    14.21   -10.30  -1055.66     52.21    -14.86      9.82  211900.00    0    1    1    1    1
2003 10 30   1  12     1.03    14.18   -10.48  -1055.66     52.21    -14.83     10.06  211900.00    0    1    1    1    1
2003 10 30   1  13     1.03    13.99   -10.48  -1055.66     52.22    -14.80     10.27  211900.00    0    1    1    1    1
2003 10 30   1  14     2.58    13.66   -10.58  -1055.66     52.23    -14.78     10.48  211900.00    0    1    1    1    1
2003 10 30   1  15     2.58    13.66   -10.05  -1055.66     52.24    -14.75     10.54  211900.00    0    1    1    1    1
2003 10 30   1  16    -0.27    14.38    -9.81  -1055.66     52.25    -14.72     10.29  211900.00    0    1    1    1    1
2003 10 30   1  17    -0.27    14.84    -9.10  -1055.66     52.25    -14.69     10.06  211900.00    0    1    1    1    1
2003 10 30   1  18    -0.50    15.63    -7.75  -1055.66     52.26    -14.67      9.84  211900.00    0    1    1    1    1
2003 10 30   1  19    -0.11    15.29    -8.55  -1055.66     52.27    -14.64      9.58  211900.00    0    1    1    1    1
2003 10 30   1  20    -0.61    15.29    -8.55  -1055.66     52.28    -14.61      9.33  211900.00    0    1    1    1    1
2003 10 30   1  21    -0.82    15.05    -8.67  -1055.66     52.28    -14.58      9.10  211900.00    0    1    1    1    1
2003 10 30   1  22    -2.02    14.80    -8.83  -1055.66     52.29    -14.55      9.24  211900.00    0    1    1    1    1
2003 10 30   1  23    -2.02    14.75    -8.88  -1055.66     52.30    -14.52     10.16  211900.00    0    1    1    1    1
2003 10 30   1  24    -0.83    14.63    -9.47  -1061.62     29.59    -16.19     10.98  221181.86    0    1    1    1    1
2003 10 30   1  25     0.62    14.47    -9.93  -1062.48     22.38    -16.71     11.20  224891.13    0    1    1    1    1
2003 10 30   1  26     1.41    14.47    -9.93  -1061.36     22.75    -16.66     11.17  225506.46    0    1    1    1    1
2003 10 30   1  27     1.41    14.60    -8.21  -1060.24     23.12    -16.62     11.13  226121.78    0    1    1    1    1
2003 10 30   1  28    -0.70    14.83    -8.21  -1058.96     23.54    -16.56     11.10  226825.00    0    1    1    1    1
2003 10 30   1  29    -0.70    14.68    -8.79  -1057.84     23.91    -16.52     11.07  227440.32    0    1    1    1    1
2003 10 30   1  30    -1.66    14.68    -9.23  -1056.71     24.28    -16.48     11.04  228055.64    0    1    1    1    1
2003 10 30   1  31    -1.73    14.24    -9.66  -1055.43     24.71    -16.43     11.00  228758.87    0    1    1    1    1
2003 10 30   1  32    -1.74    13.29   -10.07  -1054.31     25.07    -16.38     10.97  229374.19    0    1    1    1    1
2003 10 30   1  33    -1.74    13.20   -10.46  -1053.19     25.45    -16.34     10.94  229989.52    0    1    1    1    1
2003 10 30   1  34    -1.74    12.97   -11.09  -1051.91     25.87    -16.28     10.90  230692.74    0    1    1    1    1
2003 10 30   1  35    -3.74    11.52   -12.08  -1050.79     26.24    -16.23     10.86  231308.07    0    1    1    1    1
2003 10 30   1  36    -3.74    11.52   -12.08  -1049.67     26.60    -16.18     10.83  231923.39    0    1    1    1    1
2003 10 30   1  37    -1.36    11.92   -11.42  -1048.39     27.03    -16.12     10.79  232626.61    0    1    1    1    1
2003 10 30   1  38     2.19    14.65    -8.14  -1047.27     27.40    -16.08     10.76  233241.93    0    1    1    1    1
2003 10 30   1  39     3.65    14.68    -7.39  -1046.15     27.77    -16.03     10.73  233857.26    0    1    1    1    1
2003 10 30   1  40     3.65    14.68    -7.35  -1044.87     28.19    -15.97     10.70  234560.48    0    1    1    1    1
2003 10 30   1  41     5.64    14.31    -5.95  -1043.74     28.56    -15.92     10.66  235175.81    0    1    1    1    1
2003 10 30   1  42     5.64    13.54    -5.95  -1042.62     28.93    -15.87     10.60  235791.13    0    1    1    1    1
2003 10 30   1  43     4.24    13.54    -7.19  -1041.34     29.36    -15.81     10.42  236494.36    0    1    1    1    1
2003 10 30   1  44     3.19    14.18    -7.52  -1040.22     29.72    -15.75     10.26  237109.68    0    1    1    1    1
2003 10 30   1  45     2.26    14.57    -7.52  -1039.10     30.09    -15.71     10.09  237725.00    0    1    1    1    1
2003 10 30   1  46     2.26    14.73    -6.87  -1037.82     30.52    -15.65      9.69  238428.22    0    1    1    1    1
2003 10 30   1  47     4.52    14.74    -6.06  -1036.70     30.88    -15.59      9.26  239043.54    0    1    1    1    1
2003 10 30   1  48     5.87    14.74    -4.86  -1035.58     31.25    -15.54      8.84  239658.87    0    1    1    1    1
2003 10 30   1  49     5.87    14.87    -4.86  -1034.30     31.68    -15.48      8.35  240362.10    0    1    1    1    1
2003 10 30   1  50     5.16    14.87    -5.40  -1033.18     32.04    -15.42      7.93  240977.42    0    1    1    1    1
2003 10 30   1  51     4.69    15.05    -6.31  -1032.06     32.42    -15.36      7.50  241592.74    0    1    1    1    1
2003 10 30   1  52     2.53    14.65    -6.72  -1030.77     32.84    -15.30      7.05  242295.97    0    1    1    1    1
2003 10 30   1  53    -1.49    15.16    -6.72  -1029.65     33.21    -15.25      7.13  242911.29    0    1    1    1    1
2003 10 30   1  54    -1.88    15.56    -6.27  -1028.53     33.58    -15.19      7.38  243526.61    0    1    1    1    1
2003 10 30   1  55    -1.88    15.56    -6.27  -1027.25     34.00    -15.12      7.68  244229.84    0    1    1    1    1
2003 10 30   1  56     3.50    14.58    -7.43  -1026.13     34.37    -15.07      7.93  244845.16    0    1    1    1    1
2003 10 30   1  57     3.50    14.58    -7.50  -1025.01     34.74    -15.00      8.19  245460.48    0    1    1    1    1
2003 10 30   1  58     3.18    14.42    -7.74  -1024.23     35.00    -14.96      8.47  245900.00    0    1    1    1    1
2003 10 30   1  59     3.18    14.65    -7.50  -1024.23     35.01    -14.93      8.76  245900.00    0    1    1    1    1
2003 10 30   2   0     3.57    15.79    -4.45  -1024.23     35.02    -14.91      9.06  245900.00    0    1    1    1    1
2003 10 30   2   1     4.32    16.44    -3.22  -1024.23     35.03    -14.89      9.52  245900.00    0    1    1    1    1
2003 10 30   2   2     4.78    16.48    -3.19  -1024.23     35.04    -14.87     10.01  245900.00    0    1    1    1    1
2003 10 30   2   3     4.78    16.44    -3.19  -1024.23     35.05    -14.84     10.30  245900.00    0    1    1    1    1
2003 10 30   2   4     4.34    15.99    -3.51  -1024.23     35.06    -14.82     10.53  245900.00    0    1    1    1    1
2003 10 30   2   5     4.33    15.98    -3.51  -1024.23     35.06    -14.80     10.40  245900.00    0    1    1    1    1
2003 10 30   2   6     4.11    15.56    -1.75  -1024.23     35.08    -14.78      9.89  245900.00    0    1    1    1    1
2003 10 30   2   7     4.33    15.56    -1.75  -1024.23     35.09    -14.75      9.51  245900.00    0    1    1    1    1
2003 10 30   2   8     4.37    15.24    -2.26  -1024.23     35.09    -14.73      9.49  245900.00    0    1    1    1    1
2003 10 30   2   9     4.60    14.96    -2.63  -1024.23     35.10    -14.71      9.48  245900.00    0    1    1    1    1
2003 10 30   2  10     4.75    14.96    -2.79  -1024.23     35.11    -14.69      9.09  245900.00    0    1    1    1    1
2003 10 30   2  11     4.98    14.91    -2.79  -1024.23     35.12    -14.66      8.54  245900.00    0    1    1    1    1
2003 10 30   2  12     4.98    14.72    -2.79  -1024.23     35.13    -14.64      8.05  245900.00    0    1    1    1    1
2003 10 30   2  13     0.28     3.56    -5.45  -1024.23     35.14    -14.62      8.05  245900.00    0    1    1    1    1
2003 10 30   2  14     0.28    -0.18    -8.81  -1024.23     35.15    -14.60      8.29  245900.00    0    1    1    1    1
2003 10 30   2  15     1.50    -0.18   -10.10  -1024.23     35.16    -14.57      8.53  245900.00    0    1    1    1    1
2003 10 30   2  16     1.77     2.34   -12.13  -1024.23     35.17    -14.55      8.74  245900.00    0    1    1    1    1
2003 10 30   2  17     4.32     2.34   -13.18  -1024.23     35.18    -14.53      8.86  245900.00    0    1    1    1    1
2003 10 30   2  18     2.61    -1.05   -13.18  -1024.23     35.19    -14.50      8.46  245900.00    0    1    1    1    1
2003 10 30   2  19     4.16    -7.81   -12.03  -1024.23     35.20    -14.48      7.94  245900.00    0    1    1    1    1
2003 10 30   2  20     3.69   -11.90    -8.27  -1024.23     35.21    -14.46      7.13  245900.00    0    1    1    1    1
2003 10 30   2  21     3.69   -14.19    -4.12  -1024.23     35.22    -14.43      6.23  245900.00    0    1    1    1    1
2003 10 30   2  22     1.20   -14.19    -4.05  -1024.23     35.23    -14.41      5.73  245900.00    0    1    1    1    1
2003 10 30   2  23     1.20   -13.64    -1.94  -1024.23     35.24    -14.38      6.12  245900.00    0    1    1    1    1
2003 10 30   2  24     1.92   -13.25    -1.10  -1024.23     35.25    -14.36      6.44  245900.00    0    1    1    1    1
2003 10 30   2  25     1.92   -12.24    -1.10  -1024.23     35.26    -14.34      6.55  245900.00    0    1    1    1    1
2003 10 30   2  26     0.42   -12.24    -2.56  -1024.23     35.27    -14.31      6.65  245900.00    0    1    1    1    1
2003 10 30   2  27     0.22   -11.72    -2.56  -1024.23     35.28    -14.29      6.75  245900.00    0    1    1    1    1
2003 10 30   2  28    -1.38    -9.00    -2.56  -1024.23     35.29    -14.27      6.84  245900.00    0    1    1    1    1
2003 10 30   2  29    -1.38    -4.75    -1.81  -1024.23     35.30    -14.24      6.93  245900.00    0    1    1    1    1
2003 10 30   2  30    -1.38    -4.75    -2.84  -1038.26     28.41    -30.51      7.02  253517.75    0    1    1    1    1
2003 10 30   2  31    -3.00    -6.77    -8.05  -1051.92     21.36    -46.39      7.12  260748.38    0    1    1    1    1
2003 10 30   2  32    -3.11    -6.77    -8.05  -1051.49     21.18    -45.91      7.21  260296.77    0    1    1    1    1
2003 10 30   2  33    -3.11    -6.81    -7.71  -1051.06     20.99    -45.43      7.30  259845.14    0    1    1    1    1
2003 10 30   2  34    -2.35    -9.69    -7.71  -1050.56     20.78    -44.89      7.40  259329.02    0    1    1    1    1
2003 10 30   2  35    -2.15   -10.42    -7.69  -1050.13     20.60    -44.40      7.49  258877.44    0    1    1    1    1
2003 10 30   2  36    -2.15   -10.08    -8.11  -1049.70     20.41    -43.92      7.58  258425.83    0    1    1    1    1
2003 10 30   2  37    -2.15   -10.08    -7.33  -1049.20     20.20    -43.38      7.68  257909.67    0    1    1    1    1
2003 10 30   2  38    -1.89    -8.85    -4.54  -1048.70     19.98    -42.83      7.78  257393.54    0    1    1    1    1
2003 10 30   2  39     3.50    -6.91     9.01  -1048.27     19.80    -42.35      7.87  256941.94    0    1    1    1    1
2003 10 30   2  40     4.01    -4.08     9.01  -1047.84     19.61    -41.88      7.61  256490.33    0    1    1    1    1
2003 10 30   2  41     5.25     4.06     8.55  -1047.34     19.40    -41.33      7.05  255974.17    0    1    1    1    1
2003 10 30   2  42     5.50     7.45     6.86  -1046.91     19.21    -40.85      6.57  255522.56    0    1    1    1    1
2003 10 30   2  43     6.08     9.16     5.22  -1046.47     19.02    -40.37      6.33  255070.98    0    1    1    1    1
2003 10 30   2  44     6.79     9.70     2.94  -1045.97     18.80    -39.83      6.15  254554.85    0    1    1    1    1
2003 10 30   2  45     7.24    11.17    -1.18  -1045.50     18.59    -39.31      5.92  254060.23    0    1    1    1    1
2003 10 30   2  46     7.51    11.39    -1.18  -1045.05     18.39    -38.81      5.54  253587.09    0    1    1    1    1
2003 10 30   2  47     7.51    11.17    -0.15  -1044.62     18.21    -38.34      5.41  253135.48    0    1    1    1    1
2003 10 30   2  48     7.00     9.84     2.94  -1044.12     17.99    -37.80      6.69  252619.35    0    1    1    1    1
2003 10 30   2  49     5.95     8.95     9.24  -1043.68     17.80    -37.32      8.03  252167.73    0    1    1    1    1
2003 10 30   2  50     5.89     8.95     9.24  -1043.25     17.61    -36.84      8.91  251716.12    0    1    1    1    1
2003 10 30   2  51     5.50     9.26     9.10  -1042.76     17.38    -36.30      8.95  251200.00    0    1    1    1    1
2003 10 30   2  52     5.00     9.26     9.10  -1042.26     17.16    -35.75      8.95  250683.88    0    1    1    1    1
2003 10 30   2  53     5.00     5.68    11.16  -1041.82     16.96    -35.28      8.95  250232.27    0    1    1    1    1
2003 10 30   2  54     5.20     3.09    11.54  -1041.39     16.77    -34.81      8.95  249780.64    0    1    1    1    1
2003 10 30   2  55     5.20     1.60    11.67  -1040.89     16.55    -34.26      8.76  249264.52    0    1    1    1    1
2003 10 30   2  56     4.86     0.42    11.74  -1040.46     16.35    -33.79      8.53  248812.91    0    1    1    1    1
2003 10 30   2  57     4.51    -0.82    11.74  -1040.03     16.15    -33.32      8.29  248361.27    0    1    1    1    1
2003 10 30   2  58     3.86    -0.82    10.83  -1039.53     15.92    -32.78      8.02  247845.14    0    1    1    1    1
2003 10 30   2  59     3.27    -2.92    10.77  -1039.03     15.69    -32.23      7.75  247329.02    0    1    1    1    1
2003 10 30   3   0     3.37    -3.91    10.66  -1038.60     15.49    -31.77      7.52  246877.44    0    1    1    1    1
2003 10 30   3   1     3.27    -3.94    10.65  -1038.17     15.29    -31.29      7.28  246425.83    0    1    1    1    1
2003 10 30   3   2     3.37    -5.14    10.66  -1037.67     15.07    -30.75      7.02  245909.67    0    1    1    1    1
2003 10 30   3   3     3.79    -5.14    10.78  -1037.24     14.86    -30.28      6.80  245458.06    0    1    1    1    1
2003 10 30   3   4     3.95    -4.94    11.36  -1036.75     14.26    -30.59      6.59  250938.22    0    1    1    1    1
2003 10 30   3   5     4.12    -4.43    11.36  -1036.09     12.91    -32.23      6.46  266240.13    0    1    1    1    1
2003 10 30   3   6     4.19    -4.26    11.23  -1035.42     11.55    -33.86      6.46  281542.03    0    1    1    1    1
2003 10 30   3   7     4.26    -3.53    11.07  -1034.84     10.37    -35.29      6.46  294931.19    0    1    1    1    1
2003 10 30   3   8     4.19    -3.49    11.23  -1034.26      9.19    -36.72      6.60  308320.37    0    1    1    1    1
2003 10 30   3   9     4.26    -3.49    11.23  -1033.59      7.85    -38.36      6.82  323622.27    0    1    1    1    1
2003 10 30   3  10     4.28    -3.04    11.43  -1033.01      6.67    -39.79      6.93  337011.44    0    1    1    1    1
2003 10 30   3  11     4.28    -2.88    11.70  -1032.43      5.50    -41.23      6.93  350400.60    0    1    1    1    1
2003 10 30   3  12     4.36    -2.88    11.70  -1031.76      4.16    -42.87      7.03  365702.52    0    1    1    1    1
2003 10 30   3  13     4.57    -3.25    11.44  -1031.10      2.83    -44.52      7.64  381004.42    0    1    1    1    1
2003 10 30   3  14     4.91    -3.25    11.44  -1030.52      1.66    -45.96      8.24  394393.59    0    1    1    1    1
2003 10 30   3  15     5.50    -2.42    11.69  -1029.94      0.50    -47.40      8.83  407782.76    0    1    1    1    1
2003 10 30   3  16     5.72    -1.09    11.75  -1029.27     -0.83    -49.05      9.51  423084.66    0    1    1    1    1
2003 10 30   3  17     5.72     0.29    11.77  -1028.69     -1.99    -50.50     10.10  436473.83    0    1    1    1    1
2003 10 30   3  18     5.49     0.92    11.77  -1028.11     -3.15    -51.94     10.70  449863.00    0    1    1    1    1
2003 10 30   3  19     5.47     1.54    11.44  -1027.44     -4.46    -53.60     11.38  465164.90    0    1    1    1    1
2003 10 30   3  20     5.25     1.66    11.44  -1026.86     -5.62    -55.05     11.97  478554.07    0    1    1    1    1
2003 10 30   3  21     4.49     1.54    11.55  -1026.28     -6.77    -56.51     12.56  491943.24    0    1    1    1    1
2003 10 30   3  22     4.49     1.79    11.55  -1025.62     -8.08    -58.17     13.24  507245.15    0    1    1    1    1
2003 10 30   3  23     4.82     2.29    11.63  -1024.95     -9.39    -59.84     13.92  522547.05    0    1    1    1    1
2003 10 30   3  24     4.82     2.79    11.63  -1024.37    -10.54    -61.29     14.41  535936.23    0    1    1    1    1
2003 10 30   3  25     3.63     3.35    11.86  -1023.79    -11.68    -62.76     14.44  549325.39    0    1    1    1    1
2003 10 30   3  26     3.46     4.03    11.90  -1023.12    -12.98    -64.43     14.44  564627.30    0    1    1    1    1
2003 10 30   3  27     3.46     4.03    11.90  -1022.54    -14.12    -65.89     14.39  578016.48    0    1    1    1    1
2003 10 30   3  28     4.08     4.03    11.66  -1021.96    -15.25    -67.36     14.02  591405.64    0    1    1    1    1
2003 10 30   3  29     4.15     4.14    11.65  -1021.29    -16.55    -69.03     13.55  606707.53    0    1    1    1    1
2003 10 30   3  30     4.08     4.19    11.65  -1020.71    -17.68    -70.50     13.14  620096.71    0    1    1    1    1
2003 10 30   3  31     4.08     4.33    11.65  -1020.13    -18.80    -71.98     12.86  633485.87    0    1    1    1    1
2003 10 30   3  32     4.08     4.33    11.49  -1019.46    -20.09    -73.66     12.56  648787.78    0    1    1    1    1
2003 10 30   3  33     4.68     4.19    11.38  -1018.80    -21.37    -75.34     12.47  664089.69    0    1    1    1    1
2003 10 30   3  34     4.77     4.19    11.34  -1018.22    -22.50    -76.82     12.47  677478.86    0    1    1    1    1
2003 10 30   3  35     5.03     4.19    11.34  -1017.64    -23.62    -78.30     12.24  690868.03    0    1    1    1    1
2003 10 30   3  36     5.07     4.01    11.24  -1016.97    -24.89    -79.99     11.47  706169.94    0    1    1    1    1
2003 10 30   3  37     5.81     3.53    11.26  -1016.45    -25.90    -81.33     10.80  716999.29    0    1    1    1    1
2003 10 30   3  38     5.93     3.25    11.24  -1016.39    -25.95    -81.49     10.63  706070.00    0    1    1    1    1
2003 10 30   3  39     5.93     2.81    11.26  -1016.39    -25.88    -81.52     10.62  690653.86    0    1    1    1    1
2003 10 30   3  40     5.85     2.62    11.37  -1016.39    -25.81    -81.54     10.17  675237.78    0    1    1    1    1
2003 10 30   3  41     5.79     2.53    11.40  -1016.39    -25.76    -81.55      9.59  661748.64    0    1    1    1    1
2003 10 30   3  42     5.30     2.35    11.59  -1016.39    -25.70    -81.57      8.99  648259.56    0    1    1    1    1
2003 10 30   3  43     4.74     2.35    11.72  -1016.39    -25.63    -81.59      8.32  632843.38    0    1    1    1    1
2003 10 30   3  44     4.43     2.55    11.78  -1016.39    -25.56    -81.62      7.65  617427.25    0    1    1    1    1
2003 10 30   3  45     3.45     2.55    12.01  -1016.39    -25.51    -81.63      7.06  603938.14    0    1    1    1    1
2003 10 30   3  46     3.45     2.31    12.06  -1016.39    -25.45    -81.65      6.80  590449.06    0    1    1    1    1
2003 10 30   3  47     3.87     2.31    12.06  -1016.39    -25.38    -81.67      6.61  575032.88    0    1    1    1    1
2003 10 30   3  48     5.72     3.53    11.25  -1016.39    -25.31    -81.69      6.42  559616.81    0    1    1    1    1
2003 10 30   3  49     5.72     4.43    11.25  -1016.39    -25.25    -81.71      6.26  546127.67    0    1    1    1    1
2003 10 30   3  50     4.69     4.83    11.19  -1016.39    -25.20    -81.73      6.09  532638.59    0    1    1    1    1
2003 10 30   3  51     4.44     4.87    11.29  -1016.39    -25.13    -81.75      6.16  517222.43    0    1    1    1    1
2003 10 30   3  52     4.20     4.87    11.29  -1016.39    -25.06    -81.77      6.42  501806.28    0    1    1    1    1
2003 10 30   3  53     4.20     4.83    11.30  -1016.39    -25.00    -81.79      6.65  488317.19    0    1    1    1    1
2003 10 30   3  54     4.20     4.74    11.32  -1016.39    -24.94    -81.81      6.85  474828.07    0    1    1    1    1
2003 10 30   3  55     4.26     4.74    11.33  -1016.39    -24.88    -81.82      6.65  459411.95    0    1    1    1    1
2003 10 30   3  56     4.33     4.76    11.33  -1016.39    -24.80    -81.84      6.32  443995.84    0    1    1    1    1
2003 10 30   3  57     4.33     4.76    11.33  -1016.39    -24.75    -81.86      6.05  430506.73    0    1    1    1    1
2003 10 30   3  58     3.86     3.78    11.74  -1016.39    -24.69    -81.88      6.00  417017.57    0    1    1    1    1
2003 10 30   3  59     3.75     3.78    11.74  -1016.39    -24.62    -81.91      6.00  401601.45    0    1    1    1    1
2003 10 30   4   0     3.75     3.78    11.74  -1016.39    -24.55    -81.93      5.99  386185.34    0    1    1    1    1
2003 10 30   4   1     3.75     3.75    11.78  -1016.39    -24.49    -81.94      5.98  372696.19    0    1    1    1    1
2003 10 30   4   2     3.79     3.43    11.83  -1016.39    -24.43    -81.96      5.97  359207.12    0    1    1    1    1
2003 10 30   4   3     3.90     3.32    11.95  -1016.39    -24.37    -81.98      5.96  343790.98    0    1    1    1    1
2003 10 30   4   4     3.92     2.86    11.99  -1016.39    -24.29    -82.00      5.95  328374.86    0    1    1    1    1
2003 10 30   4   5     4.47     1.29    12.00  -1016.39    -24.24    -82.02      5.94  314885.77    0    1    1    1    1
2003 10 30   4   6     4.64     1.10    12.00  -1016.39    -24.18    -82.04      5.93  301396.62    0    1    1    1    1
2003 10 30   4   7     4.70     1.10    11.91  -1016.39    -24.11    -82.06      5.92  285980.48    0    1    1    1    1
2003 10 30   4   8     4.70     1.13    11.89  -1016.39    -24.04    -82.07      5.91  270564.36    0    1    1    1    1
2003 10 30   4   9     4.66     1.24    11.88  -1016.39    -23.98    -82.09      5.90  257075.23    0    1    1    1    1
2003 10 30   4  10     4.60     1.45    11.88  -1021.17     -7.37    -69.27      5.90  243862.10    0    1    1    1    1
2003 10 30   4  11     4.26     1.75    11.89  -1024.36      3.73    -60.71      5.88  240082.35    0    1    1    1    1
2003 10 30   4  12     3.82     1.75    11.99  -1024.36      3.77    -60.71      5.88  238688.00    0    1    1    1    1
2003 10 30   4  13     3.62     1.67    12.03  -1024.36      3.81    -60.71      5.87  237293.65    0    1    1    1    1
2003 10 30   4  14     3.82     1.67    12.03  -1024.36      3.87    -60.70      5.86  235700.10    0    1    1    1    1
2003 10 30   4  15     4.19     2.27    11.65  -1024.36      3.92    -60.70      5.85  234106.58    0    1    1    1    1
2003 10 30   4  16     4.25     2.27    11.65  -1024.36      3.96    -60.70      5.84  232712.20    0    1    1    1    1
2003 10 30   4  17     4.24     2.10    11.65  -1024.36      4.00    -60.69      5.83  231317.85    0    1    1    1    1
2003 10 30   4  18     4.25     2.10    11.64  -1024.36      4.05    -60.69      5.82  229724.30    0    1    1    1    1
2003 10 30   4  19     4.24     2.50    11.57  -1024.36      4.11    -60.69      5.81  228130.73    0    1    1    1    1
2003 10 30   4  20     3.97     2.52    11.53  -1024.36      4.15    -60.68      5.80  226736.40    0    1    1    1    1
2003 10 30   4  21     3.86     2.74    11.53  -1024.36      4.19    -60.68      5.79  225342.02    0    1    1    1    1
2003 10 30   4  22     3.86     2.75    11.51  -1024.36      4.25    -60.68      5.79  223748.50    0    1    1    1    1
2003 10 30   4  23     3.96     3.14    11.33  -1024.36      4.29    -60.67      5.77  222154.95    0    1    1    1    1
2003 10 30   4  24     5.38     4.56    10.13  -1024.36      4.34    -60.67      5.77  220760.60    0    1    1    1    1
2003 10 30   4  25     5.38     4.56    10.13  -1024.36      4.38    -60.67      5.76  219366.23    0    1    1    1    1
2003 10 30   4  26     5.38     4.31    10.13  -1024.36      4.43    -60.66      5.75  217772.70    0    1    1    1    1
2003 10 30   4  27     5.38     4.30    10.26  -1024.36      4.49    -60.66      5.74  216179.10    0    1    1    1    1
2003 10 30   4  28     5.28     4.28    10.30  -1024.36      4.53    -60.66      5.73  214784.80    0    1    1    1    1
2003 10 30   4  29     5.28     4.28    10.41  -1024.36      4.57    -60.65      5.72  213390.40    0    1    1    1    1
2003 10 30   4  30     4.94     4.33    10.45  -1024.36      4.62    -60.65      5.71  211796.90    0    1    1    1    1
2003 10 30   4  31     4.94     4.33    10.45  -1024.36      4.68    -60.65      5.70  210203.33    0    1    1    1    1
2003 10 30   4  32     5.07     4.00    10.45  -1024.36      4.72    -60.64      5.69  208809.00    0    1    1    1    1
2003 10 30   4  33     5.35     4.00    10.44  -1024.36      4.76    -60.64      5.69  207414.60    0    1    1    1    1
2003 10 30   4  34     5.07     4.00    10.45  -1024.36      4.82    -60.63      5.68  205821.10    0    1    1    1    1
2003 10 30   4  35     4.94     4.10    10.27  -1024.36      4.87    -60.63      5.67  204227.50    0    1    1    1    1
2003 10 30   4  36     4.94     4.10    10.27  -1024.36      4.91    -60.63      5.66  202833.17    0    1    1    1    1
2003 10 30   4  37     5.24     4.48     9.96  -1024.36      4.96    -60.62      5.65  201438.80    0    1    1    1    1
2003 10 30   4  38     5.26     4.66     9.83  -1024.36      5.01    -60.62      5.64  199845.27    0    1    1    1    1
2003 10 30   4  39     5.30     4.66     9.83  -1024.36      5.06    -60.61      5.63  198251.70    0    1    1    1    1
2003 10 30   4  40     5.30     4.17    10.02  -1024.36      5.10    -60.61      5.62  196857.40    0    1    1    1    1
2003 10 30   4  41     5.58     3.52    10.05  -1024.36      5.15    -60.61      5.61  195463.00    0    1    1    1    1
2003 10 30   4  42     5.58     4.03    10.02  -1024.36      5.20    -60.60      5.60  193869.48    0    1    1    1    1
2003 10 30   4  43     5.58     4.03     9.80  -1041.78     -6.91    -47.40      5.59  195179.44    0    1    1    1    1
2003 10 30   4  44     5.20     4.54     9.80  -1041.20     -5.17    -46.89      5.58  202324.59    0    1    1    1    1
2003 10 30   4  45     5.20     5.39     9.47  -1040.70     -3.65    -46.45      5.58  208576.61    0    1    1    1    1
2003 10 30   4  46     5.23     5.39     9.47  -1040.19     -2.12    -46.00      5.58  214828.62    0    1    1    1    1
2003 10 30   4  47     5.47     4.84     9.63  -1039.61     -0.39    -45.48      5.58  221973.79    0    1    1    1    1
2003 10 30   4  48     5.47     4.79     9.63  -1039.10      1.14    -45.03      5.58  228225.81    0    1    1    1    1
2003 10 30   4  49     5.61     4.84     9.63  -1038.59      2.66    -44.58      5.61  234477.83    0    1    1    1    1
2003 10 30   4  50     5.51     5.30     9.29  -1038.01      4.40    -44.05      6.50  241622.98    0    1    1    1    1
2003 10 30   4  51     5.53     5.46     9.28  -1037.50      5.92    -43.59      7.62  247875.00    0    1    1    1    1
2003 10 30   4  52     5.53     5.46     9.11  -1036.99      7.44    -43.12      8.32  254127.02    0    1    1    1    1
2003 10 30   4  53     5.88     5.25     9.11  -1036.41      9.17    -42.60      8.14  261272.17    0    1    1    1    1
2003 10 30   4  54     5.88     5.25     9.11  -1035.83     10.91    -42.06      7.95  268417.34    0    1    1    1    1
2003 10 30   4  55     5.90     5.50     9.02  -1035.32     12.42    -41.59      7.91  274669.35    0    1    1    1    1
2003 10 30   4  56     5.90     5.77     8.82  -1034.82     13.94    -41.12      7.91  280921.38    0    1    1    1    1
2003 10 30   4  57     5.98     5.82     8.74  -1034.24     15.67    -40.58      7.90  288066.53    0    1    1    1    1
2003 10 30   4  58     6.02     6.16     8.42  -1033.73     17.19    -40.10      7.77  294318.55    0    1    1    1    1
2003 10 30   4  59     6.02     6.16     8.42  -1033.22     18.70    -39.62      7.58  300570.56    0    1    1    1    1
2003 10 30   5   0     5.75     6.15     8.62  -1032.64     20.44    -39.08      7.42  307715.73    0    1    1    1    1
2003 10 30   5   1     5.41     6.07     8.72  -1032.06     22.16    -38.52      7.41  314860.88    0    1    1    1    1
2003 10 30   5   2     5.41     6.07     8.72  -1031.55     23.68    -38.03      7.40  321112.91    0    1    1    1    1
2003 10 30   5   3     5.49     5.90     8.72  -1031.04     25.19    -37.55      7.23  327364.91    0    1    1    1    1
2003 10 30   5   4     5.49     5.90     8.68  -1030.46     26.91    -36.98      7.01  334510.09    0    1    1    1    1
2003 10 30   5   5     5.39     6.45     8.40  -1029.95     28.42    -36.49      7.03  340762.09    0    1    1    1    1
2003 10 30   5   6     5.39     6.45     8.40  -1029.45     29.93    -36.00      7.21  347014.12    0    1    1    1    1
2003 10 30   5   7     5.37     6.26     8.53  -1028.87     31.66    -35.42      7.20  354159.27    0    1    1    1    1
2003 10 30   5   8     5.33     6.26     8.53  -1028.28     33.38    -34.86      5.71  361304.44    0    1    1    1    1
2003 10 30   5   9     5.07     6.85     8.27  -1027.78     34.89    -34.35      4.15  367556.45    0    1    1    1    1
2003 10 30   5  10     5.04     7.23     7.78  -1027.26     36.39    -33.85     10.28  373808.47    0    1    1    1    1
2003 10 30   5  11     5.07     7.23     7.78  -1026.68     38.11    -33.27     18.84  380953.62    0    1    1    1    1
2003 10 30   5  12     5.71     2.80     9.49  -1026.18     39.61    -32.76     14.02  387205.65    0    1    1    1    1
2003 10 30   5  13     5.73     1.95     9.86  -1025.67     41.12    -32.25      7.51  393457.66    0    1    1    1    1
2003 10 30   5  14     5.77     2.80     9.49  -1025.09     42.84    -31.66      6.72  400602.82    0    1    1    1    1
2003 10 30   5  15     5.77     3.83     9.36  -1024.51     44.55    -31.07      6.93  407747.98    0    1    1    1    1
2003 10 30   5  16     5.87     3.94     9.14  -1024.06     45.89    -30.60      6.93  412492.97    0    1    1    1    1
2003 10 30   5  17     5.94     5.19     8.51  -1024.01     46.05    -30.53      6.86  404428.34    0    1    1    1    1
2003 10 30   5  18     6.32     5.19     8.51  -1024.01     46.07    -30.50      6.65  393489.30    0    1    1    1    1
2003 10 30   5  19     6.60     1.99     9.17  -1024.01     46.10    -30.46      6.46  383917.67    0    1    1    1    1
2003 10 30   5  20     6.69     0.98     9.17  -1024.01     46.12    -30.43      6.14  374346.02    0    1    1    1    1
2003 10 30   5  21     6.69     0.66     9.38  -1024.01     46.14    -30.39      5.75  363406.95    0    1    1    1    1
2003 10 30   5  22     6.68     0.57     9.29  -1024.01     46.17    -30.35      5.19  352467.95    0    1    1    1    1
2003 10 30   5  23     6.68     0.57     9.29  -1024.01     46.19    -30.32      4.58  342896.30    0    1    1    1    1
2003 10 30   5  24     7.04     1.27     8.93  -1024.01     46.21    -30.29     17.94  333324.62    0    1    1    1    1
2003 10 30   5  25     7.09     2.05     8.51  -1024.01     46.23    -30.25     18.29  322385.62    0    1    1    1    1
2003 10 30   5  26     7.34     2.05     8.32  -1024.01     46.26    -30.20     11.85  311446.55    0    1    1    1    1
2003 10 30   5  27     7.37     1.87     8.32  -1024.01     46.28    -30.17      6.39  301874.93    0    1    1    1    1
2003 10 30   5  28     7.41     1.87     8.32  -1024.01     46.30    -30.14      4.92  292303.28    0    1    1    1    1
2003 10 30   5  29     7.68     1.69     8.20  -1024.01     46.33    -30.11      4.56  281364.23    0    1    1    1    1
2003 10 30   5  30     7.68     1.47     8.20  -1024.01     46.35    -30.06      4.70  270425.20    0    1    1    1    1
2003 10 30   5  31     7.73     1.47     8.20  -1024.01     46.37    -30.03      5.31  260853.54    0    1    1    1    1
2003 10 30   5  32     7.73     1.48     8.08  -1024.01     46.40    -30.00      5.92  251281.90    0    1    1    1    1
2003 10 30   5  33     7.91     1.87     7.85  -1024.01     46.42    -29.96      6.61  240342.85    0    1    1    1    1
2003 10 30   5  34     7.89     2.12     7.85  -1024.01     46.44    -29.93      7.25  229403.85    0    1    1    1    1
2003 10 30   5  35     7.89     2.12     7.85  -1024.01     46.46    -29.89      7.16  219832.17    0    1    1    1    1
2003 10 30   5  36     7.89     2.12     7.84  -1024.01     46.49    -29.86      6.86  210260.53    0    1    1    1    1
2003 10 30   5  37     8.07     2.12     7.61  -1024.01     46.51    -29.83      6.52  199321.50    0    1    1    1    1
2003 10 30   5  38     8.26     2.40     7.35  -1024.01     46.53    -29.79      6.27  188382.45    0    1    1    1    1
2003 10 30   5  39     8.31     2.40     7.29  -1024.01     46.56    -29.75      6.07  178810.80    0    1    1    1    1
2003 10 30   5  40     8.31     2.38     7.23  -1024.01     46.58    -29.71      5.88  169239.15    0    1    1    1    1
2003 10 30   5  41     8.31     2.25     7.23  -1024.01     46.60    -29.68      5.67  158300.12    0    1    1    1    1
2003 10 30   5  42     8.04     2.01     7.59  -1024.01     46.62    -29.64      5.67  147361.10    0    1    1    1    1
2003 10 30   5  43     7.86     2.01     7.73  -1024.01     46.64    -29.61      5.79  137789.44    0    1    1    1    1
2003 10 30   5  44     7.76     2.42     7.73  -1024.01     46.67    -29.58      5.91  128217.78    0    1    1    1    1
2003 10 30   5  45     7.76     2.46     7.60  -1024.01     46.69    -29.54      5.96  117278.75    0    1    1    1    1
2003 10 30   5  46     7.92     2.46     7.52  -1024.01     46.71    -29.50      5.79  106339.73    0    1    1    1    1
2003 10 30   5  47     7.92     2.46     7.46  -1024.01     46.73    -29.47      5.63   96768.07    0    1    1    1    1
2003 10 30   5  48     7.78     3.29     7.39  -1024.01     46.75    -29.43      5.58   87196.40    0    1    1    1    1
2003 10 30   5  49     7.78     3.29     7.33  -1041.16     25.37    -19.71      5.57   75964.26    0    1    1    1    1
2003 10 30   5  50     7.85     3.29     7.31  -1045.45     20.43    -16.79      5.28   74808.13    0    1    1    1    1
2003 10 30   5  51     7.85     3.19     7.31  -1045.45     20.83    -16.32      4.81   74750.85    0    1    1    1    1
2003 10 30   5  52     7.68     3.22     7.28  -1045.44     21.29    -15.76      4.50   74685.35    0    1    1    1    1
2003 10 30   5  53     7.68     3.22     7.28  -1045.44     21.75    -15.20      4.85   74619.88    0    1    1    1    1
2003 10 30   5  54     8.01     3.48     6.63  -1045.44     22.15    -14.71      5.14   74562.60    0    1    1    1    1
2003 10 30   5  55     8.07     3.53     6.60  -1045.44     22.55    -14.23      5.16   74505.27    0    1    1    1    1
2003 10 30   5  56     8.11     3.59     6.43  -1045.44     23.01    -13.68      5.16   74439.80    0    1    1    1    1
2003 10 30   5  57     8.11     3.65     6.43  -1045.43     23.47    -13.12      5.39   74374.32    0    1    1    1    1
2003 10 30   5  58     7.82     3.65     6.66  -1045.43     23.87    -12.63      5.75   74317.00    0    1    1    1    1
2003 10 30   5  59     7.82     3.64     6.66  -1045.43     24.27    -12.14      5.92   74259.73    0    1    1    1    1
2003 10 30   6   0     7.79     3.63     6.78  -1045.43     24.72    -11.58      6.13   74194.23    0    1    1    1    1
