MIDL 32Re Data for 2016-10 (GSM nT, km/s, cm^-3, K)
yr mo dy hr mn sc msc bx by bz ux uy uz rho T B_interp Ux_interp Uyz_interp rho_interp T_interp
#START
2016 10 12 18  0  0    0     2.94    -0.32     0.11    -352.1      4.35      1.53     5.347      35693    0    0    0    0    0
2016 10 12 18  1  0    0     2.94    -0.41     0.21    -352.1      4.43      1.97     5.307      36003    0    0    0    0    0
2016 10 12 18  2  0    0     2.92    -0.57     0.26    -351.9      4.92      1.94     5.280      36733    0    0    0    0    0
2016 10 12 18  3  0    0     2.89    -0.44     0.31    -351.5      5.59      2.02     5.243      38967    0    0    0    0    0
2016 10 12 18  4  0    0     2.84    -0.28     0.31    -351.3      6.50      2.65     5.230      38848    0    0    0    0    0
2016 10 12 18  5  0    0     2.84    -0.23     0.36    -351.9      6.35      3.17     5.226      38178    0    0    0    0    0
2016 10 12 18  6  0    0     2.89    -0.25     0.42    -351.9      5.28      3.33     5.224      38178    0    0    0    0    0
2016 10 12 18  7  0    0     3.03    -0.41     0.33    -352.1      4.45      2.59     5.235      37822    0    0    0    0    0
2016 10 12 18  8  0    0     3.00    -0.63     0.05    -352.1      4.07      2.19     5.265      36944    0    0    0    0    0
2016 10 12 18  9  0    0     2.94    -0.67    -0.21    -352.0      3.93      1.85     5.282      37256    0    0    0    0    0
2016 10 12 18 10  0    0     2.95    -0.64    -0.42    -352.1      3.68      1.77     5.267      38564    0    0    0    0    0
2016 10 12 18 11  0    0     2.97    -0.58    -0.53    -352.2      3.88      1.41     5.242      39725    0    0    0    0    0
2016 10 12 18 12  0    0     2.97    -0.59    -0.68    -352.1      4.02      0.42     5.195      38661    0    0    0    0    0
2016 10 12 18 13  0    0     2.99    -0.60    -0.67    -352.0      3.43     -0.61     5.150      36061    0    0    0    0    0
2016 10 12 18 14  0    0     3.03    -0.53    -0.61    -352.1      2.71     -1.09     5.182      36061    0    0    0    0    0
2016 10 12 18 15  0    0     3.02    -0.34    -0.47    -352.1      2.56     -1.12     5.240      36105    0    0    0    0    0
2016 10 12 18 16  0    0     3.00    -0.23    -0.27    -352.1      2.38     -0.78     5.233      36378    0    0    0    0    0
2016 10 12 18 17  0    0     3.00     0.00    -0.18    -351.7      2.77      0.16     5.192      36967    0    0    0    0    0
2016 10 12 18 18  0    0     3.00     0.02    -0.39    -351.5      3.24      1.69     5.212      37567    0    0    0    0    0
2016 10 12 18 19  0    0     3.01     0.02    -0.43    -351.4      3.75      2.76     5.242      37567    0    0    0    0    0
2016 10 12 18 20  0    0     3.01     0.14    -0.32    -351.4      3.97      3.94     5.227      37855    0    0    0    0    0
2016 10 12 18 21  0    0     2.97    -0.13     0.04    -351.3      4.33      3.07     5.217      39420    0    0    0    0    0
2016 10 12 18 22  0    0     2.81    -0.50     0.60    -351.7      4.53      2.04     5.220      39943    0    0    0    0    0
2016 10 12 18 23  0    0     2.61    -0.41     0.90    -351.6      4.68      2.08     5.282      40185    0    0    0    0    0
2016 10 12 18 24  0    0     2.61    -0.40     0.93    -351.8      5.00      2.05     5.281      41174    0    0    0    0    0
2016 10 12 18 25  0    0     2.63    -0.38     0.86    -351.4      5.35      2.20     5.261      41015    0    0    0    0    0
2016 10 12 18 26  0    0     2.63    -0.26     0.83    -351.3      6.02      2.24     5.253      40139    0    0    0    0    0
2016 10 12 18 27  0    0     2.63    -0.21     0.84    -350.9      6.37      2.59     5.262      38965    0    0    0    0    0
2016 10 12 18 28  0    0     2.63    -0.27     0.81    -350.8      5.83      3.61     5.278      35798    0    0    0    0    0
2016 10 12 18 29  0    0     2.67    -0.45     0.53    -350.8      4.57      3.19     5.292      35829    0    0    0    0    0
2016 10 12 18 30  0    0     2.70    -0.53     0.20    -350.6      4.52      2.65     5.293      36274    0    0    0    0    0
2016 10 12 18 31  0    0     2.88    -0.25     0.02    -350.5      5.03      2.13     5.289      36274    0    0    0    0    0
2016 10 12 18 32  0    0     3.09     0.10    -0.30    -350.7      5.49      1.71     5.316      36313    0    0    0    0    0
2016 10 12 18 33  0    0     2.75     0.11    -0.25    -352.7      7.69     -1.18     5.671      37018    0    0    0    0    0
2016 10 12 18 34  0    0     2.89     0.13    -0.06    -352.2      7.11     -1.13     5.600      38150    0    0    0    0    0
2016 10 12 18 35  0    0     3.12     0.17    -0.05    -351.3      5.87     -0.86     5.442      40772    0    0    0    0    0
2016 10 12 18 36  0    0     3.10     0.25    -0.08    -351.2      4.66     -0.66     5.315      40358    0    0    0    0    0
2016 10 12 18 37  0    0     3.12     0.25    -0.10    -351.1      4.17     -0.47     5.328      37916    0    0    0    0    0
2016 10 12 18 38  0    0     3.14     0.21    -0.10    -351.0      3.94      0.63     5.416      37916    0    0    0    0    0
2016 10 12 18 39  0    0     3.14     0.22    -0.07    -350.9      3.95      0.60     5.452      37946    0    0    0    0    0
2016 10 12 18 40  0    0     3.11     0.32    -0.09    -350.8      4.26      0.60     5.417      38312    0    0    0    0    0
2016 10 12 18 41  0    0     3.07     0.47    -0.27    -351.0      4.02      0.58     5.370      38774    0    0    0    0    0
2016 10 12 18 42  0    0     3.05     0.46    -0.25    -351.1      3.15      0.46     5.325      39206    0    0    0    0    0
2016 10 12 18 43  0    0     3.06     0.37    -0.12    -351.3      2.28      0.12     5.305      39184    0    0    0    0    0
2016 10 12 18 44  0    0     3.10     0.30    -0.05    -351.2      1.80     -0.69     5.487      38511    0    0    0    0    0
2016 10 12 18 45  0    0     3.10     0.02     0.08    -351.1      1.32      0.21     5.673      34516    0    0    0    0    0
2016 10 12 18 46  0    0     3.10    -0.30     0.12    -351.1      0.73      3.65     5.836      28594    0    0    0    0    0
2016 10 12 18 47  0    0     3.11    -0.36     0.12    -351.3     -0.73      3.76     5.842      28453    0    0    0    0    0
2016 10 12 18 48  0    0     3.15    -0.52     0.15    -351.7     -1.84      4.19     5.844      27626    0    0    0    0    0
2016 10 12 18 49  0    0     3.14    -0.53     0.20    -352.1     -2.10      5.14     5.881      27791    0    0    0    0    0
2016 10 12 18 50  0    0     3.11    -0.56     0.07    -352.3     -2.35      5.40     5.931      28913    0    0    0    0    0
2016 10 12 18 51  0    0     3.11    -0.63    -0.28    -351.8     -2.37      4.65     5.877      30690    0    0    0    0    0
2016 10 12 18 52  0    0     3.12    -0.66    -0.29    -351.6     -2.55      3.01     5.710      31548    0    0    0    0    0
2016 10 12 18 53  0    0     3.17    -0.62    -0.29    -351.2     -3.21      2.32     5.711      31484    0    0    0    0    0
2016 10 12 18 54  0    0     3.19    -0.68    -0.41    -351.3     -4.43      2.36     5.706      31074    0    0    0    0    0
2016 10 12 18 55  0    0     3.19    -0.66    -0.47    -351.2     -3.32      1.91     5.685      31120    0    0    0    0    0
2016 10 12 18 56  0    0     3.19    -0.38    -0.59    -351.5      1.44      0.66     5.640      32183    0    0    0    1    1
2016 10 12 18 57  0    0     3.19    -0.29    -0.63    -351.3      1.16     -1.57     5.647      35807    0    0    0    1    1
2016 10 12 18 58  0    0     3.17    -0.09    -0.63    -351.1     -0.60     -1.57     5.626      35803    0    0    0    1    1
2016 10 12 18 59  0    0     3.03    -0.05    -0.63    -350.8     -0.64     -1.70     5.616      35777    0    0    0    1    1
2016 10 12 19  0  0    0     2.96    -0.39    -0.68    -350.8     -0.47     -3.02     5.615      35749    0    0    0    1    1
2016 10 12 19  1  0    0     2.92    -0.28    -0.80    -350.9      0.89     -3.57     5.624      35721    0    0    0    1    1
2016 10 12 19  2  0    0     2.93    -0.14    -0.87    -350.9      1.40     -3.79     5.695      35693    0    0    0    1    1
2016 10 12 19  3  0    0     3.00    -0.14    -0.83    -350.9      1.20     -3.72     5.742      35665    0    0    0    1    1
2016 10 12 19  4  0    0     3.15    -0.69    -0.29    -350.8     -0.23     -2.51     5.748      35638    0    0    0    1    1
2016 10 12 19  5  0    0     3.15    -0.62    -0.54    -351.1     -1.98     -1.25     5.714      35609    0    0    0    1    1
2016 10 12 19  6  0    0     3.14    -0.49    -0.55    -351.3     -3.19     -0.48     5.694      35579    0    0    0    1    1
2016 10 12 19  7  0    0     3.10    -0.68    -0.47    -351.6     -4.97      0.81     5.689      35550    0    0    0    1    1
2016 10 12 19  8  0    0     3.08    -0.86    -0.18    -352.0     -5.24      1.34     5.675      35520    0    0    0    1    1
2016 10 12 19  9  0    0     3.02    -0.91    -0.17    -352.5     -4.90      0.58     5.653      35489    0    0    0    1    1
2016 10 12 19 10  0    0     2.96    -0.96    -0.14    -352.3     -3.67     -0.70     5.644      35462    0    0    0    1    1
2016 10 12 19 11  0    0     2.92    -1.04    -0.04    -352.3     -2.37     -1.19     5.650      35434    0    0    0    1    1
2016 10 12 19 12  0    0     2.94    -1.11     0.06    -352.0     -2.33     -1.39     5.671      35408    0    0    0    1    1
2016 10 12 19 13  0    0     2.96    -1.07     0.05    -351.2     -2.71     -1.59     5.675      35384    0    0    0    1    1
2016 10 12 19 14  0    0     3.03    -0.83    -0.03    -351.1     -2.66     -1.22     5.650      35357    0    0    0    1    1
2016 10 12 19 15  0    0     3.03    -0.81    -0.03    -351.0     -2.25     -1.04     5.597      35330    0    0    0    1    1
2016 10 12 19 16  0    0     3.04    -0.74    -0.05    -351.0     -2.37     -0.44     5.582      35302    0    0    0    1    1
2016 10 12 19 17  0    0     3.12    -0.40    -0.27    -351.0     -3.06     -0.36     5.585      35274    0    0    0    1    1
2016 10 12 19 18  0    0     3.13    -0.38    -0.39    -350.8     -2.90     -0.39     5.579      35247    0    0    0    1    1
2016 10 12 19 19  0    0     3.13    -0.40    -0.42    -349.5     -0.98     -0.78     5.502      35225    0    0    0    1    1
2016 10 12 19 20  0    0     3.13    -0.39    -0.43    -348.8      0.17     -1.49     5.455      35201    0    0    0    1    1
2016 10 12 19 21  0    0     3.07    -0.30    -0.57    -348.7      0.11     -2.35     5.443      35173    0    0    0    1    1
2016 10 12 19 22  0    0     3.04    -0.12    -0.82    -349.2     -0.47     -2.16     5.444      35143    0    0    0    1    1
2016 10 12 19 23  0    0     3.04    -0.23    -0.87    -349.8     -1.13     -1.87     5.444      35112    0    0    0    1    1
2016 10 12 19 24  0    0     3.02    -0.25    -0.90    -348.8     -1.45     -1.47     5.297      35089    0    0    0    1    1
2016 10 12 19 25  0    0     3.03    -0.27    -0.89    -348.2     -1.21     -1.12     5.176      35064    0    0    0    1    1
2016 10 12 19 26  0    0     3.03    -0.39    -0.89    -348.0     -0.68      0.13     5.170      35036    0    0    0    1    1
2016 10 12 19 27  0    0     2.99    -0.41    -1.04    -348.5     -2.62      0.93     5.275      35005    0    0    0    1    1
2016 10 12 19 28  0    0     2.98    -0.42    -1.09    -350.6     -3.59      0.92     5.358      34966    0    0    0    1    1
2016 10 12 19 29  0    0     2.98    -0.68    -0.76    -351.0     -4.16      1.85     5.384      34936    0    0    0    1    1
2016 10 12 19 30  0    0     3.05    -0.84    -0.47    -351.4     -4.40      3.06     5.407      34906    0    0    0    1    1
2016 10 12 19 31  0    0     3.25    -0.86    -0.26    -351.6     -3.96      3.72     5.480      34877    0    0    0    1    1
2016 10 12 19 32  0    0     3.27    -0.82    -0.16    -351.1     -2.49      3.81     5.516      34853    0    0    0    1    1
2016 10 12 19 33  0    0     3.27    -0.77    -0.16    -351.0     -0.74      3.40     5.531      34826    0    0    0    1    1
2016 10 12 19 34  0    0     3.29    -0.64    -0.17    -350.2     -0.79      2.23     5.543      34802    0    0    0    1    1
2016 10 12 19 35  0    0     3.29    -0.53    -0.17    -349.9     -0.56      0.98     5.555      34775    0    0    0    1    1
2016 10 12 19 36  0    0     3.29    -0.55    -0.04    -349.8     -0.48     -0.64     5.568      34748    0    0    0    1    1
2016 10 12 19 37  0    0     3.28    -0.54    -0.03    -349.5     -0.51     -1.02     5.632      34721    0    0    0    1    1
2016 10 12 19 38  0    0     3.29    -0.52    -0.09    -349.5     -0.56      0.18     5.728      34693    0    0    0    1    1
2016 10 12 19 39  0    0     3.29    -0.44    -0.14    -349.0     -0.76      1.11     5.765      34668    0    0    0    1    1
2016 10 12 19 40  0    0     3.30    -0.40    -0.15    -348.8     -0.77      1.25     5.756      34641    0    0    0    1    1
2016 10 12 19 41  0    0     3.30    -0.41    -0.11    -348.8     -1.10      1.02     5.732      34614    0    0    0    1    1
2016 10 12 19 42  0    0     3.28    -0.45     0.13    -348.9     -1.27      0.99     5.719      34585    0    0    0    1    1
2016 10 12 19 43  0    0     3.25    -0.52     0.22    -349.0     -2.16      1.05     5.721      34557    0    0    0    1    1
2016 10 12 19 44  0    0     3.18    -0.67     0.38    -350.4     -3.99      1.95     5.724      34521    0    0    0    1    1
2016 10 12 19 45  0    0     3.18    -0.67     0.26    -350.6     -4.18      1.70     5.709      34492    0    0    0    1    1
2016 10 12 19 46  0    0     3.21    -0.64     0.21    -350.2     -4.02      1.57     5.575      34466    0    0    0    1    1
2016 10 12 19 47  0    0     3.27    -0.60    -0.39    -349.8     -3.96      0.96     5.469      34440    0    0    0    1    1
2016 10 12 19 48  0    0     3.28    -0.57    -0.45    -349.4     -3.63      0.58     5.439      34414    0    0    0    1    1
2016 10 12 19 49  0    0     3.23    -0.56    -0.45    -349.9     -3.50     -0.26     5.532      34383    0    0    0    1    1
2016 10 12 19 50  0    0     3.22    -0.56    -0.56    -349.4     -3.52     -0.18     5.579      34358    0    0    0    1    1
2016 10 12 19 51  0    0     3.19    -0.56    -0.58    -349.8     -3.74     -0.34     5.528      34328    0    0    0    1    1
2016 10 12 19 52  0    0     3.18    -0.53     0.23    -349.7     -4.69     -1.28     5.495      34301    0    0    0    1    1
2016 10 12 19 53  0    0     3.18    -0.38     0.24    -349.8     -5.35     -1.65     5.491      34273    0    0    0    1    1
2016 10 12 19 54  0    0     3.18    -0.30    -0.01    -349.5     -5.61     -1.55     5.494      34246    0    0    0    1    1
2016 10 12 19 55  0    0     3.11    -0.34    -0.05    -349.2     -5.56     -1.07     5.495      34220    0    0    0    1    1
2016 10 12 19 56  0    0     3.05    -0.62     0.13    -348.8     -5.49      0.70     5.412      29973    0    0    0    1    1
2016 10 12 19 57  0    0     3.04    -0.87     0.20    -348.6     -5.26      1.45     5.368      28438    0    0    0    0    0
2016 10 12 19 58  0    0     3.07    -0.78     0.20    -348.6     -4.80      1.38     5.354      29988    0    0    0    0    0
2016 10 12 19 59  0    0     3.15    -0.89     0.23    -348.9     -4.88      0.98     5.362      30685    0    0    0    0    0
2016 10 12 20  0  0    0     3.17    -0.94     0.29    -349.0     -5.58      0.82     5.532      29939    0    0    0    0    0
2016 10 12 20  1  0    0     3.17    -0.93     0.38    -348.7     -6.70      0.09     5.617      27602    0    0    0    0    0
2016 10 12 20  2  0    0     3.19    -1.10     0.36    -348.5     -6.95     -0.61     5.691      26767    0    0    0    0    0
2016 10 12 20  3  0    0     3.24    -1.19     0.31    -348.3     -6.74     -0.86     5.743      26719    0    0    0    0    0
2016 10 12 20  4  0    0     3.26    -1.07     0.26    -347.9     -6.41     -0.12     5.784      26090    0    0    0    0    0
2016 10 12 20  5  0    0     3.23    -0.97     0.18    -347.6     -5.87      0.77     5.715      25646    0    0    0    0    0
2016 10 12 20  6  0    0     3.19    -0.83    -0.06    -347.2     -5.21      1.16     5.655      25814    0    0    0    0    0
2016 10 12 20  7  0    0     3.18    -0.64    -0.36    -346.9     -4.58      1.16     5.664      26106    0    0    0    0    0
2016 10 12 20  8  0    0     3.18    -0.59    -0.48    -346.7     -4.13      1.19     5.618      26950    0    0    0    0    0
2016 10 12 20  9  0    0     3.25    -0.61    -0.47    -346.5     -4.28      1.38     5.577      28200    0    0    0    0    0
2016 10 12 20 10  0    0     3.37    -0.55    -0.41    -346.6     -4.51      1.31     5.523      28200    0    0    0    0    0
2016 10 12 20 11  0    0     3.39    -0.42    -0.28    -346.8     -4.31      1.54     5.521      28604    0    0    0    0    0
2016 10 12 20 12  0    0     3.38    -0.42    -0.21    -346.9     -4.46      1.22     5.620      30305    0    0    0    0    0
2016 10 12 20 13  0    0     3.37    -0.43    -0.31    -346.7     -4.50      0.69     5.714      31871    0    0    0    0    0
2016 10 12 20 14  0    0     3.36    -0.43    -0.48    -346.5     -4.19      0.32     5.703      31223    0    0    0    0    0
2016 10 12 20 15  0    0     3.33    -0.44    -0.51    -346.5     -3.97      0.27     5.715      29380    0    0    0    0    0
2016 10 12 20 16  0    0     3.35    -0.44    -0.59    -346.4     -4.46     -0.14     5.700      28162    0    0    0    0    0
2016 10 12 20 17  0    0     3.38    -0.43    -0.60    -346.3     -5.12     -0.28     5.749      28651    0    0    0    0    0
2016 10 12 20 18  0    0     3.38    -0.51    -0.65    -346.6     -6.22     -0.21     5.732      30041    0    0    0    0    0
2016 10 12 20 19  0    0     3.34    -0.63    -0.63    -347.4     -6.88     -0.21     5.660      30528    0    0    0    0    0
2016 10 12 20 20  0    0     3.30    -0.71    -0.64    -348.1     -7.12     -0.31     5.593      30311    0    0    0    0    0
2016 10 12 20 21  0    0     3.29    -0.70    -0.81    -348.0     -6.84      0.26     5.595      30177    0    0    0    0    0
2016 10 12 20 22  0    0     3.28    -0.69    -1.02    -347.5     -6.49      0.35     5.604      29668    0    0    0    0    0
2016 10 12 20 23  0    0     3.30    -0.67    -1.08    -347.0     -6.35     -0.08     5.607      29157    0    0    0    0    0
2016 10 12 20 24  0    0     3.35    -0.70    -0.99    -346.5     -6.75     -0.42     5.678      28260    0    0    0    0    0
2016 10 12 20 25  0    0     3.36    -0.76    -0.91    -346.2     -7.66     -0.46     5.803      26209    0    0    0    0    0
2016 10 12 20 26  0    0     3.39    -0.79    -0.83    -346.2     -7.80     -0.03     5.799      25249    0    0    0    0    0
2016 10 12 20 27  0    0     3.41    -0.82    -0.65    -346.5     -7.92      0.74     5.788      24802    0    0    0    0    0
2016 10 12 20 28  0    0     3.41    -0.89    -0.44    -346.9     -8.02      1.72     5.791      25276    0    0    0    0    0
2016 10 12 20 29  0    0     3.48    -0.89    -0.43    -347.1     -8.08      2.42     5.796      25997    0    0    0    0    0
2016 10 12 20 30  0    0     3.49    -0.91    -0.42    -347.4     -8.43      2.52     5.791      26150    0    0    0    0    0
2016 10 12 20 31  0    0     3.48    -0.94    -0.40    -347.6     -9.37      2.49     5.769      26148    0    0    0    0    0
2016 10 12 20 32  0    0     3.48    -0.94    -0.40    -347.4     -9.53      2.53     5.758      24510    0    0    0    0    0
2016 10 12 20 33  0    0     3.47    -0.93    -0.38    -347.1     -8.87      2.79     5.782      23022    0    0    0    0    0
2016 10 12 20 34  0    0     3.46    -0.92    -0.34    -346.8     -8.50      2.93     5.814      23022    0    0    0    0    0
2016 10 12 20 35  0    0     3.44    -0.93    -0.26    -346.8     -8.56      1.96     5.847      23814    0    0    0    0    0
2016 10 12 20 36  0    0     3.42    -0.99    -0.16    -346.8     -8.65      0.57     5.896      25561    0    0    0    0    0
2016 10 12 20 37  0    0     3.42    -1.06    -0.02    -346.8     -8.50     -0.05     5.888      26343    0    0    0    0    0
2016 10 12 20 38  0    0     3.40    -1.13     0.03    -346.9     -8.45     -0.30     5.809      26259    0    0    0    0    0
2016 10 12 20 39  0    0     3.37    -1.14    -0.05    -346.8     -8.54     -0.60     5.759      26129    0    0    0    0    0
2016 10 12 20 40  0    0     3.34    -1.10    -0.07    -346.8     -8.69     -0.77     5.771      26074    0    0    0    0    0
2016 10 12 20 41  0    0     3.29    -1.14     0.05    -347.5     -8.44      0.42     5.801      25988    0    0    0    0    0
2016 10 12 20 42  0    0     3.26    -1.21     0.28    -351.8     -8.86      4.59     5.909      24396    0    0    0    0    0
2016 10 12 20 43  0    0     3.26    -1.18     0.28    -351.9     -8.82      5.09     5.966      24460    0    0    0    0    0
2016 10 12 20 44  0    0     3.27    -1.16     0.27    -352.0     -9.61      4.87     6.033      24723    0    0    0    0    0
2016 10 12 20 45  0    0     3.29    -1.18     0.20    -351.4    -10.06      3.98     6.080      24952    0    0    0    0    0
2016 10 12 20 46  0    0     3.36    -1.28     0.20    -351.0    -10.23      3.57     5.916      24952    0    0    0    0    0
2016 10 12 20 47  0    0     3.36    -1.28     0.20    -350.6    -10.44      3.16     5.936      24956    0    0    0    0    0
2016 10 12 20 48  0    0     3.33    -1.32     0.28    -348.7    -10.21      2.23     5.683      25031    0    0    0    0    0
2016 10 12 20 49  0    0     3.29    -1.37     0.32    -347.1    -10.03      1.36     5.520      25065    0    0    0    0    0
2016 10 12 20 50  0    0     3.27    -1.43     0.26    -346.1    -10.17      0.58     5.468      24810    0    0    0    0    0
2016 10 12 20 51  0    0     3.27    -1.44     0.10    -345.9    -10.73     -0.08     5.508      24121    0    0    0    0    0
2016 10 12 20 52  0    0     3.27    -1.31     0.10    -345.9    -10.49     -0.66     5.534      25161    0    0    0    0    0
2016 10 12 20 53  0    0     3.27    -1.17     0.08    -345.9    -10.34     -0.51     5.530      29092    0    0    0    0    0
2016 10 12 20 54  0    0     3.19    -1.10    -0.03    -346.4    -10.16     -0.14     5.359      30971    0    0    0    0    0
2016 10 12 20 55  0    0     3.18    -0.98    -0.20    -347.8    -10.20     -0.91     5.160      31513    0    0    0    0    0
2016 10 12 20 56  0    0     3.18    -1.03    -0.27    -347.4    -10.15     -1.44     5.187      31659    0    0    0    0    0
2016 10 12 20 57  0    0     3.17    -1.16    -0.25    -346.3    -10.16     -1.67     5.279      31519    0    0    0    0    0
2016 10 12 20 58  0    0     3.14    -1.22    -0.14    -344.8    -10.17     -1.74     5.337      31127    0    0    0    0    0
2016 10 12 20 59  0    0     3.09    -1.22    -0.14    -344.2    -10.03     -2.65     5.405      29915    0    0    0    0    0
2016 10 12 21  0  0    0     3.05    -0.92    -0.31    -344.2     -9.84     -2.96     5.444      29814    0    0    0    0    0
2016 10 12 21  1  0    0     3.05    -0.86    -0.31    -343.9     -9.59     -3.06     5.446      31188    0    0    0    0    0
2016 10 12 21  2  0    0     3.08    -0.79    -0.35    -343.7     -9.37     -2.86     5.438      31359    0    0    0    0    0
2016 10 12 21  3  0    0     3.16    -0.72    -0.40    -343.5     -8.58     -2.16     5.358      31295    0    0    0    0    0
2016 10 12 21  4  0    0     3.22    -0.70    -0.42    -343.5     -8.09     -1.90     5.358      30191    0    0    0    0    0
2016 10 12 21  5  0    0     3.27    -0.69    -0.43    -343.9     -7.78     -1.69     5.443      28960    0    0    0    0    0
2016 10 12 21  6  0    0     3.28    -0.71    -0.47    -344.0     -7.78     -1.45     5.458      28510    0    0    0    0    0
2016 10 12 21  7  0    0     3.26    -0.73    -0.52    -343.9     -7.32     -1.13     5.463      28053    0    0    0    0    0
2016 10 12 21  8  0    0     3.23    -0.72    -0.60    -343.8     -7.03     -1.04     5.487      27990    0    0    0    0    0
2016 10 12 21  9  0    0     3.23    -0.71    -0.72    -343.8     -7.18     -1.50     5.547      28032    0    0    0    0    0
2016 10 12 21 10  0    0     3.12    -0.72    -0.83    -343.9     -7.36     -2.05     5.661      28038    0    0    0    0    0
2016 10 12 21 11  0    0     3.09    -0.73    -0.85    -343.7     -7.32     -2.12     5.669      26867    0    0    0    0    0
2016 10 12 21 12  0    0     3.07    -0.74    -0.85    -343.4     -7.28     -2.42     5.639      26668    0    0    0    0    0
2016 10 12 21 13  0    0     3.08    -0.74    -0.84    -343.1     -7.54     -2.54     5.590      26908    0    0    0    0    0
2016 10 12 21 14  0    0     3.09    -0.73    -0.81    -342.9     -7.52     -2.59     5.549      27121    0    0    0    0    0
2016 10 12 21 15  0    0     3.10    -0.72    -0.74    -342.7     -7.49     -2.40     5.533      27912    0    0    0    0    0
2016 10 12 21 16  0    0     3.12    -0.70    -0.62    -342.5     -7.51     -2.07     5.472      29724    0    0    0    0    0
2016 10 12 21 17  0    0     3.15    -0.65    -0.51    -342.4     -7.73     -1.81     5.387      30944    0    0    0    0    0
2016 10 12 21 18  0    0     3.16    -0.62    -0.46    -342.3     -7.85     -1.61     5.344      31264    0    0    0    0    0
2016 10 12 21 19  0    0     3.16    -0.62    -0.45    -342.2     -7.92     -1.52     5.334      31925    0    0    0    0    0
2016 10 12 21 20  0    0     3.16    -0.64    -0.45    -342.0     -7.76     -1.93     5.328      32369    0    0    0    0    0
2016 10 12 21 21  0    0     3.17    -0.62    -0.46    -341.9     -7.28     -2.72     5.435      31981    0    0    0    0    0
2016 10 12 21 22  0    0     3.17    -0.53    -0.46    -341.8     -6.27     -3.22     5.490      31348    0    0    0    0    0
2016 10 12 21 23  0    0     3.17    -0.64    -0.45    -341.6     -5.45     -3.09     5.428      30789    0    0    0    0    0
2016 10 12 21 24  0    0     3.17    -0.89    -0.47    -341.6     -5.37     -2.81     5.401      30107    0    0    0    0    0
2016 10 12 21 25  0    0     3.07    -0.95    -0.56    -342.4     -6.39     -2.53     5.570      29664    0    0    0    0    0
2016 10 12 21 26  0    0     3.11    -0.62    -0.66    -346.0     -8.56     -0.35     5.845      29370    0    0    0    0    0
2016 10 12 21 27  0    0     3.09    -0.58    -0.66    -346.9     -8.66     -0.49     5.848      29200    0    0    0    0    0
2016 10 12 21 28  0    0     3.07    -0.58    -0.63    -346.6     -8.94     -0.61     5.817      29730    0    0    0    0    0
2016 10 12 21 29  0    0     3.01    -0.54    -0.62    -346.6     -9.35     -0.51     5.796      30662    0    0    0    0    0
2016 10 12 21 30  0    0     2.97    -0.45    -0.61    -346.3     -9.68     -0.25     5.768      30180    0    0    0    0    0
2016 10 12 21 31  0    0     2.99    -0.40    -0.55    -346.0     -9.77     -0.26     5.765      29119    0    0    0    0    0
2016 10 12 21 32  0    0     3.06    -0.40    -0.47    -345.9     -9.19     -0.46     5.748      29608    0    0    0    0    0
2016 10 12 21 33  0    0     3.14    -0.41    -0.47    -346.0     -8.67     -0.58     5.771      31378    0    0    0    0    0
2016 10 12 21 34  0    0     3.17    -0.40    -0.47    -346.0     -8.35     -0.50     5.763      31985    0    0    0    0    0
2016 10 12 21 35  0    0     3.17    -0.42    -0.49    -346.1     -8.17     -0.65     5.737      31385    0    0    0    0    0
2016 10 12 21 36  0    0     3.18    -0.48    -0.53    -346.1     -8.93     -1.36     5.777      29736    0    0    0    0    0
2016 10 12 21 37  0    0     3.18    -0.51    -0.51    -346.0     -9.04     -2.51     5.883      29736    0    0    0    0    0
2016 10 12 21 38  0    0     3.18    -0.52    -0.51    -345.6     -9.53     -3.29     5.935      29728    0    0    0    0    0
2016 10 12 21 39  0    0     3.17    -0.54    -0.52    -345.3     -9.85     -3.48     6.007      29647    0    0    0    0    0
2016 10 12 21 40  0    0     3.15    -0.57    -0.63    -345.4     -9.96     -3.50     6.022      29303    0    0    0    0    0
2016 10 12 21 41  0    0     3.16    -0.57    -0.60    -346.4     -9.73     -2.60     6.028      29490    0    0    0    0    0
2016 10 12 21 42  0    0     3.20    -0.54    -0.46    -347.1     -9.57     -1.56     5.928      29876    0    0    0    0    0
2016 10 12 21 43  0    0     3.22    -0.48    -0.43    -347.1     -9.70     -1.19     5.843      29185    0    0    0    0    0
2016 10 12 21 44  0    0     3.24    -0.43    -0.51    -346.9     -9.86     -0.93     5.843      28121    0    0    0    0    0
2016 10 12 21 45  0    0     3.15    -0.39    -0.56    -346.8     -9.86     -0.77     5.900      27870    0    0    0    0    0
2016 10 12 21 46  0    0     2.99    -0.37    -0.65    -346.5     -9.60     -0.93     5.947      28568    0    0    0    0    0
2016 10 12 21 47  0    0     3.04    -0.34    -0.65    -345.7     -9.17     -1.13     5.850      30048    0    0    0    0    0
2016 10 12 21 48  0    0     3.24    -0.31    -0.67    -345.7     -9.08     -1.22     5.798      30395    0    0    0    0    0
2016 10 12 21 49  0    0     3.23    -0.29    -0.70    -345.8     -9.17     -1.23     5.777      30182    0    0    0    0    0
2016 10 12 21 50  0    0     3.17    -0.28    -0.74    -345.9     -9.40     -1.23     5.715      29150    0    0    0    0    0
2016 10 12 21 51  0    0     3.04    -0.22    -0.75    -346.0     -8.90     -1.41     5.820      28188    0    0    0    0    0
2016 10 12 21 52  0    0     2.92    -0.05    -0.77    -346.6     -8.13     -1.93     6.143      29260    0    0    0    0    0
2016 10 12 21 53  0    0     2.85     0.09    -0.78    -346.2     -8.03     -1.66     6.422      32329    0    0    0    0    0
2016 10 12 21 54  0    0     2.82     0.15    -0.77    -346.0     -8.08     -1.47     6.570      34987    0    0    0    0    0
2016 10 12 21 55  0    0     2.82     0.15    -0.75    -345.4     -7.88     -1.39     6.532      36052    0    0    0    0    0
2016 10 12 21 56  0    0     2.82     0.18    -0.72    -344.9     -7.33     -1.78     6.504      37138    0    0    0    0    0
2016 10 12 21 57  0    0     2.82     0.26    -0.68    -345.7     -7.34     -3.16     6.271      38471    0    0    0    0    0
2016 10 12 21 58  0    0     2.84     0.38    -0.67    -348.7     -7.33     -2.56     5.946      40280    0    0    0    0    0
2016 10 12 21 59  0    0     2.87     0.46    -0.68    -347.8     -6.78     -1.68     5.767      41272    0    0    0    0    0
2016 10 12 22  0  0    0     2.88     0.53    -0.68    -347.0     -6.09     -0.64     5.712      42258    0    0    0    0    0
2016 10 12 22  1  0    0     2.87     0.58    -0.66    -346.9     -5.70      0.18     5.773      43618    0    0    0    0    0
2016 10 12 22  2  0    0     2.87     0.58    -0.61    -346.9     -5.61      0.29     5.826      45362    0    0    0    0    0
2016 10 12 22  3  0    0     2.94     0.60    -0.58    -346.6     -5.51      0.21     5.861      46986    0    0    0    0    0
2016 10 12 22  4  0    0     3.04     0.64    -0.57    -346.2     -5.46     -0.11     5.857      48576    0    0    0    0    0
2016 10 12 22  5  0    0     3.13     0.65    -0.58    -346.6     -5.39     -0.46     5.923      50310    0    0    0    0    0
2016 10 12 22  6  0    0     3.14     0.63    -0.61    -346.7     -5.23     -0.72     5.963      51988    0    0    0    0    0
2016 10 12 22  7  0    0     3.14     0.55    -0.62    -346.9     -5.50     -0.72     6.013      53810    0    0    0    0    0
2016 10 12 22  8  0    0     3.15     0.44    -0.56    -346.8     -5.81     -0.80     6.001      55586    0    0    0    0    0
2016 10 12 22  9  0    0     3.16     0.46    -0.45    -346.4     -5.46     -0.79     5.946      57272    0    0    0    0    0
2016 10 12 22 10  0    0     3.17     0.62    -0.34    -345.6     -4.35     -0.22     5.850      58795    0    0    0    0    0
2016 10 12 22 11  0    0     3.17     0.75    -0.28    -344.6     -2.67      0.08     5.897      60259    0    0    0    0    0
2016 10 12 22 12  0    0     3.22     0.75    -0.22    -343.7     -1.09      0.63     5.781      47753    0    0    0    0    0
2016 10 12 22 13  0    0     3.25     0.80    -0.18    -342.7      0.89     -1.85     5.598      47491    0    0    0    0    0
2016 10 12 22 14  0    0     3.27     0.83    -0.17    -342.3      1.87     -3.34     5.695      50337    0    0    0    0    0
2016 10 12 22 15  0    0     3.26     0.78    -0.39    -343.9     -0.95      0.02     6.049      54172    0    0    0    0    0
2016 10 12 22 16  0    0     3.22     0.50    -0.67    -345.1     -4.97      0.05     6.769      57785    0    0    0    0    0
2016 10 12 22 17  0    0     3.20     0.45    -0.71    -344.0     -5.01      0.05     7.294      60167    0    0    0    0    0
2016 10 12 22 18  0    0     3.19     0.42    -0.71    -344.1     -3.99      0.18     8.007      63147    0    0    0    0    0
2016 10 12 22 19  0    0     5.14     1.44     3.60    -401.6     14.73     29.32    14.873     103277    0    0    0    0    0
2016 10 12 22 20  0    0     5.18     1.78     2.89    -401.5     15.17     28.35    15.748     107370    0    0    0    0    0
2016 10 12 22 21  0    0     4.99     1.95     1.90    -400.9     16.30     26.97    16.294     111741    0    0    0    0    0
2016 10 12 22 22  0    0     4.68     1.48     1.76    -401.2     17.08     27.07    15.984     116278    0    0    0    0    0
2016 10 12 22 23  0    0     4.58     1.19     2.69    -401.2     17.21     27.42    15.173     120270    0    0    0    0    0
2016 10 12 22 24  0    0     4.48     1.03     4.06    -400.6     16.88     27.13    14.593     124373    0    0    0    0    0
2016 10 12 22 25  0    0     4.37     0.34     4.69    -400.3     14.63     26.65    14.591     129356    0    0    0    0    0
2016 10 12 22 26  0    0     4.12    -1.08     4.60    -400.6     10.24     28.77    14.722     130703    0    0    0    0    0
2016 10 12 22 27  0    0     3.75    -2.24     4.26    -401.7      7.48     33.82    14.883     124864    0    0    0    0    0
2016 10 12 22 28  0    0     3.46    -2.55     3.82    -402.4      5.14     35.75    14.911     103528    0    0    0    0    0
2016 10 12 22 29  0    0     3.51    -2.34     3.83    -402.1      3.29     36.54    14.987      92705    0    0    0    0    0
2016 10 12 22 30  0    0     3.66    -2.15     4.10    -401.7      3.25     37.03    15.242      94082    0    0    0    0    0
2016 10 12 22 31  0    0     3.81    -2.25     4.01    -401.3      4.04     36.65    15.548      95467    0    0    0    0    0
2016 10 12 22 32  0    0     3.93    -2.32     3.75    -400.7      4.72     35.87    15.884      96827    0    0    0    0    0
2016 10 12 22 33  0    0     4.03    -1.78     3.92    -400.1      5.29     35.48    16.058      98181    0    0    0    0    0
2016 10 12 22 34  0    0     4.27    -0.82     4.47    -400.0      5.89     35.59    15.758      99573    0    0    0    0    0
2016 10 12 22 35  0    0     4.39    -0.67     4.89    -400.4      6.40     36.94    15.509     100865    0    0    0    0    0
2016 10 12 22 36  0    0     4.47    -0.89     4.93    -401.3      6.01     38.89    15.630     101870    0    0    0    0    0
2016 10 12 22 37  0    0     4.64    -1.35     5.03    -401.3      5.69     40.19    15.765     102706    0    0    0    0    0
2016 10 12 22 38  0    0     4.66    -1.23     5.01    -401.0      5.80     40.97    15.842     103557    0    0    0    0    0
2016 10 12 22 39  0    0     4.60    -0.90     5.00    -400.9      5.65     40.31    16.026     104531    0    0    0    0    0
2016 10 12 22 40  0    0     4.48    -2.53     5.29    -403.7     -0.69     40.11    15.300     106201    0    0    0    0    0
2016 10 12 22 41  0    0     4.08    -3.11     5.34    -404.4     -2.84     39.66    14.667     107823    0    0    0    0    0
2016 10 12 22 42  0    0     3.84    -3.14     5.54    -404.2     -2.70     39.31    14.646     109359    0    0    0    0    0
2016 10 12 22 43  0    0     3.85    -3.44     5.58    -403.7     -1.42     38.37    15.249     110827    0    0    0    0    0
2016 10 12 22 44  0    0     3.91    -3.50     5.43    -403.5     -1.34     38.45    15.600      94583    0    0    0    0    0
2016 10 12 22 45  0    0     3.89    -3.33     5.77    -403.9     -1.17     42.29    15.659      86243    0    0    0    0    0
2016 10 12 22 46  0    0     3.87    -3.52     6.29    -406.6     -1.57     43.73    15.455      81760    0    0    0    0    0
2016 10 12 22 47  0    0     4.25    -3.66     6.13    -410.1     -3.18     40.69    15.008      82038    0    0    0    0    0
2016 10 12 22 48  0    0     4.40    -3.31     5.98    -412.1     -3.24     40.15    14.864      82239    0    0    0    0    0
2016 10 12 22 49  0    0     4.46    -3.23     6.31    -411.6     -2.34     40.39    15.104      82567    0    0    0    0    0
2016 10 12 22 50  0    0     4.53    -3.10     6.72    -409.1     -1.30     40.84    15.123      82997    0    0    0    0    0
2016 10 12 22 51  0    0     4.63    -2.97     7.08    -406.8     -0.31     41.12    15.038      83825    0    0    0    0    0
2016 10 12 22 52  0    0     4.98    -2.94     7.22    -407.4      0.17     40.37    14.776      86326    0    0    0    0    0
2016 10 12 22 53  0    0     5.48    -2.84     7.48    -407.8      0.11     39.76    14.114      87570    0    0    0    0    0
2016 10 12 22 54  0    0     5.45    -2.60     7.41    -408.2     -0.13     39.45    13.809      87570    0    0    0    0    0
2016 10 12 22 55  0    0     5.42    -2.37     7.23    -408.2     -0.67     39.36    13.452      89485    0    0    0    0    0
2016 10 12 22 56  0    0     5.41    -2.38     6.87    -408.7     -1.59     39.45    13.701      97845    0    0    0    0    0
2016 10 12 22 57  0    0     5.41    -2.83     6.81    -409.6     -3.65     39.50    14.262     108850    0    0    0    0    0
2016 10 12 22 58  0    0     5.55    -3.12     6.83    -410.2     -5.68     39.61    14.476     114930    0    0    0    0    0
2016 10 12 22 59  0    0     5.74    -3.24     6.87    -409.9     -6.36     39.44    14.432     116801    0    0    0    0    0
2016 10 12 23  0  0    0     5.82    -2.67     6.86    -409.8     -6.54     38.96    14.344     117052    0    0    0    0    0
2016 10 12 23  1  0    0     5.73    -1.89     6.42    -410.2     -5.66     38.27    14.312     115250    0    0    0    0    0
2016 10 12 23  2  0    0     5.67    -1.76     6.18    -410.5     -3.53     37.79    14.461     110335    0    0    0    0    0
2016 10 12 23  3  0    0     5.76    -1.05     6.34    -410.3     -0.89     37.80    14.375      97763    0    0    0    0    0
2016 10 12 23  4  0    0     5.90    -0.91     6.46    -409.6      0.82     37.77    14.202      85582    0    0    0    0    0
2016 10 12 23  5  0    0     6.06    -1.23     6.50    -409.1      0.89     37.32    14.084      80715    0    0    0    0    0
2016 10 12 23  6  0    0     6.20    -1.23     6.53    -408.7     -0.14     36.84    13.996      82070    0    0    0    0    0
2016 10 12 23  7  0    0     6.48    -1.05     6.57    -408.6      0.14     36.38    14.232      86015    0    0    0    0    0
2016 10 12 23  8  0    0     6.72    -0.95     6.43    -408.9      1.73     35.68    14.536      94004    0    0    0    0    0
2016 10 12 23  9  0    0     6.50    -1.26     6.23    -409.0      2.14     33.91    14.440     105980    0    0    0    0    0
2016 10 12 23 10  0    0     6.30    -1.17     6.09    -409.2      2.51     32.48    14.469     115172    0    0    0    0    0
2016 10 12 23 11  0    0     4.80    -1.20     5.03    -411.7      0.88     30.67    14.886     117949    0    0    0    0    0
2016 10 12 23 12  0    0     4.72    -1.15     4.37    -419.5     -3.71     22.70    17.182      97878    0    0    0    0    0
2016 10 12 23 13  0    0    -0.45    -4.05    -0.53    -419.4     -4.43     23.18    16.603      90708    0    0    0    0    0
2016 10 12 23 14  0    0    -4.39    -5.36    -2.78    -421.5     -5.12     22.99    14.971      87439    0    0    0    0    0
2016 10 12 23 15  0    0    -5.02    -6.50    -3.06    -425.9     -6.68     19.44    14.591      86144    0    0    0    0    0
2016 10 12 23 16  0    0    -4.74    -6.45    -2.70    -426.6     -7.84     19.68    14.694      86105    0    0    0    0    0
2016 10 12 23 17  0    0    -4.33    -6.64    -2.31    -426.9     -8.35     20.02    14.987      83385    0    0    0    0    0
2016 10 12 23 18  0    0    -4.21    -6.79    -2.28    -426.8     -8.30     19.95    15.056      80923    0    0    0    0    0
2016 10 12 23 19  0    0    -4.32    -6.88    -2.02    -426.8     -8.69     20.24    14.905      80546    0    0    0    0    0
2016 10 12 23 20  0    0    -4.48    -6.88    -1.40    -426.5     -9.73     21.51    14.786      79984    0    0    0    0    0
2016 10 12 23 21  0    0    -4.54    -6.98    -1.03    -426.3    -10.64     22.48    14.579      79540    0    0    0    0    0
2016 10 12 23 22  0    0    -4.48    -7.13    -0.98    -425.7    -10.74     22.38    14.266      79540    0    0    0    0    0
2016 10 12 23 23  0    0    -4.28    -7.10    -0.72    -425.1    -10.57     22.25    14.186      79679    0    0    0    0    0
2016 10 12 23 24  0    0    -4.00    -7.04    -0.22    -426.0    -11.62     22.33    14.508      80141    0    0    0    0    0
2016 10 12 23 25  0    0    -3.83    -6.85     0.22    -427.1    -13.65     21.52    15.170      82194    0    0    0    0    0
2016 10 12 23 26  0    0    -3.75    -6.73     0.30    -427.5    -14.05     21.06    15.438      83428    0    0    0    0    0
2016 10 12 23 27  0    0    -3.60    -5.94     0.77    -427.6    -13.81     21.66    15.242      87949    0    0    0    0    0
2016 10 12 23 28  0    0    -3.50    -5.53     0.95    -427.1    -13.29     22.49    15.062      90322    0    0    0    0    0
2016 10 12 23 29  0    0    -3.32    -5.71     1.12    -426.4    -12.29     22.97    15.130      85035    0    0    0    0    0
2016 10 12 23 30  0    0    -3.00    -5.89     1.53    -425.7    -11.74     23.03    15.382      76626    0    0    0    0    0
2016 10 12 23 31  0    0    -2.67    -5.90     1.74    -425.8    -12.35     23.10    15.515      72407    0    0    0    0    0
2016 10 12 23 32  0    0    -2.31    -5.91     2.00    -426.5    -13.34     23.33    15.256      73461    0    0    0    0    0
2016 10 12 23 33  0    0    -2.01    -5.86     2.31    -427.1    -14.18     23.33    15.272      74379    0    0    0    0    0
2016 10 12 23 34  0    0    -1.86    -6.46     0.63    -427.5    -16.06     22.75    15.621      73254    0    0    0    0    0
2016 10 12 23 35  0    0    -1.83    -6.81    -1.11    -427.5    -16.91     22.10    15.905      70596    0    0    0    0    0
2016 10 12 23 36  0    0    -1.64    -6.77    -1.23    -427.4    -17.37     21.84    16.397      67101    0    0    0    0    0
2016 10 12 23 37  0    0    -0.91    -7.05    -1.25    -426.9    -19.05     22.02    16.510      65131    0    0    0    0    0
2016 10 12 23 38  0    0     0.11    -7.36    -1.48    -426.4    -20.32     22.61    16.468      64719    0    0    0    0    0
2016 10 12 23 39  0    0     0.63    -7.61    -1.19    -426.8    -20.34     23.07    16.639      65396    0    0    0    0    0
2016 10 12 23 40  0    0     0.63    -8.05    -0.69    -427.3    -20.20     22.86    16.924      71556    0    0    0    0    0
2016 10 12 23 41  0    0     0.56    -8.35    -0.34    -427.3    -19.66     22.69    17.155      75145    0    0    0    0    0
2016 10 12 23 42  0    0     0.21    -8.44    -0.13    -426.8    -18.63     22.64    16.516      70800    0    0    0    0    0
2016 10 12 23 43  0    0    -0.32    -8.32     0.26    -426.2    -18.33     22.58    16.127      67300    0    0    0    0    0
2016 10 12 23 44  0    0    -0.62    -8.16     0.98    -425.8    -18.50     22.67    17.186      67879    0    0    0    0    0
2016 10 12 23 45  0    0    -0.62    -8.07     1.52    -425.4    -19.27     22.55    18.224      69179    0    0    0    0    0
2016 10 12 23 46  0    0    -0.61    -7.77     1.73    -425.1    -21.73     22.41    18.297      70723    0    0    0    0    0
2016 10 12 23 47  0    0    -0.57    -7.31     2.18    -425.2    -23.36     22.94    18.155      71876    0    0    0    0    0
2016 10 12 23 48  0    0    -0.50    -6.95     3.00    -425.7    -22.43     24.07    17.581      71319    0    0    0    0    0
2016 10 12 23 49  0    0    -0.45    -6.63     3.31    -426.2    -21.53     25.66    17.976      70622    0    0    0    0    0
2016 10 12 23 50  0    0    -0.22    -6.22     3.30    -426.1    -21.35     26.30    18.398      70622    0    0    0    0    0
2016 10 12 23 51  0    0     0.09    -5.84     3.69    -425.8    -21.80     26.40    18.419      70430    0    0    0    0    0
2016 10 12 23 52  0    0     0.34    -5.76     4.02    -425.5    -21.87     26.31    18.225      69319    0    0    0    0    0
2016 10 12 23 53  0    0     0.50    -5.88     3.99    -425.2    -21.04     26.37    18.004      68104    0    0    0    0    0
2016 10 12 23 54  0    0     0.60    -5.79     3.95    -425.1    -20.36     26.40    17.385      69052    0    0    0    0    0
2016 10 12 23 55  0    0     0.65    -5.53     3.78    -425.4    -21.08     26.31    16.575      70700    0    0    0    0    0
2016 10 12 23 56  0    0     0.60    -5.48     3.48    -425.6    -21.96     25.99    16.684      70731    0    0    0    0    0
2016 10 12 23 57  0    0     0.53    -5.44     3.64    -425.8    -22.46     26.00    17.536      70731    0    0    0    0    0
2016 10 12 23 58  0    0     0.45    -5.36     3.96    -425.9    -22.74     26.39    18.377      70699    0    0    0    0    0
2016 10 12 23 59  0    0     0.28    -5.32     4.09    -426.0    -22.90     26.29    18.372      68567    0    0    0    0    0
2016 10 13  0  0  0    0     0.09    -5.43     3.87    -425.7    -23.19     25.44    18.366      66097    0    0    0    0    0
2016 10 13  0  1  0    0     0.16    -5.65     3.29    -425.4    -23.98     24.37    17.541      68679    0    0    0    0    0
2016 10 13  0  2  0    0     0.05    -5.87     2.41    -425.4    -25.25     22.30    16.841      70781    0    0    0    0    0
2016 10 13  0  3  0    0    -0.29    -6.01     1.94    -425.5    -25.96     20.66    16.879      70785    0    0    0    0    0
2016 10 13  0  4  0    0    -0.47    -5.97     1.94    -425.7    -25.62     20.78    18.102      70731    0    0    0    0    0
2016 10 13  0  5  0    0    -0.66    -5.81     1.32    -427.2    -25.17     20.53    18.960      70138    0    0    0    0    0
2016 10 13  0  6  0    0    -1.84    -5.36     0.84    -430.2    -25.53     19.36    17.464      68523    0    0    0    0    0
2016 10 13  0  7  0    0    -2.17    -5.26     0.29    -431.0    -25.79     18.90    17.703      65261    0    0    0    0    0
2016 10 13  0  8  0    0    -2.45    -5.27     0.23    -431.2    -26.15     17.72    17.767      66305    0    0    0    0    0
2016 10 13  0  9  0    0    -2.19    -5.36    -0.10    -431.2    -26.22     15.66    17.674      70664    0    0    0    0    0
2016 10 13  0 10  0    0    -1.20    -5.40    -0.47    -429.8    -26.47     14.70    17.633      72322    0    0    0    0    0
2016 10 13  0 11  0    0    -1.16    -5.25    -0.78    -427.2    -26.84     15.21    17.374      72322    0    0    0    0    0
2016 10 13  0 12  0    0    -1.15    -5.02    -1.03    -424.3    -26.88     15.46    17.214      72322    0    0    0    0    0
2016 10 13  0 13  0    0    -1.25    -4.77    -1.25    -421.7    -26.92     15.49    17.271      72602    0    0    0    0    0
2016 10 13  0 14  0    0    -3.55    -4.04    -2.02    -429.7    -30.03     13.69    18.624      75124    0    0    0    0    0
2016 10 13  0 15  0    0    -3.00    -4.13    -2.02    -429.8    -29.95     14.19    18.566      75096    0    0    0    0    0
2016 10 13  0 16  0    0    -2.85    -4.45    -2.20    -429.0    -29.83     13.87    18.037      74528    0    0    0    0    0
2016 10 13  0 17  0    0    -3.02    -4.95    -2.37    -428.7    -29.04     12.72    17.860      70253    0    0    0    0    0
2016 10 13  0 18  0    0    -2.68    -5.23    -2.41    -428.4    -28.32     11.05    18.306      68374    0    0    0    0    0
2016 10 13  0 19  0    0    -2.85    -5.23    -2.33    -431.0    -27.47      9.10    19.161      68229    0    0    0    0    0
2016 10 13  0 20  0    0    -3.83    -4.77    -2.40    -432.1    -26.21      7.66    19.308      69767    0    0    0    0    0
2016 10 13  0 21  0    0    -4.28    -3.32    -2.72    -432.7    -22.84      6.26    18.915      73760    0    0    0    0    0
2016 10 13  0 22  0    0    -4.88    -2.08    -2.84    -432.7    -21.26      6.79    18.550      75341    0    0    0    0    0
2016 10 13  0 23  0    0    -4.87    -1.72    -2.72    -432.0    -21.06      8.11    18.251      75324    0    0    0    0    0
2016 10 13  0 24  0    0    -4.79    -1.39    -2.31    -430.9    -21.87      9.95    18.094      75281    0    0    0    0    0
2016 10 13  0 25  0    0    -4.45    -1.39    -1.73    -429.0    -24.57     11.02    18.115      75281    0    0    0    0    0
2016 10 13  0 26  0    0    -3.33    -3.10    -1.53    -427.3    -26.78     12.67    18.253      77132    0    0    0    0    0
2016 10 13  0 27  0    0    -2.04    -3.82    -1.47    -424.8    -27.61     16.06    18.210      84191    0    0    0    0    0
2016 10 13  0 28  0    0    -1.05    -4.03    -1.34    -422.1    -28.00     19.64    18.076      91518    0    0    0    0    0
2016 10 13  0 29  0    0    -1.21    -4.05    -0.83    -420.3    -28.69     21.60    17.887      93084    0    0    0    0    0
2016 10 13  0 30  0    0    -1.78    -4.12     0.89    -420.0    -29.28     22.88    16.660      95597    0    0    0    0    0
2016 10 13  0 31  0    0    -1.66    -4.09     0.81    -419.1    -29.00     22.76    16.736      97858    0    0    0    0    0
2016 10 13  0 32  0    0    -1.09    -4.06     0.12    -419.0    -29.75     22.75    16.770     101515    0    0    0    0    0
2016 10 13  0 33  0    0     0.75    -4.30     2.62    -419.1    -31.52     22.79    15.192     106190    0    0    0    0    0
2016 10 13  0 34  0    0     1.67    -4.35     3.38    -418.5    -31.12     22.70    14.653     109492    0    0    0    0    0
2016 10 13  0 35  0    0     2.22    -4.20     3.45    -417.1    -29.98     22.56    14.475     110648    0    0    0    0    0
2016 10 13  0 36  0    0     2.49    -4.09     3.34    -415.9    -29.07     22.16    14.413     110869    0    0    0    0    0
2016 10 13  0 37  0    0     2.52    -4.26     3.16    -415.2    -28.71     21.66    14.501     109121    0    0    0    0    0
2016 10 13  0 38  0    0     2.56    -4.55     3.02    -414.9    -28.75     21.44    14.717     105693    0    0    0    0    0
2016 10 13  0 39  0    0     2.58    -4.47     3.36    -415.4    -29.16     21.21    14.912     104683    0    0    0    0    0
2016 10 13  0 40  0    0     2.65    -4.34     4.11    -416.4    -29.97     20.55    14.903     103605    0    0    0    0    0
2016 10 13  0 41  0    0     2.81    -4.63     4.38    -417.1    -31.22     19.94    14.331     102549    0    0    0    0    0
2016 10 13  0 42  0    0     2.99    -5.00     4.58    -417.3    -32.57     19.80    13.869     102596    0    0    0    0    0
2016 10 13  0 43  0    0     3.07    -5.25     4.25    -417.3    -33.76     19.60    13.880     103007    0    0    0    0    0
2016 10 13  0 44  0    0     3.17    -5.33     4.00    -417.6    -34.76     18.72    13.939     103022    0    0    0    0    0
2016 10 13  0 45  0    0     3.35    -5.12     4.04    -418.3    -35.10     17.69    13.945     103897    0    0    0    0    0
2016 10 13  0 46  0    0     3.80    -4.55     4.67    -418.8    -34.86     17.29    12.393     103712    0    0    0    0    0
2016 10 13  0 47  0    0     4.01    -4.42     4.84    -419.2    -34.17     17.76    11.899     103009    0    0    0    0    0
2016 10 13  0 48  0    0     4.04    -4.38     4.81    -419.0    -33.41     18.18    11.830     102155    0    0    0    0    0
2016 10 13  0 49  0    0     3.02    -4.49     4.13    -425.0    -30.40     18.00    13.104     100093    1    0    0    0    1
2016 10 13  0 50  0    0     1.59    -5.31     4.03    -425.6    -30.34     17.81    13.289      98347    0    0    0    0    1
2016 10 13  0 51  0    0     1.67    -5.48     4.09    -424.0    -30.56     17.87    13.226      96946    0    0    0    0    0
2016 10 13  0 52  0    0     1.86    -5.58     4.14    -423.1    -29.33     18.40    13.287      95524    0    0    0    0    0
2016 10 13  0 53  0    0     2.30    -5.78     4.16    -421.2    -27.63     19.22    13.431      94257    0    0    0    0    0
2016 10 13  0 54  0    0     2.38    -6.05     4.24    -415.6    -25.86     19.22    13.576      93681    0    0    0    0    0
2016 10 13  0 55  0    0     2.77    -6.20     4.35    -411.0    -24.22     19.36    13.751      92857    1    1    1    1    1
2016 10 13  0 56  0    0     3.15    -6.35     4.46    -406.5    -22.57     19.50    13.925      92034    1    1    1    1    1
2016 10 13  0 57  0    0     4.72    -5.57     4.62    -413.8    -23.12     21.21    14.057      87995    0    0    0    0    0
2016 10 13  0 58  0    0     4.81    -5.71     4.57    -415.1    -24.66     21.94    13.764      85096    0    0    0    0    0
2016 10 13  0 59  0    0     5.00    -6.18     4.16    -417.1    -26.30     22.44    13.722      82249    0    0    0    0    0
2016 10 13  1  0  0    0     4.85    -6.84     3.94    -418.6    -26.38     22.54    13.737      79914    0    0    0    0    0
2016 10 13  1  1  0    0     4.10    -7.17     4.23    -421.2    -27.52     19.98    14.403      77719    0    0    0    0    0
2016 10 13  1  2  0    0     3.97    -7.19     4.25    -421.4    -27.69     19.71    14.504      79484    0    0    0    0    0
2016 10 13  1  3  0    0     4.00    -7.10     4.31    -422.0    -29.40     18.80    14.337      81630    0    0    0    0    0
2016 10 13  1  4  0    0     4.16    -6.77     4.49    -424.9    -32.05     16.64    14.237      84701    0    0    0    0    0
2016 10 13  1  5  0    0     4.08    -6.97     4.31    -424.8    -32.88     16.41    14.472      83350    0    0    0    0    0
2016 10 13  1  6  0    0     4.00    -7.06     3.98    -424.5    -32.28     16.73    14.177      80258    0    0    0    0    0
2016 10 13  1  7  0    0     4.05    -7.09     3.79    -424.1    -31.33     17.32    13.579      79607    0    0    0    0    0
2016 10 13  1  8  0    0     4.11    -7.12     3.75    -425.2    -32.02     16.68    13.984      79379    0    0    0    0    0
2016 10 13  1  9  0    0     4.68    -6.59     3.83    -427.2    -33.61     15.96    14.337      80497    0    0    0    0    0
2016 10 13  1 10  0    0     4.87    -6.39     4.76    -428.2    -33.98     15.85    14.352      82190    0    0    0    0    0
2016 10 13  1 11  0    0     5.01    -6.25     4.89    -427.7    -33.66     14.85    14.352      86983    0    0    0    0    0
2016 10 13  1 12  0    0     5.41    -5.49     4.94    -427.0    -35.08     14.62    14.397      92259    0    0    0    0    0
2016 10 13  1 13  0    0     5.48    -5.01     4.85    -426.2    -36.17     14.20    14.411      94339    0    0    0    0    0
2016 10 13  1 14  0    0     5.52    -5.21     4.54    -426.0    -39.10     12.10    14.008      95149    0    0    0    0    0
2016 10 13  1 15  0    0     5.50    -5.28     4.40    -425.9    -40.72     10.97    13.902      95473    0    0    0    0    0
2016 10 13  1 16  0    0     5.44    -5.20     4.59    -425.8    -38.36     12.12    14.255      94400    0    0    0    0    0
2016 10 13  1 17  0    0     5.36    -5.14     4.88    -426.1    -36.93     12.89    14.534      93684    0    0    0    0    0
2016 10 13  1 18  0    0     5.30    -5.08     5.10    -426.4    -37.04     12.11    14.226      91925    0    0    0    0    0
2016 10 13  1 19  0    0     5.14    -5.05     5.30    -427.1    -36.94     11.34    14.092      91045    0    0    0    0    0
2016 10 13  1 20  0    0     5.10    -4.97     5.38    -427.7    -36.98     11.28    14.176      89928    0    0    0    0    0
2016 10 13  1 21  0    0     5.11    -4.89     5.35    -427.7    -37.00     11.28    14.124      89685    0    0    0    0    0
2016 10 13  1 22  0    0     5.11    -5.04     5.33    -427.7    -37.24     11.16    13.988      91453    0    0    0    0    0
2016 10 13  1 23  0    0     5.28    -5.23     5.13    -428.2    -37.19      8.85    13.934      93417    0    0    0    0    0
2016 10 13  1 24  0    0     5.31    -5.29     5.10    -429.2    -37.06      7.80    13.930      93641    0    0    0    0    0
2016 10 13  1 25  0    0     5.13    -5.49     5.08    -428.9    -36.78      7.77    13.546      92833    0    0    0    0    0
2016 10 13  1 26  0    0     5.08    -5.57     4.67    -428.9    -36.79      7.29    14.242      92792    0    0    0    0    0
2016 10 13  1 27  0    0     4.71    -5.57     4.65    -428.0    -37.99      7.38    14.189      93720    0    0    0    0    0
2016 10 13  1 28  0    0     4.48    -5.49     4.86    -427.8    -39.53      7.17    14.256      95881    0    0    0    0    0
2016 10 13  1 29  0    0     4.41    -5.47     5.02    -427.8    -40.63      6.50    14.192      96826    0    0    0    0    0
2016 10 13  1 30  0    0     4.40    -5.64     5.49    -428.6    -42.45      6.02    14.217      97444    0    0    0    0    0
2016 10 13  1 31  0    0     4.08    -5.84     5.53    -429.3    -42.63      5.98    14.120      98667    0    0    0    0    0
2016 10 13  1 32  0    0     4.08    -5.84     5.48    -429.3    -38.32      5.41    14.451      99850    0    0    0    0    0
2016 10 13  1 33  0    0     4.09    -5.84     5.39    -427.4    -38.35      4.70    14.529     100789    0    0    0    0    0
2016 10 13  1 34  0    0     4.06    -5.81     5.27    -426.6    -38.87      4.57    14.821     102490    0    0    0    0    0
2016 10 13  1 35  0    0     3.74    -5.98     5.03    -425.9    -39.35      4.41    15.048     104476    0    0    0    0    0
2016 10 13  1 36  0    0     3.56    -6.11     5.03    -425.3    -39.54      4.23    15.114     106407    0    0    0    0    0
2016 10 13  1 37  0    0     3.51    -6.11     5.12    -425.1    -39.50      4.12    15.083     108815    0    0    0    0    0
2016 10 13  1 38  0    0     3.42    -5.95     4.97    -425.0    -39.32      4.03    15.056     110923    0    0    0    0    0
2016 10 13  1 39  0    0     3.56    -5.74     4.86    -424.9    -38.80      4.15    15.058     111626    0    0    0    0    0
2016 10 13  1 40  0    0     3.97    -5.54     4.87    -424.8    -37.67      4.27    15.060     110603    0    0    0    0    0
2016 10 13  1 41  0    0     4.29    -5.97     4.90    -426.1    -36.44      2.98    14.630     108303    0    0    0    0    0
2016 10 13  1 42  0    0     4.41    -6.54     4.70    -427.2    -36.15      2.43    13.957     107570    0    0    0    0    0
2016 10 13  1 43  0    0     4.43    -6.63     4.63    -427.4    -34.38      4.91    14.553     107562    0    0    0    0    0
2016 10 13  1 44  0    0     4.25    -6.09     4.63    -427.9    -31.93      5.43    15.525     108087    0    0    0    0    0
2016 10 13  1 45  0    0     3.73    -5.37     4.67    -429.7    -30.04      1.54    16.739     108908    0    0    0    0    0
2016 10 13  1 46  0    0     3.87    -4.94     4.58    -430.2    -30.04      0.55    17.824     110027    0    0    0    0    0
2016 10 13  1 47  0    0     4.03    -4.66     4.59    -430.4    -30.18      0.35    18.736     110817    0    0    0    0    0
2016 10 13  1 48  0    0     4.09    -4.28     4.74    -431.2    -30.66     -0.82    19.003     111865    0    0    0    0    0
2016 10 13  1 49  0    0     4.07    -4.26     4.70    -431.4    -29.57     -2.14    19.322     113644    0    0    0    0    0
2016 10 13  1 50  0    0     3.98    -4.28     4.45    -431.9    -29.56     -4.07    19.276     114745    0    0    0    0    0
2016 10 13  1 51  0    0     3.95    -4.38     4.11    -432.1    -29.99     -3.48    17.965     114430    0    0    0    0    0
2016 10 13  1 52  0    0     3.92    -4.45     3.58    -431.9    -30.96     -2.32    19.859     113716    0    0    0    0    0
2016 10 13  1 53  0    0     3.85    -4.44     2.64    -431.9    -30.73     -1.68    19.123     113852    0    0    0    0    0
2016 10 13  1 54  0    0     3.70    -4.41     2.00    -432.0    -30.04     -1.44    19.132     114196    0    0    0    0    0
2016 10 13  1 55  0    0     3.61    -5.39     1.30    -432.7    -27.70     -1.72    18.895     108814    0    0    0    0    0
2016 10 13  1 56  0    0     3.45    -6.64     0.67    -433.0    -24.30     -1.83    17.572      97634    0    0    0    0    0
2016 10 13  1 57  0    0     3.37    -5.92     0.20    -432.4    -23.93     -0.53    17.060      92511    0    1    1    1    1
2016 10 13  1 58  0    0     3.35    -5.31     0.43    -432.3    -23.81      0.05    19.230      87534    0    1    1    1    1
2016 10 13  1 59  0    0     3.35    -4.52     0.91    -432.0    -24.20     -1.11    20.586      79137    0    1    1    1    1
2016 10 13  2  0  0    0     3.26    -4.79     0.55    -432.9    -23.20     -3.39    22.395      66696    0    1    1    1    1
2016 10 13  2  1  0    0     2.87    -5.00     0.00    -434.1    -21.99     -4.36    21.300      66696    0    1    1    1    1
2016 10 13  2  2  0    0     2.97    -4.35     0.59    -434.9    -21.46     -5.41    20.464      65125    0    1    1    0    1
2016 10 13  2  3  0    0     3.35    -3.97     0.94    -435.3    -21.47     -4.94    20.060      62073    0    0    0    0    0
2016 10 13  2  4  0    0     3.43    -3.97     0.90    -435.1    -21.97     -4.37    20.546      59576    0    0    0    0    0
2016 10 13  2  5  0    0     2.80    -3.62     0.39    -434.3    -23.49     -5.15    21.490      57597    0    0    0    0    0
2016 10 13  2  6  0    0     2.29    -3.36    -0.02    -434.0    -24.28     -6.35    21.783      56626    0    0    0    0    0
2016 10 13  2  7  0    0     2.86    -3.83    -0.13    -435.7    -23.06     -5.15    20.236      58189    0    0    0    0    0
2016 10 13  2  8  0    0     3.26    -4.07    -0.34    -436.8    -22.13     -3.59    20.296      66348    0    0    0    0    0
2016 10 13  2  9  0    0     3.15    -4.27    -0.47    -436.6    -22.23     -3.02    20.697      68136    0    0    0    0    0
2016 10 13  2 10  0    0     3.09    -4.32    -0.64    -436.1    -22.96     -3.03    20.744      64447    0    0    0    0    0
2016 10 13  2 11  0    0     3.04    -4.35    -1.17    -435.6    -23.87     -3.14    20.837      59947    0    0    0    0    0
2016 10 13  2 12  0    0     2.90    -4.30    -1.24    -435.2    -24.26     -3.17    20.897      58325    0    0    0    0    0
2016 10 13  2 13  0    0     2.75    -4.35    -1.18    -435.0    -23.65     -3.19    20.990      58168    0    0    0    0    0
2016 10 13  2 14  0    0     2.65    -4.50    -0.84    -435.0    -22.66     -4.64    21.084      57499    0    0    0    0    0
2016 10 13  2 15  0    0     2.60    -4.59    -0.74    -435.5    -18.37     -5.64    21.179      57128    0    0    0    0    0
2016 10 13  2 16  0    0     2.44    -4.83    -0.91    -435.7    -16.51     -5.70    20.903      57091    0    0    0    0    0
2016 10 13  2 17  0    0     2.35    -5.07    -0.93    -435.0    -16.88     -5.73    20.534      56600    0    0    0    0    0
2016 10 13  2 18  0    0     2.02    -4.73    -0.74    -434.5    -17.37     -5.54    20.377      55859    0    0    0    0    0
2016 10 13  2 19  0    0     1.83    -4.46    -0.61    -434.3    -17.44     -7.42    20.057      55505    0    0    0    0    0
2016 10 13  2 20  0    0     1.88    -4.45    -0.44    -434.6    -17.35     -9.10    20.217      55606    0    0    0    0    0
2016 10 13  2 21  0    0     1.87    -4.41    -0.12    -435.0    -18.09     -9.40    20.559      55831    0    0    0    0    0
2016 10 13  2 22  0    0     1.77    -4.34    -0.01    -434.9    -19.01     -9.30    20.594      56412    0    0    0    0    0
2016 10 13  2 23  0    0     1.69    -4.00     0.08    -433.5    -18.84     -9.11    20.605      56721    0    0    0    0    0
2016 10 13  2 24  0    0     1.55    -3.67     0.20    -432.0    -18.24     -9.04    20.656      56712    0    0    0    0    0
2016 10 13  2 25  0    0     1.25    -3.72     0.33    -431.8    -18.20     -8.82    20.804      56576    0    0    0    0    0
2016 10 13  2 26  0    0     1.17    -3.84     0.52    -431.9    -18.44     -8.18    20.914      56207    0    0    0    0    0
2016 10 13  2 27  0    0     1.05    -3.85     0.48    -431.7    -18.69     -6.89    20.903      56047    0    0    0    0    0
2016 10 13  2 28  0    0     1.05    -3.89     0.50    -431.3    -19.47     -6.73    21.010      56653    0    0    0    0    0
2016 10 13  2 29  0    0     1.04    -4.02     0.52    -431.0    -19.71     -6.83    21.447      59049    0    0    0    0    0
2016 10 13  2 30  0    0     1.12    -4.10     0.70    -432.4    -19.66     -6.74    21.184      60672    0    0    0    1    1
2016 10 13  2 31  0    0     1.17    -4.09     0.74    -434.5    -19.51     -7.02    21.328      62887    0    0    0    1    1
2016 10 13  2 32  0    0     1.28    -4.25     0.53    -434.8    -19.63     -7.75    21.607      63841    0    0    0    1    1
2016 10 13  2 33  0    0     1.34    -4.32     0.54    -435.0    -20.22     -8.03    21.760      63903    0    0    0    1    1
2016 10 13  2 34  0    0     1.43    -4.40     0.59    -435.2    -20.10     -8.84    21.821      63635    0    0    0    1    1
2016 10 13  2 35  0    0     1.73    -4.41     0.60    -435.0    -19.46     -9.77    21.901      62955    0    0    0    1    1
2016 10 13  2 36  0    0     2.05    -4.39     0.59    -434.7    -18.56    -10.22    21.873      60511    0    0    0    1    1
2016 10 13  2 37  0    0     2.22    -4.36     0.58    -434.6    -18.26    -10.43    21.718      59072    0    0    0    0    0
2016 10 13  2 38  0    0     2.26    -4.49     0.20    -435.0    -18.40    -11.22    21.526      59126    0    0    0    0    0
2016 10 13  2 39  0    0     2.29    -4.60    -0.01    -435.2    -18.74    -11.52    21.459      59158    0    0    0    0    0
2016 10 13  2 40  0    0     2.31    -4.64    -0.08    -435.1    -18.90    -11.34    21.555      59222    0    0    0    0    0
2016 10 13  2 41  0    0     2.33    -4.71    -0.02    -435.1    -18.69    -11.21    21.698      59259    0    0    0    0    0
2016 10 13  2 42  0    0     2.45    -4.67     0.04    -435.4    -18.59    -11.04    21.962      59162    0    0    0    0    0
2016 10 13  2 43  0    0     2.51    -4.64    -0.02    -435.8    -19.74    -11.16    21.980      59054    0    0    0    0    0
2016 10 13  2 44  0    0     2.43    -4.65    -0.09    -436.2    -20.22    -11.09    21.991      58541    0    0    0    0    0
2016 10 13  2 45  0    0     2.25    -4.70    -0.33    -436.5    -19.36    -10.27    22.007      58382    0    0    0    0    0
2016 10 13  2 46  0    0     2.22    -4.29    -0.39    -436.6    -19.14    -10.12    22.025      59299    0    0    0    0    0
2016 10 13  2 47  0    0     2.42    -4.28     0.09    -436.7    -19.91    -12.31    22.241      60599    0    0    0    0    0
2016 10 13  2 48  0    0     2.46    -4.39     0.49    -436.7    -20.65    -12.84    22.091      60866    0    0    0    0    0
2016 10 13  2 49  0    0     2.12    -4.58     0.32    -436.7    -20.70    -12.74    21.972      60577    0    0    0    0    0
2016 10 13  2 50  0    0     2.04    -4.65     0.23    -436.5    -20.96    -14.75    21.643      59862    0    0    0    0    0
2016 10 13  2 51  0    0     1.68    -4.76     0.45    -435.4    -21.05    -16.48    21.208      59688    0    0    0    0    0
2016 10 13  2 52  0    0     1.51    -4.82     0.56    -434.8    -21.14    -16.23    21.043      59903    0    0    0    0    0
2016 10 13  2 53  0    0     1.65    -4.69     0.44    -434.8    -21.53    -13.80    21.053      61376    0    0    0    0    0
2016 10 13  2 54  0    0     1.74    -4.53     0.23    -434.4    -21.90    -12.58    21.053      63025    0    0    0    0    0
2016 10 13  2 55  0    0     1.73    -4.43     0.19    -434.0    -22.06    -12.95    21.104      63725    0    0    0    0    0
2016 10 13  2 56  0    0     1.72    -4.41     0.25    -434.2    -22.11    -13.39    21.158      63809    0    0    0    0    0
2016 10 13  2 57  0    0     1.72    -4.20     0.60    -434.6    -22.32    -13.88    21.564      63698    0    0    0    0    0
2016 10 13  2 58  0    0     1.73    -3.96     0.71    -435.3    -23.81    -14.76    22.116      63411    0    0    0    0    0
2016 10 13  2 59  0    0     1.74    -3.91     0.69    -435.6    -24.96    -15.23    22.274      62171    0    0    0    0    0
2016 10 13  3  0  0    0     1.80    -4.04     0.74    -435.6    -25.22    -12.69    22.335      61647    0    0    0    0    0
2016 10 13  3  1  0    0     2.10    -3.98     0.73    -436.0    -25.81    -11.69    22.103      63400    0    0    0    0    0
2016 10 13  3  2  0    0     2.24    -3.85     0.57    -436.1    -25.72    -12.13    21.936      64068    0    0    0    0    0
2016 10 13  3  3  0    0     2.25    -3.47     0.52    -435.6    -25.75    -12.26    21.874      64068    0    0    0    0    0
2016 10 13  3  4  0    0     2.09    -3.31     0.06    -433.9    -25.90    -11.92    22.036      64261    0    0    0    0    0
2016 10 13  3  5  0    0     1.60    -3.40    -0.56    -432.2    -26.39    -10.91    22.216      64454    0    0    0    0    0
2016 10 13  3  6  0    0     0.70    -3.53    -0.98    -432.1    -27.73     -8.80    22.220      64432    0    0    0    0    0
2016 10 13  3  7  0    0     0.25    -3.24    -1.25    -432.5    -28.87     -6.55    22.292      64381    0    0    0    0    0
2016 10 13  3  8  0    0     0.25    -2.99    -1.29    -433.8    -28.80     -5.36    22.429      64563    0    0    0    0    0
2016 10 13  3  9  0    0     0.41    -3.01    -0.96    -435.2    -29.31     -7.17    22.324      64760    0    0    0    0    0
2016 10 13  3 10  0    0     0.47    -3.30    -1.06    -435.4    -29.51     -8.49    22.097      69427    0    0    0    0    0
2016 10 13  3 11  0    0     0.57    -3.43    -1.23    -434.7    -28.64     -9.17    21.858      72725    0    0    0    0    0
2016 10 13  3 12  0    0     0.46    -3.42    -0.88    -434.2    -28.08     -9.63    21.768      73331    0    0    0    0    0
2016 10 13  3 13  0    0     0.34    -3.44    -0.45    -433.8    -28.26     -9.59    21.790      73331    0    0    0    0    0
2016 10 13  3 14  0    0     0.39    -3.45    -0.65    -432.4    -28.65     -8.95    21.761      74446    0    0    0    0    0
2016 10 13  3 15  0    0     0.38    -3.42    -1.33    -430.2    -29.08     -7.95    21.699      76636    0    0    0    0    0
2016 10 13  3 16  0    0     0.23    -3.43    -1.47    -430.0    -29.25     -8.66    21.686      76542    0    0    0    0    0
2016 10 13  3 17  0    0    -0.39    -3.37    -1.32    -430.1    -28.11     -9.08    21.353      75230    0    0    0    0    0
2016 10 13  3 18  0    0     0.05    -2.69    -1.43    -431.2    -27.94     -9.77    21.139      75209    0    0    0    0    0
2016 10 13  3 19  0    0     0.72    -2.87    -1.33    -432.6    -27.47     -9.93    20.550      75209    0    0    0    0    0
2016 10 13  3 20  0    0     0.68    -3.31    -2.00    -433.2    -26.97     -9.93    20.151      74405    0    0    0    0    0
2016 10 13  3 21  0    0     0.62    -3.56    -1.41    -433.1    -26.31    -11.21    19.920      73311    0    0    0    0    0
2016 10 13  3 22  0    0     0.53    -3.79    -0.64    -432.2    -25.86    -12.88    19.628      73337    0    0    0    0    0
2016 10 13  3 23  0    0     0.19    -3.99    -0.86    -430.8    -26.77    -12.44    19.648      73552    0    0    0    0    0
2016 10 13  3 24  0    0    -0.90    -3.97    -1.57    -429.7    -28.67    -11.49    19.655      74397    0    0    0    1    1
2016 10 13  3 25  0    0    -1.17    -3.30    -1.63    -429.1    -30.43    -11.50    20.238      74552    0    0    0    1    1
2016 10 13  3 26  0    0    -1.35    -2.85    -1.49    -429.1    -30.81    -11.59    20.309      74558    0    0    0    1    1
2016 10 13  3 27  0    0    -1.32    -2.84    -1.49    -429.3    -30.31    -12.64    20.293      74558    0    0    0    1    1
2016 10 13  3 28  0    0    -0.49    -3.29    -1.98    -429.6    -29.31    -13.10    20.197      74884    0    0    0    1    1
2016 10 13  3 29  0    0     0.17    -4.26    -2.24    -429.8    -29.05    -13.84    19.940      74884    0    0    0    1    1
2016 10 13  3 30  0    0     0.55    -4.88    -1.86    -429.8    -28.97    -14.56    19.673      75047    0    0    0    1    1
2016 10 13  3 31  0    0     0.55    -5.22    -1.29    -429.3    -28.64    -15.27    19.514      78297    0    0    0    1    1
2016 10 13  3 32  0    0     0.52    -5.48    -1.79    -429.6    -29.30    -16.10    19.474      78297    0    0    0    1    1
2016 10 13  3 33  0    0     0.30    -6.24    -1.90    -432.2    -28.83    -15.70    18.786      77756    0    0    0    1    1
2016 10 13  3 34  0    0     0.41    -6.91    -1.73    -432.4    -27.77    -14.73    19.137      76553    0    0    0    1    1
2016 10 13  3 35  0    0     0.60    -6.86    -1.75    -432.1    -26.85    -14.23    19.377      76553    0    0    0    1    1
2016 10 13  3 36  0    0     0.44    -6.70    -2.41    -431.1    -27.16    -13.23    19.583      75097    0    0    0    1    1
2016 10 13  3 37  0    0     0.08    -6.52    -2.31    -430.8    -27.75    -12.96    19.821      68908    0    0    0    1    1
2016 10 13  3 38  0    0     0.57    -6.55    -1.74    -431.4    -28.44    -13.50    20.088      68908    0    0    0    1    1
2016 10 13  3 39  0    0     0.69    -6.36    -1.58    -431.7    -27.36    -13.89    19.910      68790    0    0    0    1    1
2016 10 13  3 40  0    0     0.71    -6.35    -1.54    -431.9    -28.74    -13.58    18.936      68283    0    0    0    1    1
2016 10 13  3 41  0    0     0.52    -6.20    -1.60    -431.7    -31.23    -12.57    18.203      67845    0    0    0    1    1
2016 10 13  3 42  0    0     0.08    -5.71    -1.85    -431.1    -32.10    -11.61    18.199      67857    0    0    0    1    1
2016 10 13  3 43  0    0    -0.25    -5.59    -2.35    -431.0    -32.15    -11.23    18.256      68097    0    0    0    1    1
2016 10 13  3 44  0    0    -0.44    -5.42    -2.72    -431.1    -32.41    -12.31    18.155      69077    0    0    0    1    1
2016 10 13  3 45  0    0    -0.66    -5.11    -2.89    -431.4    -33.05    -12.16    18.198      69611    0    0    0    1    1
2016 10 13  3 46  0    0    -0.87    -4.91    -2.57    -431.7    -34.51    -11.22    18.201      69611    0    0    0    1    1
2016 10 13  3 47  0    0    -1.03    -4.83    -2.68    -431.7    -35.84    -10.59    18.250      69276    0    0    0    1    1
2016 10 13  3 48  0    0    -1.04    -4.82    -2.99    -430.9    -36.03    -10.13    18.257      68272    0    0    0    1    1
2016 10 13  3 49  0    0    -1.04    -4.77    -2.98    -429.5    -35.92    -10.99    18.246      68272    0    0    0    1    1
2016 10 13  3 50  0    0    -1.27    -4.61    -2.63    -428.8    -36.13    -12.13    18.475      68329    0    0    0    1    1
2016 10 13  3 51  0    0    -1.38    -4.60    -2.56    -428.3    -35.63    -12.01    18.475      68386    0    0    0    1    1
2016 10 13  3 52  0    0    -1.73    -5.16    -2.46    -428.3    -34.67    -11.37    18.132      68447    0    0    0    1    1
2016 10 13  3 53  0    0    -1.77    -5.29    -2.36    -427.7    -34.55    -10.20    18.055      68454    0    0    0    1    1
2016 10 13  3 54  0    0    -1.77    -5.30    -2.24    -427.2    -35.46    -10.59    18.035      68501    0    0    0    1    1
2016 10 13  3 55  0    0    -1.87    -5.29    -2.13    -427.1    -37.39    -10.77    18.153      68597    0    0    0    1    1
2016 10 13  3 56  0    0    -1.90    -5.11    -2.11    -427.3    -37.95     -9.27    18.207      68625    0    0    0    1    1
2016 10 13  3 57  0    0    -1.87    -5.06    -2.21    -427.7    -37.42     -8.69    18.169      67703    0    0    0    1    1
2016 10 13  3 58  0    0    -1.85    -4.90    -2.46    -428.4    -36.25     -6.17    18.175      67219    0    0    0    1    1
2016 10 13  3 59  0    0    -1.23    -3.99    -2.51    -428.3    -36.04     -5.59    18.396      67186    0    0    0    1    1
2016 10 13  4  0  0    0    -1.05    -3.67    -2.51    -428.1    -36.04     -4.39    18.730      67186    0    0    0    1    1
2016 10 13  4  1  0    0    -0.15    -3.65    -1.75    -427.8    -35.58     -4.67    19.167      63595    0    0    0    1    1
2016 10 13  4  2  0    0     0.04    -3.49    -1.79    -427.5    -35.56     -5.26    19.280      62821    0    0    0    1    1
2016 10 13  4  3  0    0     0.02    -3.31    -1.84    -427.4    -35.73     -5.42    19.274      62821    0    0    0    1    1
2016 10 13  4  4  0    0    -0.24    -3.31    -2.09    -427.4    -35.54     -5.23    19.295      62638    0    0    0    1    1
2016 10 13  4  5  0    0    -0.31    -3.28    -2.34    -426.8    -34.90     -4.53    19.295      62577    0    0    0    1    1
2016 10 13  4  6  0    0    -0.31    -3.20    -2.09    -426.5    -34.25     -4.08    18.637      62575    0    0    0    1    1
2016 10 13  4  7  0    0    -0.02    -2.95    -1.55    -425.7    -33.42     -3.45    18.297      63332    0    0    0    2    1
2016 10 13  4  8  0    0     0.19    -2.34    -1.24    -424.8    -32.47     -3.13    18.266      64533    0    0    0    2    1
2016 10 13  4  9  0    0     0.22    -1.83    -1.19    -424.4    -31.88     -3.90    18.233      66449    0    0    0    2    1
2016 10 13  4 10  0    0     0.25    -2.03    -1.19    -424.8    -31.99     -4.37    18.197      68161    0    0    0    2    1
2016 10 13  4 11  0    0     0.13    -2.50    -1.12    -425.4    -32.49     -3.68    18.160      69034    0    0    0    2    1
2016 10 13  4 12  0    0     0.03    -2.68    -1.31    -425.6    -32.85     -3.02    18.125      69612    0    0    0    2    1
2016 10 13  4 13  0    0    -0.05    -2.58    -1.66    -425.7    -33.20     -2.62    18.090      69514    0    0    0    2    1
2016 10 13  4 14  0    0    -0.22    -2.58    -1.80    -425.3    -33.38     -2.94    18.057      69444    0    0    0    2    1
2016 10 13  4 15  0    0    -0.38    -2.46    -1.97    -425.0    -32.05     -3.88    18.479      69653    0    0    0    1    1
2016 10 13  4 16  0    0    -0.38    -2.54    -1.95    -425.3    -30.19     -4.23    18.880      69888    0    0    0    1    1
2016 10 13  4 17  0    0    -0.01    -3.47    -1.65    -425.5    -29.57     -3.97    18.829      69951    0    0    0    1    1
2016 10 13  4 18  0    0     0.22    -4.07    -1.58    -425.6    -29.47     -4.00    18.793      70013    0    0    0    1    1
2016 10 13  4 19  0    0     0.21    -4.11    -1.61    -425.9    -28.80     -4.51    18.232      70076    0    0    0    1    1
2016 10 13  4 20  0    0     0.27    -3.59    -1.72    -426.5    -28.66     -7.68    17.844      70141    0    0    0    2    1
2016 10 13  4 21  0    0     0.46    -3.87    -1.79    -427.3    -28.84     -9.19    17.807      70207    0    0    0    2    1
2016 10 13  4 22  0    0     0.51    -4.22    -1.96    -427.9    -28.31     -9.03    17.770      70685    0    0    0    2    1
2016 10 13  4 23  0    0     0.57    -4.26    -1.99    -428.3    -28.29     -8.51    17.733      71918    0    0    0    2    1
2016 10 13  4 24  0    0     0.66    -4.43    -1.06    -428.5    -28.17     -8.41    18.492      72075    0    0    0    2    1
2016 10 13  4 25  0    0     0.67    -4.45    -0.38    -428.3    -28.67     -7.71    19.334      71651    0    0    0    2    1
2016 10 13  4 26  0    0     0.65    -4.20    -0.31    -427.8    -30.90    -12.48    20.142      68226    0    0    0    1    1
2016 10 13  4 27  0    0     0.32    -4.15    -0.36    -427.7    -31.30    -15.68    20.881      66431    0    0    0    0    0
2016 10 13  4 28  0    0     0.24    -4.73    -1.14    -429.8    -32.68    -19.15    21.762      66185    0    0    0    0    1
2016 10 13  4 29  0    0     0.11    -4.73    -0.73    -430.1    -30.62    -21.58    22.528      66167    0    0    0    0    1
2016 10 13  4 30  0    0     0.13    -4.52    -0.79    -430.3    -32.63    -21.39    23.310      65722    0    0    0    0    0
2016 10 13  4 31  0    0     0.24    -4.57    -1.45    -430.4    -33.40    -19.67    24.159      63556    0    0    0    0    0
2016 10 13  4 32  0    0     0.51    -5.00    -2.16    -430.3    -34.76    -18.48    24.877      63223    0    0    0    0    0
2016 10 13  4 33  0    0     0.41    -5.18    -1.74    -430.3    -34.88    -18.42    24.262      60195    0    0    0    0    0
2016 10 13  4 34  0    0     0.31    -5.30    -1.45    -429.8    -33.90    -17.18    24.550      59882    0    0    0    0    0
2016 10 13  4 35  0    0     0.31    -5.30    -1.02    -429.7    -33.80    -17.06    25.125      59882    0    0    0    0    0
2016 10 13  4 36  0    0     0.35    -5.06    -0.91    -430.1    -33.88    -17.35    25.617      60009    0    0    0    0    0
2016 10 13  4 37  0    0     0.42    -3.90    -0.86    -430.0    -34.91    -17.54    25.646      61560    0    0    0    0    0
2016 10 13  4 38  0    0     0.45    -4.00    -0.94    -429.9    -34.78    -18.78    25.539      63359    0    0    0    0    0
2016 10 13  4 39  0    0     0.72    -4.04    -2.47    -430.1    -35.97    -18.54    25.594      63599    0    0    0    0    0
2016 10 13  4 40  0    0     1.03    -2.88    -3.48    -430.5    -35.37    -17.49    25.742      63599    0    0    0    0    0
2016 10 13  4 41  0    0     1.39    -2.01    -4.27    -430.9    -32.16    -16.85    25.989      63815    0    0    0    0    0
2016 10 13  4 42  0    0     1.61    -1.98    -5.16    -431.1    -31.30    -16.92    26.123      65420    0    0    0    0    0
2016 10 13  4 43  0    0     1.85    -1.72    -5.01    -430.8    -30.01    -16.28    26.585      67807    0    0    0    0    0
2016 10 13  4 44  0    0     2.08    -0.95    -4.89    -430.3    -29.78    -15.60    28.394      67474    0    0    0    0    0
2016 10 13  4 45  0    0     1.45    -0.42    -5.00    -430.4    -27.49    -15.28    28.349      63974    0    0    0    0    0
2016 10 13  4 46  0    0     1.03    -2.21    -4.85    -430.5    -25.78    -15.11    28.006      59723    0    0    0    0    0
2016 10 13  4 47  0    0     0.98    -2.93    -2.38    -430.7    -25.16    -15.94    28.043      59851    0    0    0    0    0
2016 10 13  4 48  0    0     0.67    -2.85    -0.50    -431.0    -23.91    -19.03    28.547      61087    0    0    0    0    0
2016 10 13  4 49  0    0     0.53    -2.54    -0.59    -431.6    -24.10    -18.96    29.764      63042    0    0    0    0    0
2016 10 13  4 50  0    0     0.63    -1.64    -1.35    -431.8    -24.24    -18.86    29.682      62984    0    0    0    0    0
2016 10 13  4 51  0    0     0.66    -1.17    -2.71    -432.0    -24.86    -19.52    29.268      62207    0    0    0    0    0
2016 10 13  4 52  0    0     0.80    -0.87    -2.85    -432.3    -25.80    -20.70    28.743      60091    0    0    0    0    0
2016 10 13  4 53  0    0     0.90     0.29    -2.87    -432.3    -27.74    -21.84    28.457      58756    0    0    0    0    0
2016 10 13  4 54  0    0     0.87     2.22    -2.55    -432.6    -29.21    -23.08    27.924      58839    0    0    0    0    0
2016 10 13  4 55  0    0     0.92     2.07    -3.09    -432.5    -27.63    -21.87    27.634      58993    0    0    0    0    0
2016 10 13  4 56  0    0     1.02     1.43    -3.29    -432.5    -29.18    -19.66    27.648      58705    0    0    0    0    0
2016 10 13  4 57  0    0     1.10     1.30    -3.20    -432.9    -31.81    -19.95    27.697      58158    0    1    1    1    1
2016 10 13  4 58  0    0     1.18     1.39    -3.09    -433.3    -32.51    -20.46    27.682      60110    0    1    1    2    2
2016 10 13  4 59  0    0     1.16     1.54    -3.17    -433.2    -33.49    -20.53    27.561      64582    0    1    1    2    2
2016 10 13  5  0  0    0     1.14     1.86    -3.14    -432.7    -35.61    -20.68    27.450      67166    0    1    1    1    1
2016 10 13  5  1  0    0     1.08     2.25    -2.97    -432.0    -37.74    -20.48    27.423      64606    0    0    0    0    0
2016 10 13  5  2  0    0     1.08     2.35    -2.64    -432.0    -37.74    -19.74    27.670      58351    0    0    0    0    0
2016 10 13  5  3  0    0     1.05     2.94    -2.25    -432.8    -37.39    -18.18    28.189      58475    0    0    0    0    0
2016 10 13  5  4  0    0     1.12     3.04    -1.62    -433.2    -37.43    -17.38    28.471      58672    0    0    0    0    0
2016 10 13  5  5  0    0     1.31     3.23    -0.80    -433.2    -38.08    -17.12    28.467      58640    0    0    0    0    0
2016 10 13  5  6  0    0     1.49     3.59    -0.33    -433.5    -38.30    -17.92    28.447      58136    0    0    0    0    0
2016 10 13  5  7  0    0     1.64     3.83    -0.10    -433.8    -36.98    -18.06    28.438      56723    0    0    0    0    0
2016 10 13  5  8  0    0     1.84     3.91    -0.03    -433.7    -35.77    -17.57    28.569      55039    0    0    0    0    0
2016 10 13  5  9  0    0     2.02     3.91    -0.01    -433.5    -36.39    -17.73    28.845      54106    0    0    0    0    0
2016 10 13  5 10  0    0     1.82     3.89     0.21    -433.7    -36.83    -18.17    29.163      53933    0    0    0    0    0
2016 10 13  5 11  0    0     1.53     3.96     0.45    -433.8    -36.62    -18.50    29.504      53781    0    0    0    0    0
2016 10 13  5 12  0    0     1.63     4.04     0.58    -433.8    -37.04    -18.53    29.685      53719    0    0    0    0    0
2016 10 13  5 13  0    0     1.81     4.06     0.75    -433.7    -37.62    -18.27    29.687      53795    0    0    0    0    0
2016 10 13  5 14  0    0     1.82     4.06     0.79    -433.5    -37.60    -17.87    29.752      54041    0    0    0    0    0
2016 10 13  5 15  0    0     1.80     4.01     0.80    -433.4    -37.54    -17.49    29.820      54410    0    0    0    0    0
2016 10 13  5 16  0    0     1.79     3.92     0.85    -433.3    -37.69    -18.05    29.742      55062    0    0    0    0    0
2016 10 13  5 17  0    0     1.74     3.85     1.08    -433.1    -37.78    -18.91    29.612      55625    0    0    0    0    0
2016 10 13  5 18  0    0     1.67     3.86     1.33    -432.6    -37.71    -19.10    29.514      55317    0    0    0    0    0
2016 10 13  5 19  0    0     1.51     3.97     1.34    -432.1    -38.58    -19.12    28.834      54126    0    0    0    0    0
2016 10 13  5 20  0    0     1.07     4.03     1.34    -431.6    -40.57    -19.16    27.539      52737    0    0    0    0    0
2016 10 13  5 21  0    0     0.81     4.00     1.33    -431.2    -41.41    -18.87    27.545      53232    0    0    0    0    0
2016 10 13  5 22  0    0     0.77     4.00     1.35    -431.4    -41.31    -17.69    27.651      55191    0    0    0    0    0
2016 10 13  5 23  0    0     0.68     4.07     1.30    -431.8    -41.65    -17.37    28.022      55321    0    0    0    0    0
2016 10 13  5 24  0    0     0.49     4.22     1.27    -432.1    -43.72    -17.15    28.295      56553    0    0    0    0    0
2016 10 13  5 25  0    0     0.33     4.21     1.28    -432.1    -46.55    -15.93    28.374      59017    0    0    0    0    0
2016 10 13  5 26  0    0     0.10     4.23     1.31    -431.8    -46.65    -14.05    28.427      57926    0    0    0    0    0
2016 10 13  5 27  0    0     0.17     4.24     1.29    -431.5    -46.50    -14.55    28.383      54416    0    0    0    0    0
2016 10 13  5 28  0    0     0.13     4.32     1.01    -431.8    -46.51    -15.97    28.268      52600    0    0    0    0    0
2016 10 13  5 29  0    0    -0.47     4.39     0.84    -432.9    -46.21    -17.95    28.378      51356    0    0    0    0    0
2016 10 13  5 30  0    0    -0.18     4.43     1.03    -433.0    -46.19    -20.29    28.969      52080    0    0    0    0    0
2016 10 13  5 31  0    0     0.50     4.42     1.09    -433.1    -46.65    -20.19    29.629      54479    0    0    0    0    0
2016 10 13  5 32  0    0     1.06     4.33     1.14    -433.2    -47.36    -20.05    29.652      59228    0    0    0    0    0
2016 10 13  5 33  0    0     1.13     4.38     1.13    -433.2    -47.90    -20.12    29.697      63331    0    0    0    0    0
2016 10 13  5 34  0    0     1.13     3.81     1.78    -433.7    -47.86    -21.37    31.192      63758    0    0    0    0    0
2016 10 13  5 35  0    0     1.34     2.73     2.86    -434.2    -47.49    -22.62    33.016      61272    0    0    0    0    0
2016 10 13  5 36  0    0     1.57     2.24     3.39    -434.2    -46.74    -22.25    33.392      59097    0    0    0    0    0
2016 10 13  5 37  0    0     1.71     1.88     3.56    -434.4    -46.24    -21.89    33.504      59260    0    0    0    0    0
2016 10 13  5 38  0    0     1.81     1.36     3.81    -434.2    -45.72    -22.27    33.504      61624    0    0    0    0    0
2016 10 13  5 39  0    0     1.92     1.07     4.08    -434.2    -44.44    -23.12    33.506      64003    0    0    0    0    0
2016 10 13  5 40  0    0     1.97     1.07     4.35    -434.1    -43.56    -23.85    33.506      64708    0    0    0    0    0
2016 10 13  5 41  0    0     1.94     0.95     4.27    -433.5    -43.20    -23.95    33.465      65028    0    0    0    0    0
2016 10 13  5 42  0    0     1.94     0.27     3.94    -433.1    -43.17    -23.43    33.178      64742    0    0    0    0    0
2016 10 13  5 43  0    0     1.96    -0.50     3.89    -433.4    -43.14    -22.30    32.854      64305    0    0    0    0    0
2016 10 13  5 44  0    0     2.01    -0.63     3.77    -434.0    -43.17    -21.28    33.135      64257    0    0    0    0    0
2016 10 13  5 45  0    0     2.02    -0.90     3.70    -434.4    -43.37    -20.53    33.385      64530    0    0    0    0    0
2016 10 13  5 46  0    0     1.96    -1.23     3.74    -434.4    -43.46    -20.89    33.258      64760    0    0    0    0    0
2016 10 13  5 47  0    0     1.89    -1.80     3.95    -434.1    -44.09    -22.25    33.120      63671    0    0    0    0    0
2016 10 13  5 48  0    0     1.72    -2.19     4.12    -433.8    -45.47    -23.51    33.043      62681    0    0    0    0    0
2016 10 13  5 49  0    0     1.72    -2.42     4.15    -433.6    -46.57    -24.02    32.855      61965    0    0    0    0    0
2016 10 13  5 50  0    0     2.02    -2.69     4.14    -433.5    -45.61    -23.19    32.056      61150    0    0    0    0    0
2016 10 13  5 51  0    0     2.25    -2.71     3.90    -433.7    -44.24    -22.11    31.306      60633    0    0    0    0    0
2016 10 13  5 52  0    0     2.36    -2.74     3.56    -433.9    -43.93    -21.92    31.390      60061    0    0    0    0    0
2016 10 13  5 53  0    0     2.37    -2.81     3.30    -434.2    -44.48    -22.65    32.286      60187    0    0    0    0    0
2016 10 13  5 54  0    0     2.52    -2.75     3.04    -434.5    -44.95    -23.16    33.664      60300    0    0    0    0    0
2016 10 13  5 55  0    0     2.77    -2.51     2.98    -434.4    -44.42    -23.50    34.227      59728    0    0    0    0    0
2016 10 13  5 56  0    0     2.86    -2.39     3.01    -434.2    -43.87    -23.02    34.331      59270    0    0    0    0    0
2016 10 13  5 57  0    0     2.94    -2.43     3.05    -434.2    -43.07    -23.03    34.386      59405    0    0    0    0    0
2016 10 13  5 58  0    0     3.01    -2.48     3.02    -435.0    -42.30    -23.73    34.388      59695    0    0    0    0    0
2016 10 13  5 59  0    0     3.18    -2.49     3.01    -435.4    -42.74    -24.50    34.348      60271    0    0    0    0    0
2016 10 13  6  0  0    0     3.38    -2.46     3.02    -435.8    -44.38    -24.97    34.244      60733    0    0    0    0    0
2016 10 13  6  1  0    0     3.43    -2.01     3.12    -435.4    -44.91    -25.05    34.101      60825    0    0    0    0    0
2016 10 13  6  2  0    0     3.41    -1.64     3.29    -434.8    -44.39    -21.81    33.670      60700    0    0    0    0    0
2016 10 13  6  3  0    0     3.31    -1.48     3.46    -434.7    -43.88    -19.62    33.233      59770    0    0    0    0    0
2016 10 13  6  4  0    0     3.24    -1.44     3.24    -434.7    -43.84    -19.53    32.930      59174    0    0    0    0    0
2016 10 13  6  5  0    0     3.24    -1.76     3.09    -434.5    -44.35    -18.88    32.727      60161    0    0    0    0    0
2016 10 13  6  6  0    0     3.06    -2.28     2.96    -434.4    -44.72    -18.51    32.614      60901    0    0    0    0    0
2016 10 13  6  7  0    0     2.92    -2.73     2.84    -435.2    -44.19    -21.55    32.576      58927    0    0    0    0    0
2016 10 13  6  8  0    0     2.95    -3.06     2.54    -435.9    -43.54    -23.33    32.602      57073    0    0    0    0    0
2016 10 13  6  9  0    0     2.61    -2.96     2.17    -436.5    -44.25    -23.55    32.550      56758    0    0    0    0    0
2016 10 13  6 10  0    0     2.55     1.32     2.12    -436.5    -45.70    -22.86    31.979      57836    0    0    0    0    0
2016 10 13  6 11  0    0     2.96     3.13     2.36    -435.9    -45.73    -21.94    31.778      58808    0    0    0    0    0
2016 10 13  6 12  0    0     3.14     3.41     3.25    -435.0    -46.22    -20.45    31.253      59718    0    0    0    0    0
2016 10 13  6 13  0    0     2.72     3.05     3.23    -434.1    -46.67    -18.12    30.540      61810    0    0    0    0    0
2016 10 13  6 14  0    0     1.67     2.53     2.28    -433.2    -46.26    -15.83    29.283      63534    0    0    0    0    0
2016 10 13  6 15  0    0     0.41     2.88     1.11    -431.5    -44.84    -14.19    28.052      63831    0    0    0    0    0
2016 10 13  6 16  0    0    -0.59     4.67    -0.31    -429.0    -42.63    -12.82    28.060      63831    0    0    0    0    0
2016 10 13  6 17  0    0    -1.12     6.03    -2.62    -427.3    -40.61    -10.03    28.301      63831    0    0    0    0    0
2016 10 13  6 18  0    0    -3.79     4.07    -8.18    -428.8    -39.39    -12.22    28.277      66227    0    0    0    0    0
2016 10 13  6 19  0    0    -4.12     3.36    -8.88    -427.8    -32.84    -10.19    25.732      73906    0    0    0    0    0
2016 10 13  6 20  0    0    -4.15     2.78    -8.99    -426.3    -30.83     -7.80    22.966      79996    0    0    0    0    0
2016 10 13  6 21  0    0    -4.69     2.28    -9.04    -425.5    -27.91     -3.72    21.067      82325    0    0    0    0    0
2016 10 13  6 22  0    0    -5.18     1.71    -9.14    -425.4    -22.31     -1.09    19.821      82325    0    0    0    0    0
2016 10 13  6 23  0    0    -5.01     0.84    -9.14    -425.3    -19.45     -1.57    18.147      84631    0    0    0    0    0
2016 10 13  6 24  0    0    -4.83     0.23    -9.08    -424.4    -20.71     -1.46    17.189      86588    0    0    0    0    0
2016 10 13  6 25  0    0    -4.92     0.06    -9.17    -423.2    -21.92     -0.31    17.378      86223    0    0    0    0    0
2016 10 13  6 26  0    0    -5.06    -0.18    -9.31    -423.4    -20.86     -0.05    18.091      85351    0    0    0    0    0
2016 10 13  6 27  0    0    -4.94    -0.93    -8.95    -424.6    -20.70     -1.50    18.591      88689    0    0    0    0    0
2016 10 13  6 28  0    0    -5.00    -1.41    -8.65    -426.1    -20.93     -2.90    17.601      97400    0    0    0    0    0
2016 10 13  6 29  0    0    -4.79    -2.14    -9.10    -426.5    -20.96     -2.60    16.308     110366    0    0    0    0    0
2016 10 13  6 30  0    0    -4.93    -2.70    -9.46    -426.5    -20.11     -2.31    15.284     125850    0    0    0    0    0
2016 10 13  6 31  0    0    -5.04    -3.41    -9.51    -426.2    -19.09     -2.06    14.354     130855    0    0    0    0    0
2016 10 13  6 32  0    0    -4.99    -4.33    -9.51    -424.9    -17.05     -1.13    13.687     117822    0    0    0    0    0
2016 10 13  6 33  0    0    -4.93    -5.09    -9.51    -423.0    -14.12      0.96    13.323      97412    0    0    0    0    0
2016 10 13  6 34  0    0    -4.89    -5.50    -9.51    -420.7    -10.86      4.44    13.250      78255    0    0    0    0    0
2016 10 13  6 35  0    0    -4.81    -5.79    -9.41    -419.3     -7.84      3.97    13.182      78107    0    0    0    0    0
2016 10 13  6 36  0    0    -4.79    -6.39    -9.39    -418.0     -4.75      3.44    13.156      77974    0    0    0    0    0
2016 10 13  6 37  0    0    -4.79    -7.17    -8.77    -417.4     -1.60      5.19    12.764      77928    0    0    0    0    0
2016 10 13  6 38  0    0    -4.72    -7.82    -8.17    -416.7      1.42      6.85    11.987      78073    0    0    0    0    0
2016 10 13  6 39  0    0    -4.67    -8.05    -7.97    -415.7      4.21      6.81    11.586      79420    0    0    0    0    0
2016 10 13  6 40  0    0    -4.63    -7.79    -8.06    -414.9      6.23      6.10    12.345      81543    0    0    0    0    0
2016 10 13  6 41  0    0    -4.52    -7.28    -8.26    -414.5      6.80      6.33    13.862      82473    0    0    0    0    0
2016 10 13  6 42  0    0    -4.45    -7.13    -8.31    -414.4      6.84      7.62    14.121      82115    0    0    0    0    0
2016 10 13  6 43  0    0    -4.40    -7.13    -8.29    -414.2      6.77      8.56    14.390      80756    0    0    0    0    0
2016 10 13  6 44  0    0    -4.41    -7.15    -8.23    -414.0      6.25      8.38    14.083      79282    0    0    0    0    0
2016 10 13  6 45  0    0    -4.41    -7.16    -8.21    -414.0      4.91      8.42    13.030      77912    0    0    0    0    0
2016 10 13  6 46  0    0    -4.35    -6.95    -8.39    -414.2      5.80      9.52    13.042      77839    0    0    0    0    0
2016 10 13  6 47  0    0    -4.28    -4.93    -9.45    -415.7      2.71     11.72    13.141      80508    0    0    0    0    0
2016 10 13  6 48  0    0    -4.56    -3.33   -10.23    -418.1     -3.43     14.49    13.405      85056    0    0    0    0    0
2016 10 13  6 49  0    0    -4.58    -4.07   -10.18    -418.3     -2.40     13.19    13.520      85426    0    0    0    0    0
2016 10 13  6 50  0    0    -4.46    -3.59   -10.55    -417.7     -1.51     12.29    13.260      83354    0    0    0    0    0
2016 10 13  6 51  0    0    -4.40    -2.19   -10.74    -417.4     -3.75     12.17    13.021      80105    0    0    0    0    0
2016 10 13  6 52  0    0    -4.39    -1.96   -10.63    -417.2     -5.04     13.87    12.959      78649    0    0    0    0    0
2016 10 13  6 53  0    0    -4.38    -2.89   -10.49    -417.0     -4.00     14.84    13.323      78274    0    0    0    0    0
2016 10 13  6 54  0    0    -4.06    -4.40   -10.05    -416.7     -2.72     14.70    13.597      78054    0    0    0    0    0
2016 10 13  6 55  0    0    -3.75    -6.15    -9.45    -416.7     -1.73     13.79    13.465      78327    0    0    0    0    0
2016 10 13  6 56  0    0    -3.70    -7.32    -8.89    -417.3     -0.72     12.28    13.350      80174    0    0    0    0    0
2016 10 13  6 57  0    0    -3.68    -7.59    -8.29    -418.2      2.25     10.41    13.462      81174    0    0    0    0    0
2016 10 13  6 58  0    0    -3.59    -8.13    -7.76    -418.6      3.99      8.94    13.582      80718    0    0    0    0    0
2016 10 13  6 59  0    0    -3.56    -9.03    -7.32    -418.8      5.19      7.25    13.395      79627    0    0    0    0    0
2016 10 13  7  0  0    0    -3.29    -9.71    -7.18    -419.5      6.84      6.09    13.061      74973    0    0    0    0    0
2016 10 13  7  1  0    0    -3.25    -9.75    -7.66    -420.1      6.28      4.75    12.376      68193    0    0    0    1    1
2016 10 13  7  2  0    0    -3.25    -9.75    -7.83    -420.8      5.06      3.50    12.344      67864    0    0    0    1    1
2016 10 13  7  3  0    0    -3.31    -9.75    -7.84    -420.6      5.15      1.88    12.470      68394    0    0    0    1    1
2016 10 13  7  4  0    0    -3.84    -9.70    -7.92    -420.6      3.15      2.80    12.540      69242    0    0    0    1    1
2016 10 13  7  5  0    0    -4.06    -9.35    -8.24    -417.2     -0.54      5.18    12.010      69242    0    0    0    1    1
2016 10 13  7  6  0    0    -4.22    -9.07    -8.46    -414.6     -3.49      7.80    11.599      69079    0    0    0    0    1
2016 10 13  7  7  0    0    -4.27    -8.98    -8.43    -414.0     -4.52     10.53    11.421      67506    0    0    0    0    0
2016 10 13  7  8  0    0    -4.34    -8.91    -8.33    -414.2     -4.38     11.55    11.101      62856    0    0    0    0    0
2016 10 13  7  9  0    0    -4.36    -8.66    -8.41    -414.0     -4.32     12.03    10.638      61444    0    0    0    0    0
2016 10 13  7 10  0    0    -4.37    -8.50    -8.50    -412.9     -4.64     11.56    10.244      58723    0    0    0    0    0
2016 10 13  7 11  0    0    -4.33    -8.60    -8.52    -412.2     -6.98      8.36     9.873      58723    0    0    0    0    0
2016 10 13  7 12  0    0    -4.33    -9.39    -8.73    -412.9     -7.82      6.73     9.575      58723    0    0    0    0    0
2016 10 13  7 13  0    0    -4.17   -10.27    -9.62    -417.2     -6.05      6.50     8.966      58636    0    0    0    0    0
2016 10 13  7 14  0    0    -4.01    -9.61    -9.60    -418.4     -5.06      6.68     7.451      58578    0    0    0    0    0
2016 10 13  7 15  0    0    -4.00    -9.10    -9.80    -418.0     -5.61      8.96     6.936      54065    0    0    0    0    0
2016 10 13  7 16  0    0    -4.00    -8.98   -10.10    -417.6     -6.17      9.93     6.865      50265    0    0    0    0    0
2016 10 13  7 17  0    0    -4.26    -9.00   -10.04    -416.9     -6.61      4.37     6.909      40221    0    0    0    0    0
2016 10 13  7 18  0    0    -4.55    -9.09   -10.25    -416.5     -6.84     -0.01     6.587      32695    0    0    0    0    0
2016 10 13  7 19  0    0    -4.52    -9.17   -10.59    -416.7     -6.87      0.53     6.234      31797    0    0    0    0    0
2016 10 13  7 20  0    0    -4.42    -9.18   -10.84    -419.3    -13.41      2.09     6.532      26617    0    0    0    0    0
2016 10 13  7 21  0    0    -4.50    -9.02   -11.20    -419.9    -14.77      2.02     6.354      23854    0    0    0    0    0
2016 10 13  7 22  0    0    -4.62    -8.94   -11.30    -418.9    -15.39      1.74     6.412      23403    0    0    0    0    0
2016 10 13  7 23  0    0    -4.67    -8.85   -11.37    -418.4    -16.14      0.95     6.552      21980    0    0    0    0    0
2016 10 13  7 24  0    0    -4.68    -8.56   -11.79    -418.4    -17.57      1.48     6.542      21135    0    0    0    0    0
2016 10 13  7 25  0    0    -4.68    -8.35   -12.02    -419.1    -18.31      2.79     6.389      20609    0    0    0    0    0
2016 10 13  7 26  0    0    -4.73    -8.17   -12.16    -418.5    -17.69      3.42     6.225      20530    0    0    0    0    0
2016 10 13  7 27  0    0    -4.80    -7.86   -12.37    -419.3    -16.81      2.17     6.044      19903    0    0    0    0    0
2016 10 13  7 28  0    0    -4.84    -8.13   -12.35    -419.7    -14.59     -2.03     5.769      19788    0    0    0    0    0
2016 10 13  7 29  0    0    -4.84    -8.07   -12.19    -419.8    -12.42     -4.73     5.512      19788    0    0    0    0    0
2016 10 13  7 30  0    0    -4.84    -8.67   -11.96    -419.9    -11.12     -8.58     5.281      20242    0    0    0    0    0
2016 10 13  7 31  0    0    -4.97    -8.85   -11.72    -419.9     -7.43    -12.04     5.062      20284    0    0    0    0    0
2016 10 13  7 32  0    0    -4.90    -9.05   -11.81    -419.5     -5.85    -13.93     4.841      21026    0    0    0    0    0
2016 10 13  7 33  0    0    -4.98    -9.79   -11.23    -421.0     -6.69    -20.01     4.598      21605    0    0    0    0    0
2016 10 13  7 34  0    0    -5.06    -9.19   -11.46    -421.8     -8.74    -19.90     4.526      33982    0    0    0    0    0
2016 10 13  7 35  0    0    -5.21    -9.12   -11.50    -422.1    -10.56    -20.11     4.488      35479    0    0    0    0    0
2016 10 13  7 36  0    0    -5.22    -9.37   -11.17    -421.5    -10.45    -21.30     4.796      39087    0    0    0    0    0
2016 10 13  7 37  0    0    -5.21    -9.44   -11.16    -421.3     -9.77    -25.16     5.137      43496    0    0    0    0    0
2016 10 13  7 38  0    0    -5.24    -9.43   -11.01    -421.7     -7.76    -29.26     5.547      53154    0    0    0    0    0
2016 10 13  7 39  0    0    -5.32    -9.48   -10.89    -423.6     -4.89    -32.31     6.133      49217    0    0    0    0    0
2016 10 13  7 40  0    0    -5.24    -9.11   -11.32    -426.4     -3.80    -32.44     6.670      41672    0    0    0    0    0
2016 10 13  7 41  0    0    -5.18    -8.99   -11.54    -426.0     -9.47    -32.06     6.756      41672    0    0    0    0    0
2016 10 13  7 42  0    0    -5.02    -8.71   -11.57    -424.6    -19.09    -28.59     6.711      41672    0    0    0    0    0
2016 10 13  7 43  0    0    -4.93    -8.22   -11.78    -424.3    -26.90    -24.94     6.583      43310    0    0    0    0    0
2016 10 13  7 44  0    0    -5.16    -7.96   -12.10    -427.8    -27.28    -26.49     6.302      46261    0    0    0    0    0
2016 10 13  7 45  0    0    -5.17    -9.18   -11.60    -427.9    -26.09    -28.28     6.305      46418    0    0    0    0    0
2016 10 13  7 46  0    0    -4.92    -9.07   -11.72    -427.8    -25.61    -30.29     6.386      46418    0    0    0    0    0
2016 10 13  7 47  0    0    -5.14    -8.75   -11.94    -428.7    -24.09    -39.49     6.445      60937    0    0    0    0    0
2016 10 13  7 48  0    0    -5.29    -8.69   -11.95    -429.4    -22.75    -42.03     6.487      64606    0    0    0    0    0
2016 10 13  7 49  0    0    -5.29    -8.76   -11.95    -430.0    -19.53    -46.62     6.930      64336    0    0    0    0    0
2016 10 13  7 50  0    0    -5.31    -8.77   -12.02    -430.3    -19.94    -46.57     6.909      60215    0    0    0    0    0
2016 10 13  7 51  0    0    -5.23    -8.77   -11.96    -430.1    -24.36    -45.63     6.751      55427    0    0    0    0    0
2016 10 13  7 52  0    0    -5.73    -8.73   -11.20    -429.3    -27.71    -43.05     6.750      50265    0    0    0    0    0
2016 10 13  7 53  0    0    -5.73    -8.56   -11.36    -429.3    -29.83    -43.77     6.726      50265    0    0    0    0    0
2016 10 13  7 54  0    0    -4.80    -8.69   -11.35    -430.5    -27.24    -47.54     6.997      62382    0    0    0    0    0
2016 10 13  7 55  0    0    -4.91    -9.64   -11.18    -430.7    -12.35    -51.40     7.275      61096    0    0    0    0    0
2016 10 13  7 56  0    0    -4.93    -9.64   -11.11    -429.1    -10.47    -50.43     7.279      54084    0    0    0    0    0
2016 10 13  7 57  0    0    -5.01    -9.64   -11.29    -428.0    -11.97    -49.39     7.136      51289    0    0    0    0    0
2016 10 13  7 58  0    0    -5.03    -9.83   -10.97    -426.9    -15.55    -46.17     6.977      50803    0    0    0    0    0
2016 10 13  7 59  0    0    -4.99   -10.28   -10.53    -426.4    -16.85    -44.96     7.001      54252    0    0    0    0    0
2016 10 13  8  0  0    0    -4.97   -10.62   -10.21    -426.9    -16.37    -46.51     6.598      61927    0    0    0    0    0
2016 10 13  8  1  0    0    -4.97   -10.77   -10.15    -426.7    -15.69    -47.77     6.433      70544    0    0    0    0    0
2016 10 13  8  2  0    0    -4.90   -10.82   -10.12    -426.1    -15.02    -47.44     6.530      73374    0    0    0    0    0
2016 10 13  8  3  0    0    -5.00   -10.82   -10.10    -429.4    -14.37    -43.98     6.607      73256    0    0    0    0    0
2016 10 13  8  4  0    0    -4.93   -11.00    -9.75    -431.2    -17.75    -44.78     6.700      68330    0    0    0    0    0
2016 10 13  8  5  0    0    -5.13   -11.04    -9.54    -431.8    -19.98    -43.10     6.671      64419    0    0    0    0    0
2016 10 13  8  6  0    0    -5.13   -11.30    -9.00    -432.2    -19.86    -36.95     6.576      62927    0    0    0    0    0
2016 10 13  8  7  0    0    -5.12   -11.55    -9.13    -431.8    -18.64    -36.96     6.541      58758    0    0    0    0    0
2016 10 13  8  8  0    0    -5.18   -11.09    -9.40    -430.7    -18.18    -37.21     6.518      56079    0    0    0    0    0
2016 10 13  8  9  0    0    -5.60    -9.98   -10.01    -429.3    -16.17    -38.71     6.347      54546    0    0    0    0    0
2016 10 13  8 10  0    0    -5.88    -9.96   -10.08    -427.2    -15.31    -40.54     6.642      54546    0    0    0    0    0
2016 10 13  8 11  0    0    -6.04    -9.94   -10.13    -426.5    -16.00    -41.88     6.789      58513    0    0    0    0    0
2016 10 13  8 12  0    0    -6.21    -9.61   -10.27    -428.8    -17.86    -44.94     6.780      66685    0    0    0    0    0
2016 10 13  8 13  0    0    -6.55    -9.71   -10.51    -429.9    -18.31    -47.76     6.648      73860    0    0    0    0    0
2016 10 13  8 14  0    0    -6.70    -9.89   -10.54    -429.3    -19.08    -50.19     6.461      79977    0    0    0    0    0
2016 10 13  8 15  0    0    -6.38   -10.05   -10.21    -430.0    -23.42    -54.02     6.543      80843    0    0    0    0    0
2016 10 13  8 16  0    0    -5.76   -11.67    -8.80    -430.5    -25.35    -54.04     6.707      80232    0    0    0    0    0
2016 10 13  8 17  0    0    -5.77   -12.01    -8.25    -430.3    -22.81    -53.55     6.797      75205    0    0    0    0    0
2016 10 13  8 18  0    0    -5.77   -11.08    -9.50    -429.0    -19.60    -52.20     7.075      66790    0    0    0    0    0
2016 10 13  8 19  0    0    -5.48   -11.72    -8.92    -427.7    -16.99    -49.54     6.886      58943    0    0    0    0    0
2016 10 13  8 20  0    0    -5.45   -12.12    -8.71    -427.0    -15.50    -47.93     6.840      50682    0    0    0    0    0
2016 10 13  8 21  0    0    -5.71   -11.73    -8.73    -427.4    -11.20    -46.09     6.888      48306    0    0    0    0    0
2016 10 13  8 22  0    0    -5.72   -11.62    -8.82    -427.5    -10.09    -46.01     6.956      49416    0    0    0    0    0
2016 10 13  8 23  0    0    -5.70   -11.61    -8.93    -427.5    -10.43    -46.52     7.034      49694    0    0    0    0    0
2016 10 13  8 24  0    0    -5.61   -11.65    -8.96    -427.5    -10.51    -45.39     7.487      45724    0    0    0    0    0
2016 10 13  8 25  0    0    -5.66   -11.66    -9.01    -427.4    -12.54    -44.90     7.496      44648    0    0    0    0    0
2016 10 13  8 26  0    0    -5.87   -11.40    -9.14    -427.5    -11.64    -45.72     7.426      48992    0    0    0    0    0
2016 10 13  8 27  0    0    -5.93   -11.26    -9.25    -428.3    -11.24    -46.60     7.415      50883    0    0    0    0    0
2016 10 13  8 28  0    0    -5.95   -11.26    -9.27    -429.7     -9.63    -50.06     6.988      50797    0    0    0    0    0
2016 10 13  8 29  0    0    -5.90   -11.26    -9.27    -429.6     -8.89    -48.39     6.918      44818    0    0    0    0    0
2016 10 13  8 30  0    0    -5.94   -11.43    -9.33    -429.6     -8.31    -45.38     6.860      39322    0    0    0    0    0
2016 10 13  8 31  0    0    -5.63   -11.94    -9.32    -428.8     -8.05    -45.10     6.860      38178    0    0    0    0    0
2016 10 13  8 32  0    0    -5.61   -11.78    -9.33    -428.7     -7.81    -45.12     7.209      38102    0    0    0    0    0
2016 10 13  8 33  0    0    -5.63   -11.11    -9.49    -428.8     -8.95    -47.91     8.031      48216    0    0    0    0    0
2016 10 13  8 34  0    0    -5.79   -11.06    -9.46    -428.7    -10.23    -48.14     8.203      54389    0    0    0    0    0
2016 10 13  8 35  0    0    -5.85   -11.22    -9.58    -428.6    -10.33    -45.56     7.243      54874    0    0    0    0    0
2016 10 13  8 36  0    0    -5.93   -11.16    -9.52    -428.5     -7.66    -44.18     7.565      52606    0    0    0    0    0
2016 10 13  8 37  0    0    -6.07   -11.16    -9.51    -429.7     -6.74    -42.71     6.884      44668    0    0    0    0    0
2016 10 13  8 38  0    0    -6.11   -11.29    -9.60    -430.8     -9.07    -42.11     7.189      43550    0    0    0    0    0
2016 10 13  8 39  0    0    -6.33   -11.26    -9.64    -431.4    -11.50    -42.57     7.393      40977    0    0    0    0    0
2016 10 13  8 40  0    0    -6.32   -11.15    -9.76    -431.6    -12.42    -43.19     7.674      38691    0    0    0    0    0
2016 10 13  8 41  0    0    -6.34   -11.19    -9.76    -430.9    -13.10    -43.41     7.505      38727    0    0    0    0    0
2016 10 13  8 42  0    0    -6.37   -11.44    -9.71    -430.7    -12.58    -44.02     7.741      39080    0    0    0    0    0
2016 10 13  8 43  0    0    -6.42   -11.57    -9.39    -430.4     -9.82    -43.35     7.855      40081    0    0    0    0    0
2016 10 13  8 44  0    0    -5.98   -11.76    -9.16    -430.7     -9.90    -40.67     7.837      40255    0    0    0    0    0
2016 10 13  8 45  0    0    -5.96   -11.73    -9.09    -430.5     -9.51    -37.72     7.769      40108    0    0    0    0    0
2016 10 13  8 46  0    0    -5.78   -11.52    -9.11    -429.4     -7.11    -34.46     7.833      39124    0    0    0    0    0
2016 10 13  8 47  0    0    -5.77   -11.04    -9.65    -429.3     -6.80    -33.15     7.906      38677    0    0    0    0    0
2016 10 13  8 48  0    0    -5.67   -11.04    -9.82    -429.1     -9.28    -34.20     7.107      38241    0    0    0    0    0
2016 10 13  8 49  0    0    -5.38   -11.04   -10.02    -429.0     -9.41    -34.96     7.129      37487    0    0    0    0    0
2016 10 13  8 50  0    0    -5.34   -11.10   -10.03    -429.3     -8.98    -35.77     7.134      37462    0    0    0    0    0
2016 10 13  8 51  0    0    -5.32   -11.13    -9.94    -429.7    -10.10    -38.74     7.053      37730    0    0    0    0    0
2016 10 13  8 52  0    0    -4.75   -11.49    -9.66    -431.0    -10.87    -41.30     6.884      39829    0    0    0    0    0
2016 10 13  8 53  0    0    -4.10   -12.38    -9.62    -432.7    -10.81    -41.26     6.860      43403    0    0    0    0    0
2016 10 13  8 54  0    0    -4.17   -12.32    -9.65    -434.4    -10.33    -40.69     6.860      43175    0    0    0    0    0
2016 10 13  8 55  0    0    -4.21   -12.11    -9.69    -434.8    -10.42    -40.59     6.846      42132    0    0    0    0    0
2016 10 13  8 56  0    0    -4.26   -12.00    -9.82    -435.1    -11.46    -39.59     6.841      41562    0    0    0    0    0
2016 10 13  8 57  0    0    -4.29   -12.02   -10.12    -435.2    -12.37    -38.25     6.867      41562    0    0    0    0    0
2016 10 13  8 58  0    0    -4.18   -12.16   -10.28    -434.2    -13.08    -37.61     6.880      41562    0    0    0    0    0
2016 10 13  8 59  0    0    -4.03   -12.27   -10.31    -432.8    -13.28    -37.29     6.850      41209    0    0    0    0    0
2016 10 13  9  0  0    0    -3.86   -12.24   -10.33    -432.0    -12.03    -36.19     6.835      39746    0    0    0    0    0
2016 10 13  9  1  0    0    -3.71   -12.19   -10.32    -432.6     -9.80    -34.26     6.921      37183    0    0    0    0    0
2016 10 13  9  2  0    0    -3.81   -12.19   -10.29    -433.6    -10.38    -34.57     6.873      36414    0    0    0    0    0
2016 10 13  9  3  0    0    -3.92   -12.19   -10.28    -433.8    -10.74    -34.87     6.800      37072    0    0    0    0    0
2016 10 13  9  4  0    0    -3.80   -12.11   -10.36    -433.6     -9.65    -34.83     6.837      37752    0    0    0    0    0
2016 10 13  9  5  0    0    -3.72   -11.97   -10.44    -433.6     -8.80    -33.64     6.900      37752    0    0    0    0    0
2016 10 13  9  6  0    0    -3.77   -11.77   -10.56    -433.5     -9.73    -30.86     6.945      37590    0    0    0    0    0
2016 10 13  9  7  0    0    -3.75   -11.55   -10.66    -433.1    -11.36    -28.32     7.000      35244    0    0    0    0    0
2016 10 13  9  8  0    0    -3.70   -11.09   -10.66    -432.8    -12.67    -28.00     7.083      32184    0    0    0    0    0
2016 10 13  9  9  0    0    -3.66   -10.46   -10.64    -433.1    -13.80    -30.07     7.200      33869    0    0    0    0    0
2016 10 13  9 10  0    0    -3.64   -10.45   -10.70    -433.6    -14.12    -34.13     7.293      36502    0    0    0    0    0
2016 10 13  9 11  0    0    -3.56   -10.56   -10.84    -433.3    -13.55    -35.81     7.612      37407    0    0    0    0    0
2016 10 13  9 12  0    0    -3.51   -10.81   -10.97    -432.8    -11.83    -35.49     7.834      38528    0    0    0    0    0
2016 10 13  9 13  0    0    -3.67   -10.77   -11.72    -432.6    -10.17    -36.24     7.608      38886    0    0    0    0    0
2016 10 13  9 14  0    0    -3.87   -10.19   -12.75    -432.7    -10.28    -38.60     7.247      40875    0    0    0    0    0
2016 10 13  9 15  0    0    -3.87   -10.03   -12.56    -433.1    -10.55    -39.99     7.260      44221    0    0    0    0    0
2016 10 13  9 16  0    0    -3.82   -10.49   -12.18    -433.6    -10.07    -40.44     7.010      41891    0    0    0    0    0
2016 10 13  9 17  0    0    -3.77   -10.69   -11.99    -433.6     -8.82    -39.44     6.721      39202    0    0    0    0    0
2016 10 13  9 18  0    0    -3.78   -10.70   -12.00    -433.8     -7.47    -38.39     6.637      39202    0    0    0    0    0
2016 10 13  9 19  0    0    -3.89   -10.71   -12.10    -434.7     -5.70    -35.88     6.517      36085    0    0    0    0    0
2016 10 13  9 20  0    0    -3.74   -10.81   -11.95    -434.4     -5.06    -35.56     6.552      33536    0    0    0    0    0
2016 10 13  9 21  0    0    -3.47   -11.14   -11.61    -434.0     -4.59    -36.52     6.717      32936    0    0    0    0    0
2016 10 13  9 22  0    0    -3.01   -11.53   -11.41    -434.2     -4.37    -36.85     6.675      32642    0    0    0    0    0
2016 10 13  9 23  0    0    -2.78   -11.66   -11.28    -433.2     -8.43    -38.01     6.809      48004    0    0    0    0    0
2016 10 13  9 24  0    0    -2.68   -11.72   -11.07    -431.3    -13.84    -39.91     7.180      69418    0    0    0    0    0
2016 10 13  9 25  0    0    -1.99   -12.12   -10.98    -431.3    -14.59    -41.24     7.128      68003    0    0    0    0    0
2016 10 13  9 26  0    0    -2.53   -12.89   -10.53    -433.7    -15.38    -39.75     7.020      58153    0    0    0    0    0
2016 10 13  9 27  0    0    -2.58   -12.97   -10.30    -433.4    -13.84    -37.61     6.897      51189    0    0    0    0    0
2016 10 13  9 28  0    0    -2.72   -12.96   -10.52    -434.2    -13.59    -37.00     6.911      46670    0    0    0    0    0
2016 10 13  9 29  0    0    -2.87   -12.91   -10.77    -435.3    -14.13    -36.75     6.929      44375    0    0    0    0    0
2016 10 13  9 30  0    0    -3.06   -12.89   -10.89    -435.3    -13.07    -35.84     6.969      42931    0    0    0    0    0
2016 10 13  9 31  0    0    -3.30   -12.84   -10.98    -435.6    -12.54    -35.25     7.086      42153    0    0    0    0    0
2016 10 13  9 32  0    0    -3.37   -12.80   -10.93    -437.0    -13.58    -35.85     7.080      44519    0    0    0    0    0
2016 10 13  9 33  0    0    -3.47   -12.94   -10.87    -438.5    -17.08    -37.55     6.811      51786    0    0    0    0    0
2016 10 13  9 34  0    0    -3.75   -13.13   -10.87    -438.1    -18.47    -37.66     6.915      51786    0    0    0    0    0
2016 10 13  9 35  0    0    -3.76   -12.57   -11.01    -437.9    -19.14    -37.56     7.041      49513    0    0    0    0    0
2016 10 13  9 36  0    0    -3.75   -12.53   -11.02    -437.7    -19.63    -38.02     6.992      49353    0    0    0    0    0
2016 10 13  9 37  0    0    -3.71   -12.94   -10.55    -437.6    -19.49    -38.64     6.993      49652    0    0    0    0    0
2016 10 13  9 38  0    0    -3.82   -13.28    -9.59    -437.1    -17.40    -41.67     7.042      56041    0    0    0    0    0
2016 10 13  9 39  0    0    -3.84   -13.23    -9.67    -436.1    -17.00    -43.12     7.061      57101    0    0    0    0    0
2016 10 13  9 40  0    0    -3.87   -13.17    -9.77    -436.4    -17.09    -42.80     7.098      54546    0    0    0    0    0
2016 10 13  9 41  0    0    -3.90   -13.27    -9.68    -438.0    -17.67    -41.01     7.324      50626    0    0    0    0    0
2016 10 13  9 42  0    0    -4.04   -13.76    -9.07    -439.7    -16.45    -39.62     7.358      50174    0    0    0    0    0
2016 10 13  9 43  0    0    -4.02   -13.75    -9.23    -439.5    -16.03    -40.08     7.304      48098    0    0    0    0    0
2016 10 13  9 44  0    0    -4.01   -13.70    -9.36    -438.3    -14.72    -39.54     7.092      46615    0    0    0    0    0
2016 10 13  9 45  0    0    -4.18   -13.25   -10.01    -436.9    -12.71    -39.40     6.897      42909    0    0    0    0    0
2016 10 13  9 46  0    0    -4.36   -12.91   -10.52    -435.8    -13.24    -37.75     6.826      40644    0    0    0    0    0
2016 10 13  9 47  0    0    -4.45   -12.81   -10.83    -435.0    -13.51    -37.55     6.832      39506    0    0    0    0    0
2016 10 13  9 48  0    0    -4.49   -12.98   -10.94    -437.2    -12.25    -38.28     6.914      38393    0    0    0    0    0
2016 10 13  9 49  0    0    -4.49   -13.08   -10.95    -437.1    -12.02    -38.40     6.955      38148    0    0    0    0    0
2016 10 13  9 50  0    0    -4.49   -12.92   -11.14    -435.6    -11.81    -38.13     6.940      38127    0    0    0    0    0
2016 10 13  9 51  0    0    -4.43   -12.70   -11.37    -434.1    -11.64    -37.74     6.603      35558    0    0    0    0    0
2016 10 13  9 52  0    0    -4.16   -12.29   -11.65    -433.3    -11.51    -37.25     6.345      33266    0    0    0    0    0
2016 10 13  9 53  0    0    -3.97   -11.92   -11.83    -433.3    -11.92    -36.18     6.587      34788    0    0    0    0    0
2016 10 13  9 54  0    0    -5.68   -11.99   -11.65    -434.1    -12.55    -34.90     6.849      39252    0    0    0    0    0
2016 10 13  9 55  0    0    -7.18   -12.05   -11.55    -434.8    -12.84    -35.00     6.866      41524    0    0    0    0    0
2016 10 13  9 56  0    0    -7.07   -11.98   -11.60    -434.9    -15.07    -36.47     7.105      44180    0    0    0    0    0
2016 10 13  9 57  0    0    -7.00   -11.83   -11.62    -434.5    -16.76    -37.89     7.312      46489    0    0    0    0    0
2016 10 13  9 58  0    0    -7.10   -11.54   -11.68    -434.0    -17.34    -38.78     7.360      50490    0    0    0    0    0
2016 10 13  9 59  0    0    -7.20   -11.34   -11.92    -435.7    -17.34    -39.52     7.374      57952    0    0    0    0    0
2016 10 13 10  0  0    0    -6.91   -11.15   -11.88    -436.2    -17.92    -39.98     7.417      59709    0    0    0    0    0
2016 10 13 10  1  0    0    -6.81   -11.09   -11.96    -434.4    -18.06    -40.76     7.401      56731    0    0    0    0    0
2016 10 13 10  2  0    0    -6.81   -11.09   -12.03    -432.3    -17.98    -41.71     7.352      53726    0    0    0    0    0
2016 10 13 10  3  0    0    -6.84   -11.10   -11.99    -430.9    -17.50    -42.06     7.274      52468    0    0    0    0    0
2016 10 13 10  4  0    0    -6.97   -11.10   -12.05    -433.4    -15.47    -39.39     6.916      53250    0    0    0    0    0
2016 10 13 10  5  0    0    -7.05   -11.08   -11.80    -433.6    -16.92    -39.01     6.602      55805    0    0    0    0    0
2016 10 13 10  6  0    0    -7.27   -11.08   -11.74    -433.1    -18.06    -39.01     6.762      58463    0    0    0    0    0
2016 10 13 10  7  0    0    -7.48   -11.07   -11.73    -432.0    -17.47    -39.88     7.158      59764    0    0    0    0    0
2016 10 13 10  8  0    0    -7.43   -11.04   -11.72    -431.3    -15.88    -40.87     7.559      59764    0    0    0    0    0
2016 10 13 10  9  0    0    -7.21   -11.00   -11.72    -431.0    -15.53    -42.10     7.601      60323    0    0    0    0    0
2016 10 13 10 10  0    0    -7.08   -10.92   -11.72    -429.9    -14.36    -43.70     7.647      62931    0    0    0    0    0
2016 10 13 10 11  0    0    -7.00   -10.88   -11.76    -428.3    -12.87    -44.82     7.597      62931    0    0    0    0    0
2016 10 13 10 12  0    0    -6.58   -10.75   -12.19    -430.1    -11.70    -43.69     7.686      61993    0    0    0    1    1
2016 10 13 10 13  0    0    -6.02   -10.75   -12.19    -429.9    -12.76    -42.69     7.746      62145    0    0    0    1    1
2016 10 13 10 14  0    0    -6.02   -10.79   -12.17    -428.1    -16.09    -42.24     7.732      64426    0    0    0    1    1
2016 10 13 10 15  0    0    -5.81   -10.96   -12.17    -427.4    -16.70    -41.59     7.667      65613    0    0    0    1    1
2016 10 13 10 16  0    0    -5.76   -11.01   -12.25    -427.0    -15.81    -42.17     7.598      66600    0    0    0    0    0
2016 10 13 10 17  0    0    -6.01   -10.78   -12.40    -425.3    -17.51    -42.04     7.579      69705    0    0    0    0    0
2016 10 13 10 18  0    0    -6.25   -10.39   -12.65    -423.9    -19.41    -41.70     7.673      72678    0    0    0    0    0
2016 10 13 10 19  0    0    -6.39   -10.08   -12.91    -424.1    -19.19    -41.53     7.742      73461    0    0    0    0    0
2016 10 13 10 20  0    0    -6.50   -10.22   -12.89    -424.1    -18.39    -41.26     7.615      72828    0    0    0    0    0
2016 10 13 10 21  0    0    -6.40   -10.47   -12.80    -424.3    -17.90    -41.28     7.615      70713    0    0    0    0    0
2016 10 13 10 22  0    0    -6.20   -10.48   -12.96    -425.0    -16.90    -41.38     7.590      68339    0    0    0    0    0
2016 10 13 10 23  0    0    -5.91   -10.46   -13.15    -426.1    -16.23    -41.77     7.540      67595    0    0    0    0    0
2016 10 13 10 24  0    0    -5.41   -10.45   -13.16    -426.1    -16.14    -42.62     7.476      67595    0    0    0    0    0
2016 10 13 10 25  0    0    -5.15   -10.55   -13.10    -425.9    -16.12    -43.61     7.363      65389    0    0    0    0    0
2016 10 13 10 26  0    0    -5.36   -10.61   -13.06    -425.7    -16.26    -44.56     7.321      64018    0    0    0    0    0
2016 10 13 10 27  0    0    -5.51   -10.46   -13.09    -424.3    -16.30    -45.12     7.385      64576    0    0    0    0    0
2016 10 13 10 28  0    0    -5.45   -10.25   -13.17    -422.6    -15.67    -45.30     7.580      65330    0    0    0    0    0
2016 10 13 10 29  0    0    -5.11   -10.34   -13.29    -422.6    -13.54    -45.24     8.034      65097    0    0    0    0    0
2016 10 13 10 30  0    0    -4.63   -10.69   -13.28    -424.2    -13.15    -45.99     8.154      64311    0    0    0    0    0
2016 10 13 10 31  0    0    -4.79   -10.83   -13.10    -425.8    -11.36    -47.21     8.154      65188    0    0    0    0    0
2016 10 13 10 32  0    0    -4.91   -10.87   -12.80    -426.6     -9.15    -47.28     8.116      65783    0    0    0    0    0
2016 10 13 10 33  0    0    -5.07   -10.87   -12.71    -427.0    -10.29    -47.14     8.064      64640    0    0    0    0    0
2016 10 13 10 34  0    0    -5.03   -11.01   -12.86    -427.1    -10.97    -45.18     7.826      62190    0    0    0    0    0
2016 10 13 10 35  0    0    -4.98   -11.18   -12.77    -426.7    -11.19    -45.15     7.388      58990    0    0    0    0    0
2016 10 13 10 36  0    0    -4.71   -11.22   -12.72    -426.2    -13.28    -47.67     7.136      57437    0    0    0    0    0
2016 10 13 10 37  0    0    -4.55   -10.98   -12.97    -425.4    -14.74    -48.98     7.083      56818    0    0    0    0    0
2016 10 13 10 38  0    0    -4.66   -10.80   -13.16    -424.4    -15.30    -48.21     7.166      56133    0    0    0    0    0
2016 10 13 10 39  0    0    -4.78   -10.83   -13.06    -423.8    -16.04    -47.04     7.315      55648    0    0    0    0    0
2016 10 13 10 40  0    0    -4.66   -11.38   -12.81    -424.9    -17.06    -46.80     7.444      55237    0    0    0    0    0
2016 10 13 10 41  0    0    -4.70   -11.85   -12.73    -426.2    -17.52    -48.01     7.515      51866    0    0    0    0    0
2016 10 13 10 42  0    0    -5.17   -11.56   -12.80    -426.3    -17.58    -47.93     7.522      47122    0    0    0    0    0
2016 10 13 10 43  0    0    -5.38   -11.43   -12.83    -426.1    -17.35    -44.95     7.533      44879    0    0    0    0    0
2016 10 13 10 44  0    0    -5.33   -11.51   -12.99    -425.2    -17.46    -41.59     7.246      43996    0    0    0    0    0
2016 10 13 10 45  0    0    -5.29   -11.58   -13.14    -425.1    -15.12    -39.96     7.024      42468    0    0    0    0    0
2016 10 13 10 46  0    0    -5.67   -11.19   -13.14    -425.4    -12.78    -40.05     7.065      41459    0    0    0    0    0
2016 10 13 10 47  0    0    -6.23   -10.81   -13.13    -425.4    -12.71    -40.27     7.066      41567    0    0    0    0    0
2016 10 13 10 48  0    0    -6.47   -10.60   -13.21    -425.3    -12.93    -40.35     7.046      41659    0    0    0    0    0
2016 10 13 10 49  0    0    -6.50   -10.46   -13.29    -425.1    -13.58    -40.29     7.028      41245    0    0    0    0    0
2016 10 13 10 50  0    0    -6.52   -10.48   -13.22    -424.8    -13.65    -39.32     7.139      39419    0    0    0    0    0
2016 10 13 10 51  0    0    -6.54   -10.50   -13.12    -423.9    -15.53    -38.10     7.256      37854    0    0    0    0    0
2016 10 13 10 52  0    0    -6.43   -10.53   -13.05    -422.5    -18.70    -36.85     7.294      37725    0    0    0    0    0
2016 10 13 10 53  0    0    -6.11   -10.66   -12.98    -421.9    -16.82    -33.74     7.424      37809    0    0    0    0    0
2016 10 13 10 54  0    0    -6.10   -10.64   -13.02    -421.5    -11.82    -34.68     7.414      38325    0    0    0    0    0
2016 10 13 10 55  0    0    -6.13   -10.25   -13.33    -422.0    -11.15    -41.08     7.292      38519    0    0    0    0    0
2016 10 13 10 56  0    0    -6.14   -10.19   -13.34    -421.4    -10.32    -42.62     7.232      39189    0    0    0    0    0
2016 10 13 10 57  0    0    -6.12   -10.29   -13.33    -421.8    -10.25    -42.42     7.264      39626    0    0    0    0    0
2016 10 13 10 58  0    0    -6.00   -10.49   -13.29    -422.0    -10.19    -40.35     7.536      39978    0    0    0    0    0
2016 10 13 10 59  0    0    -5.96   -10.56   -13.18    -423.7     -8.57    -41.25     7.661      39978    0    0    0    0    0
2016 10 13 11  0  0    0    -6.00   -10.64   -13.04    -425.3     -4.85    -44.91     7.423      41782    0    0    0    0    0
2016 10 13 11  1  0    0    -6.05   -10.49   -13.21    -426.1     -2.51    -47.26     7.237      45614    0    0    0    0    0
2016 10 13 11  2  0    0    -6.08   -10.18   -13.43    -426.3     -4.28    -45.83     7.070      49881    0    0    0    0    0
2016 10 13 11  3  0    0    -6.09   -10.07   -13.45    -426.7    -15.76    -40.80     6.872      60668    0    0    0    0    0
2016 10 13 11  4  0    0    -5.98   -10.10   -13.51    -427.1    -21.03    -38.48     6.634      64595    0    0    0    0    0
2016 10 13 11  5  0    0    -6.10   -10.56   -13.54    -426.5    -22.05    -38.28     6.375      58127    0    0    0    0    0
2016 10 13 11  6  0    0    -6.18   -10.78   -13.43    -424.3    -24.31    -37.15     6.178      55033    0    0    0    0    0
2016 10 13 11  7  0    0    -6.16   -10.83   -13.20    -421.5    -26.95    -35.53     6.118      55129    0    0    0    0    0
2016 10 13 11  8  0    0    -6.02   -11.27   -12.64    -420.0    -26.87    -34.88     6.826      55947    0    0    0    0    0
2016 10 13 11  9  0    0    -5.96   -11.31   -12.59    -420.0    -23.88    -33.49     6.730      56015    0    0    0    0    0
2016 10 13 11 10  0    0    -5.91   -11.28   -12.60    -421.5    -20.53    -36.72     6.536      52027    0    0    0    0    0
2016 10 13 11 11  0    0    -5.79   -11.06   -12.72    -421.7    -20.85    -38.33     6.360      52195    0    0    0    0    0
2016 10 13 11 12  0    0    -5.80   -11.02   -12.84    -420.8    -18.88    -40.02     6.194      53278    0    0    0    0    0
2016 10 13 11 13  0    0    -6.08   -10.48   -13.11    -420.0    -20.35    -43.24     6.019      53278    0    0    0    0    0
2016 10 13 11 14  0    0    -5.64   -10.55   -13.18    -417.4    -20.51    -38.51     5.892      52090    0    0    0    0    0
2016 10 13 11 15  0    0    -5.20   -10.91   -13.27    -415.3    -21.25    -34.63     5.754      51347    0    0    0    0    0
2016 10 13 11 16  0    0    -4.88   -11.51   -13.43    -414.4    -23.27    -32.66     5.587      51347    0    0    0    0    0
2016 10 13 11 17  0    0    -4.78   -11.69   -13.62    -413.8    -25.76    -31.25     5.408      51347    0    0    0    0    0
2016 10 13 11 18  0    0    -4.79   -11.67   -13.69    -412.3    -26.96    -32.44     5.250      51367    0    0    0    0    0
2016 10 13 11 19  0    0    -4.77   -11.50   -13.78    -410.2    -29.01    -33.18     5.111      52557    0    0    0    0    0
2016 10 13 11 20  0    0    -4.69   -11.21   -14.05    -409.3    -30.13    -33.56     4.945      54787    0    0    0    0    0
2016 10 13 11 21  0    0    -4.65   -10.96   -14.26    -408.7    -30.21    -31.82     4.771      55841    0    0    0    0    0
2016 10 13 11 22  0    0    -4.75   -10.84   -14.33    -407.9    -28.96    -29.98     4.630      50926    0    0    0    0    0
2016 10 13 11 23  0    0    -4.98   -10.61   -14.43    -407.7    -28.16    -28.64     4.523      44592    0    0    0    0    0
2016 10 13 11 24  0    0    -5.35    -9.49   -14.63    -412.3    -31.26    -25.90     4.394      44026    0    0    0    0    0
2016 10 13 11 25  0    0    -5.45    -8.70   -14.64    -413.2    -33.97    -30.08     4.305      76355    0    0    0    0    0
2016 10 13 11 26  0    0    -5.45    -8.68   -14.68    -410.6    -33.11    -35.31     4.252      76355    0    0    0    0    0
2016 10 13 11 27  0    0    -5.60    -8.82   -14.85    -407.9    -32.63    -35.67     4.186      71545    0    0    0    0    0
2016 10 13 11 28  0    0    -5.80    -9.00   -15.10    -405.6    -31.40    -33.40     4.111      65489    0    0    0    0    0
2016 10 13 11 29  0    0    -5.88    -9.09   -15.38    -405.3    -26.77    -29.03     4.015      62972    0    0    0    0    0
2016 10 13 11 30  0    0    -5.84    -9.08   -15.31    -408.2    -24.83    -29.60     3.121      59701    0    0    0    0    0
2016 10 13 11 31  0    0    -5.75    -8.99   -15.53    -411.6    -21.90    -34.82     2.434      51520    0    0    0    0    0
2016 10 13 11 32  0    0    -5.77    -7.82   -15.86    -414.0    -16.91    -36.01     2.603      48679    0    0    0    0    0
2016 10 13 11 33  0    0    -5.63    -7.69   -16.06    -413.5    -16.77    -34.26     2.740      48679    0    0    0    0    0
2016 10 13 11 34  0    0    -5.63    -7.90   -16.00    -412.9    -19.45    -32.94     2.897      48514    0    0    0    0    0
2016 10 13 11 35  0    0    -5.63    -9.11   -15.39    -411.9    -20.93    -31.92     3.077      46868    0    0    0    0    0
2016 10 13 11 36  0    0    -5.43    -9.72   -14.92    -412.9    -23.03    -37.58     3.285      46864    0    0    0    0    0
2016 10 13 11 37  0    0    -5.42    -9.28   -15.08    -415.1    -26.54    -47.88     3.360      50394    0    0    0    0    0
2016 10 13 11 38  0    0    -5.54    -8.73   -15.41    -416.7    -27.15    -52.23     3.394      56126    0    0    0    0    0
2016 10 13 11 39  0    0    -5.61    -8.51   -15.50    -418.1    -26.51    -53.02     3.375      56278    0    0    0    0    0
2016 10 13 11 40  0    0    -5.61    -8.44   -15.80    -418.4    -26.31    -53.08     3.249      56278    0    0    0    0    0
2016 10 13 11 41  0    0    -5.35    -8.14   -16.02    -418.2    -26.17    -52.09     3.063      54518    0    0    0    0    0
2016 10 13 11 42  0    0    -5.24    -7.69   -16.24    -417.1    -24.28    -50.97     2.853      53799    0    0    0    0    0
2016 10 13 11 43  0    0    -5.23    -7.47   -16.42    -415.6    -22.15    -47.10     2.682      53799    0    0    0    0    0
2016 10 13 11 44  0    0    -5.21    -7.59   -16.39    -414.0    -21.08    -41.11     2.539      54667    0    0    0    0    0
2016 10 13 11 45  0    0    -5.14    -7.86   -16.05    -412.3    -21.35    -36.90     2.345      57683    0    0    0    0    0
2016 10 13 11 46  0    0    -5.19    -7.97   -15.77    -411.6    -18.28    -34.00     2.104      57683    0    0    0    0    0
2016 10 13 11 47  0    0    -5.47    -7.98   -15.74    -411.9    -12.29    -34.48     1.847      51013    0    0    0    0    0
2016 10 13 11 48  0    0    -5.33    -6.67   -17.21    -414.4     -7.86    -40.26     1.669      44625    0    0    0    0    0
2016 10 13 11 49  0    0    -5.22    -6.09   -17.44    -414.3     -6.41    -39.62     1.547      37763    0    0    0    0    0
2016 10 13 11 50  0    0    -5.07    -5.70   -17.51    -411.7     -6.59    -35.41     1.477      33388    0    0    0    0    0
2016 10 13 11 51  0    0    -5.05    -5.60   -17.55    -409.8     -3.21    -30.78     1.430      29369    0    0    0    0    0
2016 10 13 11 52  0    0    -4.93    -5.60   -17.59    -409.1     -1.32    -28.25     1.398      24100    0    0    0    0    0
2016 10 13 11 53  0    0    -4.85    -5.61   -17.63    -408.9     -2.88    -29.42     1.379      21694    0    0    0    0    0
2016 10 13 11 54  0    0    -4.85    -5.61   -17.68    -409.9     -4.09    -31.16     1.368      22728    0    0    0    0    0
2016 10 13 11 55  0    0    -4.82    -5.73   -17.79    -410.4     -2.74    -31.77     1.172      23112    0    0    0    0    0
2016 10 13 11 56  0    0    -4.70    -5.89   -17.81    -409.8     -2.13    -31.10     1.176      23112    0    0    0    0    0
2016 10 13 11 57  0    0    -4.63    -5.95   -17.79    -410.3     -0.64    -31.46     1.204      22850    0    0    0    0    0
2016 10 13 11 58  0    0    -4.65    -5.89   -17.73    -410.1      0.69    -31.75     1.216      22774    0    0    0    0    0
2016 10 13 11 59  0    0    -4.69    -5.79   -17.72    -409.8      0.97    -31.94     1.211      22774    0    0    0    0    0
2016 10 13 12  0  0    0    -4.70    -5.74   -17.78    -409.2     -1.17    -32.25     1.192      23046    0    0    0    0    0
2016 10 13 12  1  0    0    -4.70    -5.77   -17.85    -407.9     -3.83    -32.31     1.133      26276    0    0    0    0    0
2016 10 13 12  2  0    0    -4.71    -5.85   -17.95    -406.5     -6.42    -32.26     1.067      31526    0    0    0    0    0
2016 10 13 12  3  0    0    -4.74    -5.90   -18.05    -405.6     -9.53    -32.23     1.040      35992    0    0    0    0    0
2016 10 13 12  4  0    0    -4.74    -5.89   -18.06    -405.5    -13.38    -31.81     1.042      36307    0    0    0    0    0
2016 10 13 12  5  0    0    -4.74    -5.69   -18.13    -406.8    -16.68    -31.34     1.071      35262    0    0    0    0    0
2016 10 13 12  6  0    0    -4.77    -5.47   -18.23    -408.2    -16.76    -31.18     1.132      32397    0    0    0    0    0
2016 10 13 12  7  0    0    -4.79    -5.49   -18.23    -408.4    -15.85    -31.24     1.171      31585    0    0    0    0    0
2016 10 13 12  8  0    0    -4.70    -5.58   -18.23    -408.5    -14.15    -30.72     1.192      34137    0    0    0    0    0
2016 10 13 12  9  0    0    -4.62    -5.59   -18.27    -409.7    -13.19    -30.07     1.230      36225    0    0    0    0    0
2016 10 13 12 10  0    0    -4.58    -5.30   -18.36    -410.7    -13.94    -28.93     1.275      33117    0    0    0    0    0
2016 10 13 12 11  0    0    -4.45    -4.99   -18.42    -410.7    -16.77    -28.98     1.317      32442    0    0    0    0    0
2016 10 13 12 12  0    0    -4.33    -4.62   -18.45    -410.6    -17.39    -30.40     1.364      35429    0    0    0    0    0
2016 10 13 12 13  0    0    -4.29    -4.45   -18.46    -412.0    -11.13    -29.84     1.423      36161    0    0    0    0    0
2016 10 13 12 14  0    0    -4.29    -4.38   -18.49    -411.4    -10.33    -29.16     1.471      30989    0    0    0    0    0
2016 10 13 12 15  0    0    -4.37    -4.20   -18.55    -409.8    -13.77    -26.32     1.508      30463    0    0    0    0    0
2016 10 13 12 16  0    0    -4.40    -4.06   -18.61    -408.7    -16.47    -25.13     1.538      30609    0    0    0    0    0
2016 10 13 12 17  0    0    -4.40    -4.02   -18.63    -408.5    -17.87    -24.34     1.563      30719    0    0    0    0    0
2016 10 13 12 18  0    0    -4.41    -3.86   -18.62    -410.0    -19.04    -19.95     1.591      24846    0    0    0    0    0
2016 10 13 12 19  0    0    -4.42    -3.66   -18.60    -411.1    -17.41    -18.57     1.623      22600    0    0    0    0    0
2016 10 13 12 20  0    0    -4.49    -3.53   -18.56    -411.7    -13.61    -21.07     1.660      23966    0    0    0    0    0
2016 10 13 12 21  0    0    -4.48    -3.46   -18.63    -412.9     -7.70    -27.85     1.685      31288    0    0    0    0    0
2016 10 13 12 22  0    0    -4.28    -3.45   -18.68    -413.0     -7.57    -27.65     1.732      32489    0    0    0    0    0
2016 10 13 12 23  0    0    -3.89    -3.49   -18.69    -412.8     -8.19    -27.01     1.791      35171    0    0    0    0    0
2016 10 13 12 24  0    0    -4.27    -3.86   -18.43    -411.8     -5.89    -26.88     1.850      41500    0    0    0    0    0
2016 10 13 12 25  0    0    -4.39    -3.98   -18.22    -410.8     -4.87    -23.69     1.923      41817    0    0    0    0    0
2016 10 13 12 26  0    0    -4.54    -4.45   -18.08    -410.6     -7.94    -22.15     2.017      36570    0    0    0    0    0
2016 10 13 12 27  0    0    -4.44    -4.99   -18.11    -410.3     -9.57    -19.58     2.114      35259    0    0    0    0    0
2016 10 13 12 28  0    0    -4.36    -5.11   -18.05    -409.9    -10.37    -18.60     2.209      38942    0    0    0    0    0
2016 10 13 12 29  0    0    -4.40    -5.09   -17.99    -409.8    -10.78    -18.01     2.302      40303    0    0    0    0    0
2016 10 13 12 30  0    0    -4.64    -5.75   -17.62    -410.0    -12.40    -16.00     2.393      39437    0    0    0    0    0
2016 10 13 12 31  0    0    -4.90    -7.74   -16.79    -410.0    -14.26    -11.60     2.470      38319    0    0    0    0    0
2016 10 13 12 32  0    0    -5.07    -8.94   -16.19    -409.9    -16.31     -9.33     2.338      38033    0    0    0    0    0
2016 10 13 12 33  0    0    -5.11    -9.18   -16.03    -409.7    -18.05    -10.67     2.265      38495    0    0    0    0    0
2016 10 13 12 34  0    0    -5.02    -9.18   -16.01    -409.0    -16.95    -12.89     2.275      42458    0    0    0    0    0
2016 10 13 12 35  0    0    -4.74    -9.20   -15.99    -408.5    -15.24    -14.84     2.304      48154    0    0    0    0    0
2016 10 13 12 36  0    0    -4.49    -9.22   -15.93    -407.6    -13.29    -16.65     2.366      53498    0    0    0    0    0
2016 10 13 12 37  0    0    -4.59    -9.33   -15.72    -407.4    -10.38    -17.93     2.508      60129    0    0    0    0    0
2016 10 13 12 38  0    0    -5.16    -9.51   -15.48    -412.5     -9.14    -18.86     2.868      64730    0    0    0    0    0
2016 10 13 12 39  0    0    -4.82    -9.40   -15.33    -414.7    -13.72    -21.61     3.171      63967    0    0    0    0    0
2016 10 13 12 40  0    0    -4.59    -9.27   -15.24    -413.3    -16.96    -22.05     3.350      65657    0    0    0    0    0
2016 10 13 12 41  0    0    -4.62    -9.29   -15.28    -413.3    -22.17    -22.28     3.523      76636    0    0    0    0    0
2016 10 13 12 42  0    0    -4.88   -10.47   -14.83    -413.8    -22.23    -24.70     3.792      76636    0    0    0    0    0
2016 10 13 12 43  0    0    -5.15   -10.68   -14.44    -415.5    -17.48    -29.76     4.252      79545    0    0    0    0    0
2016 10 13 12 44  0    0    -5.08   -11.01   -14.29    -415.6    -13.73    -31.74     4.069      85516    0    0    0    0    0
2016 10 13 12 45  0    0    -4.88   -11.53   -14.05    -415.6    -13.04    -29.67     3.680      87677    0    0    0    0    0
2016 10 13 12 46  0    0    -4.59   -11.73   -13.83    -415.2    -15.72    -26.32     3.310      87677    0    0    0    0    0
2016 10 13 12 47  0    0    -4.32   -11.33   -14.11    -414.8    -17.78    -25.92     3.249      87677    0    0    0    0    0
2016 10 13 12 48  0    0    -4.81    -7.72   -16.20    -415.1    -14.66    -27.38     3.089     100557    0    0    0    0    0
2016 10 13 12 49  0    0    -5.75    -3.37   -17.77    -414.7     -7.59    -30.11     2.730     128561    0    0    0    0    0
2016 10 13 12 50  0    0    -5.68    -3.05   -17.81    -414.2     -6.76    -29.36     2.521     136527    0    0    0    0    0
2016 10 13 12 51  0    0    -5.48    -2.80   -17.89    -412.8     -7.45    -26.22     2.380     134901    0    0    0    0    0
2016 10 13 12 52  0    0    -5.48    -3.18   -17.89    -411.3     -4.21    -24.04     2.256     115390    0    0    0    0    0
2016 10 13 12 53  0    0    -5.60    -3.89   -17.90    -410.4      1.43    -21.73     2.099      94157    0    0    0    0    0
2016 10 13 12 54  0    0    -5.86    -4.28   -17.94    -410.0      5.56    -18.78     1.945      88783    0    0    0    0    0
2016 10 13 12 55  0    0    -5.98    -4.46   -17.92    -408.3      6.91    -16.96     1.889      88705    0    0    0    0    0
2016 10 13 12 56  0    0    -6.03    -4.57   -17.88    -406.5      7.54    -15.48     1.848      88635    0    0    0    0    0
2016 10 13 12 57  0    0    -6.03    -4.66   -17.86    -405.2      8.28    -13.91     1.780      88371    0    0    0    0    0
2016 10 13 12 58  0    0    -5.91    -4.81   -17.88    -404.6      8.19    -13.71     1.806      86731    0    0    0    0    0
2016 10 13 12 59  0    0    -5.55    -5.05   -17.81    -404.5      8.68    -13.25     1.858      86652    0    0    0    0    0
2016 10 13 13  0  0    0    -5.55    -5.22   -17.78    -404.4      9.53    -13.22     1.865      85050    0    0    0    0    0
2016 10 13 13  1  0    0    -5.59    -5.38   -17.69    -404.6      9.28    -13.26     1.914      82928    0    0    0    0    0
2016 10 13 13  2  0    0    -5.62    -5.62   -17.63    -405.0      9.85    -13.06     1.965      82571    0    0    0    0    0
2016 10 13 13  3  0    0    -5.64    -5.48   -17.69    -405.7      9.36    -13.06     1.995      79386    0    0    0    0    0
2016 10 13 13  4  0    0    -5.30    -4.56   -18.02    -405.1      7.76    -13.42     1.995      75662    0    0    0    0    0
2016 10 13 13  5  0    0    -5.15    -4.54   -18.07    -402.8      7.69    -13.71     1.971      72622    0    0    0    0    0
2016 10 13 13  6  0    0    -5.10    -4.62   -18.20    -402.4     10.96    -14.26     1.915      71963    0    0    0    0    0
2016 10 13 13  7  0    0    -5.02    -4.88   -18.20    -402.6     12.55    -15.19     1.898      76142    0    0    0    0    0
2016 10 13 13  8  0    0    -4.86    -4.95   -18.18    -401.2     12.79    -17.04     1.925      77120    0    0    0    0    0
2016 10 13 13  9  0    0    -4.95    -4.96   -18.18    -400.3     12.71    -18.32     1.963      77120    0    0    0    0    0
2016 10 13 13 10  0    0    -5.27    -5.05   -18.08    -402.0     12.03    -19.43     2.021      74982    0    0    0    0    0
2016 10 13 13 11  0    0    -5.27    -5.28   -18.06    -408.6      7.54    -20.52     1.962      74987    0    0    0    0    0
2016 10 13 13 12  0    0    -5.09    -5.25   -18.11    -409.1      6.88    -19.67     1.944      97815    0    0    0    0    0
2016 10 13 13 13  0    0    -5.03    -5.19   -18.14    -409.4      8.18    -18.55     1.999     111116    0    0    0    0    0
2016 10 13 13 14  0    0    -5.06    -5.22   -18.04    -409.8      8.99    -16.86     2.021     110659    0    0    0    0    0
2016 10 13 13 15  0    0    -5.12    -5.26   -18.06    -409.5      9.02    -16.92     2.090     107495    0    0    0    0    0
2016 10 13 13 16  0    0    -5.23    -5.14   -18.12    -408.5      8.66    -17.56     2.135     105979    0    0    0    0    0
2016 10 13 13 17  0    0    -5.30    -4.97   -18.15    -407.2      9.33    -18.40     2.154     109691    0    0    0    0    0
2016 10 13 13 18  0    0    -5.30    -4.87   -18.17    -406.3     10.76    -19.66     2.174     117045    0    0    0    0    0
2016 10 13 13 19  0    0    -5.29    -4.79   -18.21    -407.8      9.32    -20.20     2.164     121402    0    0    0    0    0
2016 10 13 13 20  0    0    -5.27    -4.50   -18.33    -409.2      7.95    -19.57     2.114     120260    0    0    0    0    0
2016 10 13 13 21  0    0    -5.27    -4.18   -18.38    -407.9      9.51    -19.28     2.084     117877    0    0    0    0    0
2016 10 13 13 22  0    0    -5.26    -3.93   -18.44    -406.1     11.24    -18.72     2.063     115444    0    0    0    0    0
2016 10 13 13 23  0    0    -5.23    -3.79   -18.60    -405.0     11.89    -17.74     2.037     113778    0    0    0    0    0
2016 10 13 13 24  0    0    -5.08    -3.69   -18.67    -404.8     11.72    -17.94     2.030     114373    0    0    0    0    0
2016 10 13 13 25  0    0    -4.84    -3.51   -18.65    -405.7     10.72    -18.29     2.060     120322    0    0    0    0    0
2016 10 13 13 26  0    0    -4.74    -3.73   -18.56    -406.9      9.84    -19.15     2.079     119099    0    1    1    1    1
2016 10 13 13 27  0    0    -4.63    -3.92   -18.59    -407.2     10.44    -20.24     2.125     115427    0    1    1    1    1
2016 10 13 13 28  0    0    -4.57    -3.75   -18.62    -407.2     11.33    -21.87     2.190     111857    0    1    1    1    1
2016 10 13 13 29  0    0    -4.52    -3.56   -18.69    -407.1     12.20    -24.05     2.238     109696    0    1    1    1    1
2016 10 13 13 30  0    0    -4.68    -3.25   -18.75    -407.4     12.07    -23.19     2.250     120233    0    1    1    1    1
2016 10 13 13 31  0    0    -5.13    -3.01   -18.73    -407.4     12.20    -20.68     2.205     135809    0    0    0    0    0
2016 10 13 13 32  0    0    -4.89    -2.46   -18.94    -406.4     15.81    -19.56     2.242     130402    0    0    0    0    0
2016 10 13 13 33  0    0    -4.59    -2.09   -19.06    -404.6     18.58    -19.16     2.261     116507    0    0    0    0    0
2016 10 13 13 34  0    0    -4.29    -1.68   -19.08    -403.6     21.36    -19.48     2.418     114531    0    0    0    0    0
2016 10 13 13 35  0    0    -4.41    -1.64   -19.16    -404.2     22.86    -20.79     2.550     114366    0    0    0    0    0
2016 10 13 13 36  0    0    -4.47    -1.06   -19.19    -406.1     21.93    -25.33     2.516     114323    0    0    0    0    0
2016 10 13 13 37  0    0    -4.38    -1.12   -19.22    -406.3     17.32    -24.19     2.361     111533    0    0    0    0    0
2016 10 13 13 38  0    0    -4.17    -1.12   -19.22    -406.5     13.42    -18.48     2.121     104435    0    0    0    0    0
2016 10 13 13 39  0    0    -4.35    -1.69   -19.16    -408.6     10.04    -14.40     1.994     106127    0    0    0    0    0
2016 10 13 13 40  0    0    -4.42    -2.37   -19.15    -408.7     10.34    -13.57     2.005     107832    0    0    0    1    1
2016 10 13 13 41  0    0    -4.09    -2.17   -19.24    -408.8     10.78    -12.67     2.017     108084    0    0    0    1    1
2016 10 13 13 42  0    0    -4.02    -1.76   -19.30    -409.5     10.62    -11.84     2.029     109375    0    0    0    1    1
2016 10 13 13 43  0    0    -4.02    -1.68   -19.31    -409.8     10.14    -11.98     2.047     110020    0    0    0    1    1
2016 10 13 13 44  0    0    -4.12    -1.48   -19.32    -408.6     11.66    -13.25     2.067     109646    0    0    0    0    0
2016 10 13 13 45  0    0    -4.22    -0.96   -19.38    -407.5     12.21    -13.75     2.106      99009    0    0    0    0    0
2016 10 13 13 46  0    0    -4.15    -0.23   -19.50    -407.9     10.97    -12.66     2.130      82429    0    0    0    0    0
2016 10 13 13 47  0    0    -3.97     0.40   -19.54    -408.5     10.76    -11.84     2.118      78943    0    0    0    0    0
2016 10 13 13 48  0    0    -3.56     0.78   -19.64    -411.7      8.07    -13.68     2.042      72615    0    0    0    0    0
2016 10 13 13 49  0    0    -3.54     0.81   -19.65    -411.1      5.49    -13.81     2.024      64688    0    0    0    0    0
2016 10 13 13 50  0    0    -3.56     0.78   -19.66    -409.2      3.75    -13.20     2.014      59518    0    0    0    0    0
2016 10 13 13 51  0    0    -3.66     0.58   -19.64    -407.5      4.27    -12.82     1.979      57248    0    0    0    0    0
2016 10 13 13 52  0    0    -3.84     0.23   -19.60    -406.6      7.17    -12.83     1.929      57248    0    0    0    0    0
2016 10 13 13 53  0    0    -3.98    -0.10   -19.55    -406.5      9.44    -12.81     1.941      57248    0    0    0    0    0
2016 10 13 13 54  0    0    -4.04    -0.25   -19.51    -405.7      8.26    -12.54     2.012      57724    0    0    0    0    0
2016 10 13 13 55  0    0    -4.13    -0.25   -19.51    -403.5      6.99    -12.59     2.030      59511    0    0    0    0    0
2016 10 13 13 56  0    0    -4.25     0.63   -19.51    -403.3      7.09    -12.06     2.036      67909    0    0    0    0    0
2016 10 13 13 57  0    0    -4.30     0.73   -19.55    -403.6      7.28    -11.73     2.034      72521    0    0    0    0    0
2016 10 13 13 58  0    0    -4.31    -0.07   -19.55    -403.7     10.68    -13.71     1.827      72795    0    0    0    0    0
2016 10 13 13 59  0    0    -4.08    -0.42   -19.52    -404.7     10.65    -13.89     1.854      69491    0    0    0    0    0
2016 10 13 14  0  0    0    -4.48    -1.09   -19.40    -406.9      5.19    -10.77     1.908      70420    0    0    0    0    0
2016 10 13 14  1  0    0    -4.61    -1.43   -19.34    -407.6      2.43    -10.51     1.907      73512    0    0    0    0    0
2016 10 13 14  2  0    0    -4.68    -1.21   -19.32    -406.7      3.40    -10.87     1.918      75328    0    0    0    0    0
2016 10 13 14  3  0    0    -4.76    -1.08   -19.29    -404.5      6.56    -11.48     1.960      74784    0    0    0    0    0
2016 10 13 14  4  0    0    -4.79    -1.08   -19.28    -402.6      9.52    -11.67     1.952      66622    0    0    0    0    0
2016 10 13 14  5  0    0    -4.60    -0.81   -19.43    -401.8     11.41    -11.25     1.962      64582    0    0    0    0    0
2016 10 13 14  6  0    0    -4.41    -0.35   -19.56    -401.7     12.19     -9.24     1.869      61438    0    0    0    0    0
2016 10 13 14  7  0    0    -4.45    -0.11   -19.58    -401.4     11.24     -8.04     1.760      60057    0    0    0    0    0
2016 10 13 14  8  0    0    -4.63    -0.07   -19.54    -401.4      6.97     -7.81     1.721      61235    0    0    0    0    0
2016 10 13 14  9  0    0    -4.77    -0.44   -19.47    -401.3      5.44     -8.22     1.725      65872    0    0    0    0    0
2016 10 13 14 10  0    0    -4.83    -0.72   -19.46    -402.2      7.00     -9.14     1.811      68731    0    0    0    0    0
2016 10 13 14 11  0    0    -4.58    -0.75   -19.49    -403.8      7.76     -9.12     1.848      68936    0    0    0    0    0
2016 10 13 14 12  0    0    -4.45    -0.75   -19.50    -404.1      8.35     -8.87     1.826      66658    0    0    0    0    0
2016 10 13 14 13  0    0    -4.42    -0.82   -19.50    -404.1      8.36     -7.32     1.825      66658    0    0    0    0    0
2016 10 13 14 14  0    0    -4.34    -0.82   -19.52    -403.0      7.32     -7.12     1.849      78982    0    0    0    0    0
2016 10 13 14 15  0    0    -4.30    -0.74   -19.57    -402.7      7.13     -7.45     1.875      83196    0    0    0    0    0
2016 10 13 14 16  0    0    -4.28    -0.73   -19.60    -402.6      7.66     -7.74     1.868      83671    0    0    0    0    0
2016 10 13 14 17  0    0    -4.32    -0.78   -19.60    -403.1      7.96     -8.05     1.859      72865    0    0    0    0    0
2016 10 13 14 18  0    0    -4.37    -0.99   -19.51    -403.2      7.38     -8.33     1.851      70020    0    0    0    0    0
2016 10 13 14 19  0    0    -4.40    -1.07   -19.57    -401.9      7.56     -8.07     1.820      69348    0    0    0    0    0
2016 10 13 14 20  0    0    -4.50    -1.75   -19.51    -401.6      7.89     -7.14     1.792      66759    0    0    0    0    0
2016 10 13 14 21  0    0    -4.48    -1.03   -19.55    -402.3      5.52     -6.20     1.768      64820    0    0    0    0    0
2016 10 13 14 22  0    0    -4.46     0.02   -19.60    -402.8      2.23     -5.96     1.738      57273    0    0    0    0    0
2016 10 13 14 23  0    0    -4.32     0.22   -19.60    -403.9      1.25     -5.84     1.717      53842    0    0    0    0    0
2016 10 13 14 24  0    0    -4.16     0.26   -19.60    -405.1      2.11     -5.38     1.720      54265    0    0    0    0    0
2016 10 13 14 25  0    0    -4.13    -0.30   -19.66    -405.4      1.01     -5.37     1.757      58191    0    0    0    0    0
2016 10 13 14 26  0    0    -4.11    -0.54   -19.66    -405.1      0.82     -5.80     1.770      61593    0    0    0    0    0
2016 10 13 14 27  0    0    -4.14    -0.72   -19.70    -404.7     -0.05     -6.94     1.717      62912    0    0    0    0    0
2016 10 13 14 28  0    0    -4.15    -0.51   -19.64    -404.7     -0.21     -7.74     1.706      62912    0    0    0    0    0
2016 10 13 14 29  0    0    -4.15    -0.51   -19.70    -403.6      0.74     -7.36     1.708      62912    0    0    0    0    0
2016 10 13 14 30  0    0    -4.06    -0.44   -19.64    -402.8      2.76     -6.47     1.707      67506    0    0    0    0    0
2016 10 13 14 31  0    0    -3.97    -0.43   -19.63    -402.4      3.69     -5.31     1.706      69110    0    0    0    1    1
2016 10 13 14 32  0    0    -4.02    -0.37   -19.62    -402.3      3.94     -3.86     1.707      69311    0    0    0    1    1
2016 10 13 14 33  0    0    -4.14    -0.31   -19.57    -402.3      4.70     -4.10     1.708      69277    0    0    0    1    1
2016 10 13 14 34  0    0    -4.33    -0.42   -19.56    -401.1      6.03     -5.23     1.708      69239    0    0    0    1    1
2016 10 13 14 35  0    0    -4.44    -0.53   -19.64    -400.1      8.94     -6.51     1.704      69200    0    0    0    1    1
2016 10 13 14 36  0    0    -4.34    -0.61   -19.78    -399.7     11.27     -7.27     1.694      69158    0    0    0    1    1
2016 10 13 14 37  0    0    -4.06    -0.51   -19.93    -400.3      6.69     -6.77     1.680      69109    0    0    0    1    1
2016 10 13 14 38  0    0    -3.73    -0.28   -20.02    -401.2      2.17     -6.35     1.675      69060    0    0    0    1    1
2016 10 13 14 39  0    0    -3.66    -0.15   -20.00    -402.1      1.24     -5.25     1.673      69009    0    0    0    1    1
2016 10 13 14 40  0    0    -3.72     0.05   -19.99    -402.4      2.69     -4.45     1.674      68963    0    0    0    1    1
2016 10 13 14 41  0    0    -3.86     0.17   -19.99    -402.6      1.57     -4.19     1.675      68917    0    0    0    1    1
2016 10 13 14 42  0    0    -3.89     0.19   -20.00    -400.9      3.22     -3.97     1.678      68882    0    0    0    1    1
2016 10 13 14 43  0    0    -3.94     0.21   -20.00    -399.6      4.73     -3.82     1.681      68846    0    0    0    1    1
2016 10 13 14 44  0    0    -3.98     0.29   -19.99    -398.9      4.86     -3.96     1.675      68806    0    0    0    1    1
2016 10 13 14 45  0    0    -4.00     0.44   -19.99    -397.6      4.77     -4.40     1.658      68769    0    0    0    1    1
2016 10 13 14 46  0    0    -4.12     0.63   -19.97    -397.1      4.31     -4.90     1.634      68727    0    0    0    1    1
2016 10 13 14 47  0    0    -4.19     0.66   -19.92    -397.0      4.23     -4.83     1.627      68683    0    0    0    1    1
2016 10 13 14 48  0    0    -4.28     0.24   -19.90    -398.1      4.79     -3.27     1.664      68632    0    0    0    1    1
2016 10 13 14 49  0    0    -4.52     0.01   -19.86    -398.9      5.71     -3.24     1.678      68582    0    0    0    1    1
2016 10 13 14 50  0    0    -4.71    -0.08   -19.82    -398.8      5.31     -4.11     1.683      68538    0    0    0    1    1
2016 10 13 14 51  0    0    -4.55    -0.25   -19.82    -398.7      5.00     -4.62     1.708      68493    0    0    0    1    1
2016 10 13 14 52  0    0    -4.46    -0.33   -19.83    -398.5      4.05     -5.49     1.744      68450    0    0    0    1    1
2016 10 13 14 53  0    0    -4.42    -0.32   -19.84    -397.3      3.13     -5.75     1.752      68413    0    0    0    1    1
2016 10 13 14 54  0    0    -4.45    -0.20   -19.82    -397.2      2.63     -5.03     1.711      68368    0    0    0    1    2
2016 10 13 14 55  0    0    -4.70     0.65   -19.75    -396.5      2.75     -3.87     1.653      68328    0    0    0    1    2
2016 10 13 14 56  0    0    -4.69     0.66   -19.74    -397.6      3.88     -2.22     1.612      68278    0    0    0    1    1
2016 10 13 14 57  0    0    -4.70     0.81   -19.63    -397.7      3.67     -1.07     1.588      68232    0    0    0    1    1
2016 10 13 14 58  0    0    -4.77     1.19   -19.48    -396.5     -1.18     -0.50     1.561      68194    0    0    0    1    1
2016 10 13 14 59  0    0    -4.85     1.35   -19.48    -396.2     -5.25     -1.31     1.539      68151    0    0    0    1    1
2016 10 13 15  0  0    0    -4.80     0.92   -19.55    -399.8     -9.61     -9.99     1.524      68085    0    0    0    1    1
2016 10 13 15  1  0    0    -4.76    -0.17   -19.61    -400.1    -10.57    -12.19     1.524      68038    0    0    0    1    1
2016 10 13 15  2  0    0    -4.86    -1.98   -19.52    -400.2     -9.65    -14.23     1.540      67993    0    0    0    1    2
2016 10 13 15  3  0    0    -4.75    -2.64   -19.46    -402.4     -7.64    -17.13     1.560      67935    0    0    0    1    2
2016 10 13 15  4  0    0    -4.16    -2.95   -19.46    -403.5     -5.57    -23.51     1.536      67885    0    0    0    1    2
2016 10 13 15  5  0    0    -4.07    -4.20   -19.48    -405.8     -6.17    -23.49     1.482      67827    0    0    0    1    2
2016 10 13 15  6  0    0    -4.06    -4.07   -19.57    -405.2     -6.73    -22.67     1.463      67785    0    0    0    1    2
2016 10 13 15  7  0    0    -4.00    -3.98   -19.64    -403.5     -7.93    -22.39     1.461      67750    0    0    0    1    2
2016 10 13 15  8  0    0    -3.99    -3.98   -19.65    -400.3     -7.75    -19.98     1.468      67724    0    0    0    1    1
2016 10 13 15  9  0    0    -3.99    -3.99   -19.65    -396.9     -7.35    -17.66     1.477      67700    0    0    0    1    1
2016 10 13 15 10  0    0    -4.01    -3.99   -19.63    -393.0     -6.56    -17.21     1.483      67680    0    0    0    1    1
2016 10 13 15 11  0    0    -4.02    -3.99   -19.61    -389.3     -5.79    -16.81     1.489      67658    0    0    0    1    1
2016 10 13 15 12  0    0    -4.02    -3.90   -19.61    -388.2     -5.23    -17.15     1.487      67620    0    0    0    1    1
2016 10 13 15 13  0    0    -3.76    -3.61   -19.63    -395.4     -4.16    -21.86     1.470      66646    0    0    0    1    1
2016 10 13 15 14  0    0    -3.68    -3.46   -19.74    -395.2     -4.55    -19.19     1.463      65591    0    0    0    1    1
2016 10 13 15 15  0    0    -3.66    -3.31   -19.77    -395.3     -4.67    -18.31     1.460      64512    0    0    0    1    1
2016 10 13 15 16  0    0    -3.63    -3.22   -19.75    -396.3     -4.48    -18.45     1.457      63248    0    0    0    1    1
2016 10 13 15 17  0    0    -3.61    -3.14   -19.77    -396.8     -3.06    -17.18     1.432      62068    0    0    0    1    1
2016 10 13 15 18  0    0    -3.58    -3.09   -19.83    -398.0     -2.35    -16.60     1.409      60797    0    0    0    1    1
2016 10 13 15 19  0    0    -3.55    -3.06   -19.87    -399.3     -0.80    -17.75     1.419      59523    0    0    0    1    1
2016 10 13 15 20  0    0    -3.46    -3.07   -19.94    -398.7     -0.38    -18.27     1.444      58531    0    0    0    1    1
2016 10 13 15 21  0    0    -3.25    -3.12   -20.02    -397.1      0.23    -18.52     1.465      57679    0    0    0    1    1
2016 10 13 15 22  0    0    -3.25    -3.31   -20.07    -396.0      0.64    -19.03     1.468      56780    0    0    0    1    1
2016 10 13 15 23  0    0    -3.22    -3.49   -20.10    -397.0      1.19    -23.21     1.472      55585    0    0    0    1    1
2016 10 13 15 24  0    0    -3.18    -3.45   -20.13    -397.2      0.70    -23.66     1.477      54528    0    0    0    1    1
2016 10 13 15 25  0    0    -3.20    -3.39   -20.16    -396.2      0.25    -23.46     1.478      53636    0    0    0    1    1
2016 10 13 15 26  0    0    -3.18    -3.14   -20.16    -394.0     -0.38    -20.32     1.473      52909    0    0    0    1    1
2016 10 13 15 27  0    0    -3.15    -2.82   -20.17    -392.6     -1.33    -18.25     1.465      52131    0    0    0    1    1
2016 10 13 15 28  0    0    -3.15    -2.59   -20.18    -391.8     -2.07    -17.49     1.456      51296    0    0    0    1    1
2016 10 13 15 29  0    0    -3.25    -2.59   -20.19    -391.5     -1.37    -16.85     1.449      50358    0    0    0    1    1
2016 10 13 15 30  0    0    -3.41    -2.63   -20.24    -391.6      0.93    -15.73     1.441      49300    0    0    0    1    1
2016 10 13 15 31  0    0    -3.52    -2.71   -20.31    -392.5      3.57    -15.36     1.431      48135    0    0    0    1    1
2016 10 13 15 32  0    0    -3.49    -2.80   -20.34    -393.7      4.40    -18.55     1.434      46956    0    0    0    1    1
2016 10 13 15 33  0    0    -3.37    -2.77   -20.37    -395.0      2.42    -22.21     1.265      45689    0    0    0    1    1
2016 10 13 15 34  0    0    -3.33    -2.65   -20.39    -396.0      1.57    -22.89     1.179      44394    0    0    0    0    1
2016 10 13 15 35  0    0    -3.38    -2.66   -20.39    -394.6      1.27    -22.05     1.093      43423    0    0    0    0    1
2016 10 13 15 36  0    0    -3.52    -2.69   -20.39    -393.7      0.04    -21.83     1.068      42369    0    0    0    0    0
2016 10 13 15 37  0    0    -3.57    -2.73   -20.40    -393.8     -0.97    -20.11     1.062      41177    0    0    0    0    0
2016 10 13 15 38  0    0    -3.51    -2.74   -20.41    -397.5     -0.57    -15.85     1.025      39436    0    0    0    0    0
2016 10 13 15 39  0    0    -3.50    -2.83   -20.40    -398.1      1.94    -16.15     1.020      38235    0    0    0    0    0
2016 10 13 15 40  0    0    -3.49    -3.02   -20.39    -396.5      2.51    -17.89     1.056      37409    0    0    0    0    1
2016 10 13 15 41  0    0    -3.23    -2.94   -20.48    -397.7      1.48    -16.47     1.165      36238    0    0    0    0    2
2016 10 13 15 42  0    0    -2.99    -2.52   -20.54    -400.4     -1.00    -14.74     1.201      34878    0    0    0    0    2
2016 10 13 15 43  0    0    -3.09    -2.32   -20.57    -401.2     -2.51    -13.58     1.246      33704    0    0    0    0    2
2016 10 13 15 44  0    0    -3.25    -2.40   -20.58    -405.0     -4.36    -15.02     1.322      32112    0    0    0    0    0
2016 10 13 15 45  0    0    -3.25    -2.59   -20.58    -403.3     -4.79    -16.08     1.318      31261    0    0    0    0    0
2016 10 13 15 46  0    0    -3.31    -2.76   -20.55    -403.0     -2.34    -16.43     1.282      30285    0    0    0    0    0
2016 10 13 15 47  0    0    -3.15    -2.80   -20.59    -401.9     -1.28    -15.81     1.257      29399    0    0    0    0    0
2016 10 13 15 48  0    0    -3.08    -2.12   -20.63    -402.4     -2.30    -17.47     1.236      28299    0    0    0    0    0
2016 10 13 15 49  0    0    -3.07    -1.42   -20.63    -403.8     -3.55    -19.96     1.222      27061    0    0    0    0    0
2016 10 13 15 50  0    0    -2.62    -2.21   -20.76    -407.8     -1.55    -20.76     1.241      28062    0    0    0    0    0
2016 10 13 15 51  0    0    -2.66    -2.60   -20.77    -409.3      0.86    -21.24     1.278      27983    0    0    0    0    0
2016 10 13 15 52  0    0    -2.81    -2.64   -20.75    -407.5      1.43    -21.10     1.254      27802    0    0    0    0    0
2016 10 13 15 53  0    0    -2.84    -2.67   -20.73    -404.6      1.43    -21.03     1.206      27566    0    0    0    0    0
2016 10 13 15 54  0    0    -3.11    -2.47   -20.71    -400.9      0.89    -21.82     1.160      27356    0    0    0    0    0
2016 10 13 15 55  0    0    -3.33    -2.32   -20.69    -397.7      0.39    -22.46     1.112      27107    0    0    0    0    0
2016 10 13 15 56  0    0    -3.36    -2.30   -20.68    -396.2     -0.02    -22.54     1.057      26713    0    0    0    0    0
2016 10 13 15 57  0    0    -3.20    -2.44   -20.71    -395.8      0.55    -22.36     1.022      26252    0    0    0    0    0
2016 10 13 15 58  0    0    -3.18    -2.53   -20.73    -395.2      2.30    -22.56     1.028      25809    0    0    0    0    0
2016 10 13 15 59  0    0    -3.25    -2.55   -20.74    -394.1      4.12    -22.81     1.061      25358    0    0    0    0    0
2016 10 13 16  0  0    0    -3.29    -2.55   -20.74    -393.2      5.25    -23.35     1.103      24888    0    0    0    0    0
2016 10 13 16  1  0    0    -2.99    -2.58   -20.73    -395.3      7.02    -23.70     1.123      25002    0    0    0    0    0
2016 10 13 16  2  0    0    -2.97    -2.35   -20.81    -400.7      5.36    -22.31     1.322      25677    0    0    0    0    0
2016 10 13 16  3  0    0    -3.01    -2.10   -20.86    -401.8      4.83    -21.50     1.359      26203    0    0    0    0    0
2016 10 13 16  4  0    0    -3.00    -2.47   -20.82    -402.6      4.68    -21.52     1.296      26744    0    0    0    0    0
2016 10 13 16  5  0    0    -2.98    -2.58   -20.81    -403.2      3.56    -21.82     1.249      27248    0    0    0    0    0
2016 10 13 16  6  0    0    -2.98    -2.52   -20.81    -402.2      2.91    -22.42     1.240      27530    0    0    0    0    0
2016 10 13 16  7  0    0    -3.07    -2.34   -20.80    -401.1      0.99    -22.57     1.249      27716    0    0    0    0    0
2016 10 13 16  8  0    0    -3.15    -2.22   -20.80    -400.1     -1.72    -23.07     1.272      27872    0    0    0    0    0
2016 10 13 16  9  0    0    -3.06    -2.07   -20.81    -400.1     -1.46    -23.79     1.297      28083    0    0    0    0    0
2016 10 13 16 10  0    0    -2.70    -2.08   -20.85    -401.3      0.71    -22.57     1.305      28356    0    0    0    0    0
2016 10 13 16 11  0    0    -2.30    -2.38   -20.88    -402.9      2.39    -23.14     1.305      28618    0    0    0    0    0
2016 10 13 16 12  0    0    -2.17    -2.54   -20.89    -403.6      3.03    -20.93     1.269      29167    0    0    0    0    0
2016 10 13 16 13  0    0    -2.16    -2.56   -20.86    -401.4      0.51    -21.99     1.228      29571    0    0    0    0    1
2016 10 13 16 14  0    0    -2.16    -2.49   -20.88    -402.0     -0.96    -21.84     1.158      29966    0    0    0    0    2
2016 10 13 16 15  0    0    -2.15    -2.37   -20.95    -406.0      0.72    -21.88     1.324      30350    0    0    0    0    1
2016 10 13 16 16  0    0    -2.17    -2.34   -21.01    -405.8      0.27    -21.44     1.281      30689    0    0    0    0    1
2016 10 13 16 17  0    0    -2.23    -2.35   -21.00    -404.9     -0.52    -20.71     1.240      30990    0    0    0    0    1
2016 10 13 16 18  0    0    -2.23    -2.47   -21.02    -403.7     -0.71    -20.50     1.263      31292    0    0    0    0    1
2016 10 13 16 19  0    0    -2.29    -2.63   -21.09    -403.5      0.83    -19.00     1.393      31627    0    0    0    0    1
2016 10 13 16 20  0    0    -2.30    -2.76   -21.10    -404.3      2.75    -18.81     1.470      31926    0    0    0    0    1
2016 10 13 16 21  0    0    -2.40    -2.63   -21.10    -404.4      2.86    -18.83     1.473      32174    0    0    0    0    0
2016 10 13 16 22  0    0    -2.41    -2.55   -21.09    -402.2      3.05    -18.90     1.417      32380    0    0    0    0    0
2016 10 13 16 23  0    0    -2.41    -2.53   -21.05    -400.3      0.83    -18.47     1.384      32619    0    0    0    0    0
2016 10 13 16 24  0    0    -2.44    -2.56   -21.02    -399.1     -0.55    -18.38     1.356      32894    0    0    0    0    0
2016 10 13 16 25  0    0    -2.49    -2.56   -21.00    -398.5      0.38    -18.98     1.324      33206    0    0    0    0    0
2016 10 13 16 26  0    0    -2.50    -2.40   -21.00    -398.4     -1.04    -19.25     1.314      33552    0    0    0    0    0
2016 10 13 16 27  0    0    -2.57    -2.23   -21.04    -398.5     -3.23    -19.73     1.321      33918    0    0    0    0    0
2016 10 13 16 28  0    0    -2.76    -2.11   -21.04    -398.9     -6.10    -19.48     1.338      34234    0    0    0    0    0
2016 10 13 16 29  0    0    -3.03    -1.70   -21.04    -398.6     -9.18    -19.84     1.342      36154    0    0    0    0    0
2016 10 13 16 30  0    0    -3.53    -0.80   -21.06    -397.1    -12.73    -20.30     1.351      40010    0    0    0    0    0
2016 10 13 16 31  0    0    -3.72    -0.56   -21.10    -394.6    -13.84    -21.33     1.431      37677    0    0    0    0    0
2016 10 13 16 32  0    0    -3.86    -0.40   -21.12    -392.5    -16.13    -21.97     1.473      36312    0    0    0    0    0
2016 10 13 16 33  0    0    -3.95    -0.31   -21.10    -391.2    -18.37    -22.33     1.488      36006    0    0    0    0    0
2016 10 13 16 34  0    0    -3.97    -0.41   -21.02    -391.7    -19.12    -23.50     1.487      36873    0    0    0    0    0
2016 10 13 16 35  0    0    -3.92    -0.84   -21.03    -392.2    -18.23    -25.71     1.504      37191    0    0    0    0    0
2016 10 13 16 36  0    0    -3.88    -1.02   -21.13    -391.0    -17.51    -26.52     1.549      36933    0    0    0    0    0
2016 10 13 16 37  0    0    -3.84    -0.67   -21.21    -389.6    -18.57    -26.84     1.601      36671    0    0    0    0    0
2016 10 13 16 38  0    0    -4.03    -0.45   -21.23    -388.9    -18.86    -25.59     1.591      36955    0    0    0    0    0
2016 10 13 16 39  0    0    -3.99    -0.44   -21.30    -390.2    -18.30    -23.14     1.593      38030    0    0    0    0    0
2016 10 13 16 40  0    0    -3.80    -0.39   -21.30    -393.2    -15.85    -22.15     1.579      39910    0    0    0    0    0
2016 10 13 16 41  0    0    -3.85    -0.36   -21.23    -393.8    -13.80    -22.78     1.566      40319    0    0    0    0    0
2016 10 13 16 42  0    0    -4.04    -0.26   -21.19    -393.9    -15.29    -23.24     1.534      39866    0    0    0    0    0
2016 10 13 16 43  0    0    -4.17    -0.18   -21.22    -394.1    -16.78    -23.86     1.486      39356    0    0    0    0    0
2016 10 13 16 44  0    0    -4.12     0.22   -21.24    -394.4    -17.35    -24.45     1.460      38843    0    0    0    0    0
2016 10 13 16 45  0    0    -4.38     0.75   -21.14    -394.3    -19.20    -23.31     1.470      38409    0    0    0    0    0
2016 10 13 16 46  0    0    -5.47     2.41   -20.65    -393.6    -21.35    -22.59     1.491      38047    0    0    0    0    0
2016 10 13 16 47  0    0    -7.06     4.45   -19.73    -392.2    -22.28    -22.93     1.487      37733    0    0    0    0    0
2016 10 13 16 48  0    0    -8.35     6.14   -18.87    -390.4    -22.43    -23.64     1.475      37472    0    0    0    1    1
2016 10 13 16 49  0    0    -8.25     6.88   -18.84    -388.8    -22.79    -23.99     1.503      37314    0    0    0    1    1
2016 10 13 16 50  0    0    -7.98     7.36   -18.78    -388.1    -24.36    -25.00     1.536      37093    0    0    0    1    1
2016 10 13 16 51  0    0    -7.55     7.57   -18.72    -390.3    -28.84    -25.63     1.705      36765    0    0    0    1    1
2016 10 13 16 52  0    0    -7.17     6.43   -18.73    -391.6    -31.20    -26.73     1.835      36521    0    1    1    1    1
2016 10 13 16 53  0    0    -7.16     6.35   -18.78    -390.9    -32.40    -26.10     1.816      36479    0    1    1    1    1
2016 10 13 16 54  0    0    -7.43     6.55   -18.83    -390.9    -33.22    -25.82     1.791      36545    0    1    1    1    1
2016 10 13 16 55  0    0    -7.96     7.11   -18.66    -391.3    -34.48    -27.06     1.724      36616    0    1    1    1    1
2016 10 13 16 56  0    0    -7.81     7.94   -18.36    -390.3    -36.94    -29.67     1.719      36614    0    0    0    0    0
2016 10 13 16 57  0    0    -7.90     7.94   -18.55    -388.3    -40.23    -33.27     1.714      36602    0    0    0    0    0
2016 10 13 16 58  0    0    -8.14     7.49   -18.57    -387.0    -41.76    -36.50     1.695      36589    0    0    0    0    0
2016 10 13 16 59  0    0    -8.24     6.95   -18.80    -386.8    -38.78    -35.48     1.661      36454    0    0    0    0    0
2016 10 13 17  0  0    0    -8.36     6.71   -18.89    -388.7    -33.17    -29.89     1.667      36227    0    0    0    0    0
2016 10 13 17  1  0    0    -8.33     6.77   -18.89    -387.5    -32.91    -28.22     1.634      36166    0    0    0    0    0
2016 10 13 17  2  0    0    -8.28     6.74   -18.95    -386.0    -32.43    -27.40     1.593      36134    0    0    0    0    0
2016 10 13 17  3  0    0    -8.15     6.61   -19.03    -385.4    -32.51    -26.93     1.569      36104    0    0    0    0    0
2016 10 13 17  4  0    0    -8.23     6.10   -19.10    -388.2    -31.38    -27.30     1.539      36052    0    0    0    0    0
2016 10 13 17  5  0    0    -8.27     6.01   -19.15    -389.2    -26.84    -27.14     1.496      35933    0    0    0    0    0
2016 10 13 17  6  0    0    -8.27     6.00   -19.15    -387.3    -26.30    -26.64     1.477      35852    0    0    0    0    0
2016 10 13 17  7  0    0    -8.04     5.84   -19.37    -386.4    -27.47    -27.58     1.430      35975    0    0    0    0    0
2016 10 13 17  8  0    0    -7.92     5.74   -19.49    -387.9    -27.97    -31.59     1.374      36313    0    0    0    0    0
2016 10 13 17  9  0    0    -7.68     5.73   -19.54    -388.1    -22.39    -33.42     1.369      36478    0    0    0    0    0
2016 10 13 17 10  0    0    -7.44     5.18   -19.68    -388.1    -20.59    -33.35     1.386      36578    0    0    0    0    0
2016 10 13 17 11  0    0    -7.42     5.02   -19.70    -388.0    -21.68    -34.73     1.422      36632    0    0    0    1    1
2016 10 13 17 12  0    0    -7.61     5.22   -19.66    -386.3    -22.98    -35.69     1.448      36703    0    0    0    1    1
2016 10 13 17 13  0    0    -8.04     5.09   -19.52    -386.0    -24.27    -36.06     1.476      36801    0    0    0    1    1
2016 10 13 17 14  0    0    -8.25     4.85   -19.44    -384.9    -25.21    -36.37     1.473      36885    0    0    0    1    1
2016 10 13 17 15  0    0    -8.30     4.79   -19.45    -382.9    -26.04    -36.84     1.455      36959    0    0    0    0    0
2016 10 13 17 16  0    0    -8.42     4.98   -19.47    -384.0    -26.46    -36.88     1.460      37030    0    0    0    0    0
2016 10 13 17 17  0    0    -8.59     4.95   -19.34    -385.2    -25.18    -36.14     1.523      36987    0    0    0    0    0
2016 10 13 17 18  0    0    -9.15     4.80   -18.97    -385.9    -24.46    -34.86     1.557      36679    0    0    0    0    0
2016 10 13 17 19  0    0    -9.74     4.83   -18.76    -385.4    -23.66    -34.19     1.535      35878    0    0    0    0    0
2016 10 13 17 20  0    0    -9.98     4.82   -18.78    -384.4    -22.69    -33.72     1.506      34885    0    0    0    0    0
2016 10 13 17 21  0    0    -9.75     4.66   -18.97    -383.4    -21.43    -33.10     1.508      33926    0    0    0    0    0
2016 10 13 17 22  0    0    -9.21     4.23   -19.24    -383.4    -19.61    -32.31     1.563      33915    0    0    0    0    0
2016 10 13 17 23  0    0    -8.86     4.28   -19.34    -383.4    -18.66    -31.83     1.658      36189    0    0    0    0    0
2016 10 13 17 24  0    0    -8.13     4.69   -19.48    -383.4    -18.95    -31.70     1.659      35846    0    0    0    0    0
2016 10 13 17 25  0    0    -6.91     5.28   -19.62    -383.6    -21.67    -31.86     1.632      35016    0    0    0    0    0
2016 10 13 17 26  0    0    -7.02     5.34   -19.56    -383.3    -25.82    -32.66     1.618      36199    0    0    0    0    0
2016 10 13 17 27  0    0    -7.27     5.36   -19.58    -382.2    -28.50    -33.43     1.623      40264    0    0    0    0    0
2016 10 13 17 28  0    0    -7.27     5.39   -19.56    -381.0    -26.75    -33.36     1.570      40264    0    0    0    0    0
2016 10 13 17 29  0    0    -7.20     5.66   -19.80    -380.6    -23.25    -29.86     1.516      34532    0    0    0    0    0
2016 10 13 17 30  0    0    -6.95     5.70   -19.91    -381.8    -22.90    -28.52     1.508      33451    0    0    0    0    0
2016 10 13 17 31  0    0    -6.95     5.01   -19.91    -382.9    -23.59    -29.93     1.529      33931    0    0    0    0    0
2016 10 13 17 32  0    0    -7.05     4.89   -19.90    -384.7    -23.06    -28.99     1.539      37346    0    0    0    1    1
2016 10 13 17 33  0    0    -7.05     4.86   -19.93    -386.0    -22.66    -27.80     1.540      39617    0    0    0    1    1
2016 10 13 17 34  0    0    -7.11     4.95   -19.92    -387.9    -23.89    -27.68     1.549      40219    0    0    0    1    1
2016 10 13 17 35  0    0    -7.28     4.96   -19.97    -387.8    -24.85    -27.39     1.550      34573    0    0    0    1    1
2016 10 13 17 36  0    0    -7.23     5.07   -19.99    -387.1    -24.15    -27.09     1.548      33632    0    0    0    0    0
2016 10 13 17 37  0    0    -6.93     5.19   -20.11    -385.9    -22.76    -27.47     1.537      33835    0    0    0    0    0
2016 10 13 17 38  0    0    -6.67     5.25   -20.20    -384.9    -21.56    -27.89     1.555      34624    0    0    0    0    0
2016 10 13 17 39  0    0    -6.55     5.26   -20.23    -384.7    -20.92    -28.14     1.572      35404    0    0    0    0    0
2016 10 13 17 40  0    0    -6.54     5.19   -20.27    -384.9    -21.03    -28.50     1.560      35483    0    0    0    0    0
2016 10 13 17 41  0    0    -6.62     5.10   -20.29    -384.3    -21.75    -28.50     1.564      35651    0    0    0    0    0
2016 10 13 17 42  0    0    -6.77     5.15   -20.26    -384.0    -22.04    -27.53     1.550      36087    0    0    0    0    0
2016 10 13 17 43  0    0    -6.87     5.33   -20.17    -384.2    -20.29    -26.24     1.512      36707    0    0    0    0    0
2016 10 13 17 44  0    0    -6.91     5.43   -20.13    -384.2    -17.85    -25.74     1.491      36525    0    0    0    0    0
2016 10 13 17 45  0    0    -7.02     5.32   -20.12    -384.0    -15.92    -25.75     1.495      36203    0    0    0    0    0
2016 10 13 17 46  0    0    -7.27     5.07   -20.12    -383.4    -14.04    -25.90     1.482      35904    0    0    0    0    0
2016 10 13 17 47  0    0    -7.42     4.80   -20.09    -382.3    -13.07    -25.90     1.479      34755    0    0    0    0    0
2016 10 13 17 48  0    0    -7.49     4.85   -20.05    -381.8    -13.35    -25.68     1.508      32260    0    0    0    0    0
2016 10 13 17 49  0    0    -7.50     5.00   -20.02    -383.4    -18.30    -25.65     1.611      32283    0    0    0    0    0
2016 10 13 17 50  0    0    -7.55     5.09   -20.06    -385.0    -18.92    -25.69     1.600      32361    0    0    0    0    0
2016 10 13 17 51  0    0    -7.67     5.04   -20.07    -385.0    -17.49    -25.24     1.581      32361    0    0    0    0    0
2016 10 13 17 52  0    0    -7.78     5.02   -20.07    -384.7    -17.91    -24.84     1.571      32361    0    0    0    0    0
2016 10 13 17 53  0    0    -7.82     5.02   -20.07    -384.5    -18.40    -24.90     1.553      32211    0    0    0    0    0
2016 10 13 17 54  0    0    -7.75     4.69   -20.19    -385.5    -17.90    -23.67     1.492      31979    0    0    0    0    0
2016 10 13 17 55  0    0    -7.71     4.23   -20.31    -387.0    -17.99    -22.62     1.444      31979    0    0    0    0    0
2016 10 13 17 56  0    0    -7.70     4.16   -20.33    -387.5    -17.39    -23.17     1.422      28573    0    0    0    0    0
2016 10 13 17 57  0    0    -7.70     4.16   -20.35    -385.4    -15.53    -23.57     1.414      27776    0    0    0    0    0
2016 10 13 17 58  0    0    -7.71     4.13   -20.39    -382.7    -13.74    -23.82     1.420      27778    0    0    0    0    0
2016 10 13 17 59  0    0    -7.70     4.01   -20.43    -379.7    -12.72    -23.85     1.454      27783    0    0    0    0    0
2016 10 13 18  0  0    0    -7.63     3.90   -20.51    -378.5    -13.06    -23.78     1.501      29225    0    0    0    0    0
2016 10 13 18  1  0    0    -7.55     4.10   -20.58    -381.8    -15.27    -23.14     1.442      31496    0    0    0    0    0
2016 10 13 18  2  0    0    -7.55     4.03   -20.63    -381.8    -15.67    -23.60     1.405      31496    0    0    0    0    0
2016 10 13 18  3  0    0    -7.55     3.98   -20.66    -379.9    -15.26    -24.36     1.434      31496    0    0    0    0    0
2016 10 13 18  4  0    0    -7.55     3.92   -20.67    -378.5    -14.53    -24.72     1.473      31977    0    0    0    0    0
2016 10 13 18  5  0    0    -6.91     4.60   -20.23    -378.1    -13.72    -24.31     1.497      34976    0    0    0    0    0
2016 10 13 18  6  0    0    -6.18     5.34   -19.48    -379.4    -13.12    -23.43     1.504      41534    0    0    0    0    0
2016 10 13 18  7  0    0    -6.05     5.29   -19.33    -380.0    -13.02    -22.70     1.526      44433    0    0    0    0    0
2016 10 13 18  8  0    0    -5.57     5.24   -19.45    -380.7    -13.06    -22.83     1.534      49152    0    0    0    0    0
2016 10 13 18  9  0    0    -5.50     6.18   -19.51    -381.2    -12.69    -22.28     1.528      49821    0    0    0    0    0
2016 10 13 18 10  0    0    -5.50     6.25   -19.54    -380.3    -11.63    -21.93     1.509      52633    0    0    0    0    0
2016 10 13 18 11  0    0    -5.51     5.94   -19.52    -378.1     -9.53    -22.86     1.501      53285    0    0    0    0    0
2016 10 13 18 12  0    0    -5.56     5.62   -19.48    -375.6     -7.46    -24.07     1.497      53285    0    0    0    0    0
2016 10 13 18 13  0    0    -5.73     5.62   -19.45    -373.3     -6.73    -24.93     1.499      53285    0    0    0    0    0
2016 10 13 18 14  0    0    -6.16     7.36   -19.35    -371.8     -7.11    -25.42     1.509      58591    0    0    0    0    0
2016 10 13 18 15  0    0    -6.49     8.73   -19.25    -370.7     -8.10    -25.30     1.517      64226    0    0    0    0    0
2016 10 13 18 16  0    0    -6.55     8.76   -19.16    -370.0     -9.08    -24.89     1.518      66468    0    0    0    0    0
2016 10 13 18 17  0    0    -6.57     8.72   -19.01    -369.9     -9.87    -24.79     1.513      66359    0    0    0    0    0
2016 10 13 18 18  0    0    -6.57     8.47   -18.90    -371.3     -9.69    -23.42     1.509      66082    0    0    0    0    0
2016 10 13 18 19  0    0    -7.04     8.76   -18.87    -375.0     -9.10    -21.51     1.553      68602    0    0    0    0    0
2016 10 13 18 20  0    0    -7.48     8.99   -18.65    -376.5    -11.12    -21.07     1.561      67183    0    0    0    0    0
2016 10 13 18 21  0    0    -6.84     9.39   -18.83    -376.8    -13.55    -20.78     1.562      62738    0    0    0    0    0
2016 10 13 18 22  0    0    -5.30     9.42   -19.59    -380.4    -14.75    -17.72     1.570      61544    0    0    0    0    0
2016 10 13 18 23  0    0    -5.28     9.46   -19.55    -382.4    -15.34    -16.79     1.555      61426    0    0    0    0    0
2016 10 13 18 24  0    0    -5.29     9.54   -19.25    -386.3    -19.10    -15.33     1.570      60531    0    0    0    0    0
2016 10 13 18 25  0    0    -5.22     9.35   -19.24    -389.6    -18.13    -14.74     1.568      60033    0    0    0    0    0
2016 10 13 18 26  0    0    -5.13     9.09   -19.35    -389.3    -17.96    -16.01     1.533      60102    0    0    0    0    0
2016 10 13 18 27  0    0    -5.41     8.89   -19.40    -387.8    -18.46    -16.25     1.507      60928    0    0    0    0    0
2016 10 13 18 28  0    0    -5.78     8.74   -19.42    -386.4    -19.12    -16.56     1.535      63409    0    0    0    0    0
2016 10 13 18 29  0    0    -6.10     8.67   -19.39    -386.4    -19.87    -16.86     1.576      64597    0    0    0    0    0
2016 10 13 18 30  0    0    -6.15     8.79   -19.35    -386.9    -20.27    -17.03     1.601      64500    0    0    0    0    0
2016 10 13 18 31  0    0    -6.01     9.06   -19.28    -386.5    -20.19    -17.20     1.615      64466    0    0    0    0    0
2016 10 13 18 32  0    0    -6.06     9.30   -19.24    -386.3    -18.54    -17.39     1.610      64466    0    0    0    0    0
2016 10 13 18 33  0    0    -6.29     9.51   -19.23    -386.2    -18.02    -18.03     1.562      64912    0    0    0    0    0
2016 10 13 18 34  0    0    -6.11     9.74   -19.21    -386.6    -17.57    -18.40     1.500      65164    0    0    0    0    0
2016 10 13 18 35  0    0    -5.94     9.87   -19.16    -386.3    -18.83    -18.03     1.483      66539    0    0    0    0    0
2016 10 13 18 36  0    0    -5.92     9.92   -19.10    -384.7    -18.54    -17.85     1.490      67275    0    0    0    0    0
2016 10 13 18 37  0    0    -5.91     9.94   -19.05    -383.2    -16.97    -17.56     1.501      67275    0    0    0    0    0
2016 10 13 18 38  0    0    -5.94     9.99   -19.00    -384.3    -16.85    -16.47     1.524      67619    0    0    0    0    0
2016 10 13 18 39  0    0    -5.95    10.12   -18.93    -385.1    -18.14    -16.84     1.558      68216    0    0    0    0    0
2016 10 13 18 40  0    0    -5.79    10.22   -18.89    -385.0    -19.11    -17.18     1.572      68216    0    0    0    0    0
2016 10 13 18 41  0    0    -5.72    10.29   -18.89    -384.2    -19.61    -17.76     1.564      67516    0    0    0    0    0
2016 10 13 18 42  0    0    -5.54    10.31   -18.93    -383.8    -20.22    -18.51     1.545      65976    0    0    0    0    0
2016 10 13 18 43  0    0    -5.31    10.19   -19.07    -384.6    -19.51    -18.50     1.519      64324    0    0    0    0    0
2016 10 13 18 44  0    0    -5.24    10.14   -19.12    -385.6    -20.03    -18.28     1.507      62607    0    0    0    0    0
2016 10 13 18 45  0    0    -5.45    10.15   -19.04    -387.6    -21.10    -18.89     1.515      63729    0    0    0    0    0
2016 10 13 18 46  0    0    -5.57    10.16   -19.03    -388.4    -21.92    -19.72     1.516      65173    0    0    0    0    0
2016 10 13 18 47  0    0    -5.60    10.16   -19.06    -388.5    -21.26    -20.06     1.485      65242    0    0    0    0    0
2016 10 13 18 48  0    0    -5.37    10.17   -19.14    -390.0    -19.96    -20.09     1.441      64892    0    0    0    0    0
2016 10 13 18 49  0    0    -5.12    10.25   -19.18    -390.9    -17.70    -18.96     1.439      63008    0    0    0    0    0
2016 10 13 18 50  0    0    -5.30    10.41   -19.03    -390.4    -15.35    -15.39     1.464      62721    0    0    0    0    0
2016 10 13 18 51  0    0    -5.45    10.83   -18.43    -389.2    -13.81    -12.50     1.495      61648    0    0    0    0    0
2016 10 13 18 52  0    0    -5.22    10.83   -18.43    -387.8    -13.37    -11.88     1.509      61648    0    0    0    0    0
2016 10 13 18 53  0    0    -5.16    10.45   -18.59    -386.2    -15.58    -12.44     1.534      61648    0    0    0    0    0
2016 10 13 18 54  0    0    -5.21    10.37   -18.71    -384.9    -18.74    -13.70     1.558      61648    0    0    0    0    0
2016 10 13 18 55  0    0    -5.33    10.53   -18.74    -383.8    -20.70    -14.99     1.574      61591    0    0    0    0    0
2016 10 13 18 56  0    0    -5.43    10.47   -18.74    -383.5    -19.69    -15.28     1.576      61457    0    0    0    0    0
2016 10 13 18 57  0    0    -5.39    10.31   -18.72    -386.7    -17.42    -13.23     1.560      59266    0    0    0    0    0
2016 10 13 18 58  0    0    -5.36    10.42   -18.60    -387.5    -17.19    -12.86     1.566      57848    0    0    0    0    0
2016 10 13 18 59  0    0    -5.58    10.46   -18.45    -388.3    -15.49    -11.84     1.581      57732    0    0    0    0    0
2016 10 13 19  0  0    0    -5.62    10.42   -18.39    -387.9    -15.21    -11.62     1.596      58222    0    0    0    0    0
2016 10 13 19  1  0    0    -5.61    10.53   -18.57    -388.4    -19.15    -13.00     1.659      58292    0    0    0    0    0
2016 10 13 19  2  0    0    -5.58    10.70   -18.67    -388.5    -20.60    -13.32     1.679      58049    0    0    0    0    0
2016 10 13 19  3  0    0    -5.61    10.78   -18.69    -388.5    -21.52    -13.92     1.695      58036    0    0    0    0    0
2016 10 13 19  4  0    0    -5.64    10.86   -18.69    -388.8    -23.04    -14.47     1.693      58036    0    0    0    0    0
2016 10 13 19  5  0    0    -5.63    11.18   -18.56    -389.6    -25.62    -15.45     1.656      56725    0    0    0    0    0
2016 10 13 19  6  0    0    -5.40    11.36   -18.34    -392.3    -27.87    -17.65     1.632      56725    0    0    0    0    0
2016 10 13 19  7  0    0    -5.41    11.24   -18.25    -400.0    -31.96    -21.79     1.866      68811    0    0    0    0    0
2016 10 13 19  8  0    0    -5.29    11.55   -18.22    -399.7    -34.18    -23.37     1.880      66387    0    0    0    0    0
2016 10 13 19  9  0    0    -5.15    11.89   -18.12    -397.9    -35.38    -24.20     1.838      63130    0    0    0    0    0
2016 10 13 19 10  0    0    -5.06    12.12   -17.97    -395.9    -37.57    -25.43     1.748      63130    0    0    0    0    0
2016 10 13 19 11  0    0    -5.31    12.22   -17.90    -395.2    -37.81    -26.58     1.709      64681    0    0    0    0    0
2016 10 13 19 12  0    0    -5.38    12.29   -17.85    -395.0    -37.25    -27.55     1.686      64963    0    0    0    0    0
2016 10 13 19 13  0    0    -5.51    12.40   -17.79    -395.5    -36.56    -27.70     1.681      64568    0    0    0    0    0
2016 10 13 19 14  0    0    -5.54    12.55   -17.72    -395.5    -36.56    -27.69     1.747      63758    0    0    0    0    0
2016 10 13 19 15  0    0    -5.54    12.64   -17.61    -396.3    -35.14    -29.16     1.719      63660    0    0    0    0    0
2016 10 13 19 16  0    0    -5.20    12.62   -17.58    -398.7    -35.73    -28.71     1.694      65951    0    0    0    1    1
2016 10 13 19 17  0    0    -5.10    12.62   -17.56    -400.9    -35.95    -27.63     1.671      65567    0    0    0    1    1
2016 10 13 19 18  0    0    -5.07    12.69   -17.54    -401.6    -39.08    -28.76     1.658      64868    0    0    0    1    1
2016 10 13 19 19  0    0    -5.07    12.77   -17.47    -401.8    -41.29    -30.78     1.602      64217    0    0    0    1    1
2016 10 13 19 20  0    0    -5.07    12.80   -17.53    -401.9    -41.87    -32.34     1.540      63563    0    0    0    1    1
2016 10 13 19 21  0    0    -5.03    12.82   -17.46    -401.8    -42.44    -32.72     1.532      62924    0    0    0    1    1
2016 10 13 19 22  0    0    -5.07    12.82   -17.42    -401.3    -42.90    -32.77     1.533      62325    0    0    0    1    1
2016 10 13 19 23  0    0    -5.17    12.94   -17.37    -400.1    -42.72    -32.76     1.520      61787    0    0    0    1    1
2016 10 13 19 24  0    0    -5.25    13.07   -17.32    -399.1    -41.99    -32.64     1.465      61221    0    0    0    1    1
2016 10 13 19 25  0    0    -5.27    13.07   -17.40    -399.4    -41.00    -32.26     1.353      60554    0    0    0    1    1
2016 10 13 19 26  0    0    -5.28    13.08   -17.54    -399.1    -38.57    -31.40     1.284      59942    0    0    0    1    1
2016 10 13 19 27  0    0    -5.35    13.09   -17.58    -397.8    -34.14    -29.92     1.260      59529    0    0    0    1    1
2016 10 13 19 28  0    0    -5.51    13.08   -17.59    -396.0    -30.35    -27.53     1.246      59529    0    0    0    1    1
2016 10 13 19 29  0    0    -5.75    12.78   -17.62    -396.1    -26.96    -25.57     1.278      59529    0    0    0    1    1
2016 10 13 19 30  0    0    -5.83    12.35   -17.73    -396.3    -28.40    -25.70     1.347      62550    0    0    0    0    0
2016 10 13 19 31  0    0    -5.83    12.26   -17.75    -395.7    -30.44    -27.34     1.371      62550    0    0    0    0    0
2016 10 13 19 32  0    0    -5.85    12.28   -17.79    -394.9    -32.33    -28.97     1.374      62550    0    0    0    1    1
2016 10 13 19 33  0    0    -5.77    12.42   -17.72    -394.1    -33.54    -30.16     1.364      62825    0    0    0    1    1
2016 10 13 19 34  0    0    -5.74    12.55   -17.59    -393.7    -34.00    -30.77     1.352      62936    0    0    0    1    1
2016 10 13 19 35  0    0    -5.74    12.58   -17.53    -394.1    -34.39    -30.89     1.342      63289    0    0    0    1    1
2016 10 13 19 36  0    0    -5.78    12.57   -17.54    -394.3    -35.40    -29.86     1.348      63442    0    0    0    0    0
2016 10 13 19 37  0    0    -5.81    12.64   -17.52    -393.9    -36.39    -28.19     1.357      64374    0    0    0    0    0
2016 10 13 19 38  0    0    -5.71    12.76   -17.55    -393.8    -36.58    -27.12     1.368      65041    0    0    0    0    0
2016 10 13 19 39  0    0    -5.66    12.80   -17.56    -393.8    -37.34    -27.38     1.380      66450    0    0    0    0    0
2016 10 13 19 40  0    0    -5.46    12.81   -17.56    -396.4    -38.74    -30.11     1.414      67951    0    0    0    0    0
2016 10 13 19 41  0    0    -5.46    13.00   -17.39    -396.5    -39.82    -31.02     1.406      68299    0    0    0    0    0
2016 10 13 19 42  0    0    -5.51    13.12   -17.26    -394.3    -39.24    -30.71     1.406      69015    0    0    0    0    0
2016 10 13 19 43  0    0    -5.57    13.10   -17.22    -393.9    -36.86    -28.47     1.389      69278    0    0    0    0    0
2016 10 13 19 44  0    0    -5.78    12.86   -17.43    -395.4    -34.60    -25.67     1.362      67662    0    0    0    0    0
2016 10 13 19 45  0    0    -5.75    12.70   -17.47    -395.9    -34.38    -25.44     1.376      67432    0    0    0    0    0
2016 10 13 19 46  0    0    -5.68    12.71   -17.46    -394.9    -33.12    -25.12     1.412      69591    0    0    0    0    0
2016 10 13 19 47  0    0    -5.67    12.71   -17.47    -394.4    -31.48    -23.89     1.450      70991    0    0    0    0    0
2016 10 13 19 48  0    0    -5.82    12.54   -17.51    -392.8    -30.11    -22.04     1.463      71320    0    0    0    0    0
2016 10 13 19 49  0    0    -5.95    12.37   -17.61    -391.1    -29.27    -20.87     1.455      69392    0    0    0    0    0
2016 10 13 19 50  0    0    -5.92    12.36   -17.73    -390.6    -29.40    -21.41     1.428      64605    0    0    0    0    0
2016 10 13 19 51  0    0    -5.82    12.47   -17.69    -390.5    -30.64    -22.31     1.434      63452    0    0    0    0    0
2016 10 13 19 52  0    0    -5.88    12.50   -17.67    -390.0    -32.58    -23.25     1.509      63818    0    0    0    0    0
2016 10 13 19 53  0    0    -6.21    12.52   -17.63    -388.7    -32.32    -23.15     1.541      65817    0    0    0    0    0
2016 10 13 19 54  0    0    -6.36    12.28   -17.62    -387.1    -30.58    -21.43     1.486      70560    0    0    0    0    0
2016 10 13 19 55  0    0    -6.53    12.07   -17.62    -387.9    -27.90    -19.84     1.443      72011    0    0    0    0    0
2016 10 13 19 56  0    0    -6.58    11.98   -17.62    -388.8    -28.09    -19.12     1.396      62430    0    0    0    0    0
2016 10 13 19 57  0    0    -6.57    12.06   -17.57    -389.5    -28.78    -19.06     1.368      62430    0    0    0    0    0
2016 10 13 19 58  0    0    -6.46    12.22   -17.44    -389.0    -29.38    -19.56     1.344      62444    0    0    0    0    0
2016 10 13 19 59  0    0    -6.20    12.76   -17.08    -389.3    -33.57    -21.22     1.351      63213    0    0    0    0    0
2016 10 13 20  0  0    0    -6.18    12.76   -17.07    -388.6    -36.15    -24.04     1.366      63296    0    0    0    0    0
2016 10 13 20  1  0    0    -6.37    12.62   -17.08    -387.0    -36.53    -24.04     1.380      63299    0    0    0    0    0
2016 10 13 20  2  0    0    -6.32    12.69   -17.08    -385.3    -36.64    -24.08     1.402      64127    0    0    0    0    0
2016 10 13 20  3  0    0    -6.13    12.82   -17.09    -384.4    -36.06    -23.46     1.431      64913    0    0    0    0    0
2016 10 13 20  4  0    0    -5.97    12.82   -17.09    -384.2    -33.16    -22.29     1.449      63652    0    0    0    0    0
2016 10 13 20  5  0    0    -5.90    12.86   -17.13    -384.0    -27.79    -21.02     1.437      61348    0    0    0    0    0
2016 10 13 20  6  0    0    -6.55    13.05   -17.25    -386.7    -23.51    -17.92     1.408      63249    0    0    0    0    0
2016 10 13 20  7  0    0    -6.55    13.15   -17.45    -388.4    -20.38    -17.02     1.393      64076    0    0    0    0    0
2016 10 13 20  8  0    0    -6.44    13.11   -17.46    -387.1    -16.51    -15.79     1.352      57021    0    0    0    0    0
2016 10 13 20  9  0    0    -6.42    12.89   -17.46    -386.6    -16.03    -13.51     1.343      54418    0    0    0    0    0
2016 10 13 20 10  0    0    -6.46    12.58   -17.54    -386.5    -16.03    -12.98     1.354      54249    0    0    0    0    0
2016 10 13 20 11  0    0    -6.47    12.45   -17.58    -385.3    -16.39    -13.22     1.341      52229    0    0    0    0    0
2016 10 13 20 12  0    0    -6.48    12.42   -17.61    -384.3    -18.15    -13.89     1.313      49897    0    0    0    0    0
2016 10 13 20 13  0    0    -6.60    12.42   -17.66    -384.9    -21.21    -16.01     1.296      47099    0    0    0    0    0
2016 10 13 20 14  0    0    -6.56    12.37   -17.63    -386.1    -23.92    -17.35     1.316      43727    0    0    0    0    0
2016 10 13 20 15  0    0    -6.64    12.26   -17.56    -386.7    -26.07    -17.46     1.339      40728    0    0    0    0    0
2016 10 13 20 16  0    0    -6.72    12.22   -17.60    -387.6    -29.37    -18.39     1.356      39637    0    0    0    1    1
2016 10 13 20 17  0    0    -7.01    11.68   -17.91    -388.1    -32.20    -19.72     1.353      41968    0    0    0    1    1
2016 10 13 20 18  0    0    -7.04    11.75   -17.98    -386.8    -30.35    -18.28     1.337      44094    0    0    0    1    1
2016 10 13 20 19  0    0    -7.16    11.85   -17.98    -385.7    -29.73    -17.78     1.331      44848    0    0    0    1    1
2016 10 13 20 20  0    0    -7.26    12.05   -17.78    -385.0    -31.23    -19.01     1.353      41280    0    0    0    1    1
2016 10 13 20 21  0    0    -7.22    12.23   -17.56    -384.5    -33.26    -20.67     1.350      37118    0    0    0    0    0
2016 10 13 20 22  0    0    -7.08    12.41   -17.56    -384.7    -34.70    -21.30     1.308      37497    0    0    0    0    0
2016 10 13 20 23  0    0    -7.08    12.65   -17.59    -386.4    -37.03    -21.85     1.329      38003    0    0    0    0    0
2016 10 13 20 24  0    0    -7.10    12.64   -17.69    -387.1    -38.37    -22.50     1.353      36105    0    0    0    0    0
2016 10 13 20 25  0    0    -7.00    12.44   -17.73    -387.1    -39.03    -22.27     1.371      35458    0    0    0    0    0
2016 10 13 20 26  0    0    -6.77    12.33   -17.68    -388.0    -39.48    -20.58     1.381      35458    0    0    0    0    0
2016 10 13 20 27  0    0    -6.46    12.12   -17.65    -388.4    -39.35    -20.63     1.381      34311    0    0    0    0    0
2016 10 13 20 28  0    0    -6.44    12.13   -17.57    -387.8    -38.89    -21.34     1.426      34226    0    0    0    0    0
2016 10 13 20 29  0    0    -6.50    12.17   -17.57    -385.5    -37.58    -21.05     1.436      35342    0    0    0    0    0
2016 10 13 20 30  0    0    -6.63    12.20   -17.58    -382.8    -35.92    -20.46     1.434      36347    0    0    0    0    0
2016 10 13 20 31  0    0    -6.93    12.18   -17.60    -380.1    -33.68    -19.56     1.419      36347    0    0    0    0    0
2016 10 13 20 32  0    0    -7.09    12.13   -17.61    -378.4    -32.81    -18.89     1.399      35492    0    0    0    0    0
2016 10 13 20 33  0    0    -6.93    12.09   -17.65    -378.5    -33.96    -18.43     1.391      34768    0    0    0    1    1
2016 10 13 20 34  0    0    -6.99    12.09   -17.70    -379.5    -34.37    -18.35     1.376      36082    0    0    0    1    1
2016 10 13 20 35  0    0    -7.09    12.01   -17.73    -382.0    -32.56    -17.88     1.570      38596    0    0    0    1    1
2016 10 13 20 36  0    0    -7.08    11.87   -17.74    -382.2    -32.32    -17.27     1.429      38352    0    0    0    0    0
2016 10 13 20 37  0    0    -7.08    11.86   -17.74    -380.8    -32.37    -17.60     1.437      35911    0    0    0    0    0
2016 10 13 20 38  0    0    -7.39    11.86   -17.71    -379.4    -32.21    -17.88     1.437      35545    0    0    0    0    0
2016 10 13 20 39  0    0    -7.80    11.85   -17.70    -378.7    -31.32    -17.38     1.428      36146    0    0    0    0    0
2016 10 13 20 40  0    0    -7.83    11.73   -17.69    -379.8    -29.83    -15.98     1.463      36568    0    0    0    0    0
2016 10 13 20 41  0    0    -7.50    11.51   -18.00    -384.7    -24.30     -9.53     1.528      33457    0    0    0    0    0
2016 10 13 20 42  0    0    -7.38    11.33   -18.17    -384.6    -19.53     -7.04     1.546      31850    0    0    0    0    0
2016 10 13 20 43  0    0    -6.98    11.49   -18.30    -389.7    -24.90     -9.06     1.530      31740    0    0    0    0    0
2016 10 13 20 44  0    0    -6.75    11.66   -18.55    -390.2    -25.68     -9.24     1.463      30805    0    0    0    0    0
2016 10 13 20 45  0    0    -6.73    11.79   -18.48    -391.1    -23.67     -8.76     1.326      30805    0    0    0    0    0
2016 10 13 20 46  0    0    -6.72    11.90   -18.40    -390.4    -23.90     -8.47     1.274      31214    0    0    0    0    0
2016 10 13 20 47  0    0    -6.63    12.01   -18.38    -390.1    -25.79     -9.51     1.296      33624    0    0    0    0    0
2016 10 13 20 48  0    0    -6.50    12.03   -18.34    -392.2    -26.20     -9.18     1.326      37807    0    0    0    0    0
2016 10 13 20 49  0    0    -6.49    12.03   -18.29    -391.5    -25.76     -8.20     1.329      37548    0    0    0    0    0
2016 10 13 20 50  0    0    -6.51    12.07   -18.26    -389.7    -25.94     -8.25     1.327      36446    0    0    0    0    0
2016 10 13 20 51  0    0    -6.55    12.34   -18.08    -387.7    -28.38    -10.76     1.353      32244    0    0    0    0    0
2016 10 13 20 52  0    0    -6.63    12.21   -18.12    -385.9    -30.27    -13.12     1.349      31334    0    0    0    0    0
2016 10 13 20 53  0    0    -6.75    12.01   -18.19    -383.9    -31.25    -14.60     1.355      32087    0    0    0    0    0
2016 10 13 20 54  0    0    -6.90    11.86   -18.20    -381.5    -31.38    -15.11     1.381      33700    0    0    0    0    0
2016 10 13 20 55  0    0    -6.90    11.96   -18.13    -381.0    -30.59    -15.29     1.385      38464    0    0    0    0    0
2016 10 13 20 56  0    0    -6.90    12.30   -17.94    -382.0    -30.26    -15.02     1.360      38795    0    0    0    0    0
2016 10 13 20 57  0    0    -6.84    12.42   -18.00    -385.0    -32.09    -16.57     1.353      34847    0    0    0    0    0
2016 10 13 20 58  0    0    -6.71    12.46   -18.03    -386.2    -31.36    -15.47     1.360      34017    0    0    0    0    0
2016 10 13 20 59  0    0    -6.71    12.39   -18.03    -386.0    -25.79    -11.78     1.367      35117    0    0    0    0    0
2016 10 13 21  0  0    0    -6.78    12.25   -18.03    -384.1    -22.98     -9.56     1.382      35830    0    0    0    0    0
2016 10 13 21  1  0    0    -6.85    12.09   -18.03    -381.0    -23.17     -9.06     1.401      35830    0    0    0    0    0
2016 10 13 21  2  0    0    -6.97    12.18   -18.01    -380.8    -24.88    -10.40     1.409      35800    0    0    0    0    0
2016 10 13 21  3  0    0    -6.98    12.21   -17.94    -381.9    -24.24     -9.19     1.436      35795    0    0    0    0    0
2016 10 13 21  4  0    0    -7.08    12.34   -18.04    -382.4    -21.24     -9.37     1.474      36134    0    0    0    0    0
2016 10 13 21  5  0    0    -7.10    12.47   -17.86    -382.5    -18.81    -10.85     1.524      39238    0    0    0    0    0
2016 10 13 21  6  0    0    -7.09    13.01   -17.53    -385.1    -16.53    -16.85     1.503      36523    0    0    0    0    0
2016 10 13 21  7  0    0    -6.96    12.93   -17.41    -386.1    -16.67    -16.83     1.434      32625    0    0    0    0    0
2016 10 13 21  8  0    0    -7.03    12.46   -17.75    -385.8    -17.97    -16.98     1.395      31961    0    0    0    0    0
2016 10 13 21  9  0    0    -7.18    12.22   -18.00    -383.9    -19.45    -15.67     1.392      31906    0    0    0    0    0
2016 10 13 21 10  0    0    -7.29    12.23   -18.00    -381.0    -21.19    -12.77     1.403      31906    0    0    0    0    0
2016 10 13 21 11  0    0    -7.27    12.24   -18.01    -379.3    -20.15    -11.34     1.411      32639    0    0    0    1    1
2016 10 13 21 12  0    0    -7.21    12.10   -18.13    -378.1    -18.31    -10.36     1.438      34999    0    0    0    1    1
2016 10 13 21 13  0    0    -7.18    11.94   -18.11    -377.1    -16.70     -9.49     1.476      39213    0    0    0    1    1
2016 10 13 21 14  0    0    -7.22    12.44   -17.56    -376.9    -16.25     -9.13     1.493      43155    0    0    0    1    1
2016 10 13 21 15  0    0    -7.27    13.50   -16.94    -378.9    -19.02    -11.19     1.450      41228    0    0    0    1    1
2016 10 13 21 16  0    0    -7.37    13.47   -17.04    -379.1    -22.60    -13.67     1.404      39052    0    0    0    0    0
2016 10 13 21 17  0    0    -7.48    13.43   -17.09    -378.1    -23.71    -15.14     1.371      37532    0    0    0    0    0
2016 10 13 21 18  0    0    -7.56    13.43   -17.15    -377.2    -23.51    -15.73     1.347      35371    0    0    0    0    0
2016 10 13 21 19  0    0    -7.64    13.50   -17.25    -377.2    -22.94    -15.05     1.319      32332    0    0    0    0    0
2016 10 13 21 20  0    0    -7.69    13.52   -17.27    -377.9    -21.16    -12.47     1.273      29800    0    0    0    0    0
2016 10 13 21 21  0    0    -7.70    13.48   -17.32    -378.1    -20.37    -10.81     1.280      29047    0    0    0    0    0
2016 10 13 21 22  0    0    -7.80    13.42   -17.40    -378.3    -21.19    -10.73     1.336      29190    0    0    0    0    0
2016 10 13 21 23  0    0    -7.87    13.16   -17.45    -378.5    -21.13    -10.17     1.370      30078    0    0    0    0    0
2016 10 13 21 24  0    0    -7.88    12.96   -17.48    -378.3    -20.65     -9.99     1.378      31161    0    0    0    0    0
2016 10 13 21 25  0    0    -7.94    13.06   -17.49    -377.9    -20.37    -10.83     1.340      31989    0    0    0    0    0
2016 10 13 21 26  0    0    -8.02    13.20   -17.42    -377.5    -20.36    -11.68     1.295      32483    0    0    0    0    0
2016 10 13 21 27  0    0    -8.04    13.13   -17.36    -377.1    -19.95    -11.41     1.287      32483    0    0    0    0    0
2016 10 13 21 28  0    0    -8.05    13.03   -17.41    -376.8    -19.22    -10.73     1.288      31890    0    0    0    0    0
2016 10 13 21 29  0    0    -8.12    12.85   -17.60    -376.5    -19.13    -11.01     1.327      29978    0    0    0    0    0
2016 10 13 21 30  0    0    -8.30    12.65   -17.74    -376.3    -18.77    -11.74     1.416      28434    0    0    0    1    1
2016 10 13 21 31  0    0    -8.22    12.55   -17.73    -376.2    -19.19    -11.43     1.396      28599    0    0    0    1    1
2016 10 13 21 32  0    0    -7.92    12.68   -17.68    -377.8    -20.10    -11.24     1.366      30017    0    0    0    1    1
2016 10 13 21 33  0    0    -7.77    12.96   -17.64    -379.4    -21.57    -11.58     1.377      33196    0    0    0    1    1
2016 10 13 21 34  0    0    -7.62    13.19   -17.63    -379.6    -21.80    -11.60     1.399      34550    0    0    0    0    0
2016 10 13 21 35  0    0    -7.60    13.18   -17.62    -380.7    -22.48    -11.48     1.416      35856    0    0    0    0    0
2016 10 13 21 36  0    0    -7.79    13.01   -17.61    -380.3    -22.55    -11.85     1.442      38933    0    0    0    0    0
2016 10 13 21 37  0    0    -7.88    12.91   -17.61    -379.7    -22.25    -12.10     1.468      39640    0    0    0    0    0
2016 10 13 21 38  0    0    -8.02    12.78   -17.62    -379.7    -21.80    -11.61     1.473      38578    0    0    0    0    0
2016 10 13 21 39  0    0    -8.04    12.69   -17.69    -380.5    -22.48    -11.48     1.457      38164    0    0    0    0    0
2016 10 13 21 40  0    0    -7.95    12.68   -17.72    -381.3    -22.75    -11.47     1.453      38164    0    0    0    0    0
2016 10 13 21 41  0    0    -7.78    12.68   -17.72    -380.2    -23.61    -11.43     1.521      38164    0    0    0    0    0
2016 10 13 21 42  0    0    -7.76    12.87   -17.78    -379.6    -23.68     -9.94     1.629      37305    0    0    0    0    0
2016 10 13 21 43  0    0    -7.85    12.85   -17.84    -379.0    -23.68     -8.81     1.631      36275    0    0    0    0    0
2016 10 13 21 44  0    0    -8.00    12.57   -17.94    -378.4    -23.70     -7.99     1.616      35864    0    0    0    0    0
2016 10 13 21 45  0    0    -8.06    12.34   -18.02    -378.3    -23.67     -7.18     1.639      35864    0    0    0    0    0
2016 10 13 21 46  0    0    -8.02    12.32   -18.02    -378.7    -24.11     -6.72     1.661      35347    0    0    0    0    0
2016 10 13 21 47  0    0    -7.92    12.30   -18.03    -378.4    -24.50     -6.52     1.673      35151    0    0    0    0    0
2016 10 13 21 48  0    0    -7.83    12.21   -18.06    -378.2    -24.69     -6.24     1.729      34895    0    0    0    0    0
2016 10 13 21 49  0    0    -7.87    12.20   -18.07    -378.4    -25.22     -6.24     1.801      34930    0    0    0    0    0
2016 10 13 21 50  0    0    -7.91    12.38   -18.04    -378.6    -26.02     -6.86     1.833      35203    0    0    0    0    0
2016 10 13 21 51  0    0    -7.90    12.55   -17.99    -378.8    -26.33     -7.79     1.843      35231    0    0    0    0    0
2016 10 13 21 52  0    0    -7.91    12.55   -17.95    -378.8    -25.30     -8.30     1.843      35788    0    0    0    0    0
2016 10 13 21 53  0    0    -7.95    12.39   -18.00    -378.6    -23.76     -7.96     1.843      36276    0    0    0    0    0
2016 10 13 21 54  0    0    -7.97    12.23   -18.14    -378.3    -22.76     -7.41     1.848      36403    0    0    0    0    0
2016 10 13 21 55  0    0    -8.02    12.16   -18.22    -378.2    -22.58     -7.20     1.878      35707    0    0    0    0    0
2016 10 13 21 56  0    0    -8.09    12.20   -18.18    -378.3    -23.12     -7.95     1.920      34813    0    0    0    0    0
2016 10 13 21 57  0    0    -8.19    12.15   -18.16    -378.9    -23.49     -8.25     1.935      34634    0    0    0    0    0
2016 10 13 21 58  0    0    -8.27    12.21   -18.12    -379.5    -23.74     -7.92     1.904      34135    0    0    0    0    0
2016 10 13 21 59  0    0    -8.37    12.33   -18.04    -379.6    -24.07     -7.84     1.850      33905    0    0    0    0    0
2016 10 13 22  0  0    0    -8.45    12.37   -18.01    -379.6    -24.72     -8.09     1.829      33836    0    0    0    0    0
2016 10 13 22  1  0    0    -8.48    12.35   -18.03    -379.6    -26.04     -8.90     1.913      33808    0    0    0    0    0
2016 10 13 22  2  0    0    -8.49    12.26   -18.10    -379.1    -26.54     -9.83     2.207      34429    0    0    0    0    0
2016 10 13 22  3  0    0    -8.51    12.25   -18.12    -378.6    -26.14    -10.27     2.211      35182    0    0    0    0    0
2016 10 13 22  4  0    0    -8.54    12.28   -18.13    -378.3    -25.64     -9.62     2.220      35503    0    0    0    0    0
2016 10 13 22  5  0    0    -8.62    12.32   -18.15    -378.7    -25.62     -8.82     2.304      34982    0    0    0    0    0
2016 10 13 22  6  0    0    -8.62    12.41   -18.16    -379.1    -26.11     -8.76     2.108      33003    0    0    0    0    0
2016 10 13 22  7  0    0    -8.63    12.47   -18.19    -378.9    -26.36     -8.99     2.100      31913    0    0    0    0    0
2016 10 13 22  8  0    0    -8.67    12.57   -18.21    -378.5    -26.34     -9.08     2.131      31456    0    0    0    0    0
2016 10 13 22  9  0    0    -8.72    12.63   -18.21    -378.6    -26.35     -9.32     1.970      31174    0    0    0    0    0
2016 10 13 22 10  0    0    -8.53    12.53   -18.27    -379.3    -26.03     -9.77     1.845      34869    0    0    0    0    0
2016 10 13 22 11  0    0    -8.64    12.15   -18.31    -379.6    -25.40     -9.76     1.936      36769    0    0    0    0    0
2016 10 13 22 12  0    0    -8.84    11.81   -18.37    -380.3    -24.85     -8.39     1.917      36263    0    0    0    0    0
2016 10 13 22 13  0    0    -8.92    11.73   -18.39    -380.3    -24.63     -7.68     1.787      33548    0    0    0    0    0
2016 10 13 22 14  0    0    -8.93    12.01   -18.09    -380.2    -24.29     -7.31     1.749      32925    0    0    0    0    0
2016 10 13 22 15  0    0    -8.87    12.27   -18.04    -380.1    -22.62     -7.27     1.745      32925    0    0    0    0    0
2016 10 13 22 16  0    0    -8.83    12.43   -18.10    -380.5    -19.74     -7.79     1.764      31182    0    0    0    0    0
2016 10 13 22 17  0    0    -8.71    12.94   -17.83    -380.4    -20.22     -9.45     1.784      28969    0    0    0    0    0
2016 10 13 22 18  0    0    -8.66    13.37   -17.66    -380.0    -22.37    -11.65     1.823      27270    0    0    0    0    0
2016 10 13 22 19  0    0    -8.66    13.87   -17.54    -379.9    -23.85    -12.65     1.801      26467    0    0    0    0    0
2016 10 13 22 20  0    0    -8.57    14.03   -17.51    -380.2    -25.21    -12.84     1.878      25689    0    0    0    0    0
2016 10 13 22 21  0    0    -8.28    13.90   -17.54    -380.9    -25.67    -12.30     1.982      24706    0    0    0    0    0
2016 10 13 22 22  0    0    -8.25    13.72   -17.58    -381.6    -25.44    -11.95     2.003      24367    0    0    0    0    0
2016 10 13 22 23  0    0    -8.52    13.83   -17.59    -381.5    -25.00    -11.78     1.921      24196    0    0    0    0    0
2016 10 13 22 24  0    0    -8.69    14.06   -17.58    -381.2    -24.84    -11.89     1.872      24193    0    0    0    0    0
2016 10 13 22 25  0    0    -8.84    14.07   -17.50    -380.9    -25.24    -12.07     1.855      24776    0    0    0    0    0
2016 10 13 22 26  0    0    -8.90    13.82   -17.68    -381.4    -25.85    -12.31     1.862      27316    0    0    0    0    0
2016 10 13 22 27  0    0    -8.90    13.44   -17.81    -382.4    -25.73    -11.76     1.849      29313    0    0    0    0    0
2016 10 13 22 28  0    0    -8.88    13.50   -17.83    -382.5    -25.96    -11.37     1.805      28816    0    0    0    0    0
2016 10 13 22 29  0    0    -8.85    13.59   -17.83    -382.3    -25.76    -10.97     1.765      24914    0    0    0    0    0
2016 10 13 22 30  0    0    -8.85    13.72   -17.81    -382.1    -25.05    -10.98     1.766      24940    0    0    0    0    0
2016 10 13 22 31  0    0    -8.91    13.85   -17.81    -381.7    -23.34     -9.58     1.823      25325    0    0    0    0    0
2016 10 13 22 32  0    0    -9.26    13.85   -17.65    -381.7    -23.06     -9.66     1.851      25587    0    0    0    0    0
2016 10 13 22 33  0    0    -9.27    13.86   -17.47    -381.1    -24.62    -11.84     1.835      27253    0    0    0    0    0
2016 10 13 22 34  0    0    -9.20    13.94   -17.49    -379.8    -25.64    -12.59     1.819      27392    0    0    0    0    0
2016 10 13 22 35  0    0    -9.02    14.12   -17.58    -379.5    -26.45    -12.72     1.812      25141    0    0    0    0    0
2016 10 13 22 36  0    0    -8.85    14.26   -17.62    -380.5    -26.87    -11.58     1.881      23958    0    0    0    0    0
2016 10 13 22 37  0    0    -8.91    14.33   -17.62    -380.9    -26.76    -11.02     1.969      24108    0    0    0    0    0
2016 10 13 22 38  0    0    -8.95    14.29   -17.63    -380.7    -25.88     -9.57     1.987      23988    0    0    0    0    0
2016 10 13 22 39  0    0    -9.16    14.15   -17.66    -381.1    -24.56     -8.49     1.922      24115    0    0    0    0    0
2016 10 13 22 40  0    0    -9.37    14.04   -17.65    -382.5    -25.69     -8.73     1.841      26638    0    0    0    0    0
2016 10 13 22 41  0    0    -9.40    14.06   -17.58    -382.7    -25.49     -8.37     1.869      26689    0    0    0    0    0
2016 10 13 22 42  0    0    -9.63    14.21   -17.22    -381.8    -24.05     -7.51     1.878      27024    0    0    0    0    0
2016 10 13 22 43  0    0    -9.45    14.21   -17.25    -381.7    -22.32     -6.95     1.891      27024    0    0    0    0    0
2016 10 13 22 44  0    0    -9.51    14.17   -17.23    -380.6    -22.37     -7.18     1.881      27024    0    0    0    0    0
2016 10 13 22 45  0    0    -9.54    14.04   -17.24    -380.1    -22.61     -7.33     1.836      26137    0    0    0    0    0
2016 10 13 22 46  0    0    -9.56    13.98   -17.44    -379.6    -22.05     -7.21     1.746      24696    0    0    0    0    0
2016 10 13 22 47  0    0    -9.59    13.92   -17.56    -378.6    -21.61     -7.04     1.698      24174    0    0    0    0    0
2016 10 13 22 48  0    0    -9.65    13.86   -17.59    -377.7    -20.96     -6.67     1.688      24372    0    0    0    0    0
2016 10 13 22 49  0    0    -9.75    13.83   -17.61    -376.8    -20.06     -6.15     1.692      24711    0    0    0    0    0
2016 10 13 22 50  0    0    -9.89    13.82   -17.68    -375.6    -19.50     -6.01     1.697      24892    0    0    0    0    0
2016 10 13 22 51  0    0   -10.01    13.81   -17.75    -374.4    -18.88     -7.27     1.707      24892    0    0    0    0    0
2016 10 13 22 52  0    0   -10.07    13.77   -17.78    -374.7    -18.60     -7.51     1.663      24892    0    0    0    0    0
2016 10 13 22 53  0    0    -9.82    13.73   -17.78    -379.8    -17.08     -5.88     1.525      28297    0    0    0    0    0
2016 10 13 22 54  0    0    -9.16    14.38   -17.59    -381.5    -13.90     -7.14     1.506      28780    0    1    1    1    1
2016 10 13 22 55  0    0    -5.75    18.23   -14.45    -383.1     -9.50    -11.87     1.501      28781    0    2    2    2    1
2016 10 13 22 56  0    0    -1.24    21.75   -10.25    -385.1     -6.29    -16.41     1.496      28775    0    1    1    2    1
2016 10 13 22 57  0    0     1.17    23.16    -7.31    -386.7     -4.10    -20.78     1.491      28769    0    1    1    2    1
2016 10 13 22 58  0    0     1.41    23.45    -6.73    -387.1     -2.49    -23.17     1.493      28764    0    1    1    1    1
2016 10 13 22 59  0    0     1.37    23.44    -6.69    -386.8     -1.64    -23.61     1.499      28759    0    0    0    1    1
2016 10 13 23  0  0    0     1.89    23.42    -6.60    -385.7     -0.11    -22.55     1.487      28755    0    0    0    1    1
2016 10 13 23  1  0    0     2.17    23.39    -6.54    -384.7      1.51    -20.46     1.460      28751    0    0    0    1    1
2016 10 13 23  2  0    0     1.91    23.37    -6.63    -384.2      2.48    -18.04     1.433      28746    0    0    0    1    1
2016 10 13 23  3  0    0     1.76    23.36    -6.88    -383.6      2.68    -16.64     1.419      28742    0    0    0    1    1
2016 10 13 23  4  0    0     1.79    23.35    -7.05    -382.7      2.31    -16.45     1.407      28738    0    0    0    1    1
2016 10 13 23  5  0    0     1.55    23.38    -6.67    -385.0      0.76    -18.62     1.395      28731    0    0    0    1    1
2016 10 13 23  6  0    0     1.72    23.34    -6.43    -390.7      0.72    -21.55     1.464      28722    0    0    0    1    1
2016 10 13 23  7  0    0     2.21    23.28    -6.47    -393.0     -1.04    -21.03     1.599      28716    0    0    0    1    1
2016 10 13 23  8  0    0     1.88    23.21    -6.63    -394.1     -2.72    -20.21     1.678      28714    0    0    0    1    1
2016 10 13 23  9  0    0     1.78    23.20    -6.71    -395.2     -2.58    -19.45     1.715      32341    0    0    0    1    1
2016 10 13 23 10  0    0     1.09    23.15    -6.84    -396.0     -2.82    -20.57     1.691      32972    0    0    0    1    1
2016 10 13 23 11  0    0     1.00    23.13    -6.85    -395.5     -2.37    -20.05     1.659      29155    0    0    0    1    1
2016 10 13 23 12  0    0     1.02    23.10    -6.90    -393.4     -1.79    -17.33     1.652      28692    0    0    0    1    1
2016 10 13 23 13  0    0     1.16    23.08    -6.97    -391.8     -1.35    -15.60     1.650      28688    0    0    0    1    1
2016 10 13 23 14  0    0     1.27    23.05    -7.01    -391.5     -1.47    -15.83     1.654      28683    0    0    0    1    1
2016 10 13 23 15  0    0     1.08    23.03    -7.00    -390.4     -2.25    -16.32     1.661      28679    0    0    0    1    1
2016 10 13 23 16  0    0     0.91    23.03    -6.96    -387.5     -3.20    -16.66     1.667      28676    0    0    0    1    1
2016 10 13 23 17  0    0     0.85    23.02    -6.95    -384.5     -3.34    -16.68     1.670      28673    0    0    0    1    1
2016 10 13 23 18  0    0     0.82    23.02    -6.95    -381.4     -3.14    -16.57     1.671      28671    0    0    0    1    1
2016 10 13 23 19  0    0     0.84    22.99    -6.98    -380.5     -1.94    -16.33     1.668      28667    0    0    0    1    1
2016 10 13 23 20  0    0     1.12    22.96    -6.98    -380.5     -1.08    -16.28     1.638      28662    0    0    0    1    1
2016 10 13 23 21  0    0     1.55    22.93    -7.06    -380.4     -0.21    -16.32     1.584      28657    0    0    0    1    1
2016 10 13 23 22  0    0     1.61    22.92    -7.11    -378.4      0.30    -14.26     1.561      28654    0    0    0    1    1
2016 10 13 23 23  0    0     1.59    22.89    -7.14    -376.3      0.73    -12.25     1.554      28650    0    0    0    1    1
2016 10 13 23 24  0    0     1.58    22.86    -7.17    -375.2      1.14    -11.77     1.574      28646    0    0    0    1    1
2016 10 13 23 25  0    0     1.40    22.80    -7.23    -374.4      1.20    -12.12     1.613      28642    0    0    0    1    1
2016 10 13 23 26  0    0     0.19    22.71    -7.24    -378.7     -1.47    -19.40     1.639      28634    0    0    0    1    1
2016 10 13 23 27  0    0    -0.01    22.76    -7.13    -378.9     -2.18    -17.32     1.620      28629    0    0    0    1    1
2016 10 13 23 28  0    0     0.34    22.79    -7.00    -379.3     -3.43    -15.21     1.610      28623    0    0    0    1    1
2016 10 13 23 29  0    0     0.82    22.80    -6.96    -379.4     -3.96    -14.66     1.613      28619    0    0    0    1    1
2016 10 13 23 30  0    0     1.38    22.79    -6.85    -382.1     -2.62    -13.98     1.623      28722    0    0    0    1    1
2016 10 13 23 31  0    0     1.68    22.76    -6.63    -384.1     -2.17    -14.04     1.632      30452    0    0    0    1    1
2016 10 13 23 32  0    0     1.83    22.74    -6.71    -382.5     -1.45    -13.44     1.651      30220    0    0    0    1    1
2016 10 13 23 33  0    0     1.87    22.68    -6.90    -381.3     -0.88    -13.06     1.684      28675    0    0    0    1    1
2016 10 13 23 34  0    0     1.87    22.64    -7.07    -379.6     -1.38    -13.14     1.673      28594    0    0    0    1    1
2016 10 13 23 35  0    0     1.87    22.60    -7.16    -378.7     -2.45    -13.58     1.633      28590    0    0    0    1    1
2016 10 13 23 36  0    0     1.92    22.56    -7.21    -378.6     -3.09    -14.17     1.602      28585    0    0    0    1    1
2016 10 13 23 37  0    0     2.03    22.51    -7.37    -378.8     -2.34    -15.02     1.593      28580    0    0    0    1    1
2016 10 13 23 38  0    0     2.08    22.50    -7.38    -378.9      0.01    -15.95     1.582      28575    0    0    0    1    1
2016 10 13 23 39  0    0     2.10    22.53    -7.28    -377.8      1.59    -16.43     1.588      28571    0    0    0    1    1
2016 10 13 23 40  0    0     2.11    22.55    -7.22    -376.3      2.46    -17.02     1.614      28567    0    0    0    1    1
2016 10 13 23 41  0    0     2.06    22.56    -7.19    -375.6      3.53    -18.20     1.665      28563    0    0    0    1    1
2016 10 13 23 42  0    0     2.06    22.59    -7.06    -376.3      3.20    -17.90     1.663      28558    0    0    0    1    1
2016 10 13 23 43  0    0     2.20    22.64    -6.84    -378.2      2.07    -18.48     1.624      28551    0    0    0    1    1
2016 10 13 23 44  0    0     2.28    22.65    -6.77    -379.3      0.79    -19.26     1.588      28546    0    0    0    1    1
2016 10 13 23 45  0    0     2.21    22.59    -6.84    -382.6      0.69    -20.22     1.532      28539    0    0    0    1    1
2016 10 13 23 46  0    0     2.21    22.48    -6.93    -383.3      1.11    -19.81     1.528      28533    0    0    0    1    1
2016 10 13 23 47  0    0     2.16    22.40    -7.03    -382.6      0.98    -19.68     1.523      28529    0    0    0    1    1
2016 10 13 23 48  0    0     1.82    22.40    -7.00    -381.7      0.01    -22.63     1.528      28525    0    0    0    1    1
2016 10 13 23 49  0    0     1.57    22.39    -6.97    -380.6     -0.26    -23.89     1.550      28521    0    0    0    1    1
2016 10 13 23 50  0    0     1.52    22.38    -6.96    -379.3      0.54    -22.87     1.580      28517    0    0    0    1    1
2016 10 13 23 51  0    0     1.49    22.37    -6.96    -378.2      1.40    -21.27     1.601      28515    0    0    0    1    1
2016 10 13 23 52  0    0     1.36    22.34    -7.07    -377.5      1.93    -20.28     1.629      28706    0    0    0    1    1
2016 10 13 23 53  0    0     1.19    22.31    -7.24    -377.2      2.31    -19.92     1.671      30309    0    0    0    1    1
2016 10 13 23 54  0    0     1.18    22.30    -7.19    -377.6      2.66    -19.50     1.690      32578    0    0    0    1    1
2016 10 13 23 55  0    0     1.17    22.28    -7.17    -378.2      2.50    -19.62     1.594      31563    0    0    0    1    1
2016 10 13 23 56  0    0     1.03    22.24    -7.20    -379.2      2.73    -19.24     1.506      30582    0    0    0    0    1
2016 10 13 23 57  0    0     0.72    22.20    -6.91    -379.7      3.19    -19.32     1.522      33113    0    0    0    0    1
2016 10 13 23 58  0    0     0.46    22.23    -6.79    -380.5      5.52    -17.78     1.569      34771    0    0    0    0    0
2016 10 13 23 59  0    0     0.50    22.25    -6.49    -384.1      9.41    -20.43     1.656      36446    0    0    0    0    0
2016 10 14  0  0  0    0     0.86    22.28    -6.18    -385.7      9.80    -23.48     1.642      39737    0    0    0    0    0
2016 10 14  0  1  0    0     1.09    22.29    -6.08    -387.4     10.48    -21.95     1.542      42976    0    0    0    0    0
2016 10 14  0  2  0    0     1.11    22.29    -5.99    -389.0     14.53     -8.82     1.426      46311    0    0    0    0    0
2016 10 14  0  3  0    0     1.12    22.32    -5.96    -389.0     17.62     -1.96     1.661      47764    0    0    0    0    0
2016 10 14  0  4  0    0     1.10    22.36    -5.81    -389.7     16.46     -1.36     2.122      46956    0    0    0    0    0
2016 10 14  0  5  0    0     0.97    22.33    -5.83    -390.0     12.50     -6.53     2.386      41942    0    0    0    0    0
2016 10 14  0  6  0    0     0.95    22.24    -5.98    -389.0     10.74     -9.28     2.443      33826    0    0    0    0    0
2016 10 14  0  7  0    0     1.04    22.18    -6.33    -386.3      9.18     -8.60     2.461      26979    0    0    0    0    0
2016 10 14  0  8  0    0     0.88    22.15    -6.50    -385.2      8.05     -6.15     2.478      23660    0    0    0    0    0
2016 10 14  0  9  0    0     0.79    22.10    -6.83    -386.0      7.39     -4.14     2.504      22347    0    0    0    0    0
2016 10 14  0 10  0    0     1.15    22.00    -7.22    -386.1      6.94     -3.66     2.510      22171    0    0    0    0    0
2016 10 14  0 11  0    0     1.26    21.95    -7.40    -384.8      6.80     -7.55     2.509      22549    0    0    0    0    0
2016 10 14  0 12  0    0     1.33    21.92    -7.49    -383.6      6.33     -9.43     2.493      24318    0    0    0    0    0
2016 10 14  0 13  0    0     1.40    21.88    -7.61    -384.1      6.01     -7.56     2.423      30154    0    0    0    0    0
2016 10 14  0 14  0    0     1.29    21.73    -8.07    -385.1      7.00     -6.27     2.301      33883    0    0    0    0    0
2016 10 14  0 15  0    0     1.11    21.64    -8.08    -385.1      9.98     -5.74     2.189      31939    0    0    0    0    0
2016 10 14  0 16  0    0     0.97    21.60    -8.00    -384.7     11.59     -4.90     2.102      28426    0    0    0    0    0
2016 10 14  0 17  0    0     0.85    21.50    -8.56    -384.5     11.72     -5.10     2.047      25329    0    0    0    0    0
2016 10 14  0 18  0    0     0.75    21.27    -9.30    -384.5     12.03     -7.74     2.004      23327    0    0    0    0    0
2016 10 14  0 19  0    0     0.69    21.04    -9.85    -384.8     12.75     -9.12     1.999      22641    0    0    0    0    0
2016 10 14  0 20  0    0     0.85    20.96   -10.10    -385.8     14.95     -7.20     2.032      26198    0    0    0    0    0
2016 10 14  0 21  0    0     1.04    20.88   -10.23    -386.2     18.31     -4.67     2.029      27448    0    0    0    0    0
2016 10 14  0 22  0    0     1.22    20.94    -9.86    -386.0     19.84     -4.16     2.003      24111    0    0    0    0    0
2016 10 14  0 23  0    0     0.91    20.96    -9.74    -385.5     20.00     -4.76     1.964      23138    0    0    0    0    0
2016 10 14  0 24  0    0     0.84    20.86   -10.01    -384.2     19.35     -5.90     1.926      23379    0    0    0    0    0
2016 10 14  0 25  0    0     0.75    20.80   -10.15    -382.4     16.84     -7.03     1.907      25825    0    0    0    0    0
2016 10 14  0 26  0    0     0.37    20.86    -9.91    -380.1     11.93     -7.91     1.914      31409    0    0    0    0    0
2016 10 14  0 27  0    0     0.59    20.85    -9.95    -379.0      9.94     -8.35     1.959      36673    0    0    0    0    0
2016 10 14  0 28  0    0     1.24    20.55   -10.57    -380.6      8.04    -10.48     2.080      44056    0    0    0    0    0
2016 10 14  0 29  0    0     1.28    20.11   -11.31    -382.4      5.96    -11.15     2.283      51615    0    0    0    0    0
2016 10 14  0 30  0    0     0.64    20.69   -10.27    -383.1      6.04     -9.78     2.458      55971    0    0    0    0    0
2016 10 14  0 31  0    0     0.61    20.97    -9.53    -382.2      7.25     -8.77     2.570      55974    0    0    0    0    0
2016 10 14  0 32  0    0     0.79    20.88    -9.70    -381.2      7.89    -11.90     2.645      55921    0    0    0    0    0
2016 10 14  0 33  0    0     1.02    20.73   -10.00    -380.6      8.88     -8.84     2.699      55765    0    0    0    0    0
2016 10 14  0 34  0    0     1.04    20.69   -10.09    -380.6     11.28     -8.09     2.701      55562    0    0    0    0    0
2016 10 14  0 35  0    0     1.07    20.53   -10.40    -379.6     11.08     -8.71     2.643      55357    0    0    0    0    0
2016 10 14  0 36  0    0     1.12    20.29   -10.92    -378.3     10.30    -10.90     2.538      55141    0    0    0    0    0
2016 10 14  0 37  0    0     1.53    20.00   -11.52    -377.7      7.77    -12.00     2.496      54920    0    0    0    0    0
2016 10 14  0 38  0    0     1.80    19.79   -11.92    -377.7      5.63    -12.63     2.510      54813    0    0    0    0    0
2016 10 14  0 39  0    0     1.97    19.77   -11.95    -377.6      4.02    -14.17     2.491      54891    0    0    0    0    0
2016 10 14  0 40  0    0     2.15    19.92   -11.71    -377.7      2.99    -17.36     2.371      55051    0    0    0    0    0
2016 10 14  0 41  0    0     2.67    19.97   -11.62    -379.0      7.19    -21.65     2.575      55247    0    0    0    0    0
2016 10 14  0 42  0    0     2.26    20.37   -11.25    -380.1      8.31    -24.76     3.257      55442    0    0    0    0    0
2016 10 14  0 43  0    0     1.95    20.41   -11.20    -379.4      5.45    -24.81     3.307      55480    0    0    0    0    0
2016 10 14  0 44  0    0     1.66    20.05   -11.42    -377.5      3.69    -24.88     3.318      55430    0    0    0    0    0
2016 10 14  0 45  0    0     1.53    19.38   -12.25    -376.9      2.64    -24.56     3.330      55282    0    0    0    0    0
2016 10 14  0 46  0    0     2.27    17.46   -14.69    -384.2     14.63    -13.40     3.342      54881    0    0    0    0    0
2016 10 14  0 47  0    0     2.62    17.55   -14.62    -385.8     19.58     -7.40     3.336      54737    0    0    0    0    0
2016 10 14  0 48  0    0     2.50    17.91   -14.20    -383.5     16.97     -8.56     3.326      54669    0    0    0    0    0
2016 10 14  0 49  0    0     2.32    18.18   -13.85    -380.2     13.80    -10.01     3.316      54613    0    0    0    0    0
2016 10 14  0 50  0    0     2.07    18.46   -13.53    -377.5      5.77    -13.91     3.302      54564    0    0    0    0    0
2016 10 14  0 51  0    0     1.79    18.72   -13.20    -375.3     -0.69    -17.49     3.284      54516    0    0    0    0    0
2016 10 14  0 52  0    0     1.46    18.90   -12.94    -374.3     -2.36    -19.43     3.260      54463    0    0    0    0    0
2016 10 14  0 53  0    0     1.45    18.78   -13.21    -374.2     -1.56    -17.05     3.232      54390    0    0    0    0    0
2016 10 14  0 54  0    0     1.37    18.71   -13.30    -375.0     -0.39    -16.65     3.202      54407    1    0    0    0    1
2016 10 14  0 55  0    0     1.23    17.92   -14.39    -375.3      1.74    -15.95     3.175      54536    1    0    0    0    2
2016 10 14  0 56  0    0     1.29    17.67   -14.80    -375.5      3.87    -15.25     3.146      54638    0    1    1    0    1
2016 10 14  0 57  0    0     1.52    18.41   -13.95    -375.8      6.01    -14.55     3.113      54644    0    2    2    0    0
2016 10 14  0 58  0    0     1.38    19.00   -13.25    -376.8      9.56    -13.74     3.077      54626    0    1    1    0    0
2016 10 14  0 59  0    0     1.23    19.43   -12.69    -376.6      8.14    -12.87     3.050      54580    0    0    0    0    0
2016 10 14  1  0  0    0     1.22    19.63   -12.28    -376.2      5.73    -13.39     3.026      54490    1    1    1    1    1
2016 10 14  1  1  0    0     1.25    19.78   -11.97    -375.9      4.90    -14.44     3.002      54428    1    1    1    1    1
2016 10 14  1  2  0    0     1.16    19.87   -11.85    -376.2      6.00    -12.45     2.973      54480    0    0    0    0    0
2016 10 14  1  3  0    0     1.22    19.79   -12.15    -377.9     10.80     -8.57     2.928      54489    0    0    0    0    0
2016 10 14  1  4  0    0     1.31    19.79   -12.28    -378.1     14.98     -7.34     2.886      54443    0    0    0    0    0
2016 10 14  1  5  0    0     1.21    19.80   -12.29    -379.6     19.81     -8.87     2.839      54362    0    0    0    0    0
2016 10 14  1  6  0    0     1.11    19.90   -12.23    -379.9     26.69    -12.15     2.808      54361    0    0    0    0    0
2016 10 14  1  7  0    0     1.01    20.02   -12.11    -379.1     30.06    -13.62     2.785      54367    0    0    0    0    0
2016 10 14  1  8  0    0     1.01    20.07   -12.07    -377.9     25.52    -12.93     2.763      54211    0    0    0    0    0
2016 10 14  1  9  0    0     1.03    20.09   -12.07    -376.7     19.26    -11.60     2.735      53992    0    0    0    0    0
2016 10 14  1 10  0    0     1.03    20.09   -12.08    -375.7     15.01    -10.73     2.700      53753    0    0    0    0    0
2016 10 14  1 11  0    0     0.99    20.11   -12.07    -375.1     14.54    -11.19     2.656      53529    0    0    0    0    0
2016 10 14  1 12  0    0     1.01    20.20   -12.00    -374.9     15.20    -12.35     2.610      53394    0    0    0    0    0
2016 10 14  1 13  0    0     1.04    20.31   -11.92    -375.2     14.58    -13.11     2.544      53262    0    0    0    0    0
2016 10 14  1 14  0    0     1.15    20.37   -11.87    -375.7      9.40    -13.01     2.388      53184    0    0    0    0    0
2016 10 14  1 15  0    0     1.40    20.45   -11.75    -376.0      6.11    -12.06     2.237      53158    0    0    0    0    0
2016 10 14  1 16  0    0     1.50    20.53   -11.61    -375.8      5.82    -11.70     2.096      53065    0    0    0    0    0
2016 10 14  1 17  0    0     1.51    20.60   -11.50    -375.5      6.33    -11.79     1.961      52856    0    0    0    0    0
2016 10 14  1 18  0    0     1.45    20.68   -11.40    -375.3      6.94    -11.58     1.825      52655    0    0    0    0    0
2016 10 14  1 19  0    0     1.24    20.77   -11.31    -377.3      6.84    -10.00     1.498      52483    0    0    0    0    0
2016 10 14  1 20  0    0     1.37    20.79   -11.18    -379.6      7.37     -8.75     1.406      52363    0    0    0    0    0
2016 10 14  1 21  0    0     1.54    20.78   -11.11    -381.0      6.27     -6.87     1.539      52188    0    0    0    0    0
2016 10 14  1 22  0    0     1.62    20.81   -10.96    -383.8      5.21     -5.84     1.582      51921    0    0    0    0    0
2016 10 14  1 23  0    0     1.46    20.94   -10.44    -385.2      5.35     -5.59     1.698      51680    0    0    0    0    0
2016 10 14  1 24  0    0     1.18    21.27    -9.88    -385.0      4.95     -5.84     1.748      51493    0    0    0    0    0
2016 10 14  1 25  0    0     0.98    21.56    -9.30    -384.0      3.92     -6.80     1.728      51326    0    0    0    0    0
2016 10 14  1 26  0    0     0.88    21.72    -8.72    -383.2      2.80     -7.76     1.655      48890    0    0    0    0    0
2016 10 14  1 27  0    0     0.81    21.76    -8.31    -383.2      2.62     -7.83     1.565      42699    0    0    0    0    0
2016 10 14  1 28  0    0     0.68    21.74    -8.31    -383.3      3.84     -7.17     1.566      36312    0    0    0    0    0
2016 10 14  1 29  0    0     0.34    21.72    -8.44    -382.5      4.97     -6.87     1.669      30785    0    0    0    0    0
2016 10 14  1 30  0    0    -0.29    21.71    -8.46    -381.0      5.47     -7.36     1.811      26632    0    0    0    0    0
2016 10 14  1 31  0    0    -0.76    21.61    -8.11    -379.6      5.31     -8.33     1.888      30327    0    0    0    0    0
2016 10 14  1 32  0    0    -0.82    21.60    -8.44    -378.5      4.32     -8.87     1.884      27504    0    0    0    0    0
2016 10 14  1 33  0    0    -0.80    21.58    -8.58    -378.3      2.98     -9.09     1.860      25778    0    0    0    0    0
2016 10 14  1 34  0    0    -1.25    21.52    -8.56    -378.0      2.76     -8.95     1.878      25612    0    0    0    0    0
2016 10 14  1 35  0    0    -2.01    21.48    -8.52    -377.1      3.86     -8.26     1.921      28329    0    0    0    0    0
2016 10 14  1 36  0    0    -2.48    21.47    -8.49    -377.3      5.80     -6.55     1.898      30900    0    0    0    0    0
2016 10 14  1 37  0    0    -2.36    21.48    -8.50    -378.4      5.71     -5.62     1.662      21911    0    0    0    0    0
2016 10 14  1 38  0    0    -2.31    21.50    -8.54    -380.0      4.56     -7.86     1.524      18223    0    0    0    0    0
2016 10 14  1 39  0    0    -2.32    21.53    -8.42    -380.1      4.17     -9.58     1.571      19621    0    0    0    0    0
2016 10 14  1 40  0    0    -2.25    21.61    -8.29    -381.1      3.60    -10.16     1.738      29752    0    0    0    0    0
2016 10 14  1 41  0    0    -2.11    21.65    -8.23    -383.1      3.32     -9.22     1.674      29752    0    0    0    0    0
2016 10 14  1 42  0    0    -2.01    21.67    -8.19    -382.9      3.54     -8.34     1.629      29696    0    0    0    0    0
2016 10 14  1 43  0    0    -1.72    21.64    -8.23    -382.2      4.11     -8.65     1.634      29495    0    0    0    0    0
2016 10 14  1 44  0    0    -1.11    21.57    -8.43    -381.9      5.69     -9.71     1.638      28886    0    0    0    0    0
2016 10 14  1 45  0    0    -0.88    21.51    -8.59    -381.2      9.73    -10.95     1.640      27607    0    0    0    0    0
2016 10 14  1 46  0    0    -0.89    21.52    -8.56    -381.2     11.84    -11.36     1.657      27607    0    0    0    0    0
2016 10 14  1 47  0    0    -0.88    21.56    -8.49    -381.9      9.93    -10.95     1.712      27193    0    0    0    0    0
2016 10 14  1 48  0    0    -0.62    21.61    -8.38    -382.5      7.44    -10.49     1.781      25577    0    0    0    0    0
2016 10 14  1 49  0    0    -0.39    21.64    -8.31    -382.5      8.10    -10.28     1.828      25338    0    0    0    0    0
2016 10 14  1 50  0    0    -0.29    21.65    -8.31    -382.4      9.22    -10.37     1.816      24412    0    0    0    0    0
2016 10 14  1 51  0    0    -0.37    21.65    -8.31    -382.6     10.16    -11.21     1.706      23275    0    0    0    0    0
2016 10 14  1 52  0    0    -0.49    21.67    -8.27    -382.8     10.06    -11.18     1.629      22542    0    0    0    0    1
2016 10 14  1 53  0    0    -0.45    21.70    -8.17    -382.5      8.79    -11.18     1.635      22919    0    0    0    0    2
2016 10 14  1 54  0    0    -0.38    21.75    -8.03    -382.0      8.34    -11.60     1.639      23881    0    0    0    0    2
2016 10 14  1 55  0    0    -0.33    21.84    -7.79    -381.6      8.50    -13.23     1.638      23854    0    0    0    0    1
2016 10 14  1 56  0    0    -0.28    21.94    -7.54    -380.9      7.23    -15.14     1.631      23509    0    0    0    0    0
2016 10 14  1 57  0    0    -0.24    21.97    -7.44    -379.7      6.61    -16.10     1.623      20631    0    0    0    0    0
2016 10 14  1 58  0    0    -0.20    22.03    -7.24    -379.2      6.63    -13.99     1.601      19543    0    0    0    0    0
2016 10 14  1 59  0    0    -0.17    22.08    -7.03    -379.7      5.93    -13.19     1.564      19401    0    0    0    0    0
2016 10 14  2  0  0    0    -0.10    22.13    -6.74    -380.6      5.10    -16.77     1.566      22108    0    0    0    0    0
2016 10 14  2  1  0    0    -0.13    22.13    -6.73    -380.6      5.59    -18.80     1.580      22896    0    0    0    0    0
2016 10 14  2  2  0    0    -0.54    22.23    -6.28    -381.5      7.59    -18.88     1.653      27997    0    0    0    0    0
2016 10 14  2  3  0    0    -0.14    22.05    -6.76    -385.5      8.66    -17.83     1.772      32486    0    0    0    0    0
2016 10 14  2  4  0    0     0.19    21.65    -7.93    -388.1      7.56    -17.32     2.068      32515    0    0    0    0    0
2016 10 14  2  5  0    0     0.20    21.52    -8.27    -388.0      6.59    -16.14     2.286      32934    0    0    0    0    0
2016 10 14  2  6  0    0     0.44    21.51    -8.27    -388.1      6.17    -13.91     2.337      32569    0    0    0    0    0
2016 10 14  2  7  0    0     0.53    21.52    -8.22    -395.9      8.88     -1.28     2.283      27535    0    0    0    0    0
2016 10 14  2  8  0    0     0.72    21.45    -8.35    -397.2      4.35      1.73     2.367      32026    0    0    0    0    0
2016 10 14  2  9  0    0     0.98    21.37    -8.58    -397.1      2.36      2.92     2.350      33660    0    0    0    0    0
2016 10 14  2 10  0    0     1.03    21.41    -8.59    -396.6      2.90      2.76     2.326      32892    0    0    0    0    0
2016 10 14  2 11  0    0     0.97    21.49    -8.38    -395.9      4.34      1.84     2.267      29761    0    0    0    0    0
2016 10 14  2 12  0    0     0.94    21.59    -8.16    -395.1      5.62      1.20     2.226      29761    0    0    0    0    0
2016 10 14  2 13  0    0     1.05    21.87    -6.83    -394.9      5.47      1.05     2.216      30890    0    0    0    0    0
2016 10 14  2 14  0    0     1.11    21.88    -6.85    -394.9      4.52      1.73     2.299      32074    0    0    0    0    0
2016 10 14  2 15  0    0     0.83    21.88    -6.72    -393.5      4.25      1.34     2.344      32094    0    0    0    0    0
2016 10 14  2 16  0    0     0.38    21.93    -6.64    -392.3      4.02      0.94     2.399      37388    0    0    0    0    0
2016 10 14  2 17  0    0    -0.33    21.97    -6.77    -391.6      3.38      1.27     2.480      40579    0    0    0    0    0
2016 10 14  2 18  0    0    -0.98    21.99    -6.79    -391.2      2.66      2.62     2.533      40693    0    0    0    0    0
2016 10 14  2 19  0    0    -1.31    22.03    -6.55    -391.2      2.16      3.94     2.529      40788    0    0    0    0    0
2016 10 14  2 20  0    0    -1.50    22.09    -6.26    -391.4      2.33      3.93     2.500      40795    0    0    0    0    0
2016 10 14  2 21  0    0    -1.74    22.14    -6.05    -392.0      2.86      3.12     2.415      40729    0    0    0    0    0
2016 10 14  2 22  0    0    -1.92    22.15    -5.87    -392.4      2.02      2.75     2.326      40594    0    0    0    0    0
2016 10 14  2 23  0    0    -2.03    22.15    -5.70    -392.9      0.24      2.60     2.309      40335    0    0    0    0    0
2016 10 14  2 24  0    0    -2.21    22.14    -5.61    -394.3     -0.63      3.92     2.342      40003    0    0    0    0    0
2016 10 14  2 25  0    0    -2.35    22.13    -5.60    -395.2      1.06      7.58     2.344      39639    0    0    0    0    0
2016 10 14  2 26  0    0    -2.51    22.11    -5.54    -395.1      2.07     10.26     2.282      39304    0    0    0    0    0
2016 10 14  2 27  0    0    -2.57    22.10    -5.22    -395.1      3.93     11.81     2.177      38918    0    0    0    0    0
2016 10 14  2 28  0    0    -2.48    22.10    -5.22    -395.1      5.75     12.21     2.052      38653    0    0    0    0    0
2016 10 14  2 29  0    0    -2.38    22.10    -5.13    -394.0      6.37     12.77     2.017      38409    0    0    0    0    0
2016 10 14  2 30  0    0    -2.32    22.09    -5.09    -392.5      9.93     13.88     2.080      38094    0    0    0    0    0
2016 10 14  2 31  0    0    -2.29    22.08    -5.02    -390.6     12.35     14.69     2.129      37733    0    0    0    0    0
2016 10 14  2 32  0    0    -2.30    22.09    -4.91    -388.5     13.15     14.69     2.145      37349    0    0    0    0    0
2016 10 14  2 33  0    0    -2.42    22.12    -4.73    -386.2     12.65     12.36     2.141      36972    0    0    0    0    0
2016 10 14  2 34  0    0    -2.62    22.17    -4.57    -384.7     12.41      9.74     2.134      36599    0    0    0    0    0
2016 10 14  2 35  0    0    -2.81    22.21    -4.42    -383.9     12.18      7.92     2.112      36205    0    0    0    0    0
2016 10 14  2 36  0    0    -2.90    22.22    -4.30    -383.4     11.80      6.91     2.059      35784    0    0    0    0    0
2016 10 14  2 37  0    0    -2.92    22.23    -4.13    -382.9     10.64      6.05     1.979      35357    0    0    0    0    0
2016 10 14  2 38  0    0    -3.06    22.24    -3.82    -382.4      8.14      5.59     1.891      34941    0    0    0    0    0
2016 10 14  2 39  0    0    -3.39    22.27    -3.58    -381.8      5.04      4.72     1.807      34562    0    0    0    0    0
2016 10 14  2 40  0    0    -3.00    22.31    -3.35    -380.9      1.11      3.60     1.680      34215    0    0    0    0    0
2016 10 14  2 41  0    0    -3.16    22.36    -3.15    -379.4     -5.87      2.91     1.591      33646    0    0    0    0    0
2016 10 14  2 42  0    0    -3.28    22.42    -2.92    -378.1    -11.13      2.79     1.532      33013    0    0    0    0    0
2016 10 14  2 43  0    0    -3.34    22.46    -2.76    -376.6    -13.57      2.50     1.511      32365    0    0    0    0    0
2016 10 14  2 44  0    0    -3.37    22.47    -2.65    -374.9    -14.00      1.58     1.519      31707    0    0    0    0    0
2016 10 14  2 45  0    0    -3.42    22.47    -2.56    -373.1    -13.49     -0.53     1.549      31012    0    0    0    0    0
2016 10 14  2 46  0    0    -3.42    22.46    -2.39    -371.2    -13.29     -1.87     1.576      30282    0    0    0    0    0
2016 10 14  2 47  0    0    -3.40    22.44    -2.33    -369.6    -15.26     -2.24     1.559      29483    0    0    0    0    0
2016 10 14  2 48  0    0    -3.33    22.42    -2.42    -368.9    -19.23     -1.80     1.503      28634    0    0    0    0    0
2016 10 14  2 49  0    0    -3.22    22.39    -2.54    -368.9    -21.84     -2.15     1.485      27876    0    0    0    0    0
2016 10 14  2 50  0    0    -3.21    22.37    -2.53    -368.4    -21.61     -4.08     1.526      27296    0    0    0    0    0
2016 10 14  2 51  0    0    -3.32    22.36    -2.48    -366.9    -19.95     -6.90     1.590      26816    0    0    0    0    0
2016 10 14  2 52  0    0    -3.41    22.35    -2.31    -365.4    -18.56     -8.48     1.637      26331    0    0    0    0    0
2016 10 14  2 53  0    0    -3.50    22.32    -2.26    -364.2    -17.97     -9.06     1.656      25827    0    0    0    0    0
2016 10 14  2 54  0    0    -3.55    22.30    -2.27    -362.8    -18.19     -9.16     1.656      25342    0    0    0    0    0
2016 10 14  2 55  0    0    -3.54    22.28    -2.29    -361.3    -18.96     -9.18     1.639      24894    0    0    0    0    0
2016 10 14  2 56  0    0    -3.43    22.28    -2.28    -360.2    -20.08     -9.25     1.579      24494    0    0    0    0    0
2016 10 14  2 57  0    0    -3.35    22.28    -2.22    -359.5    -20.83     -9.24     1.461      24024    0    0    0    0    0
2016 10 14  2 58  0    0    -3.27    22.26    -2.23    -359.2    -20.47     -9.99     1.458      23290    0    0    0    0    0
2016 10 14  2 59  0    0    -3.00    22.22    -2.37    -359.6    -20.70    -10.91     1.701      22086    0    0    0    0    1
2016 10 14  3  0  0    0    -2.74    22.20    -2.46    -359.4    -21.10    -10.81     1.747      20769    0    0    0    0    1
2016 10 14  3  1  0    0    -2.64    22.19    -2.47    -359.2    -21.21    -10.95     1.762      19367    0    0    0    0    1
2016 10 14  3  2  0    0    -2.59    22.19    -2.44    -359.0    -21.72    -13.65     1.771      17950    0    0    0    0    1
2016 10 14  3  3  0    0    -2.54    22.17    -2.24    -358.8    -22.52    -13.73     1.713      16495    0    0    0    0    1
2016 10 14  3  4  0    0    -2.57    22.15    -2.37    -360.2    -23.02     -3.94     1.638      16799    0    0    0    0    0
2016 10 14  3  5  0    0    -2.40    22.11    -2.86    -358.9    -23.08     -3.38     1.656      17963    0    0    0    0    0
2016 10 14  3  6  0    0    -2.36    22.08    -3.02    -358.1    -22.99     -3.10     1.687      18334    0    0    0    0    0
2016 10 14  3  7  0    0    -2.36    22.07    -3.04    -357.5    -22.33     -2.27     1.712      17598    0    0    0    0    0
2016 10 14  3  8  0    0    -2.36    22.04    -3.11    -357.0    -20.68     -0.93     1.735      16173    0    0    0    0    0
2016 10 14  3  9  0    0    -2.33    22.01    -3.18    -356.7    -18.37      0.63     1.778      14876    0    0    0    0    0
2016 10 14  3 10  0    0    -2.11    22.00    -3.18    -358.1    -17.17      2.27     1.856      14306    0    0    0    0    0
2016 10 14  3 11  0    0    -1.87    21.99    -3.16    -364.5    -17.45      6.35     1.953      14076    0    0    0    0    0
2016 10 14  3 12  0    0    -1.59    21.95    -3.33    -365.8    -16.76     10.21     2.022      15360    0    0    0    0    0
2016 10 14  3 13  0    0    -1.47    21.93    -3.72    -365.6    -16.50     12.78     2.062      15611    0    0    0    0    0
2016 10 14  3 14  0    0    -1.43    21.92    -3.81    -364.4    -16.26     14.69     2.077      15611    0    0    0    0    1
2016 10 14  3 15  0    0    -1.35    21.93    -3.63    -363.5    -16.14     15.46     2.078      15109    0    0    0    0    1
2016 10 14  3 16  0    0    -1.18    21.98    -3.27    -363.3    -16.21     15.15     2.070      13995    0    0    0    0    1
2016 10 14  3 17  0    0    -1.03    22.04    -2.99    -363.6    -16.18     13.36     2.046      13315    0    0    0    0    1
2016 10 14  3 18  0    0    -1.01    22.04    -2.79    -363.7    -15.93     10.09     2.020      13596    0    0    0    0    0
2016 10 14  3 19  0    0    -1.00    22.03    -2.59    -363.7    -15.77      8.17     2.026      14543    0    0    0    0    0
2016 10 14  3 20  0    0    -0.99    22.01    -2.46    -363.3    -15.80      7.93     2.069      15262    0    0    0    0    0
2016 10 14  3 21  0    0    -0.98    21.99    -2.41    -362.5    -15.85      8.42     2.122      15346    0    0    0    0    0
2016 10 14  3 22  0    0    -0.96    21.97    -2.44    -361.8    -15.83      9.68     2.174      15287    0    0    0    0    0
2016 10 14  3 23  0    0    -0.88    21.94    -2.54    -362.3    -15.91     12.42     2.249      15049    0    0    0    0    0
2016 10 14  3 24  0    0    -0.73    21.90    -2.70    -367.7    -16.39     19.20     2.280      15955    0    0    0    0    0
2016 10 14  3 25  0    0    -0.64    21.88    -2.74    -367.1    -16.86     17.57     2.232      15968    0    0    0    0    0
2016 10 14  3 26  0    0    -0.51    21.85    -2.84    -366.2    -18.08     15.87     2.198      16369    0    0    0    0    0
2016 10 14  3 27  0    0    -0.40    21.82    -2.85    -365.5    -19.25     14.52     2.156      18683    0    0    0    0    0
2016 10 14  3 28  0    0    -0.33    21.81    -2.71    -364.8    -20.06     13.75     2.124      19581    0    0    0    0    0
2016 10 14  3 29  0    0    -0.27    21.83    -2.35    -364.5    -20.38     13.05     2.173      19713    0    0    0    0    0
2016 10 14  3 30  0    0    -0.25    21.86    -1.90    -364.5    -20.75     13.61     2.230      19511    0    0    0    0    0
2016 10 14  3 31  0    0    -0.31    21.87    -1.55    -364.7    -21.24     14.92     2.215      18956    0    0    0    0    0
2016 10 14  3 32  0    0    -0.38    21.85    -1.17    -365.1    -21.25     15.70     2.157      16839    0    0    0    0    0
2016 10 14  3 33  0    0    -0.42    21.84    -0.76    -365.3    -21.16     15.65     2.077      16122    0    0    0    0    0
2016 10 14  3 34  0    0    -0.55    21.81    -0.30    -365.2    -22.27     15.20     2.000      16100    0    0    0    0    0
2016 10 14  3 35  0    0    -0.61    21.77     0.10    -365.4    -23.58     13.63     1.960      16093    0    0    0    0    0
2016 10 14  3 36  0    0    -0.58    21.74     0.22    -365.7    -24.08     13.15     1.948      16622    0    0    0    0    0
2016 10 14  3 37  0    0    -0.50    21.71     0.26    -365.5    -24.55     15.06     1.938      17056    0    0    0    0    0
2016 10 14  3 38  0    0    -0.48    21.67     0.27    -365.5    -24.97     17.04     1.930      18215    0    0    0    0    0
2016 10 14  3 39  0    0    -0.50    21.65     0.27    -365.9    -25.03     17.38     1.936      20484    0    0    0    0    0
2016 10 14  3 40  0    0    -0.54    21.61     0.28    -366.3    -25.10     18.07     1.963      23080    0    0    0    0    0
2016 10 14  3 41  0    0    -0.48    21.59     0.34    -366.3    -23.73     18.12     1.959      23297    0    0    0    0    0
2016 10 14  3 42  0    0    -0.55    21.57     0.35    -365.3    -22.53     16.58     1.964      20983    0    0    0    0    0
2016 10 14  3 43  0    0    -0.56    21.55     0.18    -363.9    -22.08     13.69     1.983      18574    0    0    0    0    0
2016 10 14  3 44  0    0    -0.55    21.52     0.05    -362.5    -21.72     10.66     1.996      16586    0    0    0    0    0
2016 10 14  3 45  0    0    -0.55    21.48     0.11    -361.6    -20.91      8.28     1.996      15454    0    0    0    0    0
2016 10 14  3 46  0    0    -0.56    21.46     0.33    -361.3    -19.54      6.56     2.021      15799    0    0    0    0    0
2016 10 14  3 47  0    0    -0.56    21.46     0.73    -361.0    -17.83      5.69     2.072      18248    0    0    0    0    0
2016 10 14  3 48  0    0    -0.55    21.41     1.02    -361.5    -18.01      5.90     2.105      19149    0    0    0    0    0
2016 10 14  3 49  0    0    -0.51    21.38     0.95    -361.9    -19.98      6.42     2.149      19771    0    0    0    0    0
2016 10 14  3 50  0    0    -0.48    21.36     0.84    -361.8    -22.34      5.86     2.184      19814    0    0    0    0    0
2016 10 14  3 51  0    0    -0.50    21.35     0.87    -361.3    -23.93      4.78     2.208      19672    0    0    0    0    0
2016 10 14  3 52  0    0    -0.54    21.34     0.94    -360.6    -25.75      3.87     2.185      18726    0    0    0    0    0
2016 10 14  3 53  0    0    -0.58    21.33     1.02    -360.2    -26.01      3.06     2.198      17754    0    0    0    0    0
2016 10 14  3 54  0    0    -0.65    21.28     1.17    -360.2    -25.80      2.45     2.183      17608    0    0    0    0    0
2016 10 14  3 55  0    0    -0.64    21.24     1.33    -360.5    -26.10      2.16     2.168      17603    0    0    0    0    0
2016 10 14  3 56  0    0    -0.59    21.21     1.48    -360.3    -26.34      2.64     2.154      18033    0    0    0    0    0
2016 10 14  3 57  0    0    -0.54    21.20     1.43    -359.0    -26.00      5.43     2.085      18047    0    0    0    0    0
2016 10 14  3 58  0    0    -0.62    21.18     1.25    -357.9    -25.25      9.24     2.045      18047    0    0    0    0    0
2016 10 14  3 59  0    0    -0.70    21.15     1.09    -357.7    -24.68     12.56     2.024      18055    0    0    0    0    0
2016 10 14  4  0  0    0    -0.66    21.09     1.06    -358.3    -24.51     12.22     2.039      18254    0    0    0    0    0
2016 10 14  4  1  0    0    -0.63    21.07     1.09    -359.1    -24.33      8.56     2.089      18583    0    0    0    0    0
2016 10 14  4  2  0    0    -0.66    20.98     1.07    -358.7    -24.53      7.78     2.246      18650    0    0    0    0    0
2016 10 14  4  3  0    0    -0.91    20.95     0.79    -358.5    -25.23      9.91     2.529      18667    0    0    0    0    0
2016 10 14  4  4  0    0    -1.07    20.95     0.57    -358.9    -25.92     13.06     2.644      18674    0    0    0    0    0
2016 10 14  4  5  0    0    -0.22    20.74     0.96    -363.6    -24.59     14.00     2.373      18290    0    1    1    1    1
2016 10 14  4  6  0    0    -0.28    20.68     1.56    -364.0    -24.81     13.59     2.420      18679    0    1    1    1    1
2016 10 14  4  7  0    0    -0.06    20.71     2.35    -363.9    -25.07     12.42     2.538      19580    0    1    1    1    1
2016 10 14  4  8  0    0     0.25    20.66     2.68    -364.3    -25.53     11.37     2.630      21066    0    1    1    1    1
2016 10 14  4  9  0    0     0.29    20.61     2.59    -364.1    -26.21      9.96     2.672      23008    0    0    0    0    0
2016 10 14  4 10  0    0     0.26    20.61     2.53    -363.5    -26.81      8.88     2.677      24363    0    0    0    0    0
2016 10 14  4 11  0    0     0.21    20.62     2.40    -363.1    -26.81      8.20     2.688      25035    0    0    0    0    0
2016 10 14  4 12  0    0     0.30    20.63     2.10    -362.9    -26.11      7.45     2.747      25383    0    0    0    0    0
2016 10 14  4 13  0    0     0.46    20.63     1.87    -362.8    -25.55      7.50     2.821      25024    0    0    0    0    0
2016 10 14  4 14  0    0     0.41    20.63     1.61    -362.1    -25.48      8.41     2.867      23870    0    0    0    0    0
2016 10 14  4 15  0    0     0.25    20.62     1.54    -360.8    -25.51      9.33     2.872      22323    0    0    0    0    0
2016 10 14  4 16  0    0     0.50    20.58     1.50    -362.1    -24.66      8.13     2.859      22611    0    0    0    0    0
2016 10 14  4 17  0    0     0.64    20.56     1.37    -362.5    -23.44      8.61     2.853      23785    0    0    0    0    0
2016 10 14  4 18  0    0     0.47    20.55     1.36    -361.7    -22.51     11.59     2.861      24383    0    0    0    0    0
2016 10 14  4 19  0    0     0.47    20.55     1.23    -362.7    -20.43     11.88     2.837      23860    0    0    0    0    0
2016 10 14  4 20  0    0     0.34    20.56     1.10    -365.6    -19.10      7.63     2.862      22626    0    0    0    0    0
2016 10 14  4 21  0    0     0.17    20.57     1.06    -366.1    -19.26      7.56     2.914      22533    0    0    0    0    0
2016 10 14  4 22  0    0     0.12    20.57     0.88    -367.2    -18.12      7.01     2.910      22357    0    0    0    0    0
2016 10 14  4 23  0    0    -0.17    20.58     0.74    -368.2    -17.17      3.34     2.749      22357    0    0    0    0    0
2016 10 14  4 24  0    0    -0.23    20.57     0.57    -369.6    -16.58      1.47     2.578      22823    0    0    0    0    0
2016 10 14  4 25  0    0    -0.23    20.56     0.46    -369.5    -16.06      0.75     2.564      23542    0    0    0    0    0
2016 10 14  4 26  0    0    -0.19    20.56     0.39    -368.2    -15.96      0.80     2.646      23619    0    0    0    0    0
2016 10 14  4 27  0    0    -0.10    20.54     0.38    -365.8    -16.47      3.19     2.802      23619    0    0    0    0    0
2016 10 14  4 28  0    0    -0.08    20.52     0.40    -364.0    -16.93      5.37     2.902      23389    0    0    0    0    0
2016 10 14  4 29  0    0    -0.01    20.49     0.41    -364.1    -17.34      6.17     2.885      23205    0    0    0    0    0
2016 10 14  4 30  0    0     0.04    20.46     0.33    -367.2    -17.72      1.76     2.725      25173    0    0    0    0    0
2016 10 14  4 31  0    0    -0.26    20.44     0.16    -367.7    -18.60     -3.22     2.626      25122    0    0    0    0    0
2016 10 14  4 32  0    0    -0.51    20.43     0.11    -367.9    -19.05     -4.42     2.568      24751    0    0    0    0    0
2016 10 14  4 33  0    0    -0.49    20.41     0.11    -367.6    -18.47     -3.40     2.620      24840    0    0    0    0    0
2016 10 14  4 34  0    0    -0.29    20.35     0.08    -367.0    -18.07     -3.08     2.662      25595    0    0    0    0    0
2016 10 14  4 35  0    0    -0.29    20.34     0.08    -366.1    -18.23     -3.17     2.681      26235    0    0    0    0    0
2016 10 14  4 36  0    0    -0.34    20.32     0.08    -365.5    -18.69     -3.31     2.691      26321    0    0    0    0    0
2016 10 14  4 37  0    0    -0.46    20.28    -0.02    -365.4    -20.41     -4.35     2.617      25547    0    0    0    0    0
2016 10 14  4 38  0    0    -1.28    20.22    -0.73    -366.2    -22.71     -8.56     2.439      24403    0    0    0    0    1
2016 10 14  4 39  0    0    -1.38    20.18    -2.17    -367.7    -23.78    -12.03     2.371      23134    0    0    0    0    1
2016 10 14  4 40  0    0    -1.42    20.11    -2.29    -367.7    -23.51    -11.47     2.427      22175    0    0    0    0    1
2016 10 14  4 41  0    0    -1.75    20.03    -2.68    -367.3    -22.63     -9.27     2.511      21320    0    0    0    0    1
2016 10 14  4 42  0    0    -1.75    19.92    -3.28    -366.9    -21.94     -6.23     2.561      21214    0    0    0    0    0
2016 10 14  4 43  0    0    -1.63    19.93    -3.28    -367.5    -22.49     -6.68     2.593      21241    0    0    0    0    0
2016 10 14  4 44  0    0    -1.60    19.98    -2.80    -367.9    -22.77     -7.70     2.609      21508    0    0    0    0    0
2016 10 14  4 45  0    0    -1.40    20.01    -2.68    -367.8    -23.39     -7.99     2.596      21443    0    0    0    0    0
2016 10 14  4 46  0    0    -1.39    20.01    -2.63    -368.1    -23.51     -6.95     2.569      20779    0    0    0    0    0
2016 10 14  4 47  0    0    -1.30    20.02    -2.56    -369.0    -22.25     -5.43     2.580      19414    0    0    0    0    0
2016 10 14  4 48  0    0    -1.13    20.02    -2.55    -368.8    -21.33     -5.43     2.655      18924    0    0    0    0    0
2016 10 14  4 49  0    0    -0.96    20.01    -2.58    -368.3    -20.95     -6.16     2.701      19108    0    0    0    0    0
2016 10 14  4 50  0    0    -0.95    19.99    -2.67    -368.9    -20.23     -7.19     2.720      20096    0    0    0    0    0
2016 10 14  4 51  0    0    -0.93    19.98    -2.77    -368.7    -18.98     -8.15     2.706      21296    0    0    0    0    0
2016 10 14  4 52  0    0    -1.01    19.97    -2.84    -368.1    -18.11     -8.75     2.659      22636    0    0    0    0    0
2016 10 14  4 53  0    0    -1.24    19.94    -2.87    -367.7    -17.45     -8.37     2.573      23908    0    0    0    0    0
2016 10 14  4 54  0    0    -1.43    19.91    -2.67    -367.6    -17.13     -7.75     2.498      23736    0    0    0    0    0
2016 10 14  4 55  0    0    -1.58    19.91    -2.46    -368.0    -18.17     -7.93     2.458      22011    0    0    0    0    0
2016 10 14  4 56  0    0    -1.79    19.91    -2.43    -367.4    -19.50    -11.06     2.475      20384    0    0    0    0    0
2016 10 14  4 57  0    0    -1.71    19.83    -2.88    -367.5    -21.39    -16.35     2.452      20558    0    0    0    0    0
2016 10 14  4 58  0    0    -1.54    19.67    -3.94    -368.1    -22.49    -17.55     2.429      22263    0    0    0    0    0
2016 10 14  4 59  0    0    -1.88    19.66    -3.80    -368.3    -22.58    -18.22     2.420      22227    0    0    0    0    0
2016 10 14  5  0  0    0    -2.47    19.66    -3.65    -367.8    -21.86    -18.35     2.427      22085    0    0    0    0    0
2016 10 14  5  1  0    0    -2.42    19.65    -3.74    -367.4    -20.75    -17.88     2.481      22097    0    0    0    0    0
2016 10 14  5  2  0    0    -2.17    19.65    -3.90    -367.0    -19.06    -17.45     2.526      22275    0    0    0    0    0
2016 10 14  5  3  0    0    -1.86    19.66    -3.89    -366.3    -18.00    -17.27     2.528      22275    0    0    0    0    0
2016 10 14  5  4  0    0    -1.79    19.67    -3.86    -366.0    -18.47    -16.93     2.531      22039    0    0    0    0    0
2016 10 14  5  5  0    0    -1.72    19.67    -3.83    -365.9    -19.13    -16.45     2.537      20363    0    0    0    0    0
2016 10 14  5  6  0    0    -1.56    19.68    -3.79    -365.8    -19.55    -15.98     2.541      20075    0    0    0    0    1
2016 10 14  5  7  0    0    -1.34    19.75    -3.60    -366.0    -19.84    -15.65     2.538      21530    0    0    0    0    1
2016 10 14  5  8  0    0    -1.20    19.79    -3.31    -367.0    -19.90    -16.02     2.538      21774    0    0    0    0    1
2016 10 14  5  9  0    0    -1.43    19.83    -3.30    -368.1    -20.32    -16.51     2.570      22546    0    0    0    0    0
2016 10 14  5 10  0    0    -1.50    19.81    -3.30    -369.2    -20.39    -16.36     2.587      23450    0    0    0    0    0
2016 10 14  5 11  0    0    -1.71    19.79    -3.32    -369.3    -20.14    -16.00     2.574      23017    0    0    0    0    0
2016 10 14  5 12  0    0    -1.91    19.75    -3.40    -369.3    -20.04    -15.69     2.576      22132    0    0    0    0    0
2016 10 14  5 13  0    0    -1.85    19.68    -3.55    -369.8    -20.06    -15.65     2.576      21865    0    0    0    0    0
2016 10 14  5 14  0    0    -1.94    19.61    -3.73    -370.3    -20.02    -15.39     2.584      21865    0    0    0    0    0
2016 10 14  5 15  0    0    -2.07    19.59    -3.76    -369.5    -19.79    -14.98     2.619      22354    0    0    0    0    0
2016 10 14  5 16  0    0    -2.00    19.62    -3.68    -368.1    -19.29    -14.69     2.682      23111    0    0    0    0    0
2016 10 14  5 17  0    0    -1.89    19.66    -3.56    -367.2    -18.40    -14.41     2.792      23048    0    0    0    0    0
2016 10 14  5 18  0    0    -1.88    19.66    -3.56    -367.2    -17.89    -13.37     2.887      21264    0    0    0    0    0
2016 10 14  5 19  0    0    -1.75    19.65    -3.63    -367.7    -17.77    -11.73     2.937      21264    0    0    0    0    0
2016 10 14  5 20  0    0    -1.55    19.63    -3.73    -368.4    -17.53    -12.68     2.936      21687    0    0    0    0    1
2016 10 14  5 21  0    0    -1.54    19.62    -3.80    -370.3    -17.10    -16.28     2.896      23966    0    0    0    0    1
2016 10 14  5 22  0    0    -1.60    19.51    -4.05    -371.0    -18.36    -18.46     2.767      25516    0    0    0    0    1
2016 10 14  5 23  0    0    -1.57    19.45    -4.20    -370.7    -20.47    -19.75     2.636      25986    0    0    0    0    1
2016 10 14  5 24  0    0    -1.52    19.46    -4.07    -370.4    -22.02    -21.53     2.596      27007    0    0    0    0    1
2016 10 14  5 25  0    0    -1.64    19.49    -3.78    -370.3    -22.39    -23.02     2.628      28480    0    0    0    0    0
2016 10 14  5 26  0    0    -1.88    19.48    -3.62    -370.3    -21.94    -22.88     2.737      29042    0    0    0    0    0
2016 10 14  5 27  0    0    -2.07    19.50    -3.41    -371.3    -20.86    -21.70     2.904      28497    0    0    0    0    0
2016 10 14  5 28  0    0    -2.22    19.42    -3.72    -373.9    -19.71    -20.17     3.011      24477    0    0    0    0    0
2016 10 14  5 29  0    0    -2.29    19.37    -3.82    -375.8    -20.47    -18.73     3.018      26738    0    0    0    0    0
2016 10 14  5 30  0    0    -2.36    19.32    -4.01    -375.7    -19.82    -19.14     3.074      34098    0    0    0    0    0
2016 10 14  5 31  0    0    -2.36    19.32    -4.01    -374.7    -17.52    -20.58     3.254      40420    0    0    0    0    0
2016 10 14  5 32  0    0    -2.36    19.32    -4.02    -373.8    -15.83    -21.93     3.378      40047    0    0    0    0    0
2016 10 14  5 33  0    0    -2.38    19.23    -4.32    -373.5    -15.64    -18.50     3.370      28869    0    0    0    0    0
2016 10 14  5 34  0    0    -2.79    19.16    -4.33    -379.3    -17.61    -17.45     3.220      22775    0    0    0    0    0
2016 10 14  5 35  0    0    -3.00    18.66    -5.66    -382.7    -17.58    -19.76     3.171      23927    0    0    0    0    0
2016 10 14  5 36  0    0    -3.05    18.60    -6.17    -382.8    -17.61    -23.40     3.188      26349    0    0    0    0    0
2016 10 14  5 37  0    0    -3.14    18.51    -6.25    -383.2    -17.17    -28.50     3.305      30025    0    0    0    0    0
2016 10 14  5 38  0    0    -3.46    18.11    -6.78    -383.6    -15.77    -29.77     3.517      32370    0    0    0    0    0
2016 10 14  5 39  0    0    -3.95    17.61    -7.88    -383.6    -14.36    -29.19     3.749      34795    0    0    0    0    0
2016 10 14  5 40  0    0    -4.01    17.57    -8.17    -383.5    -13.61    -28.90     3.872      33498    0    0    0    0    0
2016 10 14  5 41  0    0    -3.78    17.86    -7.76    -383.2    -13.92    -30.24     3.832      29897    0    0    0    0    0
2016 10 14  5 42  0    0    -3.77    18.00    -7.53    -383.2    -14.86    -32.86     3.726      27014    0    0    0    0    0
2016 10 14  5 43  0    0    -3.66    18.19    -7.07    -383.9    -15.99    -34.08     3.704      26974    0    0    0    0    0
2016 10 14  5 44  0    0    -3.54    18.32    -6.77    -385.5    -16.54    -33.45     3.858      30179    0    0    0    0    0
2016 10 14  5 45  0    0    -3.44    18.39    -6.62    -386.3    -16.59    -32.35     3.959      31841    0    0    0    0    0
2016 10 14  5 46  0    0    -3.38    18.42    -6.49    -384.9    -16.18    -30.91     3.933      31907    0    0    0    0    0
2016 10 14  5 47  0    0    -3.36    18.43    -6.41    -382.7    -15.89    -29.66     3.870      30160    0    0    0    0    0
2016 10 14  5 48  0    0    -3.36    18.43    -6.38    -380.1    -15.82    -28.67     3.789      26547    0    0    0    0    0
2016 10 14  5 49  0    0    -3.36    18.56    -5.88    -378.7    -16.16    -27.44     3.685      23782    0    0    0    0    0
2016 10 14  5 50  0    0    -3.24    18.59    -5.77    -378.3    -17.06    -24.83     3.557      22491    0    0    0    0    0
2016 10 14  5 51  0    0    -3.13    18.60    -5.79    -378.0    -18.02    -22.36     3.388      21457    0    0    0    0    0
2016 10 14  5 52  0    0    -3.07    18.61    -5.77    -377.4    -18.64    -21.54     3.239      19464    0    0    0    0    0
2016 10 14  5 53  0    0    -3.06    18.60    -5.76    -376.4    -18.96    -21.42     3.152      17723    0    0    0    0    0
2016 10 14  5 54  0    0    -3.08    18.58    -5.77    -375.6    -19.20    -21.15     3.124      17045    0    0    0    0    0
2016 10 14  5 55  0    0    -3.12    18.53    -5.79    -375.3    -19.28    -20.31     3.155      17244    0    0    0    0    0
2016 10 14  5 56  0    0    -3.22    18.47    -5.85    -375.1    -18.32    -18.27     3.283      17853    0    0    0    0    0
2016 10 14  5 57  0    0    -3.30    18.41    -6.05    -375.1    -16.79    -15.98     3.387      17888    0    0    0    0    0
2016 10 14  5 58  0    0    -3.31    18.33    -6.31    -374.8    -15.86    -15.05     3.406      18112    0    0    0    0    0
2016 10 14  5 59  0    0    -3.35    18.22    -6.58    -375.1    -15.22    -13.91     3.395      18583    0    0    0    0    0
2016 10 14  6  0  0    0    -3.24    18.25    -6.43    -375.6    -15.02    -13.30     3.387      18542    0    0    0    0    0
2016 10 14  6  1  0    0    -2.88    18.53    -5.62    -375.7    -14.98    -12.49     3.370      18116    0    0    0    0    0
2016 10 14  6  2  0    0    -2.80    18.66    -5.38    -375.2    -14.07     -9.89     3.379      17123    0    0    0    0    0
2016 10 14  6  3  0    0    -2.63    18.73    -5.17    -374.2    -13.39     -7.29     3.317      16328    0    0    0    0    0
2016 10 14  6  4  0    0    -2.63    18.77    -5.07    -373.3    -13.48     -5.73     3.151      16328    0    0    0    0    0
2016 10 14  6  5  0    0    -2.67    18.74    -5.18    -372.0    -12.89     -4.29     3.063      16605    0    0    0    0    0
2016 10 14  6  6  0    0    -2.82    18.69    -5.32    -370.7    -12.32     -2.73     3.015      18087    0    0    0    0    0
2016 10 14  6  7  0    0    -3.17    18.56    -5.56    -369.6    -12.04     -1.66     3.009      19487    0    0    0    0    0
2016 10 14  6  8  0    0    -3.55    18.38    -5.90    -369.2    -12.05     -1.27     3.029      19969    0    0    0    0    0
2016 10 14  6  9  0    0    -3.62    18.32    -6.11    -368.7    -11.86     -0.63     3.013      19969    0    0    0    0    0
2016 10 14  6 10  0    0    -3.70    18.39    -6.07    -367.3    -11.34      0.71     2.967      19969    0    0    0    0    0
2016 10 14  6 11  0    0    -3.39    18.44    -5.96    -365.1    -10.67      2.12     2.948      19969    0    0    0    0    0
2016 10 14  6 12  0    0    -3.21    18.42    -6.05    -363.5     -9.75      3.20     2.945      20208    0    0    0    0    0
2016 10 14  6 13  0    0    -3.19    18.34    -6.20    -362.5     -8.75      3.90     2.963      20534    0    0    0    0    0
2016 10 14  6 14  0    0    -3.23    18.33    -6.18    -362.5     -8.24      3.91     3.005      20648    0    0    0    0    0
2016 10 14  6 15  0    0    -3.24    18.36    -6.14    -363.4     -8.54      2.56     3.089      19370    0    0    0    0    0
2016 10 14  6 16  0    0    -3.32    18.36    -6.21    -365.0     -8.77      1.12     3.282      16906    0    0    0    0    0
2016 10 14  6 17  0    0    -3.19    18.24    -6.51    -365.5     -7.83      1.08     3.439      16320    0    0    0    0    0
2016 10 14  6 18  0    0    -3.15    18.11    -6.76    -365.5     -6.76      2.19     3.464      16114    0    0    0    0    0
2016 10 14  6 19  0    0    -3.15    18.04    -6.90    -365.6     -6.34      2.71     3.450      15802    0    0    0    0    0
2016 10 14  6 20  0    0    -3.13    18.03    -6.92    -366.4     -6.31      3.02     3.296      15607    0    0    0    0    0
2016 10 14  6 21  0    0    -3.11    18.00    -6.92    -366.7     -6.00      2.98     3.083      15596    0    0    0    0    0
2016 10 14  6 22  0    0    -3.16    17.89    -7.03    -366.7     -7.29      1.87     3.086      18831    0    0    0    0    0
2016 10 14  6 23  0    0    -2.96    17.94    -6.99    -367.4     -9.12      0.98     3.102      19428    0    0    0    0    0
2016 10 14  6 24  0    0    -2.94    18.11    -6.56    -369.0    -11.88     -3.00     3.344      18523    0    0    0    0    0
2016 10 14  6 25  0    0    -2.86    18.23    -6.31    -370.2    -13.28     -6.16     3.615      14772    0    0    0    0    0
2016 10 14  6 26  0    0    -2.74    18.41    -5.78    -370.5    -13.69     -7.80     3.838      13013    0    0    0    0    0
2016 10 14  6 27  0    0    -2.64    18.51    -5.40    -370.1    -14.31     -9.39     3.933      13131    0    0    0    0    0
2016 10 14  6 28  0    0    -2.59    18.57    -5.23    -369.4    -15.21    -11.84     3.989      13252    0    0    0    0    0
2016 10 14  6 29  0    0    -2.59    18.65    -5.09    -368.9    -16.05    -14.11     4.063      13252    0    0    0    0    0
2016 10 14  6 30  0    0    -2.59    18.67    -5.03    -369.1    -15.82    -14.30     4.119      13304    0    0    0    0    0
2016 10 14  6 31  0    0    -2.60    18.67    -5.07    -368.5    -14.61    -13.51     4.266      13512    0    0    0    0    0
2016 10 14  6 32  0    0    -2.62    18.66    -5.14    -366.4    -13.64    -12.20     4.445      13823    0    0    0    0    0
2016 10 14  6 33  0    0    -2.60    18.61    -5.26    -364.7    -13.27    -10.72     4.612      13859    0    0    0    0    0
2016 10 14  6 34  0    0    -2.46    18.62    -5.29    -364.1    -13.18     -9.22     4.719      13835    0    0    0    0    0
2016 10 14  6 35  0    0    -1.97    18.74    -5.20    -365.3    -13.30     -7.76     4.786      13216    0    0    0    0    0
2016 10 14  6 36  0    0    -1.78    18.76    -5.23    -367.1    -11.20     -6.58     4.843      13069    0    0    0    0    0
2016 10 14  6 37  0    0    -1.70    18.73    -5.33    -367.1     -9.46     -7.49     4.867      14639    0    0    0    0    0
2016 10 14  6 38  0    0    -1.77    18.72    -5.33    -366.7     -9.23     -8.55     5.077      14742    0    0    0    0    0
2016 10 14  6 39  0    0    -1.97    18.71    -5.34    -366.6     -9.98     -9.19     4.979      14746    0    0    0    0    0
2016 10 14  6 40  0    0    -1.98    18.70    -5.36    -366.3    -11.00     -9.49     4.683      14746    0    0    0    0    0
2016 10 14  6 41  0    0    -1.91    18.72    -5.30    -366.4    -11.50    -10.64     4.532      14786    0    0    0    0    0
2016 10 14  6 42  0    0    -1.73    18.77    -5.12    -366.8    -10.44    -11.41     4.526      16231    0    0    0    0    0
2016 10 14  6 43  0    0    -1.78    18.77    -5.11    -366.7     -9.51    -11.39     4.561      16257    0    0    0    0    0
2016 10 14  6 44  0    0    -1.92    18.75    -5.15    -365.5     -9.91    -11.25     4.490      15146    0    0    0    0    0
2016 10 14  6 45  0    0    -2.04    18.69    -5.26    -364.4    -10.62    -10.74     4.395      14249    0    0    0    0    0
2016 10 14  6 46  0    0    -2.17    18.65    -5.35    -363.2    -11.11     -9.94     4.393      13887    0    0    0    0    0
2016 10 14  6 47  0    0    -2.28    18.62    -5.39    -361.8    -11.25     -9.01     4.485      13952    0    0    0    0    0
2016 10 14  6 48  0    0    -2.31    18.62    -5.39    -360.2    -11.19     -8.07     4.600      14182    0    0    0    0    0
2016 10 14  6 49  0    0    -2.32    18.62    -5.38    -358.5    -10.79     -7.26     4.703      14193    0    0    0    0    0
2016 10 14  6 50  0    0    -2.29    18.63    -5.31    -357.0    -10.02     -6.18     4.879      13390    0    0    0    0    0
2016 10 14  6 51  0    0    -2.21    18.64    -5.17    -355.9     -9.31     -5.21     5.034      12399    0    0    0    0    0
2016 10 14  6 52  0    0    -2.05    18.68    -5.01    -355.2     -9.42     -5.08     5.003      12320    0    0    0    0    0
2016 10 14  6 53  0    0    -1.94    18.71    -4.92    -355.0     -9.79     -5.30     4.936      11850    0    0    0    0    0
2016 10 14  6 54  0    0    -1.72    18.74    -4.64    -355.7    -10.19     -5.01     5.006      11505    0    0    0    0    0
2016 10 14  6 55  0    0    -1.41    18.77    -4.52    -356.4     -9.13     -5.40     5.370      11831    0    0    0    0    0
2016 10 14  6 56  0    0    -1.43    18.77    -4.44    -356.9     -7.45     -5.86     5.757      12559    0    0    0    0    0
2016 10 14  6 57  0    0    -1.40    18.76    -4.40    -357.5     -7.23     -6.06     5.783      12863    0    0    0    0    0
2016 10 14  6 58  0    0    -1.21    18.77    -4.32    -358.3     -6.89     -6.39     5.858      13042    0    0    0    0    0
2016 10 14  6 59  0    0    -0.99    18.88    -3.81    -360.5     -6.44     -6.33     5.970      13089    0    0    0    0    0
2016 10 14  7  0  0    0    -0.44    18.93    -3.36    -362.1     -6.69     -7.07     5.930      14540    0    0    0    0    0
2016 10 14  7  1  0    0    -0.15    18.94    -3.31    -361.8     -6.87     -7.64     5.854      16602    0    0    0    0    0
2016 10 14  7  2  0    0    -0.22    18.96    -3.30    -361.0     -6.66     -7.50     5.863      16370    0    0    0    0    0
2016 10 14  7  3  0    0    -0.37    18.97    -3.19    -359.9     -6.15     -6.24     5.879      14046    0    0    0    0    0
2016 10 14  7  4  0    0    -0.45    18.95    -3.18    -358.9     -5.76     -4.29     5.843      12250    0    0    0    0    0
2016 10 14  7  5  0    0    -0.58    18.92    -3.21    -357.9     -5.20     -2.37     5.807      11689    0    0    0    0    0
2016 10 14  7  6  0    0    -0.50    18.90    -3.29    -357.0     -4.59     -0.63     5.831      11662    0    0    0    0    0
2016 10 14  7  7  0    0    -0.32    18.89    -3.32    -356.3     -4.18      0.81     5.920      12047    0    0    0    0    0
2016 10 14  7  8  0    0    -0.29    18.90    -3.16    -355.9     -4.13      1.56     6.145      12818    0    0    0    0    0
2016 10 14  7  9  0    0    -0.16    18.92    -2.97    -356.0     -4.33      1.40     6.657      12561    0    0    0    0    0
2016 10 14  7 10  0    0     0.06    18.95    -2.83    -356.3     -4.29      1.67     7.113      11886    0    0    0    0    0
2016 10 14  7 11  0    0     0.02    18.95    -2.71    -356.5     -3.70      2.45     7.529      11785    0    0    0    0    0
2016 10 14  7 12  0    0    -0.17    18.93    -2.75    -355.8     -3.60      3.24     7.850      11389    0    0    0    0    0
2016 10 14  7 13  0    0    -0.40    18.88    -3.07    -354.5     -3.71      3.57     8.104      10694    0    0    0    0    0
2016 10 14  7 14  0    0    -0.42    18.88    -3.06    -354.0     -3.65      3.53     8.133      10305    0    0    0    0    0
2016 10 14  7 15  0    0    -0.72    18.88    -2.99    -354.7     -3.19      3.50     8.097      10317    0    0    0    0    0
2016 10 14  7 16  0    0    -0.92    18.84    -3.11    -356.2     -3.08      2.42     8.049      10953    0    0    0    0    1
2016 10 14  7 17  0    0    -0.89    18.83    -3.14    -356.4     -3.21      1.24     7.972      11613    0    0    0    0    1
2016 10 14  7 18  0    0    -0.73    18.82    -3.04    -356.2     -3.83      0.52     8.011      11612    0    0    0    0    1
2016 10 14  7 19  0    0    -0.47    18.81    -2.93    -356.5     -4.65     -0.32     8.112      11612    0    0    0    0    1
2016 10 14  7 20  0    0    -0.32    18.80    -2.98    -356.7     -4.98     -1.51     8.134      11611    0    0    0    0    1
2016 10 14  7 21  0    0    -0.29    18.78    -3.06    -357.0     -5.03     -2.16     8.090      11611    0    0    0    0    1
2016 10 14  7 22  0    0    -0.31    18.77    -3.06    -357.3     -5.10     -2.41     8.071      11610    0    0    0    0    1
2016 10 14  7 23  0    0    -0.35    18.76    -3.06    -358.0     -5.29     -2.66     8.067      11610    0    0    0    0    1
2016 10 14  7 24  0    0    -0.40    18.73    -3.14    -358.5     -5.52     -2.78     7.957      11609    0    0    0    0    1
2016 10 14  7 25  0    0    -0.44    18.71    -3.18    -358.7     -5.32     -2.25     7.911      11609    0    0    0    0    1
2016 10 14  7 26  0    0    -0.44    18.68    -3.16    -359.1     -4.85     -1.34     8.046      11608    0    0    0    0    1
2016 10 14  7 27  0    0    -0.39    18.68    -3.15    -359.3     -4.61     -1.16     8.106      11608    0    0    0    0    1
2016 10 14  7 28  0    0    -0.39    18.66    -3.15    -359.5     -4.39     -1.67     8.166      11607    0    0    0    0    1
2016 10 14  7 29  0    0    -0.52    18.66    -3.14    -360.0     -4.24     -2.26     7.878      11607    0    0    0    0    1
2016 10 14  7 30  0    0    -0.67    18.66    -3.05    -360.3     -4.37     -2.98     7.525      11606    0    0    0    0    1
2016 10 14  7 31  0    0    -0.78    18.66    -3.01    -360.6     -4.33     -3.00     7.134      11606    0    0    0    1    1
2016 10 14  7 32  0    0    -0.90    18.65    -3.07    -361.2     -4.33     -2.63     6.685      11605    0    0    0    1    1
2016 10 14  7 33  0    0    -0.94    18.58    -3.38    -362.0     -4.16     -2.15     6.295      11604    0    0    0    1    1
2016 10 14  7 34  0    0    -0.94    18.57    -3.40    -362.1     -3.81     -1.96     6.200      11604    0    0    0    1    1
2016 10 14  7 35  0    0    -0.96    18.56    -3.46    -362.2     -3.80     -2.08     6.147      11603    0    0    0    1    1
2016 10 14  7 36  0    0    -1.01    18.52    -3.61    -362.4     -4.43     -2.92     6.136      11603    0    0    0    1    1
2016 10 14  7 37  0    0    -1.09    18.44    -3.88    -362.2     -5.87     -3.05     6.111      11602    0    0    0    1    1
2016 10 14  7 38  0    0    -1.09    18.43    -3.87    -362.2     -6.67     -2.68     6.049      11602    0    0    0    1    1
2016 10 14  7 39  0    0    -1.07    18.43    -3.83    -362.6     -6.57     -2.11     5.929      11727    0    0    0    1    1
2016 10 14  7 40  0    0    -1.01    18.44    -3.73    -362.7     -6.20     -2.29     5.810      12048    0    0    0    1    1
2016 10 14  7 41  0    0    -0.93    18.46    -3.55    -362.8     -6.18     -2.91     5.859      12174    0    0    0    1    1
2016 10 14  7 42  0    0    -0.79    18.49    -3.53    -362.7     -6.47     -3.02     6.160      12064    0    0    0    1    1
2016 10 14  7 43  0    0    -0.70    18.52    -3.47    -363.0     -7.35     -3.88     6.444      11758    0    0    0    1    1
2016 10 14  7 44  0    0    -0.56    18.54    -3.32    -363.4     -8.93     -5.44     6.717      11599    0    0    0    1    1
2016 10 14  7 45  0    0    -0.46    18.53    -3.27    -364.7    -10.01     -6.35     6.870      11598    0    0    0    1    1
2016 10 14  7 46  0    0    -0.40    18.48    -3.49    -365.2    -10.18     -6.09     6.641      11598    0    0    0    1    1
2016 10 14  7 47  0    0    -0.37    18.47    -3.55    -366.1    -10.18     -6.52     6.298      11597    0    0    0    1    1
2016 10 14  7 48  0    0    -0.75    18.46    -3.61    -368.2    -10.27     -7.28     5.988      11597    0    0    0    1    1
2016 10 14  7 49  0    0    -0.50    18.46    -3.51    -368.4    -10.40     -7.04     6.070      11596    0    0    0    1    1
2016 10 14  7 50  0    0    -0.43    18.46    -3.53    -367.4    -10.45     -6.52     6.242      11596    0    0    0    1    1
2016 10 14  7 51  0    0    -0.28    18.48    -3.44    -364.1    -10.45     -6.19     6.503      11595    0    0    0    1    1
2016 10 14  7 52  0    0    -0.11    18.50    -3.34    -360.9    -10.45     -5.90     6.730      11595    0    0    0    1    1
2016 10 14  7 53  0    0     0.21    18.54    -3.22    -358.2    -10.42     -5.87     6.743      11595    0    0    0    1    1
2016 10 14  7 54  0    0     0.50    18.56    -3.13    -356.7    -10.17     -5.93     6.760      11594    0    0    0    1    1
2016 10 14  7 55  0    0     0.82    18.55    -2.88    -358.0     -9.42     -5.85     6.787      11594    0    0    0    1    1
2016 10 14  7 56  0    0     0.70    18.53    -2.76    -359.3     -9.11     -5.09     7.106      11593    0    0    0    1    1
2016 10 14  7 57  0    0     0.57    18.52    -2.76    -358.8     -9.70     -4.00     7.188      11593    0    0    0    1    1
2016 10 14  7 58  0    0     0.54    18.52    -2.63    -359.1    -10.34     -3.49     7.203      11592    0    0    0    1    1
2016 10 14  7 59  0    0     0.54    18.53    -2.60    -362.1    -10.14     -5.75     6.892      11592    0    0    0    1    1
2016 10 14  8  0  0    0     0.29    18.52    -2.61    -361.6     -9.76     -6.74     6.913      11591    0    0    0    1    1
2016 10 14  8  1  0    0    -0.74    18.49    -2.54    -360.7     -9.21     -7.00     6.919      11619    0    0    0    1    1
2016 10 14  8  2  0    0    -0.59    18.47    -2.46    -359.7     -8.63     -6.73     6.667      12179    0    0    0    1    1
2016 10 14  8  3  0    0    -0.53    18.44    -2.56    -359.1     -8.12     -6.59     6.533      12263    0    0    0    1    1
2016 10 14  8  4  0    0    -0.53    18.41    -2.59    -359.4     -7.68     -6.93     6.696      11710    0    0    0    1    1
2016 10 14  8  5  0    0    -0.54    18.36    -2.61    -360.0     -7.39     -7.15     6.968      11589    0    0    0    1    1
2016 10 14  8  6  0    0    -0.52    18.32    -2.69    -360.2     -7.75     -6.11     7.243      11809    0    0    0    1    1
2016 10 14  8  7  0    0    -0.50    18.27    -2.82    -360.7     -8.50     -4.13     7.564      12300    0    0    0    1    1
2016 10 14  8  8  0    0    -0.54    18.22    -3.15    -361.3     -8.42     -1.98     7.854      14149    0    0    0    1    1
2016 10 14  8  9  0    0    -0.78    18.19    -3.29    -361.8     -7.74      1.54     7.852      15222    0    0    0    1    1
2016 10 14  8 10  0    0    -1.15    18.13    -3.35    -361.5     -7.78      1.90     7.796      14723    0    0    0    1    1
2016 10 14  8 11  0    0    -1.72    18.10    -3.55    -360.3     -8.22      1.51     7.765      12419    0    0    0    1    1
2016 10 14  8 12  0    0    -1.80    17.95    -3.87    -358.8     -8.78      0.46     7.772      11786    0    0    0    1    1
2016 10 14  8 13  0    0    -1.73    17.95    -3.75    -358.0     -8.80     -0.48     7.800      11585    0    0    0    1    1
2016 10 14  8 14  0    0    -1.47    18.04    -3.44    -357.9     -8.68     -1.36     7.655      11585    0    0    0    1    1
2016 10 14  8 15  0    0    -1.02    18.24    -2.16    -358.7     -9.30     -2.26     7.340      11703    0    1    1    1    1
2016 10 14  8 16  0    0    -0.40    18.30    -1.57    -360.1    -10.53     -4.62     6.963      12494    0    1    1    1    1
2016 10 14  8 17  0    0    -0.35    18.30    -1.53    -361.0    -11.03     -6.96     6.599      12383    0    1    1    1    1
2016 10 14  8 18  0    0    -0.03    18.35    -1.19    -362.0    -10.95     -8.20     6.249      12171    0    0    0    0    1
2016 10 14  8 19  0    0     0.19    18.36    -0.83    -361.6    -11.36     -8.38     5.995      11931    0    0    0    0    0
2016 10 14  8 20  0    0     0.11    18.36    -0.45    -361.3    -11.42     -9.90     5.781      11532    0    0    0    0    0
2016 10 14  8 21  0    0    -0.33    18.33    -0.59    -361.5    -11.40    -10.79     5.745      10928    0    0    0    0    0
2016 10 14  8 22  0    0    -0.94    18.27    -1.03    -360.7    -12.16    -10.69     5.950      10407    0    0    0    0    0
2016 10 14  8 23  0    0    -1.76    18.19    -1.33    -360.4    -12.68     -9.99     6.179      10376    0    0    0    0    0
2016 10 14  8 24  0    0    -1.80    18.17    -1.60    -359.5    -12.89     -7.87     6.177      10076    0    0    0    0    0
2016 10 14  8 25  0    0    -1.78    18.17    -1.77    -358.8    -13.30     -6.48     6.067      10020    0    0    0    0    0
2016 10 14  8 26  0    0    -1.62    18.16    -1.87    -358.5    -14.04     -6.11     6.031      10020    0    0    0    0    0
2016 10 14  8 27  0    0    -1.49    18.17    -1.85    -361.1    -15.32     -6.13     6.147       7733    0    0    0    0    0
2016 10 14  8 28  0    0    -1.48    18.17    -1.85    -361.1    -14.77     -5.66     6.209       7396    0    0    0    0    0
2016 10 14  8 29  0    0    -1.36    18.17    -1.86    -360.9    -14.28     -5.75     6.251       7125    0    0    0    0    0
2016 10 14  8 30  0    0    -1.24    18.18    -1.86    -360.5    -14.41     -6.63     7.033       7082    0    0    0    0    0
2016 10 14  8 31  0    0    -0.66    18.25    -1.72    -359.8    -13.61     -5.99     6.970       6900    0    0    0    0    0
2016 10 14  8 32  0    0    -0.60    18.23    -1.59    -359.4    -12.36     -5.54     6.978       6783    0    0    0    0    0
2016 10 14  8 33  0    0    -0.63    18.24    -1.37    -359.4    -11.87     -6.24     7.072       6763    0    0    0    0    0
2016 10 14  8 34  0    0    -0.40    18.24    -1.15    -360.0    -11.80     -7.10     7.182       7358    0    0    0    0    0
2016 10 14  8 35  0    0    -0.38    18.24    -1.13    -359.9    -11.80     -7.01     7.253       7636    0    0    0    0    0
2016 10 14  8 36  0    0    -0.45    18.26    -1.11    -359.3    -11.70     -7.16     7.284       7875    0    0    0    0    0
2016 10 14  8 37  0    0    -0.23    18.28    -0.77    -359.9    -11.69     -7.96     7.404       7922    0    0    0    0    0
2016 10 14  8 38  0    0    -0.17    18.28    -0.40    -360.3    -11.29     -7.85     7.389       7588    0    0    0    0    0
2016 10 14  8 39  0    0    -0.08    18.26    -0.39    -360.6    -10.73     -7.93     7.197       7454    0    0    0    0    0
2016 10 14  8 40  0    0    -0.11    18.22    -0.48    -361.2    -11.00     -8.96     7.116       7544    0    0    0    0    0
2016 10 14  8 41  0    0     0.09    18.19    -0.64    -362.0    -11.48    -10.05     7.135       8658    0    0    0    0    0
2016 10 14  8 42  0    0     0.11    18.17    -0.68    -362.2    -11.50    -10.51     7.128       9999    0    0    0    0    0
2016 10 14  8 43  0    0     0.21    18.16    -0.71    -362.3    -11.12    -10.38     7.041      10212    0    0    0    0    0
2016 10 14  8 44  0    0     0.34    18.14    -0.80    -362.5    -10.31    -10.05     6.699      10697    0    0    0    0    0
2016 10 14  8 45  0    0     0.38    18.14    -0.87    -362.7     -9.17     -9.99     6.338      11228    0    0    0    0    0
2016 10 14  8 46  0    0     0.50    18.14    -0.63    -362.5     -8.80     -9.86     6.091      10752    0    0    0    0    0
2016 10 14  8 47  0    0     0.74    18.13    -0.11    -363.4     -9.49     -8.83     6.412       9750    0    0    0    0    0
2016 10 14  8 48  0    0     0.91    18.10     0.44    -365.4    -10.75     -8.77     6.852       9814    0    0    0    0    0
2016 10 14  8 49  0    0     0.89    18.09     0.76    -365.0    -11.67     -7.51     6.153      10001    0    0    0    0    0
2016 10 14  8 50  0    0     0.81    18.07     0.93    -364.0    -12.01     -7.18     5.698      10916    0    0    0    0    0
2016 10 14  8 51  0    0     0.74    18.02     1.07    -363.6    -11.84     -9.98     5.448      13260    0    0    0    0    0
2016 10 14  8 52  0    0     0.70    17.92     1.03    -363.6    -11.06    -13.43     5.307      15381    0    0    0    0    0
2016 10 14  8 53  0    0     0.74    17.82     0.89    -363.0    -10.21    -12.70     5.347      15737    0    0    0    0    0
2016 10 14  8 54  0    0     0.88    17.69     1.20    -361.5    -10.05     -8.83     5.471      15087    0    0    0    0    0
2016 10 14  8 55  0    0     1.15    17.45     2.38    -359.1    -10.95     -2.36     5.678      12489    0    0    0    0    0
2016 10 14  8 56  0    0     1.76    17.23     3.90    -358.2    -11.67     -0.05     5.823      11056    0    0    0    0    0
2016 10 14  8 57  0    0     2.04    17.10     4.60    -358.6    -11.45      0.01     5.947      10713    0    0    0    0    0
2016 10 14  8 58  0    0     2.31    17.05     4.88    -359.2    -10.71      0.17     6.122      10679    0    0    0    0    0
2016 10 14  8 59  0    0     2.38    17.04     5.04    -359.7    -10.93     -0.25     6.114      10679    0    0    0    0    0
2016 10 14  9  0  0    0     2.39    17.03     5.04    -359.9    -11.57     -0.83     5.887       9874    0    0    0    0    0
2016 10 14  9  1  0    0     2.37    17.00     5.04    -360.0    -10.63     -0.51     5.903       9799    0    0    0    0    0
2016 10 14  9  2  0    0     2.13    17.19     4.13    -360.4     -9.28     -0.63     6.101       9799    0    0    0    0    0
2016 10 14  9  3  0    0     2.01    17.39     4.05    -361.8    -10.27     -0.34     6.063       8609    0    0    0    0    0
2016 10 14  9  4  0    0     2.07    17.34     4.48    -362.3    -10.90      0.02     5.978       8678    0    0    0    0    0
2016 10 14  9  5  0    0     2.14    17.28     4.58    -362.2    -10.60     -0.18     5.951       9037    0    0    0    0    0
2016 10 14  9  6  0    0     2.33    17.17     4.58    -362.0    -10.37     -0.16     5.933       9554    0    0    0    0    0
2016 10 14  9  7  0    0     2.45    17.11     4.53    -362.0    -10.32      0.00     5.885       9508    0    0    0    0    0
2016 10 14  9  8  0    0     2.41    17.15     4.42    -362.2    -10.23      0.64     5.818       9336    0    0    0    0    0
2016 10 14  9  9  0    0     2.15    17.23     4.16    -362.8    -10.52      0.70     5.702       9182    0    0    0    0    0
2016 10 14  9 10  0    0     1.91    17.31     4.14    -363.3    -11.39     -0.33     5.581       9039    0    0    0    0    0
2016 10 14  9 11  0    0     1.99    17.29     4.18    -363.2    -11.19     -0.47     5.528       8956    0    0    0    0    0
2016 10 14  9 12  0    0     2.03    17.25     4.21    -362.7     -9.98      0.32     5.493       8815    0    0    0    0    0
2016 10 14  9 13  0    0     2.05    17.21     4.24    -362.5     -9.46      1.56     5.480       8768    0    0    0    0    0
2016 10 14  9 14  0    0     2.01    17.19     4.22    -363.1    -10.20      1.90     5.465       8835    0    0    0    0    0
2016 10 14  9 15  0    0     2.06    17.21     4.28    -363.9    -10.73      1.17     5.431       8930    0    0    0    0    0
2016 10 14  9 16  0    0     2.22    17.19     4.40    -364.1    -10.44      0.44     5.473       8930    0    0    0    0    0
2016 10 14  9 17  0    0     2.30    17.16     4.45    -363.7    -10.11     -0.57     5.682       9031    0    0    0    0    0
2016 10 14  9 18  0    0     2.17    17.14     4.46    -363.3     -9.88     -1.64     5.887       9132    0    0    0    0    0
2016 10 14  9 19  0    0     1.99    17.13     4.45    -363.3     -9.51     -2.40     5.938       8956    0    0    0    0    0
2016 10 14  9 20  0    0     1.97    17.13     4.47    -363.2     -8.98     -2.66     5.943       8726    0    0    0    0    0
2016 10 14  9 21  0    0     2.01    17.11     4.52    -363.4     -8.66     -2.51     5.956       8849    0    0    0    0    0
2016 10 14  9 22  0    0     2.03    17.07     4.56    -363.5     -9.18     -2.09     6.216       9060    0    0    0    0    0
2016 10 14  9 23  0    0     1.98    17.02     4.62    -363.6    -10.52     -1.33     6.703       9189    0    0    0    0    0
2016 10 14  9 24  0    0     1.88    16.90     4.69    -363.9    -12.01     -0.09     7.170       9689    0    0    0    0    0
2016 10 14  9 25  0    0     1.72    16.79     4.80    -364.2    -12.81      0.12     7.619      10058    0    0    0    0    0
2016 10 14  9 26  0    0     1.72    16.73     4.94    -364.1    -12.37     -0.38     7.963       9872    0    0    0    0    0
2016 10 14  9 27  0    0     1.84    16.68     5.12    -363.7    -11.58     -0.50     8.125       9510    0    0    0    0    0
2016 10 14  9 28  0    0     1.82    16.56     5.49    -363.2    -11.39     -0.78     8.043       9166    0    0    0    0    0
2016 10 14  9 29  0    0     1.70    16.43     5.83    -362.6    -11.73     -1.39     7.494       8996    0    0    0    0    0
2016 10 14  9 30  0    0     1.70    16.42     5.77    -362.3    -11.85     -1.63     6.742       9028    0    0    0    0    0
2016 10 14  9 31  0    0     1.75    16.44     5.65    -362.3    -11.68     -1.37     6.789       9186    0    0    0    0    0
2016 10 14  9 32  0    0     1.83    16.47     5.74    -362.3    -11.70     -1.24     6.861       9442    0    0    0    0    0
2016 10 14  9 33  0    0     1.83    16.51     5.75    -362.4    -12.03     -1.42     6.839       9668    0    0    0    0    0
2016 10 14  9 34  0    0     1.82    16.51     5.68    -362.2    -12.26     -1.55     6.766       9850    0    0    0    0    0
2016 10 14  9 35  0    0     1.78    16.43     5.73    -361.6    -12.47     -1.33     6.659       9730    0    0    0    0    0
2016 10 14  9 36  0    0     1.73    16.38     5.70    -361.0    -12.61     -1.16     6.607       9180    0    0    0    0    0
2016 10 14  9 37  0    0     1.70    16.43     5.37    -361.2    -12.39     -1.24     6.653       9271    0    0    0    0    0
2016 10 14  9 38  0    0     1.70    16.46     5.33    -361.7    -11.43     -1.36     6.785      10013    0    0    0    0    0
2016 10 14  9 39  0    0     1.68    16.52     5.28    -362.1    -10.80     -1.46     6.792       9982    0    0    0    0    0
2016 10 14  9 40  0    0     1.61    16.56     5.27    -362.5    -10.49     -2.18     6.932       9887    0    0    0    0    0
2016 10 14  9 41  0    0     1.62    16.55     5.26    -362.9    -10.06     -2.77     7.395       9998    0    0    0    0    0
2016 10 14  9 42  0    0     1.68    16.51     5.26    -362.9     -9.39     -2.69     7.937      11373    0    0    0    0    0
2016 10 14  9 43  0    0     1.68    16.47     5.25    -362.4     -8.90     -1.93     8.419      13227    0    0    0    0    0
2016 10 14  9 44  0    0     1.64    16.44     5.15    -362.1     -9.00     -0.53     8.785      13202    0    0    0    0    0
2016 10 14  9 45  0    0     1.56    16.40     5.14    -362.2     -9.10      0.33     8.828      13109    0    0    0    0    0
2016 10 14  9 46  0    0     1.62    16.35     5.54    -362.4     -9.02      0.30     8.713      13030    0    0    0    0    0
2016 10 14  9 47  0    0     1.61    16.43     5.36    -362.9     -9.00      0.25     8.567      12894    0    0    0    0    0
2016 10 14  9 48  0    0     1.63    16.48     5.23    -363.4     -8.58      0.08     8.434      12635    0    0    0    0    0
2016 10 14  9 49  0    0     1.75    16.33     5.40    -363.6     -8.07     -0.12     8.408      12468    0    0    0    0    0
2016 10 14  9 50  0    0     1.80    16.32     5.44    -363.9     -7.65     -0.88     8.568      12720    0    0    0    0    0
2016 10 14  9 51  0    0     1.73    16.51     4.59    -364.7     -7.39     -1.71     8.876      13450    0    0    0    0    0
2016 10 14  9 52  0    0     1.61    16.60     4.18    -365.4     -7.58     -2.14     9.234      14001    0    0    0    0    0
2016 10 14  9 53  0    0     1.49    16.50     4.33    -366.3     -7.69     -1.44     9.336      14089    0    0    0    0    0
2016 10 14  9 54  0    0     1.48    16.48     4.82    -367.1     -7.56     -1.07     9.242      14103    0    0    0    0    0
2016 10 14  9 55  0    0     1.55    16.48     4.66    -367.6     -7.66     -1.35     9.353      15028    0    0    0    0    0
2016 10 14  9 56  0    0     1.55    16.49     4.36    -366.9     -8.00      0.26     9.434      16791    0    0    0    0    0
2016 10 14  9 57  0    0     1.47    16.49     4.24    -366.5     -8.59      2.15     9.549      16791    0    0    0    0    0
2016 10 14  9 58  0    0     1.40    16.47     4.13    -366.9     -9.02      3.66     9.493      15344    0    0    0    0    0
2016 10 14  9 59  0    0     1.23    16.47     4.03    -366.8     -8.97      5.56     9.420      15344    0    0    0    0    0
2016 10 14 10  0  0    0     1.19    16.45     4.11    -366.4     -8.49      7.26     9.355      17708    0    0    0    0    0
2016 10 14 10  1  0    0     1.28    16.39     4.31    -366.1     -8.49      7.24     9.362      17909    0    0    0    0    0
2016 10 14 10  2  0    0     1.18    16.44     4.04    -366.0     -8.71      7.18     9.376      17909    0    0    0    0    0
2016 10 14 10  3  0    0     0.95    16.31     4.42    -366.2     -8.95      8.09     9.369      18062    0    0    0    0    0
2016 10 14 10  4  0    0     1.18    16.27     4.65    -366.6     -9.26      9.81     9.348      18080    0    0    0    0    0
2016 10 14 10  5  0    0     1.32    16.16     4.72    -367.2     -9.86     10.95     9.400      17742    0    0    0    0    0
2016 10 14 10  6  0    0     1.47    16.14     4.66    -366.7    -10.91     10.81     9.707      17273    0    0    0    0    0
2016 10 14 10  7  0    0     1.19    16.07     4.97    -365.7    -12.09     12.67     9.709      17170    0    0    0    0    0
2016 10 14 10  8  0    0     1.13    16.02     4.98    -364.8    -13.13     14.52     9.706      17150    0    0    0    0    0
2016 10 14 10  9  0    0     1.26    16.00     4.79    -364.4    -13.62     15.44     9.750      17378    0    0    0    0    0
2016 10 14 10 10  0    0     1.35    16.01     4.64    -364.4    -13.14     16.07     9.791      18005    0    0    0    0    0
2016 10 14 10 11  0    0     1.40    15.99     4.59    -364.0    -12.07     16.71     9.918      18673    0    0    0    0    0
2016 10 14 10 12  0    0     1.54    16.01     4.37    -363.7    -10.95     17.04    10.484      18956    0    0    0    0    0
2016 10 14 10 13  0    0     1.65    16.10     4.15    -363.5     -9.91     16.81    10.513      18919    0    0    0    0    0
2016 10 14 10 14  0    0     1.56    16.17     4.06    -363.1     -8.89     15.93     9.863      18876    0    0    0    0    0
2016 10 14 10 15  0    0     1.44    16.18     3.98    -362.7     -8.12     14.82     9.644      19141    0    0    0    0    0
2016 10 14 10 16  0    0     1.44    16.18     4.02    -362.5     -8.24     14.37     9.716      19613    0    0    0    0    0
2016 10 14 10 17  0    0     1.43    16.14     4.03    -362.5     -9.34     15.16    10.022      19578    0    0    0    0    0
2016 10 14 10 18  0    0     1.53    16.05     3.96    -362.7     -9.99     15.87    10.337      19408    0    0    0    0    0
2016 10 14 10 19  0    0     1.70    16.11     3.83    -362.9     -9.97     16.25    10.640      19089    0    0    0    0    0
2016 10 14 10 20  0    0     1.60    16.18     3.77    -363.0    -10.13     16.39    10.695      18724    0    0    0    0    0
2016 10 14 10 21  0    0     1.55    16.20     3.77    -362.9    -10.21     16.11    10.706      18516    0    0    0    0    0
2016 10 14 10 22  0    0     1.52    16.19     3.82    -362.7    -10.07     15.58    10.655      18516    0    0    0    0    0
2016 10 14 10 23  0    0     1.50    16.18     3.87    -362.3    -10.18     15.19    10.813      18492    0    0    0    0    0
2016 10 14 10 24  0    0     1.50    16.18     3.88    -361.8    -10.49     15.07    10.900      18430    0    0    0    0    0
2016 10 14 10 25  0    0     1.51    16.20     3.97    -361.5    -10.87     15.35    10.900      18430    0    0    0    0    0
2016 10 14 10 26  0    0     1.58    16.20     4.23    -361.5    -11.09     15.37    10.831      18307    0    0    0    0    0
2016 10 14 10 27  0    0     1.73    16.18     4.39    -361.6    -10.37     14.48    10.479      17582    0    0    0    0    0
2016 10 14 10 28  0    0     1.83    16.16     4.33    -361.6     -8.96     12.91    10.441      16967    0    0    0    0    0
2016 10 14 10 29  0    0     1.83    16.20     3.83    -361.7     -7.67     12.09    10.475      16706    0    0    0    0    0
2016 10 14 10 30  0    0     1.82    16.13     4.10    -362.0     -7.14     11.71    10.329      16707    0    0    0    0    0
2016 10 14 10 31  0    0     1.70    16.10     4.28    -362.3     -7.23     12.14    10.379      16812    0    0    0    0    0
2016 10 14 10 32  0    0     1.37    16.10     4.52    -362.2     -7.60     12.87    10.409      17065    0    0    0    0    0
2016 10 14 10 33  0    0     1.15    16.06     4.78    -361.8     -7.70     13.13    10.688      16771    0    0    0    0    0
2016 10 14 10 34  0    0     1.16    15.94     5.07    -361.2     -7.32     12.85    10.715      15595    0    0    0    0    0
2016 10 14 10 35  0    0     1.27    15.80     5.19    -361.3     -6.68     11.77    10.624      15116    0    0    0    0    0
2016 10 14 10 36  0    0     1.38    15.85     5.05    -361.7     -6.75     11.14    10.359      15400    0    0    0    0    0
2016 10 14 10 37  0    0     1.19    16.08     4.47    -361.8     -7.04     11.14    10.941      16734    0    0    0    0    0
2016 10 14 10 38  0    0     0.87    16.08     4.49    -361.6     -7.42     11.55    11.049      17188    0    0    0    0    0
2016 10 14 10 39  0    0     0.80    16.07     4.60    -360.8     -7.58     10.98    10.998      17188    0    0    0    0    0
2016 10 14 10 40  0    0     0.76    15.99     4.87    -359.7     -7.52      9.87    10.515      17188    0    0    0    0    0
2016 10 14 10 41  0    0     0.76    16.05     4.97    -359.0     -7.52      9.28    11.020      17477    0    0    0    0    0
2016 10 14 10 42  0    0     0.81    16.09     4.86    -358.6     -7.25     10.08    10.780      17566    0    0    0    0    0
2016 10 14 10 43  0    0     0.88    16.12     4.80    -358.3     -6.86     11.30    10.790      17501    0    0    0    0    0
2016 10 14 10 44  0    0     0.84    16.15     4.80    -358.5     -6.89     11.64    10.899      17295    0    0    0    0    0
2016 10 14 10 45  0    0     0.74    16.15     4.83    -358.9     -7.29     11.27    10.909      16663    0    0    0    0    0
2016 10 14 10 46  0    0     0.65    16.13     4.88    -359.1     -7.36     10.89    11.029      16465    0    0    0    0    0
2016 10 14 10 47  0    0     0.53    16.13     4.86    -359.2     -7.27     10.72    11.147      16943    0    0    0    0    0
2016 10 14 10 48  0    0     0.42    16.13     4.81    -358.8     -7.09     10.65    11.123      17438    0    0    0    0    0
2016 10 14 10 49  0    0     0.41    16.11     4.79    -357.9     -6.85     10.67    10.976      17571    0    0    0    0    0
2016 10 14 10 50  0    0     0.43    16.04     4.79    -357.5     -6.57     10.78    10.931      17571    0    0    0    0    0
2016 10 14 10 51  0    0     0.73    15.98     4.75    -358.1     -6.56     10.80    11.011      17375    0    0    0    0    0
2016 10 14 10 52  0    0     1.05    16.01     4.42    -358.5     -7.09     10.57    11.034      16985    0    0    0    0    0
2016 10 14 10 53  0    0     1.11    16.02     4.28    -358.2     -7.41     10.26    10.963      16416    0    0    0    0    0
2016 10 14 10 54  0    0     1.03    16.01     4.35    -357.4     -7.54     10.06    10.876      16125    0    0    0    0    0
2016 10 14 10 55  0    0     0.95    15.99     4.53    -356.3     -7.64     10.10    10.787      15970    0    0    0    0    0
2016 10 14 10 56  0    0     0.82    15.98     4.74    -355.2     -7.72     10.44    10.701      15711    0    0    0    0    0
2016 10 14 10 57  0    0     0.12    15.98     4.72    -354.5     -7.61     11.00    10.699      15529    0    0    0    0    0
2016 10 14 10 58  0    0     0.04    16.08     4.05    -354.9     -7.48     11.13    10.638      15570    0    0    0    0    0
2016 10 14 10 59  0    0     0.11    16.06     4.10    -355.9     -7.40     10.96    10.706      15892    0    0    0    0    0
2016 10 14 11  0  0    0     0.49    16.04     4.38    -357.0     -7.78     11.29    11.110      15921    0    0    0    0    0
2016 10 14 11  1  0    0     0.90    16.10     4.52    -357.4     -8.03     12.44    11.124      16142    0    0    0    0    0
2016 10 14 11  2  0    0     0.87    16.13     4.47    -357.0     -8.00     13.64    11.241      16980    0    0    0    0    0
2016 10 14 11  3  0    0     0.83    16.11     4.43    -356.8     -7.83     14.32    11.459      17939    0    0    0    0    0
2016 10 14 11  4  0    0     0.77    16.07     4.42    -356.8     -7.69     14.51    11.647      18337    0    0    0    0    0
2016 10 14 11  5  0    0     0.71    16.04     4.41    -356.7     -7.80     15.17    11.764      18596    0    0    0    0    0
2016 10 14 11  6  0    0     0.70    16.03     4.53    -356.5     -8.24     15.24    11.815      18924    0    0    0    0    0
2016 10 14 11  7  0    0     0.64    15.99     4.76    -356.7     -8.07     13.46    11.625      19738    0    0    0    0    0
2016 10 14 11  8  0    0     0.57    15.92     4.66    -356.8     -7.39     11.56    11.380      20294    0    0    0    0    0
2016 10 14 11  9  0    0     0.59    15.92     4.33    -356.2     -7.20     11.07    11.361      19916    0    0    0    0    0
2016 10 14 11 10  0    0     0.72    16.02     4.12    -356.1     -7.15     11.25    11.375      18857    0    0    0    0    0
2016 10 14 11 11  0    0     0.97    16.08     3.99    -356.8     -7.05     11.63    11.510      17867    0    0    0    0    0
2016 10 14 11 12  0    0     0.94    16.10     3.89    -357.6     -7.32     12.71    11.684      17188    0    0    0    0    0
2016 10 14 11 13  0    0     0.91    16.12     3.73    -358.1     -7.62     13.58    11.941      17024    0    0    0    0    0
2016 10 14 11 14  0    0     0.93    16.15     3.51    -358.4     -7.86     13.86    11.949      17096    0    0    0    0    0
2016 10 14 11 15  0    0     0.63    16.16     3.07    -358.4     -8.52     14.97    11.736      17250    0    0    0    0    0
2016 10 14 11 16  0    0     0.41    16.16     2.90    -358.3     -9.19     16.32    11.643      17534    0    0    0    0    0
2016 10 14 11 17  0    0     0.45    16.15     2.91    -357.7     -9.30     16.64    11.634      18102    0    0    0    0    0
2016 10 14 11 18  0    0     0.56    16.18     2.85    -357.1     -9.15     16.16    11.627      18629    0    0    0    0    0
2016 10 14 11 19  0    0     0.67    16.28     2.71    -356.8     -8.97     15.34    11.460      18816    0    0    0    0    0
2016 10 14 11 20  0    0     0.71    16.37     2.54    -356.4     -9.00     14.84    11.154      18526    0    0    0    0    0
2016 10 14 11 21  0    0     0.70    16.36     2.38    -355.9     -9.32     15.07    11.028      17972    0    0    0    0    0
2016 10 14 11 22  0    0     0.72    16.35     2.32    -355.2     -8.88     15.30    11.020      18693    0    0    0    0    0
2016 10 14 11 23  0    0     0.70    16.31     2.39    -354.7     -6.56     14.86    10.906      22362    0    0    0    0    0
2016 10 14 11 24  0    0     0.78    16.22     2.84    -355.9     -4.63     14.96    11.306      22225    0    0    0    0    0
2016 10 14 11 25  0    0     0.83    16.15     3.48    -356.8     -3.20     14.22    11.057      21845    0    0    0    0    0
2016 10 14 11 26  0    0     0.89    16.09     3.89    -356.9     -2.72     13.19    10.695      22026    0    0    0    0    0
2016 10 14 11 27  0    0     1.05    16.08     3.98    -357.2     -2.67     12.07    10.373      22255    0    0    0    0    0
2016 10 14 11 28  0    0     1.22    16.00     4.16    -358.3     -2.76     11.94    10.435      21827    0    0    0    0    0
2016 10 14 11 29  0    0     1.32    15.99     4.20    -359.7     -2.24     13.55    10.329      21350    0    0    0    0    0
2016 10 14 11 30  0    0     1.37    16.00     4.19    -359.2     -2.33     14.40    10.343      19992    0    0    0    0    0
2016 10 14 11 31  0    0     1.35    16.00     4.20    -359.0     -3.46     15.17    10.403      19658    0    0    0    0    0
2016 10 14 11 32  0    0     1.23    15.99     4.23    -358.7     -4.24     15.94    10.476      19645    0    0    0    0    0
2016 10 14 11 33  0    0     1.29    15.97     4.36    -358.6     -4.57     16.74    10.519      19642    0    0    0    0    0
2016 10 14 11 34  0    0     1.33    15.93     4.41    -358.8     -5.44     17.75    10.554      19744    0    0    0    0    0
2016 10 14 11 35  0    0     1.24    15.99     4.25    -359.7     -6.30     19.06    10.604      19780    0    0    0    0    0
2016 10 14 11 36  0    0     1.13    16.03     4.07    -360.7     -6.01     19.56    10.579      19663    0    0    0    0    0
2016 10 14 11 37  0    0     1.10    16.01     4.01    -361.4     -4.01     19.10    10.791      19663    0    0    0    0    0
2016 10 14 11 38  0    0     1.12    15.99     3.90    -361.7     -3.13     19.24    10.490      19663    0    0    0    0    0
2016 10 14 11 39  0    0     1.34    16.02     3.84    -361.6     -3.77     19.83    10.688      19861    0    0    0    0    0
2016 10 14 11 40  0    0     1.37    16.04     3.64    -360.9     -4.30     20.10    10.679      20911    0    0    0    0    0
2016 10 14 11 41  0    0     1.45    16.11     3.44    -360.5     -4.63     19.65    10.430      21593    0    0    0    0    0
2016 10 14 11 42  0    0     1.45    16.11     3.30    -360.7     -4.73     19.53    10.279      23493    0    0    0    0    0
2016 10 14 11 43  0    0     1.45    16.16     3.18    -360.9     -4.78     19.55     9.968      24028    0    0    0    0    0
2016 10 14 11 44  0    0     1.42    16.19     2.86    -360.9     -4.58     19.66    10.007      24925    0    0    0    0    0
2016 10 14 11 45  0    0     1.47    16.19     2.36    -360.8     -3.64     20.60    10.334      26660    0    0    0    0    0
2016 10 14 11 46  0    0     1.45    16.19     2.32    -360.9     -3.09     21.12    10.344      27429    0    0    0    0    0
2016 10 14 11 47  0    0     1.39    16.20     2.20    -361.0     -3.05     21.04    10.278      27920    0    0    0    0    0
2016 10 14 11 48  0    0     1.33    16.20     2.20    -361.0     -2.78     21.13    10.026      28012    0    0    0    0    0
2016 10 14 11 49  0    0     1.27    16.20     2.25    -360.7     -2.41     21.13     9.735      28038    0    0    0    0    0
2016 10 14 11 50  0    0     1.24    16.20     2.25    -360.1     -2.31     20.69     9.415      28458    0    0    0    0    0
2016 10 14 11 51  0    0     1.27    16.20     2.33    -359.6     -2.08     20.34     9.394      28486    0    0    0    0    0
2016 10 14 11 52  0    0     1.19    16.20     2.55    -359.3     -1.98     20.11     9.327      28486    0    0    0    0    0
2016 10 14 11 53  0    0     1.11    16.19     2.70    -358.6     -1.74     18.53     9.112      28711    0    0    0    0    0
2016 10 14 11 54  0    0     1.13    16.19     2.71    -358.5     -1.30     17.50     9.024      28805    0    0    0    0    0
2016 10 14 11 55  0    0     1.09    16.15     2.64    -358.9     -0.70     17.18     9.005      28805    0    0    0    0    0
2016 10 14 11 56  0    0     1.07    16.14     2.57    -359.5      0.20     17.00     9.240      28771    0    0    0    0    0
2016 10 14 11 57  0    0     1.15    16.17     2.53    -359.6      0.59     16.53     9.206      28535    0    0    0    0    0
2016 10 14 11 58  0    0     1.24    16.19     2.35    -358.6      0.34     15.30     8.956      25980    0    0    0    0    0
2016 10 14 11 59  0    0     1.20    16.21     2.35    -358.0      0.41     15.22     8.986      24575    0    0    0    0    0
2016 10 14 12  0  0    0     0.99    16.21     2.39    -357.8      0.68     16.06     8.914      24090    0    0    0    0    0
2016 10 14 12  1  0    0     0.89    16.24     2.24    -357.7      0.67     16.46     9.420      23745    0    0    0    0    0
2016 10 14 12  2  0    0     0.95    16.28     2.04    -357.9      0.45     16.48     9.149      23380    0    0    0    0    0
2016 10 14 12  3  0    0     0.99    16.30     2.03    -358.1      0.33     17.13     8.615      22939    0    0    0    0    0
2016 10 14 12  4  0    0     1.03    16.30     2.15    -358.5      0.26     17.92     9.517      22788    0    0    0    0    0
2016 10 14 12  5  0    0     1.09    16.30     2.31    -358.9      0.00     18.54     9.751      22788    0    0    0    0    0
2016 10 14 12  6  0    0     1.04    16.30     2.29    -359.0     -0.39     18.92     9.674      22085    0    0    0    0    0
2016 10 14 12  7  0    0     1.02    16.27     2.30    -358.4     -0.57     19.14     9.659      21467    0    0    0    0    0
2016 10 14 12  8  0    0     1.16    16.24     2.16    -357.3     -0.77     19.26     9.625      21266    0    0    0    0    0
2016 10 14 12  9  0    0     1.36    16.24     2.00    -356.6     -1.06     19.55     9.577      21386    0    0    0    0    0
2016 10 14 12 10  0    0     1.45    16.26     2.04    -356.6     -1.47     20.25     9.534      21571    0    0    0    0    0
2016 10 14 12 11  0    0     1.43    16.23     2.12    -356.8     -1.71     20.80     9.524      21168    0    0    0    0    0
2016 10 14 12 12  0    0     1.43    16.20     2.07    -356.9     -1.56     20.67     9.608      20470    0    0    0    0    0
2016 10 14 12 13  0    0     1.40    16.18     2.19    -356.3     -1.68     20.22     9.749      20122    0    0    0    0    0
2016 10 14 12 14  0    0     1.37    16.15     2.41    -355.4     -2.16     19.91     9.798      19703    0    0    0    0    0
2016 10 14 12 15  0    0     1.36    16.14     2.59    -355.4     -2.49     20.00     9.523      19401    0    0    0    0    0
2016 10 14 12 16  0    0     1.36    16.13     2.74    -356.1     -2.18     20.74     9.257      19854    0    0    0    0    0
2016 10 14 12 17  0    0     1.30    16.10     2.71    -356.8     -2.38     22.31     8.686      20865    0    0    0    0    0
2016 10 14 12 18  0    0     1.16    16.07     2.63    -357.3     -2.45     22.26     7.986      20479    0    0    0    0    0
2016 10 14 12 19  0    0     1.06    16.07     2.57    -357.2     -2.15     20.65     8.093      20079    0    0    0    0    0
2016 10 14 12 20  0    0     0.98    16.07     2.57    -357.1     -1.88     19.19     8.196      20171    0    0    0    0    0
2016 10 14 12 21  0    0     0.91    16.05     2.61    -357.2     -1.68     19.01     8.363      20672    0    0    0    0    0
2016 10 14 12 22  0    0     0.90    16.00     2.74    -357.5     -1.60     19.75     8.538      21539    0    0    0    0    0
2016 10 14 12 23  0    0     0.78    15.97     2.94    -357.8     -1.65     19.97     8.514      22159    0    0    0    0    0
2016 10 14 12 24  0    0     0.66    15.96     3.01    -357.8     -1.51     19.41     8.479      22589    0    0    0    0    0
2016 10 14 12 25  0    0     0.60    15.95     2.78    -357.8     -0.89     18.68     8.890      23006    0    0    0    0    0
2016 10 14 12 26  0    0     0.58    15.92     2.56    -357.9     -0.40     18.41     9.277      23183    0    0    0    0    0
2016 10 14 12 27  0    0     0.58    15.89     2.49    -357.7     -0.41     18.52     9.308      23098    0    0    0    0    0
2016 10 14 12 28  0    0     0.60    15.87     2.49    -357.3     -0.94     18.74     9.253      22995    0    0    0    0    0
2016 10 14 12 29  0    0     0.63    15.82     2.52    -356.9     -1.64     18.90     8.713      22957    0    0    0    0    0
2016 10 14 12 30  0    0     0.60    15.76     2.61    -356.4     -1.60     19.03     8.077      22957    0    0    0    0    0
2016 10 14 12 31  0    0     0.55    15.72     2.82    -355.5     -0.71     18.77     8.101      22876    0    0    0    0    0
2016 10 14 12 32  0    0     0.55    15.69     3.02    -354.3      0.03     17.23     8.077      22578    0    0    0    0    0
2016 10 14 12 33  0    0     0.66    15.64     3.02    -353.8      0.57     16.39     8.108      22578    0    0    0    0    0
2016 10 14 12 34  0    0     0.66    15.64     3.10    -353.3      1.34     15.91     8.485      24000    0    0    0    0    0
2016 10 14 12 35  0    0     0.64    15.62     3.12    -352.9      1.91     15.66     8.914      25044    0    0    0    0    0
2016 10 14 12 36  0    0     0.70    15.58     3.03    -352.5      1.79     15.79     9.297      25265    0    0    0    0    0
2016 10 14 12 37  0    0     0.81    15.59     3.05    -352.2      1.60     16.38     9.643      25935    0    0    0    0    0
2016 10 14 12 38  0    0     0.88    15.61     3.08    -351.1      1.58     16.50     9.700      26391    0    0    0    0    0
2016 10 14 12 39  0    0     0.88    15.59     3.16    -349.8      1.70     16.19     9.624      26727    0    0    0    0    0
2016 10 14 12 40  0    0     0.67    15.55     3.39    -349.7      1.89     16.28     9.635      27312    0    0    0    0    0
2016 10 14 12 41  0    0     0.23    15.57     3.42    -351.2      1.67     18.95     9.643      26589    0    0    0    0    0
2016 10 14 12 42  0    0     0.38    15.62     3.38    -354.3      1.38     20.54     9.649      24665    0    0    0    0    0
2016 10 14 12 43  0    0     0.38    15.61     3.14    -354.2      1.03     20.44     9.650      24665    0    0    0    0    0
2016 10 14 12 44  0    0     0.47    15.59     2.80    -353.7      0.68     20.52     9.724      24903    0    0    0    0    0
2016 10 14 12 45  0    0     0.52    15.56     2.77    -353.0      0.59     21.75     9.827      26879    0    0    0    0    0
2016 10 14 12 46  0    0     0.55    15.55     2.71    -352.4      1.11     23.02     9.913      27377    0    0    0    0    0
2016 10 14 12 47  0    0     0.63    15.52     2.77    -351.9      1.28     23.25     9.879      26890    0    0    0    0    0
2016 10 14 12 48  0    0     0.73    15.54     2.84    -351.9      1.40     22.04     9.676      26574    0    0    0    0    0
2016 10 14 12 49  0    0     0.63    15.55     3.36    -354.1      2.83     21.65     9.570      29282    0    0    0    0    0
2016 10 14 12 50  0    0     0.87    15.51     3.63    -355.9      3.62     22.43     9.465      29294    0    0    0    0    0
2016 10 14 12 51  0    0     0.77    15.43     3.43    -356.4      2.81     22.87     9.677      29128    0    0    0    0    0
2016 10 14 12 52  0    0     0.58    15.39     2.97    -356.4      2.24     23.25     9.758      29290    0    0    0    0    0
2016 10 14 12 53  0    0     0.50    15.39     2.79    -356.2      2.11     23.56     9.612      29885    0    0    0    0    0
2016 10 14 12 54  0    0     0.39    15.41     2.78    -355.9      1.82     24.04     9.305      30719    0    0    0    0    0
2016 10 14 12 55  0    0     0.50    15.44     2.77    -356.0      1.57     24.46     9.143      31331    0    0    0    0    0
2016 10 14 12 56  0    0     0.78    15.42     2.79    -356.7      1.23     25.73     9.496      30583    0    0    0    0    0
2016 10 14 12 57  0    0     0.64    15.43     2.67    -357.3      0.73     26.41     9.212      29373    0    0    0    0    0
2016 10 14 12 58  0    0     0.45    15.50     2.37    -357.8      0.47     25.87     8.788      29281    0    0    0    0    0
2016 10 14 12 59  0    0     0.42    15.56     2.19    -358.6      0.77     26.55     8.203      31321    0    0    0    0    0
2016 10 14 13  0  0    0     0.58    15.57     2.30    -359.7      1.43     27.32     7.999      32147    0    0    0    0    0
2016 10 14 13  1  0    0     0.76    15.47     3.23    -361.8      1.40     27.75     7.950      30109    0    0    0    0    0
2016 10 14 13  2  0    0     0.85    15.49     3.18    -362.5      0.46     28.58     7.839      29238    0    0    0    0    0
2016 10 14 13  3  0    0     1.03    15.56     2.96    -362.2      0.17     28.99     7.658      29322    0    0    0    0    0
2016 10 14 13  4  0    0     1.12    15.60     2.73    -361.2      0.80     28.52     7.518      29562    0    0    0    0    0
2016 10 14 13  5  0    0     1.12    15.61     2.73    -359.4      1.28     27.04     7.466      29562    0    0    0    0    0
2016 10 14 13  6  0    0     1.10    15.60     3.00    -357.4      1.86     25.80     7.297      29562    0    0    0    0    0
2016 10 14 13  7  0    0     1.06    15.58     3.27    -355.5      2.52     24.75     7.157      29993    0    0    0    0    0
2016 10 14 13  8  0    0     0.95    15.54     3.31    -354.4      3.27     24.04     7.202      31651    0    0    0    0    0
2016 10 14 13  9  0    0     0.95    15.56     3.30    -354.4      3.60     24.26     7.418      34408    0    0    0    0    0
2016 10 14 13 10  0    0     1.10    15.58     2.84    -354.4      3.54     23.87     7.423      34588    0    0    0    0    0
2016 10 14 13 11  0    0     1.11    15.53     2.87    -356.3      2.81     24.14     7.876      34348    0    0    0    0    0
2016 10 14 13 12  0    0     1.07    15.43     2.92    -357.3      1.35     23.84     8.278      33881    0    0    0    0    0
2016 10 14 13 13  0    0     0.98    15.46     3.03    -357.5      0.39     22.98     8.648      34359    0    0    0    0    0
2016 10 14 13 14  0    0     0.84    15.49     3.10    -357.5      0.45     23.21     9.010      35071    0    0    0    0    0
2016 10 14 13 15  0    0     0.71    15.48     3.12    -357.4      1.29     23.74     9.198      35331    0    0    0    0    0
2016 10 14 13 16  0    0     0.60    15.48     3.22    -357.2      2.13     23.80     9.203      35342    0    0    0    0    0
2016 10 14 13 17  0    0     0.42    15.51     3.37    -357.2      1.77     23.82     9.150      35216    0    0    0    0    0
2016 10 14 13 18  0    0     0.31    15.54     3.44    -357.3      0.45     23.83     8.933      34648    0    0    0    0    0
2016 10 14 13 19  0    0     0.34    15.54     3.37    -357.9     -0.61     23.55     8.507      32974    0    0    0    0    0
2016 10 14 13 20  0    0     0.70    15.38     3.47    -358.8     -1.42     23.07     8.053      32029    0    0    0    0    0
2016 10 14 13 21  0    0     0.88    15.31     3.54    -358.8     -2.30     23.05     7.677      31325    0    0    0    0    0
2016 10 14 13 22  0    0     0.92    15.31     3.62    -358.2     -3.34     23.09     7.346      28532    0    0    0    0    0
2016 10 14 13 23  0    0     0.79    15.31     3.84    -357.9     -4.19     23.27     7.020      27001    0    0    0    0    0
2016 10 14 13 24  0    0     0.65    15.30     4.09    -357.9     -4.65     23.76     6.904      26926    0    0    0    0    0
2016 10 14 13 25  0    0     0.51    15.32     4.18    -357.8     -4.77     24.68     6.920      28010    0    0    0    0    0
2016 10 14 13 26  0    0     0.27    15.34     4.18    -357.8     -4.81     25.55     6.923      28815    0    0    0    0    0
2016 10 14 13 27  0    0     0.13    15.34     4.21    -357.8     -5.10     25.77     6.928      29333    0    0    0    0    0
2016 10 14 13 28  0    0     0.12    15.33     4.25    -357.9     -4.79     25.75     7.098      29702    0    0    0    0    0
2016 10 14 13 29  0    0     0.11    15.25     4.49    -358.3     -3.95     25.77     7.608      31307    0    0    0    0    0
2016 10 14 13 30  0    0    -0.03    15.10     4.61    -358.4     -3.53     25.45     8.045      32671    0    0    0    0    0
2016 10 14 13 31  0    0    -0.12    15.04     4.58    -358.0     -3.53     24.92     8.310      32907    0    0    0    0    0
2016 10 14 13 32  0    0    -0.12    15.07     4.47    -356.8     -3.34     24.62     8.459      33000    0    0    0    0    0
2016 10 14 13 33  0    0    -0.04    15.12     4.20    -355.1     -2.96     24.51     8.487      33189    0    0    0    0    0
2016 10 14 13 34  0    0     0.34    15.19     3.48    -353.8     -2.81     24.38     8.264      33489    0    0    0    0    0
2016 10 14 13 35  0    0     0.32    15.22     3.23    -353.5     -2.75     24.17     8.427      37951    0    0    0    0    0
2016 10 14 13 36  0    0     0.05    15.30     3.25    -353.9     -2.84     23.70     8.629      38596    0    0    0    0    0
2016 10 14 13 37  0    0     0.34    15.31     3.18    -354.7     -2.53     23.97     8.726      37459    0    0    0    0    0
2016 10 14 13 38  0    0     0.32    15.31     2.96    -355.3     -2.04     25.92     8.596      36687    0    0    0    0    0
2016 10 14 13 39  0    0     0.25    15.34     2.80    -355.8     -1.57     26.37     8.967      36769    0    0    0    0    0
2016 10 14 13 40  0    0     0.28    15.46     2.27    -356.6     -0.20     28.66     9.777      37238    0    0    0    0    0
2016 10 14 13 41  0    0     0.32    15.58     2.01    -357.8      0.62     30.81     9.687      38154    0    0    0    0    0
2016 10 14 13 42  0    0     0.40    15.61     2.00    -358.8      0.03     30.99     9.657      38549    0    0    0    0    0
2016 10 14 13 43  0    0     0.45    15.62     1.95    -361.1     -0.32     30.17     8.478      34972    0    0    0    0    0
2016 10 14 13 44  0    0     0.16    15.62     1.54    -361.9     -0.19     28.23     8.038      33485    0    0    0    0    0
2016 10 14 13 45  0    0     0.19    15.61     1.47    -361.1     -0.54     27.50     8.085      33485    0    0    0    0    0
2016 10 14 13 46  0    0     0.29    15.60     1.43    -360.4     -0.57     28.09     8.232      33485    0    0    0    0    0
2016 10 14 13 47  0    0     0.29    15.67     1.35    -360.2      0.69     28.63     8.318      30207    0    0    0    0    0
2016 10 14 13 48  0    0     0.31    15.66     1.37    -359.2      1.16     28.30     8.373      29371    0    0    0    0    0
2016 10 14 13 49  0    0     0.34    15.62     1.43    -358.5      1.31     27.93     8.550      29187    0    0    0    0    0
2016 10 14 13 50  0    0     0.32    15.59     1.50    -358.5      1.21     28.58     8.821      29183    0    0    0    0    0
2016 10 14 13 51  0    0     0.29    15.57     1.47    -359.3      1.12     29.54     9.076      29849    0    0    0    0    0
2016 10 14 13 52  0    0     0.27    15.48     1.35    -360.0      1.38     29.71     9.813      30836    0    0    0    0    0
2016 10 14 13 53  0    0     0.20    15.45     1.23    -359.8      1.27     29.96     9.970      30903    0    0    0    0    0
2016 10 14 13 54  0    0     0.06    15.43     1.22    -359.6      1.31     30.18     9.966      30903    0    0    0    0    0
2016 10 14 13 55  0    0    -0.02    15.40     1.37    -359.7      1.84     30.96    10.022      30745    0    0    0    0    0
2016 10 14 13 56  0    0    -0.03    15.40     1.38    -360.6      2.13     32.19    10.196      30575    0    0    0    0    0
2016 10 14 13 57  0    0    -0.08    15.42     1.35    -361.3      2.08     33.30    10.218      30089    0    0    0    0    0
2016 10 14 13 58  0    0    -0.25    15.44     1.16    -361.1      2.30     33.46    10.228      30098    0    0    0    0    0
2016 10 14 13 59  0    0    -0.25    15.46     1.18    -360.5      2.14     33.13    10.321      30175    0    0    0    0    0
2016 10 14 14  0  0    0    -0.03    15.46     1.20    -359.3      1.39     32.43    10.673      30213    0    0    0    0    0
2016 10 14 14  1  0    0     0.08    15.44     1.20    -358.7      1.13     32.17     9.764      31172    0    0    0    0    0
2016 10 14 14  2  0    0     0.14    15.43     1.20    -358.3      1.21     32.29     9.225      32277    0    0    0    0    0
2016 10 14 14  3  0    0     0.23    15.43     1.18    -357.9      1.31     32.43     9.127      32678    0    0    0    0    0
2016 10 14 14  4  0    0     0.27    15.44     1.08    -357.6      1.35     32.03     9.262      32493    0    0    0    0    0
2016 10 14 14  5  0    0     0.27    15.49     1.00    -357.2      1.61     31.15     9.490      31871    0    0    0    0    0
2016 10 14 14  6  0    0     0.14    15.56     0.79    -356.7      1.99     30.38     9.675      31357    0    0    0    0    0
2016 10 14 14  7  0    0    -0.09    15.61     0.41    -356.3      2.18     30.02     9.824      31357    0    0    0    0    0
2016 10 14 14  8  0    0    -0.17    15.61     0.25    -355.9      2.16     29.86     9.956      31205    0    0    0    0    0
2016 10 14 14  9  0    0    -0.22    15.61     0.21    -356.0      1.97     29.66    10.119      30478    0    0    0    0    0
2016 10 14 14 10  0    0    -0.28    15.60     0.10    -356.7      2.38     29.37    10.200      29478    0    0    0    0    0
2016 10 14 14 11  0    0    -0.41    15.59     0.01    -357.7      2.50     28.38     9.770      28849    0    0    0    0    0
2016 10 14 14 12  0    0    -0.55    15.59     0.03    -357.7      2.06     27.31     9.290      27911    0    0    0    0    0
2016 10 14 14 13  0    0    -0.52    15.58    -0.04    -357.6      1.80     26.01     8.820      26959    0    0    0    0    0
2016 10 14 14 14  0    0    -0.37    15.57    -0.17    -357.0      1.72     23.89     8.536      26436    0    0    0    0    0
2016 10 14 14 15  0    0    -0.21    15.56    -0.20    -356.1      1.56     21.58     8.348      26301    0    0    0    0    0
2016 10 14 14 16  0    0    -0.15    15.54    -0.21    -355.3      1.14     20.18     8.105      26635    0    0    0    0    0
2016 10 14 14 17  0    0    -0.28    15.52    -0.28    -355.6     -0.01     20.05     7.986      28555    0    0    0    0    0
2016 10 14 14 18  0    0    -0.41    15.51    -0.32    -355.9     -1.55     20.26     7.936      29708    0    0    0    0    0
2016 10 14 14 19  0    0    -0.45    15.50    -0.39    -356.2     -2.34     20.16     7.916      29576    0    0    0    0    0
2016 10 14 14 20  0    0    -0.54    15.47    -0.29    -356.4     -2.48     20.24     7.942      28907    0    0    0    0    0
2016 10 14 14 21  0    0    -0.73    15.42    -0.16    -356.9     -2.10     20.32     7.967      27548    0    0    0    0    0
2016 10 14 14 22  0    0    -0.91    15.38    -0.21    -357.6     -1.58     19.85     7.911      26043    0    0    0    0    0
2016 10 14 14 23  0    0    -0.99    15.34    -0.47    -357.8     -1.15     19.53     7.868      25511    0    0    0    0    0
2016 10 14 14 24  0    0    -0.97    15.30    -0.72    -357.6     -1.02     19.44     7.849      25623    0    0    0    0    0
2016 10 14 14 25  0    0    -0.91    15.28    -0.83    -357.4     -0.72     19.28     7.854      26414    0    0    0    0    0
2016 10 14 14 26  0    0    -0.92    15.26    -0.85    -357.4     -0.55     18.65     8.028      27626    0    0    0    0    0
2016 10 14 14 27  0    0    -1.05    15.25    -0.77    -357.5     -0.80     17.38     8.016      28561    0    0    0    0    0
2016 10 14 14 28  0    0    -1.15    15.24    -0.73    -358.0     -0.89     15.85     7.704      28920    0    0    0    0    0
2016 10 14 14 29  0    0    -1.15    15.21    -0.70    -358.3     -0.70     15.13     7.599      28920    0    0    0    0    0
2016 10 14 14 30  0    0    -1.22    15.18    -0.69    -358.2     -0.64     15.01     7.614      29263    0    0    0    0    0
2016 10 14 14 31  0    0    -1.28    15.17    -0.69    -357.8     -0.52     14.83     7.530      29465    0    0    0    0    0
2016 10 14 14 32  0    0    -1.36    15.18    -0.44    -357.4     -0.20     14.69     7.342      29868    0    0    0    0    0
2016 10 14 14 33  0    0    -1.45    15.17    -0.18    -357.2      0.05     14.76     7.018      31872    0    0    0    0    0
2016 10 14 14 34  0    0    -1.48    15.17    -0.18    -357.3      0.06     15.18     6.740      34016    0    0    0    0    0
2016 10 14 14 35  0    0    -1.48    15.14    -0.10    -357.7     -0.11     15.97     6.676      34599    0    0    0    0    0
2016 10 14 14 36  0    0    -1.55    15.10    -0.01    -358.1     -0.68     16.80     6.657      34738    0    0    0    0    0
2016 10 14 14 37  0    0    -1.78    15.02     0.01    -358.3     -1.39     17.53     6.660      34744    0    0    0    0    0
2016 10 14 14 38  0    0    -1.89    14.95    -0.04    -358.0     -2.62     18.09     6.661      35490    0    0    0    0    0
2016 10 14 14 39  0    0    -1.85    14.92    -0.13    -357.8     -4.03     18.18     6.918      35988    0    0    0    0    0
2016 10 14 14 40  0    0    -1.81    14.93    -0.34    -358.1     -3.75     17.09     7.372      35988    0    0    0    0    0
2016 10 14 14 41  0    0    -1.72    14.95    -0.91    -358.3     -2.20     15.38     7.806      36327    0    0    0    0    0
2016 10 14 14 42  0    0    -1.60    14.97    -1.04    -358.4     -1.25     14.39     8.217      36501    0    0    0    0    0
2016 10 14 14 43  0    0    -1.57    14.97    -0.95    -358.7     -1.35     14.28     8.612      35662    0    0    0    0    0
2016 10 14 14 44  0    0    -1.67    14.90    -0.86    -358.8     -1.94     14.84     8.425      35326    0    0    0    0    0
2016 10 14 14 45  0    0    -1.97    14.83    -0.55    -358.8     -2.72     15.55     7.954      35854    0    0    0    0    0
2016 10 14 14 46  0    0    -2.21    14.70    -0.49    -359.3     -3.60     16.35     7.244      36109    0    0    0    0    0
2016 10 14 14 47  0    0    -2.44    14.49    -0.83    -361.6     -6.72     20.27     6.154      37542    0    0    0    0    0
2016 10 14 14 48  0    0    -2.60    14.41    -0.96    -362.5     -9.47     20.85     5.496      45522    0    0    0    0    0
2016 10 14 14 49  0    0    -2.66    14.36    -0.99    -363.0    -10.23     18.77     5.702      49476    0    0    0    0    0
2016 10 14 14 50  0    0    -2.28    14.21     0.27    -364.5    -10.53     18.52     5.730      53365    0    0    0    0    0
2016 10 14 14 51  0    0    -1.43    13.99     2.30    -364.0    -10.24     17.97     5.849      57416    0    0    0    0    0
2016 10 14 14 52  0    0    -0.92    13.85     3.45    -362.4     -8.84     16.74     6.083      59774    0    0    0    0    0
2016 10 14 14 53  0    0    -0.89    13.82     3.65    -360.8     -6.42     15.50     6.301      60607    0    0    0    0    0
2016 10 14 14 54  0    0    -0.66    13.64     4.34    -360.2     -3.71     15.79     6.579      60924    0    0    0    0    0
2016 10 14 14 55  0    0    -0.70    13.16     6.35    -360.9     -2.77     14.45     6.502      66724    0    0    0    0    0
2016 10 14 14 56  0    0    -1.09    12.68     6.22    -365.1     -3.08     12.95     6.327      71220    0    0    0    0    0
2016 10 14 14 57  0    0    -0.98    12.56     6.86    -366.0     -2.37     11.46     6.211      70389    0    0    0    0    0
2016 10 14 14 58  0    0    -1.20    12.16     6.37    -366.2     -0.90      5.88     6.103      70254    0    0    0    0    0
2016 10 14 14 59  0    0    -1.30    12.52     5.19    -365.4      1.29     -1.64     5.930      73376    0    0    0    0    0
2016 10 14 15  0  0    0    -1.28    13.23     3.64    -363.9      1.82     -5.14     5.788      92552    0    0    0    0    0
2016 10 14 15  1  0    0    -1.46    13.78     1.90    -363.7      1.63     -8.00     5.577     110328    0    0    0    0    0
2016 10 14 15  2  0    0    -1.78    13.93     0.90    -367.6      0.12    -12.46     5.107     113046    0    0    0    0    0
2016 10 14 15  3  0    0    -1.80    13.67     0.44    -368.7      0.17    -14.62     4.897     110931    0    0    0    0    0
2016 10 14 15  4  0    0    -1.86    13.63     0.01    -369.6      0.09    -14.78     5.192     102012    0    0    0    0    0
2016 10 14 15  5  0    0    -1.98    13.65    -0.33    -369.9     -0.52    -13.13     5.443      97088    0    0    0    0    0
2016 10 14 15  6  0    0    -2.67    13.46    -0.70    -370.0     -1.05    -11.27     5.082     101458    0    0    0    0    0
2016 10 14 15  7  0    0    -3.39    13.35    -0.95    -369.0     -0.35     -8.69     4.612     109447    0    0    0    0    0
2016 10 14 15  8  0    0    -3.36    13.55    -1.05    -366.7      1.45     -5.18     4.572     115865    0    0    0    0    0
2016 10 14 15  9  0    0    -3.03    13.60    -1.05    -365.4      3.51     -1.33     4.608     116186    0    0    0    0    0
2016 10 14 15 10  0    0    -2.82    13.73    -1.08    -367.2      5.63      0.84     4.678     112987    0    0    0    0    0
2016 10 14 15 11  0    0    -2.77    13.73    -1.94    -367.2      5.42      0.83     4.874     110379    0    0    0    0    0
2016 10 14 15 12  0    0    -2.64    13.71    -2.17    -367.2      4.62      0.41     4.718     109678    0    0    0    0    0
2016 10 14 15 13  0    0    -2.62    13.66    -1.93    -367.5      3.54     -0.38     4.492      96818    0    0    0    0    0
2016 10 14 15 14  0    0    -2.78    13.60    -2.44    -367.2      2.98      0.77     4.497      96818    0    0    0    0    0
2016 10 14 15 15  0    0    -2.86    13.54    -2.42    -366.8      3.08      4.15     4.650      96818    0    0    0    0    0
2016 10 14 15 16  0    0    -3.01    13.45    -2.62    -366.6      3.33      6.59     4.781      81131    0    0    0    0    0
2016 10 14 15 17  0    0    -2.90    13.44    -2.92    -365.8      2.82     10.82     4.887      80346    0    0    0    0    0
2016 10 14 15 18  0    0    -2.76    13.27    -3.10    -364.9      1.70     15.32     5.008      84099    0    0    0    0    0
2016 10 14 15 19  0    0    -2.65    13.27    -3.54    -364.4      0.35     15.90     5.028      85741    0    0    0    0    0
2016 10 14 15 20  0    0    -2.62    13.33    -3.93    -363.9      0.38     10.34     5.015      85329    0    0    0    0    0
2016 10 14 15 21  0    0    -2.48    13.35    -4.05    -363.6      2.55      4.71     5.046      69710    0    0    0    0    0
2016 10 14 15 22  0    0    -2.34    13.25    -4.13    -363.5      5.89      3.28     5.111      48860    0    0    0    0    0
2016 10 14 15 23  0    0    -2.34    13.17    -3.95    -363.3      7.89      3.04     5.085      43703    0    0    0    0    0
2016 10 14 15 24  0    0    -2.36    13.21    -3.60    -364.9      7.48      1.12     4.902      49955    0    0    0    0    0
2016 10 14 15 25  0    0    -2.33    13.19    -1.95    -367.9      6.23      1.39     4.730      61603    0    0    0    0    0
2016 10 14 15 26  0    0    -2.29    13.30     2.35    -369.4      6.17      6.92     4.703      66914    0    0    0    0    0
2016 10 14 15 27  0    0    -2.17    13.51     2.91    -369.1      3.82      9.94     4.786      70710    0    0    0    0    0
2016 10 14 15 28  0    0    -1.89    13.65     3.38    -367.4      0.16     11.80     4.801      71680    0    0    0    0    0
2016 10 14 15 29  0    0    -1.02    13.59     3.54    -365.4     -2.25     15.52     4.894      71680    0    0    0    0    0
2016 10 14 15 30  0    0    -0.26    13.35     3.98    -363.8     -4.09     18.19     4.904      69565    0    0    0    0    0
2016 10 14 15 31  0    0     0.37    13.09     4.59    -363.0     -4.86     19.05     4.853      67599    0    0    0    0    1
2016 10 14 15 32  0    0     0.70    13.03     5.01    -362.7     -4.50     17.65     4.856      67328    0    0    0    0    1
2016 10 14 15 33  0    0     0.79    13.11     5.05    -362.2     -3.86     16.60     4.999      67068    0    0    0    0    1
2016 10 14 15 34  0    0     0.91    13.20     4.94    -361.4     -2.57     18.18     5.148      66822    0    0    0    0    1
2016 10 14 15 35  0    0     0.68    13.39     4.50    -359.7     -1.21     20.31     5.236      66627    0    0    0    0    1
2016 10 14 15 36  0    0     0.27    13.40     4.19    -358.4      0.18     20.55     5.225      66407    0    0    0    0    1
2016 10 14 15 37  0    0     0.09    13.38     3.88    -357.8      0.92     20.17     5.232      66153    0    0    0    0    1
2016 10 14 15 38  0    0     0.32    13.36     3.79    -358.7      1.43     17.78     5.063      65820    0    0    0    0    1
2016 10 14 15 39  0    0     0.41    13.57     3.31    -362.2      3.11     15.67     5.127      65362    0    0    0    0    1
2016 10 14 15 40  0    0     0.42    13.74     2.97    -362.5      2.36     15.96     5.176      65071    0    0    0    0    1
2016 10 14 15 41  0    0     0.43    13.72     2.98    -362.0      1.85     16.14     5.129      64820    0    0    0    0    1
2016 10 14 15 42  0    0     0.42    13.67     2.92    -361.4      1.88     15.72     5.076      64564    0    0    0    0    1
2016 10 14 15 43  0    0     0.38    13.65     2.65    -359.6      2.03     15.24     5.030      64363    0    0    0    0    1
2016 10 14 15 44  0    0     0.97    13.65     2.67    -357.5      1.08     15.92     5.002      64176    0    0    0    0    1
2016 10 14 15 45  0    0     1.56    13.63     2.78    -355.7     -0.14     16.91     4.970      63978    0    0    0    0    1
2016 10 14 15 46  0    0     1.71    13.59     2.96    -354.7     -1.27     17.82     4.917      63740    0    0    0    0    1
2016 10 14 15 47  0    0     1.43    13.48     3.05    -354.4     -1.45     17.32     4.860      63471    0    0    0    0    1
2016 10 14 15 48  0    0     0.86    13.48     3.03    -354.8     -0.25     12.83     4.879      63180    0    0    0    0    1
2016 10 14 15 49  0    0     0.89    13.51     2.98    -357.4     -0.57     13.09     4.829      62944    0    0    0    0    1
2016 10 14 15 50  0    0     0.87    13.39     3.34    -359.6     -1.80     13.50     4.793      67907    0    0    0    0    0
2016 10 14 15 51  0    0     0.43    13.37     3.36    -359.4     -1.87     12.67     4.782      73986    0    0    0    0    0
2016 10 14 15 52  0    0     0.33    13.40     3.06    -358.8     -2.13     12.55     4.774      82782    0    0    0    0    0
2016 10 14 15 53  0    0     0.37    13.40     2.96    -358.0     -1.69     12.57     4.783      85611    0    0    0    0    0
2016 10 14 15 54  0    0     0.46    13.35     2.99    -356.7      2.27     10.76     4.766      83780    0    0    0    0    0
2016 10 14 15 55  0    0     0.58    13.24     3.03    -355.0      7.68      8.08     4.720      79721    0    0    0    0    0
2016 10 14 15 56  0    0     0.69    13.04     3.03    -352.7      7.76      8.29     4.680      73165    0    0    0    0    0
2016 10 14 15 57  0    0     1.20    12.80     2.74    -350.4      5.06      9.41     4.668      66650    0    0    0    0    0
2016 10 14 15 58  0    0     1.98    12.53     2.26    -348.2      0.51     11.13     4.674      60162    0    0    0    0    0
2016 10 14 15 59  0    0     3.00    12.49     2.25    -345.1     -2.09     12.31     4.631      55033    0    0    0    0    0
2016 10 14 16  0  0    0     4.03    12.45     2.25    -342.0     -4.66     13.48     4.587      49927    0    0    0    0    0
2016 10 14 16  1  0    0     4.73    12.50     2.40    -339.5     -7.00     14.71     4.542      49076    0    0    0    0    0
2016 10 14 16  2  0    0     5.16    12.58     2.64    -338.1     -8.73     16.03     4.483      51296    0    0    0    0    0
2016 10 14 16  3  0    0     4.38    12.59     3.35    -347.0     -3.96     15.94     3.476      58624    0    0    0    0    0
2016 10 14 16  4  0    0     4.72    12.40     3.70    -348.9     -1.98     14.54     3.222      69238    0    0    0    0    0
2016 10 14 16  5  0    0     4.74    12.34     3.96    -350.6      0.88     13.30     3.448      82955    0    0    0    0    0
2016 10 14 16  6  0    0     4.28    12.27     4.86    -351.2      3.08     13.14     3.642      89683    0    0    0    0    0
2016 10 14 16  7  0    0     2.27    12.22     5.20    -358.8      4.27     11.86     3.916      87977    0    0    0    0    0
2016 10 14 16  8  0    0    -0.24    12.97     3.52    -362.2      2.51     10.35     4.135      88153    0    0    0    1    1
2016 10 14 16  9  0    0    -0.53    13.00     3.47    -361.7      0.37      9.18     4.226      90613    0    0    0    1    1
2016 10 14 16 10  0    0    -0.53    12.94     3.60    -359.7     -2.28      7.84     4.155      92394    0    0    0    1    1
2016 10 14 16 11  0    0     0.41    12.84     3.96    -357.3     -4.31      7.14     4.274      94028    0    0    0    1    1
2016 10 14 16 12  0    0     1.49    12.67     4.48    -354.7     -5.80      6.96     4.420      95533    0    0    0    1    1
2016 10 14 16 13  0    0     2.24    12.12     5.52    -351.1     -5.30      8.67     4.487      96559    0    0    0    1    1
2016 10 14 16 14  0    0     2.93    11.58     6.15    -347.7     -4.79     10.37     4.552      97676    0    0    0    1    1
2016 10 14 16 15  0    0     3.62    11.05     6.78    -344.3     -4.27     12.06     4.617      98794    0    0    0    1    1
2016 10 14 16 16  0    0     4.18    10.57     6.50    -341.4     -3.74     13.69     4.678     100118    0    0    0    1    1
2016 10 14 16 17  0    0     2.13    12.07     5.80    -354.4     -2.10     13.77     4.910     108660    0    0    0    1    1
2016 10 14 16 18  0    0     2.16    11.47     6.02    -356.3     -2.62     13.73     5.202     112133    0    1    1    1    1
2016 10 14 16 19  0    0     2.97     9.94     7.13    -355.7     -3.80     14.54     5.523     114490    0    1    1    1    1
2016 10 14 16 20  0    0     3.65     9.14     8.01    -354.2     -4.61     15.52     5.606     116476    0    1    1    1    1
2016 10 14 16 21  0    0     3.98     9.03     8.14    -352.7     -4.90     17.21     5.688     118450    0    1    1    1    1
2016 10 14 16 22  0    0     4.25     8.99     8.19    -352.3     -4.99     18.99     5.789     120885    0    1    1    1    1
2016 10 14 16 23  0    0     4.39     8.53     8.25    -354.8     -4.59     19.31     6.360     124613    0    0    0    1    1
2016 10 14 16 24  0    0     4.70     8.37     8.58    -356.9     -2.88     17.34     6.403     128194    0    0    0    1    1
2016 10 14 16 25  0    0     4.85     9.05     8.54    -360.6      5.05      7.60     6.265     132390    0    0    0    1    1
2016 10 14 16 26  0    0     4.87     8.37     8.92    -375.8      5.71     13.12     5.969     141326    0    0    0    1    1
2016 10 14 16 27  0    0     4.52     8.38     8.86    -382.5      3.99     14.92     6.100     149935    0    0    0    0    0
2016 10 14 16 28  0    0     4.22     8.62     8.59    -382.0      3.95     10.35     5.925     155237    0    0    0    0    0
2016 10 14 16 29  0    0     3.84     8.88     8.34    -381.4      6.22      6.10     5.793     154911    0    0    0    0    1
2016 10 14 16 30  0    0     3.29     9.53     7.79    -380.8     23.23      2.05     5.689     152517    0    0    0    0    1
2016 10 14 16 31  0    0     3.12     9.91     7.41    -380.1     20.77     -1.54     5.562     151072    0    0    0    0    1
2016 10 14 16 32  0    0     2.78    10.29     7.16    -379.7     20.30     -4.97     5.954     138614    0    0    0    0    1
2016 10 14 16 33  0    0     2.57    10.61     6.91    -378.7     20.65     -4.45     5.893     128957    0    0    0    0    1
2016 10 14 16 34  0    0     2.30    11.00     6.42    -378.3     22.53     -2.62     5.726     126201    0    0    0    0    1
2016 10 14 16 35  0    0     2.22    11.72     5.69    -379.8     24.52     -1.41     5.433     127787    0    0    0    0    1
2016 10 14 16 36  0    0     2.22    11.81     5.62    -380.1     23.52     -2.60     5.148     129571    0    0    0    0    1
2016 10 14 16 37  0    0     1.93    11.59     5.93    -379.4     20.85     -4.04     5.015     131922    0    0    0    0    1
2016 10 14 16 38  0    0     1.88    11.48     5.99    -380.1     19.02     -6.74     5.288     139122    0    0    0    0    0
2016 10 14 16 39  0    0     2.62    10.92     6.28    -381.2     19.39     -4.06     4.832     149269    0    0    0    0    1
2016 10 14 16 40  0    0     4.72     4.82     9.08    -381.8     20.54     -8.53     4.929     163043    0    0    0    0    1
2016 10 14 16 41  0    0     4.89     0.09     9.65    -405.0      5.54    -24.88     5.457     174586    0    0    0    0    0
2016 10 14 16 42  0    0     6.13    -0.34     9.72    -410.2      9.92    -30.29     6.028     148725    0    0    0    0    0
2016 10 14 16 43  0    0     6.00    -0.26     9.99    -412.7      8.94    -35.72     6.494     154514    0    0    0    0    0
2016 10 14 16 44  0    0     5.86    -0.06     9.64    -415.9      9.33    -34.04     6.820     174779    0    0    0    0    0
2016 10 14 16 45  0    0     5.98    -0.31     9.32    -414.8      9.20    -34.82     6.877     167843    0    0    0    0    0
2016 10 14 16 46  0    0     6.18    -0.42     9.13    -413.1      8.66    -35.66     6.823     159994    0    0    0    0    0
2016 10 14 16 47  0    0     6.12    -0.40     8.83    -412.6      7.34    -35.78     6.808     160291    0    0    0    0    0
2016 10 14 16 48  0    0     5.38    -0.51     8.38    -412.8      5.34    -35.07     6.786     161478    0    0    0    0    0
2016 10 14 16 49  0    0     4.19    -3.42     7.00    -413.6      3.87    -33.30     6.757     159790    0    0    0    0    0
2016 10 14 16 50  0    0     2.33    -9.58     4.08    -414.0      2.37    -33.84     6.899     155047    0    0    0    0    0
2016 10 14 16 51  0    0     1.47   -10.41     2.70    -414.7     -1.65    -37.93     7.110     153182    0    1    1    0    1
2016 10 14 16 52  0    0    -0.09   -10.46     0.91    -416.1     -8.38    -43.68     6.919     156582    0    1    1    0    1
2016 10 14 16 53  0    0     0.96   -10.54     0.83    -418.3    -13.24    -48.05     6.787     168420    0    1    1    0    1
2016 10 14 16 54  0    0     1.28   -10.48     2.36    -420.3    -13.34    -45.40     6.655     170263    0    0    0    0    1
2016 10 14 16 55  0    0     0.51   -10.15     4.09    -420.3    -14.77    -43.08     6.249     170172    0    0    0    0    0
2016 10 14 16 56  0    0     0.45   -10.15     4.09    -419.4    -15.33    -41.79     5.884     169417    0    0    0    0    0
2016 10 14 16 57  0    0     1.05   -10.06     4.16    -416.1    -15.50    -38.81     5.816     164329    0    0    0    0    0
2016 10 14 16 58  0    0     1.46   -10.01     4.49    -413.6    -15.60    -36.48     5.677     161191    0    0    0    0    1
2016 10 14 16 59  0    0     1.34   -10.01     5.05    -412.6    -14.97    -35.22     5.512     162179    0    0    0    0    1
2016 10 14 17  0  0    0     0.57    -9.92     5.16    -412.6    -12.43    -33.73     5.662     166852    0    0    0    0    1
2016 10 14 17  1  0    0     0.25    -9.55     5.77    -413.2    -11.45    -32.16     5.778     171852    0    1    1    1    1
2016 10 14 17  2  0    0     0.25    -9.47     6.27    -413.1    -11.23    -34.44     5.751     176421    0    1    1    1    1
2016 10 14 17  3  0    0     0.17    -9.90     5.26    -413.0    -10.92    -37.96     5.468     179847    0    1    1    1    1
2016 10 14 17  4  0    0    -0.09   -11.23     2.17    -412.8    -13.28    -40.37     5.359     177144    0    1    1    1    1
2016 10 14 17  5  0    0    -0.15   -11.12     2.38    -412.5    -13.88    -40.60     5.149     164500    0    0    0    0    0
2016 10 14 17  6  0    0    -0.39   -10.51     3.63    -412.2    -13.74    -41.24     5.142     149015    0    0    0    0    0
2016 10 14 17  7  0    0     0.24    -9.26     5.99    -412.4    -11.74    -42.38     5.278     142584    0    0    0    0    0
2016 10 14 17  8  0    0     3.18    -7.15     7.32    -412.3     -9.60    -43.75     5.576     144531    0    0    0    0    0
2016 10 14 17  9  0    0     3.72    -6.72     7.32    -408.7     -8.53    -38.67     5.753     151020    0    0    0    0    0
2016 10 14 17 10  0    0     4.09    -6.53     7.59    -405.2     -7.46    -33.60     5.871     154156    0    0    0    0    0
2016 10 14 17 11  0    0     4.31    -6.55     8.11    -401.8     -6.39    -28.55     5.936     154156    0    0    0    0    0
2016 10 14 17 12  0    0     4.59    -6.02     8.71    -400.0     -5.82    -25.48     6.006     151025    0    0    0    0    0
2016 10 14 17 13  0    0     4.86    -5.68     8.97    -399.3     -5.60    -24.20     5.954     135291    0    0    0    0    0
2016 10 14 17 14  0    0     4.97    -5.62     8.92    -399.4     -3.56    -24.36     5.766     123822    0    0    0    0    0
2016 10 14 17 15  0    0     5.41    -5.40     8.76    -399.4     -1.06    -24.87     5.545     125391    0    0    0    0    0
2016 10 14 17 16  0    0     5.88    -5.13     8.60    -399.8     -0.40    -25.56     5.237     126645    0    0    0    0    0
2016 10 14 17 17  0    0     5.74    -5.62     8.54    -400.4     -0.54    -26.69     5.064     125767    0    0    0    0    0
2016 10 14 17 18  0    0     5.23    -5.32     8.51    -400.5     -0.73    -27.83     5.082     125340    0    0    0    0    0
2016 10 14 17 19  0    0     4.40    -4.17     8.47    -400.5     -1.40    -28.45     5.702     152663    0    0    0    0    0
2016 10 14 17 20  0    0     3.72    -3.60     8.13    -400.6     -2.73    -28.84     5.779     174649    0    0    0    0    0
2016 10 14 17 21  0    0     3.32    -3.53     7.84    -402.6     -3.30    -27.54     5.572     178808    0    0    0    0    0
2016 10 14 17 22  0    0     3.54    -3.97     8.49    -406.1     -4.52    -25.82     5.422     155361    0    0    0    0    0
2016 10 14 17 23  0    0     3.90    -4.36     8.72    -404.9     -4.14    -25.01     5.486     160143    0    0    0    0    0
2016 10 14 17 24  0    0     4.10    -4.46     8.76    -401.3     -2.68    -24.46     5.674     170036    0    0    0    0    0
2016 10 14 17 25  0    0     4.33    -4.61     8.79    -398.6     -1.62    -23.72     5.763     173994    0    0    0    0    0
2016 10 14 17 26  0    0     4.51    -4.80     8.76    -397.0     -1.04    -22.89     5.790     171081    0    0    0    0    0
2016 10 14 17 27  0    0     4.56    -4.96     8.60    -396.4     -1.01    -22.30     5.828     162341    0    0    0    0    0
2016 10 14 17 28  0    0     4.79    -4.71     8.33    -395.3     -0.67    -22.21     5.859     162341    0    0    0    0    0
2016 10 14 17 29  0    0     4.77    -4.26     8.43    -396.3      0.18    -21.60     5.854     160637    0    0    0    0    0
2016 10 14 17 30  0    0     4.40    -4.85     8.77    -400.0      1.61    -20.71     5.586     151437    0    0    0    0    0
2016 10 14 17 31  0    0     4.26    -4.53     8.92    -401.0      1.84    -19.14     5.211     166451    0    0    0    0    0
2016 10 14 17 32  0    0     4.20    -4.78     8.85    -401.5      2.35    -18.17     5.145     171211    0    0    0    0    0
2016 10 14 17 33  0    0     4.23    -4.92     8.78    -400.7      1.84    -17.89     5.110     165624    0    0    0    0    0
2016 10 14 17 34  0    0     4.30    -5.08     8.76    -399.6      1.15    -17.83     5.087     163501    0    0    0    0    0
2016 10 14 17 35  0    0     4.33    -5.13     8.76    -398.9      0.13    -19.35     5.127     166296    0    0    0    0    0
2016 10 14 17 36  0    0     4.25    -5.10     8.66    -398.8     -1.35    -21.93     5.016     175432    0    0    0    0    0
2016 10 14 17 37  0    0     4.26    -5.44     8.31    -399.1     -2.42    -23.17     4.832     182353    0    0    0    0    0
2016 10 14 17 38  0    0     4.37    -5.72     8.03    -398.9     -2.24    -22.84     4.830     176094    0    0    0    0    0
2016 10 14 17 39  0    0     4.49    -5.72     7.97    -398.3     -2.83    -22.66     4.851     169095    0    0    0    0    0
2016 10 14 17 40  0    0     4.68    -5.56     7.97    -398.4     -4.71    -23.20     4.905     168311    0    0    0    0    0
2016 10 14 17 41  0    0     4.43    -5.36     8.09    -399.8     -5.39    -23.57     5.164     168311    0    0    0    0    0
2016 10 14 17 42  0    0     4.28    -5.35     8.17    -402.9      2.86    -17.14     5.475     233121    0    0    0    0    0
2016 10 14 17 43  0    0     4.28    -4.76     8.90    -402.6      1.92    -15.43     5.451     233121    0    0    0    0    0
2016 10 14 17 44  0    0     4.27    -4.67     8.99    -401.4      1.40    -15.04     5.337     222380    0    0    0    0    0
2016 10 14 17 45  0    0     4.28    -4.60     9.07    -400.6      1.45    -16.41     5.157     203194    0    0    0    0    0
2016 10 14 17 46  0    0     4.25    -4.47     9.10    -400.4      2.38    -17.42     4.894     179668    0    0    0    0    0
2016 10 14 17 47  0    0     3.96    -4.50     9.20    -400.5      2.79    -16.33     4.727     160190    0    0    0    0    0
2016 10 14 17 48  0    0     3.67    -4.59     9.22    -401.0      2.38    -14.97     4.817     152442    0    0    0    0    0
2016 10 14 17 49  0    0     3.48    -4.73     9.01    -401.2      1.04    -15.38     4.858     151574    0    0    0    0    0
2016 10 14 17 50  0    0     3.42    -4.95     8.78    -400.9     -0.66    -15.86     4.849     154518    0    0    0    0    0
2016 10 14 17 51  0    0     3.35    -5.14     8.69    -401.5     -2.14    -16.55     4.897     158115    0    0    0    0    0
2016 10 14 17 52  0    0     3.45    -5.16     8.71    -401.5     -3.21    -16.95     4.815     158650    0    0    0    0    0
2016 10 14 17 53  0    0     3.56    -5.15     8.83    -401.3     -3.48    -16.71     4.725     158263    0    0    0    0    0
2016 10 14 17 54  0    0     3.66    -5.15     8.97    -401.0     -3.07    -17.15     4.707     158169    0    0    0    0    0
2016 10 14 17 55  0    0     3.81    -5.04     9.03    -400.1     -2.23    -18.01     4.757     160639    0    0    0    0    0
2016 10 14 17 56  0    0     4.00    -4.66     9.10    -399.4     -1.74    -18.92     4.817     164575    0    0    0    0    0
2016 10 14 17 57  0    0     4.13    -4.36     9.13    -398.8     -1.20    -18.50     4.959     174984    0    0    0    0    0
2016 10 14 17 58  0    0     4.14    -4.69     9.11    -398.0     -0.61    -17.41     5.125     183865    0    0    0    0    0
2016 10 14 17 59  0    0     4.30    -5.40     8.93    -396.9     -0.40    -17.11     5.207     177286    0    0    0    0    0
2016 10 14 18  0  0    0     4.88    -5.67     8.30    -395.4     -0.33    -17.24     5.261     154843    0    0    0    0    0
2016 10 14 18  1  0    0     4.88    -5.67     8.30    -394.0     -0.40    -18.63     5.364     154843    0    0    0    0    0
2016 10 14 18  2  0    0     4.96    -5.55     8.58    -392.7     -1.13    -19.57     5.504     161024    0    0    0    0    0
2016 10 14 18  3  0    0     5.02    -5.34     8.95    -391.8     -2.05    -21.00     5.598     169869    0    0    0    0    0
2016 10 14 18  4  0    0     5.05    -5.22     9.10    -391.1     -3.56    -22.35     5.626     174688    0    0    0    0    0
2016 10 14 18  5  0    0     5.08    -5.30     8.70    -390.5     -5.27    -22.87     5.592     180263    0    0    0    0    0
2016 10 14 18  6  0    0     5.47    -5.42     7.94    -389.8     -6.12    -22.81     5.512     189184    0    0    0    0    0
2016 10 14 18  7  0    0     6.31    -5.41     7.43    -389.2     -6.22    -22.76     5.456     184628    0    0    0    0    0
2016 10 14 18  8  0    0     6.15    -5.29     7.60    -389.4     -5.37    -23.11     5.464     167560    0    0    0    0    0
2016 10 14 18  9  0    0     5.48    -4.95     8.49    -390.8     -1.33    -23.15     5.465     166747    0    0    0    0    0
2016 10 14 18 10  0    0     5.32    -4.80     8.95    -392.0      1.36    -22.45     5.316     166747    0    0    0    0    0
2016 10 14 18 11  0    0     5.37    -4.74     8.85    -391.3      2.41    -21.95     5.191     166079    0    0    0    0    0
2016 10 14 18 12  0    0     5.47    -4.76     8.70    -389.7      2.67    -22.01     5.170     164107    0    0    0    0    0
2016 10 14 18 13  0    0     5.70    -4.80     8.57    -387.9      2.43    -22.58     5.133     160715    0    0    0    0    0
2016 10 14 18 14  0    0     5.80    -4.80     8.34    -387.0      2.11    -23.01     5.115     160715    0    0    0    0    0
2016 10 14 18 15  0    0     5.69    -4.91     8.14    -388.5      1.84    -23.36     5.114     160848    0    0    0    0    0
2016 10 14 18 16  0    0     5.25    -5.36     8.10    -390.5      0.66    -23.68     5.290     177134    0    0    0    0    0
2016 10 14 18 17  0    0     5.46    -5.65     8.15    -392.1      1.39    -23.04     5.699     215721    0    0    0    0    0
2016 10 14 18 18  0    0     5.64    -5.94     8.18    -393.6      3.29    -21.50     5.800     226083    0    0    0    0    0
2016 10 14 18 19  0    0     5.59    -6.00     8.20    -394.5      5.04    -19.35     5.806     226256    0    0    0    0    0
2016 10 14 18 20  0    0     5.70    -6.12     8.17    -395.2      3.07    -18.55     5.842     217402    0    0    0    0    0
2016 10 14 18 21  0    0     6.08    -5.99     7.80    -393.3     -0.15    -19.23     5.849     211874    0    0    0    0    0
2016 10 14 18 22  0    0     6.35    -6.02     7.52    -390.8     -2.69    -19.72     5.628     192197    0    0    0    0    0
2016 10 14 18 23  0    0     6.57    -6.13     7.29    -388.1     -4.82    -20.16     5.294     164129    0    0    0    0    0
2016 10 14 18 24  0    0     6.71    -6.23     7.29    -387.1     -5.96    -21.08     4.977     117607    0    0    0    0    0
2016 10 14 18 25  0    0     6.90    -6.24     7.07    -386.2     -5.61    -21.77     4.894     112955    0    0    0    0    0
2016 10 14 18 26  0    0     7.02    -6.15     6.68    -385.4     -5.19    -22.67     5.094     132795    0    0    0    0    0
2016 10 14 18 27  0    0     7.09    -6.23     6.53    -384.1     -6.56    -24.67     5.267     141852    0    0    0    0    0
2016 10 14 18 28  0    0     7.15    -6.35     6.49    -382.4     -8.45    -26.67     5.328     140483    0    0    0    0    0
2016 10 14 18 29  0    0     7.20    -6.37     6.38    -380.5     -9.66    -27.76     5.302     136911    0    0    0    0    0
2016 10 14 18 30  0    0     7.21    -6.37     6.36    -379.2     -7.73    -25.25     5.256     136911    0    0    0    0    0
2016 10 14 18 31  0    0     7.21    -6.21     6.45    -379.3     -5.72    -23.00     5.229     138607    0    0    0    0    0
2016 10 14 18 32  0    0     7.29    -6.00     6.95    -381.1     -4.41    -22.58     5.252     141823    0    0    0    0    0
2016 10 14 18 33  0    0     7.28    -5.88     6.95    -383.5      1.99    -21.44     5.399     149090    0    0    0    0    0
2016 10 14 18 34  0    0     7.16    -5.63     7.00    -384.8      5.90    -20.03     5.344     150687    0    0    0    0    0
2016 10 14 18 35  0    0     7.04    -5.40     7.25    -385.3      4.94    -17.70     5.278     153449    0    0    0    0    0
2016 10 14 18 36  0    0     6.85    -5.22     7.60    -385.1      3.82    -16.09     5.261     157286    0    0    0    0    0
2016 10 14 18 37  0    0     6.71    -5.03     7.98    -385.3      5.03    -15.01     5.088     158961    0    0    0    0    0
2016 10 14 18 38  0    0     6.70    -4.86     8.12    -386.1      8.03    -14.75     4.969     150897    0    0    0    0    0
2016 10 14 18 39  0    0     6.78    -4.66     8.12    -386.5     10.15    -15.09     4.970     147077    0    0    0    0    0
2016 10 14 18 40  0    0     6.84    -4.55     8.12    -386.7     11.00    -14.61     4.992     146347    0    0    0    0    0
2016 10 14 18 41  0    0     6.89    -4.51     8.04    -386.7     10.25    -13.81     4.943     141506    0    0    0    0    0
2016 10 14 18 42  0    0     6.90    -4.38     7.93    -385.0      8.41    -13.90     4.807     139182    0    0    0    0    0
2016 10 14 18 43  0    0     6.88    -4.41     7.82    -383.3      6.99    -13.97     4.702     138263    0    0    0    0    0
2016 10 14 18 44  0    0     6.80    -4.69     7.71    -383.6      7.55    -13.75     4.769     140493    0    0    0    0    0
2016 10 14 18 45  0    0     7.47    -5.67     7.24    -388.0     12.50    -13.43     5.309     145873    0    0    0    0    0
2016 10 14 18 46  0    0     7.50    -5.54     7.64    -390.9     15.10    -11.80     5.134     145233    0    0    0    0    0
2016 10 14 18 47  0    0     7.64    -5.36     7.60    -392.0     15.77     -9.55     5.166     141139    0    0    0    0    0
2016 10 14 18 48  0    0     7.85    -5.69     6.99    -391.3     14.35     -7.70     5.409     134485    0    0    0    0    0
2016 10 14 18 49  0    0     8.06    -6.03     6.40    -388.9     11.35     -6.79     5.610     129926    0    0    0    0    0
2016 10 14 18 50  0    0     8.06    -6.03     6.27    -385.2      7.02     -6.76     5.772     129926    0    0    0    0    0
2016 10 14 18 51  0    0     8.05    -6.02     6.22    -381.6      3.22     -6.78     5.950     133477    0    0    0    0    0
2016 10 14 18 52  0    0     8.00    -5.97     6.35    -378.5      0.79     -6.91     6.171     146008    0    0    0    0    0
2016 10 14 18 53  0    0     7.92    -5.94     6.43    -376.0     -0.57     -6.96     6.428     165741    0    0    0    0    0
2016 10 14 18 54  0    0     7.82    -5.94     6.47    -374.3     -0.90     -6.94     6.730     189535    0    0    0    0    0
2016 10 14 18 55  0    0     7.82    -5.93     6.47    -373.3     -1.42     -7.03     7.079     189535    0    0    0    0    0
2016 10 14 18 56  0    0     7.74    -5.86     6.47    -373.5     -1.83     -7.88     7.298     164814    0    0    0    0    0
2016 10 14 18 57  0    0     7.54    -5.59     7.02    -374.2     -2.13     -9.11     7.293     146867    0    0    0    0    0
2016 10 14 18 58  0    0     7.31    -5.50     7.52    -374.6     -2.52     -9.58     7.434     143457    0    0    0    0    0
2016 10 14 18 59  0    0     7.34    -5.52     7.44    -374.8     -3.85    -10.13     7.330     135772    0    0    0    0    0
2016 10 14 19  0  0    0     7.46    -5.60     7.31    -374.7     -5.73    -10.91     7.276     138141    0    0    0    0    0
2016 10 14 19  1  0    0     7.42    -5.66     7.07    -374.6     -7.00    -11.59     7.014     150225    0    0    0    0    0
2016 10 14 19  2  0    0     7.20    -5.73     6.84    -374.8     -7.04    -12.08     6.934     146831    0    0    0    0    0
2016 10 14 19  3  0    0     7.17    -5.93     6.83    -375.0     -7.56    -12.29     6.850     129770    0    0    0    0    0
2016 10 14 19  4  0    0     7.15    -5.58     6.94    -375.2     -8.03    -11.89     6.781     126327    0    0    0    0    0
2016 10 14 19  5  0    0     7.16    -5.84     7.17    -375.0     -7.98    -11.34     6.793     124726    0    0    0    0    0
2016 10 14 19  6  0    0     7.22    -5.82     7.50    -374.1     -7.69    -10.75     6.987     124574    0    0    0    0    0
2016 10 14 19  7  0    0     7.22    -5.82     7.57    -373.2     -7.65     -9.91     7.073     124574    0    0    0    0    0
2016 10 14 19  8  0    0     6.95    -5.67     7.65    -372.9     -7.20     -8.24     7.190     126763    0    0    0    0    0
2016 10 14 19  9  0    0     6.91    -5.55     7.57    -372.8     -6.23     -5.86     7.065     134110    0    0    0    0    0
2016 10 14 19 10  0    0     6.92    -5.63     7.62    -372.6     -5.90     -4.45     7.120     144931    0    0    0    0    0
2016 10 14 19 11  0    0     7.12    -5.64     7.59    -372.2     -5.16     -3.81     7.156     151207    0    0    0    0    0
2016 10 14 19 12  0    0     7.34    -5.77     7.48    -372.7     -4.10     -3.88     7.169     152378    0    0    0    0    0
2016 10 14 19 13  0    0     7.37    -5.80     7.46    -373.5     -2.34     -4.06     7.126     130865    0    0    0    0    0
2016 10 14 19 14  0    0     7.77    -5.88     6.83    -373.5     -1.05     -4.13     7.167     130459    0    0    0    0    0
2016 10 14 19 15  0    0     8.31    -5.84     7.33    -373.5     -0.68     -4.40     7.122     133240    0    0    0    0    0
2016 10 14 19 16  0    0     8.32    -5.79     7.34    -373.4      0.20     -5.11     6.840     133287    0    0    0    0    0
2016 10 14 19 17  0    0     7.66    -5.54     7.78    -373.4      0.78     -6.04     6.845     131244    0    0    0    0    0
2016 10 14 19 18  0    0     7.57    -5.39     7.83    -373.1      0.13     -6.54     6.858     131209    0    0    0    0    0
2016 10 14 19 19  0    0     7.26    -5.52     7.83    -372.7     -0.49     -6.75     6.864     134350    0    0    0    0    0
2016 10 14 19 20  0    0     6.99    -5.66     7.68    -372.1     -1.49     -7.13     7.120     135491    0    0    0    0    0
2016 10 14 19 21  0    0     7.11    -5.58     7.37    -371.5     -2.66     -7.74     7.095     136408    0    0    0    0    0
2016 10 14 19 22  0    0     7.50    -5.64     7.19    -371.5     -2.90     -8.63     7.011     141032    0    0    0    0    0
2016 10 14 19 23  0    0     8.14    -5.93     7.10    -371.5     -2.01     -9.28     6.977     151153    0    0    0    0    0
2016 10 14 19 24  0    0     8.57    -6.27     6.88    -371.8     -0.76     -8.97     7.044     165288    0    0    0    0    0
2016 10 14 19 25  0    0     8.68    -6.12     6.69    -372.9     -0.08     -8.38     7.177     169097    0    0    0    0    0
2016 10 14 19 26  0    0     8.68    -5.68     6.64    -373.9      0.10     -9.24     7.058     170084    0    0    0    0    0
2016 10 14 19 27  0    0     8.68    -5.46     6.65    -372.9      0.38     -9.68     6.949     189823    0    0    0    0    0
2016 10 14 19 28  0    0     8.16    -5.51     7.09    -371.8      1.88     -9.64     6.850     191797    0    0    0    0    0
2016 10 14 19 29  0    0     7.95    -5.46     7.13    -371.4      2.97     -9.71     6.797     162182    0    0    0    0    0
2016 10 14 19 30  0    0     7.83    -5.43     7.07    -371.5      3.69     -8.96     6.821     134732    0    0    0    0    0
2016 10 14 19 31  0    0     7.89    -5.61     7.02    -371.5      4.53     -7.83     6.926     128705    0    0    0    0    0
2016 10 14 19 32  0    0     7.83    -5.74     7.10    -371.7      5.69     -7.02     7.068     135153    0    0    0    0    0
2016 10 14 19 33  0    0     7.54    -5.90     7.11    -372.1      7.17     -6.37     7.209     137669    0    0    0    0    0
2016 10 14 19 34  0    0     7.30    -6.01     7.06    -372.0      7.43     -6.20     7.332     135112    0    0    0    0    0
2016 10 14 19 35  0    0     7.08    -5.90     7.27    -371.5      5.27     -7.19     7.486     134082    0    0    0    0    0
2016 10 14 19 36  0    0     6.92    -5.70     7.49    -371.2      2.41     -8.71     7.614     131489    0    0    0    0    0
2016 10 14 19 37  0    0     6.87    -5.59     7.54    -371.4      1.01     -9.54     7.732     125078    0    0    0    0    0
2016 10 14 19 38  0    0     6.94    -5.62     7.33    -373.5      1.39     -9.24     7.867     122586    0    0    0    0    0
2016 10 14 19 39  0    0     6.91    -5.67     7.12    -376.1      2.85     -5.71     7.965     136372    0    0    0    0    0
2016 10 14 19 40  0    0     6.84    -5.61     7.16    -377.1      2.85     -2.76     8.018     143711    0    0    0    0    0
2016 10 14 19 41  0    0     6.85    -5.51     7.18    -379.6     -1.27     -6.45     8.272     145314    0    0    0    0    0
2016 10 14 19 42  0    0     7.05    -6.58     6.41    -390.5     -7.56    -21.24     8.852     191654    0    0    0    0    0
2016 10 14 19 43  0    0     7.13    -8.21     5.47    -393.6    -10.32    -27.41     8.906     198141    0    0    0    0    0
2016 10 14 19 44  0    0     6.90    -8.39     5.16    -393.1    -13.19    -27.79     8.932     187602    0    0    0    0    0
2016 10 14 19 45  0    0     6.63    -8.51     4.83    -391.2    -12.58    -24.91     9.060     161520    0    0    0    0    0
2016 10 14 19 46  0    0     6.41    -8.64     4.54    -388.8    -11.87    -22.56     9.233     133489    0    0    0    0    0
2016 10 14 19 47  0    0     6.26    -8.64     4.54    -386.7    -11.85    -20.82     9.414     116862    0    0    0    0    0
2016 10 14 19 48  0    0     6.19    -8.49     4.77    -385.2    -13.66    -19.27     9.626     113814    0    0    0    0    0
2016 10 14 19 49  0    0     6.16    -8.06     5.23    -383.7    -15.54    -17.84     9.833     113814    0    0    0    0    0
2016 10 14 19 50  0    0     6.15    -7.34     6.30    -382.3    -16.76    -16.23    10.030     113343    0    0    0    0    0
2016 10 14 19 51  0    0     6.10    -6.51     8.23    -381.1    -17.11    -14.11    10.233     111606    0    0    0    0    0
2016 10 14 19 52  0    0     6.01    -6.60     8.26    -380.4    -17.51    -12.05    10.518     107619    0    0    0    0    0
2016 10 14 19 53  0    0     6.00    -6.96     7.88    -380.4    -20.40    -12.97    10.480     102531    0    0    0    0    0
2016 10 14 19 54  0    0     6.23    -7.59     6.71    -379.7    -24.85    -15.49    10.399      98041    0    0    0    0    0
2016 10 14 19 55  0    0     6.48    -8.14     5.45    -377.6    -26.90    -15.54    10.374      94556    0    0    0    0    0
2016 10 14 19 56  0    0     6.53    -8.47     4.55    -375.6    -27.99    -14.95    10.352      90996    0    0    0    0    0
2016 10 14 19 57  0    0     6.29    -8.37     4.25    -377.0    -28.16    -14.14    10.240      87495    0    0    0    0    0
2016 10 14 19 58  0    0     6.38    -8.02     4.39    -381.0    -26.23    -12.66    10.107      83227    0    0    0    0    0
2016 10 14 19 59  0    0     7.05    -7.69     4.76    -377.3    -21.02    -10.59    10.279      83227    0    0    0    0    0
2016 10 14 20  0  0    0     7.71    -7.37     5.13    -373.7    -15.82     -8.50    10.445      83276    0    0    0    0    0
2016 10 14 20  1  0    0     7.61    -7.11     5.40    -371.4    -10.77     -5.02    10.255      86183    0    0    0    0    0
2016 10 14 20  2  0    0     7.03    -7.07     5.89    -371.8     -6.98     -2.19    10.160      88686    0    0    0    0    0
2016 10 14 20  3  0    0     6.88    -7.69     6.01    -375.4     -8.82     -5.10     9.926      96764    0    0    0    0    0
2016 10 14 20  4  0    0     6.82    -7.71     5.57    -375.9    -10.50     -7.27     9.944     101841    0    0    0    0    0
2016 10 14 20  5  0    0     6.26    -7.47     5.17    -375.3    -12.16     -5.47    10.229     101388    0    0    0    0    0
2016 10 14 20  6  0    0     6.48    -7.50     5.51    -374.7    -10.48     -3.29     9.992      99638    0    0    0    0    0
2016 10 14 20  7  0    0     6.96    -7.80     6.15    -374.9     -8.02      0.81     9.706      97197    0    0    0    0    0
2016 10 14 20  8  0    0     6.93    -8.36     6.54    -377.2     -7.45      4.05     9.769      95973    0    0    0    0    0
2016 10 14 20  9  0    0     6.49    -8.50     6.41    -378.0    -10.43      2.98     9.933      98405    0    0    0    0    0
2016 10 14 20 10  0    0     5.34    -9.12     5.58    -378.8    -15.43     -1.54    10.210     102569    0    0    0    0    0
2016 10 14 20 11  0    0     2.94   -10.12     3.73    -387.9    -16.61    -16.04    10.260      83021    0    0    0    0    0
2016 10 14 20 12  0    0     2.56   -10.51     2.45    -393.0    -16.44    -19.67    10.210     100970    0    0    0    0    0
2016 10 14 20 13  0    0     2.63   -10.56     1.88    -393.1    -17.74    -22.21    10.110     118813    0    0    0    0    0
2016 10 14 20 14  0    0     2.55   -10.52     2.32    -392.5    -21.12    -26.06     9.768     122630    0    0    0    0    0
2016 10 14 20 15  0    0     2.56   -10.56     2.46    -391.6    -24.09    -27.52     9.498     112999    0    1    1    1    1
2016 10 14 20 16  0    0     2.62   -10.59     2.03    -390.4    -25.83    -25.94     9.569      98455    0    1    1    1    1
2016 10 14 20 17  0    0     2.78   -10.47     1.78    -389.2    -26.86    -22.81     9.944      88531    0    1    1    1    1
2016 10 14 20 18  0    0     3.66   -10.08     2.53    -388.9    -27.63    -19.79    10.329      88531    0    1    1    0    1
2016 10 14 20 19  0    0     5.21    -9.42     3.97    -391.1    -26.22    -16.07    10.267      93672    0    0    0    0    0
2016 10 14 20 20  0    0     5.44    -9.33     4.18    -389.7    -25.10    -14.50    10.170     101192    0    0    0    0    0
2016 10 14 20 21  0    0     5.56    -9.32     4.14    -388.4    -24.42    -14.56    10.155     105553    0    0    0    0    0
2016 10 14 20 22  0    0     5.56    -9.31     3.90    -388.0    -24.68    -15.78     9.900     109395    0    0    0    0    0
2016 10 14 20 23  0    0     5.52    -9.02     3.41    -388.2    -25.41    -18.62     9.908     109395    0    0    0    0    0
2016 10 14 20 24  0    0     5.22    -9.03     3.40    -388.3    -25.68    -20.26    10.039     109365    0    0    0    0    0
2016 10 14 20 25  0    0     5.68    -9.17     3.51    -389.9    -25.28    -19.45    10.422     107239    0    0    0    0    0
2016 10 14 20 26  0    0     5.70    -9.08     3.91    -394.0    -25.94    -16.12    10.702     103073    0    0    0    0    0
2016 10 14 20 27  0    0     4.95    -9.36     3.61    -394.5    -26.70    -14.53    10.750     103312    0    0    0    0    0
2016 10 14 20 28  0    0     3.90    -9.89     3.26    -397.4    -29.44    -19.48    11.015     105510    0    0    0    0    0
2016 10 14 20 29  0    0     0.76   -10.49     3.62    -406.5    -31.12    -24.05    10.336      94855    0    0    0    0    0
2016 10 14 20 30  0    0    -0.29   -11.02     2.15    -409.8    -31.64    -26.54     9.782      90164    0    0    0    0    0
2016 10 14 20 31  0    0    -0.51   -11.11     2.55    -409.9    -31.83    -27.19     9.767     108860    0    0    0    0    0
2016 10 14 20 32  0    0    -0.98   -11.30     2.94    -411.0    -31.72    -26.21     9.757     112135    0    0    0    0    0
2016 10 14 20 33  0    0     0.45   -11.59     2.36    -411.6    -29.44    -27.08    10.234     113695    0    0    0    0    0
2016 10 14 20 34  0    0     0.62   -11.81     1.88    -411.8    -29.35    -30.52    10.199     113958    0    0    0    0    0
2016 10 14 20 35  0    0     0.72   -11.81     1.58    -409.4    -29.77    -34.70    10.028     115713    0    0    0    0    0
2016 10 14 20 36  0    0     0.93   -11.74     1.21    -405.5    -28.95    -35.30     9.996     116647    0    0    0    0    0
2016 10 14 20 37  0    0     1.18   -11.65     0.81    -401.1    -27.73    -34.70    10.011     117308    0    0    0    0    0
2016 10 14 20 38  0    0     1.26   -11.60     0.54    -396.7    -26.23    -34.14     9.989     117649    0    0    0    0    0
2016 10 14 20 39  0    0     1.14   -11.59     0.41    -392.5    -24.43    -33.61     9.929     117649    0    0    0    0    0
2016 10 14 20 40  0    0     1.05   -11.56     0.22    -388.5    -22.34    -34.78     9.878     117514    0    0    0    0    0
2016 10 14 20 41  0    0     1.05   -11.38    -0.19    -386.0    -18.76    -44.37     9.874     116702    0    0    0    0    0
2016 10 14 20 42  0    0     1.07   -11.29    -0.34    -384.5    -14.85    -36.70    10.212     115636    0    0    0    0    0
2016 10 14 20 43  0    0     1.23   -11.26    -0.35    -383.6    -11.06    -26.96    10.559     115019    0    0    0    0    0
2016 10 14 20 44  0    0     1.43   -11.27    -0.27    -382.9     -7.03    -24.54    10.668     116481    0    0    0    0    0
2016 10 14 20 45  0    0     1.75   -11.26     0.05    -382.8     -3.52    -23.24    10.662     119205    0    0    0    1    1
2016 10 14 20 46  0    0     2.42   -11.23     0.61    -383.4     -3.44    -23.36    10.682     118840    0    0    0    1    1
2016 10 14 20 47  0    0     2.42   -11.20     1.15    -384.5     -4.19    -23.59    10.730     118319    0    0    0    1    1
2016 10 14 20 48  0    0     2.32   -11.09     1.89    -384.8     -5.42    -23.30    10.736     121508    0    0    0    1    1
2016 10 14 20 49  0    0     2.13   -10.96     2.26    -384.3     -6.26    -22.88    10.690     125814    0    0    0    0    0
2016 10 14 20 50  0    0     1.67   -10.86     1.83    -384.1     -6.58    -22.01    10.471     127678    0    0    0    0    0
2016 10 14 20 51  0    0     0.72   -10.81     1.06    -384.1     -6.54    -20.85    10.300     124422    0    0    0    0    0
2016 10 14 20 52  0    0     0.06   -10.77     1.04    -383.8     -6.35    -18.97    10.287     121377    0    0    0    0    0
2016 10 14 20 53  0    0     1.23   -10.40     1.69    -382.1     -5.81    -15.76    10.330     122337    0    0    0    0    0
2016 10 14 20 54  0    0     4.48    -9.57     2.40    -379.2     -4.81    -11.79    10.474     124738    0    0    0    0    0
2016 10 14 20 55  0    0     6.01    -8.60     3.22    -376.0     -3.52     -7.87    10.555     126910    0    0    0    0    0
2016 10 14 20 56  0    0     6.75    -7.57     4.07    -372.7     -2.11     -3.97    10.606     128977    0    0    0    0    0
2016 10 14 20 57  0    0     7.50    -6.94     4.85    -369.7     -0.53     -1.13    10.494     129528    0    0    0    0    0
2016 10 14 20 58  0    0     8.25    -6.45     5.60    -366.8      1.11      1.32    10.322     129528    0    0    0    0    0
2016 10 14 20 59  0    0     8.29    -6.42     6.45    -365.4      1.84      1.19    10.055     124931    0    0    0    0    0
2016 10 14 21  0  0    0     8.30    -5.27     7.18    -364.6      2.12      2.26     9.818     119722    0    0    0    0    0
2016 10 14 21  1  0    0     8.37    -4.70     7.47    -364.8      1.73      3.27     9.566     115444    0    0    0    0    0
2016 10 14 21  2  0    0     7.94    -5.39     7.47    -365.5     -0.43      3.36     9.293     113052    0    0    0    0    0
2016 10 14 21  3  0    0     7.28    -6.41     7.21    -366.2     -2.57      2.00     9.566     111222    0    0    0    0    0
2016 10 14 21  4  0    0     7.04    -6.57     7.11    -366.5     -2.75      1.11     9.642     111042    0    0    0    0    0
2016 10 14 21  5  0    0     6.94    -6.79     7.10    -366.9     -2.89      2.26     9.681     112395    0    0    0    0    0
2016 10 14 21  6  0    0     6.54    -6.61     7.35    -368.9     -1.40      2.98    10.063     125594    0    0    0    0    0
2016 10 14 21  7  0    0     6.36    -6.37     7.62    -369.8     -1.74      1.88    10.168     124389    0    0    0    0    0
2016 10 14 21  8  0    0     6.40    -6.25     7.80    -371.1     -3.90     -0.87    10.478     122657    0    0    0    0    0
2016 10 14 21  9  0    0     6.37    -6.42     7.28    -373.0     -5.85     -1.24    10.646     120909    0    0    0    0    0
2016 10 14 21 10  0    0     6.14    -6.26     8.06    -375.8     -6.89      0.47    10.501     117445    0    0    0    0    0
2016 10 14 21 11  0    0     6.04    -6.58     8.21    -380.0     -6.69      1.89    10.035     125733    0    0    0    0    0
2016 10 14 21 12  0    0     5.32    -7.53     7.84    -381.5     -7.51     -0.01    10.027     136309    0    1    1    1    1
2016 10 14 21 13  0    0     4.85    -7.72     7.70    -381.7     -8.54     -1.69    10.181     135933    0    1    1    1    1
2016 10 14 21 14  0    0     5.06    -7.94     7.58    -381.9    -10.77     -4.16    10.368     134162    0    1    1    1    1
2016 10 14 21 15  0    0     5.22    -8.88     6.99    -381.8    -12.49     -6.75    10.064     136845    0    1    1    1    1
2016 10 14 21 16  0    0     5.14    -9.21     6.12    -384.5    -13.96    -10.23    10.743     156536    0    0    0    0    0
2016 10 14 21 17  0    0     2.52    -9.38     5.73    -387.0    -13.22    -13.50    11.086     162682    0    0    0    0    0
2016 10 14 21 18  0    0     2.28   -10.22     4.25    -387.4    -12.99    -12.05    11.053     149842    0    0    0    0    0
2016 10 14 21 19  0    0     2.40   -10.25     3.83    -387.0    -12.97    -10.90    10.740     132558    0    0    0    0    0
2016 10 14 21 20  0    0     2.49   -10.39     3.03    -385.3    -14.12    -12.29    10.591     130817    0    0    0    0    0
2016 10 14 21 21  0    0     2.67   -10.56     3.54    -387.9    -13.03    -11.52    10.343     139191    0    0    0    0    0
2016 10 14 21 22  0    0     2.81   -10.46     4.36    -392.9    -10.53     -7.17    10.193     149146    0    0    0    0    0
2016 10 14 21 23  0    0     2.81    -9.58     6.24    -391.2    -10.32     -4.64    10.405     150034    0    0    0    0    0
2016 10 14 21 24  0    0     2.82    -8.69     8.32    -388.1    -10.69     -3.39    10.587     149242    0    0    0    0    0
2016 10 14 21 25  0    0     2.89    -8.69     8.32    -385.0    -11.92     -4.74    10.262     142453    0    0    0    0    0
2016 10 14 21 26  0    0     3.09    -8.69     8.22    -382.6    -12.97     -5.98    10.002     136243    0    0    0    0    0
2016 10 14 21 27  0    0     3.52    -8.70     7.99    -381.2    -13.36     -6.82     9.868     131641    0    1    1    1    1
2016 10 14 21 28  0    0     3.80    -8.77     7.96    -380.6    -11.21     -5.93     9.843     131753    0    1    1    1    1
2016 10 14 21 29  0    0     3.84    -8.69     7.73    -378.7     -8.22     -3.37     9.838     135090    0    1    1    1    1
2016 10 14 21 30  0    0     3.91    -8.72     7.62    -376.5     -5.70     -1.20     9.833     138289    0    1    1    1    1
2016 10 14 21 31  0    0     4.01    -8.80     7.57    -374.3     -3.58      0.57     9.829     140941    0    1    1    1    1
2016 10 14 21 32  0    0     4.21    -8.83     7.46    -372.4     -2.23      1.44     9.825     140941    0    1    1    1    1
2016 10 14 21 33  0    0     4.66    -8.63     7.36    -370.8     -2.44      1.20     9.823     135051    0    0    0    0    0
2016 10 14 21 34  0    0     4.97    -8.32     7.29    -369.3     -3.00      1.44     9.841     130262    0    0    0    0    0
2016 10 14 21 35  0    0     5.03    -8.01     7.26    -368.1     -3.54      2.57     9.924     129076    0    0    0    0    0
2016 10 14 21 36  0    0     5.13    -7.82     7.28    -367.9     -4.66      3.42    10.137     129208    0    0    0    0    0
2016 10 14 21 37  0    0     5.32    -7.77     7.21    -367.6     -6.03      2.93    10.139     130225    0    0    0    0    0
2016 10 14 21 38  0    0     5.58    -8.00     6.58    -367.6     -9.10     -1.37    10.151     132174    0    0    0    0    0
2016 10 14 21 39  0    0     5.85    -9.91     6.31    -368.0    -14.06    -12.10    10.097     133120    0    0    0    0    0
2016 10 14 21 40  0    0     6.26    -9.73     7.00    -368.0    -12.85    -12.80    10.083     132672    0    0    0    0    0
2016 10 14 21 41  0    0     6.48    -9.39     7.14    -367.5    -11.74    -11.48     9.847     129832    0    0    0    0    0
2016 10 14 21 42  0    0     6.28    -8.21     7.19    -366.3    -11.79     -8.61     9.758     123454    0    0    0    0    0
2016 10 14 21 43  0    0     6.18    -7.91     7.33    -364.6    -12.24     -6.14     9.731     122710    0    0    0    0    0
2016 10 14 21 44  0    0     5.99    -7.99     7.36    -363.0    -12.05     -3.95     9.651     121250    0    0    0    0    0
2016 10 14 21 45  0    0     5.74    -8.26     7.33    -361.6    -11.16     -1.57     9.574     115871    0    0    0    0    0
2016 10 14 21 46  0    0     5.68    -8.35     7.40    -360.7    -10.15      2.30     9.692     101251    0    0    0    0    0
2016 10 14 21 47  0    0     5.97    -7.85     7.19    -360.7    -10.81      6.16     9.534      86922    0    0    0    0    0
2016 10 14 21 48  0    0     7.32    -7.00     7.08    -360.7     -9.27      6.04     9.565      87276    0    0    0    0    0
2016 10 14 21 49  0    0     7.96    -6.74     7.08    -358.9     -6.90      5.59     9.652      94374    0    0    0    0    0
2016 10 14 21 50  0    0     8.32    -6.75     6.92    -357.7     -1.12      5.13     9.754     110276    0    0    0    0    0
2016 10 14 21 51  0    0     7.91    -7.02     6.92    -357.5      3.03      4.07     9.789     120598    0    0    0    0    0
2016 10 14 21 52  0    0     5.92    -7.47     7.19    -361.9      2.27     -1.94    10.210     122800    0    0    0    0    0
2016 10 14 21 53  0    0     5.94    -7.68     7.09    -363.6     -1.46     -5.15    10.110     130232    0    0    0    0    0
2016 10 14 21 54  0    0     6.34    -7.61     7.14    -363.0     -4.00     -5.25     9.976     129750    0    0    0    0    0
2016 10 14 21 55  0    0     6.27    -7.60     7.30    -362.3     -5.51     -4.89     9.675     128859    0    0    0    0    0
2016 10 14 21 56  0    0     6.09    -7.67     7.35    -362.9     -7.02     -4.57     9.460     128508    0    0    0    0    0
2016 10 14 21 57  0    0     6.23    -8.23     7.37    -368.5     -8.90     -5.04     9.435     120034    0    0    0    0    0
2016 10 14 21 58  0    0     6.22    -8.08     7.37    -367.5     -6.50     -5.01     9.459     120306    0    0    0    0    0
2016 10 14 21 59  0    0     6.19    -8.55     6.76    -364.3     -2.49     -5.10     9.520     121942    0    0    0    0    0
2016 10 14 22  0  0    0     6.34    -8.92     6.27    -361.3      1.44     -5.06     9.628     123398    0    0    0    0    0
2016 10 14 22  1  0    0     7.24    -8.84     6.27    -358.9      5.05     -4.53     9.922     124138    0    0    0    0    0
2016 10 14 22  2  0    0     7.61    -8.61     6.32    -357.6      7.09     -3.36    10.040     124603    0    0    0    0    0
2016 10 14 22  3  0    0     7.63    -8.38     6.49    -357.4      7.21     -1.99    10.081     136458    0    0    0    0    0
2016 10 14 22  4  0    0     7.52    -8.43     6.50    -359.6      4.35     -2.06    10.304     148250    0    0    0    0    0
2016 10 14 22  5  0    0     6.98    -8.77     6.62    -362.9     -0.53     -2.74    10.025     152767    0    0    0    0    0
2016 10 14 22  6  0    0     6.72    -8.36     6.80    -363.2     -1.49     -2.92    10.637     160211    0    0    0    0    0
2016 10 14 22  7  0    0     6.73    -7.91     7.02    -362.1     -1.52     -2.65    10.768     164217    0    0    0    0    0
2016 10 14 22  8  0    0     7.09    -7.47     7.03    -359.8     -0.90     -1.94    10.891     164217    0    0    0    0    0
2016 10 14 22  9  0    0     7.69    -6.70     7.02    -359.0      0.85     -1.65    10.464     152812    0    0    0    0    0
2016 10 14 22 10  0    0     8.47    -5.29     6.91    -358.6      3.59      0.51    10.174     136595    0    0    0    0    0
2016 10 14 22 11  0    0     8.73    -4.62     6.87    -358.3      5.74      1.92    10.110     130972    0    0    0    0    0
2016 10 14 22 12  0    0     8.73    -3.97     7.12    -358.6      7.16      2.97    10.258     130813    0    0    0    0    0
2016 10 14 22 13  0    0     8.65    -4.11     7.25    -359.5      7.83      4.29    10.742     130650    0    0    0    0    0
2016 10 14 22 14  0    0     8.77    -4.18     7.35    -359.2      7.09      4.32    10.809     130622    0    0    0    0    0
2016 10 14 22 15  0    0     8.77    -4.18     7.57    -358.2      7.56      4.16    10.761     130622    0    0    0    0    0
2016 10 14 22 16  0    0     8.79    -3.63     7.68    -358.2      9.21      3.39     9.824     133495    0    0    0    0    0
2016 10 14 22 17  0    0     8.88    -3.02     7.98    -358.9     11.45      3.42     9.307     139655    0    0    0    0    0
2016 10 14 22 18  0    0     8.90    -2.38     8.59    -360.4     11.81      3.24     9.368     145602    0    0    0    0    0
2016 10 14 22 19  0    0     8.89    -1.84     8.58    -361.9     11.59      2.60     9.736     145759    0    0    0    0    0
2016 10 14 22 20  0    0     8.88    -1.40     8.49    -361.8     12.55      2.36    10.051     146621    0    0    0    0    0
2016 10 14 22 21  0    0     8.93    -1.29     8.28    -360.4     13.83      2.06    10.945     149662    0    0    0    0    0
2016 10 14 22 22  0    0     8.87    -0.82     8.16    -360.0     14.08      4.08    10.945     149662    0    0    0    0    0
2016 10 14 22 23  0    0     8.90    -1.28     8.25    -359.4     13.65      5.76    10.582     147420    0    0    0    0    0
2016 10 14 22 24  0    0     8.55    -1.66     8.27    -359.0     13.02      7.52    10.594     146939    0    0    0    0    0
2016 10 14 22 25  0    0     8.51    -2.25     8.12    -359.2     12.19      8.63    10.943     148761    0    0    0    0    0
2016 10 14 22 26  0    0     8.24    -2.38     8.08    -359.5      7.97      7.96    11.020     149626    0    0    0    0    0
2016 10 14 22 27  0    0     7.95    -2.70     7.99    -359.3      6.13      7.67    10.915     149705    0    0    0    0    0
2016 10 14 22 28  0    0     7.90    -3.14     7.80    -358.4      5.58      7.64    10.823     149705    0    0    0    0    0
2016 10 14 22 29  0    0     8.17    -2.94     7.20    -357.5      5.20      6.98    10.626     150792    0    0    0    0    0
2016 10 14 22 30  0    0     8.58    -2.68     6.57    -356.8      4.94      5.63    10.405     153481    0    0    0    0    0
2016 10 14 22 31  0    0     8.59    -2.95     6.63    -357.6      4.32      3.88     9.853     155881    0    0    0    0    0
2016 10 14 22 32  0    0     8.40    -3.13     6.99    -358.4      0.89      2.74     9.489     148963    0    0    0    0    0
2016 10 14 22 33  0    0     8.46    -3.09     7.09    -358.2     -2.64      2.32     9.635     139891    0    0    0    0    0
2016 10 14 22 34  0    0     8.87    -2.84     7.17    -357.8     -4.21      2.37     9.805     133925    0    0    0    0    0
2016 10 14 22 35  0    0     9.14    -2.30     7.40    -357.3     -3.88      2.39     9.904     129833    0    0    0    0    0
2016 10 14 22 36  0    0     9.03    -1.40     7.62    -357.0     -2.13      2.12     9.894     127642    0    0    0    0    0
2016 10 14 22 37  0    0     8.73    -0.15     7.63    -357.9     -0.56      1.22     9.849     128233    0    0    0    0    0
2016 10 14 22 38  0    0     8.59     0.01     8.24    -361.2      0.18     -0.47    10.081     132238    0    0    0    0    0
2016 10 14 22 39  0    0     8.44    -0.84     8.52    -362.1      0.65     -0.27    10.097     140551    0    0    0    0    0
2016 10 14 22 40  0    0     7.98    -2.19     8.39    -363.0     -3.99     -1.19     9.397     146578    0    0    0    0    0
2016 10 14 22 41  0    0     7.33    -3.55     8.12    -364.1    -10.49     -2.53     9.535     145795    0    0    0    0    0
2016 10 14 22 42  0    0     7.33    -3.70     8.04    -364.6    -11.23     -3.10     9.600     145183    0    0    0    0    0
2016 10 14 22 43  0    0     7.49    -3.64     7.97    -366.0    -14.16     -7.23     9.539     145692    0    0    0    0    0
2016 10 14 22 44  0    0     7.68    -3.22     7.97    -367.2      0.34      8.34     9.204     152102    0    0    0    0    0
2016 10 14 22 45  0    0     7.74    -2.79     7.97    -366.8      0.21      7.62     9.482     157084    0    0    0    0    0
2016 10 14 22 46  0    0     7.69    -2.63     8.08    -366.2     -0.36      5.70     9.782     157250    0    0    0    0    0
2016 10 14 22 47  0    0     7.39    -2.00     8.28    -366.1     -0.42      6.46     9.199     154633    0    0    0    0    0
2016 10 14 22 48  0    0     7.05    -1.87     8.30    -365.3    -13.60     -6.75     8.754     142761    0    0    0    0    0
2016 10 14 22 49  0    0     6.96    -1.56     8.30    -365.3    -16.55    -10.76     8.643     139281    0    0    0    0    0
2016 10 14 22 50  0    0     6.99    -1.12     7.67    -365.8    -16.11    -11.55     9.695     148779    0    0    0    0    0
2016 10 14 22 51  0    0     6.51    -1.05     5.87    -367.3      1.48      5.38    10.448     163633    0    0    0    0    0
2016 10 14 22 52  0    0     6.93    -2.35     5.87    -369.1    -15.20    -11.53    10.180     160613    0    0    0    0    0
2016 10 14 22 53  0    0     7.27    -4.89     5.77    -370.1    -11.02     -8.99     9.872     153917    0    0    0    0    0
2016 10 14 22 54  0    0     7.18    -5.32     5.66    -371.3    -10.02     -8.48     9.941     152994    0    0    0    0    0
2016 10 14 22 55  0    0     6.92    -4.92     6.11    -372.8    -11.85     -8.26     9.946     156968    0    0    0    0    0
2016 10 14 22 56  0    0     6.98    -4.97     6.18    -374.6    -14.17     -6.93    10.426     156070    0    0    0    0    0
2016 10 14 22 57  0    0     7.13    -5.93     6.04    -376.2    -16.90     -5.48    10.673     147972    0    0    0    0    0
2016 10 14 22 58  0    0     7.38    -7.13     5.65    -376.8    -18.71     -5.29    10.707     148996    0    0    0    0    0
2016 10 14 22 59  0    0     7.43    -7.82     5.48    -377.4    -19.22     -5.26    10.736     152944    0    0    0    0    0
2016 10 14 23  0  0    0     7.25    -7.90     5.51    -378.1    -18.58     -5.64    10.369     155099    0    0    0    0    0
2016 10 14 23  1  0    0     7.22    -7.89     5.67    -376.4    -18.60     -4.83    10.101     154254    0    0    0    0    0
2016 10 14 23  2  0    0     7.27    -7.82     5.89    -373.7    -19.19     -3.42     9.988     152947    0    0    0    0    0
2016 10 14 23  3  0    0     7.96    -7.82     6.36    -371.1    -21.40     -2.74     9.877     147482    0    0    0    0    0
2016 10 14 23  4  0    0     8.51    -7.68     6.82    -369.0    -23.68     -2.64     9.860     144203    0    0    0    0    0
2016 10 14 23  5  0    0     8.89    -7.39     6.89    -367.9    -25.82     -3.50     9.975     144858    0    0    0    0    0
2016 10 14 23  6  0    0     9.46    -7.45     5.24    -367.5    -26.83     -4.72    10.060     149191    0    0    0    0    0
2016 10 14 23  7  0    0     9.50    -8.08     5.12    -367.0    -27.55     -5.54    10.366     156999    0    0    0    0    0
2016 10 14 23  8  0    0     9.34    -7.44     5.00    -366.2    -27.86     -5.00    10.790     157488    0    0    0    0    0
2016 10 14 23  9  0    0     8.74    -6.93     4.44    -365.9    -28.46     -4.53    11.420     157546    0    0    0    0    0
2016 10 14 23 10  0    0     8.53    -7.70     3.96    -367.2    -29.48     -5.90    11.591     152376    0    0    0    0    0
2016 10 14 23 11  0    0     7.97    -8.21     3.69    -369.2    -30.71     -8.81    11.578     149166    0    0    0    0    0
2016 10 14 23 12  0    0     7.92    -8.45     3.94    -370.7    -28.93     -8.19    10.523     154328    0    0    0    0    0
2016 10 14 23 13  0    0     7.97    -8.29     4.05    -371.2    -26.04     -8.07     9.763     158244    0    0    0    0    0
2016 10 14 23 14  0    0     8.05    -8.26     3.91    -370.3    -24.97     -8.28    10.259     155929    0    0    0    0    0
2016 10 14 23 15  0    0     8.27    -8.49     3.51    -369.2    -24.82     -8.46    10.487     149103    0    0    0    0    0
2016 10 14 23 16  0    0     8.59    -9.05     2.64    -368.7    -24.73     -8.53    10.016     137269    0    0    0    0    0
2016 10 14 23 17  0    0     8.50    -9.59     1.76    -369.3    -23.94     -7.61     9.992     128659    0    0    0    0    0
2016 10 14 23 18  0    0     8.36    -9.50     2.03    -370.7    -20.97     -5.74    10.410     127792    0    0    0    0    0
2016 10 14 23 19  0    0     8.20    -9.49     2.70    -372.6    -18.80     -3.88    10.988     128249    0    0    0    0    0
2016 10 14 23 20  0    0     8.97    -8.77     4.64    -373.0    -18.98     -3.73    10.983     131554    0    0    0    0    0
2016 10 14 23 21  0    0     9.28    -8.26     5.76    -373.0    -19.48     -4.29    10.842     146232    0    0    0    0    0
2016 10 14 23 22  0    0     9.52    -7.96     6.23    -371.9    -20.55     -5.31    10.770     156080    0    0    0    0    0
2016 10 14 23 23  0    0     9.77    -7.88     6.35    -370.9    -21.29     -6.38    10.752     159565    0    0    0    0    0
2016 10 14 23 24  0    0     9.98    -7.50     6.35    -370.0    -22.08     -7.17    10.802     160044    0    0    0    0    0
2016 10 14 23 25  0    0    10.09    -7.07     6.30    -369.2    -23.54     -7.15    10.848     158348    0    0    0    0    0
2016 10 14 23 26  0    0    10.09    -7.20     6.00    -368.7    -25.33     -5.46    10.408     153523    0    0    0    0    0
2016 10 14 23 27  0    0    10.03    -7.58     5.42    -369.5    -25.40     -1.62     9.298     149137    0    0    0    0    0
2016 10 14 23 28  0    0    10.12    -7.62     5.39    -370.1    -23.90      0.08     9.380     149570    0    0    0    0    0
2016 10 14 23 29  0    0    10.31    -7.45     5.56    -369.9    -22.78      0.48     9.534     152884    0    0    0    0    0
2016 10 14 23 30  0    0    10.25    -7.23     5.78    -368.8    -22.60      1.94     9.650     156211    0    0    0    0    0
2016 10 14 23 31  0    0     9.90    -7.15     5.75    -367.1    -22.57      4.15     9.690     156079    0    0    0    0    0
2016 10 14 23 32  0    0     9.84    -7.04     5.64    -366.4    -22.95      4.71     9.694     152123    0    0    0    0    0
2016 10 14 23 33  0    0     9.63    -6.48     5.63    -366.6    -23.37      4.07     9.648     143303    0    0    0    0    0
2016 10 14 23 34  0    0     9.62    -5.77     6.50    -367.7    -24.34      2.64     9.695     139069    0    0    0    0    0
2016 10 14 23 35  0    0     9.66    -5.43     8.60    -368.4    -25.76     -0.59    10.005     140618    0    0    0    0    0
2016 10 14 23 36  0    0     9.78    -5.77     8.50    -368.8    -29.56     -3.87    10.694     145595    0    0    0    0    0
2016 10 14 23 37  0    0    10.02    -6.85     7.56    -370.2    -31.72     -4.81    10.617     144622    0    0    0    0    0
2016 10 14 23 38  0    0    10.13    -6.92     7.39    -371.9    -32.12     -4.09    10.669     138771    0    0    0    0    0
2016 10 14 23 39  0    0    10.06    -5.95     7.55    -372.6    -32.29     -2.77    10.358     137159    0    0    0    0    0
2016 10 14 23 40  0    0    10.09    -4.92     7.81    -372.4    -32.02     -2.72    10.102     137159    0    0    0    0    0
2016 10 14 23 41  0    0    10.22    -4.74     8.26    -383.6    -16.72    -11.30    10.864     169526    0    0    0    0    0
2016 10 14 23 42  0    0    10.26    -4.74     8.31    -386.3    -14.11    -13.06    11.018     177663    0    0    0    0    0
2016 10 14 23 43  0    0    10.27    -3.99     8.36    -386.7    -19.00    -12.16    11.094     185964    0    0    0    0    0
2016 10 14 23 44  0    0    10.38    -3.67     8.33    -386.2    -22.30    -12.81    11.146     195504    0    0    0    0    0
2016 10 14 23 45  0    0    10.39    -3.07     8.18    -386.0    -22.60    -14.17    11.196     198216    0    0    0    0    0
2016 10 14 23 46  0    0    10.36    -3.06     8.14    -384.8    -21.21    -13.30    11.231     198595    0    0    0    0    0
2016 10 14 23 47  0    0    10.27    -3.17     8.15    -383.2    -17.81    -12.58    11.265     198722    0    0    0    0    0
2016 10 14 23 48  0    0    10.21    -3.20     8.16    -381.6    -13.04    -12.07    11.305     198722    0    0    0    0    0
2016 10 14 23 49  0    0    10.37    -3.33     8.16    -380.5     -9.63     -8.70    11.350     198722    0    0    0    0    0
2016 10 14 23 50  0    0    10.76    -3.11     8.21    -378.6     -7.88     -7.35    11.344     198223    0    0    0    0    0
2016 10 14 23 51  0    0    10.67    -2.39     8.23    -377.3     -9.54     -6.24    11.274     198039    0    0    0    0    0
2016 10 14 23 52  0    0    10.47    -1.85     8.25    -375.9    -12.30     -5.65    11.197     190612    0    0    0    0    0
2016 10 14 23 53  0    0    10.52    -1.82     8.29    -374.1    -13.97     -5.53    11.154     176287    0    0    0    0    0
2016 10 14 23 54  0    0    11.03    -1.82     8.40    -372.7    -14.63     -5.91    11.109     176287    0    0    0    0    0
2016 10 14 23 55  0    0    11.20    -1.90     8.62    -372.0    -14.73     -6.40    11.132     174713    0    0    0    0    0
2016 10 14 23 56  0    0    11.40    -1.93     8.76    -371.4    -17.07     -6.66    11.116     173557    0    0    0    0    0
2016 10 14 23 57  0    0    11.35    -1.57     8.73    -370.9    -19.00     -6.68    11.090     173238    0    0    0    0    0
2016 10 14 23 58  0    0    11.26    -1.44     8.76    -370.2    -19.16     -5.72    11.060     173873    0    0    0    0    0
2016 10 14 23 59  0    0    11.24    -1.77     8.91    -369.6    -18.23     -4.69    11.026     174508    0    0    0    0    0
2016 10 15  0  0  0    0     9.90    -4.30     4.26    -379.2    -28.30    -10.11    11.528     176182    0    0    0    0    0
