MIDL 32Re Data for 2012-04 (GSM nT, km/s, cm^-3, K)
yr mo dy hr mn sc msc bx by bz ux uy uz rho T B_interp Ux_interp Uyz_interp rho_interp T_interp
#START
2012  4 23  4  0  0    0     0.15     8.77     3.18    -392.1    -33.95    -12.07    37.544      69822    0    0    0    0    0
2012  4 23  4  1  0    0     0.56     8.14     3.06    -392.5    -34.26    -12.40    37.565      69829    0    0    0    0    0
2012  4 23  4  2  0    0     0.83     7.91     3.13    -392.0    -34.51    -12.25    37.659      65652    0    0    0    0    0
2012  4 23  4  3  0    0     0.90     7.85     3.21    -391.9    -33.34    -13.50    37.924      63844    0    0    0    0    0
2012  4 23  4  4  0    0     0.92     7.68     3.35    -392.5    -34.36    -12.21    38.075      63734    0    0    0    0    0
2012  4 23  4  5  0    0     0.88     7.31     3.71    -392.7    -34.46    -12.34    38.257      64497    0    0    0    0    0
2012  4 23  4  6  0    0     0.80     7.26     3.71    -392.3    -35.52    -12.05    38.518      67077    0    0    0    0    0
2012  4 23  4  7  0    0     0.76     6.75     2.99    -392.2    -35.96    -11.71    38.823      67163    0    0    0    0    0
2012  4 23  4  8  0    0     0.65     6.77     0.66    -392.4    -35.94    -11.40    39.098      62136    0    0    0    0    0
2012  4 23  4  9  0    0     0.69     6.21     0.55    -393.1    -32.83    -15.28    39.119      62072    0    0    0    0    0
2012  4 23  4 10  0    0     0.62     5.73     0.27    -393.2    -32.80    -14.82    39.351      62318    0    0    0    0    0
2012  4 23  4 11  0    0     0.49     5.43    -0.44    -393.1    -32.88    -14.32    39.871      62138    0    0    0    0    0
2012  4 23  4 12  0    0     0.14     5.41    -0.39    -392.6    -33.12    -14.08    39.877      59999    0    0    0    0    0
2012  4 23  4 13  0    0    -0.23     5.44     0.13    -392.7    -31.88    -14.83    40.285      59159    0    0    0    0    0
2012  4 23  4 14  0    0    -0.16     5.36     0.12    -392.7    -30.88    -14.40    41.935      59162    0    0    0    0    0
2012  4 23  4 15  0    0    -0.44     5.03     0.04    -393.3    -30.52    -14.43    42.849      59242    0    0    0    0    0
2012  4 23  4 16  0    0    -0.77     4.91    -0.28    -393.8    -30.76    -14.00    42.846      58945    0    0    0    0    0
2012  4 23  4 17  0    0    -0.56     4.46    -0.64    -393.7    -30.75    -14.10    42.828      57621    0    0    0    0    0
2012  4 23  4 18  0    0    -0.80     3.82    -0.78    -393.3    -30.63    -14.15    42.762      57809    0    0    0    0    0
2012  4 23  4 19  0    0    -0.48     3.81    -1.04    -392.9    -29.81    -14.82    42.603      59345    0    0    0    0    0
2012  4 23  4 20  0    0    -0.25     3.53    -1.98    -392.9    -30.09    -14.94    43.040      59380    0    0    0    0    0
2012  4 23  4 21  0    0    -0.30     2.92    -2.01    -393.2    -30.41    -15.33    44.700      59852    0    0    0    0    0
2012  4 23  4 22  0    0    -0.50     2.58    -2.07    -393.1    -31.02    -15.32    45.667      59852    0    0    0    0    0
2012  4 23  4 23  0    0    -0.55     2.08    -1.89    -391.9    -32.42    -14.63    46.395      59852    0    0    0    0    0
2012  4 23  4 24  0    0    -0.52     1.81    -1.65    -391.0    -32.62    -14.66    46.672      59688    0    0    0    0    0
2012  4 23  4 25  0    0    -0.46     1.82    -1.51    -390.5    -32.60    -15.10    47.118      59649    0    0    0    0    0
2012  4 23  4 26  0    0    -0.37     1.99    -1.33    -390.6    -32.67    -15.43    47.680      60122    0    0    0    0    0
2012  4 23  4 27  0    0    -0.18     1.70    -1.12    -391.4    -32.20    -15.63    48.350      61231    0    0    0    0    0
2012  4 23  4 28  0    0     0.09     1.33    -1.24    -391.5    -33.02    -15.20    48.403      61378    0    0    0    0    0
2012  4 23  4 29  0    0     0.30    -1.43    -1.12    -391.3    -37.82    -11.19    48.299      60467    0    0    0    0    0
2012  4 23  4 30  0    0     0.11    -2.81    -0.47    -391.0    -38.73     -9.13    48.280      60132    0    0    0    0    0
2012  4 23  4 31  0    0     0.14    -3.83     0.53    -390.2    -38.28    -10.25    48.146      59655    0    0    0    0    0
2012  4 23  4 32  0    0     0.63    -5.01     1.85    -389.5    -37.03    -12.49    47.319      58058    0    0    0    0    0
2012  4 23  4 33  0    0     0.98    -6.57     3.50    -389.2    -35.75    -14.45    45.041      55601    0    0    0    0    0
2012  4 23  4 34  0    0     1.11    -7.80     2.75    -389.1    -35.14    -16.01    41.447      53601    0    0    0    0    0
2012  4 23  4 35  0    0     1.09    -8.81     1.32    -389.0    -35.01    -17.46    39.604      52911    0    0    0    0    0
2012  4 23  4 36  0    0     0.82    -9.82     0.29    -389.0    -34.94    -18.81    39.744      53306    0    0    0    0    0
2012  4 23  4 37  0    0     0.69   -10.26    -0.82    -389.1    -33.80    -20.41    40.391      53752    0    0    0    0    0
2012  4 23  4 38  0    0     0.73   -10.49    -1.19    -389.1    -33.16    -21.48    40.091      53838    0    0    0    0    0
2012  4 23  4 39  0    0     0.66   -11.02    -1.35    -389.0    -34.98    -21.69    36.320      53838    0    0    0    0    0
2012  4 23  4 40  0    0     0.81   -11.74    -0.18    -388.6    -37.29    -19.67    32.632      51223    0    0    0    0    0
2012  4 23  4 41  0    0     1.37   -12.60     1.62    -388.2    -38.20    -16.13    30.718      46917    0    0    0    0    0
2012  4 23  4 42  0    0     1.80   -13.21     2.43    -387.4    -38.12    -14.22    28.841      44481    0    0    0    0    0
2012  4 23  4 43  0    0     1.69   -13.26     2.70    -386.6    -38.10    -14.37    27.078      43864    0    0    0    0    0
2012  4 23  4 44  0    0     1.35   -13.36     2.45    -388.6    -37.77    -15.64    26.117      43864    0    0    0    0    0
2012  4 23  4 45  0    0     1.43   -13.25     1.11    -390.4    -35.16    -20.97    26.585      49300    0    0    0    0    0
2012  4 23  4 46  0    0     1.17   -10.63    -4.06    -392.1    -31.93    -28.57    26.105      54392    0    0    0    0    0
2012  4 23  4 47  0    0     0.40    -9.13    -8.40    -391.5    -30.59    -32.05    23.817      56848    0    0    0    0    0
2012  4 23  4 48  0    0    -0.15    -7.69   -11.01    -390.6    -31.40    -33.81    23.085      59179    0    0    0    0    0
2012  4 23  4 49  0    0    -0.27    -7.00   -11.67    -388.5    -32.53    -33.92    22.676      59797    0    0    0    0    0
2012  4 23  4 50  0    0    -0.20    -6.49   -11.88    -386.3    -33.45    -33.01    21.865      58879    0    0    0    0    0
2012  4 23  4 51  0    0     0.13    -5.59   -12.81    -385.4    -33.27    -29.94    19.159      53797    0    0    0    0    0
2012  4 23  4 52  0    0     0.07    -5.28   -13.81    -385.6    -29.92    -30.09    16.948      47648    0    0    0    0    0
2012  4 23  4 53  0    0    -0.70    -5.26   -14.16    -388.1    -30.87    -26.44    17.210      50257    0    0    0    0    0
2012  4 23  4 54  0    0    -0.76    -5.40   -13.43    -389.2    -34.32    -21.10    18.019      58350    0    0    0    0    0
2012  4 23  4 55  0    0    -0.35    -4.44   -11.77    -389.3    -35.61    -19.82    20.391      72033    0    0    0    0    0
2012  4 23  4 56  0    0    -0.02    -1.12   -10.10    -389.6    -34.94    -18.54    23.638      91137    0    0    0    0    0
2012  4 23  4 57  0    0     0.08     1.43    -9.25    -389.7    -31.98    -17.24    24.740     105859    0    0    0    0    0
2012  4 23  4 58  0    0     0.33     1.90    -9.27    -389.5    -31.11    -16.03    24.461     110166    0    0    0    0    0
2012  4 23  4 59  0    0     0.96     0.13    -9.49    -390.3    -32.79    -16.07    23.466     107637    0    0    0    0    0
2012  4 23  5  0  0    0     1.15    -1.95    -9.52    -391.1    -32.21    -16.75    23.050     104820    0    0    0    0    0
2012  4 23  5  1  0    0     0.77    -2.13    -9.53    -390.2    -31.14    -15.66    23.358     104231    0    0    0    0    1
2012  4 23  5  2  0    0     0.51    -1.90    -9.53    -388.9    -29.01    -14.92    23.782     104003    0    0    0    0    2
2012  4 23  5  3  0    0     0.41    -0.79    -9.43    -388.1    -27.26    -15.64    24.031     103757    0    0    0    0    2
2012  4 23  5  4  0    0     0.26     0.90    -9.31    -387.7    -25.89    -18.20    24.028     103328    0    0    0    0    1
2012  4 23  5  5  0    0     0.16     2.25    -9.47    -387.0    -24.14    -20.77    23.980     102406    0    0    0    0    0
2012  4 23  5  6  0    0     0.50     4.01    -9.91    -386.3    -25.01    -21.50    23.843     101187    0    0    0    0    0
2012  4 23  5  7  0    0     0.40     2.34   -10.59    -385.8    -26.28    -21.32    23.599     101187    0    0    0    0    0
2012  4 23  5  8  0    0    -0.28     0.78   -10.66    -386.4    -29.95    -19.60    22.003     100691    0    0    0    0    0
2012  4 23  5  9  0    0    -1.44    -3.12   -11.09    -386.5    -31.25    -15.39    19.340      96697    0    0    0    0    0
2012  4 23  5 10  0    0    -1.52    -4.64   -11.64    -386.9    -35.85    -10.89    16.769      84901    0    0    0    0    0
2012  4 23  5 11  0    0    -1.35    -6.59   -11.50    -387.1    -38.44     -9.21    15.058      71881    0    0    0    0    0
2012  4 23  5 12  0    0    -1.40    -9.48   -11.44    -386.5    -40.80     -8.06    14.243      71881    0    0    0    0    0
2012  4 23  5 13  0    0    -1.38   -10.07   -11.21    -385.8    -42.15     -7.87    13.601      70992    0    0    0    0    0
2012  4 23  5 14  0    0    -1.40   -11.15   -11.27    -385.5    -42.57     -5.97    13.489      62051    0    0    0    0    0
2012  4 23  5 15  0    0    -1.47   -10.82   -11.12    -385.0    -43.49     -5.17    13.394      52043    0    0    0    0    0
2012  4 23  5 16  0    0    -1.57   -10.69   -11.20    -383.7    -44.91     -3.82    13.430      52043    0    0    0    0    0
2012  4 23  5 17  0    0    -1.52   -10.49   -11.21    -384.9    -46.07     -7.34    14.257      54778    0    0    0    0    0
2012  4 23  5 18  0    0    -1.79   -10.29   -11.21    -385.0    -45.65     -7.38    14.341      60761    0    0    0    0    0
2012  4 23  5 19  0    0    -1.95   -10.35   -11.48    -384.9    -37.28     -6.91    14.339      63692    0    0    0    0    0
2012  4 23  5 20  0    0    -2.38   -10.22   -11.71    -385.3    -37.81     -6.86    14.305      63703    0    0    0    0    0
2012  4 23  5 21  0    0    -2.42   -10.04   -11.78    -385.3    -38.31     -9.43    14.256      61212    0    0    0    0    0
2012  4 23  5 22  0    0    -2.59   -10.34   -11.02    -384.9    -39.96     -7.03    13.986      61212    0    0    0    0    0
2012  4 23  5 23  0    0    -2.84   -10.36   -10.94    -385.7    -41.32     -4.64    14.066      61488    0    0    0    0    0
2012  4 23  5 24  0    0    -3.08    -9.43   -11.06    -386.6    -39.93     -6.56    14.590      65270    0    0    0    0    0
2012  4 23  5 25  0    0    -3.09    -9.28   -10.03    -388.2    -32.98    -15.02    14.736      69933    0    0    0    0    0
2012  4 23  5 26  0    0    -3.15    -9.93    -7.02    -388.8    -34.90    -15.69    14.264      78382    0    0    0    0    0
2012  4 23  5 27  0    0    -2.87   -10.01    -5.33    -388.7    -35.12    -15.82    13.864      87038    0    0    0    0    0
2012  4 23  5 28  0    0    -2.75    -8.58    -5.33    -388.6    -32.10    -17.73    15.457     107868    0    0    0    0    0
2012  4 23  5 29  0    0    -3.06    -7.79    -5.41    -389.4    -30.73    -19.68    17.145     124749    0    0    0    0    0
2012  4 23  5 30  0    0    -2.20    -6.72    -7.09    -389.5    -30.05    -23.25    16.800     117377    0    0    0    0    0
2012  4 23  5 31  0    0    -0.97    -6.51    -8.19    -388.8    -28.53    -25.81    16.559     108795    0    0    0    0    0
2012  4 23  5 32  0    0    -0.20    -7.59    -7.30    -387.7    -26.69    -27.70    16.771     105248    0    0    0    0    0
2012  4 23  5 33  0    0     0.15    -9.03    -5.22    -386.2    -25.66    -30.95    17.459     108161    0    0    0    0    0
2012  4 23  5 34  0    0     0.22   -11.50    -2.39    -386.2    -28.40    -31.42    19.198     123020    0    0    0    0    0
2012  4 23  5 35  0    0     0.56   -12.13    -0.73    -386.1    -31.39    -29.13    19.105     121290    0    0    0    0    0
2012  4 23  5 36  0    0     0.38   -12.43    -1.17    -385.8    -33.53    -26.20    18.563     110717    0    0    0    0    0
2012  4 23  5 37  0    0     0.15   -12.11    -1.94    -386.8    -37.61    -25.72    18.224     112041    0    0    0    0    1
2012  4 23  5 38  0    0     0.11   -12.01    -3.20    -386.8    -39.33    -24.32    17.893     118352    0    0    0    0    2
2012  4 23  5 39  0    0    -0.01   -11.90    -4.22    -387.0    -39.05    -24.64    18.087     128038    0    0    0    0    2
2012  4 23  5 40  0    0    -0.11   -11.72    -4.27    -387.4    -37.87    -25.83    18.911     138468    0    0    0    0    1
2012  4 23  5 41  0    0    -0.27   -11.09    -4.40    -388.4    -36.54    -26.27    20.100     152604    0    0    0    0    0
2012  4 23  5 42  0    0    -0.21   -10.37    -4.58    -388.8    -36.19    -24.33    20.650     161169    0    0    0    0    0
2012  4 23  5 43  0    0    -0.27   -10.01    -4.94    -388.4    -37.34    -22.18    20.683     161169    0    0    0    0    0
2012  4 23  5 44  0    0    -0.43    -9.71    -5.21    -387.9    -38.25    -21.29    20.998     162884    0    0    0    0    0
2012  4 23  5 45  0    0    -0.27    -9.49    -5.10    -388.0    -38.27    -21.27    21.483     165568    0    0    0    0    0
2012  4 23  5 46  0    0     0.46    -9.01    -5.17    -388.0    -36.99    -20.64    21.582     158279    0    0    0    0    0
2012  4 23  5 47  0    0     0.93    -8.38    -5.66    -387.8    -35.70    -19.48    21.602     143618    0    0    0    0    0
2012  4 23  5 48  0    0     0.45    -8.02    -6.06    -387.1    -36.83    -18.74    21.613     135766    0    0    0    0    0
2012  4 23  5 49  0    0     0.24    -7.28    -6.32    -386.2    -39.48    -18.17    21.664     133441    0    0    0    0    0
2012  4 23  5 50  0    0    -0.65    -5.95    -6.62    -386.3    -39.55    -18.17    21.812     134739    0    0    0    0    0
2012  4 23  5 51  0    0    -1.74    -3.12    -6.90    -387.4    -39.80    -18.20    21.717     146463    0    0    0    0    0
2012  4 23  5 52  0    0    -1.67    -2.48    -7.52    -388.9    -41.23    -17.81    21.508     157672    0    0    0    0    0
2012  4 23  5 53  0    0    -1.37    -3.10    -7.53    -389.1    -42.48    -18.07    21.497     158772    0    0    0    0    0
2012  4 23  5 54  0    0    -1.12    -3.35    -7.40    -388.8    -43.16    -18.55    21.386     159449    0    0    0    0    0
2012  4 23  5 55  0    0    -1.08    -3.63    -3.48    -388.9    -43.52    -20.84    21.105     156827    0    0    0    0    0
2012  4 23  5 56  0    0    -1.27    -3.97    -0.15    -389.2    -42.94    -22.26    20.851     150970    0    0    0    0    0
2012  4 23  5 57  0    0    -1.46    -4.49    -0.59    -389.1    -43.22    -21.02    20.788     148353    0    0    0    0    0
2012  4 23  5 58  0    0    -1.39    -5.36    -1.36    -389.0    -44.25    -20.46    20.923     152384    0    0    0    0    0
2012  4 23  5 59  0    0    -0.36    -7.36    -0.16    -390.1    -45.09    -19.23    21.617     172546    0    0    0    0    0
2012  4 23  6  0  0    0     0.34    -8.54    -0.05    -391.0    -46.47    -18.16    21.862     183186    0    0    0    0    0
2012  4 23  6  1  0    0     0.32    -8.97    -1.24    -390.7    -47.66    -18.10    21.619     183935    0    0    0    0    0
2012  4 23  6  2  0    0     0.11    -8.71    -0.90    -390.4    -49.89    -19.77    20.721     181867    0    0    0    0    0
2012  4 23  6  3  0    0    -0.25    -8.40     0.23    -389.6    -50.17    -22.47    20.397     177356    0    0    0    0    0
2012  4 23  6  4  0    0    -0.42    -8.12     2.83    -388.9    -50.94    -23.68    20.339     168723    0    0    0    0    0
2012  4 23  6  5  0    0    -0.09    -7.71     5.02    -388.4    -51.06    -23.84    20.291     163040    0    0    0    0    0
2012  4 23  6  6  0    0     0.38    -7.22     5.67    -387.6    -50.15    -22.53    20.296     162866    0    0    0    0    0
2012  4 23  6  7  0    0     0.60    -6.73     6.22    -386.6    -50.03    -20.05    20.394     162423    0    0    0    0    0
2012  4 23  6  8  0    0     0.90    -6.17     6.93    -384.9    -49.21    -20.98    20.710     161612    0    0    0    0    0
2012  4 23  6  9  0    0     1.19    -5.35     7.06    -383.6    -47.98    -20.94    21.210     161585    0    0    0    0    0
2012  4 23  6 10  0    0     1.30    -5.16     6.82    -382.4    -46.37    -20.87    21.421     163457    0    0    0    0    0
2012  4 23  6 11  0    0     1.34    -5.10     6.64    -381.6    -45.12    -20.66    21.473     164539    0    0    0    0    0
2012  4 23  6 12  0    0     1.49    -5.05     6.65    -381.9    -44.60    -18.51    21.222     163815    0    0    0    0    0
2012  4 23  6 13  0    0     1.61    -5.20     6.67    -382.2    -43.97    -15.74    20.843     163242    0    0    0    0    0
2012  4 23  6 14  0    0     1.35    -5.38     6.20    -385.3    -48.58    -12.65    20.696     166029    0    0    0    0    0
2012  4 23  6 15  0    0     1.36    -5.38     6.18    -385.3    -48.56    -12.39    20.840     168683    0    0    0    0    0
2012  4 23  6 16  0    0     1.15    -5.33     5.80    -385.6    -48.04    -11.14    20.862     172892    0    0    0    0    0
2012  4 23  6 17  0    0     0.82    -6.33     5.04    -385.7    -46.95    -11.02    20.868     177685    0    0    0    0    0
2012  4 23  6 18  0    0     0.66    -6.49     4.61    -385.4    -46.91     -9.26    20.935     189015    0    0    0    0    0
2012  4 23  6 19  0    0     1.03    -6.59     4.54    -385.0    -41.60     -5.20    20.944     189015    0    0    0    0    0
2012  4 23  6 20  0    0     1.03    -6.59     4.53    -382.5    -41.24    -12.84    20.881     183445    0    0    0    0    0
2012  4 23  6 21  0    0     1.02    -3.76     3.92    -380.8    -38.70    -12.43    20.839     179483    0    0    0    0    0
2012  4 23  6 22  0    0     0.52     2.44     1.44    -383.1    -30.62    -19.51    20.853     178274    0    0    0    0    0
2012  4 23  6 23  0    0     0.27     3.04     0.67    -384.0    -22.48    -26.01    20.980     177563    0    0    0    0    0
2012  4 23  6 24  0    0    -0.55     2.82     0.53    -384.6    -17.19    -28.39    21.034     162588    0    0    0    0    0
2012  4 23  6 25  0    0    -2.65    12.19    -1.78    -391.4     -9.13    -31.78    20.108     115368    0    0    0    0    0
2012  4 23  6 26  0    0    -3.38    12.66    -2.70    -393.9     -6.02    -32.44    20.206     108764    0    0    0    0    0
2012  4 23  6 27  0    0    -3.67    12.54    -2.62    -394.9     -5.12    -32.83    20.617     109143    0    0    0    0    0
2012  4 23  6 28  0    0    -3.83    12.59    -1.87    -394.6     -5.52    -32.64    20.820     110507    0    0    0    0    0
2012  4 23  6 29  0    0    -3.60    12.59    -1.57    -393.4     -6.40    -32.12    20.823     112023    0    0    0    0    0
2012  4 23  6 30  0    0    -3.47    12.75    -1.33    -391.7     -6.39    -31.82    20.726     112492    0    0    0    0    0
2012  4 23  6 31  0    0    -3.05    12.90    -1.06    -390.6     -6.64    -30.94    20.167     112988    0    0    0    0    0
2012  4 23  6 32  0    0    -2.91    12.99    -0.88    -389.8     -7.28    -31.00    19.756     114474    0    0    0    0    0
2012  4 23  6 33  0    0    -2.95    13.02    -0.21    -389.9     -8.21    -31.09    19.688     123074    0    0    0    0    0
2012  4 23  6 34  0    0    -3.15    13.03     0.10    -390.2     -9.30    -31.19    19.684     132927    0    0    0    0    0
2012  4 23  6 35  0    0    -3.24    12.85     0.57    -390.8     -9.52    -31.66    19.415     137150    0    0    0    0    0
2012  4 23  6 36  0    0    -2.80    12.62     1.53    -390.9    -13.06    -29.73    19.351     138232    0    0    0    0    0
2012  4 23  6 37  0    0    -2.51    12.18     3.04    -390.4    -15.28    -28.46    19.399     141151    0    0    0    0    0
2012  4 23  6 38  0    0    -1.95    11.47     4.68    -388.7    -17.76    -28.24    19.416     148674    0    0    0    0    0
2012  4 23  6 39  0    0    -1.26    10.70     6.03    -386.7    -20.52    -28.81    19.411     155257    0    0    0    0    0
2012  4 23  6 40  0    0    -0.60     9.99     6.70    -384.9    -23.09    -30.45    19.392     155257    0    0    0    0    0
2012  4 23  6 41  0    0    -0.21     9.75     6.91    -383.9    -23.94    -31.14    19.386     149700    0    0    0    0    0
2012  4 23  6 42  0    0    -0.50     9.86     6.37    -385.3    -24.02    -29.09    19.461     148585    0    0    0    0    0
2012  4 23  6 43  0    0    -0.25    10.67     5.06    -385.7    -23.10    -29.01    19.396     150315    0    0    0    0    0
2012  4 23  6 44  0    0    -0.54    10.69     4.46    -386.6    -23.27    -27.94    18.588     157966    0    0    0    0    0
2012  4 23  6 45  0    0    -2.74    10.53     4.09    -393.4    -22.58    -30.06    19.129     158170    0    0    0    0    0
2012  4 23  6 46  0    0    -3.61    11.03     3.41    -393.4    -20.17    -29.79    19.026     157028    0    0    0    0    0
2012  4 23  6 47  0    0    -3.61    11.19     3.42    -392.4    -19.36    -28.52    18.778     149414    0    0    0    0    0
2012  4 23  6 48  0    0    -3.45    11.21     3.59    -389.7    -19.40    -27.61    18.778     147581    0    0    0    0    0
2012  4 23  6 49  0    0    -2.88    11.11     3.77    -388.2    -19.29    -26.87    18.858     145082    0    0    0    0    0
2012  4 23  6 50  0    0    -2.14    10.93     4.09    -387.7    -18.47    -26.21    19.046     142602    0    0    0    0    0
2012  4 23  6 51  0    0    -1.99    10.68     4.90    -386.8    -18.10    -22.96    19.248     141698    0    0    0    0    0
2012  4 23  6 52  0    0    -2.13    10.03     6.69    -386.0    -21.05    -14.10    19.462     141918    0    0    0    0    0
2012  4 23  6 53  0    0    -3.05     9.56     8.88    -387.3    -25.75    -13.02    18.846     143873    0    0    0    0    0
2012  4 23  6 54  0    0    -3.38     8.11    10.82    -389.2    -31.88    -14.19    17.307     148333    0    0    0    0    0
2012  4 23  6 55  0    0    -3.33     7.16    11.76    -389.8    -38.50    -12.58    17.301     150902    0    0    0    0    0
2012  4 23  6 56  0    0    -3.30     4.40    12.60    -389.2    -44.29     -3.45    17.800     145273    0    0    0    0    0
2012  4 23  6 57  0    0    -3.30     1.78    13.34    -388.7    -44.86      3.91    18.551     141051    0    0    0    0    0
2012  4 23  6 58  0    0    -3.24     1.53    13.54    -389.3    -41.78      4.99    18.985     143926    0    0    0    0    0
2012  4 23  6 59  0    0    -3.19     2.55    13.42    -388.7    -38.31      1.61    19.022     146035    0    0    0    0    0
2012  4 23  7  0  0    0    -2.84     3.61    13.05    -386.5    -34.42     -5.04    19.062     145560    0    0    0    0    0
2012  4 23  7  1  0    0    -1.92     4.59    12.39    -383.1    -30.99    -14.02    19.162     144263    0    0    0    0    0
2012  4 23  7  2  0    0    -0.56     6.08    10.55    -379.9    -27.48    -18.40    19.263     142887    0    0    0    0    0
2012  4 23  7  3  0    0     1.28     8.11     7.44    -376.9    -23.87    -17.85    19.363     141425    0    0    0    0    0
2012  4 23  7  4  0    0     2.75     9.68     5.16    -373.4    -20.83    -25.91    19.423     140800    0    0    0    0    0
2012  4 23  7  5  0    0     4.09    11.09     3.17    -369.7    -17.99    -37.10    19.469     140479    0    0    0    0    0
2012  4 23  7  6  0    0     4.70    11.75     2.28    -368.0    -14.50    -41.98    19.492     140334    0    0    0    0    0
2012  4 23  7  7  0    0     4.07    11.77     3.58    -369.1     -9.98    -39.69    19.440     141823    0    0    0    0    0
2012  4 23  7  8  0    0     3.63    11.86     4.20    -369.2     -8.39    -37.67    19.293     142447    0    0    0    0    0
2012  4 23  7  9  0    0     2.13    11.12     6.56    -371.9    -15.99    -26.60    18.785     144579    0    0    0    0    0
2012  4 23  7 10  0    0     1.57     9.29     9.90    -378.6    -25.61    -19.55    18.080     157186    0    0    0    0    0
2012  4 23  7 11  0    0     0.81     7.22    12.59    -377.2    -25.25    -12.82    16.503     157186    0    0    0    0    0
2012  4 23  7 12  0    0     0.58     3.92    13.46    -377.9    -23.06     -6.72    15.757     157186    0    0    0    0    0
2012  4 23  7 13  0    0     1.13     3.64    13.01    -378.4    -18.53     -7.26    16.566     145852    0    0    0    0    0
2012  4 23  7 14  0    0     0.55     2.83    12.63    -378.8    -12.19     -5.76    17.433     143746    0    0    0    0    0
2012  4 23  7 15  0    0    -0.42     3.08    12.03    -379.6     -8.09     -6.74    18.055     127253    0    0    0    0    0
2012  4 23  7 16  0    0    -1.89     5.17    10.91    -380.6    -11.95    -10.16    18.063     127253    0    0    0    0    0
2012  4 23  7 17  0    0    -4.07     9.18     8.48    -385.2    -17.32    -19.96    19.335     126790    0    0    0    0    0
2012  4 23  7 18  0    0    -3.34     9.63     8.21    -385.7    -20.72    -22.47    19.481     127250    0    0    0    0    0
2012  4 23  7 19  0    0    -2.90    10.51     7.11    -384.9    -18.68    -23.30    19.481     131843    0    0    0    0    0
2012  4 23  7 20  0    0    -2.76    10.45     7.10    -385.6    -16.26    -19.72    19.686     138007    0    0    0    0    0
2012  4 23  7 21  0    0    -2.70     9.08     7.73    -387.4    -13.59    -22.72    20.392     142824    0    0    0    0    0
2012  4 23  7 22  0    0    -2.67     8.42     7.84    -388.4    -12.22    -23.52    20.466     136940    0    0    0    0    0
2012  4 23  7 23  0    0    -2.67     7.97     8.19    -388.0    -12.65    -22.17    19.775     130216    0    0    0    0    0
2012  4 23  7 24  0    0    -2.85     7.13     8.83    -387.2     -8.12    -17.37    18.808     134505    0    0    0    0    0
2012  4 23  7 25  0    0    -3.18     6.24     9.76    -386.7      0.24     -9.71    18.872     145115    0    0    0    0    0
2012  4 23  7 26  0    0    -3.05     5.93     9.79    -386.3    -14.98    -19.88    19.136     144772    0    0    0    0    0
2012  4 23  7 27  0    0    -2.49     5.67    10.10    -384.7    -13.18    -19.88    19.354     143186    0    0    0    0    0
2012  4 23  7 28  0    0    -2.33     5.66    10.39    -384.0    -12.76    -20.12    19.456     139799    0    0    0    0    0
2012  4 23  7 29  0    0    -2.10     5.67    10.52    -383.2    -12.02    -18.60    19.544     136255    0    0    0    0    0
2012  4 23  7 30  0    0    -1.61     5.69    10.52    -383.0    -11.82    -17.93    19.987     125879    0    0    0    0    0
2012  4 23  7 31  0    0    -1.29     6.19    10.36    -382.9    -11.44    -18.94    20.189     121631    0    0    0    0    0
2012  4 23  7 32  0    0    -1.15     6.92     9.70    -382.7    -10.72    -21.33    20.215     121430    0    0    0    0    0
2012  4 23  7 33  0    0    -1.03     7.79     9.01    -382.6    -11.04    -22.85    20.377     122386    0    0    0    0    0
2012  4 23  7 34  0    0    -0.92     8.56     8.52    -384.8    -11.29    -23.78    20.495     122864    0    0    0    0    0
2012  4 23  7 35  0    0    -0.92     8.55     8.54    -385.2    -14.09    -22.54    18.724     104273    0    0    0    0    0
2012  4 23  7 36  0    0    -0.83     7.32     9.52    -385.0     -0.40     -4.30    18.663     104273    0    0    0    0    0
2012  4 23  7 37  0    0    -1.10     7.16     9.64    -385.0     -3.35      3.58    19.695     108835    0    0    0    0    0
2012  4 23  7 38  0    0    -0.86     6.20    10.47    -385.0     -3.66      3.86    19.730     113152    0    0    0    0    0
2012  4 23  7 39  0    0    -0.24     5.70    10.54    -383.3    -16.73     -8.65    19.352     119760    0    0    0    0    0
2012  4 23  7 40  0    0    -0.07     4.36    11.26    -383.0    -24.86     -1.42    18.961     128520    0    0    0    0    0
2012  4 23  7 41  0    0    -1.01     5.06     8.37    -388.8    -23.18    -10.69    19.314     134811    0    0    0    0    0
2012  4 23  7 42  0    0    -1.70     5.41     7.88    -389.7    -21.65    -14.75    19.662     122808    0    0    0    0    0
2012  4 23  7 43  0    0    -1.88     4.24     8.15    -387.7    -19.24    -14.38    19.294     109901    0    0    0    0    0
2012  4 23  7 44  0    0    -2.02     2.50     8.52    -384.7    -17.14    -13.75    18.672     100100    0    0    0    0    0
2012  4 23  7 45  0    0    -1.18    -0.73     7.77    -383.8    -19.24    -24.53    17.814      99120    0    0    0    0    0
2012  4 23  7 46  0    0    -0.25    -1.96     7.63    -383.6    -21.22    -24.49    17.386     106903    0    0    0    0    0
2012  4 23  7 47  0    0    -0.03    -2.69     8.03    -383.0    -22.17    -20.75    17.545     123835    0    0    0    0    0
2012  4 23  7 48  0    0     0.44    -3.52     8.34    -380.7    -22.10    -16.14    18.564     136419    0    0    0    0    0
2012  4 23  7 49  0    0     1.13    -4.42     8.56    -377.7    -21.64    -11.23    19.952     145903    0    0    0    0    0
2012  4 23  7 50  0    0     0.70     0.43     6.64    -383.9    -30.19    -25.68    20.657     152233    0    0    0    0    0
2012  4 23  7 51  0    0     1.40    -0.31     7.55    -382.5    -33.69    -26.62    20.742     150885    0    0    0    0    0
2012  4 23  7 52  0    0     2.18    -0.87     7.98    -380.3    -35.35    -25.93    20.900     148056    0    0    0    0    0
2012  4 23  7 53  0    0     2.90    -1.19     7.88    -377.6    -35.66    -24.01    21.104     144208    0    0    0    0    0
2012  4 23  7 54  0    0     2.83    -1.90     7.86    -374.9    -35.97    -23.40    21.361     143193    0    0    0    0    0
2012  4 23  7 55  0    0     2.90    -2.68     7.93    -372.9    -37.82    -20.14    21.588     142530    0    0    0    0    0
2012  4 23  7 56  0    0     3.06    -4.36     8.38    -373.6    -44.10     -9.90    21.680     142157    0    0    0    0    0
2012  4 23  7 57  0    0     2.79    -6.14     8.84    -373.6    -47.62     -5.08    21.697     140511    0    0    0    0    0
2012  4 23  7 58  0    0     3.13    -6.11     9.06    -372.1    -47.53     -5.11    21.731     138023    0    0    0    0    0
2012  4 23  7 59  0    0     3.32    -5.91     9.28    -370.6    -47.38     -5.58    21.753     136926    0    0    0    0    0
2012  4 23  8  0  0    0     3.58    -5.68     9.45    -371.2    -46.68     -2.58    21.241     136223    0    0    0    0    0
2012  4 23  8  1  0    0     2.92    -5.53    10.14    -373.7    -46.48      1.52    20.193     127784    0    0    0    0    0
2012  4 23  8  2  0    0     2.86    -5.63    10.43    -375.2    -45.22      1.55    20.550     134097    0    0    0    0    0
2012  4 23  8  3  0    0     3.04    -5.69    10.51    -374.6    -43.88      1.60    20.993     138245    0    0    0    0    0
2012  4 23  8  4  0    0     3.19    -5.80    10.44    -373.2    -42.98      1.70    21.072     134474    0    0    0    0    0
2012  4 23  8  5  0    0     3.35    -6.03    10.29    -371.5    -42.10      1.86    21.031     125830    0    0    0    0    0
2012  4 23  8  6  0    0     3.50    -5.97    10.29    -370.2    -41.70      2.60    21.003     125830    0    0    0    0    0
2012  4 23  8  7  0    0     3.60    -5.79    10.21    -369.4    -41.32      3.59    20.998     124438    0    0    0    0    0
2012  4 23  8  8  0    0     3.57    -5.83    10.18    -369.1    -41.06      4.03    20.720     123964    0    0    0    0    0
2012  4 23  8  9  0    0     3.55    -6.07     9.93    -368.9    -41.27      3.54    20.193     123964    0    0    0    0    0
2012  4 23  8 10  0    0     3.55    -6.37     9.68    -369.2    -41.93      2.21    19.863     123989    0    0    0    0    0
2012  4 23  8 11  0    0     2.29    -8.07     6.17    -373.2    -47.63     -5.88    19.364     122096    0    0    0    0    0
2012  4 23  8 12  0    0     1.24    -8.79     2.32    -375.2    -47.07    -18.75    18.726     115956    0    0    0    0    0
2012  4 23  8 13  0    0     1.33    -8.87     0.91    -374.3    -44.42    -21.93    18.875     114713    0    0    0    0    0
2012  4 23  8 14  0    0     1.94    -8.84     1.54    -372.6    -42.46    -19.68    19.446     119546    0    0    0    0    0
2012  4 23  8 15  0    0     2.96    -8.84     4.47    -370.1    -41.94    -11.70    20.217     133353    0    0    0    0    0
2012  4 23  8 16  0    0     2.08    -9.97     5.29    -374.1    -39.61     -3.87    20.029     138908    0    0    0    0    0
2012  4 23  8 17  0    0     1.53    -9.62     4.70    -374.7    -38.84     -2.07    17.766     132453    0    0    0    0    0
2012  4 23  8 18  0    0     1.49   -10.23     4.19    -375.0    -38.04      0.60    16.807     116064    0    0    0    0    0
2012  4 23  8 19  0    0     1.57   -10.87     5.05    -374.8    -37.21      6.42    17.039     102034    0    0    0    0    0
2012  4 23  8 20  0    0     1.65   -11.09     6.03    -374.2    -36.64     10.36    17.414      96816    0    0    0    0    0
2012  4 23  8 21  0    0     1.70   -10.99     6.52    -373.5    -36.70     10.47    17.391      96816    0    0    0    0    0
2012  4 23  8 22  0    0     1.91   -10.41     7.05    -373.0    -37.31      9.60    17.102      95331    0    0    0    0    0
2012  4 23  8 23  0    0     2.33    -9.67     7.63    -373.6    -37.98      9.83    16.921      91486    0    0    0    0    0
2012  4 23  8 24  0    0     2.11   -10.00     7.76    -374.2    -37.99     10.49    17.003      90771    0    0    0    0    0
2012  4 23  8 25  0    0     1.74   -10.43     7.78    -373.7    -38.15     11.13    17.302      89012    0    0    0    0    0
2012  4 23  8 26  0    0     1.75   -10.41     7.99    -372.6    -38.70     12.12    17.627      86778    0    0    0    0    0
2012  4 23  8 27  0    0     1.75   -10.30     8.12    -371.3    -38.87     14.24    17.842      86885    0    0    0    0    0
2012  4 23  8 28  0    0     1.85    -9.88     8.53    -371.1    -38.77     13.87    17.893      90103    0    0    0    0    0
2012  4 23  8 29  0    0     1.90    -9.77     8.62    -370.6    -38.33     13.38    17.686      92475    0    0    0    0    0
2012  4 23  8 30  0    0     2.30    -9.59     8.74    -370.1    -37.46     12.59    17.489      95545    0    0    0    0    0
2012  4 23  8 31  0    0     3.05    -9.70     8.02    -369.4    -37.59      8.90    17.462      99671    0    0    0    0    0
2012  4 23  8 32  0    0     3.32    -9.72     7.78    -369.4    -38.06      7.85    17.477     100818    0    0    0    0    0
2012  4 23  8 33  0    0     3.21    -9.54     7.92    -369.7    -38.34      9.08    17.504      99571    0    0    0    0    0
2012  4 23  8 34  0    0     3.17    -9.14     8.11    -369.8    -38.41     10.05    17.938      99238    0    0    0    0    0
2012  4 23  8 35  0    0     3.15    -8.78     8.22    -369.8    -37.86     10.21    18.404      99238    0    0    0    0    0
2012  4 23  8 36  0    0     2.82    -8.65     8.30    -371.1    -36.56      9.53    18.288      94831    0    0    0    0    0
2012  4 23  8 37  0    0     2.77    -8.73     8.41    -371.1    -35.26      9.33    18.115      94793    0    0    0    0    0
2012  4 23  8 38  0    0     2.75    -8.61     8.49    -371.7    -35.14      8.84    18.466      93601    0    0    0    0    0
2012  4 23  8 39  0    0     2.73    -8.49     8.60    -371.5    -35.10      8.78    18.769      93510    0    0    0    0    0
2012  4 23  8 40  0    0     2.71    -8.39     8.63    -371.4    -35.14      7.20    18.872      92220    0    0    0    0    0
2012  4 23  8 41  0    0     2.74    -8.37     8.64    -371.4    -35.19      7.10    18.919      92250    0    0    0    0    0
2012  4 23  8 42  0    0     2.78    -8.35     8.64    -371.5    -35.54      6.94    18.746      92867    0    0    0    0    0
2012  4 23  8 43  0    0     2.74    -8.23     8.69    -371.4    -36.02      6.60    18.605      93615    0    0    0    0    0
2012  4 23  8 44  0    0     2.67    -7.94     9.01    -371.1    -37.19      7.60    18.662      94462    0    0    0    0    0
2012  4 23  8 45  0    0     2.59    -7.55     9.48    -371.3    -38.04      7.27    18.775      94410    0    0    0    0    0
2012  4 23  8 46  0    0     2.55    -6.89     9.99    -373.7    -35.86      8.33    18.821      91993    0    0    0    0    0
2012  4 23  8 47  0    0     2.73    -6.65    10.07    -374.9    -29.69      6.98    18.816      95912    0    0    0    0    0
2012  4 23  8 48  0    0     3.03    -6.41    10.00    -374.3    -24.16      5.13    18.818     102453    0    0    0    0    0
2012  4 23  8 49  0    0     3.05    -5.60    10.28    -374.2    -17.49      4.94    18.838     106345    0    0    0    0    0
2012  4 23  8 50  0    0     2.83    -4.46    10.82    -374.6    -11.67      4.74    18.878     101606    0    0    0    0    0
2012  4 23  8 51  0    0     2.81    -4.10    10.97    -375.5     -9.31      4.75    19.252      95026    0    0    0    0    0
2012  4 23  8 52  0    0     2.92    -4.35    10.66    -376.1     -9.62      4.81    20.079      93752    0    0    0    0    0
2012  4 23  8 53  0    0     3.13    -4.74    10.19    -376.3    -10.68      4.82    20.847      94361    0    0    0    0    0
2012  4 23  8 54  0    0     3.15    -5.36     9.59    -376.1    -25.25      6.56    21.130      94550    0    0    0    0    0
2012  4 23  8 55  0    0     3.08    -5.89     9.00    -376.3    -30.47      6.85    21.020      92269    0    0    0    0    0
2012  4 23  8 56  0    0     2.83    -6.11     8.62    -377.2    -30.88      7.33    20.820      89850    0    0    0    0    0
2012  4 23  8 57  0    0     2.64    -6.27     8.52    -377.5    -31.04      6.87    20.484      89667    0    0    0    0    0
2012  4 23  8 58  0    0     2.59    -6.87     7.96    -377.1    -31.09      8.54    20.114      91002    0    0    0    0    0
2012  4 23  8 59  0    0     2.67    -7.34     7.57    -376.8    -26.86      9.11    19.677      94661    0    0    0    0    0
2012  4 23  9  0  0    0     2.86    -7.75     7.24    -376.8    -21.77      5.53    19.527      99524    0    0    0    0    0
2012  4 23  9  1  0    0     3.01    -7.93     6.87    -376.9    -16.56      3.79    19.891     104568    0    0    0    0    0
2012  4 23  9  2  0    0     3.06    -8.05     6.57    -377.9    -10.50      2.35    20.152     106978    0    0    0    0    0
2012  4 23  9  3  0    0     2.98    -7.86     6.73    -378.8     -9.71      2.26    20.278     108814    0    0    0    0    0
2012  4 23  9  4  0    0     3.00    -6.80     6.51    -379.9     -9.47      3.32    20.279     115440    0    0    0    0    0
2012  4 23  9  5  0    0     2.96    -6.51     6.47    -378.5     -9.47      4.05    20.215     115365    0    0    0    0    0
2012  4 23  9  6  0    0     2.92    -6.12     6.98    -379.0     -9.64      5.05    19.833     114182    0    0    0    0    0
2012  4 23  9  7  0    0     2.70    -4.84     7.85    -379.2     -9.67      6.13    19.521     112926    0    0    0    0    0
2012  4 23  9  8  0    0     2.38    -3.13     8.61    -379.5    -11.02      7.00    19.698     112585    0    0    0    0    0
2012  4 23  9  9  0    0     2.22    -2.30     9.08    -379.6    -16.93      7.04    20.569     111244    0    0    0    0    0
2012  4 23  9 10  0    0     2.32    -2.31     9.26    -378.8    -21.62      7.44    21.098     109657    0    0    0    0    0
2012  4 23  9 11  0    0     2.77    -3.86     8.02    -378.3    -26.53     11.74    21.568     102584    0    0    0    0    0
2012  4 23  9 12  0    0     3.20    -4.75     7.13    -377.9    -31.46     10.26    21.740     101328    0    0    0    0    0
2012  4 23  9 13  0    0     3.07    -4.75     6.76    -376.9    -35.60     10.65    21.837     101253    0    0    0    0    0
2012  4 23  9 14  0    0     3.08    -4.74     6.20    -378.1    -35.94     13.09    22.586      99195    0    0    0    0    0
2012  4 23  9 15  0    0     3.26    -4.97     5.68    -376.7    -36.62     12.83    22.744      97676    0    0    0    0    0
2012  4 23  9 16  0    0     4.17    -6.94     4.78    -376.6    -36.98     12.71    22.509      96620    0    0    0    0    0
2012  4 23  9 17  0    0     4.49    -7.78     4.04    -376.5    -22.26      8.50    22.351      96434    0    0    0    0    0
2012  4 23  9 18  0    0     4.50    -7.96     3.37    -376.2    -18.55      7.56    22.323      98797    0    0    0    0    0
2012  4 23  9 19  0    0     4.38    -7.98     3.18    -375.9    -18.54      7.40    22.321     100894    0    0    0    0    0
2012  4 23  9 20  0    0     4.35    -8.09     3.23    -376.0    -16.95      6.07    21.459     101430    0    0    0    0    0
2012  4 23  9 21  0    0     4.40    -8.27     3.27    -376.0    -14.19      4.04    20.268      98997    0    0    0    0    0
2012  4 23  9 22  0    0     4.41    -8.32     2.96    -376.5    -12.78      2.59    19.717      97896    0    0    0    0    0
2012  4 23  9 23  0    0     4.41    -8.34     2.88    -376.6    -12.60      2.08    19.652      97044    0    0    0    0    0
2012  4 23  9 24  0    0     4.29    -8.25     3.33    -377.2    -12.92      1.80    19.611      95871    0    0    0    0    0
2012  4 23  9 25  0    0     4.19    -8.26     3.40    -377.5    -13.67      1.38    19.582      95770    0    0    0    0    0
2012  4 23  9 26  0    0     4.09    -8.25     3.42    -378.5    -14.57      1.31    19.688      96799    0    0    0    0    0
2012  4 23  9 27  0    0     3.98    -7.99     3.34    -378.7    -14.55      2.32    21.037      99061    0    0    0    0    0
2012  4 23  9 28  0    0     3.69    -7.62     3.41    -380.4    -14.39      8.63    22.179     109617    0    0    0    0    0
2012  4 23  9 29  0    0     3.55    -6.65     3.67    -380.7    -18.33     12.69    22.502     116701    0    0    0    0    0
2012  4 23  9 30  0    0     3.56    -5.72     4.27    -380.0    -21.77     12.94    22.379     117678    0    0    0    0    0
2012  4 23  9 31  0    0     3.58    -5.69     4.45    -379.7    -26.35     12.30    21.808     116763    0    0    0    0    0
2012  4 23  9 32  0    0     3.60    -5.74     4.75    -378.9    -30.21     11.69    21.045     113908    0    0    0    0    0
2012  4 23  9 33  0    0     3.38    -5.63     4.99    -380.1    -26.38     12.07    20.945     113908    0    0    0    0    0
2012  4 23  9 34  0    0     3.12    -5.17     5.09    -381.9    -26.59     12.62    20.715     109091    0    0    0    0    0
2012  4 23  9 35  0    0     3.05    -5.27     4.87    -382.3    -26.24     14.54    20.540     103913    0    0    0    0    0
2012  4 23  9 36  0    0     3.26    -5.43     4.73    -381.8    -26.20     15.20    20.610     101288    0    0    0    0    0
2012  4 23  9 37  0    0     2.78    -4.41     6.26    -382.8    -26.54     20.26    21.182      89747    0    0    0    0    0
2012  4 23  9 38  0    0     2.08    -2.55     7.64    -382.5    -27.04     20.05    21.878      76779    0    0    0    0    0
2012  4 23  9 39  0    0     1.56    -1.25     8.18    -381.3    -27.52     22.01    23.698      72136    0    0    0    0    0
2012  4 23  9 40  0    0     1.15    -0.63     8.38    -380.4    -27.95     26.02    25.600      74561    0    0    0    0    0
2012  4 23  9 41  0    0     0.90    -0.63     8.41    -380.1    -29.63     26.97    26.066      80228    0    0    0    0    0
2012  4 23  9 42  0    0     0.72    -0.85     8.36    -379.8    -32.70     27.10    26.485      83225    0    0    0    0    0
2012  4 23  9 43  0    0     0.69    -0.65     8.33    -380.4    -31.85     27.27    27.294      81381    0    0    0    0    0
2012  4 23  9 44  0    0     0.33     0.83     8.50    -380.7    -30.25     27.92    27.790      76348    0    0    0    0    0
2012  4 23  9 45  0    0    -0.26     2.80     8.86    -380.8    -29.77     29.34    27.606      73745    0    0    0    0    0
2012  4 23  9 46  0    0    -0.23     2.51     9.05    -380.4    -29.94     31.11    27.296      74038    0    0    0    0    0
2012  4 23  9 47  0    0    -0.23     1.92     9.24    -380.3    -29.91     30.83    27.305      74609    0    0    0    0    0
2012  4 23  9 48  0    0    -0.33     1.87     9.24    -379.9    -29.86     31.30    27.334      74609    0    0    0    0    0
2012  4 23  9 49  0    0    -0.50     2.16     9.09    -379.5    -29.28     29.89    26.944      76480    0    0    0    0    0
2012  4 23  9 50  0    0    -0.86     3.24     8.67    -379.5    -28.95     26.49    25.509      83244    0    0    0    0    0
2012  4 23  9 51  0    0    -0.92     3.45     8.68    -380.2    -29.15     22.04    25.423      83244    0    0    0    0    0
2012  4 23  9 52  0    0    -1.04     3.14     8.87    -381.0    -28.93     19.57    25.575      85532    0    0    0    0    0
2012  4 23  9 53  0    0    -1.13     2.65     9.04    -380.7    -28.13     18.79    25.779      88412    0    0    0    0    0
2012  4 23  9 54  0    0    -1.26     2.85     9.03    -380.2    -27.52     19.47    25.794      88412    0    0    0    0    0
2012  4 23  9 55  0    0    -1.41     3.35     8.96    -380.4    -27.24     20.79    25.843      88518    0    0    0    0    0
2012  4 23  9 56  0    0    -1.64     3.55     8.78    -380.9    -27.52     21.35    26.232      88715    0    0    0    0    0
2012  4 23  9 57  0    0    -1.95     3.86     8.55    -381.2    -27.82     22.00    26.657      88220    0    0    0    0    0
2012  4 23  9 58  0    0    -2.13     3.91     8.45    -381.3    -28.17     23.52    26.661      86275    0    0    0    0    0
2012  4 23  9 59  0    0    -2.16     3.80     8.49    -381.3    -28.37     25.52    26.651      83483    0    0    0    0    0
2012  4 23 10  0  0    0    -2.05     3.92     8.53    -381.0    -28.03     25.50    27.028      79187    0    0    0    0    0
2012  4 23 10  1  0    0    -1.88     4.32     8.40    -380.5    -27.03     24.50    27.859      73101    0    0    0    0    0
2012  4 23 10  2  0    0    -1.89     4.80     8.14    -380.0    -26.13     23.47    28.505      68439    0    0    0    0    0
2012  4 23 10  3  0    0    -1.96     4.96     7.91    -380.1    -25.46     22.68    28.794      67060    0    0    0    0    0
2012  4 23 10  4  0    0    -1.74     5.42     7.62    -380.0    -25.21     20.34    29.144      67060    0    0    0    0    0
2012  4 23 10  5  0    0    -1.27     6.51     7.01    -380.2    -25.91     17.69    29.155      66994    0    0    0    0    0
2012  4 23 10  6  0    0    -1.09     6.86     6.64    -380.5    -26.57     17.98    28.956      66856    0    0    0    0    0
2012  4 23 10  7  0    0    -0.92     6.90     6.63    -380.5    -27.05     18.90    28.171      68197    0    0    0    0    0
2012  4 23 10  8  0    0    -0.92     6.96     6.63    -380.9    -27.90     19.26    27.351      71967    0    0    0    0    0
2012  4 23 10  9  0    0    -0.77     6.90     6.67    -381.2    -28.70     18.71    27.297      74007    0    0    0    0    0
2012  4 23 10 10  0    0    -0.56     6.82     6.80    -381.1    -29.01     18.57    27.214      72217    0    0    0    0    0
2012  4 23 10 11  0    0    -0.42     6.74     6.98    -380.6    -29.31     19.90    27.005      69963    0    0    0    0    0
2012  4 23 10 12  0    0    -0.36     6.55     7.15    -379.8    -29.21     21.23    26.811      69963    0    0    0    0    0
2012  4 23 10 13  0    0    -0.29     6.28     7.30    -379.0    -28.91     21.21    26.862      69886    0    0    0    0    0
2012  4 23 10 14  0    0    -0.11     5.98     7.43    -378.9    -28.92     19.55    27.346      69044    0    0    0    0    0
2012  4 23 10 15  0    0    -0.06     5.97     7.48    -378.9    -28.90     19.20    27.652      66463    0    0    0    0    0
2012  4 23 10 16  0    0     0.06     5.91     7.63    -379.1    -28.72     19.77    27.922      67097    0    0    0    0    0
2012  4 23 10 17  0    0     0.13     5.65     7.74    -379.4    -28.69     21.29    27.952      71427    0    0    0    0    0
2012  4 23 10 18  0    0     0.10     5.48     7.73    -379.6    -28.68     23.74    27.819      75208    0    0    0    0    0
2012  4 23 10 19  0    0    -0.56     5.65     7.16    -379.4    -29.20     23.84    27.374      75939    0    0    0    0    0
2012  4 23 10 20  0    0    -0.80     5.85     6.82    -379.9    -29.49     22.17    27.191      76138    0    0    0    0    0
2012  4 23 10 21  0    0    -1.24     6.30     6.19    -380.0    -29.92     20.21    26.800      76977    0    0    0    0    0
2012  4 23 10 22  0    0    -1.28     6.33     6.08    -380.2    -30.11     20.37    26.780      78690    0    0    0    0    0
2012  4 23 10 23  0    0    -1.27     5.74     6.34    -380.0    -31.47     21.36    27.426      80641    0    0    0    0    0
2012  4 23 10 24  0    0    -1.24     4.17     7.04    -379.6    -34.76     22.77    29.025      80285    0    0    0    0    0
2012  4 23 10 25  0    0    -0.99     3.71     7.31    -379.2    -34.67     22.94    29.243      78929    0    0    0    0    0
2012  4 23 10 26  0    0    -0.36     4.05     7.09    -378.0    -33.94     22.48    29.246      77831    0    0    0    0    0
2012  4 23 10 27  0    0     0.80     4.78     6.68    -377.6    -33.06     22.21    28.923      77831    0    0    0    0    0
2012  4 23 10 28  0    0     1.21     4.85     6.63    -377.2    -32.89     22.19    28.854      77831    0    0    0    0    0
2012  4 23 10 29  0    0     1.37     4.75     6.88    -377.5    -33.63     24.33    29.041      74873    0    0    0    0    0
2012  4 23 10 30  0    0     1.58     4.14     7.23    -377.2    -33.79     24.93    29.094      74117    0    0    0    0    0
2012  4 23 10 31  0    0     1.64     3.70     7.59    -377.2    -34.07     25.16    29.057      74055    0    0    0    0    0
2012  4 23 10 32  0    0     1.68     3.59     7.75    -377.2    -34.36     26.68    29.045      74146    0    0    0    0    0
2012  4 23 10 33  0    0     1.56     3.29     8.00    -377.4    -34.39     27.28    29.044      74156    0    0    0    0    0
2012  4 23 10 34  0    0     1.53     3.01     8.28    -377.8    -34.68     27.57    29.074      72620    0    0    0    0    0
2012  4 23 10 35  0    0     1.51     2.44     8.49    -377.8    -34.73     30.29    29.330      72593    0    0    0    0    0
2012  4 23 10 36  0    0     1.25     2.09     8.52    -377.8    -35.18     30.64    29.374      73268    0    0    0    0    0
2012  4 23 10 37  0    0     1.21     1.80     8.55    -378.1    -35.33     30.69    29.395      74834    0    0    0    0    0
2012  4 23 10 38  0    0     1.07     1.71     8.58    -378.3    -35.28     30.96    29.398      74832    0    0    0    0    0
2012  4 23 10 39  0    0     1.04     1.53     8.61    -378.3    -35.08     31.29    29.363      73633    0    0    0    0    0
2012  4 23 10 40  0    0     0.80     1.32     8.58    -378.2    -34.89     31.63    28.751      56379    0    0    0    0    0
2012  4 23 10 41  0    0     0.71     0.36     8.69    -377.3    -22.07     18.14    25.617      42705    0    0    0    0    0
2012  4 23 10 42  0    0     0.62     0.02     8.74    -376.4    -21.42     14.46    24.144      41246    0    0    0    0    0
2012  4 23 10 43  0    0     0.67    -0.26     8.80    -376.7    -21.02     16.93    25.084      41220    0    0    0    0    0
2012  4 23 10 44  0    0     1.07    -0.48     8.82    -378.3    -36.02     35.99    28.659      71986    0    0    0    0    0
2012  4 23 10 45  0    0     0.84    -0.64     8.86    -378.4    -35.76     36.27    28.880      77139    0    0    0    0    0
2012  4 23 10 46  0    0     0.83    -1.08     8.88    -377.9    -36.15     35.35    28.880      77139    0    0    0    0    0
2012  4 23 10 47  0    0     1.06    -1.64     8.80    -378.1    -37.73     35.70    29.661      73131    0    0    0    0    0
2012  4 23 10 48  0    0     1.47    -2.22     8.54    -377.4    -38.10     35.57    30.008      73131    0    0    0    0    0
2012  4 23 10 49  0    0     1.58    -2.42     8.43    -378.3    -38.09     35.58    30.065      76550    0    0    0    0    0
2012  4 23 10 50  0    0     1.56    -2.51     8.34    -378.0    -37.05     36.25    29.822      76550    0    0    0    0    0
2012  4 23 10 51  0    0     0.94    -2.05     8.56    -380.2    -36.76     36.47    28.375      72434    0    0    0    0    0
2012  4 23 10 52  0    0     0.70    -2.08     8.55    -380.1    -36.99     36.10    26.752      71268    0    0    0    0    0
2012  4 23 10 53  0    0     0.37    -2.32     8.46    -379.6    -34.36     32.18    26.791      71658    0    0    0    0    0
2012  4 23 10 54  0    0     0.30    -3.14     8.25    -379.0    -24.01     20.72    27.327      73222    0    0    0    0    0
2012  4 23 10 55  0    0     0.29    -3.44     8.15    -378.5    -26.19     21.12    29.043      75062    0    0    0    0    0
2012  4 23 10 56  0    0     0.42    -3.49     8.10    -377.6    -38.48     33.96    29.436      79207    0    0    0    0    0
2012  4 23 10 57  0    0     0.74    -3.82     7.79    -378.5    -38.06     33.61    29.448      84991    0    0    0    0    0
2012  4 23 10 58  0    0     0.80    -3.96     7.74    -378.0    -24.99     20.25    28.987      85881    0    0    0    0    0
2012  4 23 10 59  0    0     1.01    -3.81     7.84    -378.2    -22.37     20.73    28.886      86270    0    0    0    0    0
2012  4 23 11  0  0    0     1.34    -4.27     7.52    -380.0    -24.94     28.33    28.182      86280    0    0    0    0    0
2012  4 23 11  1  0    0     2.11    -5.42     6.67    -379.3    -36.54     36.39    28.003      86280    0    0    0    0    0
2012  4 23 11  2  0    0     2.12    -5.60     6.60    -378.6    -34.92     35.24    27.255      86351    0    0    0    0    0
2012  4 23 11  3  0    0     1.90    -6.00     6.33    -377.6    -20.36     24.70    27.194      87053    0    0    0    0    0
2012  4 23 11  4  0    0     1.66    -6.03     6.33    -377.3    -19.38     23.19    27.188      87100    0    0    0    0    0
2012  4 23 11  5  0    0     0.85    -5.46     7.01    -379.2    -37.88     32.72    27.660      83969    0    0    0    0    0
2012  4 23 11  6  0    0     0.78    -5.12     7.30    -379.2    -38.25     30.67    27.673      83969    0    0    0    0    0
2012  4 23 11  7  0    0     0.43    -4.78     7.50    -379.4    -38.65     30.55    27.583      83532    0    0    0    0    0
2012  4 23 11  8  0    0     0.21    -4.64     7.54    -379.8    -38.97     30.33    27.496      81948    0    0    0    0    0
2012  4 23 11  9  0    0     0.21    -4.53     7.48    -380.9    -39.32     31.48    27.789      83086    0    0    0    0    0
2012  4 23 11 10  0    0     0.31    -4.79     7.20    -380.8    -39.45     32.13    28.220      84698    0    0    0    0    0
2012  4 23 11 11  0    0     0.49    -5.28     6.76    -380.4    -39.07     32.32    28.052      84698    0    0    0    0    0
2012  4 23 11 12  0    0     0.47    -5.73     6.52    -380.5    -38.97     31.94    27.696      86679    0    0    0    0    0
2012  4 23 11 13  0    0     0.44    -6.03     6.41    -381.1    -39.07     31.83    27.801      90814    0    0    0    0    0
2012  4 23 11 14  0    0     0.50    -6.08     6.38    -381.4    -39.15     31.89    27.949      92223    0    0    0    0    0
2012  4 23 11 15  0    0     0.42    -5.96     6.34    -381.3    -38.93     32.29    27.957      93834    0    0    0    0    0
2012  4 23 11 16  0    0     0.24    -5.93     6.19    -380.9    -38.87     32.82    27.851      94904    0    0    0    0    0
2012  4 23 11 17  0    0     0.10    -6.15     5.87    -380.5    -39.09     32.73    27.678      92928    0    0    0    0    0
2012  4 23 11 18  0    0     0.17    -6.33     5.55    -380.8    -39.25     31.63    27.230      88881    0    0    0    0    0
2012  4 23 11 19  0    0     0.16    -6.36     5.63    -381.1    -39.26     30.79    26.318      87950    0    0    0    0    0
2012  4 23 11 20  0    0     0.04    -6.23     5.88    -381.2    -38.96     30.52    25.904      88059    0    0    0    0    0
2012  4 23 11 21  0    0    -0.07    -6.06     6.10    -381.3    -38.42     31.09    25.904      88926    0    0    0    0    0
2012  4 23 11 22  0    0    -0.12    -5.99     6.30    -381.3    -37.98     32.26    25.753      93472    0    0    0    0    0
2012  4 23 11 23  0    0    -0.20    -5.94     6.29    -381.0    -37.77     32.98    25.455      97569    0    0    0    0    0
2012  4 23 11 24  0    0    -0.25    -5.95     6.12    -381.0    -37.76     33.09    25.215      97408    0    0    0    0    0
2012  4 23 11 25  0    0    -0.29    -5.93     6.15    -381.1    -37.78     32.60    25.118      97127    0    0    0    0    0
2012  4 23 11 26  0    0    -0.28    -5.84     6.22    -381.1    -37.94     31.27    25.113      96977    0    0    0    0    0
2012  4 23 11 27  0    0    -0.42    -5.85     6.29    -380.9    -38.10     30.24    24.996      96010    0    0    0    0    0
2012  4 23 11 28  0    0    -0.62    -5.92     6.28    -380.4    -38.04     30.40    24.824      94774    0    0    0    0    0
2012  4 23 11 29  0    0    -0.61    -6.02     6.24    -380.2    -37.89     30.76    24.808      96029    0    0    0    0    0
2012  4 23 11 30  0    0    -0.39    -6.08     6.11    -379.9    -38.00     30.96    24.857      98836    0    0    0    0    0
2012  4 23 11 31  0    0    -0.11    -5.99     6.03    -379.9    -38.39     31.35    24.985      99728    0    0    0    0    0
2012  4 23 11 32  0    0     0.37    -6.00     5.99    -379.8    -38.32     31.79    25.030     100646    0    0    0    0    0
2012  4 23 11 33  0    0     0.51    -6.14     5.83    -380.2    -38.12     32.41    25.131     101089    0    0    0    0    0
2012  4 23 11 34  0    0     0.63    -6.29     5.59    -380.8    -38.26     31.98    25.115     101089    0    0    0    0    0
2012  4 23 11 35  0    0     0.77    -6.40     5.49    -381.3    -38.48     30.82    25.079     101767    0    0    0    0    0
2012  4 23 11 36  0    0     0.88    -6.44     5.43    -380.7    -38.42     30.13    25.104     102491    0    0    0    0    0
2012  4 23 11 37  0    0     0.94    -6.57     5.22    -379.4    -38.37     29.97    25.148     102397    0    0    0    0    0
2012  4 23 11 38  0    0     0.73    -6.96     4.58    -378.2    -38.37     29.27    25.148     101855    0    0    0    0    0
2012  4 23 11 39  0    0     0.55    -6.97     4.54    -377.9    -38.43     28.14    25.055      98598    0    0    0    0    0
2012  4 23 11 40  0    0     0.62    -7.00     4.72    -378.0    -38.42     29.43    24.873      94913    0    0    0    0    0
2012  4 23 11 41  0    0     0.61    -6.47     5.46    -377.9    -38.10     31.78    24.493      94913    0    0    0    0    0
2012  4 23 11 42  0    0     0.39    -6.46     5.51    -376.9    -37.25     32.77    24.325      95484    0    0    0    0    0
2012  4 23 11 43  0    0     0.12    -6.55     5.40    -376.3    -25.49     23.08    24.206      95581    0    0    0    0    0
2012  4 23 11 44  0    0     0.00    -6.66     5.27    -377.6    -21.95     20.42    24.163      94306    0    0    0    0    0
2012  4 23 11 45  0    0    -1.13    -6.68     5.15    -380.1    -37.30     31.80    24.361      92860    0    0    0    0    0
2012  4 23 11 46  0    0    -1.13    -6.64     5.04    -380.2    -37.05     31.94    24.745      92561    0    0    0    0    0
2012  4 23 11 47  0    0    -1.01    -6.60     5.12    -379.1    -36.87     32.06    24.802      92387    0    0    0    0    0
2012  4 23 11 48  0    0    -0.84    -6.56     5.51    -378.2    -36.67     31.92    24.789      91362    0    0    0    0    0
2012  4 23 11 49  0    0    -0.86    -6.51     5.71    -378.0    -36.99     32.07    24.520      88918    0    0    0    0    0
2012  4 23 11 50  0    0    -0.64    -6.64     5.71    -377.9    -37.04     31.19    24.296      88313    0    0    0    0    0
2012  4 23 11 51  0    0    -0.52    -6.73     5.81    -377.7    -36.93     32.03    24.086      88072    0    0    0    0    0
2012  4 23 11 52  0    0    -0.51    -6.85     5.62    -377.6    -36.62     32.02    23.928      88064    0    0    0    0    0
2012  4 23 11 53  0    0    -0.44    -6.86     5.53    -377.6    -36.59     32.02    23.901      88073    0    0    0    0    0
2012  4 23 11 54  0    0    -0.48    -6.74     5.49    -377.3    -37.36     29.84    23.781      88073    0    0    0    0    0
2012  4 23 11 55  0    0    -0.50    -6.77     5.49    -377.5    -36.04     28.99    23.668      81055    0    0    0    0    0
2012  4 23 11 56  0    0    -0.52    -7.47     4.64    -377.8    -34.40     30.11    23.265      69157    0    0    0    0    0
2012  4 23 11 57  0    0    -0.40    -8.55     3.93    -377.8    -34.22     31.03    22.429      63292    0    0    0    0    0
2012  4 23 11 58  0    0    -0.61    -9.18     2.89    -377.5    -35.56     30.81    22.332      63196    0    0    0    0    0
2012  4 23 11 59  0    0    -0.61    -9.42     2.78    -376.8    -20.20     20.83    22.899      66084    0    0    0    0    0
2012  4 23 12  0  0    0    -0.61    -9.58     2.77    -377.4    -33.71     24.44    23.117      66868    0    0    0    0    0
2012  4 23 12  1  0    0    -0.59    -9.67     2.74    -377.8    -25.78     23.83    22.863      66886    0    0    0    0    0
2012  4 23 12  2  0    0    -0.55    -9.79     2.58    -377.1    -23.81     23.85    22.822      66873    0    0    0    0    0
2012  4 23 12  3  0    0    -0.23    -9.77     2.51    -377.5    -17.99     17.63    23.445      66871    0    0    0    0    0
2012  4 23 12  4  0    0    -0.06    -9.69     2.25    -378.4    -11.32     15.47    24.359      73840    0    0    0    0    0
2012  4 23 12  5  0    0    -0.03    -9.55     2.13    -378.5     -5.44     14.36    25.905      76885    0    0    0    0    0
2012  4 23 12  6  0    0     0.07    -9.53     2.10    -378.6     -4.47     13.21    25.924      76562    0    0    0    0    0
2012  4 23 12  7  0    0     0.46    -9.56     1.88    -378.7     -1.03     11.44    24.976      72778    0    0    0    0    0
2012  4 23 12  8  0    0     0.46    -9.63     1.86    -378.7     -0.86      9.75    24.866      69691    0    0    0    0    0
2012  4 23 12  9  0    0     0.40    -9.62     1.82    -378.4     -0.85      9.50    24.909      67388    0    0    0    0    0
2012  4 23 12 10  0    0     0.48    -9.52     1.85    -378.0     -0.72      9.49    25.603      67388    0    0    0    0    0
2012  4 23 12 11  0    0     0.60    -9.50     1.97    -378.1     -0.74     10.52    25.680      67405    0    0    0    0    0
2012  4 23 12 12  0    0     0.64    -9.60     1.97    -378.5     -1.90     10.80    25.609      67943    0    0    0    0    0
2012  4 23 12 13  0    0     0.77    -9.70     1.90    -379.3     -2.04     10.82    25.541      69783    0    0    0    0    0
2012  4 23 12 14  0    0     0.77    -9.70     1.68    -379.1     -2.57     10.84    25.807      73340    0    0    0    0    0
2012  4 23 12 15  0    0     0.47    -9.68     0.83    -378.1     -5.20     10.84    27.130      73325    0    0    0    0    0
2012  4 23 12 16  0    0     0.01    -9.40     0.01    -376.8     -7.19     10.74    27.344      72859    0    0    0    0    0
2012  4 23 12 17  0    0    -0.31    -9.17    -0.18    -376.3     -7.99     10.06    26.756      72766    0    0    0    0    0
2012  4 23 12 18  0    0    -0.33    -9.20     0.61    -376.1     -6.50      9.66    26.372      74039    0    0    0    0    0
2012  4 23 12 19  0    0    -0.30    -9.26     1.55    -376.0     -5.15      9.59    26.306      74491    0    0    0    0    0
2012  4 23 12 20  0    0    -0.25    -9.22     2.00    -375.9     -4.76      7.96    26.154      67933    0    0    0    0    0
2012  4 23 12 21  0    0    -0.19    -9.28     2.17    -376.2     -5.14      6.71    25.860      65187    0    0    0    0    0
2012  4 23 12 22  0    0     0.01    -9.46     2.24    -376.6     -5.87      6.93    25.572      65733    0    0    0    0    0
2012  4 23 12 23  0    0     0.19    -9.39     2.25    -377.1     -5.92      7.51    25.471      66580    0    0    0    0    0
2012  4 23 12 24  0    0     0.34    -9.29     2.36    -376.9    -10.85      8.04    25.509      66682    0    0    0    0    0
2012  4 23 12 25  0    0     0.39    -9.03     2.81    -376.6    -16.19     14.87    25.768      66944    0    0    0    0    0
2012  4 23 12 26  0    0     0.51    -8.87     2.93    -377.2    -22.09     15.72    25.961      67247    0    0    0    0    0
2012  4 23 12 27  0    0     0.57    -8.84     2.91    -377.0    -27.27     14.52    26.260      70890    0    1    1    1    1
2012  4 23 12 28  0    0     0.49    -8.68     2.60    -377.8    -27.60     14.30    26.664      75576    0    1    1    2    2
2012  4 23 12 29  0    0     0.49    -8.55     2.51    -378.0    -27.77     14.22    27.042      75561    0    1    1    1    1
2012  4 23 12 30  0    0     0.62    -8.52     2.35    -377.9    -27.57     13.53    27.363      69867    0    0    0    0    0
2012  4 23 12 31  0    0     0.36    -8.39     2.20    -377.8    -27.03     15.08    27.937      66846    0    0    0    0    0
2012  4 23 12 32  0    0     0.36    -8.08     2.13    -377.6    -25.98     17.31    28.549      66795    0    0    0    0    0
2012  4 23 12 33  0    0     0.48    -7.32     2.89    -377.4    -26.10     19.34    29.826      67509    0    0    0    0    0
2012  4 23 12 34  0    0     0.37    -7.15     3.28    -377.3    -26.55     21.69    31.081      70509    0    0    0    0    0
2012  4 23 12 35  0    0     0.32    -7.14     3.82    -377.6    -29.54     26.43    31.377      72997    0    0    0    0    0
2012  4 23 12 36  0    0     0.19    -6.96     4.31    -377.5    -31.02     31.27    31.342      73118    0    0    0    0    0
2012  4 23 12 37  0    0    -0.10    -5.69     5.79    -378.4    -31.83     31.50    31.277      73714    0    0    0    0    0
2012  4 23 12 38  0    0    -0.37    -5.37     5.97    -378.0    -32.22     31.30    31.241      82651    0    0    0    0    0
2012  4 23 12 39  0    0    -0.54    -4.95     6.49    -377.9    -23.13     21.52    29.668      82651    0    0    0    0    0
2012  4 23 12 40  0    0    -0.60    -4.62     6.64    -377.7    -17.64     28.51    27.803      78139    0    0    0    0    0
2012  4 23 12 41  0    0    -0.61    -5.18     6.92    -377.6    -12.08     21.99    27.411      74527    0    0    0    0    0
2012  4 23 12 42  0    0    -0.71    -5.50     6.76    -377.3    -10.20     21.70    27.361      74348    0    0    0    0    0
2012  4 23 12 43  0    0    -0.72    -5.70     6.12    -377.7     -6.12     14.56    27.143      76151    0    0    0    0    0
2012  4 23 12 44  0    0    -0.55    -6.46     4.80    -379.4     -6.21     11.65    25.632      75342    0    0    0    0    0
2012  4 23 12 45  0    0    -0.55    -8.59     1.87    -379.6    -14.42     10.99    24.855      72247    0    0    0    0    0
2012  4 23 12 46  0    0    -0.49    -9.93     0.18    -379.6    -29.00     13.18    24.807      72606    0    0    0    0    0
2012  4 23 12 47  0    0    -0.28   -10.12    -0.73    -379.6    -29.58     13.11    24.499      73709    0    0    0    0    0
2012  4 23 12 48  0    0     0.02   -10.11    -1.52    -378.8    -30.86     13.41    23.536      73292    0    0    0    0    0
2012  4 23 12 49  0    0     0.21   -10.08    -1.65    -378.4    -31.19     13.63    23.394      70373    0    0    0    0    0
2012  4 23 12 50  0    0     0.07    -9.91    -1.81    -377.9    -31.35     14.10    23.614      70373    0    0    0    0    0
2012  4 23 12 51  0    0     0.04    -9.52    -2.96    -377.6    -31.27     14.74    23.750      70603    0    0    0    0    0
2012  4 23 12 52  0    0     0.31    -9.31    -3.49    -377.1    -31.40     14.89    23.857      74224    0    0    0    0    0
2012  4 23 12 53  0    0     0.44    -8.58    -4.62    -376.6    -31.70     14.38    26.358      74731    0    0    0    0    0
2012  4 23 12 54  0    0     0.51    -7.38    -5.63    -376.7    -31.33     13.72    27.561      73764    0    0    0    0    0
2012  4 23 12 55  0    0     0.49    -6.43    -6.66    -377.1    -26.22     11.51    27.692      72469    0    0    0    0    0
2012  4 23 12 56  0    0     0.48    -5.97    -6.91    -378.2    -23.91     -2.29    26.752      69112    0    0    0    0    0
2012  4 23 12 57  0    0     0.53    -6.24    -6.73    -379.9    -21.78      0.59    24.552      55802    0    0    0    0    0
2012  4 23 12 58  0    0     0.63    -7.14    -5.57    -380.1    -22.33     -1.84    21.595      46851    0    0    0    0    0
2012  4 23 12 59  0    0     0.96    -9.42    -2.88    -380.0    -26.43     -1.68    20.454      47352    0    1    1    0    0
2012  4 23 13  0  0    0     1.37   -10.36    -1.57    -379.7    -28.74     -0.53    19.782      48549    0    1    1    0    0
2012  4 23 13  1  0    0     2.07   -11.62     0.13    -378.9    -28.79     -0.20    19.523      48527    0    1    1    0    0
2012  4 23 13  2  0    0     2.23   -12.07     0.48    -377.9    -28.16     -0.62    19.069      48379    0    1    1    0    0
2012  4 23 13  3  0    0     2.24   -12.21     0.54    -377.3    -27.64     -0.46    18.478      48363    0    0    0    0    0
2012  4 23 13  4  0    0     2.06   -12.33     0.33    -376.6    -27.57      0.19    17.951      47115    0    0    0    0    0
2012  4 23 13  5  0    0     2.02   -12.50     0.18    -377.1    -28.95      4.66    17.715      44899    0    0    0    0    0
2012  4 23 13  6  0    0     2.39   -12.48    -0.09    -377.7    -29.20      5.57    18.167      44230    0    0    0    0    0
2012  4 23 13  7  0    0     2.54   -12.32    -0.28    -377.4    -29.22      5.80    18.518      44214    0    0    0    0    0
2012  4 23 13  8  0    0     2.56   -12.25    -0.44    -377.1    -29.29      6.04    18.822      47716    0    0    0    0    0
2012  4 23 13  9  0    0     2.58   -12.23    -1.04    -376.6    -29.75      6.67    18.982      48770    0    0    0    0    0
2012  4 23 13 10  0    0     2.59   -12.26    -1.18    -376.7    -30.05      7.62    19.028      48896    0    0    0    0    0
2012  4 23 13 11  0    0     2.57   -12.39    -1.20    -377.0    -29.93      7.47    19.099      48896    0    0    0    0    0
2012  4 23 13 12  0    0     2.56   -12.44    -0.96    -377.9    -29.71      6.12    19.179      49728    0    0    0    0    0
2012  4 23 13 13  0    0     2.65   -12.45    -0.74    -378.4    -29.57      5.46    19.126      50211    0    0    0    0    0
2012  4 23 13 14  0    0     3.22   -12.37     0.61    -378.4    -29.57      5.03    18.225      50040    0    0    0    0    0
2012  4 23 13 15  0    0     3.44   -12.34     1.38    -379.5    -29.98      4.48    18.049      47828    0    0    0    0    0
2012  4 23 13 16  0    0     3.52   -12.27     1.62    -379.7    -29.51      3.47    17.976      47113    0    0    0    0    0
2012  4 23 13 17  0    0     3.77   -12.26     1.90    -379.3    -28.58      1.77    17.580      47113    0    0    0    0    0
2012  4 23 13 18  0    0     3.75   -12.50     2.15    -378.1    -27.72      1.87    16.829      47057    0    0    0    0    0
2012  4 23 13 19  0    0     3.75   -12.81     1.82    -378.1    -28.02      4.00    15.319      43694    0    0    0    0    0
2012  4 23 13 20  0    0     3.70   -12.84     1.74    -378.7    -28.93      6.20    15.099      41349    0    0    0    0    0
2012  4 23 13 21  0    0     3.89   -12.84     1.88    -378.9    -29.08      6.30    15.520      39737    0    0    0    0    0
2012  4 23 13 22  0    0     4.00   -12.84     1.87    -378.9    -29.00      5.42    15.574      38696    0    0    0    0    0
2012  4 23 13 23  0    0     4.06   -12.84     1.96    -378.6    -28.45      4.14    15.693      39056    0    0    0    0    0
2012  4 23 13 24  0    0     3.81   -12.91     2.07    -376.8    -28.40      5.04    16.589      41758    0    0    0    0    0
2012  4 23 13 25  0    0     3.45   -12.99     1.86    -375.3    -28.66      6.25    17.364      43822    0    0    0    0    0
2012  4 23 13 26  0    0     3.04   -13.05     1.37    -374.5    -29.19      7.49    17.836      45010    0    0    0    0    0
2012  4 23 13 27  0    0     3.17   -13.01     0.71    -374.9    -29.70      8.24    17.869      45433    0    0    0    0    0
2012  4 23 13 28  0    0     4.70   -12.79     0.17    -378.0    -29.73      7.38    17.007      45522    0    0    0    0    0
2012  4 23 13 29  0    0     4.80   -12.90    -0.13    -379.8    -27.26      1.47    15.653      43136    0    0    0    0    0
2012  4 23 13 30  0    0     4.58   -12.99    -0.53    -378.9    -26.71      0.39    15.316      42245    0    0    0    0    0
2012  4 23 13 31  0    0     4.36   -13.02    -1.04    -379.0    -26.78      0.27    15.047      42441    0    0    0    0    0
2012  4 23 13 32  0    0     4.41   -12.99    -1.06    -380.1    -28.25      0.04    15.145      43916    0    0    0    0    0
2012  4 23 13 33  0    0     4.51   -12.91    -0.60    -381.1    -31.05      1.20    15.720      44958    0    0    0    0    0
2012  4 23 13 34  0    0     4.56   -12.73    -0.25    -381.1    -32.09      0.90    16.504      45221    0    0    0    0    0
2012  4 23 13 35  0    0     4.44   -12.60    -0.36    -381.0    -32.18      0.75    17.414      44905    0    0    0    0    0
2012  4 23 13 36  0    0     4.26   -12.51    -0.50    -380.2    -32.99      1.77    18.423      44005    0    0    0    0    0
2012  4 23 13 37  0    0     4.04   -12.31    -0.57    -378.7    -34.74      3.34    19.472      42830    0    0    0    0    0
2012  4 23 13 38  0    0     3.87   -11.95    -0.78    -378.3    -35.03      4.73    19.564      41854    0    0    0    0    0
2012  4 23 13 39  0    0     3.68   -11.92    -1.00    -377.3    -35.20      5.78    19.564      41734    0    0    0    0    0
2012  4 23 13 40  0    0     3.43   -11.95    -1.37    -377.1    -35.36      6.24    19.693      41722    0    0    0    0    0
2012  4 23 13 41  0    0     3.45   -11.89    -1.47    -377.1    -35.65      7.55    19.882      42854    0    0    0    0    0
2012  4 23 13 42  0    0     3.59   -11.74    -1.36    -378.2    -36.16      9.03    20.295      47797    0    0    0    0    0
2012  4 23 13 43  0    0     3.59   -11.65    -1.36    -378.3    -35.17      9.20    20.571      47742    0    0    0    0    0
2012  4 23 13 44  0    0     3.45   -11.72    -1.49    -377.8    -34.08      9.55    20.810      46636    0    0    0    0    0
2012  4 23 13 45  0    0     3.34   -11.64    -1.65    -377.7    -33.98     10.67    20.996      46617    0    0    0    0    0
2012  4 23 13 46  0    0     3.29   -11.59    -1.61    -377.0    -34.29     11.29    21.036      46650    0    0    0    0    0
2012  4 23 13 47  0    0     3.14   -11.58    -1.85    -375.3    -34.61     13.10    21.125      46655    0    0    0    0    0
2012  4 23 13 48  0    0     3.00   -11.54    -1.99    -373.9    -35.00     14.98    21.203      46655    0    0    0    0    0
2012  4 23 13 49  0    0     2.94   -11.50    -1.93    -372.9    -35.34     16.94    21.244      46655    0    0    0    0    0
2012  4 23 13 50  0    0     2.97   -11.48    -1.83    -371.3    -35.44     19.33    21.256      46655    0    0    0    0    0
2012  4 23 13 51  0    0     2.88   -11.47    -1.80    -370.5    -35.48     19.41    21.397      46657    0    0    0    0    0
2012  4 23 13 52  0    0     2.68   -11.44    -1.79    -370.3    -35.72     19.44    21.481      46657    0    0    0    0    0
2012  4 23 13 53  0    0     2.49   -11.43    -1.83    -370.6    -35.85     19.44    21.840      49193    0    0    0    0    0
2012  4 23 13 54  0    0     2.27   -11.30    -1.91    -370.1    -35.90     17.51    22.098      51720    0    0    0    0    0
2012  4 23 13 55  0    0     2.12   -11.18    -1.97    -370.2    -35.81     17.33    22.189      53292    0    0    0    0    0
2012  4 23 13 56  0    0     2.14   -11.19    -1.95    -370.6    -35.77     18.24    21.893      53456    0    0    0    0    0
2012  4 23 13 57  0    0     2.25   -11.23    -1.89    -371.2    -35.94     18.22    21.745      53454    0    0    0    0    0
2012  4 23 13 58  0    0     2.32   -11.56    -1.70    -372.1    -35.85     16.82    21.745      53361    0    0    0    0    0
2012  4 23 13 59  0    0     2.49   -11.51    -1.38    -372.7    -35.18     13.80    21.686      53168    0    0    0    0    0
2012  4 23 14  0  0    0     2.63   -11.39    -1.51    -372.7    -35.14     13.50    21.434      51286    0    0    0    0    0
2012  4 23 14  1  0    0     2.83   -11.40    -1.64    -372.7    -35.03     13.43    21.046      47040    0    0    0    0    0
2012  4 23 14  2  0    0     2.83   -11.34    -1.66    -373.2    -35.07     13.59    20.325      46025    0    0    0    0    0
2012  4 23 14  3  0    0     2.66   -11.37    -1.55    -373.5    -35.05     14.07    19.545      44445    0    0    0    0    0
2012  4 23 14  4  0    0     2.41   -11.48    -1.46    -373.7    -34.98     14.25    18.914      41236    0    0    0    0    0
2012  4 23 14  5  0    0     2.15   -11.65    -1.43    -373.2    -35.06     13.77    18.543      39611    0    0    0    0    0
2012  4 23 14  6  0    0     2.04   -11.84    -1.44    -372.1    -35.34     13.93    18.246      38630    0    0    0    0    0
2012  4 23 14  7  0    0     1.90   -11.90    -1.43    -371.8    -34.79     12.07    17.862      36952    0    0    0    0    0
2012  4 23 14  8  0    0     1.94   -11.94    -1.44    -372.1    -34.73     11.83    17.780      36683    0    0    0    0    0
2012  4 23 14  9  0    0     1.97   -11.93    -1.31    -372.0    -34.86     11.63    17.970      36930    0    0    0    0    0
2012  4 23 14 10  0    0     2.17   -11.80    -1.41    -372.2    -34.88     11.02    18.361      38756    0    0    0    0    0
2012  4 23 14 11  0    0     2.57   -11.63    -1.61    -373.2    -35.19     12.31    18.824      40028    0    0    0    0    0
2012  4 23 14 12  0    0     2.66   -11.58    -1.87    -372.8    -35.20     13.99    19.133      40525    0    0    0    0    0
2012  4 23 14 13  0    0     2.68   -11.54    -2.02    -372.7    -35.32     15.72    19.439      41731    0    0    0    0    0
2012  4 23 14 14  0    0     2.87   -11.51    -1.70    -373.4    -35.12     16.29    19.695      44993    0    0    0    0    0
2012  4 23 14 15  0    0     3.35   -11.48    -1.05    -373.6    -35.15     16.65    19.744      45501    0    0    0    0    0
2012  4 23 14 16  0    0     3.46   -11.43    -0.86    -373.2    -35.10     16.30    19.738      45302    0    0    0    0    0
2012  4 23 14 17  0    0     3.48   -11.40    -0.87    -372.8    -35.12     16.54    19.736      44696    0    0    0    0    0
2012  4 23 14 18  0    0     3.55   -11.43    -0.92    -372.8    -35.08     17.31    19.589      43596    0    0    0    0    0
2012  4 23 14 19  0    0     3.53   -11.46    -1.01    -373.0    -35.35     19.06    19.103      41978    0    0    0    0    0
2012  4 23 14 20  0    0     3.57   -11.54    -1.09    -373.1    -35.64     18.68    18.940      42184    0    0    0    0    0
2012  4 23 14 21  0    0     3.70   -11.55    -1.07    -373.1    -35.97     17.88    18.719      43222    0    0    0    0    0
2012  4 23 14 22  0    0     3.93   -11.53    -0.97    -373.1    -36.51     17.05    18.033      44691    0    0    0    0    0
2012  4 23 14 23  0    0     4.18   -11.51    -1.03    -372.9    -36.73     17.04    17.489      45166    0    0    0    0    0
2012  4 23 14 24  0    0     4.22   -11.49    -1.12    -372.6    -36.87     17.15    17.059      45381    0    0    0    0    0
2012  4 23 14 25  0    0     4.14   -11.56    -1.25    -372.4    -37.24     17.53    16.684      45890    0    0    0    0    0
2012  4 23 14 26  0    0     3.97   -11.69    -1.58    -372.1    -37.60     17.79    16.257      45694    0    0    0    0    0
2012  4 23 14 27  0    0     3.91   -11.78    -1.89    -371.2    -38.31     18.75    15.473      44559    0    0    0    0    0
2012  4 23 14 28  0    0     3.91   -11.85    -1.88    -371.0    -38.53     19.47    14.994      44559    0    0    0    0    0
2012  4 23 14 29  0    0     3.90   -11.90    -1.85    -370.9    -38.32     20.00    14.921      46393    0    0    0    0    0
2012  4 23 14 30  0    0     3.91   -11.90    -1.92    -370.9    -37.68     19.47    14.936      49536    0    0    0    0    0
2012  4 23 14 31  0    0     3.94   -12.08    -1.42    -371.0    -37.49     19.91    15.088      53430    0    0    0    0    0
2012  4 23 14 32  0    0     3.87   -12.02    -1.22    -369.4    -41.34     21.92    17.162      62056    0    0    0    0    0
2012  4 23 14 33  0    0     3.75   -11.89    -1.35    -368.2    -44.79     23.05    18.829      64813    0    0    0    0    0
2012  4 23 14 34  0    0     3.63   -11.66    -1.64    -367.8    -46.40     23.71    19.548      64340    0    0    0    0    0
2012  4 23 14 35  0    0     3.62   -11.47    -1.81    -367.8    -47.11     23.45    19.061      63898    0    0    0    0    0
2012  4 23 14 36  0    0     3.51   -11.30    -2.35    -367.9    -45.10     22.22    17.848      63898    0    0    0    0    0
2012  4 23 14 37  0    0     3.40   -11.10    -3.26    -367.8    -40.42     19.07    16.602      61276    0    0    0    0    0
2012  4 23 14 38  0    0     3.42   -10.97    -3.81    -366.8    -36.24     14.60    15.900      58733    0    0    0    0    0
2012  4 23 14 39  0    0     3.43   -10.87    -4.00    -365.6    -31.99      9.97    15.615      59322    0    0    0    0    0
2012  4 23 14 40  0    0     3.07    -9.83    -5.07    -371.2    -22.56     -0.01    15.696      71667    0    0    0    0    0
2012  4 23 14 41  0    0     1.19    -4.42    -7.73    -373.6    -19.21     -6.46    15.666      69994    0    0    0    0    0
2012  4 23 14 42  0    0     0.89    -3.66    -8.96    -374.4    -11.73    -10.45    15.601      67066    0    0    0    0    0
2012  4 23 14 43  0    0     0.85    -3.53    -9.33    -374.8     -8.35    -14.26    15.878      68695    0    0    0    0    0
2012  4 23 14 44  0    0    -0.26    -1.52   -11.42    -382.8    -14.20    -14.21    17.542      71101    0    0    0    0    0
2012  4 23 14 45  0    0    -0.58     0.10   -11.20    -387.0    -13.75    -18.35    17.716      70261    0    0    0    0    0
2012  4 23 14 46  0    0    -0.60    -0.06   -11.37    -387.4     -7.47    -21.93    17.504      65604    0    0    0    0    0
2012  4 23 14 47  0    0    -0.48    -0.78   -11.71    -386.3     -6.73    -23.02    17.562      60447    0    0    0    0    0
2012  4 23 14 48  0    0    -0.07    -2.29   -11.69    -386.1     -8.66    -22.61    18.016      52327    0    0    0    0    0
2012  4 23 14 49  0    0    -0.05    -1.60   -11.50    -385.2     -9.98    -21.86    19.333      45904    0    0    0    0    0
2012  4 23 14 50  0    0    -0.59     0.58   -10.65    -384.0     -7.93    -18.02    20.516      45904    0    0    0    0    0
2012  4 23 14 51  0    0    -0.67     2.88    -8.43    -383.8     -4.48    -14.24    21.224      51082    0    0    0    0    0
2012  4 23 14 52  0    0    -1.12     5.20    -6.94    -386.5      2.11     -8.73    22.868      56049    0    0    0    0    0
2012  4 23 14 53  0    0    -1.33     5.68    -7.26    -387.4      1.99     -5.20    24.365      55707    0    0    0    0    0
2012  4 23 14 54  0    0    -2.16     6.58    -7.50    -387.5      0.21     -0.70    24.075      54790    0    0    0    0    0
2012  4 23 14 55  0    0    -3.13     7.76    -6.97    -386.6     -1.69      5.06    23.654      54429    0    0    0    0    0
2012  4 23 14 56  0    0    -3.22     7.88    -6.63    -384.8     -4.59     12.49    23.742      54429    0    0    0    0    0
2012  4 23 14 57  0    0    -4.26     8.73    -5.15    -384.2     -6.39     20.90    24.258      55414    0    0    0    0    0
2012  4 23 14 58  0    0    -4.39     8.77    -5.03    -384.1     -7.27     23.35    24.259      55553    0    0    0    0    0
2012  4 23 14 59  0    0    -4.32     8.79    -5.02    -384.4     -7.56     23.06    23.749      54282    0    0    0    0    0
2012  4 23 15  0  0    0    -4.07     8.78    -4.12    -384.3     -4.20     25.08    23.030      54136    0    0    0    0    0
2012  4 23 15  1  0    0    -4.19     8.80    -3.96    -382.1     -1.48     29.03    22.952      58413    0    0    0    0    0
2012  4 23 15  2  0    0    -4.29     8.85    -3.80    -380.3      1.59     25.64    22.993      61560    0    0    0    0    0
2012  4 23 15  3  0    0    -4.23     8.87    -3.64    -380.3      5.74     12.88    23.101      61320    0    0    0    0    0
2012  4 23 15  4  0    0    -4.17     8.90    -4.08    -380.6     10.27     11.20    23.284      60841    0    0    0    0    0
2012  4 23 15  5  0    0    -4.34     9.21    -4.49    -381.4     15.31     11.25    23.580      61339    0    0    0    0    0
2012  4 23 15  6  0    0    -4.56     9.35    -4.61    -381.6     17.59     11.60    23.612      61858    0    0    0    0    0
2012  4 23 15  7  0    0    -4.50     9.38    -4.96    -381.1     15.41     11.97    23.001      60583    0    0    0    0    0
2012  4 23 15  8  0    0    -4.19     9.35    -5.58    -380.7     11.15     12.96    21.832      57654    0    0    0    0    0
2012  4 23 15  9  0    0    -4.04     9.48    -6.01    -381.3      6.26     21.04    20.751      52168    0    0    0    0    0
2012  4 23 15 10  0    0    -3.90     9.67    -5.57    -383.4      0.34     24.62    20.211      45577    0    0    0    0    0
2012  4 23 15 11  0    0    -3.89     9.46    -5.54    -384.4     -5.33     18.17    20.210      44659    0    0    0    0    0
2012  4 23 15 12  0    0    -4.13     9.33    -6.14    -384.5     -6.00     16.97    20.747      45378    0    0    0    0    0
2012  4 23 15 13  0    0    -4.33     9.58    -5.71    -382.8     -3.83     26.80    20.800      46349    0    0    0    0    0
2012  4 23 15 14  0    0    -4.76     9.87    -5.01    -381.4     -1.66     22.04    20.688      48934    0    0    0    0    0
2012  4 23 15 15  0    0    -5.22    10.16    -4.58    -380.3      0.43     12.61    20.176      52409    0    0    0    0    0
2012  4 23 15 16  0    0    -5.43    10.35    -4.90    -379.7      2.78     12.61    19.461      55605    0    0    0    0    0
2012  4 23 15 17  0    0    -5.50    10.41    -5.40    -379.4      4.53     14.43    19.835      58807    0    0    0    0    0
2012  4 23 15 18  0    0    -5.41    10.76    -4.77    -380.0      2.46     18.97    20.762      61052    0    0    0    0    0
2012  4 23 15 19  0    0    -4.81    11.31    -3.33    -379.9      2.00     17.79    20.411      60755    0    0    0    0    0
2012  4 23 15 20  0    0    -4.79    11.33    -3.42    -379.6      1.64     15.19    19.650      59597    0    0    0    0    0
2012  4 23 15 21  0    0    -5.30    10.88    -4.48    -379.5      1.64     15.30    19.810      58275    0    0    0    0    0
2012  4 23 15 22  0    0    -5.59    10.91    -3.34    -379.7      1.59     15.59    20.234      58206    0    0    0    0    0
2012  4 23 15 23  0    0    -5.58    10.97    -2.66    -379.7      1.46     15.63    20.288      58682    0    0    0    0    0
2012  4 23 15 24  0    0    -5.56    11.05    -2.74    -379.4      1.22     16.00    20.849      60108    0    0    0    0    0
2012  4 23 15 25  0    0    -5.64    10.93    -3.52    -380.3     -0.01     16.80    22.255      59902    0    0    0    0    0
2012  4 23 15 26  0    0    -6.19    10.39    -4.43    -381.8     -2.61     14.76    21.141      58698    0    0    0    0    0
2012  4 23 15 27  0    0    -6.57    10.11    -4.42    -382.6     -4.07     13.51    19.656      58055    0    0    0    0    0
2012  4 23 15 28  0    0    -6.55    10.21    -4.27    -382.1     -5.85     14.43    19.701      59361    0    0    0    0    0
2012  4 23 15 29  0    0    -6.53    10.39    -3.90    -380.6     -8.60     17.19    21.494      60500    0    0    0    0    0
2012  4 23 15 30  0    0    -6.40    10.70    -3.34    -378.8    -11.79     21.98    23.931      61028    0    0    0    0    0
2012  4 23 15 31  0    0    -5.43    11.41    -2.53    -378.4    -16.06     30.98    23.931      61979    0    0    0    0    0
2012  4 23 15 32  0    0    -5.31    11.41    -1.93    -378.1    -20.48     32.76    23.968      62916    0    0    0    0    0
2012  4 23 15 33  0    0    -5.25    11.40    -2.16    -377.6    -25.81     32.44    26.146      63421    0    0    0    0    0
2012  4 23 15 34  0    0    -5.27    11.31    -2.13    -378.7    -26.85     31.53    26.762      63446    0    0    0    0    0
2012  4 23 15 35  0    0    -5.09    11.34    -1.87    -378.1    -27.01     32.18    26.777      63462    0    0    0    0    0
2012  4 23 15 36  0    0    -5.32    11.40    -0.71    -377.6    -26.77     35.87    26.355      64423    0    0    0    0    0
2012  4 23 15 37  0    0    -4.96    11.65    -0.52    -377.2    -26.72     38.94    26.320      64472    0    0    0    0    0
2012  4 23 15 38  0    0    -4.85    11.64     0.61    -376.2    -26.42     40.49    28.992      61078    0    0    0    0    0
2012  4 23 15 39  0    0    -4.52    11.52     1.36    -376.3    -26.23     41.06    30.634      58234    0    0    0    0    0
2012  4 23 15 40  0    0    -4.51    11.01     1.89    -377.2    -26.74     43.26    31.434      55930    0    0    0    0    0
2012  4 23 15 41  0    0    -4.52    10.50     1.93    -376.4    -27.47     44.43    31.495      54596    0    0    0    0    0
2012  4 23 15 42  0    0    -4.34    10.18     2.18    -375.0    -27.74     46.29    31.392      54284    0    0    0    0    0
2012  4 23 15 43  0    0    -4.18    10.04     2.67    -373.8    -25.66     46.74    28.963      55712    0    0    0    0    0
2012  4 23 15 44  0    0    -4.14    10.12     3.46    -373.1    -20.99     42.55    25.298      58073    0    0    0    0    0
2012  4 23 15 45  0    0    -4.10    10.36     4.36    -372.5    -16.90     34.74    24.704      58824    0    0    0    0    0
2012  4 23 15 46  0    0    -3.91    10.63     5.04    -372.7    -15.99     33.22    25.224      56761    0    0    0    0    0
2012  4 23 15 47  0    0    -3.50    10.55     6.20    -373.2    -18.25     33.92    25.745      48453    0    0    0    0    0
2012  4 23 15 48  0    0    -2.96    10.13     7.17    -373.1    -23.32     38.68    26.510      44561    0    0    0    0    0
2012  4 23 15 49  0    0    -2.52     9.59     8.19    -373.0    -26.84     37.16    27.686      44719    0    0    0    0    0
2012  4 23 15 50  0    0    -2.27     9.51     8.36    -373.7    -25.17     36.36    28.042      45123    0    0    0    0    0
2012  4 23 15 51  0    0    -2.45     9.72     8.03    -374.9    -19.67     30.07    28.002      45123    0    0    0    0    0
2012  4 23 15 52  0    0    -2.53     9.93     7.74    -375.4    -14.41     25.83    27.963      44460    0    0    0    0    0
2012  4 23 15 53  0    0    -2.61     9.98     7.61    -375.8     -9.15     25.52    27.817      44073    0    0    0    0    0
2012  4 23 15 54  0    0    -2.81    10.11     7.39    -378.0     -7.44     23.99    27.488      47698    0    0    0    0    0
2012  4 23 15 55  0    0    -4.01    10.04     4.50    -379.1     -7.69     20.66    27.176      50071    0    0    0    0    0
2012  4 23 15 56  0    0    -5.12    10.22     0.31    -381.8    -14.14     14.10    26.620      51971    0    0    0    0    0
2012  4 23 15 57  0    0    -5.84    10.74    -0.21    -383.9    -20.18     13.69    26.225      53812    0    0    0    0    0
2012  4 23 15 58  0    0    -5.80    11.00    -0.03    -384.2    -20.93     13.06    26.208      54619    0    0    0    0    0
2012  4 23 15 59  0    0    -5.61    11.05    -0.53    -384.6    -15.98      9.07    26.284      54679    0    0    0    0    0
2012  4 23 16  0  0    0    -5.12    11.01    -1.60    -385.0    -10.70      1.24    26.936      51091    0    0    0    0    0
2012  4 23 16  1  0    0    -5.09    10.75    -2.49    -384.2     -6.40      1.47    27.524      49922    0    0    0    0    0
2012  4 23 16  2  0    0    -5.01    10.66    -2.97    -384.0     -1.57      2.82    27.535      49633    0    0    0    0    0
2012  4 23 16  3  0    0    -5.73    10.16    -3.14    -384.8     -0.72      4.21    27.074      49612    0    0    0    0    0
2012  4 23 16  4  0    0    -5.84    10.04    -3.46    -385.1     -5.63      5.10    27.065      49612    0    0    0    0    0
2012  4 23 16  5  0    0    -5.80     9.67    -4.18    -388.1    -12.12      1.49    27.392      48112    0    0    0    0    0
2012  4 23 16  6  0    0    -5.51     9.33    -5.10    -389.3    -17.25     -0.46    27.912      45963    0    0    0    0    0
2012  4 23 16  7  0    0    -5.30     9.49    -5.27    -390.1    -18.33     -2.33    28.167      44966    0    0    0    0    0
2012  4 23 16  8  0    0    -5.08     9.71    -5.16    -389.9    -18.10     -3.00    28.440      44506    0    0    0    0    0
2012  4 23 16  9  0    0    -4.89     9.78    -5.14    -390.0    -18.49     -2.49    28.611      43527    0    0    0    0    0
2012  4 23 16 10  0    0    -4.84     9.76    -4.86    -390.7    -18.61     -2.13    28.564      42791    0    0    0    0    0
2012  4 23 16 11  0    0    -4.85     9.70    -4.90    -390.6    -18.03     -1.54    28.327      41990    0    0    0    0    0
2012  4 23 16 12  0    0    -4.94     9.50    -5.10    -390.0    -17.54     -1.07    28.315      41597    0    0    0    0    0
2012  4 23 16 13  0    0    -5.24     9.12    -5.41    -389.4    -17.28     -0.89    28.649      41517    0    0    0    0    0
2012  4 23 16 14  0    0    -5.50     8.85    -5.59    -388.5    -17.37     -0.83    29.270      41517    0    0    0    0    0
2012  4 23 16 15  0    0    -5.62     8.77    -5.52    -388.2    -16.97     -2.10    29.743      41080    0    0    0    0    0
2012  4 23 16 16  0    0    -5.60     8.73    -5.33    -389.9    -15.32     -4.61    29.525      39200    0    0    0    0    0
2012  4 23 16 17  0    0    -5.57     9.27    -4.80    -391.7    -13.63     -6.52    27.204      36979    0    0    0    0    0
2012  4 23 16 18  0    0    -5.31     9.93    -4.65    -392.0    -13.59     -8.45    25.045      34157    0    0    0    0    0
2012  4 23 16 19  0    0    -5.30    10.30    -4.17    -391.9    -13.60     -9.21    23.341      34012    0    0    0    0    0
2012  4 23 16 20  0    0    -5.31    10.68    -3.37    -391.1    -14.43     -9.41    22.127      34663    0    0    0    0    0
2012  4 23 16 21  0    0    -5.38    11.05    -2.40    -390.2    -16.01     -7.67    19.963      34817    0    0    0    0    0
2012  4 23 16 22  0    0    -5.51    10.45    -2.91    -390.7    -16.75     -6.48    18.076      33514    0    0    0    0    0
2012  4 23 16 23  0    0    -5.92     9.95    -1.03    -391.9    -15.24     -7.15    18.016      27812    0    0    0    0    0
2012  4 23 16 24  0    0    -6.66    11.08     1.47    -392.5    -14.80     -7.51    19.296      27037    0    0    0    0    0
2012  4 23 16 25  0    0    -6.94    11.68     2.45    -392.4    -15.24     -8.38    20.268      27037    0    0    0    0    0
2012  4 23 16 26  0    0    -7.13    12.08     2.19    -391.8    -16.55     -7.72    20.155      27037    0    0    0    0    0
2012  4 23 16 27  0    0    -7.04    12.28     1.49    -391.3    -16.25     -8.49    19.531      27240    0    0    0    0    0
2012  4 23 16 28  0    0    -6.79    12.46     0.78    -390.1    -16.08     -9.10    18.701      29525    0    0    0    0    0
2012  4 23 16 29  0    0    -7.16    12.42    -0.06    -390.6    -15.38    -10.68    18.465      30560    0    0    0    0    0
2012  4 23 16 30  0    0    -7.69    12.12    -1.23    -390.8    -14.70    -14.01    19.240      28376    0    0    0    0    0
2012  4 23 16 31  0    0    -8.38    11.64    -1.73    -395.1    -15.09    -14.53    19.437      28121    0    0    0    0    0
2012  4 23 16 32  0    0    -8.22    11.73    -1.65    -394.5    -16.17    -13.64    19.324      29269    0    0    0    0    0
2012  4 23 16 33  0    0    -7.78    12.08    -1.42    -392.9    -16.60    -13.58    19.091      30476    0    0    0    0    0
2012  4 23 16 34  0    0    -7.75    12.15    -1.09    -391.3    -16.86    -13.27    18.835      31043    0    0    0    0    0
2012  4 23 16 35  0    0    -7.75    12.22    -0.80    -391.2    -16.84    -12.09    18.405      31156    0    0    0    0    0
2012  4 23 16 36  0    0    -7.54    12.45    -0.01    -389.6    -16.42    -11.61    18.222      30064    0    0    0    0    0
2012  4 23 16 37  0    0    -7.31    12.63     0.80    -389.0    -16.15    -10.89    17.923      29365    0    0    0    0    0
2012  4 23 16 38  0    0    -6.79    12.77     1.48    -388.7    -16.45     -9.53    16.815      29012    0    0    0    0    0
2012  4 23 16 39  0    0    -6.34    12.95     1.94    -387.3    -17.15     -8.37    15.579      28287    0    0    0    0    0
2012  4 23 16 40  0    0    -6.36    13.13     2.08    -385.5    -18.05     -7.69    14.742      27405    0    0    0    0    0
2012  4 23 16 41  0    0    -6.56    13.08     1.92    -385.6    -17.92     -7.30    13.644      27203    0    0    0    0    0
2012  4 23 16 42  0    0    -7.22    12.70     2.05    -387.0    -14.99     -3.59    12.543      27976    0    0    0    0    0
2012  4 23 16 43  0    0    -7.34    12.58     2.41    -387.8    -16.61      2.74    12.101      30128    0    0    0    0    0
2012  4 23 16 44  0    0    -7.50    12.54     3.02    -388.2    -17.86      2.49    12.166      28873    0    0    0    0    0
2012  4 23 16 45  0    0    -7.34    12.57     3.12    -387.1    -18.47      1.88    12.235      27116    0    0    0    0    0
2012  4 23 16 46  0    0    -7.01    12.67     3.12    -384.7    -18.54      2.00    12.212      27116    0    0    0    0    0
2012  4 23 16 47  0    0    -6.91    12.69     3.25    -382.9    -14.85      7.22    11.851      28639    0    0    0    0    0
2012  4 23 16 48  0    0    -7.00    12.70     3.25    -382.3     -9.67      8.84    11.544      31039    0    0    0    0    0
2012  4 23 16 49  0    0    -7.16    12.78     3.15    -383.0     -3.17      6.84    11.419      32148    0    0    0    0    0
2012  4 23 16 50  0    0    -7.23    12.94     3.02    -383.4     -0.19      5.95    11.406      30990    0    0    0    0    0
2012  4 23 16 51  0    0    -7.17    12.98     2.97    -382.2      0.13      5.59    11.394      30656    0    0    0    0    0
2012  4 23 16 52  0    0    -7.14    12.90     3.16    -380.2     -0.16      4.70    11.387      31789    0    0    0    0    0
2012  4 23 16 53  0    0    -7.18    12.73     3.57    -378.2     -0.70      3.26    11.387      34137    0    0    0    0    0
2012  4 23 16 54  0    0    -7.18    12.65     3.55    -378.1     -0.75      3.02    11.398      34194    0    0    0    0    0
2012  4 23 16 55  0    0    -7.23    12.66     3.55    -378.0     -1.06      2.79    11.385      34571    0    0    0    0    0
2012  4 23 16 56  0    0    -7.26    12.84     2.92    -376.9     -5.86      2.50    11.160      42792    0    0    0    0    0
2012  4 23 16 57  0    0    -7.28    12.97     2.31    -376.6     -6.81      2.15    11.115      44162    0    0    0    0    0
2012  4 23 16 58  0    0    -7.33    12.99     1.84    -377.5      0.09     -0.39    11.542      37190    0    0    0    0    0
2012  4 23 16 59  0    0    -7.69    12.80     1.62    -378.6      1.35     -2.10    12.167      36754    0    0    0    0    0
2012  4 23 17  0  0    0    -7.77    12.65     0.88    -380.6      2.08     -1.96    12.731      36656    0    0    0    0    0
2012  4 23 17  1  0    0    -7.76    12.57     0.54    -381.1      2.26     -1.75    12.887      36497    0    0    0    0    0
2012  4 23 17  2  0    0    -7.71    12.55     0.34    -381.5     -0.22     -1.04    12.898      43431    0    0    0    0    0
2012  4 23 17  3  0    0    -7.62    12.53     0.47    -380.3     -2.46     -0.37    12.910      50141    0    0    0    0    0
2012  4 23 17  4  0    0    -7.53    12.54     0.74    -378.1     -2.21     -0.36    12.920      50001    0    0    0    0    0
2012  4 23 17  5  0    0    -7.51    12.47     1.48    -378.5      3.66     -0.27    13.149      42189    0    0    0    0    0
2012  4 23 17  6  0    0    -7.58    12.46     1.45    -378.3      3.55     -0.50    13.118      41004    0    0    0    0    0
2012  4 23 17  7  0    0    -7.51    12.52     1.15    -377.7      2.76     -2.02    12.905      41004    0    0    0    0    0
2012  4 23 17  8  0    0    -7.51    12.58     0.83    -377.4      1.17     -3.32    12.541      43262    0    0    0    0    0
2012  4 23 17  9  0    0    -7.50    12.59     0.76    -376.2     -0.11     -3.43    11.676      45587    0    0    0    0    0
2012  4 23 17 10  0    0    -7.50    12.57     0.70    -375.5     -1.52     -1.81    11.387      48250    0    0    0    0    0
2012  4 23 17 11  0    0    -7.45    12.60     0.53    -375.3     -2.11     -0.87    11.730      57560    0    0    0    0    0
2012  4 23 17 12  0    0    -7.06    12.63     1.25    -377.1     -1.80     -3.48    12.336      62568    0    0    0    0    0
2012  4 23 17 13  0    0    -6.66    12.84     1.26    -377.4     -0.97     -5.49    12.799      60960    0    0    0    0    0
2012  4 23 17 14  0    0    -6.54    13.01     0.67    -377.7      0.97     -5.73    12.928      55086    0    0    0    0    0
2012  4 23 17 15  0    0    -6.46    13.08     0.12    -378.0      1.11     -3.70    12.934      49129    0    0    0    0    0
2012  4 23 17 16  0    0    -6.55    13.09    -0.17    -377.4      2.82     -2.01    11.825      46698    0    0    0    0    0
2012  4 23 17 17  0    0    -6.78    12.91     0.49    -376.9      3.41     -1.77    11.663      39234    0    0    0    0    0
2012  4 23 17 18  0    0    -6.86    12.53     1.36    -377.2      7.10     -2.96    13.157      33132    0    0    0    0    0
2012  4 23 17 19  0    0    -6.85    12.48     1.39    -377.3      5.68     -3.17    13.420      32558    0    0    0    0    0
2012  4 23 17 20  0    0    -6.75    12.67     1.03    -377.4      1.24     -3.18    13.428      35952    0    0    0    0    0
2012  4 23 17 21  0    0    -6.73    12.87     0.03    -378.1     -4.25     -4.32    17.103      36199    0    0    0    0    0
2012  4 23 17 22  0    0    -6.91    12.20    -1.75    -380.1    -12.24     -8.68    17.367      35976    0    0    0    0    0
2012  4 23 17 23  0    0    -7.35    11.94    -2.65    -380.5    -18.77    -11.72    17.155      35522    0    0    0    0    0
2012  4 23 17 24  0    0    -7.53    11.87    -2.94    -379.6    -23.88    -10.90    16.731      35522    0    0    0    0    0
2012  4 23 17 25  0    0    -7.83    11.73    -2.68    -379.5    -28.38    -10.22    16.361      35280    0    0    0    0    0
2012  4 23 17 26  0    0    -7.70    11.81    -2.36    -379.6    -29.23     -9.16    16.592      34432    0    0    0    0    0
2012  4 23 17 27  0    0    -7.27    11.85    -3.29    -382.2    -28.30    -14.18    17.164      34783    0    0    0    0    0
2012  4 23 17 28  0    0    -6.80    11.06    -5.51    -383.5    -23.19    -26.89    18.057      38520    0    0    0    0    0
2012  4 23 17 29  0    0    -6.75    10.46    -6.30    -387.7    -20.65    -31.00    19.510      42782    0    0    0    0    0
2012  4 23 17 30  0    0    -6.81    10.22    -6.21    -387.4    -19.27    -31.09    20.642      45476    0    0    0    0    0
2012  4 23 17 31  0    0    -6.85    10.30    -5.99    -386.4    -17.06    -31.13    20.896      48451    0    0    0    0    0
2012  4 23 17 32  0    0    -6.98    10.69    -5.14    -384.7    -14.66    -31.28    20.884      51314    0    0    0    0    0
2012  4 23 17 33  0    0    -6.85    10.82    -4.90    -385.0    -13.77    -28.44    20.634      55238    0    0    0    0    0
2012  4 23 17 34  0    0    -6.77    11.17    -4.41    -384.8    -12.95    -27.15    19.748      56158    0    0    0    0    0
2012  4 23 17 35  0    0    -6.76    11.46    -3.61    -384.7    -12.46    -26.26    18.892      56517    0    0    0    0    0
2012  4 23 17 36  0    0    -7.13    11.56    -3.42    -385.1    -12.27    -25.83    18.337      56534    0    0    0    0    0
2012  4 23 17 37  0    0    -7.35    11.28    -3.86    -385.8    -11.61    -25.24    17.798      57031    0    0    0    0    0
2012  4 23 17 38  0    0    -7.44    11.12    -4.53    -386.5    -10.75    -21.99    17.393      63285    0    0    0    0    0
2012  4 23 17 39  0    0    -7.03    11.13    -4.88    -387.4    -11.47    -22.08    17.290      68421    0    0    0    0    0
2012  4 23 17 40  0    0    -6.42    10.76    -5.31    -387.6    -13.92    -19.21    16.507      63800    0    0    0    0    0
2012  4 23 17 41  0    0    -6.25     9.81    -5.92    -388.9    -14.95    -13.80    14.859      53482    0    0    0    0    0
2012  4 23 17 42  0    0    -6.55     9.36    -6.66    -388.8    -15.20    -13.15    14.275      50753    0    0    0    0    0
2012  4 23 17 43  0    0    -6.63     9.16    -7.26    -387.6    -15.65    -14.93    14.191      49599    0    0    0    0    0
2012  4 23 17 44  0    0    -6.37     8.90    -8.03    -385.5    -16.56    -16.98    14.088      49599    0    0    0    0    0
2012  4 23 17 45  0    0    -5.44     8.26    -8.90    -383.9    -17.95    -17.68    14.088      49599    0    0    0    0    0
2012  4 23 17 46  0    0    -5.17     8.20    -8.34    -383.1    -18.16    -18.03    14.438      50682    0    0    0    0    0
2012  4 23 17 47  0    0    -4.75     7.89    -8.27    -384.5    -17.26    -20.09    15.645      55579    0    0    0    0    0
2012  4 23 17 48  0    0    -4.03     7.12    -8.28    -385.1    -17.74    -21.02    16.774      55999    0    0    0    0    0
2012  4 23 17 49  0    0    -3.76     6.19    -8.55    -384.5    -17.94    -15.44    16.780      51898    0    0    0    0    0
2012  4 23 17 50  0    0    -2.62     4.42   -11.51    -384.5    -18.99    -11.26    16.653      44252    0    0    0    0    0
2012  4 23 17 51  0    0    -1.03     3.90   -13.39    -389.1    -24.70     -6.70    14.458      30177    0    0    0    0    0
2012  4 23 17 52  0    0    -0.58     3.80   -13.73    -387.8    -26.04     -8.76    13.628      27315    0    0    0    0    0
2012  4 23 17 53  0    0    -0.46     3.24   -14.10    -385.5    -26.08     -9.26    13.013      25779    0    0    0    0    0
2012  4 23 17 54  0    0    -0.38     2.80   -14.54    -384.7    -26.67     -9.43    12.885      25779    0    0    0    0    0
2012  4 23 17 55  0    0    -0.13     2.24   -14.83    -384.5    -25.31     -8.72    12.885      25779    0    0    0    0    0
2012  4 23 17 56  0    0     0.04     1.65   -15.33    -383.8    -25.68     -7.84    13.135      22071    0    0    0    0    0
2012  4 23 17 57  0    0     0.06     1.45   -15.45    -383.1    -26.52     -7.88    13.183      20788    0    0    0    0    0
2012  4 23 17 58  0    0     0.13     1.42   -15.51    -382.7    -27.65     -8.72    13.091      20113    0    0    0    0    0
2012  4 23 17 59  0    0     0.05     1.21   -15.55    -383.1    -28.66     -9.48    12.811      19359    0    0    0    0    0
2012  4 23 18  0  0    0     0.02     1.19   -15.55    -383.3    -28.12    -10.79    12.486      19161    0    0    0    0    0
2012  4 23 18  1  0    0     0.09     1.27   -15.55    -383.0    -29.34    -10.62    12.387      19055    0    0    0    0    0
2012  4 23 18  2  0    0     0.35     1.07   -15.58    -381.7    -30.82     -9.24    12.239      19014    0    0    0    0    0
2012  4 23 18  3  0    0     0.58     0.88   -15.62    -380.3    -32.12     -8.18    12.107      19014    0    0    0    0    0
2012  4 23 18  4  0    0     0.60     0.88   -15.64    -379.7    -33.34     -8.02    12.064      19280    0    0    0    0    0
2012  4 23 18  5  0    0     0.62     0.83   -15.64    -379.5    -34.13     -7.62    11.980      20131    0    0    0    0    0
2012  4 23 18  6  0    0     0.69     0.72   -15.65    -379.9    -33.93     -8.00    11.923      20484    0    0    0    0    0
2012  4 23 18  7  0    0     0.93     0.59   -15.65    -379.2    -33.60     -8.41    11.555      20148    0    0    0    0    0
2012  4 23 18  8  0    0     1.24     0.35   -15.67    -378.7    -33.61     -8.80    10.372      18633    0    0    0    0    0
2012  4 23 18  9  0    0     1.33     0.35   -15.67    -378.2    -34.48     -7.95    10.170      18673    0    0    0    0    0
2012  4 23 18 10  0    0     1.10     0.28   -15.68    -375.7    -36.29     -6.97    10.166      19275    0    0    0    0    0
2012  4 23 18 11  0    0     0.97     0.32   -15.68    -373.8    -37.62     -6.31    10.257      19837    0    0    0    0    0
2012  4 23 18 12  0    0     0.98     0.51   -15.68    -373.1    -37.61     -6.21    10.444      20217    0    0    0    0    0
2012  4 23 18 13  0    0     0.98     0.77   -15.67    -373.9    -35.85     -6.66    10.549      19746    0    0    0    0    0
2012  4 23 18 14  0    0     0.83     0.85   -15.69    -374.7    -34.92     -7.32    10.410      19082    0    0    0    0    0
2012  4 23 18 15  0    0     0.81     0.81   -15.70    -374.4    -34.49     -7.40    10.040      19120    0    0    0    0    0
2012  4 23 18 16  0    0     0.86     0.69   -15.71    -373.4    -34.78     -6.60     9.659      19158    0    0    0    0    0
2012  4 23 18 17  0    0     0.98     0.41   -15.72    -372.8    -35.55     -5.38     9.379      18917    0    0    0    0    0
2012  4 23 18 18  0    0     1.06     0.19   -15.71    -372.7    -36.39     -3.99     9.240      18238    0    0    0    0    0
2012  4 23 18 19  0    0     1.04     0.10   -15.69    -372.7    -36.99     -3.72     9.220      18280    0    0    0    0    0
2012  4 23 18 20  0    0     0.98     0.20   -15.67    -372.9    -36.78     -4.20     9.185      18439    0    0    0    0    0
2012  4 23 18 21  0    0     0.98     0.49   -15.65    -373.2    -35.61     -4.77     9.009      18535    0    0    0    0    0
2012  4 23 18 22  0    0     1.00     0.59   -15.62    -374.0    -34.01     -5.99     8.812      18649    0    0    0    0    0
2012  4 23 18 23  0    0     1.00     0.82   -15.57    -375.5    -32.08     -7.92     9.523      23064    0    0    0    0    0
2012  4 23 18 24  0    0     1.02     0.81   -15.48    -376.1    -31.72     -8.15    10.117      25388    0    0    0    0    0
2012  4 23 18 25  0    0     0.99     0.97   -15.45    -376.1    -33.07     -5.21     9.764      25358    0    0    0    0    0
2012  4 23 18 26  0    0     0.91     1.16   -15.45    -376.3    -32.81     -4.06     9.545      25348    0    0    0    0    0
2012  4 23 18 27  0    0     0.81     1.41   -15.43    -376.7    -31.72     -5.23     9.525      25348    0    0    0    0    0
2012  4 23 18 28  0    0     0.79     1.61   -15.35    -376.9    -30.73     -7.22     9.754      25372    0    0    0    0    0
2012  4 23 18 29  0    0     0.48     1.45   -15.25    -379.4    -29.53    -10.35     9.833      25493    0    0    0    0    0
2012  4 23 18 30  0    0     0.44     1.23   -15.28    -379.4    -28.34    -11.44     9.822      25960    0    0    0    0    0
2012  4 23 18 31  0    0     0.47     0.83   -15.41    -379.2    -28.56    -11.20     9.713      25681    0    0    0    0    0
2012  4 23 18 32  0    0     0.47     0.76   -15.41    -379.0    -29.79     -9.56     9.406      24415    0    0    0    0    0
2012  4 23 18 33  0    0     0.49     0.75   -15.42    -378.5    -31.47     -7.12     9.373      24584    0    0    0    0    0
2012  4 23 18 34  0    0     0.61     0.60   -15.43    -377.3    -31.86     -7.38     9.506      26278    0    0    0    0    0
2012  4 23 18 35  0    0     0.97     0.19   -15.38    -376.3    -32.46     -7.15     9.548      28106    0    0    0    0    0
2012  4 23 18 36  0    0     1.20    -0.02   -15.36    -375.4    -32.72     -7.03     9.495      28597    0    0    0    0    0
2012  4 23 18 37  0    0     1.25     0.00   -15.37    -375.1    -32.49     -7.20     9.441      27947    0    0    0    0    0
2012  4 23 18 38  0    0     1.14     0.08   -15.39    -376.1    -32.23     -6.66     9.695      27519    0    0    0    0    0
2012  4 23 18 39  0    0     0.97     0.09   -15.39    -376.9    -31.73     -6.72     9.849      28944    0    0    0    0    0
2012  4 23 18 40  0    0     0.88     0.26   -15.38    -377.2    -31.19     -6.82     9.562      30961    0    0    0    0    0
2012  4 23 18 41  0    0     0.67     0.26   -15.37    -378.3    -30.55     -5.23     9.444      33929    0    0    0    0    0
2012  4 23 18 42  0    0     0.75     0.62   -15.28    -377.7    -28.13     -4.43     9.443      35858    0    0    0    0    0
2012  4 23 18 43  0    0     0.83     1.04   -15.23    -377.7    -25.03     -4.15     9.893      36436    0    0    0    0    0
2012  4 23 18 44  0    0     0.77     1.41   -15.19    -378.2    -24.42     -4.14     9.971      36398    0    0    0    0    0
2012  4 23 18 45  0    0     0.78     1.41   -15.16    -378.2    -23.24     -4.70     9.961      34656    0    0    0    0    0
2012  4 23 18 46  0    0     0.30     2.45   -15.06    -379.4    -20.69     -5.31     9.669      30730    0    0    0    0    0
2012  4 23 18 47  0    0    -0.12     4.13   -14.69    -384.1    -11.74    -10.16     9.656      31448    0    0    0    0    0
2012  4 23 18 48  0    0    -0.40     4.16   -14.68    -385.2    -11.22    -10.26     9.303      34575    0    0    0    0    0
2012  4 23 18 49  0    0    -0.33     4.14   -14.69    -386.1    -10.97    -11.26     9.458      37676    0    0    0    0    0
2012  4 23 18 50  0    0    -0.23     4.02   -14.74    -386.2     -9.65    -13.90    10.109      37227    0    0    0    0    0
2012  4 23 18 51  0    0    -0.25     3.71   -14.81    -386.2    -10.52    -13.54    10.087      34036    0    0    0    0    0
2012  4 23 18 52  0    0    -0.40     3.09   -14.98    -385.7    -12.44    -13.52     9.954      30158    0    0    0    0    0
2012  4 23 18 53  0    0    -0.70     2.91   -15.00    -386.8    -16.85    -11.94     9.516      29245    0    0    0    0    0
2012  4 23 18 54  0    0    -0.83     2.81   -15.04    -387.3    -17.06    -11.95     9.528      29432    0    0    0    0    0
2012  4 23 18 55  0    0    -0.88     2.78   -15.05    -387.6    -17.15    -12.02     9.544      29873    0    0    0    0    0
2012  4 23 18 56  0    0    -0.74     2.73   -15.03    -387.7    -17.55    -11.61     9.485      29836    0    0    0    0    0
2012  4 23 18 57  0    0    -0.67     2.72   -15.00    -387.9    -18.35    -10.79     9.356      29540    0    0    0    0    0
2012  4 23 18 58  0    0    -0.68     2.76   -15.00    -387.9    -19.09    -10.57     9.259      28530    0    0    0    0    0
2012  4 23 18 59  0    0    -0.66     2.73   -15.01    -387.2    -19.33    -10.88     9.213      27249    0    0    0    0    0
2012  4 23 19  0  0    0    -0.69     2.67   -15.05    -386.9    -18.98    -11.72     9.213      26646    0    0    0    0    0
2012  4 23 19  1  0    0    -0.87     2.60   -15.06    -387.2    -18.39    -12.35     9.256      26861    0    0    0    0    0
2012  4 23 19  2  0    0    -1.10     2.70   -15.00    -390.0    -17.47    -14.27     9.491      28583    0    0    0    0    0
2012  4 23 19  3  0    0    -0.97     2.46   -15.03    -390.8    -16.73    -15.88     9.537      29584    0    0    0    0    0
2012  4 23 19  4  0    0    -0.73     2.06   -15.13    -389.8    -17.61    -15.46     9.364      30014    0    0    0    0    0
2012  4 23 19  5  0    0    -0.61     1.90   -15.18    -388.6    -18.30    -14.74     9.168      30406    0    0    0    0    0
2012  4 23 19  6  0    0    -0.59     1.90   -15.17    -387.6    -18.66    -14.23     8.986      30644    0    0    0    0    0
2012  4 23 19  7  0    0    -0.45     1.78   -15.15    -386.4    -19.97    -14.03     8.858      30583    0    0    0    0    0
2012  4 23 19  8  0    0    -0.14     1.42   -15.14    -383.9    -23.16    -13.88     8.856      30365    0    0    0    0    0
2012  4 23 19  9  0    0    -0.11     1.32   -15.11    -382.7    -24.48    -13.85     8.777      30308    0    0    0    0    0
2012  4 23 19 10  0    0    -0.12     1.43   -15.10    -383.4    -24.36    -13.85     8.720      30308    0    0    0    0    0
2012  4 23 19 11  0    0    -1.19     2.58   -15.04    -390.8    -18.02    -14.91     9.598      24328    0    0    0    0    0
2012  4 23 19 12  0    0    -1.22     2.36   -15.05    -391.1    -18.49    -14.35     9.473      24873    0    0    0    0    0
2012  4 23 19 13  0    0    -0.85     1.96   -15.16    -390.4    -18.22    -14.23     9.431      24997    0    0    0    0    0
2012  4 23 19 14  0    0    -0.68     1.81   -15.20    -389.4    -18.26    -13.77     9.415      25202    0    0    0    0    0
2012  4 23 19 15  0    0    -0.61     1.74   -15.21    -388.5    -19.00    -13.27     9.398      26084    0    0    0    0    0
2012  4 23 19 16  0    0    -0.59     1.65   -15.21    -388.1    -20.49    -12.49     9.351      27048    0    0    0    0    0
2012  4 23 19 17  0    0    -0.69     1.48   -15.21    -388.5    -21.68    -12.06     9.225      27229    0    0    0    0    0
2012  4 23 19 18  0    0    -0.73     1.29   -15.19    -388.8    -22.04    -12.62     8.933      25615    0    0    0    0    0
2012  4 23 19 19  0    0    -0.63     1.34   -15.18    -388.2    -22.59    -12.80     8.737      24052    0    0    0    0    0
2012  4 23 19 20  0    0    -0.49     1.42   -15.19    -387.7    -22.96    -13.09     8.758      24554    0    0    0    0    0
2012  4 23 19 21  0    0    -0.45     1.35   -15.19    -387.7    -24.06    -13.35     8.786      26750    0    0    0    0    0
2012  4 23 19 22  0    0    -0.64     1.33   -15.18    -388.0    -25.63    -12.99     8.777      29038    0    0    0    0    0
2012  4 23 19 23  0    0    -0.91     1.33   -15.14    -388.9    -24.51    -12.02     8.765      28712    0    0    0    0    0
2012  4 23 19 24  0    0    -1.05     1.34   -15.10    -389.8    -23.45    -12.21     8.909      26878    0    0    0    0    0
2012  4 23 19 25  0    0    -1.07     1.33   -15.09    -388.9    -23.58    -13.25     9.217      25903    0    0    0    0    0
2012  4 23 19 26  0    0    -0.98     1.30   -15.10    -387.4    -23.85    -13.99     9.437      25795    0    0    0    0    0
2012  4 23 19 27  0    0    -0.68     1.27   -15.14    -386.0    -23.69    -14.39     9.464      25925    0    0    0    0    0
2012  4 23 19 28  0    0     0.02     1.42   -15.21    -385.3    -23.32    -14.42     9.487      26763    0    0    0    0    0
2012  4 23 19 29  0    0     0.46     1.57   -15.22    -385.3    -23.42    -14.69     9.493      26684    0    0    0    0    0
2012  4 23 19 30  0    0     0.49     1.59   -15.22    -385.4    -22.94    -15.65     9.507      24309    0    0    0    0    0
2012  4 23 19 31  0    0     0.53     1.60   -15.22    -385.2    -21.44    -17.05     9.464      22312    0    0    0    0    0
2012  4 23 19 32  0    0     0.57     1.72   -15.19    -385.0    -20.24    -17.08     9.313      21909    0    0    0    0    0
2012  4 23 19 33  0    0     0.61     1.85   -15.18    -384.4    -18.18    -17.03     9.323      21909    0    1    1    0    0
2012  4 23 19 34  0    0     0.68     1.65   -15.20    -383.1    -16.54    -17.10     9.373      22055    0    1    1    0    0
2012  4 23 19 35  0    0     0.78     1.32   -15.22    -382.2    -15.22    -17.29     9.472      22736    0    1    1    0    0
2012  4 23 19 36  0    0     0.97     1.01   -15.22    -381.6    -14.12    -17.63     9.553      23649    0    1    1    0    0
2012  4 23 19 37  0    0     1.12     0.74   -15.21    -381.0    -12.99    -17.96     9.581      24202    0    1    1    0    0
2012  4 23 19 38  0    0     1.15     0.44   -15.19    -380.6    -11.73    -18.20     9.583      24364    0    1    1    0    0
2012  4 23 19 39  0    0     1.24     0.14   -15.17    -379.9    -10.22    -18.33     9.613      24469    0    1    1    0    0
2012  4 23 19 40  0    0     1.47    -0.12   -15.15    -378.9     -8.21    -18.32     9.683      24340    0    1    1    0    0
2012  4 23 19 41  0    0     1.63    -0.36   -15.12    -378.6     -5.82    -18.58     9.647      23468    0    1    1    0    0
2012  4 23 19 42  0    0     1.66    -0.49   -15.07    -378.8     -2.95    -19.13     9.221      23583    0    1    1    0    0
2012  4 23 19 43  0    0     1.64     0.11   -14.90    -380.9      1.91    -19.74     8.648      24346    0    1    1    0    0
2012  4 23 19 44  0    0     1.43     0.37   -14.84    -380.4      3.17    -19.93     8.764      24207    0    1    1    0    0
2012  4 23 19 45  0    0     1.46     0.32   -14.84    -379.5      4.01    -20.08     8.966      23952    0    1    1    0    0
2012  4 23 19 46  0    0     1.54     0.22   -14.86    -378.5      4.29    -20.29     9.073      23952    0    1    1    0    0
2012  4 23 19 47  0    0     1.72     0.16   -14.87    -377.4      5.43    -20.51     9.073      23952    0    1    1    0    0
2012  4 23 19 48  0    0     1.67     0.19   -14.89    -376.1      6.19    -20.72     9.116      24152    0    1    1    0    0
2012  4 23 19 49  0    0     1.66     0.23   -14.89    -375.1      7.21    -20.94     9.133      25237    0    1    1    0    0
2012  4 23 19 50  0    0     1.60     0.21   -14.91    -374.6      8.07    -21.17     9.155      27572    0    1    1    0    0
2012  4 23 19 51  0    0     1.51     0.19   -14.97    -374.3      8.62    -21.34     9.176      29087    0    1    1    0    0
2012  4 23 19 52  0    0     1.42     0.50   -15.06    -374.2      9.47    -21.27     9.156      28813    0    1    1    0    0
2012  4 23 19 53  0    0     1.17     0.81   -15.11    -374.1     11.50    -21.16     9.129      27912    0    1    1    0    0
2012  4 23 19 54  0    0     0.92     0.62   -15.14    -373.8     13.65    -21.25     9.468      27199    0    0    0    0    0
2012  4 23 19 55  0    0     0.84     0.44   -15.16    -374.6     14.37    -21.48    10.062      27526    0    0    0    0    0
2012  4 23 19 56  0    0     0.73     0.50   -15.15    -376.7     14.17    -22.74    10.160      27839    0    0    0    0    0
2012  4 23 19 57  0    0     0.52     0.50   -15.18    -377.8     14.04    -22.62     9.418      26654    0    0    0    0    0
2012  4 23 19 58  0    0     0.51     0.08   -15.19    -378.6     12.72    -19.58     9.306      26748    0    0    0    0    0
2012  4 23 19 59  0    0     0.53    -0.63   -15.08    -378.7     11.56    -18.02     9.369      28019    0    0    0    0    0
2012  4 23 20  0  0    0     0.21    -1.08   -15.06    -379.4     11.54    -18.05     9.598      27206    0    0    0    0    0
2012  4 23 20  1  0    0    -0.23    -0.78   -15.01    -379.3     13.19    -18.71     9.560      24267    0    0    0    0    0
2012  4 23 20  2  0    0    -0.03     0.05   -15.01    -378.6     14.50    -19.75     9.416      24267    0    0    0    0    0
2012  4 23 20  3  0    0     0.26     0.63   -15.01    -376.7     14.51    -21.82     9.164      24267    0    0    0    0    0
2012  4 23 20  4  0    0     0.37     0.78   -15.03    -376.7     13.98    -24.14     8.874      22817    0    0    0    0    0
2012  4 23 20  5  0    0     0.41     0.59   -15.04    -377.4     12.25    -23.84     8.575      21986    0    0    0    0    0
2012  4 23 20  6  0    0     0.40     0.41   -15.06    -377.7     10.61    -22.91     7.958      21935    0    0    0    0    0
2012  4 23 20  7  0    0     0.40     0.12   -15.08    -378.3     10.33    -23.02     7.849      21936    0    0    0    0    0
2012  4 23 20  8  0    0     0.57    -0.37   -15.12    -378.3      9.34    -23.87     7.860      22021    0    0    0    0    0
2012  4 23 20  9  0    0     0.57    -0.41   -15.13    -378.1      6.61    -26.21     8.129      23314    0    0    0    0    0
2012  4 23 20 10  0    0     0.56    -0.41   -15.13    -377.9      6.58    -26.06     8.457      23314    0    0    0    0    0
2012  4 23 20 11  0    0     0.56    -0.21   -15.09    -377.4      7.12    -24.83     8.468      23754    0    0    0    0    0
2012  4 23 20 12  0    0     0.55    -0.09   -15.08    -377.4      7.16    -24.51     8.343      23783    0    0    0    0    0
2012  4 23 20 13  0    0     0.50    -0.07   -15.08    -377.5      6.95    -24.86     8.290      24247    0    0    0    0    0
2012  4 23 20 14  0    0     0.49    -0.05   -15.08    -377.3      6.88    -26.43     8.285      24280    0    0    0    0    0
2012  4 23 20 15  0    0     0.55     0.10   -15.07    -377.0      6.48    -25.78     8.285      23475    0    0    0    0    0
2012  4 23 20 16  0    0     0.64     0.35   -15.03    -376.7      6.59    -26.30     7.963      22483    0    0    0    0    0
2012  4 23 20 17  0    0     0.79     0.40   -15.00    -375.1      7.01    -26.67     7.881      22298    0    0    0    0    0
2012  4 23 20 18  0    0     1.04     0.55   -14.98    -373.5      7.31    -26.88     7.872      22298    0    0    0    0    0
2012  4 23 20 19  0    0     1.34     0.93   -14.98    -372.4      9.08    -26.61     7.711      21597    0    0    0    0    0
2012  4 23 20 20  0    0     1.42     1.47   -14.97    -372.3     16.02    -24.94     7.052      18900    0    0    0    0    0
2012  4 23 20 21  0    0     1.39     1.62   -14.97    -373.2     16.06    -24.70     7.093      19435    0    0    0    0    0
2012  4 23 20 22  0    0     1.35     1.48   -14.99    -374.0     10.63    -26.63     7.739      20936    0    0    0    0    0
2012  4 23 20 23  0    0     1.27     1.02   -14.99    -374.2      8.94    -27.19     8.084      21333    0    0    0    0    0
2012  4 23 20 24  0    0     1.21     0.58   -14.99    -374.2      8.39    -27.41     8.347      21026    0    0    0    0    0
2012  4 23 20 25  0    0     1.17     0.44   -14.97    -374.2      8.40    -26.79     8.495      20524    0    0    0    0    0
2012  4 23 20 26  0    0     1.13     0.37   -14.97    -374.3      8.79    -26.16     8.526      20297    0    0    0    0    0
2012  4 23 20 27  0    0     1.11     0.34   -14.97    -374.5      8.98    -26.42     8.530      20042    0    0    0    0    0
2012  4 23 20 28  0    0     1.15     0.40   -14.97    -374.6      9.37    -26.82     8.520      19651    0    0    0    0    0
2012  4 23 20 29  0    0     1.19     0.45   -14.97    -374.2     10.00    -26.99     8.450      19456    0    0    0    0    0
2012  4 23 20 30  0    0     1.20     0.45   -14.97    -373.9     11.00    -27.17     8.371      20000    0    0    0    0    0
2012  4 23 20 31  0    0     1.14     0.59   -14.95    -374.5     12.32    -27.18     8.361      21644    0    0    0    0    0
2012  4 23 20 32  0    0     1.04     0.85   -14.90    -375.0     12.92    -26.94     8.445      23341    0    0    0    0    0
2012  4 23 20 33  0    0     1.01     0.98   -14.87    -375.1     13.07    -26.96     8.517      23954    0    0    0    0    0
2012  4 23 20 34  0    0     1.04     1.00   -14.86    -375.4     12.95    -27.29     8.394      23637    0    0    0    0    0
2012  4 23 20 35  0    0     1.09     0.94   -14.87    -376.3     12.81    -27.52     8.300      23452    0    0    0    0    0
2012  4 23 20 36  0    0     1.13     0.80   -14.87    -376.8     13.10    -27.42     8.294      23452    0    1    1    0    0
2012  4 23 20 37  0    0     1.17     0.68   -14.86    -376.9     13.21    -27.26     8.243      23590    0    1    1    0    0
2012  4 23 20 38  0    0     0.98     0.75   -14.81    -376.8     14.19    -26.37     8.231      24688    0    1    1    0    0
2012  4 23 20 39  0    0     0.88     1.12   -14.76    -377.0     15.42    -25.96     8.230      24878    0    1    1    0    0
2012  4 23 20 40  0    0     0.87     1.44   -14.76    -377.5     17.00    -25.13     8.092      24543    0    0    0    0    0
2012  4 23 20 41  0    0     1.01     1.42   -14.80    -377.8     17.64    -25.98     7.739      22026    0    0    0    0    0
2012  4 23 20 42  0    0     1.02     1.31   -14.83    -377.4     15.20    -26.53     6.797      19651    0    0    0    0    0
2012  4 23 20 43  0    0     1.07     0.64   -14.83    -376.6     13.10    -26.52     6.633      19493    0    0    0    0    0
2012  4 23 20 44  0    0     1.24     0.23   -14.82    -376.5     10.86    -26.33     7.432      20220    0    0    0    0    0
2012  4 23 20 45  0    0     1.35     0.02   -14.82    -376.3      9.58    -25.97     7.765      20645    0    0    0    0    0
2012  4 23 20 46  0    0     1.39    -0.25   -14.85    -377.5      8.97    -25.71     7.788      20716    0    0    0    0    0
2012  4 23 20 47  0    0     1.34    -0.39   -14.84    -377.2      8.95    -25.68     7.785      19957    0    0    0    0    0
2012  4 23 20 48  0    0     1.39    -0.43   -14.83    -376.5      8.72    -25.82     7.790      19465    0    0    0    0    0
2012  4 23 20 49  0    0     1.64    -0.60   -14.81    -375.0      8.15    -25.97     7.795      19233    0    0    0    0    0
2012  4 23 20 50  0    0     2.09    -1.06   -14.78    -373.1      6.76    -26.38     7.822      19137    0    0    0    0    0
2012  4 23 20 51  0    0     2.72    -1.88   -14.75    -370.9      4.35    -27.18     7.878      19137    0    0    0    0    0
2012  4 23 20 52  0    0     2.79    -1.91   -14.74    -370.8      4.44    -27.96     7.908      19253    0    0    0    0    0
2012  4 23 20 53  0    0     2.63    -1.78   -14.76    -371.2      4.64    -28.19     7.822      19524    0    0    0    0    0
2012  4 23 20 54  0    0     2.30    -1.73   -14.81    -371.6      5.64    -25.80     7.799      19609    0    0    0    0    0
2012  4 23 20 55  0    0     2.20    -1.69   -14.81    -371.8      5.78    -25.23     7.932      20013    0    0    0    0    0
2012  4 23 20 56  0    0     2.32    -1.88   -14.74    -371.5      4.22    -24.16     8.125      23352    0    0    0    0    0
2012  4 23 20 57  0    0     2.56    -1.93   -14.70    -371.3      3.21    -23.75     8.194      25297    0    0    0    0    0
2012  4 23 20 58  0    0     2.71    -1.53   -14.72    -370.9      5.88    -24.73     8.194      25975    0    0    0    0    0
2012  4 23 20 59  0    0     2.77    -0.95   -14.80    -369.8      7.93    -25.04     8.195      26205    0    0    0    0    0
2012  4 23 21  0  0    0     2.78    -0.70   -14.83    -369.7      9.41    -25.25     8.229      26251    0    0    0    0    0
2012  4 23 21  1  0    0     2.71    -1.17   -14.80    -371.8      8.98    -26.89     8.246      24368    0    0    0    0    0
2012  4 23 21  2  0    0     2.67    -1.40   -14.67    -371.9      8.66    -28.14     8.222      22988    0    0    0    0    0
2012  4 23 21  3  0    0     2.69    -1.38   -14.69    -371.6      8.80    -28.56     8.224      23067    0    0    0    0    0
2012  4 23 21  4  0    0     2.24    -0.34   -14.92    -371.7      9.31    -28.54     8.319      24284    0    0    0    0    0
2012  4 23 21  5  0    0     2.13    -0.33   -14.88    -373.5      8.81    -27.55     8.468      27565    0    0    0    0    0
2012  4 23 21  6  0    0     2.16    -0.62   -14.89    -373.5      8.25    -26.79     8.441      27811    0    0    0    0    0
2012  4 23 21  7  0    0     2.17    -1.04   -14.91    -373.5      7.96    -26.78     8.289      27782    0    0    0    0    0
2012  4 23 21  8  0    0     2.15    -1.10   -14.92    -373.6      8.25    -27.04     8.161      27196    0    0    0    0    0
2012  4 23 21  9  0    0     2.08    -0.94   -14.92    -374.1      8.60    -27.75     8.136      25482    0    0    0    0    0
2012  4 23 21 10  0    0     2.07    -0.73   -14.91    -374.6      8.57    -28.40     8.062      24494    0    0    0    0    0
2012  4 23 21 11  0    0     2.27    -0.70   -14.89    -374.8      8.50    -28.60     7.972      24542    0    0    0    0    0
2012  4 23 21 12  0    0     2.55    -0.65   -14.86    -374.5      8.45    -28.61     7.953      24582    0    0    0    0    0
2012  4 23 21 13  0    0     2.70    -0.66   -14.84    -373.4      8.12    -28.49     7.930      24263    0    0    0    0    0
2012  4 23 21 14  0    0     2.78    -0.72   -14.82    -371.9      7.49    -28.28     7.882      23661    0    0    0    0    0
2012  4 23 21 15  0    0     3.01    -0.93   -14.76    -370.5      7.05    -28.08     7.854      23661    0    0    0    0    0
2012  4 23 21 16  0    0     3.13    -1.04   -14.70    -370.2      6.65    -27.65     8.115      23946    0    0    0    0    0
2012  4 23 21 17  0    0     3.28    -1.07   -14.66    -368.4      6.37    -27.46     8.269      24088    0    0    0    0    0
2012  4 23 21 18  0    0     3.43    -1.21   -14.62    -367.2      6.11    -26.76     8.343      24182    0    0    0    0    0
2012  4 23 21 19  0    0     3.53    -1.46   -14.56    -367.5      6.97    -26.21     8.567      26685    0    0    0    0    0
2012  4 23 21 20  0    0     3.18    -1.06   -14.64    -370.5      9.97    -27.03     9.081      29561    0    0    0    0    0
2012  4 23 21 21  0    0     2.56    -0.43   -14.80    -372.5     10.05    -27.97     9.112      27388    0    0    0    0    0
2012  4 23 21 22  0    0     2.55    -0.48   -14.81    -372.3      9.17    -27.98     9.139      26557    0    0    0    0    0
2012  4 23 21 23  0    0     2.58    -0.71   -14.80    -370.9      7.28    -28.35     9.145      26165    0    0    0    0    0
2012  4 23 21 24  0    0     2.60    -0.97   -14.75    -370.5      6.52    -27.96     8.382      23552    0    0    0    0    0
2012  4 23 21 25  0    0     2.70    -1.61   -14.63    -370.8      5.14    -28.12     8.032      22292    0    0    0    0    0
2012  4 23 21 26  0    0     3.19    -2.45   -14.43    -370.6      4.03    -27.95     7.966      22070    0    0    0    0    0
2012  4 23 21 27  0    0     3.32    -2.67   -14.37    -369.1      2.51    -27.18     7.877      21956    0    0    0    0    0
2012  4 23 21 28  0    0     3.22    -2.72   -14.39    -368.3      1.35    -26.51     7.720      21676    0    0    0    0    0
2012  4 23 21 29  0    0     3.04    -2.75   -14.44    -368.0      1.08    -26.64     7.501      21008    0    0    0    0    0
2012  4 23 21 30  0    0     2.98    -2.87   -14.45    -367.7      1.41    -27.29     7.338      20570    0    0    0    0    0
2012  4 23 21 31  0    0     3.17    -3.12   -14.40    -367.4      1.62    -27.60     7.288      20591    0    0    0    0    0
2012  4 23 21 32  0    0     3.47    -3.31   -14.36    -367.3      1.60    -28.19     7.294      20616    0    0    0    0    0
2012  4 23 21 33  0    0     3.62    -3.19   -14.38    -368.4      1.43    -29.96     7.312      20616    0    0    0    0    0
2012  4 23 21 34  0    0     3.68    -3.12   -14.40    -369.6      0.54    -30.93     7.317      20660    0    0    0    0    0
2012  4 23 21 35  0    0     3.74    -3.21   -14.38    -370.1      0.60    -31.81     7.369      20975    0    0    0    0    0
2012  4 23 21 36  0    0     3.76    -3.17   -14.36    -370.3      0.64    -31.90     7.405      21026    0    0    0    0    0
2012  4 23 21 37  0    0     3.70    -3.21   -14.36    -370.9      1.69    -31.68     7.283      20137    0    0    0    0    0
2012  4 23 21 38  0    0     3.66    -3.21   -14.36    -369.7      2.08    -30.46     7.237      20120    0    0    0    0    0
2012  4 23 21 39  0    0     3.61    -3.16   -14.40    -368.8      2.30    -28.65     7.275      20087    0    0    0    0    0
2012  4 23 21 40  0    0     3.60    -3.14   -14.42    -368.5      2.45    -27.83     7.316      20070    0    0    0    0    0
2012  4 23 21 41  0    0     3.64    -3.06   -14.43    -369.1      2.72    -28.39     7.326      20070    0    0    0    0    0
2012  4 23 21 42  0    0     3.65    -2.93   -14.45    -369.2      2.42    -28.61     7.659      21481    0    0    0    0    0
2012  4 23 21 43  0    0     3.53    -2.76   -14.50    -369.0      1.07    -29.33     7.913      22493    0    0    0    0    0
2012  4 23 21 44  0    0     3.53    -2.63   -14.52    -369.1      0.26    -30.06     7.907      22699    0    0    0    0    0
2012  4 23 21 45  0    0     3.65    -2.61   -14.50    -369.2      0.79    -30.48     7.626      21368    0    0    0    0    0
2012  4 23 21 46  0    0     3.89    -2.59   -14.45    -369.2      1.35    -30.40     7.419      20414    0    0    0    0    0
2012  4 23 21 47  0    0     3.96    -2.55   -14.44    -369.7      2.17    -30.37     7.402      20255    0    0    0    0    0
2012  4 23 21 48  0    0     3.93    -2.46   -14.47    -369.6      2.42    -30.51     7.419      20338    0    0    0    0    0
2012  4 23 21 49  0    0     3.93    -2.43   -14.48    -369.6      2.19    -30.37     7.422      20430    0    0    0    0    0
2012  4 23 21 50  0    0     3.96    -2.42   -14.47    -369.4      1.74    -30.84     7.566      21426    0    0    0    0    0
2012  4 23 21 51  0    0     3.94    -2.35   -14.48    -369.2      1.59    -30.00     7.687      21758    0    0    0    0    0
2012  4 23 21 52  0    0     3.87    -2.39   -14.49    -369.1      1.90    -30.29     7.630      21602    0    0    0    0    0
2012  4 23 21 53  0    0     3.81    -2.42   -14.51    -368.9      2.04    -30.44     7.549      21420    0    0    0    0    0
2012  4 23 21 54  0    0     3.76    -2.43   -14.52    -368.7      2.00    -30.37     7.542      21365    0    0    0    0    0
2012  4 23 21 55  0    0     3.72    -2.42   -14.52    -368.0      2.01    -30.03     7.663      21912    0    0    0    0    0
2012  4 23 21 56  0    0     3.70    -2.37   -14.53    -367.6      2.37    -29.71     7.818      22635    0    0    0    0    0
2012  4 23 21 57  0    0     3.66    -2.34   -14.54    -367.4      2.90    -29.60     7.894      22950    0    0    0    0    0
2012  4 23 21 58  0    0     3.62    -2.36   -14.53    -366.9      3.13    -29.53     7.892      22993    0    0    0    0    0
2012  4 23 21 59  0    0     3.58    -2.39   -14.53    -366.0      3.23    -29.40     7.877      23048    0    0    0    0    0
2012  4 23 22  0  0    0     3.47    -2.42   -14.55    -365.4      3.37    -28.69     7.862      23033    0    0    0    0    0
2012  4 23 22  1  0    0     3.40    -2.44   -14.54    -365.2      4.20    -27.58     7.831      22860    0    0    0    0    0
2012  4 23 22  2  0    0     3.38    -2.46   -14.52    -364.5      4.47    -26.79     7.805      22201    0    0    0    0    0
2012  4 23 22  3  0    0     3.38    -2.49   -14.52    -363.4      4.47    -27.29     7.802      21786    0    0    0    0    0
2012  4 23 22  4  0    0     3.35    -2.62   -14.52    -364.2      4.32    -27.82     7.824      21704    0    0    0    0    0
2012  4 23 22  5  0    0     3.33    -2.65   -14.51    -364.6      4.60    -27.89     7.847      21699    0    0    0    0    0
2012  4 23 22  6  0    0     3.36    -2.65   -14.49    -364.9      4.71    -27.32     7.845      21379    0    0    0    0    0
2012  4 23 22  7  0    0     3.38    -2.67   -14.49    -365.7      5.10    -27.60     7.798      20746    0    0    0    0    0
2012  4 23 22  8  0    0     3.39    -2.70   -14.48    -364.8      4.85    -28.30     7.775      20656    0    0    0    0    0
2012  4 23 22  9  0    0     3.37    -2.69   -14.46    -365.5      4.28    -28.74     7.839      20656    0    0    0    0    0
2012  4 23 22 10  0    0     3.47    -2.69   -14.43    -365.6      4.12    -28.22     7.864      20604    0    0    0    0    0
2012  4 23 22 11  0    0     3.49    -2.67   -14.43    -365.6      4.27    -27.67     7.805      20362    0    0    0    0    0
2012  4 23 22 12  0    0     3.42    -2.66   -14.45    -365.1      4.48    -27.47     7.769      20295    0    0    0    0    0
2012  4 23 22 13  0    0     3.38    -2.66   -14.44    -365.1      4.80    -27.41     7.791      20382    0    0    0    0    0
2012  4 23 22 14  0    0     3.46    -2.72   -14.38    -364.9      5.00    -27.25     7.901      21081    0    0    0    0    0
2012  4 23 22 15  0    0     3.49    -2.73   -14.38    -364.6      5.40    -26.63     7.977      21072    0    0    0    0    0
2012  4 23 22 16  0    0     3.50    -2.74   -14.38    -362.9      5.24    -26.63     7.908      20545    0    0    0    0    0
2012  4 23 22 17  0    0     3.52    -2.72   -14.38    -362.4      5.20    -26.35     7.834      20098    0    0    0    0    0
2012  4 23 22 18  0    0     3.56    -2.72   -14.36    -362.7      5.17    -26.05     7.842      19968    0    0    0    0    0
2012  4 23 22 19  0    0     3.57    -2.75   -14.34    -364.3      4.81    -26.67     7.981      20698    0    0    0    0    0
2012  4 23 22 20  0    0     3.59    -2.83   -14.31    -364.7      4.41    -27.75     8.088      20719    0    0    0    0    0
2012  4 23 22 21  0    0     3.60    -2.91   -14.26    -365.4      4.69    -28.43     8.133      20889    0    0    0    0    0
2012  4 23 22 22  0    0     3.59    -3.01   -14.24    -365.8      4.80    -29.08     8.144      21173    0    0    0    0    0
2012  4 23 22 23  0    0     3.53    -3.10   -14.25    -365.8      4.93    -28.91     8.116      21055    0    0    0    0    0
2012  4 23 22 24  0    0     3.53    -3.11   -14.24    -365.5      5.10    -28.13     8.100      20600    0    0    0    0    0
2012  4 23 22 25  0    0     3.55    -3.16   -14.20    -365.3      5.24    -27.90     8.114      20667    0    0    0    0    0
2012  4 23 22 26  0    0     3.55    -3.15   -14.21    -365.3      5.21    -28.06     8.204      21214    0    0    0    0    0
2012  4 23 22 27  0    0     3.55    -3.12   -14.21    -364.4      5.03    -29.07     8.325      21611    0    0    0    0    0
2012  4 23 22 28  0    0     3.58    -3.02   -14.20    -364.1      5.10    -29.32     8.380      21617    0    0    0    0    0
2012  4 23 22 29  0    0     3.53    -2.97   -14.21    -363.9      5.26    -28.97     8.377      21544    0    0    0    0    0
2012  4 23 22 30  0    0     3.52    -2.96   -14.22    -363.6      5.91    -28.48     8.277      21364    0    0    0    0    0
2012  4 23 22 31  0    0     3.51    -3.04   -14.20    -365.0      5.97    -28.41     8.065      21031    0    0    0    0    0
2012  4 23 22 32  0    0     3.57    -3.09   -14.18    -365.1      5.74    -28.74     7.994      20321    0    0    0    0    0
2012  4 23 22 33  0    0     3.61    -3.08   -14.16    -365.4      5.74    -28.73     8.042      20381    0    0    0    0    0
2012  4 23 22 34  0    0     3.64    -3.05   -14.16    -365.0      5.71    -28.63     8.136      20776    0    0    0    0    0
2012  4 23 22 35  0    0     3.61    -2.90   -14.19    -365.0      5.41    -28.23     8.181      21077    0    0    0    0    0
2012  4 23 22 36  0    0     3.66    -2.93   -14.18    -365.1      4.81    -29.41     8.126      21034    0    0    0    0    0
2012  4 23 22 37  0    0     3.86    -3.17   -14.09    -364.9      5.20    -27.75     8.070      20625    0    0    0    0    0
2012  4 23 22 38  0    0     3.86    -3.21   -14.10    -364.9      4.54    -27.69     8.057      20636    0    0    0    0    0
2012  4 23 22 39  0    0     3.85    -3.19   -14.11    -364.9      4.91    -27.69     8.057      20786    0    0    0    0    0
2012  4 23 22 40  0    0     3.84    -3.15   -14.11    -364.6      4.92    -27.88     8.066      20916    0    0    0    0    0
2012  4 23 22 41  0    0     3.76    -3.12   -14.13    -365.4      4.77    -30.26     8.076      21212    0    0    0    0    0
2012  4 23 22 42  0    0     3.75    -2.97   -14.15    -364.1      4.47    -28.12     8.098      21512    0    0    0    0    0
2012  4 23 22 43  0    0     3.91    -2.84   -14.14    -365.5      4.51    -28.13     8.122      21490    0    0    0    0    0
2012  4 23 22 44  0    0     4.00    -2.80   -14.07    -365.8      5.12    -28.24     8.140      21270    0    0    0    0    0
2012  4 23 22 45  0    0     4.03    -2.82   -14.05    -365.7      5.54    -28.73     8.219      21289    0    0    0    0    0
2012  4 23 22 46  0    0     4.01    -2.85   -14.03    -365.4      5.68    -28.65     8.273      21368    0    0    0    0    0
2012  4 23 22 47  0    0     4.12    -2.88   -14.00    -365.3      5.64    -28.36     8.277      21409    0    0    0    0    0
2012  4 23 22 48  0    0     4.20    -2.88   -13.98    -365.2      4.89    -28.42     8.308      21444    0    0    0    0    0
2012  4 23 22 49  0    0     4.19    -2.86   -13.98    -363.9      4.39    -28.79     8.356      21444    0    0    0    0    0
2012  4 23 22 50  0    0     4.14    -2.89   -13.94    -363.7      4.74    -29.15     8.389      21337    0    0    0    0    0
2012  4 23 22 51  0    0     4.13    -3.02   -13.92    -363.2      5.77    -29.37     8.387      20933    0    0    0    0    0
2012  4 23 22 52  0    0     4.14    -3.09   -13.89    -362.8      6.38    -29.00     8.376      20750    0    0    0    0    0
2012  4 23 22 53  0    0     4.16    -3.22   -13.85    -362.7      7.03    -28.96     8.365      20720    0    0    0    0    0
2012  4 23 22 54  0    0     4.14    -3.60   -13.73    -363.5      7.79    -28.57     8.328      21169    0    0    0    0    0
2012  4 23 22 55  0    0     4.09    -3.80   -13.67    -363.8      7.93    -29.59     8.295      21644    0    0    0    0    0
2012  4 23 22 56  0    0     4.17    -3.85   -13.64    -363.9      7.79    -29.71     8.360      22021    0    0    0    0    0
2012  4 23 22 57  0    0     4.31    -3.81   -13.60    -364.2      7.51    -29.70     8.539      22330    0    0    0    0    0
2012  4 23 22 58  0    0     4.32    -3.86   -13.59    -365.1      6.17    -29.79     8.673      22582    0    0    0    0    0
2012  4 23 22 59  0    0     4.45    -3.72   -13.61    -365.3      5.64    -29.36     8.686      22661    0    0    0    0    0
2012  4 23 23  0  0    0     4.59    -3.59   -13.63    -365.7      5.39    -29.82     8.623      22566    0    0    0    0    0
2012  4 23 23  1  0    0     4.57    -3.71   -13.60    -366.0      4.91    -30.37     8.495      21961    0    0    0    0    0
2012  4 23 23  2  0    0     4.53    -3.83   -13.57    -366.0      5.26    -30.72     8.366      21279    0    0    0    0    0
2012  4 23 23  3  0    0     4.48    -3.90   -13.55    -365.5      5.96    -30.67     8.285      21212    0    0    0    0    0
2012  4 23 23  4  0    0     4.46    -3.90   -13.56    -364.2      6.20    -30.00     8.221      21212    0    0    0    0    0
2012  4 23 23  5  0    0     4.32    -3.50   -13.74    -363.9      6.22    -29.27     8.132      21483    0    0    0    0    0
2012  4 23 23  6  0    0     4.13    -3.54   -13.75    -362.5      6.43    -29.11     7.995      21626    0    0    0    0    0
2012  4 23 23  7  0    0     3.92    -3.64   -13.75    -361.5      6.80    -28.99     7.811      21703    0    0    0    0    0
2012  4 23 23  8  0    0     3.73    -3.78   -13.75    -360.9      7.23    -28.51     7.647      21763    0    0    0    0    0
2012  4 23 23  9  0    0     3.58    -3.91   -13.75    -360.2      7.50    -28.00     7.587      21859    0    1    1    1    1
2012  4 23 23 10  0    0     3.44    -4.01   -13.75    -359.5      7.75    -27.87     7.638      21985    0    1    1    2    2
2012  4 23 23 11  0    0     3.28    -4.11   -13.74    -359.3      8.25    -27.40     7.774      22126    1    1    1    2    2
2012  4 23 23 12  0    0     3.00    -4.19   -13.72    -358.3      8.12    -26.89     7.894      22250    1    1    1    2    2
2012  4 23 23 13  0    0     3.14    -4.45   -13.64    -358.6      8.35    -27.09     8.038      22399    1    1    1    2    2
2012  4 23 23 14  0    0     3.52    -4.84   -13.41    -359.7      8.62    -28.41     8.204      22599    1    1    1    1    1
2012  4 23 23 15  0    0     3.48    -4.75   -13.44    -359.8      8.86    -29.28     8.384      22908    0    0    0    0    0
2012  4 23 23 16  0    0     3.24    -4.37   -13.60    -360.4      8.83    -28.84     8.634      23431    0    0    0    0    0
2012  4 23 23 17  0    0     3.06    -4.18   -13.67    -361.1      8.38    -28.08     8.807      23880    0    0    0    0    0
2012  4 23 23 18  0    0     2.99    -4.16   -13.69    -360.9      8.20    -27.47     8.935      23947    0    0    0    0    0
2012  4 23 23 19  0    0     3.06    -4.31   -13.61    -360.6      8.15    -27.34     9.155      23884    0    0    0    0    0
2012  4 23 23 20  0    0     3.15    -4.49   -13.52    -360.2      8.10    -27.31     9.505      23778    0    0    0    0    0
2012  4 23 23 21  0    0     3.18    -4.42   -13.51    -360.4      8.34    -27.40    10.009      23630    0    0    0    0    0
2012  4 23 23 22  0    0     3.19    -4.36   -13.47    -361.1      8.80    -27.90    10.540      23418    0    0    0    0    0
2012  4 23 23 23  0    0     3.21    -4.49   -13.39    -362.2      9.15    -28.52    10.872      23435    0    0    0    0    0
2012  4 23 23 24  0    0     3.28    -4.59   -13.30    -363.0      9.88    -28.33    10.910      23444    0    0    0    0    0
2012  4 23 23 25  0    0     3.38    -4.79   -13.19    -363.4     10.19    -28.24    10.789      22641    0    0    0    0    0
2012  4 23 23 26  0    0     3.45    -4.94   -13.08    -363.2      9.45    -27.97    10.691      22271    0    0    0    0    0
2012  4 23 23 27  0    0     3.49    -5.05   -12.95    -364.0      8.68    -27.49    10.816      22219    0    0    0    0    0
2012  4 23 23 28  0    0     3.53    -5.28   -12.86    -364.1      8.37    -29.42    10.970      23292    0    0    0    0    0
2012  4 23 23 29  0    0     3.56    -5.41   -12.79    -363.5      8.18    -29.37    10.991      23404    0    0    0    0    0
2012  4 23 23 30  0    0     3.59    -5.61   -12.70    -362.9      7.98    -29.20    11.007      23602    0    0    0    0    0
2012  4 23 23 31  0    0     3.60    -5.60   -12.66    -362.4      7.82    -29.38    11.011      25181    0    0    0    0    0
2012  4 23 23 32  0    0     3.60    -5.56   -12.66    -361.8      7.79    -28.96    10.916      25907    0    0    0    0    0
2012  4 23 23 33  0    0     3.62    -5.60   -12.64    -361.4      7.53    -28.55    10.644      25828    0    0    0    0    0
2012  4 23 23 34  0    0     3.66    -5.70   -12.58    -361.6      7.12    -28.46    10.337      25329    0    0    0    0    0
2012  4 23 23 35  0    0     3.72    -5.76   -12.55    -361.9      6.60    -28.67    10.294      25004    0    0    0    0    0
2012  4 23 23 36  0    0     3.77    -5.67   -12.56    -362.1      6.11    -28.72    10.448      24958    0    0    0    0    0
2012  4 23 23 37  0    0     3.83    -5.61   -12.55    -361.7      5.91    -28.62    10.572      24933    0    0    0    0    0
2012  4 23 23 38  0    0     3.84    -5.62   -12.51    -361.3      5.93    -28.47    10.610      24727    0    0    0    0    0
2012  4 23 23 39  0    0     3.83    -5.72   -12.47    -360.9      5.81    -27.95    10.530      24535    0    0    0    0    0
2012  4 23 23 40  0    0     3.83    -5.84   -12.45    -360.3      5.27    -27.30    10.365      24565    0    0    0    0    0
2012  4 23 23 41  0    0     3.79    -5.85   -12.46    -360.3      4.70    -26.99    10.256      24882    0    0    0    0    0
2012  4 23 23 42  0    0     3.73    -5.81   -12.45    -360.6      4.83    -27.37    10.331      25377    0    0    0    0    0
2012  4 23 23 43  0    0     3.70    -5.79   -12.43    -360.9      5.65    -27.03    10.381      25475    0    0    0    0    0
2012  4 23 23 44  0    0     3.69    -5.83   -12.41    -360.1      6.05    -25.86    10.381      25596    0    0    0    0    0
2012  4 23 23 45  0    0     3.68    -5.86   -12.39    -358.9      5.73    -25.97    10.384      25660    0    0    0    0    0
2012  4 23 23 46  0    0     3.62    -5.82   -12.43    -358.8      6.37    -26.04    10.403      25714    0    0    0    0    0
2012  4 23 23 47  0    0     3.59    -5.63   -12.50    -359.0      6.96    -26.17    10.437      25912    0    0    0    0    0
2012  4 23 23 48  0    0     3.53    -5.38   -12.60    -359.8      5.55    -25.61    10.447      26792    0    0    0    0    0
2012  4 23 23 49  0    0     3.48    -5.39   -12.61    -359.5      4.58    -23.42    10.390      26730    0    0    0    0    0
2012  4 23 23 50  0    0     3.50    -5.56   -12.51    -359.3      4.93    -23.41    10.229      26521    0    0    0    0    0
2012  4 23 23 51  0    0     3.48    -5.55   -12.50    -359.1      5.34    -23.53    10.100      26495    0    0    0    0    0
2012  4 23 23 52  0    0     3.35    -5.35   -12.61    -359.5      5.47    -24.41    10.096      26365    0    0    0    0    0
2012  4 23 23 53  0    0     3.23    -5.31   -12.64    -359.4      5.79    -24.94    10.100      26251    0    0    0    0    0
2012  4 23 23 54  0    0     2.95    -5.11   -12.75    -359.8      5.69    -26.26    10.104      25831    0    0    0    0    0
2012  4 23 23 55  0    0     2.85    -5.02   -12.80    -357.8      5.23    -26.52    10.104      25831    0    0    0    0    0
2012  4 23 23 56  0    0     2.96    -4.99   -12.78    -359.6      5.29    -26.03    10.554      26380    0    0    0    0    0
2012  4 23 23 57  0    0     3.00    -5.10   -12.70    -359.1      5.87    -25.14    11.266      26506    0    0    0    0    0
2012  4 23 23 58  0    0     2.97    -5.19   -12.59    -359.0      6.58    -24.19    11.990      27166    0    0    0    0    0
2012  4 23 23 59  0    0     2.93    -5.03   -12.63    -358.2      6.95    -24.25    12.578      28187    0    0    0    0    0
2012  4 24  0  0  0    0     2.88    -5.08   -12.59    -357.4      7.42    -24.57    13.278      28379    0    0    0    0    0
2012  4 24  0  1  0    0     2.86    -5.20   -12.44    -357.2      8.26    -24.89    14.320      28796    0    0    0    0    0
2012  4 24  0  2  0    0     2.82    -5.39   -12.27    -356.8      9.73    -24.37    15.436      29355    0    0    0    0    0
2012  4 24  0  3  0    0     2.76    -5.62   -12.14    -357.1     10.40    -24.63    15.753      29527    0    0    0    0    0
2012  4 24  0  4  0    0     2.74    -5.76   -12.06    -356.9     10.42    -24.80    15.946      29535    0    0    0    0    0
2012  4 24  0  5  0    0     2.71    -6.04   -11.84    -357.6      9.68    -25.84    16.164      29226    0    0    0    0    0
2012  4 24  0  6  0    0     2.78    -6.06   -11.84    -357.7      9.14    -25.70    15.800      29130    0    0    0    0    0
2012  4 24  0  7  0    0     2.91    -5.96   -11.79    -357.9      9.34    -25.89    14.813      29145    0    0    0    0    0
2012  4 24  0  8  0    0     2.97    -6.00   -11.79    -358.0      9.43    -27.76    14.211      29560    0    0    0    0    0
2012  4 24  0  9  0    0     2.89    -6.15   -11.75    -358.0      9.59    -27.94    13.937      29465    0    0    0    0    0
2012  4 24  0 10  0    0     2.86    -6.16   -11.70    -358.3      9.51    -28.17    13.894      27724    0    0    0    0    0
2012  4 24  0 11  0    0     2.91    -6.16   -11.72    -359.5     10.11    -28.43    13.221      28066    0    0    0    0    0
2012  4 24  0 12  0    0     2.72    -6.26   -11.72    -360.5     10.89    -28.46    12.518      29406    0    0    0    0    0
2012  4 24  0 13  0    0     2.62    -6.31   -11.74    -360.6     11.09    -28.23    12.653      30347    0    0    0    0    0
2012  4 24  0 14  0    0     2.64    -6.23   -11.76    -360.4     11.16    -29.13    13.377      30731    0    0    0    0    0
2012  4 24  0 15  0    0     2.71    -6.27   -11.73    -360.4     11.29    -30.41    14.603      30171    0    0    0    0    0
2012  4 24  0 16  0    0     2.81    -6.50   -11.59    -360.5     11.94    -30.57    15.671      29025    0    0    0    0    0
2012  4 24  0 17  0    0     2.86    -6.69   -11.41    -360.5     13.07    -30.39    16.091      28535    0    0    0    0    0
2012  4 24  0 18  0    0     2.90    -6.81   -11.27    -360.6     14.11    -31.20    16.189      28619    0    0    0    0    0
2012  4 24  0 19  0    0     2.90    -6.97   -11.10    -360.9     14.54    -32.82    16.636      29539    0    0    0    0    0
2012  4 24  0 20  0    0     2.84    -7.20   -10.85    -360.8     14.28    -33.91    17.321      31354    0    0    0    0    0
2012  4 24  0 21  0    0     2.79    -7.31   -10.74    -360.2     13.73    -34.66    17.822      32749    0    0    0    0    0
2012  4 24  0 22  0    0     2.78    -7.27   -10.78    -359.9     13.42    -34.89    18.011      33249    0    0    0    0    0
2012  4 24  0 23  0    0     2.82    -7.22   -10.78    -359.7     13.49    -34.88    18.074      33249    0    0    0    0    0
2012  4 24  0 24  0    0     2.74    -7.23   -10.71    -359.4     13.85    -35.04    18.329      33273    0    0    0    0    0
2012  4 24  0 25  0    0     2.49    -7.37   -10.58    -359.1     13.81    -36.10    18.673      33370    0    0    0    0    0
2012  4 24  0 26  0    0     2.44    -7.46   -10.49    -358.8     12.48    -38.09    18.652      33477    0    0    0    0    0
2012  4 24  0 27  0    0     2.45    -7.45   -10.51    -358.6     12.11    -38.73    18.526      33470    0    0    0    0    0
2012  4 24  0 28  0    0     2.48    -7.42   -10.55    -358.2     12.07    -38.74    18.261      33419    0    0    0    0    0
2012  4 24  0 29  0    0     2.43    -7.44   -10.55    -358.1     11.46    -38.49    18.011      33325    0    0    0    0    0
2012  4 24  0 30  0    0     2.46    -7.41   -10.49    -358.0      9.95    -38.85    17.849      33237    0    0    0    0    0
2012  4 24  0 31  0    0     2.59    -7.28   -10.54    -357.9      9.32    -39.23    17.710      33066    0    0    0    0    0
2012  4 24  0 32  0    0     2.67    -7.08   -10.69    -358.0      9.13    -39.10    17.209      32803    0    0    0    0    0
2012  4 24  0 33  0    0     2.73    -7.01   -10.77    -358.7      9.06    -38.83    16.292      31850    0    0    0    0    0
2012  4 24  0 34  0    0     2.77    -7.01   -10.82    -359.1      9.15    -38.27    16.094      30609    0    0    0    0    0
2012  4 24  0 35  0    0     2.74    -6.99   -10.83    -359.0      9.46    -37.64    16.517      30754    0    0    0    0    0
2012  4 24  0 36  0    0     2.70    -6.91   -10.82    -358.6      9.49    -37.77    17.436      31342    0    0    0    0    0
2012  4 24  0 37  0    0     2.70    -6.87   -10.79    -357.9      9.54    -37.95    18.366      31518    0    0    0    0    0
2012  4 24  0 38  0    0     2.73    -6.85   -10.82    -357.7      9.55    -37.54    18.843      31514    0    0    0    0    0
2012  4 24  0 39  0    0     2.77    -6.84   -10.79    -357.7      9.36    -37.67    18.939      31303    0    0    0    0    0
2012  4 24  0 40  0    0     2.77    -6.95   -10.69    -357.8      9.44    -37.01    19.132      31348    0    0    0    0    0
2012  4 24  0 41  0    0     2.75    -6.88   -10.61    -358.1      8.65    -38.91    19.388      32680    0    0    0    0    0
2012  4 24  0 42  0    0     2.72    -6.85   -10.57    -357.6      8.99    -37.71    19.172      33760    0    0    0    0    0
2012  4 24  0 43  0    0     2.68    -6.97   -10.54    -357.8      9.05    -37.10    18.637      33719    0    0    0    0    0
2012  4 24  0 44  0    0     2.66    -7.07   -10.50    -357.6      8.99    -37.13    18.718      31294    0    0    0    0    0
2012  4 24  0 45  0    0     2.64    -7.03   -10.38    -357.6      8.28    -38.25    19.088      31254    0    0    0    0    0
2012  4 24  0 46  0    0     2.62    -6.90   -10.36    -357.1      7.72    -38.68    19.556      31552    0    0    0    0    0
2012  4 24  0 47  0    0     2.75    -6.83   -10.40    -357.0      7.66    -38.92    19.823      32895    0    0    0    0    0
2012  4 24  0 48  0    0     2.77    -6.74   -10.44    -357.4      7.77    -38.94    19.970      33039    0    0    0    0    0
2012  4 24  0 49  0    0     2.76    -6.96   -10.43    -358.4      8.49    -38.04    19.937      32926    0    0    0    0    0
2012  4 24  0 50  0    0     2.71    -6.95   -10.37    -358.0      8.30    -37.82    19.602      32631    0    0    0    0    0
2012  4 24  0 51  0    0     2.82    -6.88   -10.33    -358.9      7.68    -38.11    18.917      32491    0    0    0    0    0
2012  4 24  0 52  0    0     2.86    -6.84   -10.36    -358.4      6.80    -39.39    18.991      31973    0    0    0    0    0
2012  4 24  0 53  0    0     2.87    -6.77   -10.39    -358.4      6.72    -39.65    19.235      32129    0    0    0    0    0
2012  4 24  0 54  0    0     2.92    -6.70   -10.52    -358.3      6.78    -39.61    19.452      33338    0    0    0    0    0
2012  4 24  0 55  0    0     2.94    -6.70   -10.54    -358.3      7.56    -38.38    19.169      33335    0    0    0    0    0
2012  4 24  0 56  0    0     2.99    -6.63   -10.58    -358.0      7.94    -38.50    18.653      33308    0    0    0    0    1
2012  4 24  0 57  0    0     3.36    -6.33   -10.57    -356.3     13.04    -46.05    18.795      33243    0    0    0    0    1
2012  4 24  0 58  0    0     3.36    -6.24   -10.61    -355.3     12.14    -51.08    18.938      33209    0    0    0    0    2
2012  4 24  0 59  0    0     3.29    -6.24   -10.69    -355.1     10.69    -52.72    19.081      33164    0    0    0    0    1
2012  4 24  1  0  0    0     3.23    -6.32   -10.74    -355.5     12.03    -50.63    19.223      33102    0    0    0    0    0
2012  4 24  1  1  0    0     3.19    -6.36   -10.75    -355.7     12.92    -49.42    19.366      33041    0    0    0    0    0
2012  4 24  1  2  0    0     3.18    -6.26   -10.84    -355.7     12.83    -49.39    19.509      32980    0    0    0    0    0
2012  4 24  1  3  0    0     3.08    -6.22   -10.88    -355.5     12.21    -50.22    19.651      32918    0    0    0    0    0
2012  4 24  1  4  0    0     2.99    -6.27   -10.89    -355.5     11.90    -50.77    19.794      32857    0    0    0    0    0
2012  4 24  1  5  0    0     2.75    -6.31   -10.89    -355.6     11.90    -50.82    19.937      32796    0    0    0    0    0
2012  4 24  1  6  0    0     2.63    -6.50   -10.87    -355.6     11.90    -50.82    20.079      32734    0    0    0    0    0
2012  4 24  1  7  0    0     2.54    -6.59   -10.83    -355.7     12.07    -50.03    20.222      32673    0    0    0    0    0
2012  4 24  1  8  0    0     2.93    -6.46   -10.69    -358.3      5.40    -37.41    20.365      32612    1    1    1    1    1
2012  4 24  1  9  0    0     2.79    -6.50   -10.67    -359.2      5.39    -37.63    20.495      32840    0    0    0    0    0
2012  4 24  1 10  0    0     2.94    -6.38   -10.67    -359.4      5.34    -38.14    20.474      33208    0    0    0    0    0
2012  4 24  1 11  0    0     3.28    -6.13   -10.75    -360.0      4.95    -38.27    20.364      33200    0    0    0    0    0
2012  4 24  1 12  0    0     3.71    -5.85   -10.82    -360.4      4.39    -38.16    20.275      32876    0    0    0    0    0
2012  4 24  1 13  0    0     3.66    -5.91   -10.86    -360.7      3.87    -38.11    20.341      32007    0    0    0    0    0
2012  4 24  1 14  0    0     3.59    -6.03   -10.87    -361.5      3.52    -38.49    20.371      31492    0    0    0    0    0
2012  4 24  1 15  0    0     3.70    -5.85   -10.95    -361.5      3.70    -38.44    20.316      31593    0    0    0    0    0
2012  4 24  1 16  0    0     3.83    -5.75   -10.99    -361.3      3.84    -38.43    20.293      31771    0    0    0    0    0
2012  4 24  1 17  0    0     3.71    -5.72   -11.02    -361.0      4.01    -38.15    20.305      32204    0    0    0    0    0
2012  4 24  1 18  0    0     3.42    -5.77   -11.02    -360.6      4.41    -37.96    20.236      32748    0    0    0    0    0
2012  4 24  1 19  0    0     3.24    -6.10   -10.95    -360.4      5.23    -38.01    19.880      33004    0    0    0    0    0
2012  4 24  1 20  0    0     3.13    -6.50   -10.84    -360.3      6.21    -38.02    19.266      32609    0    0    0    0    0
2012  4 24  1 21  0    0     3.08    -6.68   -10.80    -360.2      6.62    -38.24    18.584      31702    0    0    0    0    0
2012  4 24  1 22  0    0     3.25    -6.62   -10.83    -359.9      6.69    -38.69    17.433      31146    0    0    0    0    0
2012  4 24  1 23  0    0     3.48    -6.49   -10.93    -359.5      6.98    -39.18    15.816      31146    0    0    0    0    0
2012  4 24  1 24  0    0     3.64    -6.38   -11.11    -359.0      7.31    -39.76    14.736      31079    0    0    0    0    0
2012  4 24  1 25  0    0     3.68    -6.31   -11.22    -358.7      7.66    -39.83    14.743      30824    0    0    0    0    0
2012  4 24  1 26  0    0     3.16    -6.74   -11.14    -358.4      7.70    -40.33    14.807      30933    0    0    0    0    0
2012  4 24  1 27  0    0     3.11    -6.79   -11.12    -358.4      7.89    -41.25    15.074      31868    0    0    0    0    0
2012  4 24  1 28  0    0     3.19    -6.91   -11.12    -358.4      8.17    -40.83    15.371      32701    0    0    0    0    0
2012  4 24  1 29  0    0     3.54    -6.78   -11.29    -358.3      8.28    -40.73    15.346      33106    0    0    0    0    0
2012  4 24  1 30  0    0     3.80    -6.34   -11.44    -357.6      8.28    -40.93    15.235      33106    0    0    0    0    0
2012  4 24  1 31  0    0     3.80    -6.42   -11.39    -357.6      8.28    -41.10    14.982      32868    0    0    0    0    0
2012  4 24  1 32  0    0     3.77    -6.41   -11.38    -357.6      7.28    -42.19    14.835      32627    0    0    0    0    0
2012  4 24  1 33  0    0     3.73    -6.49   -11.36    -359.2      5.49    -41.68    14.848      30040    0    0    0    0    0
2012  4 24  1 34  0    0     3.98    -6.33   -11.39    -360.0      4.46    -41.25    15.014      30223    0    0    0    0    0
2012  4 24  1 35  0    0     3.99    -6.39   -11.37    -360.2      4.29    -41.38    15.375      31156    0    0    0    0    0
2012  4 24  1 36  0    0     4.00    -6.48   -11.32    -360.2      3.96    -42.34    15.748      32123    0    0    0    0    0
2012  4 24  1 37  0    0     4.21    -6.13   -11.41    -360.9      3.64    -43.42    15.945      32175    0    0    0    0    0
2012  4 24  1 38  0    0     4.42    -5.77   -11.58    -361.2      3.95    -43.24    15.958      32103    0    0    0    0    0
2012  4 24  1 39  0    0     4.45    -5.56   -11.68    -361.5      4.63    -42.69    15.833      31925    0    0    0    0    0
2012  4 24  1 40  0    0     4.44    -5.63   -11.67    -361.1      5.52    -42.58    15.489      31473    0    0    0    0    0
2012  4 24  1 41  0    0     4.46    -5.70   -11.66    -360.5      6.16    -42.97    15.267      31159    0    0    0    0    0
2012  4 24  1 42  0    0     4.56    -5.60   -11.65    -360.3      6.40    -43.42    15.271      31334    0    0    0    0    0
2012  4 24  1 43  0    0     4.70    -5.47   -11.66    -360.6      6.34    -43.87    15.169      31579    0    0    0    0    0
2012  4 24  1 44  0    0     4.81    -5.34   -11.69    -360.8      6.11    -44.35    14.579      31261    0    0    0    0    0
2012  4 24  1 45  0    0     4.74    -5.42   -11.72    -360.9      5.55    -44.51    14.164      30942    0    0    0    0    0
2012  4 24  1 46  0    0     4.69    -5.51   -11.73    -361.1      4.95    -43.90    14.450      31412    0    0    0    0    0
2012  4 24  1 47  0    0     4.70    -5.50   -11.76    -361.3      4.25    -42.91    14.830      32652    0    0    0    0    0
2012  4 24  1 48  0    0     4.75    -5.46   -11.77    -361.2      3.80    -42.12    15.107      33282    0    0    0    0    0
2012  4 24  1 49  0    0     4.81    -5.50   -11.73    -361.3      3.46    -41.19    15.271      33176    0    0    0    0    0
2012  4 24  1 50  0    0     4.86    -5.57   -11.70    -361.5      3.21    -41.20    15.289      32793    0    0    0    0    0
2012  4 24  1 51  0    0     4.94    -5.60   -11.69    -361.1      2.71    -42.02    15.224      32586    0    0    0    0    0
2012  4 24  1 52  0    0     5.05    -5.51   -11.68    -361.0      2.07    -42.64    15.136      32879    0    0    0    0    0
2012  4 24  1 53  0    0     5.13    -5.43   -11.66    -361.1      1.84    -43.07    15.115      33576    0    0    0    0    0
2012  4 24  1 54  0    0     5.22    -5.43   -11.64    -361.1      2.46    -42.43    15.213      34342    0    0    0    0    0
2012  4 24  1 55  0    0     5.35    -5.48   -11.52    -361.1      3.25    -41.51    15.367      34849    0    0    0    0    0
2012  4 24  1 56  0    0     5.48    -5.58   -11.39    -361.2      3.56    -41.29    15.437      34990    0    0    0    0    0
2012  4 24  1 57  0    0     5.61    -5.69   -11.33    -361.7      3.59    -41.23    15.393      35066    0    0    0    0    0
2012  4 24  1 58  0    0     5.74    -5.73   -11.27    -361.9      3.39    -41.56    15.250      35230    0    0    0    0    0
2012  4 24  1 59  0    0     5.91    -5.71   -11.20    -362.0      2.99    -41.72    15.167      35288    0    0    0    0    0
2012  4 24  2  0  0    0     6.08    -5.63   -11.16    -361.3      2.34    -42.05    15.155      35179    0    0    0    0    0
2012  4 24  2  1  0    0     6.21    -5.49   -11.17    -360.9      1.98    -42.15    15.139      34600    0    0    0    0    0
2012  4 24  2  2  0    0     6.31    -5.28   -11.24    -360.7      1.90    -42.13    15.067      33978    0    0    0    0    0
2012  4 24  2  3  0    0     6.43    -5.15   -11.25    -360.3      1.75    -42.40    15.014      33824    0    0    0    0    0
2012  4 24  2  4  0    0     6.60    -5.09   -11.15    -359.8      1.86    -42.78    15.056      34278    0    0    0    0    0
2012  4 24  2  5  0    0     6.82    -4.95   -11.06    -359.0      2.31    -43.27    15.118      35204    0    0    0    0    0
2012  4 24  2  6  0    0     6.90    -4.75   -11.09    -359.0      2.62    -43.63    15.097      35204    0    0    0    0    0
2012  4 24  2  7  0    0     6.94    -4.48   -11.14    -359.2      3.40    -43.34    15.135      35322    0    0    0    0    0
2012  4 24  2  8  0    0     7.12    -4.27   -11.08    -359.4      3.93    -43.59    16.006      36167    0    0    0    0    0
2012  4 24  2  9  0    0     7.16    -4.03   -11.05    -359.1      3.89    -43.82    17.624      37664    0    0    0    0    0
2012  4 24  2 10  0    0     7.10    -3.72   -11.09    -358.8      3.60    -44.04    18.017      38919    0    0    0    0    0
2012  4 24  2 11  0    0     6.97    -3.70   -11.24    -360.0      3.24    -43.69    18.271      39603    0    0    0    0    0
2012  4 24  2 12  0    0     6.54    -3.94   -11.42    -362.1      0.79    -43.62    19.907      39945    0    0    0    0    0
2012  4 24  2 13  0    0     6.17    -4.39   -11.46    -362.5      0.31    -43.22    20.151      37691    0    0    0    0    0
2012  4 24  2 14  0    0     6.06    -4.17   -11.44    -362.6      1.27    -41.88    19.393      35423    0    0    0    0    0
2012  4 24  2 15  0    0     5.99    -4.11   -11.48    -363.7      2.12    -41.46    18.926      34947    0    0    0    0    0
2012  4 24  2 16  0    0     5.95    -4.09   -11.52    -363.8      2.22    -41.94    19.227      34945    0    0    0    0    0
2012  4 24  2 17  0    0     6.09    -3.53   -11.47    -363.7      2.04    -42.32    19.882      36444    0    0    0    0    0
2012  4 24  2 18  0    0     6.27    -3.13   -11.37    -363.5      1.44    -42.86    20.146      37293    0    0    0    0    0
2012  4 24  2 19  0    0     5.90    -4.17   -11.22    -363.4      0.84    -43.01    20.548      37583    0    0    0    0    0
2012  4 24  2 20  0    0     5.83    -4.32   -11.15    -363.3      0.84    -42.84    21.332      37608    0    0    0    0    0
2012  4 24  2 21  0    0     5.73    -4.50   -11.07    -364.2     -0.19    -43.81    22.527      36949    0    0    0    0    0
2012  4 24  2 22  0    0     5.39    -5.00   -11.02    -363.6     -0.80    -43.73    23.560      36949    0    0    0    0    0
2012  4 24  2 23  0    0     5.24    -5.12   -10.91    -364.6     -0.92    -43.75    24.938      37451    0    0    0    0    0
2012  4 24  2 24  0    0     5.18    -5.16   -10.78    -364.4     -1.02    -44.34    25.703      37390    0    0    0    0    0
2012  4 24  2 25  0    0     5.15    -5.01   -10.68    -364.2      0.13    -43.56    25.799      36478    0    0    0    0    0
2012  4 24  2 26  0    0     5.00    -5.20   -10.59    -364.0      0.22    -43.52    25.882      35811    0    0    0    0    0
2012  4 24  2 27  0    0     4.89    -5.28   -10.56    -363.9      0.48    -43.41    26.215      35766    0    0    0    0    0
2012  4 24  2 28  0    0     4.70    -5.55   -10.56    -364.1     -0.27    -44.79    26.932      35566    0    0    0    0    0
2012  4 24  2 29  0    0     4.88    -5.36   -10.53    -364.2      0.43    -44.49    27.313      35557    0    0    0    0    0
2012  4 24  2 30  0    0     4.98    -5.34   -10.49    -363.8      1.33    -44.02    27.366      35004    0    0    0    0    0
2012  4 24  2 31  0    0     4.95    -5.48   -10.38    -363.0      2.12    -43.56    27.387      34985    0    0    0    0    0
2012  4 24  2 32  0    0     4.37    -6.08   -10.25    -362.4      1.79    -44.36    27.458      35067    0    0    0    0    0
2012  4 24  2 33  0    0     3.83    -6.62   -10.11    -361.5      2.00    -44.74    27.534      35093    0    0    0    0    0
2012  4 24  2 34  0    0     3.54    -6.92    -9.99    -360.4      2.43    -44.79    27.569      34986    0    0    0    0    0
2012  4 24  2 35  0    0     3.50    -6.98    -9.94    -359.5      2.95    -44.71    27.576      34849    0    0    0    0    0
2012  4 24  2 36  0    0     3.69    -6.82   -10.01    -359.2      3.75    -44.32    27.626      34920    0    0    0    0    0
2012  4 24  2 37  0    0     4.02    -6.47   -10.14    -359.6      4.23    -43.68    27.730      35139    0    0    0    0    0
2012  4 24  2 38  0    0     4.02    -6.51   -10.15    -360.1      4.57    -43.21    27.690      34578    0    0    0    0    0
2012  4 24  2 39  0    0     3.98    -6.60   -10.13    -360.4      5.24    -42.50    27.695      33650    0    0    0    0    0
2012  4 24  2 40  0    0     3.74    -6.80   -10.07    -360.0      5.38    -42.79    28.158      33611    0    0    0    0    0
2012  4 24  2 41  0    0     3.32    -7.19    -9.89    -359.5      5.59    -43.13    29.519      33842    0    0    0    0    0
2012  4 24  2 42  0    0     3.37    -7.09    -9.78    -359.1      6.21    -43.02    31.244      34419    0    0    0    0    0
2012  4 24  2 43  0    0     3.63    -6.82    -9.87    -358.7      6.05    -42.94    30.974      33874    0    0    0    0    0
2012  4 24  2 44  0    0     4.09    -6.30   -10.16    -359.9      6.13    -40.64    27.527      29911    0    0    0    0    0
2012  4 24  2 45  0    0     4.70    -5.50   -10.62    -361.6      6.45    -36.10    20.865      25786    0    0    0    0    0
2012  4 24  2 46  0    0     5.11    -4.85   -11.00    -362.1      6.88    -34.19    19.121      22905    0    0    0    0    0
2012  4 24  2 47  0    0     5.18    -4.60   -10.96    -362.8      6.64    -33.55    19.113      20728    0    0    0    0    0
2012  4 24  2 48  0    0     5.20    -4.50   -10.88    -364.2      7.06    -32.32    19.264      20405    0    0    0    0    0
2012  4 24  2 49  0    0     5.45    -4.05   -11.07    -363.9      7.76    -31.26    19.264      21015    0    0    0    0    0
2012  4 24  2 50  0    0     5.59    -3.80   -11.19    -363.8      7.11    -32.06    20.347      22290    0    0    0    0    0
2012  4 24  2 51  0    0     5.79    -3.17   -11.34    -363.2      6.45    -32.87    21.786      23058    0    0    0    0    0
2012  4 24  2 52  0    0     6.06    -2.35   -11.91    -363.8      8.20    -30.58    21.579      23158    0    0    0    0    0
2012  4 24  2 53  0    0     6.07    -2.01   -12.05    -364.7      8.38    -29.74    20.776      22973    0    0    0    0    0
2012  4 24  2 54  0    0     6.12    -1.88   -12.22    -365.8      9.43    -27.73    20.592      22731    0    0    0    0    0
2012  4 24  2 55  0    0     6.18    -1.69   -12.24    -365.8      9.20    -27.84    20.495      21923    0    0    0    0    0
2012  4 24  2 56  0    0     6.19    -1.35   -12.25    -366.3      8.44    -28.62    20.364      21300    0    0    0    0    0
2012  4 24  2 57  0    0     6.07    -1.10   -12.26    -366.3      8.52    -28.51    19.978      21016    0    0    0    0    0
2012  4 24  2 58  0    0     5.89    -0.97   -12.32    -366.0      8.42    -27.69    19.051      20609    0    0    0    0    0
2012  4 24  2 59  0    0     5.75    -0.87   -12.38    -365.8      8.45    -26.65    18.077      19434    0    0    0    0    0
2012  4 24  3  0  0    0     5.79    -0.82   -12.37    -365.4      8.40    -26.35    17.521      18632    0    0    0    0    0
2012  4 24  3  1  0    0     6.08    -0.98   -12.26    -365.4      8.27    -26.89    17.143      17279    0    0    0    0    0
2012  4 24  3  2  0    0     6.46    -1.21   -12.21    -365.6      9.22    -27.10    16.506      15333    0    0    0    0    0
2012  4 24  3  3  0    0     6.66    -1.38   -12.14    -366.2     10.72    -26.78    15.061      14587    0    0    0    0    0
2012  4 24  3  4  0    0     6.73    -1.27   -12.06    -366.5     11.59    -26.62    14.410      14658    0    0    0    0    0
2012  4 24  3  5  0    0     6.64    -1.17   -11.83    -366.4     10.70    -28.35    14.383      14776    0    0    0    0    0
2012  4 24  3  6  0    0     6.39    -1.34   -11.55    -366.1      9.83    -29.91    14.257      14601    0    0    0    0    0
2012  4 24  3  7  0    0     6.28    -1.47   -11.49    -365.8      9.64    -28.26    14.007      14044    0    0    0    0    0
2012  4 24  3  8  0    0     6.24    -1.45   -11.51    -365.5      8.01    -23.78    13.615      13373    0    0    0    0    0
2012  4 24  3  9  0    0     6.20    -1.44   -11.53    -365.6      4.02    -19.92    12.973      12822    0    0    0    0    0
2012  4 24  3 10  0    0     6.20    -1.50   -11.51    -365.1      3.04    -20.19    12.666      12825    0    0    0    0    0
2012  4 24  3 11  0    0     6.31    -1.56   -11.46    -365.1      6.32    -21.20    12.920      13159    0    0    0    0    0
2012  4 24  3 12  0    0     6.41    -1.56   -11.44    -364.1      7.54    -25.64    13.132      14759    0    0    0    0    0
2012  4 24  3 13  0    0     6.54    -1.56   -11.55    -365.3      8.10    -30.15    12.069      14883    0    0    0    0    0
2012  4 24  3 14  0    0     6.87    -1.60   -11.77    -366.4      8.70    -27.42    11.170      14688    0    0    0    0    0
2012  4 24  3 15  0    0     7.26    -2.02   -12.05    -367.8     10.82    -25.06    11.200      14337    0    0    0    0    0
2012  4 24  3 16  0    0     7.26    -2.55   -12.00    -368.9     12.92    -25.82    11.697      15198    0    0    0    0    0
2012  4 24  3 17  0    0     6.93    -3.88   -11.64    -370.4     15.29    -25.87    12.247      17480    0    0    0    0    0
2012  4 24  3 18  0    0     6.51    -5.07   -11.01    -372.6     14.08    -26.76    12.966      21691    0    0    0    0    0
2012  4 24  3 19  0    0     6.17    -5.86   -10.38    -370.9     14.01    -30.76    13.835      23617    0    0    0    0    0
2012  4 24  3 20  0    0     5.92    -6.36    -9.87    -367.9     14.21    -34.57    14.492      23617    0    0    0    0    0
2012  4 24  3 21  0    0     5.68    -6.81    -9.38    -364.8     14.43    -38.17    15.115      23613    0    0    0    0    0
2012  4 24  3 22  0    0     5.45    -7.07    -8.94    -361.8     14.69    -41.09    15.628      23593    0    0    0    0    0
2012  4 24  3 23  0    0     5.24    -7.31    -8.59    -359.9     16.70    -43.02    16.014      23316    0    0    0    0    0
2012  4 24  3 24  0    0     5.12    -7.45    -8.44    -359.9     20.56    -42.18    16.096      22586    0    0    0    0    0
2012  4 24  3 25  0    0     5.08    -7.36    -8.35    -359.6     21.65    -40.70    16.096      22046    0    0    0    0    0
2012  4 24  3 26  0    0     4.97    -7.05    -8.40    -361.1     21.43    -40.61    16.006      21729    0    0    0    0    0
2012  4 24  3 27  0    0     4.71    -8.10    -8.37    -363.6     20.12    -38.60    15.273      21598    0    0    0    0    0
2012  4 24  3 28  0    0     4.46    -9.03    -8.00    -364.8     18.22    -36.28    13.617      23772    0    1    1    2    2
2012  4 24  3 29  0    0     4.41    -9.24    -8.01    -365.5     15.20    -36.55    10.704      26729    0    1    1    2    2
2012  4 24  3 30  0    0     4.73    -8.20    -8.63    -363.7     14.05    -34.64     8.799      28217    0    1    1    2    2
2012  4 24  3 31  0    0     4.63    -7.35    -8.89    -362.7     11.38    -30.60     7.524      28316    0    1    1    1    1
2012  4 24  3 32  0    0     4.60    -7.12    -8.62    -362.0      7.95    -29.28     7.211      26019    0    0    0    0    0
2012  4 24  3 33  0    0     4.88    -5.95    -8.32    -362.6      2.21    -29.66     7.532      24008    0    0    0    0    0
2012  4 24  3 34  0    0     5.40    -4.34    -8.10    -364.8     -4.91    -31.50     8.162      23742    0    0    0    0    0
2012  4 24  3 35  0    0     5.81    -4.43    -8.42    -366.1     -4.33    -36.42     8.359      24196    0    0    0    0    0
2012  4 24  3 36  0    0     6.09    -4.41    -8.88    -367.1     -1.44    -34.90     8.319      24707    0    0    0    0    0
2012  4 24  3 37  0    0     7.14    -2.42   -10.80    -370.2      3.81    -32.45     8.153      23268    0    0    0    0    0
2012  4 24  3 38  0    0     7.85     0.07   -11.56    -374.1      4.96    -27.36     8.137      23287    0    0    0    0    0
2012  4 24  3 39  0    0     8.00     1.48   -11.61    -374.5      4.41    -28.09     8.109      23434    0    0    0    0    0
2012  4 24  3 40  0    0     8.01     1.77   -11.67    -375.6      3.19    -29.05     8.074      22915    0    0    0    0    0
2012  4 24  3 41  0    0     7.99     1.93   -11.70    -376.6      1.59    -28.00     8.069      22713    0    0    0    0    0
2012  4 24  3 42  0    0     7.98     2.16   -11.64    -377.7      0.72    -28.33     8.195      24126    0    0    0    0    0
2012  4 24  3 43  0    0     7.88     2.21   -11.57    -377.3      3.76    -28.44     8.864      26139    0    0    0    0    0
2012  4 24  3 44  0    0     7.80     2.09   -11.46    -376.2      5.09    -30.74     9.137      27306    0    0    0    0    0
2012  4 24  3 45  0    0     7.89     2.00   -11.33    -375.5      2.65    -31.99     9.029      34138    0    0    0    0    0
2012  4 24  3 46  0    0     7.96     2.32   -11.17    -374.7     -2.46    -32.79     8.861      46728    0    0    0    0    0
2012  4 24  3 47  0    0     8.07     2.90   -11.00    -375.3     -7.74    -34.20     8.888      53543    0    0    0    0    0
2012  4 24  3 48  0    0     8.41     2.64   -10.77    -376.2     -8.67    -36.65     9.465      51398    0    0    0    0    0
2012  4 24  3 49  0    0     8.71     2.43   -10.44    -375.2     -8.61    -38.58    10.116      46249    0    0    0    0    0
2012  4 24  3 50  0    0     8.87     2.83   -10.24    -374.4     -9.94    -39.46    10.768      53487    0    0    0    0    0
2012  4 24  3 51  0    0     8.70     3.43   -10.28    -373.6    -12.59    -39.44    11.129      69260    0    0    0    0    0
2012  4 24  3 52  0    0     8.33     3.77   -10.47    -372.5    -14.94    -37.30    10.146      85032    0    0    0    0    0
2012  4 24  3 53  0    0     7.95     3.88   -10.77    -371.9    -15.85    -31.14     6.718     100804    0    0    0    0    0
2012  4 24  3 54  0    0     7.45     3.83   -11.05    -371.9    -16.82    -28.64     4.683     116576    0    0    0    0    0
2012  4 24  3 55  0    0     7.19     3.92   -10.85    -374.3    -18.11    -26.56     4.231     132349    0    0    0    0    0
2012  4 24  3 56  0    0     6.38     1.90    -9.80    -398.1    -47.98     -2.25     4.697     148121    0    0    0    0    0
2012  4 24  3 57  0    0     5.90     1.16    -9.25    -400.7    -61.17      2.12     4.861     135060    0    0    0    0    0
2012  4 24  3 58  0    0     6.02     1.50    -8.71    -402.5    -62.40      8.01     5.153     136537    0    1    1    0    0
2012  4 24  3 59  0    0     6.12     1.93    -8.49    -408.6    -59.93     15.66     5.665     146813    0    1    1    0    0
2012  4 24  4  0  0    0     6.47     0.15    -8.95    -411.4    -62.29     13.79     5.762     144698    0    0    0    0    0
2012  4 24  4  1  0    0     6.41    -0.29    -9.21    -410.7    -65.26     13.91     5.771     141819    0    0    0    0    0
2012  4 24  4  2  0    0     5.61    -1.04    -8.84    -416.9    -64.51     44.58     5.572     140925    0    0    0    0    0
2012  4 24  4  3  0    0     5.00    -2.73    -8.43    -419.5    -53.74     45.94     5.393     137904    0    0    0    0    0
2012  4 24  4  4  0    0     5.09    -2.24    -8.53    -419.4    -45.21     45.62     5.339     136337    0    0    0    0    0
2012  4 24  4  5  0    0     5.18    -1.75    -8.62    -419.4    -46.25     44.67     5.302     136383    0    0    0    0    0
2012  4 24  4  6  0    0     5.03    -2.01    -8.50    -419.9    -51.84     43.51     5.066     136455    0    0    0    0    0
2012  4 24  4  7  0    0     4.55    -2.81    -8.23    -420.9    -56.07     44.24     4.660     135306    0    0    0    0    0
2012  4 24  4  8  0    0     4.49    -3.15    -8.17    -420.9    -56.20     45.33     4.562     133786    0    0    0    0    0
2012  4 24  4  9  0    0     4.56    -3.29    -8.14    -420.7    -55.83     45.48     4.568     132881    0    0    0    0    0
2012  4 24  4 10  0    0     4.53    -3.39    -8.15    -422.7    -52.73     46.18     4.569     132530    0    0    0    0    0
2012  4 24  4 11  0    0     4.48    -3.57    -8.01    -423.9    -49.47     49.40     4.792     139801    0    0    0    0    0
2012  4 24  4 12  0    0     4.36    -3.42    -7.78    -424.9    -46.66     51.88     5.167     154671    0    0    0    0    0
2012  4 24  4 13  0    0     4.32    -3.50    -7.69    -424.7    -45.25     53.82     5.481     164915    0    0    0    0    0
2012  4 24  4 14  0    0     4.02    -4.50    -7.41    -423.9    -45.34     54.58     5.565     164915    0    0    0    0    0
2012  4 24  4 15  0    0     3.60    -5.19    -7.29    -423.3    -46.94     54.54     5.562     157292    0    0    0    0    0
2012  4 24  4 16  0    0     3.28    -5.74    -6.92    -423.7    -48.34     54.46     5.554     155880    0    0    0    0    0
2012  4 24  4 17  0    0     3.19    -6.28    -6.67    -423.9    -50.86     57.23     5.558     156406    0    0    0    0    1
2012  4 24  4 18  0    0     3.21    -6.40    -6.53    -423.8    -52.05     57.85     5.564     158233    0    0    0    0    2
2012  4 24  4 19  0    0     3.12    -6.60    -6.29    -422.7    -52.70     58.06     5.677     159901    0    0    0    0    2
2012  4 24  4 20  0    0     3.01    -6.68    -6.15    -421.8    -53.96     58.31     5.763     161632    0    0    0    0    2
2012  4 24  4 21  0    0     2.70    -6.71    -6.03    -420.6    -56.74     58.59     5.791     163370    0    0    0    0    2
2012  4 24  4 22  0    0     2.53    -6.76    -5.82    -419.7    -59.86     59.48     5.852     169588    0    0    0    0    1
2012  4 24  4 23  0    0     2.75    -6.90    -5.50    -420.2    -61.51     61.31     6.094     185706    0    0    0    0    0
2012  4 24  4 24  0    0     2.73    -7.10    -5.14    -421.3    -62.41     64.30     6.331     202984    0    0    0    0    0
2012  4 24  4 25  0    0     2.37    -7.37    -4.80    -421.6    -61.92     64.35     6.297     214318    0    0    0    0    1
2012  4 24  4 26  0    0     1.81    -7.59    -4.80    -421.6    -61.56     65.13     6.073     224833    0    0    0    0    2
2012  4 24  4 27  0    0     1.30    -7.89    -4.87    -422.3    -61.58     66.83     5.706     236149    0    0    0    0    2
2012  4 24  4 28  0    0     0.59    -8.46    -4.40    -424.7    -61.99     68.32     5.560     249482    0    0    0    0    2
2012  4 24  4 29  0    0     0.50    -8.59    -4.13    -424.8    -65.87     67.70     6.456     249407    0    0    0    0    1
2012  4 24  4 30  0    0     0.40    -8.29    -3.64    -424.6    -66.28     56.30     6.535     244925    0    0    0    0    1
2012  4 24  4 31  0    0     0.21    -8.04    -3.35    -421.9    -67.65     51.09     6.047     234608    0    0    0    0    0
2012  4 24  4 32  0    0     0.45    -6.39    -3.98    -419.6    -68.28     45.69     5.617     222243    0    0    0    0    0
2012  4 24  4 33  0    0     0.99    -3.83    -5.32    -417.9    -67.07     39.86     5.246     207553    0    0    0    0    0
2012  4 24  4 34  0    0     1.29    -2.57    -6.27    -417.0    -61.43     33.53     4.896     191105    0    0    0    0    0
2012  4 24  4 35  0    0     1.25    -2.57    -6.45    -415.4    -52.54     27.79     4.713     176447    0    0    0    0    0
2012  4 24  4 36  0    0     1.31    -2.62    -6.13    -413.8    -48.80     21.99     4.663     174981    0    0    0    0    0
2012  4 24  4 37  0    0     1.77    -2.65    -5.82    -412.5    -47.17     16.11     4.652     181013    0    0    0    0    0
2012  4 24  4 38  0    0     2.38    -2.46    -5.61    -411.4    -46.32     10.52     4.652     185427    0    0    0    0    0
2012  4 24  4 39  0    0     3.05    -1.65    -6.09    -411.2    -45.69      5.21     4.649     187970    0    0    0    0    0
2012  4 24  4 40  0    0     3.44    -0.93    -6.91    -412.4    -46.06      2.62     4.683     191739    0    0    0    0    0
2012  4 24  4 41  0    0     2.84    -1.18    -7.35    -413.3    -47.60      2.58     4.831     198328    0    0    0    0    0
2012  4 24  4 42  0    0     2.54    -1.25    -7.80    -413.5    -47.99      5.62     4.955     208226    0    0    0    0    0
2012  4 24  4 43  0    0     2.62     2.25    -8.14    -419.1    -42.37     13.28     4.922     218333    0    0    0    0    0
2012  4 24  4 44  0    0     2.84     3.66    -8.31    -418.8    -39.41     17.70     4.894     247405    0    0    0    0    0
2012  4 24  4 45  0    0     2.95     4.21    -8.42    -419.3    -38.95     22.15     4.922     286877    0    0    0    0    0
2012  4 24  4 46  0    0     2.81     5.11    -7.91    -424.4    -34.89     28.50     4.902     273557    0    0    0    0    0
2012  4 24  4 47  0    0     2.74     5.86    -7.56    -424.8    -34.62     29.34     4.749     215566    0    0    0    0    0
2012  4 24  4 48  0    0     2.69     5.91    -7.73    -423.6    -35.57     30.75     4.641     215566    0    0    0    0    0
2012  4 24  4 49  0    0     2.60     5.95    -7.87    -421.2    -39.14     30.00     4.562     220136    0    0    0    0    0
2012  4 24  4 50  0    0     2.49     6.08    -8.18    -419.3    -41.82     20.45     4.468     223212    0    0    0    0    0
2012  4 24  4 51  0    0     2.39     6.34    -8.54    -418.4    -42.14      5.74     4.368     221639    0    0    0    0    0
2012  4 24  4 52  0    0     2.30     6.56    -8.45    -417.6    -41.16      6.13     4.327     217582    0    0    0    0    0
2012  4 24  4 53  0    0     2.05     6.70    -8.40    -417.1    -39.85      8.89     4.341     219545    0    0    0    0    0
2012  4 24  4 54  0    0     1.70     6.82    -8.47    -415.0    -38.86      8.94     4.348     232626    0    0    0    0    0
2012  4 24  4 55  0    0     1.60     6.82    -8.58    -412.8    -39.44      8.25     4.350     238210    0    0    0    0    0
2012  4 24  4 56  0    0     1.61     6.63    -8.79    -410.9    -39.63      7.57     4.352     241963    0    0    0    0    0
2012  4 24  4 57  0    0     1.69     6.30    -9.07    -409.2    -38.73      7.15     4.362     244872    0    0    0    0    0
2012  4 24  4 58  0    0     1.69     6.15    -9.15    -407.5    -36.84      7.00     4.392     246250    0    0    0    0    0
2012  4 24  4 59  0    0     1.68     6.16    -9.18    -406.4    -34.53      8.24     4.506     259331    0    0    0    0    0
2012  4 24  5  0  0    0     1.20     6.43    -9.14    -406.0    -35.73     10.72     4.631     269879    0    0    0    0    0
2012  4 24  5  1  0    0     0.46     7.04    -8.62    -408.9    -35.69     15.18     4.714     272005    0    0    0    0    0
2012  4 24  5  2  0    0    -0.77     7.34    -8.33    -408.9    -35.31     16.46     4.638     272748    0    0    0    0    1
2012  4 24  5  3  0    0    -1.12     8.04    -7.72    -408.4    -34.11     16.18     4.255     278013    0    0    0    0    2
2012  4 24  5  4  0    0    -0.74     8.35    -7.49    -407.4    -34.11     15.82     4.162     286078    0    0    0    0    2
2012  4 24  5  5  0    0    -0.45     8.61    -7.03    -407.2    -37.14     13.31     4.186     295018    0    0    0    0    2
2012  4 24  5  6  0    0    -0.23     8.70    -6.67    -406.9    -40.64     13.89     4.545     303806    0    0    0    0    2
2012  4 24  5  7  0    0     0.08     7.67    -6.30    -405.2    -46.07     19.62     5.382     310447    0    0    0    0    2
2012  4 24  5  8  0    0     0.43     4.56    -4.16    -403.6    -50.80     25.57     6.151     317215    0    0    0    0    2
2012  4 24  5  9  0    0     0.78     1.67    -1.86    -402.1    -56.45     31.82     6.601     324182    0    0    0    0    2
2012  4 24  5 10  0    0     1.03     1.42    -1.37    -400.5    -64.08     38.38     6.673     331231    0    0    0    0    2
2012  4 24  5 11  0    0     0.73     1.50    -1.13    -400.4    -66.67     40.25     6.754     339979    0    0    0    0    2
2012  4 24  5 12  0    0     0.85     1.90    -0.93    -401.3    -68.14     41.84     6.987     350183    0    0    0    0    2
2012  4 24  5 13  0    0     0.59     2.18    -0.58    -404.5    -76.19     42.61     7.397     358147    0    0    0    0    1
2012  4 24  5 14  0    0    -0.04     2.20    -0.45    -409.2    -77.41     45.62     6.999     329668    0    0    0    0    0
2012  4 24  5 15  0    0    -0.20     2.40    -0.38    -410.7    -76.01     48.13     6.415     303040    0    0    0    0    0
2012  4 24  5 16  0    0     0.18     2.50    -0.23    -408.8    -73.67     43.71     6.230     299221    0    0    0    0    0
2012  4 24  5 17  0    0     0.65     2.56    -0.15    -403.9    -71.14     42.11     6.080     291477    0    0    0    0    0
2012  4 24  5 18  0    0     1.03     2.70    -0.19    -399.8    -68.11     40.36     5.934     281954    0    0    0    0    0
2012  4 24  5 19  0    0     1.40     2.85    -0.22    -395.8    -65.08     38.61     5.789     272430    0    0    0    0    0
2012  4 24  5 20  0    0     1.46     3.07    -0.43    -392.9    -61.85     36.73     5.670     261214    0    0    0    0    0
2012  4 24  5 21  0    0     0.94     3.06    -0.47    -389.7    -61.20     35.29     5.624     255090    0    0    0    0    0
2012  4 24  5 22  0    0     0.65     2.97    -0.57    -387.0    -60.74     33.69     5.633     251621    0    0    0    0    0
2012  4 24  5 23  0    0     0.68     2.77    -0.76    -385.1    -60.54     31.98     5.732     254566    0    0    0    0    0
2012  4 24  5 24  0    0     0.46     2.52    -0.93    -386.8    -65.80     34.79     6.198     309543    0    0    0    0    0
2012  4 24  5 25  0    0     0.04     2.07    -1.11    -392.9    -84.19     43.99     5.619     248350    0    0    0    0    0
2012  4 24  5 26  0    0    -0.04     1.75    -1.09    -392.7    -88.89     44.45     5.111     214960    0    0    0    0    0
2012  4 24  5 27  0    0    -0.27     1.55    -1.05    -391.9    -92.80     44.68     5.111     214429    0    0    0    0    0
2012  4 24  5 28  0    0    -0.37     1.44    -1.00    -390.0    -95.36     43.44     5.177     210941    0    0    0    0    0
2012  4 24  5 29  0    0    -0.70     1.47    -0.87    -389.6    -96.59     44.31     5.223     209703    0    0    0    0    0
2012  4 24  5 30  0    0    -1.43     1.55    -0.81    -389.5    -97.32     40.77     5.610     245504    0    0    0    0    0
2012  4 24  5 31  0    0    -1.81     1.71    -0.75    -389.0    -95.98     35.86     5.997     270081    0    0    0    0    0
2012  4 24  5 32  0    0    -1.90     1.94    -0.65    -389.2    -86.31     29.06     6.148     273754    0    0    0    0    0
2012  4 24  5 33  0    0    -1.86     1.78    -0.46    -393.6    -79.48     19.43     5.323     248404    0    0    0    0    0
2012  4 24  5 34  0    0    -1.99     1.80    -0.09    -395.0    -80.56     20.74     5.157     246042    0    0    0    0    0
2012  4 24  5 35  0    0    -2.10     1.96     0.15    -395.7    -83.95     19.00     5.124     246042    0    0    0    0    0
2012  4 24  5 36  0    0    -1.95     2.02     0.37    -396.6    -82.24     24.42     5.084     246074    0    0    0    0    0
2012  4 24  5 37  0    0    -1.81     1.97     0.33    -399.2    -77.27     33.85     5.205     249334    0    0    0    0    0
2012  4 24  5 38  0    0    -1.54     2.02     0.35    -399.4    -75.49     37.72     5.636     254486    0    0    0    0    0
2012  4 24  5 39  0    0    -1.43     1.99     0.44    -401.2    -70.14     37.60     5.657     255221    0    0    0    0    0
2012  4 24  5 40  0    0    -1.14     1.66    -0.12    -402.0    -69.87     33.82     5.622     257344    0    0    0    0    0
2012  4 24  5 41  0    0    -0.49     1.65    -0.28    -401.1    -72.07     28.40     5.783     260173    0    0    0    0    0
2012  4 24  5 42  0    0     0.87     1.58    -0.20    -401.8    -75.89     20.75     6.109     273473    0    0    0    0    1
2012  4 24  5 43  0    0     1.55     1.40     0.00    -403.3    -72.04     14.56     6.152     270126    0    0    0    0    2
2012  4 24  5 44  0    0     1.39     0.91     0.67    -404.4    -62.88      9.02     6.262     262061    0    0    0    0    2
2012  4 24  5 45  0    0     0.79     0.71     1.49    -404.6    -62.96      8.96     6.159     255167    0    0    0    0    2
2012  4 24  5 46  0    0     0.15     0.05     2.30    -403.9    -64.33     12.27     5.876     249030    0    0    0    0    2
2012  4 24  5 47  0    0    -0.25    -1.19     3.31    -403.0    -67.36     18.58     5.706     245897    0    0    0    0    1
2012  4 24  5 48  0    0    -0.37    -2.72     4.21    -402.7    -70.47     24.77     5.705     248922    0    0    0    0    1
2012  4 24  5 49  0    0     0.01    -3.46     4.65    -405.4    -73.54     28.44     5.927     261595    0    0    0    0    2
2012  4 24  5 50  0    0     0.33    -3.01     1.08    -407.2    -79.64     28.77     6.688     274344    0    0    0    0    2
2012  4 24  5 51  0    0     0.48    -2.55    -1.19    -404.6    -81.35     27.37     6.976     280995    0    0    0    0    2
2012  4 24  5 52  0    0     0.66    -1.07    -3.14    -401.9    -81.79     25.86     7.047     287241    0    0    0    0    2
2012  4 24  5 53  0    0     0.90     1.93    -4.83    -399.4    -80.80     24.32     6.851     293406    0    0    0    0    2
2012  4 24  5 54  0    0     0.92     3.60    -5.38    -397.6    -82.93     22.69     6.315     300193    0    0    0    0    2
2012  4 24  5 55  0    0     0.77     6.09    -5.80    -397.6    -85.07     20.37     5.788     309721    0    0    0    0    2
2012  4 24  5 56  0    0     1.04     6.84    -5.83    -398.4    -84.99     14.17     5.841     320709    0    0    0    0    2
2012  4 24  5 57  0    0     1.24     7.23    -5.39    -401.3    -81.08     10.47     6.735     335624    0    0    0    0    1
2012  4 24  5 58  0    0     1.11     7.34    -4.20    -402.6    -72.91     12.95     6.400     347637    0    0    0    0    2
2012  4 24  5 59  0    0     0.88     7.24    -2.97    -404.4    -76.02     24.89     6.510     360654    0    0    0    0    2
2012  4 24  6  0  0    0     0.56     6.16    -3.41    -407.6    -80.90     31.52     7.481     376003    0    0    0    0    2
2012  4 24  6  1  0    0     0.35     5.32    -3.05    -408.4    -85.95     21.50     7.689     386093    0    0    0    0    1
2012  4 24  6  2  0    0     0.20     4.92    -2.71    -407.7    -86.19     20.82     7.839     386596    0    0    0    0    1
2012  4 24  6  3  0    0     0.31     4.93    -2.52    -407.4    -85.70     20.07     7.913     386604    0    0    0    0    0
2012  4 24  6  4  0    0     0.19     5.41    -2.50    -407.6    -80.88     13.53     7.934     384360    0    0    0    0    0
2012  4 24  6  5  0    0     0.52     5.93    -2.32    -406.5    -78.41     14.18     7.954     382429    0    0    0    0    0
2012  4 24  6  6  0    0     0.59     5.80    -1.63    -406.4    -81.04     27.61     7.958     380193    0    0    0    0    1
2012  4 24  6  7  0    0    -0.05     4.19     0.40    -411.9    -81.91     30.14     7.122     377321    0    0    0    0    2
2012  4 24  6  8  0    0    -0.73     2.28     2.12    -416.2    -81.75     28.83     6.250     381888    0    0    0    0    0
2012  4 24  6  9  0    0    -0.89     0.88     3.26    -415.4    -78.17     27.95     6.618     393833    0    0    0    0    0
2012  4 24  6 10  0    0    -1.01     0.73     3.24    -412.6    -76.86     27.72     6.907     399621    0    0    0    0    0
2012  4 24  6 11  0    0    -0.98     0.89     2.99    -410.4    -75.21     26.35     7.124     402933    0    0    0    0    0
2012  4 24  6 12  0    0    -0.72     1.57     2.42    -409.8    -72.40     24.07     7.203     397541    0    0    0    0    1
2012  4 24  6 13  0    0    -0.56     2.73     1.66    -410.0    -68.58     25.63     7.131     376211    0    0    0    0    2
2012  4 24  6 14  0    0    -0.57     2.99     1.47    -410.0    -64.78     29.19     6.876     356524    0    0    0    0    2
2012  4 24  6 15  0    0    -0.51     1.97     1.80    -409.2    -63.46     35.41     6.571     338769    0    0    0    0    2
2012  4 24  6 16  0    0    -0.34     0.64     3.56    -409.3    -66.44     40.71     5.838     318682    0    0    0    0    2
2012  4 24  6 17  0    0    -0.13     0.58     5.76    -409.5    -71.66     44.92     5.339     297863    0    0    0    0    2
2012  4 24  6 18  0    0     0.12     0.41     6.32    -408.3    -72.64     47.04     5.332     281543    0    0    0    0    2
2012  4 24  6 19  0    0     0.31     0.26     6.21    -408.1    -76.14     44.18     5.379     274887    0    0    0    0    1
2012  4 24  6 20  0    0     0.56     0.40     6.18    -406.4    -82.49     41.95     5.595     274887    0    0    0    0    1
2012  4 24  6 21  0    0     0.11     0.93     6.12    -408.0    -85.85     37.07     5.853     312348    0    0    0    0    0
2012  4 24  6 22  0    0    -0.16     1.41     6.64    -406.5    -85.92     14.02     5.792     316322    0    0    0    0    0
2012  4 24  6 23  0    0    -0.22     2.20     6.66    -405.9    -84.62     12.23     5.713     317050    0    0    0    0    1
2012  4 24  6 24  0    0     0.08     2.54     6.54    -405.4    -82.72     11.63     5.697     309425    0    0    0    0    2
2012  4 24  6 25  0    0     0.10     2.89     6.48    -405.2    -78.88     12.45     5.804     299208    0    0    0    0    2
2012  4 24  6 26  0    0    -0.13     3.40     6.23    -405.0    -80.62     17.38     6.006     288648    0    0    0    0    2
2012  4 24  6 27  0    0    -0.38     3.77     5.94    -405.8    -85.67     27.12     6.055     259921    0    0    0    0    1
2012  4 24  6 28  0    0    -1.21     3.24     6.16    -406.8    -90.44     21.88     5.989     236790    0    0    0    0    0
2012  4 24  6 29  0    0    -2.09     2.65     6.41    -407.0    -91.87     20.19     5.962     230303    0    0    0    0    0
2012  4 24  6 30  0    0    -2.36     2.52     6.17    -407.0    -90.71     19.38     5.926     229878    0    0    0    0    0
2012  4 24  6 31  0    0    -2.56     3.77     5.34    -406.1    -89.20     23.45     5.885     218490    0    0    0    0    0
2012  4 24  6 32  0    0    -2.73     4.38     5.13    -406.2    -85.40     33.88     5.862     194371    0    0    0    0    0
2012  4 24  6 33  0    0    -2.67     4.60     5.12    -406.1    -82.52     38.92     5.984     189309    0    0    0    0    0
2012  4 24  6 34  0    0    -2.62     4.50     5.06    -406.5    -76.92     38.50     6.241     191898    0    0    0    0    0
2012  4 24  6 35  0    0    -2.76     4.51     4.94    -409.1    -75.11     43.93     6.353     201470    0    0    0    0    0
2012  4 24  6 36  0    0    -3.07     4.50     4.86    -408.6    -73.72     40.56     6.099     203920    0    0    0    0    0
2012  4 24  6 37  0    0    -3.26     4.43     4.78    -406.1    -67.64     39.36     5.727     203920    0    0    0    0    0
2012  4 24  6 38  0    0    -3.29     4.58     4.34    -404.7    -64.96     38.61     5.426     201630    0    0    0    0    0
2012  4 24  6 39  0    0    -3.26     4.83     3.93    -404.0    -63.98     38.37     5.285     200246    0    0    0    0    0
2012  4 24  6 40  0    0    -3.13     5.09     3.95    -403.8    -64.89     37.89     5.424     216982    0    0    0    0    0
2012  4 24  6 41  0    0    -2.89     5.32     4.14    -405.4    -79.97     42.60     5.764     232603    0    0    0    0    0
2012  4 24  6 42  0    0    -2.81     5.51     4.33    -405.7    -82.53     49.90     5.720     230082    0    0    0    0    0
2012  4 24  6 43  0    0    -2.76     5.61     4.48    -405.0    -81.27     52.52     5.566     216840    0    0    0    0    0
2012  4 24  6 44  0    0    -2.66     5.59     4.65    -404.7    -79.18     58.36     5.565     203386    0    0    0    0    0
2012  4 24  6 45  0    0    -2.54     5.71     4.75    -405.0    -77.12     58.95     5.660     189678    0    0    0    0    0
2012  4 24  6 46  0    0    -2.33     5.77     4.88    -405.8    -75.33     59.02     5.761     184927    0    0    0    0    0
2012  4 24  6 47  0    0    -2.35     5.90     5.07    -405.8    -75.36     57.56     5.835     195109    0    0    0    0    0
2012  4 24  6 48  0    0    -2.41     5.83     4.89    -405.7    -75.92     55.24     5.637     198359    0    0    0    0    0
2012  4 24  6 49  0    0    -2.63     5.95     4.53    -406.2    -74.80     54.53     5.076     192074    0    0    0    0    0
2012  4 24  6 50  0    0    -2.79     6.14     4.15    -409.8    -66.93     54.20     4.723     146974    0    0    0    0    0
2012  4 24  6 51  0    0    -2.85     6.57     3.90    -410.3    -67.84     47.48     5.204     150953    0    0    0    0    0
2012  4 24  6 52  0    0    -2.73     6.74     3.68    -409.9    -68.96     50.52     5.898     164902    0    0    0    0    0
2012  4 24  6 53  0    0    -2.55     6.80     3.51    -409.2    -69.72     59.20     6.314     181288    0    0    0    0    0
2012  4 24  6 54  0    0    -2.62     6.56     3.78    -408.4    -69.09     59.42     6.846     193449    0    0    0    0    0
2012  4 24  6 55  0    0    -2.69     6.44     3.95    -408.5    -70.98     55.90     7.584     204359    0    0    0    0    0
2012  4 24  6 56  0    0    -2.94     6.63     3.45    -407.5    -71.85     44.26     7.855     204359    0    0    0    0    0
2012  4 24  6 57  0    0    -3.19     6.90     2.96    -407.0    -62.77     39.45     7.758     196851    0    1    1    1    1
2012  4 24  6 58  0    0    -3.07     7.11     2.53    -405.9    -59.15     34.36     7.571     189884    0    1    2    2    2
2012  4 24  6 59  0    0    -2.51     7.33     1.60    -408.1    -54.76     26.74     7.281     179708    0    1    2    2    2
2012  4 24  7  0  0    0    -2.23     7.40     0.93    -407.0    -51.79     21.60     7.085     172840    0    1    2    2    2
2012  4 24  7  1  0    0    -2.18     7.39     0.37    -406.3    -49.93     18.20     6.945     170202    0    1    1    1    1
2012  4 24  7  2  0    0    -2.34     7.29    -0.13    -405.2    -49.42     16.89     6.866     168984    0    0    0    0    0
2012  4 24  7  3  0    0    -2.38     7.13    -0.41    -404.0    -49.00     15.30     6.659     166045    0    0    0    0    0
2012  4 24  7  4  0    0    -2.32     7.05    -0.59    -403.3    -47.78     12.88     6.341     157146    0    0    0    0    0
2012  4 24  7  5  0    0    -2.23     7.18    -0.81    -402.5    -45.96     10.47     6.195     143990    0    0    0    0    0
2012  4 24  7  6  0    0    -2.08     7.42    -1.12    -400.9    -44.81      8.64     6.322     134619    0    0    0    0    0
2012  4 24  7  7  0    0    -1.89     7.60    -1.87    -399.5    -45.56      6.69     6.472     134619    0    0    0    0    0
2012  4 24  7  8  0    0    -1.87     7.56    -2.01    -396.7    -47.24      5.02     6.471     139019    0    0    0    0    0
2012  4 24  7  9  0    0    -1.75     7.51    -2.40    -393.7    -49.40      3.42     6.448     141875    0    0    0    0    0
2012  4 24  7 10  0    0    -1.48     7.47    -3.25    -390.5    -52.24      1.90     6.404     141875    0    0    0    0    0
2012  4 24  7 11  0    0    -0.74     7.49    -4.12    -389.2    -55.17      0.82     6.032     127710    0    0    0    0    0
2012  4 24  7 12  0    0    -0.30     7.01    -4.73    -390.6    -58.70      3.36     5.819     118904    0    0    0    0    0
2012  4 24  7 13  0    0     0.10     6.53    -5.53    -392.7    -60.24      9.49     6.413     134061    0    0    0    0    0
2012  4 24  7 14  0    0     0.37     6.41    -5.79    -393.9    -70.86     15.66     6.585     140676    0    0    0    0    0
2012  4 24  7 15  0    0     0.69     5.86    -6.03    -393.9    -74.13     19.75     6.414     145201    0    0    0    0    0
2012  4 24  7 16  0    0     1.04     4.65    -6.96    -393.9    -80.22     23.84     5.954     146495    0    0    0    0    0
2012  4 24  7 17  0    0     1.43     4.15    -7.84    -393.3    -79.73     25.89     5.844     145979    0    0    0    0    0
2012  4 24  7 18  0    0     1.54     4.13    -8.11    -390.5    -78.53     20.43     5.760     144043    0    0    0    0    0
2012  4 24  7 19  0    0     1.77     4.17    -8.35    -389.7    -74.71     12.54     5.545     140450    0    0    0    0    0
2012  4 24  7 20  0    0     1.77     4.20    -8.55    -389.2    -69.68      6.31     5.464     131980    0    0    0    0    0
2012  4 24  7 21  0    0     1.94     4.45    -8.79    -390.0    -62.61      0.84     5.533     126588    0    0    0    0    0
2012  4 24  7 22  0    0     2.25     4.22    -8.80    -390.2    -59.13      0.07     5.576     126187    0    0    0    0    0
2012  4 24  7 23  0    0     3.16     2.36    -8.79    -389.7    -63.46     -0.35     5.619     131185    0    0    0    0    0
2012  4 24  7 24  0    0     3.82     1.26    -8.85    -390.5    -67.59      0.59     5.651     139503    0    0    0    0    0
2012  4 24  7 25  0    0     3.93     1.11    -8.86    -390.9    -67.79      1.27     5.656     147773    0    1    1    1    1
2012  4 24  7 26  0    0     3.99     1.07    -9.17    -393.1    -61.10      8.25     5.684     159771    0    1    2    2    2
2012  4 24  7 27  0    0     4.12    -0.01    -7.98    -396.4    -52.93     16.77     5.718     173077    1    1    2    2    2
2012  4 24  7 28  0    0     3.41    -2.18    -5.31    -399.7    -48.69     25.24     5.752     186301    1    1    2    2    2
2012  4 24  7 29  0    0     3.23    -2.81    -4.43    -401.8    -50.31     31.95     5.846     196349    0    1    1    1    1
2012  4 24  7 30  0    0     3.06    -2.76    -3.83    -402.1    -52.63     32.19     6.085     202030    0    0    0    0    0
2012  4 24  7 31  0    0     3.05    -2.88    -3.44    -402.3    -54.91     27.45     6.188     211833    0    0    0    0    0
2012  4 24  7 32  0    0     3.08    -3.64    -2.96    -402.8    -57.37     29.99     6.064     215295    0    0    0    0    0
2012  4 24  7 33  0    0     2.81    -3.97    -2.24    -402.3    -58.18     33.58     5.676     205165    0    0    0    0    0
2012  4 24  7 34  0    0     2.49    -3.45    -1.72    -401.8    -56.21     33.17     4.978     177074    0    0    0    0    0
2012  4 24  7 35  0    0     2.07    -2.65    -1.19    -401.1    -55.09     34.36     3.824     154012    0    0    0    0    0
2012  4 24  7 36  0    0     1.48    -1.92    -0.48    -399.4    -59.04     31.63     2.822     140638    0    0    0    0    0
2012  4 24  7 37  0    0    -0.21     0.20     0.62    -401.6    -53.25     32.30     2.528     136670    0    0    0    0    0
2012  4 24  7 38  0    0    -0.52    -2.12     3.74    -410.8    -30.05     38.91     1.950     110546    0    0    0    0    0
2012  4 24  7 39  0    0    -1.18    -1.78     4.22    -412.1    -27.38     36.15     2.089     126483    0    0    0    0    0
2012  4 24  7 40  0    0    -1.42    -1.41     4.12    -414.1    -26.61     35.27     2.455     159980    0    0    0    0    0
2012  4 24  7 41  0    0    -1.41    -1.27     3.89    -416.2    -31.91     43.25     2.856     183798    0    0    0    0    0
2012  4 24  7 42  0    0    -1.44    -1.13     3.91    -415.8    -31.43     44.68     3.046     198201    0    0    0    0    0
2012  4 24  7 43  0    0    -1.52    -1.11     4.02    -414.4    -30.91     44.22     3.090     198681    0    0    0    0    0
2012  4 24  7 44  0    0    -1.98    -1.11     4.26    -412.3    -29.71     39.51     2.990     187715    0    0    0    0    0
2012  4 24  7 45  0    0    -2.58    -1.01     4.88    -409.8    -28.89     33.98     2.861     178655    0    0    0    0    0
2012  4 24  7 46  0    0    -3.24    -0.70     6.09    -407.0    -29.07     29.26     2.755     178655    0    0    0    0    0
2012  4 24  7 47  0    0    -4.12     0.32     6.61    -403.0    -32.82     22.19     2.809     186184    0    0    0    0    0
2012  4 24  7 48  0    0    -5.04     1.44     7.02    -398.7    -37.12     14.75     2.886     194870    0    0    0    0    0
2012  4 24  7 49  0    0    -5.80     1.84     7.43    -397.4    -42.23      9.93     3.034     220821    0    0    0    0    0
2012  4 24  7 50  0    0    -6.28     1.93     7.47    -398.8    -42.12      6.98     3.059     230654    0    0    0    0    0
2012  4 24  7 51  0    0    -6.41     3.39     7.31    -403.9    -33.07      7.20     2.958     204034    0    0    0    0    0
2012  4 24  7 52  0    0    -6.32     3.50     7.30    -404.1    -26.03      5.53     2.815     196856    0    0    0    0    0
2012  4 24  7 53  0    0    -6.20     3.50     7.36    -402.6    -28.21      4.92     2.603     197551    0    0    0    0    0
2012  4 24  7 54  0    0    -6.20     3.55     7.45    -400.5    -30.91      5.93     2.394     200890    0    0    0    0    0
2012  4 24  7 55  0    0    -6.20     3.76     7.38    -401.2    -31.49      9.73     2.466     222352    0    0    0    0    0
2012  4 24  7 56  0    0    -6.20     4.05     7.32    -400.7    -32.78     10.73     2.584     229732    0    0    0    0    0
2012  4 24  7 57  0    0    -6.21     4.17     7.39    -401.8    -28.71      9.99     2.564     227085    0    0    0    0    0
2012  4 24  7 58  0    0    -6.25     4.05     7.43    -400.5    -27.21      7.24     2.538     218871    0    0    0    0    0
2012  4 24  7 59  0    0    -6.26     3.59     7.50    -399.1    -27.68      6.58     2.515     215269    0    0    0    0    0
2012  4 24  8  0  0    0    -6.25     3.44     7.53    -398.3    -29.93      5.34     2.444     209335    0    0    0    0    0
2012  4 24  8  1  0    0    -6.16     3.26     7.62    -399.2    -33.64      4.17     2.266     196330    0    0    0    0    0
2012  4 24  8  2  0    0    -6.24     3.07     7.63    -401.8    -36.36      8.98     1.931     162174    0    0    0    0    0
2012  4 24  8  3  0    0    -6.39     2.95     7.58    -402.0    -36.33      9.22     2.141     170059    0    0    0    0    0
2012  4 24  8  4  0    0    -6.41     2.96     7.51    -400.5    -35.77      6.24     2.407     190335    0    0    0    0    0
2012  4 24  8  5  0    0    -6.39     3.05     7.47    -400.1    -33.32      6.21     2.394     189730    0    0    0    0    0
2012  4 24  8  6  0    0    -6.49     3.08     7.35    -399.6    -33.18      5.74     2.245     177629    0    0    0    0    0
2012  4 24  8  7  0    0    -6.70     3.05     7.25    -400.5    -30.42      4.14     1.884     167130    0    0    0    0    0
2012  4 24  8  8  0    0    -6.92     3.06     7.12    -400.3    -28.10      5.42     1.950     168051    0    0    0    0    0
2012  4 24  8  9  0    0    -6.94     3.05     7.05    -399.8    -25.93     13.41     2.150     181868    0    0    0    0    0
2012  4 24  8 10  0    0    -6.92     2.88     7.35    -398.8    -25.74     20.47     2.153     181868    0    0    0    0    0
2012  4 24  8 11  0    0    -6.90     2.85     7.34    -398.5    -25.45     21.44     2.084     176461    0    0    0    0    0
2012  4 24  8 12  0    0    -6.91     2.90     7.32    -396.7    -23.23     16.22     1.732     140893    0    0    0    0    0
2012  4 24  8 13  0    0    -6.87     2.92     7.34    -395.4    -21.78     12.61     1.501     118104    0    0    0    0    0
2012  4 24  8 14  0    0    -6.80     2.79     7.39    -394.8    -21.80     12.33     1.490     120433    0    0    0    0    0
2012  4 24  8 15  0    0    -6.77     2.57     7.42    -393.9    -23.11     11.93     1.493     127166    0    0    0    0    0
2012  4 24  8 16  0    0    -6.74     2.60     7.51    -393.8    -26.92     10.69     1.512     134957    0    0    0    0    0
2012  4 24  8 17  0    0    -6.61     2.59     7.65    -393.2    -27.05     10.19     1.563     133987    0    0    0    0    0
2012  4 24  8 18  0    0    -6.49     2.54     7.77    -391.8    -27.09     14.37     1.677     129136    0    0    0    0    0
2012  4 24  8 19  0    0    -6.29     2.35     7.95    -391.0    -26.48     13.56     1.727     126855    0    0    0    0    0
2012  4 24  8 20  0    0    -6.03     2.18     8.20    -392.2    -24.40     19.98     1.779     127087    0    0    0    0    0
2012  4 24  8 21  0    0    -5.98     1.99     8.18    -391.0    -32.76     24.37     1.908     160306    0    0    0    0    0
2012  4 24  8 22  0    0    -5.80     1.74     8.23    -391.2    -34.12     25.96     1.930     165843    0    0    0    0    0
2012  4 24  8 23  0    0    -5.78     1.50     8.24    -392.4    -32.47     25.07     1.936     166333    0    0    0    0    0
2012  4 24  8 24  0    0    -5.82     1.44     8.18    -393.0    -15.66     18.00     1.998     181334    0    0    0    0    0
2012  4 24  8 25  0    0    -6.00     1.95     7.69    -393.7     -9.74     11.23     2.073     195954    0    0    0    0    0
2012  4 24  8 26  0    0    -6.37     1.97     7.23    -393.3     -8.72      6.18     2.086     200901    0    0    0    0    0
2012  4 24  8 27  0    0    -6.77     1.98     6.70    -392.5    -10.77      3.92     2.101     201325    0    0    0    0    0
2012  4 24  8 28  0    0    -6.95     1.68     6.69    -392.4    -10.56      3.85     2.104     207504    0    0    0    0    0
2012  4 24  8 29  0    0    -7.05     1.44     6.66    -391.5     -7.57      1.81     2.104     210269    0    0    0    0    0
2012  4 24  8 30  0    0    -7.05     1.41     6.66    -391.8     -4.92     -1.48     2.081     213489    0    0    0    0    0
2012  4 24  8 31  0    0    -7.16     1.36     6.64    -391.6     -4.63     -0.97     2.076     215915    0    0    0    0    0
2012  4 24  8 32  0    0    -7.12     1.38     6.56    -391.4     -5.21      0.88     2.161     228587    0    0    0    0    0
2012  4 24  8 33  0    0    -6.90     1.14     6.72    -390.5     -7.16      1.40     2.269     242558    0    0    0    0    0
2012  4 24  8 34  0    0    -6.68     0.91     6.82    -387.9     -8.72      1.39     2.392     251401    0    0    0    0    0
2012  4 24  8 35  0    0    -6.41     0.64     6.89    -384.9     -9.93      1.36     2.533     259294    0    0    0    0    0
2012  4 24  8 36  0    0    -2.95    -1.98     6.61    -391.4     -1.08      7.59     3.476     313302    0    0    0    0    0
2012  4 24  8 37  0    0    -2.22    -2.16     6.57    -391.0     -2.42      7.21     3.521     344941    0    0    0    0    0
2012  4 24  8 38  0    0    -2.14    -2.29     6.57    -390.4     -4.04      4.12     3.481     375450    0    0    0    0    0
2012  4 24  8 39  0    0    -2.42    -2.30     6.62    -389.2     -4.81      4.40     3.442     391780    0    0    0    0    0
2012  4 24  8 40  0    0    -2.62    -2.20     6.77    -388.4     -4.00      7.18     3.423     399568    0    0    0    0    0
2012  4 24  8 41  0    0    -2.64    -2.10     6.87    -389.5     -2.23     10.53     3.421     401487    0    0    0    0    0
2012  4 24  8 42  0    0    -2.73    -2.17     6.87    -389.0      0.57     11.27     3.326     397405    0    0    0    0    0
2012  4 24  8 43  0    0    -2.88    -2.23     6.85    -388.0      2.77     10.39     3.186     390038    0    0    0    0    0
2012  4 24  8 44  0    0    -3.14    -2.22     6.83    -387.4      3.84      8.32     3.034     381201    0    0    0    0    0
2012  4 24  8 45  0    0    -3.42    -2.25     6.87    -388.8      4.97      6.67     2.922     370606    0    0    0    0    1
2012  4 24  8 46  0    0    -3.32    -2.38     6.89    -390.2      6.13      7.67     2.974     360222    0    0    0    0    2
2012  4 24  8 47  0    0    -3.23    -2.43     6.94    -390.2      6.57     12.94     3.037     351688    0    0    0    0    2
2012  4 24  8 48  0    0    -3.28    -2.39     6.93    -389.4      4.46     15.13     3.056     344182    0    0    0    0    2
2012  4 24  8 49  0    0    -3.35    -2.33     6.99    -388.8      3.19     15.16     2.906     324784    0    0    0    0    1
2012  4 24  8 50  0    0    -3.40    -2.32     7.05    -388.6      3.17     14.57     2.746     307598    0    0    0    0    0
2012  4 24  8 51  0    0    -3.49    -2.37     7.06    -392.1      3.31     11.91     2.816     302514    0    0    0    0    2
2012  4 24  8 52  0    0    -3.63    -2.41     6.98    -394.9      7.81      9.84     2.802     300928    0    0    0    0    2
2012  4 24  8 53  0    0    -3.81    -2.63     6.76    -396.2      8.01      8.93     2.621     299594    0    0    0    0    2
2012  4 24  8 54  0    0    -3.75    -2.26     6.73    -396.0      8.28      4.51     2.468     298522    0    0    0    0    2
2012  4 24  8 55  0    0    -3.56    -1.59     6.84    -396.1      8.29     -0.44     2.460     297456    0    0    0    0    2
2012  4 24  8 56  0    0    -3.30    -1.38     6.92    -394.4      7.65     -1.66     2.516     296652    0    0    0    0    2
2012  4 24  8 57  0    0    -3.01    -1.32     6.93    -391.0      6.70     -3.21     2.588     296059    0    0    0    0    2
2012  4 24  8 58  0    0    -2.68    -1.31     6.64    -388.0      6.05     -3.49     2.672     295424    0    0    0    0    2
2012  4 24  8 59  0    0    -2.39    -1.34     6.29    -385.6      5.22     -3.10     2.780     294706    0    0    0    0    2
2012  4 24  9  0  0    0    -2.50    -1.85     5.98    -388.2      8.64      0.27     3.064     293159    0    0    0    0    2
2012  4 24  9  1  0    0    -2.24    -2.39     5.69    -392.2      7.66      2.10     2.832     291415    0    0    0    0    2
2012  4 24  9  2  0    0    -2.07    -2.39     6.00    -393.8      3.61      1.49     2.643     290147    0    0    0    0    2
2012  4 24  9  3  0    0    -1.61    -2.26     6.27    -395.8      4.57      4.42     2.687     288863    0    0    0    0    2
2012  4 24  9  4  0    0    -1.47    -2.29     6.36    -395.2      7.26      4.37     2.803     287948    0    0    0    0    2
2012  4 24  9  5  0    0    -1.31    -2.21     6.38    -395.6      8.18      1.18     2.939     286866    0    0    0    0    2
2012  4 24  9  6  0    0    -0.87    -2.43     6.17    -398.9     -3.89     -6.55     2.989     285349    0    0    0    0    2
2012  4 24  9  7  0    0    -0.56    -3.06     5.71    -404.8     10.17     -5.38     2.791     283513    0    0    0    0    2
2012  4 24  9  8  0    0    -0.77    -3.32     5.47    -404.6     17.97     -7.22     2.753     282478    0    0    0    0    2
2012  4 24  9  9  0    0    -0.94    -3.11     5.60    -403.9     25.23    -10.58     2.824     281494    0    0    0    0    2
2012  4 24  9 10  0    0    -0.92    -2.59     5.83    -404.4     27.98    -10.76     2.925     280370    0    0    0    0    2
2012  4 24  9 11  0    0    -0.80    -2.45     5.83    -406.4     27.02    -11.37     2.947     279065    0    0    0    0    2
2012  4 24  9 12  0    0    -0.78    -2.41     5.86    -407.6     26.95    -14.76     2.910     277910    0    0    0    0    2
2012  4 24  9 13  0    0    -0.75    -2.90     5.72    -407.9     26.85    -13.04     2.818     276861    0    0    0    0    2
2012  4 24  9 14  0    0    -0.62    -3.37     5.60    -408.6     24.89    -13.46     2.691     275744    0    0    0    0    2
2012  4 24  9 15  0    0    -0.61    -3.72     5.46    -409.4     23.58    -13.18     2.524     274621    0    0    0    0    2
2012  4 24  9 16  0    0    -0.67    -3.47     5.69    -411.1     21.40     -7.55     2.369     271500    0    0    0    0    1
2012  4 24  9 17  0    0    -0.86    -3.21     6.12    -414.7      6.69     -0.11     2.210     259658    0    0    0    0    0
2012  4 24  9 18  0    0    -0.95    -2.36     6.44    -416.7      3.19      5.05     2.058     247070    0    0    0    0    2
2012  4 24  9 19  0    0    -1.21    -1.97     6.61    -417.0      2.95      1.79     2.030     236561    0    0    0    0    2
2012  4 24  9 20  0    0    -1.25    -1.90     6.80    -416.2      5.84      0.37     2.044     227401    0    0    0    0    2
2012  4 24  9 21  0    0    -1.25    -1.85     6.83    -413.5      6.98      0.02     2.047     221769    0    0    0    0    2
2012  4 24  9 22  0    0    -1.25    -1.87     6.83    -411.2      7.67     -0.29     2.045     218994    0    0    0    0    1
2012  4 24  9 23  0    0    -1.29    -1.98     6.83    -409.7      8.06     -0.84     2.039     218660    0    0    0    0    1
2012  4 24  9 24  0    0    -1.48    -2.08     7.05    -410.4      8.70     -2.31     2.033     219484    0    0    0    0    2
2012  4 24  9 25  0    0    -1.65    -2.03     7.47    -411.3      9.47     -3.09     2.042     222236    0    0    0    0    2
2012  4 24  9 26  0    0    -1.72    -2.00     7.34    -411.7     11.02     -2.21     2.114     224848    0    0    0    0    2
2012  4 24  9 27  0    0    -1.68    -2.46     7.18    -413.1     23.40     -9.84     2.277     227889    0    0    0    0    2
2012  4 24  9 28  0    0    -1.70    -2.84     7.35    -413.7     29.55    -13.51     2.355     230527    0    0    0    0    2
2012  4 24  9 29  0    0    -1.94    -2.53     7.52    -411.9     29.09    -13.26     2.271     232345    0    0    0    0    2
2012  4 24  9 30  0    0    -2.30    -2.04     7.68    -409.8     27.37    -11.23     2.152     234035    0    0    0    0    2
2012  4 24  9 31  0    0    -2.71    -1.67     7.85    -408.7     23.19     -5.34     2.084     235998    0    0    0    0    2
2012  4 24  9 32  0    0    -2.80    -1.63     7.92    -408.0     17.28     -6.89     2.092     238096    0    0    0    0    1
2012  4 24  9 33  0    0    -2.86    -1.95     7.81    -407.3     14.43     -6.08     2.205     239707    0    0    0    0    1
2012  4 24  9 34  0    0    -2.91    -2.18     7.69    -405.3     11.36    -12.42     2.353     240776    0    0    0    0    1
2012  4 24  9 35  0    0    -2.86    -2.49     7.62    -403.4     10.12    -14.76     2.460     241824    0    0    0    0    2
2012  4 24  9 36  0    0    -2.70    -2.81     7.58    -401.9     10.71    -13.48     2.489     242908    0    0    0    0    2
2012  4 24  9 37  0    0    -2.50    -3.05     7.57    -400.8     12.56    -11.25     2.404     244078    0    0    0    0    2
2012  4 24  9 38  0    0    -2.32    -3.39     7.48    -402.0     11.24     -7.35     2.277     245709    0    0    0    0    2
2012  4 24  9 39  0    0    -1.82    -3.79     6.85    -406.3      8.97      0.22     2.377     247974    0    0    0    0    2
2012  4 24  9 40  0    0    -1.79    -3.94     6.72    -407.2     14.02      0.25     2.499     249655    0    0    0    0    2
2012  4 24  9 41  0    0    -1.80    -3.98     6.76    -408.1     14.65      2.06     2.382     251334    0    0    0    0    2
2012  4 24  9 42  0    0    -1.86    -4.01     6.91    -405.4     17.98     -8.70     2.292     252298    0    0    0    0    2
2012  4 24  9 43  0    0    -2.02    -3.81     7.11    -407.5     23.71    -16.08     2.491     254341    0    0    0    0    2
2012  4 24  9 44  0    0    -2.26    -3.58     6.66    -411.2     32.22    -20.02     2.629     256582    0    0    0    0    2
2012  4 24  9 45  0    0    -2.34    -3.33     6.37    -410.2     33.39    -21.96     2.531     257841    0    0    0    0    2
2012  4 24  9 46  0    0    -2.38    -3.17     6.16    -408.2     33.73    -21.76     2.357     258914    0    0    0    0    2
2012  4 24  9 47  0    0    -2.43    -2.90     6.06    -408.1     33.92    -16.43     2.281     260355    0    0    0    0    2
2012  4 24  9 48  0    0    -2.46    -2.66     6.10    -407.6     31.69    -12.68     2.599     261681    0    0    0    0    2
2012  4 24  9 49  0    0    -2.17    -2.55     6.19    -407.0     30.72    -12.06     2.751     274933    0    0    0    0    1
2012  4 24  9 50  0    0    -2.17    -2.26     6.27    -405.3     28.87    -11.91     2.766     292069    0    0    0    0    1
2012  4 24  9 51  0    0    -2.18    -1.87     6.30    -405.1     26.88    -11.94     2.940     314580    0    0    0    0    2
2012  4 24  9 52  0    0    -0.28    -2.35     4.96    -425.5     46.37    -17.06     2.853     334492    0    0    0    0    2
2012  4 24  9 53  0    0    -0.03    -2.29     4.68    -425.8     44.42    -13.06     3.125     326055    0    0    0    0    2
2012  4 24  9 54  0    0    -0.28    -2.19     4.79    -425.8     29.49     -8.67     3.609     317954    0    0    0    0    2
2012  4 24  9 55  0    0    -0.17    -2.13     4.89    -426.3     26.00     -6.15     3.884     309387    0    0    0    0    2
2012  4 24  9 56  0    0    -0.51    -1.91     5.56    -427.2     28.50     -6.64     3.770     300096    0    0    0    0    2
2012  4 24  9 57  0    0    -0.76    -1.48     6.33    -427.0     34.84     -2.66     3.431     289548    0    0    0    0    1
2012  4 24  9 58  0    0    -0.68    -1.39     6.76    -426.1     32.46     -1.58     3.074     265804    0    0    0    0    0
2012  4 24  9 59  0    0    -0.53    -1.21     6.79    -422.9     23.65     -1.86     2.698     223012    0    0    0    0    0
2012  4 24 10  0  0    0    -1.67     0.68     6.39    -426.5     24.02     -1.76     2.662     218408    0    0    0    0    0
2012  4 24 10  1  0    0    -2.13     0.94     5.17    -428.4     39.42      2.63     3.128     262495    0    0    0    0    0
2012  4 24 10  2  0    0    -1.85     0.90     4.69    -428.0     39.24      3.89     3.157     262495    0    0    0    0    0
2012  4 24 10  3  0    0    -1.91     1.06     4.23    -426.1     36.81      2.40     3.223     263695    0    0    0    0    0
2012  4 24 10  4  0    0    -2.27     1.43     4.09    -421.0     33.04      1.77     3.388     267123    0    0    0    0    0
2012  4 24 10  5  0    0    -2.26     1.79     3.67    -418.9     31.12      1.39     3.475     268305    0    0    0    0    0
2012  4 24 10  6  0    0    -2.26     2.16     3.24    -416.8     29.21      1.00     3.563     269487    0    0    0    0    0
2012  4 24 10  7  0    0    -1.70     2.45     3.25    -424.7     34.62      5.24     3.308     256640    0    0    0    0    2
2012  4 24 10  8  0    0    -1.63     3.65     1.61    -429.1     34.63     11.32     2.860     253706    0    0    0    0    2
2012  4 24 10  9  0    0     0.61     4.29    -2.90    -443.5     34.27     32.86     2.957     250384    0    0    0    0    0
2012  4 24 10 10  0    0     1.00     3.88    -2.78    -442.0     29.54     32.90     3.039     251233    0    0    0    0    0
2012  4 24 10 11  0    0     1.02     3.79    -2.77    -440.2     28.90     35.83     3.133     257119    0    0    0    0    0
2012  4 24 10 12  0    0     0.90     3.69    -2.97    -438.1     29.59     39.50     3.207     259672    0    0    0    0    0
2012  4 24 10 13  0    0     0.70     3.43    -3.30    -436.6     31.51     42.72     3.241     245866    0    0    0    0    0
2012  4 24 10 14  0    0     0.63     2.85    -3.66    -437.1     35.99     43.09     3.183     204139    0    0    0    0    0
2012  4 24 10 15  0    0     0.83     2.43    -3.95    -437.6     39.81     38.82     3.044     185884    0    0    0    0    0
2012  4 24 10 16  0    0     0.90     2.23    -4.08    -437.2     39.74     32.33     2.848     168971    0    0    0    0    0
2012  4 24 10 17  0    0     0.91     2.08    -4.12    -436.4     37.29     28.04     2.675     144033    0    0    0    0    0
2012  4 24 10 18  0    0     1.04     1.74    -4.38    -436.6     34.52     27.80     2.642     144172    0    0    0    0    0
2012  4 24 10 19  0    0     1.40     1.31    -4.91    -437.5     32.96     29.87     2.655     151602    0    0    0    0    0
2012  4 24 10 20  0    0     1.65     0.82    -5.13    -437.1     32.51     30.04     2.661     162880    0    0    0    0    0
2012  4 24 10 21  0    0     1.66     0.93    -5.03    -435.1     32.02     29.01     2.646     164914    0    0    0    0    0
2012  4 24 10 22  0    0     1.97     1.61    -4.74    -434.5     30.26     28.14     2.624     168610    0    0    0    0    0
2012  4 24 10 23  0    0     2.28     1.86    -4.74    -436.4     30.56     29.65     2.746     191235    0    0    0    0    0
2012  4 24 10 24  0    0     2.42     1.45    -4.57    -445.5     33.83     29.21     2.871     209163    0    0    0    0    0
2012  4 24 10 25  0    0     4.71    -0.29    -4.32    -457.9     42.40     31.14     3.433     243575    0    1    1    2    2
2012  4 24 10 26  0    0     4.89    -0.75    -3.89    -459.3     43.82     30.67     3.885     270289    1    1    1    2    2
2012  4 24 10 27  0    0     4.64    -1.00    -3.39    -460.7     44.99     32.12     4.348     295782    1    1    1    2    2
2012  4 24 10 28  0    0     4.56    -0.53    -3.10    -461.7     45.79     32.31     4.582     301144    1    1    1    1    1
2012  4 24 10 29  0    0     4.35     0.29    -3.09    -461.1     47.12     30.27     4.621     293732    0    0    0    0    0
2012  4 24 10 30  0    0     4.05     1.93    -3.11    -462.1     51.29     29.62     4.611     277511    0    0    0    0    0
2012  4 24 10 31  0    0     3.84     2.26    -3.50    -463.8     51.59     29.30     4.532     259240    0    0    0    0    0
2012  4 24 10 32  0    0     4.03     1.89    -4.22    -464.5     50.81     35.66     4.390     255000    0    0    0    0    0
2012  4 24 10 33  0    0     4.21     0.79    -3.93    -464.6     44.23     37.89     3.794     255000    0    0    0    0    0
2012  4 24 10 34  0    0     4.66    -1.71    -3.35    -466.7     45.07     35.47     3.185     246891    0    0    0    0    0
2012  4 24 10 35  0    0     4.75    -2.08    -2.80    -469.9     50.02     28.04     3.166     229200    0    0    0    0    0
2012  4 24 10 36  0    0     4.58    -4.23    -1.18    -478.5     60.36     23.81     3.336     259617    0    0    0    0    0
2012  4 24 10 37  0    0     4.71    -4.24    -1.28    -478.2     61.73     27.18     3.293     261309    0    0    0    0    0
2012  4 24 10 38  0    0     4.92    -4.29    -1.56    -477.8     62.09     31.56     3.146     254867    0    0    0    0    0
2012  4 24 10 39  0    0     5.00    -4.48    -1.74    -480.1     63.02     33.31     2.785     223667    0    0    0    0    0
2012  4 24 10 40  0    0     5.64    -4.05    -1.94    -488.0     59.77     34.41     2.112     172926    0    0    0    0    0
2012  4 24 10 41  0    0     5.74    -3.83    -2.01    -488.7     59.19     33.02     1.992     156878    0    0    0    0    0
2012  4 24 10 42  0    0     5.68    -3.77    -2.17    -488.7     58.09     32.62     1.875     150433    0    0    0    0    0
2012  4 24 10 43  0    0     5.53    -3.95    -2.13    -489.3     59.86     31.16     1.967     154610    0    0    0    0    0
2012  4 24 10 44  0    0     5.34    -4.20    -2.06    -488.4     61.81     28.32     2.208     167723    0    0    0    0    0
2012  4 24 10 45  0    0     5.09    -4.43    -2.01    -486.8     61.73     28.91     2.517     183557    0    0    0    0    0
2012  4 24 10 46  0    0     4.79    -4.76    -1.72    -483.9     60.26     32.46     2.700     199230    0    0    0    0    0
2012  4 24 10 47  0    0     4.76    -4.50    -1.46    -482.2     59.42     33.28     2.773     210766    0    0    0    0    0
2012  4 24 10 48  0    0     4.58    -4.69    -1.18    -480.9     58.70     32.90     2.818     220662    0    0    0    0    0
2012  4 24 10 49  0    0     4.53    -4.64    -1.12    -479.4     58.00     30.49     2.873     224947    0    0    0    0    0
2012  4 24 10 50  0    0     4.61    -4.32    -1.24    -478.3     57.34     28.04     2.925     224165    0    0    0    0    0
2012  4 24 10 51  0    0     4.61    -4.24    -1.37    -477.7     56.59     28.57     2.960     221379    0    0    0    0    0
2012  4 24 10 52  0    0     4.59    -4.12    -1.48    -476.4     56.06     29.80     2.995     218244    0    0    0    0    0
2012  4 24 10 53  0    0     4.49    -4.12    -1.22    -476.0     57.83     29.87     3.010     218244    0    0    0    0    0
2012  4 24 10 54  0    0     4.00    -4.21    -0.47    -476.7     62.36     29.96     3.024     213302    0    0    0    0    0
2012  4 24 10 55  0    0     3.96    -4.34    -0.87    -482.4     59.73     29.20     3.238     196498    0    0    0    0    0
2012  4 24 10 56  0    0     4.16    -3.24    -0.76    -480.7     56.50     26.19     3.607     201999    0    0    0    0    1
2012  4 24 10 57  0    0     3.82    -1.41    -0.22    -479.4     54.29     23.15     3.853     210363    0    0    0    0    2
2012  4 24 10 58  0    0     3.22    -0.16     0.20    -477.3     52.41     19.70     3.887     218013    0    0    0    0    2
2012  4 24 10 59  0    0     3.08     0.00     0.26    -473.0     49.93     14.88     3.887     223793    0    0    0    0    2
2012  4 24 11  0  0    0     3.03     0.14     0.33    -473.7     52.65     13.95     3.937     234406    0    0    0    0    2
2012  4 24 11  1  0    0     3.17    -0.29     0.31    -479.7     57.17     18.53     3.958     248842    0    0    0    0    2
2012  4 24 11  2  0    0     3.35    -0.66     0.56    -482.0     57.05     19.11     3.892     262302    0    0    0    0    1
2012  4 24 11  3  0    0     3.94    -2.07     0.49    -483.4     53.88     18.92     3.763     276361    0    0    0    0    0
2012  4 24 11  4  0    0     4.73    -4.35     0.51    -491.1     54.04     14.97     2.791     277782    0    0    0    0    2
2012  4 24 11  5  0    0     5.12    -3.73     0.63    -495.9     57.20      9.57     2.986     275441    0    0    0    0    2
2012  4 24 11  6  0    0     4.95    -3.04     0.77    -495.8     55.10     10.98     3.055     273821    0    0    0    0    2
2012  4 24 11  7  0    0     4.79    -2.19     0.90    -497.4     50.60     11.37     3.056     269044    0    0    0    0    0
2012  4 24 11  8  0    0     4.60    -2.19     0.96    -494.3     47.47     12.27     3.007     244987    0    0    0    0    0
2012  4 24 11  9  0    0     4.13    -1.79     2.34    -492.4     45.42      9.53     2.965     236968    0    0    0    0    0
2012  4 24 11 10  0    0     3.77    -1.49     3.29    -490.3     43.57      7.92     2.946     237161    0    0    0    0    1
2012  4 24 11 11  0    0     3.67    -1.43     3.31    -488.2     41.84      8.44     2.985     237538    0    0    0    0    2
2012  4 24 11 12  0    0     3.76    -1.42     3.16    -488.3     41.45      8.35     3.117     238014    0    0    0    0    2
2012  4 24 11 13  0    0     3.98    -1.60     2.61    -489.0     41.40      8.72     3.128     238524    0    1    1    1    2
2012  4 24 11 14  0    0     4.33    -2.24     0.56    -490.2     41.22      6.63     3.128     239056    1    1    1    2    2
2012  4 24 11 15  0    0     4.46    -3.01    -1.47    -490.8     39.96      4.06     3.127     239566    1    1    1    2    2
2012  4 24 11 16  0    0     4.51    -3.66    -2.01    -490.6     38.26      2.98     3.126     240039    1    1    1    1    2
2012  4 24 11 17  0    0     4.55    -3.82    -2.12    -490.1     37.01      3.54     3.121     240489    0    1    1    1    2
2012  4 24 11 18  0    0     4.65    -3.62    -2.06    -490.7     37.42      5.26     3.040     240982    0    1    1    2    2
2012  4 24 11 19  0    0     4.57    -2.87    -1.02    -494.7     39.58     10.03     2.827     241601    0    1    1    2    2
2012  4 24 11 20  0    0     3.95    -2.97    -0.16    -494.3     39.52     10.91     2.671     242052    1    1    1    2    2
2012  4 24 11 21  0    0     3.60    -3.15     0.04    -490.9     38.21      6.87     2.558     242382    1    1    1    2    2
2012  4 24 11 22  0    0     3.43    -3.24     0.08    -487.4     36.63      2.47     2.446     242704    1    1    1    2    2
2012  4 24 11 23  0    0     3.52    -3.26     0.21    -486.7     35.30      2.94     2.297     243086    0    1    1    1    1
2012  4 24 11 24  0    0     3.74    -3.29     0.32    -486.3     34.89      3.13     2.142     240428    0    0    0    0    0
2012  4 24 11 25  0    0     3.86    -3.25     0.46    -485.7     33.83      2.55     1.984     208567    0    0    0    0    0
2012  4 24 11 26  0    0     3.78    -3.23     0.66    -489.7     25.62      5.53     2.211     181887    0    0    0    0    0
2012  4 24 11 27  0    0     3.45    -3.58     0.53    -496.1     12.73      9.89     2.671     186329    0    0    0    0    0
2012  4 24 11 28  0    0     3.21    -3.64     0.09    -496.4     13.15      6.81     2.717     205056    0    0    0    0    0
2012  4 24 11 29  0    0     3.29    -3.54     0.28    -496.5     30.30      0.78     2.667     223162    0    0    0    0    0
2012  4 24 11 30  0    0     3.39    -3.20     0.78    -495.3     30.90     -3.46     2.460     224360    0    0    0    0    0
2012  4 24 11 31  0    0     3.41    -3.03     0.64    -493.8     30.77     -7.09     2.208     209999    0    0    0    0    0
2012  4 24 11 32  0    0     3.43    -3.00     0.44    -492.3     28.25     -6.46     2.009     201108    0    0    0    0    1
2012  4 24 11 33  0    0     3.57    -2.98     0.29    -490.6     26.88     -5.69     1.844     196745    0    0    0    0    2
2012  4 24 11 34  0    0     3.79    -2.84     0.22    -489.0     25.64     -7.07     1.690     192303    0    0    0    0    2
2012  4 24 11 35  0    0     4.05    -2.60     0.27    -489.4     19.62     -8.53     1.569     186630    0    0    0    0    2
2012  4 24 11 36  0    0     4.19    -3.27    -0.05    -496.3      9.83     -3.74     1.554     177926    0    0    0    0    1
2012  4 24 11 37  0    0     4.34    -3.35     0.01    -501.1      3.33      2.38     2.152     177514    0    0    0    0    2
2012  4 24 11 38  0    0     4.32    -3.34     0.11    -502.4     -1.06      6.30     2.423     177657    0    0    0    0    2
2012  4 24 11 39  0    0     4.26    -3.14     0.10    -502.3     -2.87      7.27     2.325     177780    0    0    0    0    2
2012  4 24 11 40  0    0     4.21    -2.75     0.21    -501.7     -2.75      6.38     2.210     177895    0    0    0    0    2
2012  4 24 11 41  0    0     4.36    -2.38     0.34    -500.9     -3.77      8.20     2.232     178007    0    0    0    0    2
2012  4 24 11 42  0    0     4.79    -1.99     0.61    -501.2     -3.12      9.55     2.382     178143    0    0    0    0    2
2012  4 24 11 43  0    0     5.15    -1.56     0.62    -505.6     -2.04      9.73     2.695     178334    0    0    0    0    2
2012  4 24 11 44  0    0     5.34    -1.36     0.59    -505.8     -1.56      6.71     2.745     178465    0    0    0    0    2
2012  4 24 11 45  0    0     5.41    -1.08     0.54    -506.1      3.10      1.93     2.711     178590    0    0    0    0    2
2012  4 24 11 46  0    0     5.52    -0.89     0.52    -505.8      9.32     -2.75     2.598     178710    0    0    0    0    2
2012  4 24 11 47  0    0     5.75    -0.81     0.53    -505.7     16.07     -7.65     2.506     178831    0    0    0    0    2
2012  4 24 11 48  0    0     5.85    -0.90     0.58    -505.3     22.25    -12.66     2.446     178950    0    0    0    0    2
2012  4 24 11 49  0    0     5.77    -1.31     0.61    -505.4     25.15    -18.04     2.417     179076    0    1    1    1    2
2012  4 24 11 50  0    0     5.71    -1.46     0.61    -504.7     25.74    -20.27     2.397     179196    0    1    1    2    2
2012  4 24 11 51  0    0     5.73    -1.33     0.53    -503.8     26.28    -21.30     2.374     179312    0    1    1    2    2
2012  4 24 11 52  0    0     5.79    -1.25     0.45    -503.7     26.64    -19.79     2.349     179437    0    1    1    2    2
2012  4 24 11 53  0    0     5.84    -1.32     0.48    -504.3     27.15    -15.17     2.328     179570    0    1    1    1    2
2012  4 24 11 54  0    0     5.86    -1.31     0.48    -506.4     20.56     -9.54     2.328     179718    0    0    0    0    2
2012  4 24 11 55  0    0     5.92    -0.87     0.12    -507.7     16.49     -3.59     2.357     179857    0    0    0    0    2
2012  4 24 11 56  0    0     5.93    -0.51    -0.32    -508.1     14.73      2.41     2.413     180123    0    0    0    0    1
2012  4 24 11 57  0    0     5.89    -0.53    -0.32    -507.5     13.85      4.32     2.420     180774    0    0    0    0    1
2012  4 24 11 58  0    0     5.77    -0.81    -0.07    -506.9     12.89      5.47     2.374     181507    0    0    0    0    2
2012  4 24 11 59  0    0     5.66    -0.93     0.02    -506.1     11.18      5.77     2.209     182215    0    0    0    0    2
2012  4 24 12  0  0    0     5.61    -1.01    -0.13    -504.4      9.36      5.91     2.039     182818    0    0    0    0    2
2012  4 24 12  1  0    0     5.58    -1.08    -0.28    -502.5      6.76      6.09     1.834     183413    0    0    0    0    2
2012  4 24 12  2  0    0     5.55    -1.11    -0.33    -501.1      3.15      6.40     1.667     184069    0    0    0    0    2
2012  4 24 12  3  0    0     5.55    -1.14    -0.38    -500.2      0.40      6.74     1.709     184785    0    0    0    0    2
2012  4 24 12  4  0    0     5.50    -1.25    -0.42    -500.0      2.07      6.22     1.853     185555    0    0    0    0    2
2012  4 24 12  5  0    0     5.46    -1.25    -0.48    -501.5      6.64      4.84     2.011     186446    0    0    0    0    2
2012  4 24 12  6  0    0     5.48    -1.31    -0.49    -502.9      6.84      5.01     2.224     187329    0    0    0    0    2
2012  4 24 12  7  0    0     5.51    -1.36    -0.52    -504.2      8.58      5.08     2.397     188206    0    0    0    0    2
2012  4 24 12  8  0    0     5.54    -1.33    -0.62    -504.4     11.71      4.54     2.386     188982    0    0    0    0    2
2012  4 24 12  9  0    0     5.63    -1.30    -0.78    -504.1     13.15      3.88     2.174     189729    0    0    0    0    2
2012  4 24 12 10  0    0     5.73    -1.33    -0.84    -503.4     13.12      3.70     2.005     190434    0    1    1    1    2
2012  4 24 12 11  0    0     5.79    -1.44    -0.83    -502.3     12.72      3.35     1.982     191110    0    1    2    2    2
2012  4 24 12 12  0    0     5.82    -1.59    -0.79    -501.4     11.92      2.45     1.985     191796    0    1    2    2    2
2012  4 24 12 13  0    0     5.76    -1.71    -0.64    -500.6     11.12      1.54     1.993     192491    0    1    1    1    2
2012  4 24 12 14  0    0     5.58    -1.77    -0.50    -503.9     10.97      1.66     2.238     193544    0    0    0    0    2
2012  4 24 12 15  0    0     5.49    -1.80    -0.78    -507.7     12.92      5.94     2.471     194639    0    0    0    0    2
2012  4 24 12 16  0    0     5.40    -2.01    -0.87    -508.2     12.67      7.29     2.461     195430    0    0    0    0    2
2012  4 24 12 17  0    0     5.21    -2.06    -0.71    -507.1     11.25      7.45     2.406     196114    0    0    0    0    2
2012  4 24 12 18  0    0     5.19    -2.37    -0.47    -507.8     10.91      7.46     2.313     196901    0    1    1    1    2
2012  4 24 12 19  0    0     5.18    -2.39     0.00    -507.1     10.94      7.63     2.159     197596    0    1    2    2    2
2012  4 24 12 20  0    0     5.28    -2.16     0.21    -505.9     10.98      7.82     2.000     198256    0    1    2    2    2
2012  4 24 12 21  0    0     5.23    -2.08     0.27    -504.4     11.02      8.00     1.846     198892    0    1    2    2    2
2012  4 24 12 22  0    0     4.95    -2.20     0.65    -502.7     11.06      8.18     1.694     199524    0    1    1    1    2
2012  4 24 12 23  0    0     4.69    -2.34     1.10    -501.3     11.21      8.39     1.564     200183    0    0    0    0    2
2012  4 24 12 24  0    0     4.56    -2.33     1.19    -500.6     11.64      8.58     1.448     200891    0    1    0    0    2
2012  4 24 12 25  0    0     4.32    -2.34     1.43    -501.0     12.12      8.36     1.306     201653    0    1    0    0    2
2012  4 24 12 26  0    0     4.46    -2.41     1.35    -502.4     12.13      7.46     1.278     202502    0    1    0    0    2
2012  4 24 12 27  0    0     4.78    -2.43     1.05    -504.4     10.77      6.67     1.267     203404    0    0    0    0    2
2012  4 24 12 28  0    0     5.14    -2.54     0.72    -505.6      9.37      5.94     1.285     204250    0    0    0    0    2
2012  4 24 12 29  0    0     5.54    -2.38     0.10    -505.9      9.09      5.30     1.295     205020    0    0    0    0    2
2012  4 24 12 30  0    0     5.96    -2.25    -0.52    -506.4      9.06      5.12     1.266     205804    0    0    0    0    2
2012  4 24 12 31  0    0     6.07    -2.25    -0.83    -508.7      9.48      5.67     1.252     206707    0    0    0    0    2
2012  4 24 12 32  0    0     6.09    -2.45    -0.92    -510.5     17.26     13.07     1.658     207632    0    0    0    0    2
2012  4 24 12 33  0    0     6.17    -2.31    -0.91    -508.4     17.60     15.24     1.683     208294    0    0    0    0    2
2012  4 24 12 34  0    0     6.22    -2.29    -0.90    -505.7     17.40     10.99     1.657     208876    0    0    0    0    2
2012  4 24 12 35  0    0     6.30    -2.27    -0.89    -503.7     17.81      6.72     1.621     209504    0    0    0    0    2
2012  4 24 12 36  0    0     6.37    -2.20    -0.90    -502.9     18.90      4.81     1.593     210223    0    0    0    0    2
2012  4 24 12 37  0    0     6.37    -2.07    -0.90    -503.9     30.29     -4.07     1.568     211062    0    0    0    0    2
2012  4 24 12 38  0    0     6.36    -2.02    -0.77    -505.6     39.69    -10.68     1.539     211934    0    0    0    0    2
2012  4 24 12 39  0    0     6.35    -2.01    -0.42    -506.0     37.28    -13.93     1.515     212738    0    0    0    0    2
2012  4 24 12 40  0    0     6.40    -1.82    -0.24    -504.2     33.36    -12.38     1.498     213407    0    0    0    0    2
2012  4 24 12 41  0    0     6.44    -1.73    -0.09    -502.6     31.23    -10.20     1.490     214077    0    0    0    0    2
2012  4 24 12 42  0    0     6.40    -1.78     0.01    -503.1     31.45    -10.51     1.614     214905    0    0    0    0    2
2012  4 24 12 43  0    0     6.37    -2.04    -0.10    -510.2     33.24     -5.27     2.320     216508    0    0    0    0    1
2012  4 24 12 44  0    0     6.18    -2.38     0.00    -511.2     29.51     -0.48     2.889     226819    0    0    0    0    0
2012  4 24 12 45  0    0     5.76    -3.09     0.01    -508.8     13.82      2.98     3.279     242185    0    0    0    0    0
2012  4 24 12 46  0    0     5.48    -3.13     0.04    -505.0     12.50      5.71     3.374     243465    0    0    0    0    0
2012  4 24 12 47  0    0     5.22    -3.06     0.15    -502.2     12.50      8.86     3.425     240486    0    0    0    0    0
2012  4 24 12 48  0    0     5.04    -2.84     0.33    -501.0     12.62     12.63     3.446     235913    0    0    0    0    0
2012  4 24 12 49  0    0     5.10    -2.49     0.47    -500.1     12.83     15.47     3.421     235199    0    0    0    0    0
2012  4 24 12 50  0    0     5.45    -2.43     0.51    -499.4     12.38     15.05     3.306     230249    0    0    0    0    0
2012  4 24 12 51  0    0     5.78    -2.63     0.43    -501.4     11.03     13.74     3.076     204508    0    0    0    0    0
2012  4 24 12 52  0    0     5.96    -2.54     0.79    -506.0     12.58     12.43     3.108     199564    0    0    0    0    0
2012  4 24 12 53  0    0     5.85    -2.50     1.03    -506.8     12.30     14.49     3.362     205299    0    0    0    0    0
2012  4 24 12 54  0    0     5.71    -2.54     1.04    -504.8      9.51     12.67     3.493     207044    0    0    0    0    0
2012  4 24 12 55  0    0     5.37    -2.79     0.67    -502.4      6.41      9.57     3.569     207044    0    0    0    0    0
2012  4 24 12 56  0    0     4.99    -3.12     0.16    -500.4      9.37      6.62     3.621     208561    0    0    0    0    0
2012  4 24 12 57  0    0     4.99    -3.09     0.05    -499.6     24.29      3.51     3.628     214416    0    0    0    0    0
2012  4 24 12 58  0    0     5.00    -2.81     0.22    -499.4     25.98     -0.06     3.637     221370    0    0    0    0    0
2012  4 24 12 59  0    0     5.01    -2.80     0.41    -497.3     26.27     -3.59     3.652     224202    0    0    0    0    0
2012  4 24 13  0  0    0     4.89    -2.69     0.49    -497.0     25.97     -3.84     3.652     227907    0    0    0    0    0
2012  4 24 13  1  0    0     4.93    -2.69     0.86    -496.7     20.96      0.99     3.658     229750    0    0    0    0    0
2012  4 24 13  2  0    0     5.01    -2.88     1.08    -496.7     17.09      5.95     3.851     229841    0    0    0    0    0
2012  4 24 13  3  0    0     5.09    -2.80     1.35    -499.3     13.91      7.62     3.698     222012    0    0    0    0    0
2012  4 24 13  4  0    0     5.17    -2.47     1.38    -497.5     12.21      7.56     3.087     209981    0    0    0    0    0
2012  4 24 13  5  0    0     5.27    -2.03     1.73    -497.6     17.46      5.68     3.084     197131    0    0    0    0    0
2012  4 24 13  6  0    0     5.43    -1.82     1.63    -497.3     30.16     10.29     3.021     197131    0    0    0    0    0
2012  4 24 13  7  0    0     5.68    -2.14     1.57    -495.2     20.92     10.09     2.475     190575    0    0    0    0    0
2012  4 24 13  8  0    0     5.62    -2.40     1.60    -494.1     17.39      8.81     2.092     186934    0    0    0    0    0
2012  4 24 13  9  0    0     5.08    -3.25     1.71    -493.8     13.36      6.50     1.978     186109    0    0    0    0    0
2012  4 24 13 10  0    0     4.75    -3.86     1.64    -499.4      7.78      2.89     2.350     217776    0    0    0    0    0
2012  4 24 13 11  0    0     5.21    -3.32     1.17    -502.6      5.43      4.24     2.796     209654    0    0    0    0    0
2012  4 24 13 12  0    0     5.32    -3.11     0.67    -501.6      6.26      5.27     2.605     181651    0    0    0    0    0
2012  4 24 13 13  0    0     5.49    -3.22     0.30    -500.2      6.14      4.01     2.253     148727    0    0    0    0    0
2012  4 24 13 14  0    0     5.61    -3.54     0.07    -499.2      5.10     -2.68     1.965     142082    0    0    0    0    0
2012  4 24 13 15  0    0     5.60    -3.65     0.21    -497.9      1.65     -0.93     1.977     143170    0    0    0    0    0
2012  4 24 13 16  0    0     5.44    -3.55     0.65    -496.5      0.70      3.44     2.062     159496    0    0    0    0    0
2012  4 24 13 17  0    0     5.37    -3.37     0.71    -495.3      0.70      4.39     2.088     160584    0    0    0    0    0
2012  4 24 13 18  0    0     5.34    -3.42     0.81    -494.0      1.71      4.52     2.125     155909    0    0    0    0    0
2012  4 24 13 19  0    0     5.18    -3.44     0.85    -492.4      4.50      4.52     2.162     154192    0    0    0    0    0
2012  4 24 13 20  0    0     4.81    -3.44     0.85    -491.6      8.57      6.60     2.366     166663    0    0    0    0    0
2012  4 24 13 21  0    0     4.56    -3.54     0.90    -492.7     13.58     12.45     2.765     198988    0    0    0    0    0
2012  4 24 13 22  0    0     5.06    -3.97     1.21    -500.4     20.99     -3.36     3.021     211277    0    0    0    0    0
2012  4 24 13 23  0    0     5.28    -3.95     1.40    -499.9     25.50     -3.22     3.007     208648    0    0    0    0    0
2012  4 24 13 24  0    0     5.28    -3.83     1.48    -498.3     29.51     -2.11     2.824     196570    0    0    0    0    0
2012  4 24 13 25  0    0     5.28    -3.69     1.93    -495.6     32.95      0.92     2.044     153119    0    0    0    0    0
2012  4 24 13 26  0    0     5.33    -3.26     2.32    -494.3     34.41      3.91     1.789     145153    0    0    0    0    0
2012  4 24 13 27  0    0     5.31    -2.85     2.69    -494.0     34.16      8.00     1.717     145153    0    0    0    0    0
2012  4 24 13 28  0    0     5.39    -2.73     2.64    -493.9     29.54     10.96     1.608     132204    0    0    0    0    0
2012  4 24 13 29  0    0     5.70    -2.87     2.08    -493.9     23.50     13.64     1.563     107355    0    0    0    0    0
2012  4 24 13 30  0    0     6.20    -3.98     0.13    -495.1     17.30     19.25     1.651      99509    0    0    0    0    0
2012  4 24 13 31  0    0     6.41    -4.33    -0.65    -495.4     12.36     18.21     1.707     100128    0    0    0    0    0
2012  4 24 13 32  0    0     6.45    -4.21    -0.25    -495.1     11.70     19.04     1.806     101117    0    1    1    1    1
2012  4 24 13 33  0    0     6.48    -4.17    -0.14    -494.8     12.79     20.62     1.922     102155    0    1    2    2    2
2012  4 24 13 34  0    0     6.58    -4.31    -0.46    -494.8     17.80     22.26     2.043     103219    0    1    2    2    2
2012  4 24 13 35  0    0     6.33    -4.50    -1.02    -494.7     22.62     15.36     2.157     110251    0    1    1    1    1
2012  4 24 13 36  0    0     6.32    -4.55    -1.05    -496.0     25.16     14.51     2.219     116744    0    0    0    0    0
2012  4 24 13 37  0    0     6.74    -4.59    -0.36    -500.8     25.27     17.15     2.259     119498    0    0    0    0    0
2012  4 24 13 38  0    0     7.06    -4.57     0.28    -500.8     20.58     22.54     2.269     119498    0    0    0    0    0
2012  4 24 13 39  0    0     7.16    -4.54     0.39    -500.4     17.27     26.39     2.247     118671    0    0    0    0    0
2012  4 24 13 40  0    0     7.17    -4.51     0.46    -501.0     17.21     25.85     2.128     115657    0    0    0    0    0
2012  4 24 13 41  0    0     7.12    -4.54     0.56    -501.7     15.53     23.46     1.948     111516    0    0    0    0    0
2012  4 24 13 42  0    0     7.05    -4.60     0.26    -502.4     13.42     21.93     1.822     106813    0    0    0    0    0
2012  4 24 13 43  0    0     7.00    -4.66    -0.17    -503.1     11.81     23.18     1.875     109010    0    0    0    0    0
2012  4 24 13 44  0    0     6.96    -4.56    -0.23    -504.5     12.82     26.10     2.102     120153    0    0    0    0    0
2012  4 24 13 45  0    0     6.93    -4.43     0.04    -504.3     16.82     27.15     2.223     126244    0    0    0    0    0
2012  4 24 13 46  0    0     7.04    -4.36     0.50    -503.4     22.24     27.24     2.235     126244    0    0    0    0    0
2012  4 24 13 47  0    0     7.16    -4.34     0.90    -503.0     28.26     20.99     2.363     130183    0    0    0    0    0
2012  4 24 13 48  0    0     7.15    -4.34     1.15    -502.9     34.31     14.55     2.520     134531    0    0    0    0    0
2012  4 24 13 49  0    0     7.11    -4.33     1.12    -503.8     40.42     14.88     2.498     129505    0    0    0    0    0
2012  4 24 13 50  0    0     7.07    -4.40     1.01    -505.5     46.33     13.15     2.401     124024    0    0    0    0    0
2012  4 24 13 51  0    0     7.06    -4.46     1.00    -505.8     47.61     12.55     2.298     122902    0    0    0    0    0
2012  4 24 13 52  0    0     7.09    -4.47     1.00    -505.7     47.12     13.80     2.244     120543    0    0    0    0    0
2012  4 24 13 53  0    0     7.22    -4.40     0.89    -505.6     47.14     14.85     2.216     119561    0    0    0    0    0
2012  4 24 13 54  0    0     7.42    -4.10     0.83    -504.3     46.49     14.76     2.224     119667    0    1    1    1    1
2012  4 24 13 55  0    0     7.52    -3.92     0.82    -504.2     45.19     14.04     2.257     119941    0    1    1    2    2
2012  4 24 13 56  0    0     7.25    -4.12     1.28    -508.2     44.20     14.56     2.305     120093    0    1    1    2    2
2012  4 24 13 57  0    0     7.02    -4.30     1.51    -510.5     44.40     16.49     2.334     118496    0    0    0    0    0
2012  4 24 13 58  0    0     7.02    -4.33     1.54    -508.6     45.76     14.32     2.248     100193    0    0    0    0    0
2012  4 24 13 59  0    0     7.24    -4.16     1.39    -505.6     47.91     14.08     2.238      98363    0    0    0    0    0
2012  4 24 14  0  0    0     7.50    -3.95     1.20    -503.9     48.72     13.78     2.280     107961    0    0    0    0    0
2012  4 24 14  1  0    0     7.64    -3.81     1.07    -503.7     49.11     14.07     2.383     121482    0    0    0    0    0
2012  4 24 14  2  0    0     7.62    -3.81     1.05    -503.2     49.69     15.96     2.513     128507    0    0    0    0    0
2012  4 24 14  3  0    0     7.56    -3.86     1.05    -502.2     49.16     18.00     2.720     141615    0    0    0    0    0
2012  4 24 14  4  0    0     7.42    -3.89     1.03    -501.1     48.12     19.32     2.941     160905    0    0    0    0    0
2012  4 24 14  5  0    0     7.20    -3.90     0.95    -500.3     47.99     20.89     2.997     170332    0    0    0    0    0
2012  4 24 14  6  0    0     7.02    -3.93     0.99    -500.1     48.50     22.77     3.041     177986    0    0    0    0    0
2012  4 24 14  7  0    0     6.96    -3.82     1.11    -500.7     48.75     24.68     3.086     182082    0    0    0    0    0
2012  4 24 14  8  0    0     7.02    -3.61     1.40    -500.9     48.50     26.13     3.184     192732    0    0    0    0    0
2012  4 24 14  9  0    0     6.98    -3.83     1.73    -499.6     48.01     27.90     3.200     191098    0    0    0    0    0
2012  4 24 14 10  0    0     6.99    -3.92     1.80    -500.9     47.48     27.81     3.167     182228    0    0    0    0    0
2012  4 24 14 11  0    0     7.04    -3.94     1.58    -501.9     47.76     26.64     3.098     177881    0    0    0    0    0
2012  4 24 14 12  0    0     6.81    -4.16     1.34    -502.9     49.32     25.43     3.093     176781    0    0    0    0    0
2012  4 24 14 13  0    0     6.33    -4.62     1.20    -503.3     50.15     25.46     3.136     175517    0    0    0    0    0
2012  4 24 14 14  0    0     6.03    -4.86     1.18    -502.5     50.00     26.08     3.249     177330    0    0    0    0    0
2012  4 24 14 15  0    0     5.95    -4.80     1.18    -500.2     49.57     27.57     3.345     181062    0    0    0    0    0
2012  4 24 14 16  0    0     5.84    -4.64     1.18    -497.3     48.80     27.63     3.345     185026    0    0    0    0    0
2012  4 24 14 17  0    0     6.19    -4.73     1.14    -497.8     48.84     27.64     3.257     188061    0    0    0    0    0
2012  4 24 14 18  0    0     6.47    -4.48     1.18    -502.7     50.44     27.57     3.166     187618    0    0    0    0    0
2012  4 24 14 19  0    0     6.74    -4.19     1.30    -503.7     51.27     28.05     3.196     187070    0    0    0    0    0
2012  4 24 14 20  0    0     6.86    -4.02     1.50    -502.5     50.28     30.85     3.241     192066    0    0    0    0    0
2012  4 24 14 21  0    0     6.69    -4.01     1.66    -500.7     49.44     34.45     3.267     199397    0    0    0    0    0
2012  4 24 14 22  0    0     6.26    -4.00     1.65    -498.6     49.22     35.78     3.269     201138    0    0    0    0    0
2012  4 24 14 23  0    0     6.10    -4.00     1.29    -497.0     49.07     35.84     3.269     201138    0    0    0    0    0
2012  4 24 14 24  0    0     6.09    -4.17     1.14    -495.6     47.02     35.50     3.212     191942    0    0    0    0    0
2012  4 24 14 25  0    0     6.27    -4.23     0.83    -496.2     46.62     35.38     3.195     184289    0    0    0    0    0
2012  4 24 14 26  0    0     6.67    -4.29     0.15    -499.8     47.25     36.00     3.207     183689    0    0    0    0    0
2012  4 24 14 27  0    0     6.80    -4.31     0.15    -500.7     47.20     35.80     3.290     185615    0    0    0    0    0
2012  4 24 14 28  0    0     6.81    -4.38     0.36    -499.7     46.79     35.07     3.372     191011    0    0    0    0    0
2012  4 24 14 29  0    0     6.74    -4.61     0.67    -497.0     46.71     34.96     3.376     192951    0    0    0    0    0
2012  4 24 14 30  0    0     6.15    -4.68     0.92    -494.7     46.57     33.82     3.362     194246    0    0    0    0    0
2012  4 24 14 31  0    0     6.00    -4.74     1.15    -494.1     46.52     32.51     3.343     194589    0    0    0    0    0
2012  4 24 14 32  0    0     6.09    -4.86     1.42    -495.2     47.34     28.31     3.069     180815    0    0    0    0    0
2012  4 24 14 33  0    0     6.23    -5.08     1.66    -497.7     47.65     27.36     3.013     178659    0    0    0    0    0
2012  4 24 14 34  0    0     6.24    -5.06     1.70    -499.6     42.03     26.52     3.168     194533    0    0    0    0    0
2012  4 24 14 35  0    0     6.24    -5.05     1.76    -499.5     41.03     26.61     3.238     194252    0    0    0    0    0
2012  4 24 14 36  0    0     6.03    -5.06     1.62    -499.3     41.29     26.78     3.188     191282    0    0    0    0    0
2012  4 24 14 37  0    0     6.07    -5.10     1.43    -499.3     41.37     26.92     2.966     182283    0    0    0    0    0
2012  4 24 14 38  0    0     6.20    -4.95     1.52    -499.2     40.64     28.09     2.924     182283    0    0    0    0    0
2012  4 24 14 39  0    0     6.56    -4.29     1.95    -498.7     38.25     29.46     2.890     182172    0    0    0    0    0
2012  4 24 14 40  0    0     6.60    -4.40     1.86    -501.1     38.40     29.24     2.900     181409    0    0    0    0    0
2012  4 24 14 41  0    0     6.44    -4.80     1.74    -504.3     38.98     28.45     3.126     188666    0    0    0    0    0
2012  4 24 14 42  0    0     6.01    -5.07     1.75    -504.3     39.21     26.87     3.386     200071    0    0    0    0    0
2012  4 24 14 43  0    0     5.75    -5.21     1.67    -503.6     38.96     25.07     3.505     204459    0    0    0    0    0
2012  4 24 14 44  0    0     5.68    -5.26     1.48    -502.3     38.69     24.37     3.534     204444    0    0    0    0    0
2012  4 24 14 45  0    0     5.70    -5.23     1.28    -501.3     38.37     24.14     3.518     202015    0    0    0    0    0
2012  4 24 14 46  0    0     5.82    -5.06     1.18    -501.5     36.02     22.49     3.451     195465    0    0    0    0    0
2012  4 24 14 47  0    0     5.92    -4.72     1.10    -502.3     31.30     20.26     3.329     186826    0    0    0    0    0
2012  4 24 14 48  0    0     6.14    -4.63     1.14    -503.4     30.89     22.50     3.173     176315    0    0    0    0    0
2012  4 24 14 49  0    0     6.24    -4.86     1.05    -504.0     33.84     26.50     3.087     173581    0    0    0    0    0
2012  4 24 14 50  0    0     6.19    -4.83     1.09    -505.5     37.06     21.88     3.235     185478    0    0    0    0    0
2012  4 24 14 51  0    0     6.03    -3.40     2.25    -507.6     40.44     29.26     3.919     221471    0    0    0    0    0
2012  4 24 14 52  0    0     6.00    -1.67     4.04    -507.5     46.70     32.60     3.997     227060    0    0    0    0    0
2012  4 24 14 53  0    0     6.10    -1.39     4.52    -505.8     52.56     33.06     3.922     227060    0    0    0    0    0
2012  4 24 14 54  0    0     6.24    -1.40     4.63    -505.3     55.76     32.80     3.902     230021    0    0    0    0    0
2012  4 24 14 55  0    0     6.21    -1.57     4.59    -506.1     56.06     32.32     3.931     250561    0    0    0    0    0
2012  4 24 14 56  0    0     6.04    -1.63     4.50    -507.7     55.36     33.44     3.876     258154    0    0    0    0    0
2012  4 24 14 57  0    0     5.82    -1.89     4.35    -507.8     55.84     34.93     3.733     246097    0    0    0    0    0
2012  4 24 14 58  0    0     5.53    -2.14     4.19    -507.8     57.34     36.26     3.646     244010    0    0    0    0    0
2012  4 24 14 59  0    0     4.71    -1.89     4.70    -507.1     58.20     42.95     3.502     240275    0    0    0    0    0
2012  4 24 15  0  0    0     4.07    -1.59     4.84    -503.7     58.36     45.21     3.427     228017    0    0    0    0    0
2012  4 24 15  1  0    0     3.56    -1.29     4.81    -500.5     58.16     45.84     3.332     210774    0    0    0    0    0
2012  4 24 15  2  0    0     3.26    -1.05     4.71    -499.8     57.23     45.84     3.160     190640    0    0    0    0    0
2012  4 24 15  3  0    0     3.24    -1.10     4.62    -499.1     55.61     45.07     3.106     185850    0    0    0    0    0
2012  4 24 15  4  0    0     3.19    -1.29     4.57    -497.4     54.87     45.17     3.043     181667    0    0    0    0    0
2012  4 24 15  5  0    0     3.19    -1.66     4.98    -497.1     53.89     46.99     2.948     181667    0    0    0    0    0
2012  4 24 15  6  0    0     3.31    -2.05     4.97    -497.6     53.61     47.25     2.944     194250    0    0    0    0    0
2012  4 24 15  7  0    0     3.16    -2.31     4.88    -497.0     53.13     45.50     2.892     194250    0    0    0    0    0
2012  4 24 15  8  0    0     2.76    -2.30     4.84    -494.4     53.14     45.95     2.695     177076    0    0    0    0    0
2012  4 24 15  9  0    0     2.48    -2.13     5.09    -491.8     52.52     46.88     2.423     158762    0    0    0    0    0
2012  4 24 15 10  0    0     2.40    -1.68     5.55    -490.1     51.42     47.71     2.228     145096    0    0    0    0    0
2012  4 24 15 11  0    0     2.48    -1.23     6.02    -490.2     50.23     46.67     2.200     141107    0    0    0    0    0
2012  4 24 15 12  0    0     2.50    -1.25     6.20    -490.9     49.48     44.83     2.200     141561    0    0    0    0    0
2012  4 24 15 13  0    0     2.46    -1.25     6.21    -491.4     47.67     45.27     2.115     145125    0    0    0    0    0
2012  4 24 15 14  0    0     2.41    -1.37     5.96    -492.3     44.77     47.83     2.031     156155    0    0    0    0    0
2012  4 24 15 15  0    0     5.12    -3.01     4.35    -494.5     43.36     48.03     2.133     175597    0    0    0    0    0
2012  4 24 15 16  0    0     6.00    -4.02     3.17    -497.6     43.68     48.16     2.204     179346    0    1    1    1    1
2012  4 24 15 17  0    0     6.23    -4.04     2.38    -497.9     44.42     47.44     2.296     175107    0    1    1    2    2
2012  4 24 15 18  0    0     6.48    -4.17     2.42    -497.7     44.89     48.96     2.382     171121    0    1    1    2    2
2012  4 24 15 19  0    0     6.54    -3.93     2.97    -498.2     45.41     47.83     2.473     167212    0    1    1    1    1
2012  4 24 15 20  0    0     6.51    -4.00     3.02    -500.2     46.41     44.48     2.550     171353    0    0    0    0    0
2012  4 24 15 21  0    0     6.50    -4.24     2.78    -500.7     47.51     45.43     2.549     184414    0    0    0    0    0
2012  4 24 15 22  0    0     6.47    -4.43     2.70    -499.9     46.73     45.00     2.557     184280    0    0    0    0    0
2012  4 24 15 23  0    0     6.37    -4.78     2.50    -502.0     44.93     42.64     2.731     183796    0    0    0    0    0
2012  4 24 15 24  0    0     6.18    -5.05     2.37    -505.9     44.42     41.08     3.016     184139    0    0    0    0    0
2012  4 24 15 25  0    0     6.10    -5.16     2.26    -506.7     44.25     41.71     3.010     184289    0    0    0    0    0
2012  4 24 15 26  0    0     6.15    -5.14     2.22    -504.4     44.10     43.46     2.839     175106    0    0    0    0    0
2012  4 24 15 27  0    0     6.37    -4.92     2.32    -501.8     45.42     44.76     2.569     162161    0    0    0    0    0
2012  4 24 15 28  0    0     6.71    -4.52     2.48    -500.4     47.84     46.09     2.315     151740    0    0    0    0    0
2012  4 24 15 29  0    0     6.80    -4.38     2.51    -499.8     47.79     49.02     2.315     156631    0    0    0    0    0
2012  4 24 15 30  0    0     6.77    -4.27     2.59    -499.2     47.95     47.70     2.311     175189    0    0    0    0    0
2012  4 24 15 31  0    0     6.59    -4.32     2.27    -497.1     48.85     40.52     2.290     175851    0    0    0    0    0
2012  4 24 15 32  0    0     6.48    -4.43     2.24    -496.2     48.89     38.82     2.286     176389    0    0    0    0    0
2012  4 24 15 33  0    0     6.50    -4.45     2.20    -494.8     48.75     39.15     2.323     176434    0    0    0    0    0
2012  4 24 15 34  0    0     6.55    -4.46     2.13    -491.8     48.82     38.83     2.339     176240    0    0    0    0    0
2012  4 24 15 35  0    0     6.58    -4.46     2.03    -489.3     46.87     37.40     2.334     175555    0    0    0    0    0
2012  4 24 15 36  0    0     6.58    -4.50     1.89    -490.5     40.09     33.58     2.272     174511    0    0    0    0    0
2012  4 24 15 37  0    0     6.42    -4.57     1.92    -494.6     32.61     28.26     2.190     178937    0    0    0    0    0
2012  4 24 15 38  0    0     6.32    -4.65     1.76    -496.0     32.45     27.29     2.213     190499    0    0    0    0    0
2012  4 24 15 39  0    0     6.23    -4.78     1.37    -499.4     35.43     24.09     2.225     191743    0    0    0    0    0
2012  4 24 15 40  0    0     5.93    -5.14     2.02    -513.0     40.91     36.73     2.611     217251    0    0    0    0    0
2012  4 24 15 41  0    0     5.76    -4.89     2.11    -512.5     43.47     34.50     2.655     264526    0    0    0    0    0
2012  4 24 15 42  0    0     5.75    -4.45     1.56    -508.8     45.40     31.44     2.598     264526    0    0    0    0    0
2012  4 24 15 43  0    0     5.78    -3.38    -0.41    -508.8     51.41      2.75     2.325     218338    0    0    0    0    0
2012  4 24 15 44  0    0     5.96    -3.07    -1.38    -506.1     56.79    -18.32     2.081     181910    0    0    0    0    0
2012  4 24 15 45  0    0     5.95    -2.48    -1.90    -506.3     64.37    -28.60     1.896     168661    0    0    0    0    0
2012  4 24 15 46  0    0     5.73    -2.28    -1.88    -505.2     71.09    -27.65     1.834     168557    0    0    0    0    0
2012  4 24 15 47  0    0     5.12    -2.29    -1.61    -506.8     73.04    -19.82     2.267     212789    0    0    0    0    0
2012  4 24 15 48  0    0     5.11    -2.42    -1.61    -511.8     75.38    -14.13     2.993     277214    0    0    0    0    0
2012  4 24 15 49  0    0     5.60    -2.57    -2.03    -512.8     79.04    -14.76     3.128     280669    0    1    1    0    0
2012  4 24 15 50  0    0     5.74    -2.27    -2.52    -515.6     81.71    -14.58     3.395     296444    0    1    1    0    0
2012  4 24 15 51  0    0     5.67    -2.03    -2.98    -517.3     78.63    -13.59     3.555     309231    0    1    1    0    0
2012  4 24 15 52  0    0     5.64    -2.37    -3.22    -515.0     73.70    -11.53     3.364     312117    0    1    1    0    0
2012  4 24 15 53  0    0     5.69    -2.93    -3.42    -510.9     69.60     -8.70     3.006     306427    0    1    1    0    0
2012  4 24 15 54  0    0     5.63    -3.27    -3.28    -506.4     65.76     -5.92     2.595     263755    0    1    1    0    0
2012  4 24 15 55  0    0     5.63    -3.85    -3.21    -502.7     62.26     -3.69     2.238     238016    0    1    1    0    0
2012  4 24 15 56  0    0     5.67    -4.42    -3.26    -500.3     59.64     -2.43     2.016     227179    0    1    1    0    0
2012  4 24 15 57  0    0     5.56    -4.20    -3.73    -502.2     63.25     -5.12     2.185     246378    0    1    1    0    0
2012  4 24 15 58  0    0     5.36    -2.99    -5.52    -507.3     79.73    -12.99     2.515     274612    0    1    1    0    0
2012  4 24 15 59  0    0     5.22    -1.96    -6.11    -506.0     68.51    -13.85     2.388     249064    0    1    1    0    0
2012  4 24 16  0  0    0     5.19    -1.69    -6.18    -503.6     60.07    -13.25     2.184     238747    0    1    1    0    0
2012  4 24 16  1  0    0     5.31    -1.99    -5.94    -502.1     55.34    -11.95     2.058     243613    0    1    1    0    0
2012  4 24 16  2  0    0     5.47    -2.63    -5.41    -502.0     50.58     -6.83     2.059     250911    0    1    1    0    0
2012  4 24 16  3  0    0     5.53    -3.20    -4.83    -501.8     45.85     -0.60     2.063     247323    0    1    1    0    0
2012  4 24 16  4  0    0     5.53    -3.52    -4.33    -501.3     40.62      1.50     2.066     238315    0    1    0    0    0
2012  4 24 16  5  0    0     5.48    -3.79    -3.96    -500.1     35.67      5.19     2.067     231518    0    1    0    0    0
2012  4 24 16  6  0    0     5.44    -4.02    -3.92    -497.9     31.34      5.46     2.071     228894    0    1    0    0    0
2012  4 24 16  7  0    0     5.49    -4.06    -3.94    -493.9     28.22      5.09     2.081     228894    0    1    0    0    0
2012  4 24 16  8  0    0     5.73    -3.84    -4.02    -492.3     25.02      0.02     2.121     243154    0    1    0    0    0
2012  4 24 16  9  0    0     6.42    -3.87    -3.67    -492.7     29.45     -7.61     2.161     254615    0    1    0    0    0
2012  4 24 16 10  0    0     6.87    -4.04    -2.66    -493.4     31.45    -10.21     2.166     255643    0    1    0    0    0
2012  4 24 16 11  0    0     6.90    -4.31    -2.30    -494.2     27.37    -10.69     2.121     250301    0    1    0    0    0
2012  4 24 16 12  0    0     6.94    -4.26    -2.76    -494.4     26.52    -14.01     2.065     242937    0    1    0    0    0
2012  4 24 16 13  0    0     6.88    -3.82    -3.18    -494.3     28.62    -14.81     2.046     236454    0    1    0    0    0
2012  4 24 16 14  0    0     6.57    -3.64    -3.97    -493.2     30.88    -13.46     2.007     230984    0    1    0    0    0
2012  4 24 16 15  0    0     6.32    -3.53    -4.26    -492.2     35.01     -9.91     1.982     228985    0    1    0    0    0
2012  4 24 16 16  0    0     6.19    -3.83    -3.96    -491.5     40.60     -7.43     1.980     228985    0    1    0    0    0
2012  4 24 16 17  0    0     6.15    -4.63    -3.22    -491.0     46.17      2.22     2.006     231278    0    1    1    0    0
2012  4 24 16 18  0    0     6.29    -5.17    -2.82    -490.8     50.94     11.22     2.032     250124    0    1    1    0    0
2012  4 24 16 19  0    0     6.51    -5.20    -2.91    -491.8     53.66     10.33     1.992     289293    0    1    1    0    0
2012  4 24 16 20  0    0     6.65    -5.30    -2.37    -494.1     50.10      0.79     1.872     306072    0    1    1    0    0
2012  4 24 16 21  0    0     6.70    -5.33    -2.40    -494.6     44.76     -3.39     1.833     293332    0    1    0    0    0
2012  4 24 16 22  0    0     6.47    -5.08    -2.97    -494.4     43.91     -8.06     1.784     255561    0    1    0    0    0
2012  4 24 16 23  0    0     6.39    -4.96    -3.34    -493.9     48.06      4.91     1.769     241782    0    1    1    0    0
2012  4 24 16 24  0    0     6.37    -4.81    -3.37    -493.8     53.09      9.71     1.774     240706    0    1    1    0    0
2012  4 24 16 25  0    0     6.35    -4.71    -3.36    -494.1     57.79      8.77     1.819     244378    0    1    1    0    0
2012  4 24 16 26  0    0     6.33    -4.64    -3.49    -494.2     57.82      3.81     1.855     251137    0    1    1    0    0
2012  4 24 16 27  0    0     6.33    -4.43    -3.91    -494.3     43.70     -2.07     1.886     260009    0    1    1    0    0
2012  4 24 16 28  0    0     6.41    -4.39    -4.03    -494.6     39.30     -6.71     1.925     279862    0    1    0    0    0
2012  4 24 16 29  0    0     6.45    -4.57    -3.62    -495.2     38.57     -7.78     1.904     297374    0    1    0    0    0
2012  4 24 16 30  0    0     6.58    -4.90    -2.94    -496.5     33.56      5.71     1.722     303634    0    1    0    0    0
2012  4 24 16 31  0    0     6.54    -4.74    -3.01    -496.8     32.89      7.87     1.713     311243    0    1    1    0    0
2012  4 24 16 32  0    0     6.47    -4.60    -3.20    -497.3     34.17      5.44     1.776     324563    0    2    2    0    0
2012  4 24 16 33  0    0     6.58    -4.40    -3.26    -497.8     35.27      2.77     1.986     341250    0    1    1    0    0
2012  4 24 16 34  0    0     6.60    -4.16    -3.61    -498.0     41.90     -0.07     1.972     341112    0    1    1    0    0
2012  4 24 16 35  0    0     6.57    -4.13    -3.89    -497.5     48.78     12.13     1.911     339044    0    1    1    0    0
2012  4 24 16 36  0    0     6.48    -4.33    -3.54    -497.3     56.52     11.90     1.810     336841    0    1    1    0    0
2012  4 24 16 37  0    0     6.63    -4.26    -3.59    -496.5     64.08     10.96     1.846     332669    0    1    1    0    0
2012  4 24 16 38  0    0     6.57    -3.77    -3.97    -496.6     69.26      7.79     2.008     331491    0    1    1    0    0
2012  4 24 16 39  0    0     6.52    -3.43    -4.26    -497.5     69.78      8.01     2.094     331641    0    1    1    0    0
2012  4 24 16 40  0    0     6.45    -3.44    -4.30    -498.0     69.23      9.77     2.153     344093    0    1    1    0    0
2012  4 24 16 41  0    0     6.53    -3.54    -4.23    -497.8     67.40     11.84     2.158     363386    0    1    1    0    0
2012  4 24 16 42  0    0     6.61    -3.66    -4.06    -497.0     65.68     14.74     2.118     363386    0    1    1    0    0
2012  4 24 16 43  0    0     6.84    -3.70    -3.83    -495.1     64.89     19.72     1.980     354117    0    1    1    0    0
2012  4 24 16 44  0    0     7.02    -3.73    -3.38    -494.4     64.24     22.63     1.900     340133    0    1    1    0    0
2012  4 24 16 45  0    0     7.26    -3.91    -2.94    -494.1     63.68     24.38     1.887     327486    0    1    1    0    0
2012  4 24 16 46  0    0     7.37    -4.06    -2.53    -494.0     63.43     24.79     1.903     324325    0    1    1    0    0
2012  4 24 16 47  0    0     7.38    -4.21    -2.31    -494.0     63.25     24.74     1.907     327598    0    1    1    0    0
2012  4 24 16 48  0    0     7.37    -4.42    -2.29    -494.0     62.91     24.28     1.882     332392    0    1    1    0    0
2012  4 24 16 49  0    0     7.26    -4.44    -2.71    -494.0     62.94     23.79     1.841     333702    0    1    1    0    0
2012  4 24 16 50  0    0     7.22    -4.23    -2.97    -493.5     63.94     23.82     1.801     320187    0    1    1    0    0
2012  4 24 16 51  0    0     6.91    -3.52    -4.29    -525.6     72.12    -14.76     2.250     477540    0    1    1    0    0
2012  4 24 16 52  0    0     6.90    -3.37    -4.23    -523.7     69.34    -11.63     2.156     488587    0    2    2    0    0
2012  4 24 16 53  0    0     6.96    -3.33    -4.18    -519.6     64.52     -5.76     2.058     494812    0    2    2    0    0
2012  4 24 16 54  0    0     7.04    -3.38    -4.03    -515.6     59.74      0.07     1.995     496887    0    2    2    0    0
2012  4 24 16 55  0    0     7.12    -3.37    -3.96    -511.5     54.99      5.85     1.959     486936    0    2    2    0    0
2012  4 24 16 56  0    0     7.12    -2.98    -4.38    -507.6     50.31     11.54     1.952     441009    0    2    2    0    0
2012  4 24 16 57  0    0     7.13    -2.95    -4.27    -504.0     46.65     16.70     1.931     400215    0    1    1    0    0
2012  4 24 16 58  0    0     7.11    -2.97    -4.05    -501.3     45.47     20.29     1.880     372423    0    0    0    0    0
2012  4 24 16 59  0    0     7.04    -2.89    -3.95    -499.8     47.25     21.13     1.814     364314    0    0    0    0    0
2012  4 24 17  0  0    0     7.06    -2.99    -3.71    -498.1     46.51     20.87     1.843     356691    0    0    0    0    0
2012  4 24 17  1  0    0     7.38    -3.69    -2.36    -498.0     42.90     19.37     1.977     348431    0    0    0    0    0
2012  4 24 17  2  0    0     7.27    -3.81    -2.19    -497.9     41.55     17.62     1.977     343985    0    0    0    0    0
2012  4 24 17  3  0    0     7.23    -3.76    -2.19    -497.9     41.69     16.51     1.969     340356    0    0    0    0    0
2012  4 24 17  4  0    0     7.18    -3.21    -2.75    -497.5     42.33     16.47     1.928     340579    0    0    0    0    0
2012  4 24 17  5  0    0     7.02    -3.08    -3.16    -500.1     39.99     11.79     1.861     357648    0    0    0    0    0
2012  4 24 17  6  0    0     6.88    -3.06    -3.15    -504.8     37.77      0.45     1.806     374750    0    0    0    0    0
2012  4 24 17  7  0    0     6.76    -2.95    -3.33    -506.0     45.14     -1.62     1.802     369213    0    0    0    0    0
2012  4 24 17  8  0    0     6.78    -3.90    -1.91    -529.3     34.45     44.27     1.649     376817    0    0    0    0    0
2012  4 24 17  9  0    0     6.79    -4.36    -0.81    -532.1     31.90     54.62     1.506     380373    0    1    1    0    1
2012  4 24 17 10  0    0     6.77    -4.22    -0.77    -529.8     33.31     52.00     1.429     379826    0    2    2    0    2
2012  4 24 17 11  0    0     6.78    -4.05    -0.84    -527.2     34.89     49.09     1.399     378958    0    2    2    0    2
2012  4 24 17 12  0    0     6.82    -4.00    -0.91    -524.7     36.48     46.16     1.416     378244    0    2    2    0    2
2012  4 24 17 13  0    0     6.77    -4.10    -1.12    -522.2     38.05     43.26     1.524     378244    0    2    2    0    2
2012  4 24 17 14  0    0     6.96    -3.84    -1.51    -520.0     40.68     41.57     1.660     383373    0    1    1    0    1
2012  4 24 17 15  0    0     7.29    -3.46    -1.79    -518.8     44.66     41.09     1.746     396772    0    0    0    0    0
2012  4 24 17 16  0    0     7.59    -3.24    -1.58    -519.4     48.18     44.45     1.798     415182    0    0    0    0    0
2012  4 24 17 17  0    0     7.68    -3.02    -1.40    -521.4     49.17     50.01     1.803     430918    0    0    0    0    0
2012  4 24 17 18  0    0     7.52    -2.97    -1.98    -522.3     49.20     50.49     1.797     438485    0    0    0    0    0
2012  4 24 17 19  0    0     7.41    -2.59    -1.98    -520.8     46.61     56.32     1.805     444057    0    0    0    0    0
2012  4 24 17 20  0    0     7.25    -2.51    -2.00    -519.0     43.93     62.36     1.814     444978    0    0    0    0    0
2012  4 24 17 21  0    0     7.12    -2.56    -2.34    -517.5     42.91     49.32     1.801     431782    0    0    0    0    0
2012  4 24 17 22  0    0     7.09    -2.62    -2.94    -516.5     42.69     23.16     1.765     402116    0    0    0    0    0
2012  4 24 17 23  0    0     7.12    -2.68    -3.43    -515.6     42.52      8.79     1.732     381942    0    0    0    0    0
2012  4 24 17 24  0    0     6.92    -2.95    -3.72    -514.6     42.42     10.07     1.725     380176    0    0    0    0    0
2012  4 24 17 25  0    0     6.55    -3.28    -3.95    -513.4     42.34     11.07     1.747     379113    0    0    0    0    0
2012  4 24 17 26  0    0     6.64    -3.15    -3.89    -513.0     42.41     10.33     1.794     382127    0    0    0    0    0
2012  4 24 17 27  0    0     6.87    -2.80    -3.91    -513.5     42.83      7.40     1.827     393612    0    0    0    0    0
2012  4 24 17 28  0    0     6.78    -2.78    -4.08    -514.0     43.59      4.87     1.822     400301    0    0    0    0    0
2012  4 24 17 29  0    0     6.68    -3.01    -3.94    -514.6     44.01      4.68     1.809     400006    0    0    0    0    0
2012  4 24 17 30  0    0     6.68    -4.13    -2.63    -517.8     42.37      2.50     1.780     399520    0    0    0    0    0
2012  4 24 17 31  0    0     6.68    -4.78    -2.05    -520.8     38.86     -0.82     1.740     399520    0    0    0    0    0
2012  4 24 17 32  0    0     6.61    -4.84    -2.09    -521.8     42.15     -0.47     1.655     406222    0    0    0    0    0
2012  4 24 17 33  0    0     7.02    -3.15    -1.67    -543.3     89.45     25.57     2.571     441353    0    0    0    0    1
2012  4 24 17 34  0    0     7.07    -3.20    -1.66    -545.2     88.18     26.29     2.707     437272    0    0    0    0    2
2012  4 24 17 35  0    0     7.03    -3.15    -2.00    -544.3     88.07     24.89     2.704     431134    0    0    0    0    2
2012  4 24 17 36  0    0     7.06    -3.01    -2.44    -542.1     88.31     22.90     2.694     425678    0    0    0    0    2
2012  4 24 17 37  0    0     7.17    -2.98    -2.72    -539.3     82.85     18.58     2.523     420566    0    0    0    0    2
2012  4 24 17 38  0    0     7.21    -3.04    -2.78    -536.1     60.72      7.39     1.881     415617    0    0    0    0    2
2012  4 24 17 39  0    0     6.87    -3.49    -2.69    -533.0     51.31      2.29     1.614     405145    0    0    0    0    1
2012  4 24 17 40  0    0     6.42    -4.06    -2.70    -531.7     48.30      0.41     1.551     401768    0    1    1    0    0
2012  4 24 17 41  0    0     6.19    -4.42    -2.80    -532.7     48.01      0.14     1.633     404042    0    2    2    0    0
2012  4 24 17 42  0    0     6.14    -4.54    -2.88    -534.5     47.71     -0.02     1.703     440773    0    2    2    0    0
2012  4 24 17 43  0    0     5.93    -4.85    -2.93    -536.2     47.40     -0.17     1.727     449039    0    2    2    0    0
2012  4 24 17 44  0    0     5.98    -4.85    -2.93    -538.0     47.10     -0.32     1.734     461455    0    2    2    0    0
2012  4 24 17 45  0    0     6.27    -4.42    -3.30    -539.8     46.79     -0.48     1.746     481220    0    2    2    0    0
2012  4 24 17 46  0    0     6.38    -3.98    -3.86    -541.5     46.49     -0.63     1.739     486439    0    2    2    0    0
2012  4 24 17 47  0    0     6.46    -3.81    -3.84    -543.3     46.19     -0.78     1.716     487431    0    2    2    0    0
2012  4 24 17 48  0    0     6.54    -3.78    -3.76    -544.2     46.02     -0.87     1.713     486210    0    1    1    0    0
2012  4 24 17 49  0    0     6.49    -3.69    -4.08    -548.2     51.75    -11.97     1.718     485179    0    0    0    0    0
2012  4 24 17 50  0    0     6.31    -3.12    -4.91    -554.8     62.33    -26.76     1.793     540851    0    0    0    0    0
2012  4 24 17 51  0    0     5.94    -2.53    -5.26    -561.7     65.75    -19.87     1.797     583441    0    1    1    0    1
2012  4 24 17 52  0    0     5.64    -2.13    -5.47    -586.8     77.99      6.09     2.091     663362    0    1    1    0    1
2012  4 24 17 53  0    0     5.11    -1.59    -5.67    -596.6     84.43      8.68     2.771     692370    0    0    0    0    0
2012  4 24 17 54  0    0     4.90    -1.75    -5.68    -598.9     86.65     11.05     2.602     694073    0    0    0    0    0
2012  4 24 17 55  0    0     5.32    -3.21    -4.31    -597.3     86.12     14.77     2.169     656222    0    1    1    0    1
2012  4 24 17 56  0    0     5.76    -4.14    -3.45    -592.6     82.89     16.65     1.817     627298    0    2    2    0    2
2012  4 24 17 57  0    0     6.00    -4.34    -3.32    -587.4     79.20     18.20     1.546     600261    0    2    2    0    2
2012  4 24 17 58  0    0     5.94    -3.63    -4.09    -582.2     75.53     19.74     1.365     573339    0    2    2    0    2
2012  4 24 17 59  0    0     6.04    -3.60    -3.87    -577.1     71.89     21.27     1.359     546687    0    2    2    0    2
2012  4 24 18  0  0    0     6.11    -3.64    -3.73    -572.0     68.28     22.79     1.358     520406    0    2    2    0    1
2012  4 24 18  1  0    0     6.15    -3.70    -3.69    -566.9     64.69     24.29     1.354     494626    0    2    2    0    0
2012  4 24 18  2  0    0     6.29    -3.63    -3.86    -561.8     61.14     25.79     1.330     471965    0    2    2    0    0
2012  4 24 18  3  0    0     6.36    -3.60    -3.96    -556.8     57.59     27.28     1.311     450032    0    2    2    0    0
2012  4 24 18  4  0    0     6.39    -3.59    -4.01    -551.8     54.04     28.77     1.297     430214    0    2    2    0    0
2012  4 24 18  5  0    0     6.40    -3.58    -4.05    -546.9     50.57     30.23     1.295     427512    0    2    2    0    0
2012  4 24 18  6  0    0     6.29    -2.68    -4.45    -543.9     50.97     29.05     1.331     426341    0    1    1    0    0
2012  4 24 18  7  0    0     6.17    -1.54    -4.98    -542.7     56.39     23.78     1.411     433414    0    0    0    0    0
2012  4 24 18  8  0    0     6.13    -1.11    -5.25    -541.1     61.72     18.50     1.479     442845    0    0    0    0    0
2012  4 24 18  9  0    0     6.01    -0.93    -5.39    -538.2     62.65     17.78     1.500     442845    0    0    0    0    0
2012  4 24 18 10  0    0     5.88    -0.88    -5.44    -536.9     60.35     21.59     1.521     443203    0    0    0    0    0
2012  4 24 18 11  0    0     5.90    -0.96    -5.44    -536.8     56.93     23.21     1.556     454032    0    0    0    0    0
2012  4 24 18 12  0    0     5.92    -1.62    -5.17    -539.6     54.25     21.24     1.649     465599    0    0    0    0    0
2012  4 24 18 13  0    0     6.05    -2.15    -5.00    -539.8     54.36     16.03     1.643     441202    0    0    0    0    0
2012  4 24 18 14  0    0     6.43    -2.20    -4.72    -538.5     56.91     12.09     1.551     360389    0    0    0    0    0
2012  4 24 18 15  0    0     5.87    -1.75    -5.47    -547.8     62.77     -3.51     1.619     419716    0    0    0    0    0
2012  4 24 18 16  0    0     6.05    -2.79    -4.26    -550.7     63.06     -6.61     1.664     450856    0    0    0    0    0
2012  4 24 18 17  0    0     6.18    -3.21    -4.15    -559.8     58.15     -5.59     1.600     458284    0    2    2    0    0
2012  4 24 18 18  0    0     6.23    -3.18    -4.29    -569.6     52.82     -4.47     1.555     616142    0    2    2    0    0
2012  4 24 18 19  0    0     6.09    -3.55    -4.52    -577.5     48.53     -3.57     1.776     804812    0    1    1    0    0
2012  4 24 18 20  0    0     6.14    -3.58    -4.56    -578.9     48.60     -2.37     1.846     835910    0    1    1    0    1
2012  4 24 18 21  0    0     6.24    -3.70    -4.56    -578.8     52.09      2.12     1.831     830803    0    2    2    0    2
2012  4 24 18 22  0    0     6.31    -3.67    -4.59    -578.8     56.19      7.41     1.827     824366    0    2    2    0    2
2012  4 24 18 23  0    0     6.32    -3.49    -4.61    -578.7     59.54     11.72     1.756     815383    0    1    1    0    1
2012  4 24 18 24  0    0     6.22    -3.02    -4.46    -580.8     62.48     13.19     1.459     795174    0    1    1    0    1
2012  4 24 18 25  0    0     5.96    -2.47    -4.73    -598.5     81.44     17.79     1.486     753135    0    2    2    0    2
2012  4 24 18 26  0    0     4.63    -0.47    -5.66    -614.5     93.27     18.95     2.033     689563    0    1    1    0    1
2012  4 24 18 27  0    0     4.22    -0.06    -5.74    -617.9     92.46     17.37     2.055     656853    0    0    0    0    0
2012  4 24 18 28  0    0     4.15    -0.31    -6.05    -612.9     87.50     17.37     2.035     656853    0    0    0    0    0
2012  4 24 18 29  0    0     4.41    -0.89    -5.95    -606.7     76.59     26.23     2.022     668581    0    0    0    0    0
2012  4 24 18 30  0    0     4.84    -1.66    -5.63    -599.9     62.40     40.02     2.013     686938    0    0    0    0    0
2012  4 24 18 31  0    0     5.29    -2.71    -4.71    -592.7     43.02     63.81     2.013     723803    0    0    0    0    0
2012  4 24 18 32  0    0     5.65    -3.74    -3.67    -585.8     25.13     86.18     1.985     758471    0    0    0    0    0
2012  4 24 18 33  0    0     5.83    -4.72    -2.39    -579.5     10.23    105.75     1.899     788746    0    0    0    0    0
2012  4 24 18 34  0    0     5.93    -5.03    -2.01    -575.4      5.92    112.06     1.615     800684    0    1    1    0    1
2012  4 24 18 35  0    0     6.10    -5.06    -2.04    -574.5      6.30    108.96     1.409     806495    0    2    2    0    2
2012  4 24 18 36  0    0     6.23    -4.98    -2.29    -576.2      7.24    101.16     1.377     813516    0    2    2    0    2
2012  4 24 18 37  0    0     5.95    -4.72    -2.84    -577.9      8.19     93.32     1.396     820566    0    2    2    0    2
2012  4 24 18 38  0    0     5.82    -4.22    -3.01    -579.5      9.12     85.55     1.475     827563    0    2    2    0    2
2012  4 24 18 39  0    0     6.44    -4.00    -2.04    -581.2     10.07     77.69     1.565     834636    0    2    2    0    2
2012  4 24 18 40  0    0     6.57    -3.56    -2.44    -582.9     11.01     69.94     1.566     841612    0    2    2    0    2
2012  4 24 18 41  0    0     6.53    -2.63    -3.84    -584.5     11.95     62.07     1.547     848696    0    2    2    0    2
2012  4 24 18 42  0    0     5.52    -2.03    -4.72    -586.2     12.90     54.25     1.515     855733    0    2    2    0    2
2012  4 24 18 43  0    0     5.31    -3.11    -4.30    -587.9     13.85     46.35     1.530     862844    0    2    2    0    2
2012  4 24 18 44  0    0     5.12    -5.48    -3.38    -589.5     14.78     38.61     1.710     868069    0    2    2    0    2
2012  4 24 18 45  0    0     4.81    -5.59    -3.82    -590.9     15.53     32.40     1.863     869363    0    1    1    0    1
2012  4 24 18 46  0    0     4.74    -5.65    -4.18    -590.2     15.25     31.48     1.923     860720    0    0    0    0    0
2012  4 24 18 47  0    0     4.85    -5.74    -4.19    -588.6     14.28     34.85     2.013     843944    0    0    0    0    0
2012  4 24 18 48  0    0     5.03    -5.45    -4.36    -593.5     16.67     37.62     2.260     832707    0    0    0    0    0
2012  4 24 18 49  0    0     4.69    -4.69    -5.14    -601.5     26.52     31.01     2.345     869468    0    0    0    0    0
2012  4 24 18 50  0    0     4.46    -4.21    -5.84    -603.2     31.08     26.78     2.229     890406    0    1    1    0    1
2012  4 24 18 51  0    0     4.41    -3.91    -6.15    -599.1     30.96     25.39     2.081     896938    0    1    1    0    1
2012  4 24 18 52  0    0     4.33    -3.54    -6.30    -592.8     30.34     23.81     1.997     902066    0    2    2    0    2
2012  4 24 18 53  0    0     4.29    -3.32    -6.36    -586.5     29.71     22.23     1.937     905820    0    2    2    0    2
2012  4 24 18 54  0    0     4.32    -3.35    -6.28    -580.2     29.09     20.68     1.911     907441    0    2    2    0    2
2012  4 24 18 55  0    0     4.66    -3.43    -6.16    -574.5     28.52     19.26     1.842     907792    0    1    1    0    1
2012  4 24 18 56  0    0     5.00    -3.51    -6.03    -570.4     28.21     18.29     1.770     887021    0    1    1    0    1
2012  4 24 18 57  0    0     5.16    -3.45    -5.94    -571.6     29.41     19.03     1.665     802183    0    2    2    0    2
2012  4 24 18 58  0    0     5.27    -3.11    -5.99    -574.6     32.60     20.98     1.545     717318    0    2    2    0    2
2012  4 24 18 59  0    0     4.83    -3.90    -5.37    -577.6     35.80     22.94     1.810     685677    0    2    2    0    1
2012  4 24 19  0  0    0     4.67    -4.71    -4.78    -586.9     37.21     25.24     2.272     845414    0    0    0    0    0
2012  4 24 19  1  0    0     4.21    -5.90    -3.73    -602.8     44.89     24.88     2.189     802929    0    0    0    0    0
2012  4 24 19  2  0    0     4.42    -5.47    -3.96    -600.8     57.93     22.37     2.196     800656    0    0    0    0    0
2012  4 24 19  3  0    0     5.02    -3.46    -5.09    -598.1     67.03     14.49     2.265     800656    0    0    0    0    0
2012  4 24 19  4  0    0     5.36    -2.65    -5.46    -596.9     70.19      5.73     2.358     861274    0    0    0    0    0
2012  4 24 19  5  0    0     5.48    -2.35    -5.60    -596.1     72.08      3.30     2.381     872499    0    0    0    0    0
2012  4 24 19  6  0    0     5.48    -1.42    -6.15    -594.3     77.02      2.34     2.309     846822    0    0    0    0    0
2012  4 24 19  7  0    0     5.36    -0.83    -6.54    -592.7     83.65      1.73     2.189     793453    0    0    0    0    0
2012  4 24 19  8  0    0     4.98    -0.61    -6.93    -592.0     83.85      2.29     2.130     753260    0    0    0    0    0
2012  4 24 19  9  0    0     4.33    -0.89    -7.23    -590.2     77.16      4.71     2.111     723665    0    0    0    0    0
2012  4 24 19 10  0    0     3.87    -1.52    -7.29    -585.9     70.62      7.89     2.069     684076    0    0    0    0    0
2012  4 24 19 11  0    0     3.96    -2.13    -7.21    -579.5     67.05     10.99     2.014     636049    0    0    0    0    0
2012  4 24 19 12  0    0     4.32    -2.38    -6.76    -572.9     63.33     15.24     1.980     621641    0    0    0    0    0
2012  4 24 19 13  0    0     4.78    -2.48    -6.14    -566.4     59.55     19.99     1.955     621641    0    0    0    0    0
2012  4 24 19 14  0    0     5.11    -2.82    -5.72    -559.8     52.67     38.31     1.899     590688    0    0    0    0    0
2012  4 24 19 15  0    0     5.36    -3.12    -5.39    -554.8     44.62     55.73     1.832     558098    0    0    0    0    0
2012  4 24 19 16  0    0     5.55    -3.49    -5.28    -555.2     35.05     67.36     1.747     529664    0    0    0    0    0
2012  4 24 19 17  0    0     5.84    -3.95    -5.08    -558.8     30.49     71.15     1.718     532056    0    1    1    0    0
2012  4 24 19 18  0    0     5.89    -3.87    -5.05    -559.9     32.91     70.16     1.717     591372    0    2    2    0    0
2012  4 24 19 19  0    0     5.07    -2.43    -6.15    -606.5    101.80     35.41     2.176     892258    0    1    1    0    0
2012  4 24 19 20  0    0     4.06    -0.46    -7.11    -640.0    147.83     14.49     2.065    1017451    0    0    0    0    0
2012  4 24 19 21  0    0     3.78    -0.41    -7.11    -629.8    142.82      9.76     2.052     974613    0    0    0    0    0
2012  4 24 19 22  0    0     3.55    -0.45    -7.10    -619.5    138.05      5.51     2.034     934484    0    0    0    0    0
2012  4 24 19 23  0    0     3.47    -0.78    -6.99    -608.4    134.13      2.94     2.002     904153    0    0    0    0    0
2012  4 24 19 24  0    0     3.47    -1.09    -6.80    -597.5    130.50      0.74     1.965     880803    0    0    0    0    0
2012  4 24 19 25  0    0     3.46    -1.40    -6.61    -586.5    126.86     -1.46     1.929     857453    0    0    0    0    0
2012  4 24 19 26  0    0     3.61    -1.67    -6.25    -576.0    123.82     -2.88     1.884     848601    0    0    0    0    0
2012  4 24 19 27  0    0     4.76    -2.32    -5.52    -578.6    116.07     -0.72     1.897     867676    0    2    2    0    2
2012  4 24 19 28  0    0     5.92    -2.97    -4.80    -581.2    108.31      1.44     1.910     886751    0    1    1    0    1
2012  4 24 19 29  0    0     5.06    -2.42    -6.71    -603.4     92.19     10.22     2.554     935564    0    0    0    0    0
2012  4 24 19 30  0    0     5.11    -2.39    -6.71    -601.4     93.76     10.51     2.502     914190    0    0    0    0    0
2012  4 24 19 31  0    0     5.14    -2.16    -6.46    -601.1     94.91     12.08     2.433     820229    0    0    0    0    0
2012  4 24 19 32  0    0     5.06    -2.61    -6.40    -602.6     95.58     13.91     2.417     808845    0    0    0    0    0
2012  4 24 19 33  0    0     4.41    -2.86    -6.88    -614.2     84.53     15.07     2.348     829804    0    0    0    0    0
2012  4 24 19 34  0    0     4.00    -2.23    -7.66    -614.3     76.45     14.42     2.294     850055    0    0    0    0    0
2012  4 24 19 35  0    0     4.08    -2.19    -7.73    -609.9     70.24     14.01     2.285     853495    0    0    0    0    0
2012  4 24 19 36  0    0     4.25    -2.51    -7.55    -604.6     64.93     13.63     2.273     841256    0    0    0    0    0
2012  4 24 19 37  0    0     4.42    -3.11    -7.27    -599.3     60.75     13.15     2.244     810660    0    0    0    0    0
2012  4 24 19 38  0    0     4.56    -3.37    -7.15    -595.6     59.90     12.57     2.166     727426    0    0    0    0    0
2012  4 24 19 39  0    0     4.76    -3.29    -7.27    -593.6     59.74     12.40     2.097     659571    0    0    0    0    0
2012  4 24 19 40  0    0     4.93    -2.63    -7.36    -595.4     59.90     12.49     2.093     636026    0    0    0    0    0
2012  4 24 19 41  0    0     4.94    -2.20    -7.28    -602.2     60.50     12.41     2.236     775993    0    0    0    0    0
2012  4 24 19 42  0    0     4.97    -1.82    -7.29    -607.3     66.12     10.14     2.325     774378    0    0    0    0    0
2012  4 24 19 43  0    0     5.07    -1.63    -7.30    -609.7     70.54      8.83     2.345     772201    0    1    1    0    1
2012  4 24 19 44  0    0     4.95    -1.68    -7.21    -615.6     73.90      7.75     2.336     772772    0    2    2    0    2
2012  4 24 19 45  0    0     4.89    -1.75    -7.34    -621.4     74.25      7.73     2.311     772969    0    1    1    0    1
2012  4 24 19 46  0    0     5.19    -1.87    -7.07    -619.4     63.28     12.79     2.275     774376    0    0    0    0    0
2012  4 24 19 47  0    0     5.70    -2.16    -6.43    -613.0     58.96     19.04     2.243     781921    0    0    0    0    0
2012  4 24 19 48  0    0     6.14    -2.38    -5.95    -606.3     59.02     22.83     2.203     796921    0    1    1    0    1
2012  4 24 19 49  0    0     6.53    -2.55    -5.57    -599.4     61.80     25.08     2.158     816555    0    1    1    0    1
2012  4 24 19 50  0    0     6.55    -2.14    -5.76    -592.8     67.32     24.10     2.088     836747    0    2    2    0    2
2012  4 24 19 51  0    0     6.52    -1.86    -5.90    -586.2     72.83     23.08     2.021     856765    0    2    2    0    2
2012  4 24 19 52  0    0     6.39    -1.82    -5.90    -579.8     78.26     22.07     1.959     876467    0    2    2    0    2
2012  4 24 19 53  0    0     6.42    -2.06    -6.03    -573.3     83.68     21.06     1.954     896150    0    2    2    0    2
2012  4 24 19 54  0    0     6.53    -2.39    -6.20    -566.9     89.09     20.06     1.978     914843    0    2    2    0    2
2012  4 24 19 55  0    0     6.81    -2.34    -6.08    -560.6     94.39     19.08     2.113     914843    0    2    2    0    2
2012  4 24 19 56  0    0     7.02    -2.00    -6.01    -555.6     96.40     19.61     2.199     894908    0    1    1    0    1
2012  4 24 19 57  0    0     7.12    -1.25    -6.00    -552.7     92.30     23.11     2.168     839318    0    0    0    0    1
2012  4 24 19 58  0    0     7.25    -1.10    -5.89    -548.6     86.10     28.29     1.961     777619    0    0    0    0    1
2012  4 24 19 59  0    0     7.28    -1.06    -5.88    -546.6     83.71     31.24     1.840     699472    0    0    0    0    2
2012  4 24 20  0  0    0     6.56    -1.86    -6.08    -546.6     80.46     33.63     1.801     671754    0    0    0    0    2
2012  4 24 20  1  0    0     6.35    -2.26    -6.31    -548.5     77.41     33.88     1.930     707958    0    0    0    0    1
2012  4 24 20  2  0    0     6.85    -2.57    -6.27    -549.1     76.85     33.67     1.982     715535    0    0    0    0    0
2012  4 24 20  3  0    0     7.08    -2.36    -5.95    -548.2     74.37     35.12     1.991     707489    0    1    1    0    0
2012  4 24 20  4  0    0     6.81    -2.21    -6.22    -547.2     71.28     36.96     2.017     698064    0    2    2    0    0
2012  4 24 20  5  0    0     6.60    -1.90    -6.40    -546.1     68.12     38.85     2.030     689330    0    2    2    0    1
2012  4 24 20  6  0    0     6.60    -1.72    -6.54    -545.0     64.94     40.75     1.965     680822    0    2    2    0    2
2012  4 24 20  7  0    0     6.80    -1.54    -6.61    -543.9     61.76     42.65     1.899     672353    0    2    2    0    2
2012  4 24 20  8  0    0     6.87    -1.51    -6.55    -542.8     58.61     44.53     1.880     663941    0    2    2    0    2
2012  4 24 20  9  0    0     6.66    -1.91    -6.34    -541.7     55.46     46.41     1.873     655529    0    2    2    0    2
2012  4 24 20 10  0    0     6.45    -2.07    -6.04    -540.7     52.30     48.30     1.861     647117    0    2    2    0    2
2012  4 24 20 11  0    0     6.50    -1.52    -5.73    -539.6     49.15     50.18     1.838     638705    0    2    2    0    2
2012  4 24 20 12  0    0     6.57    -1.84    -5.45    -550.3     55.96     44.56     1.882     669209    0    1    1    0    1
2012  4 24 20 13  0    0     5.14    -2.40    -6.98    -607.0    101.59     11.29     2.290     844930    0    0    0    0    0
2012  4 24 20 14  0    0     4.40    -2.34    -7.17    -607.7    104.66     12.45     2.341     844930    0    0    0    0    0
2012  4 24 20 15  0    0     4.31    -2.56    -7.23    -603.5    106.21     13.23     2.444     860612    0    0    0    0    0
2012  4 24 20 16  0    0     4.52    -2.73    -7.23    -598.4    106.49     13.56     2.579     912889    0    0    0    0    0
2012  4 24 20 17  0    0     5.04    -3.19    -6.94    -596.2    103.68     14.82     2.680    1072203    0    1    1    0    0
2012  4 24 20 18  0    0     5.56    -3.06    -6.85    -593.0     98.35     17.12     2.464    1109298    0    2    2    0    0
2012  4 24 20 19  0    0     5.82    -3.07    -6.75    -589.4     92.43     19.68     2.074    1026515    0    2    2    0    0
2012  4 24 20 20  0    0     5.88    -3.30    -6.63    -585.8     86.51     22.24     1.718     867573    0    2    2    0    0
2012  4 24 20 21  0    0     6.08    -3.34    -6.62    -582.2     80.54     24.81     1.715     712477    0    2    2    0    0
2012  4 24 20 22  0    0     6.12    -3.30    -6.74    -578.6     74.67     27.35     1.723     595460    0    2    2    0    0
2012  4 24 20 23  0    0     6.04    -3.14    -6.90    -575.1     68.84     29.86     1.745     556178    0    2    2    0    1
2012  4 24 20 24  0    0     6.05    -2.83    -6.96    -571.6     62.99     32.39     1.743     549944    0    2    2    0    2
2012  4 24 20 25  0    0     6.14    -2.39    -6.85    -568.0     57.10     34.93     1.669     543721    0    2    2    0    2
2012  4 24 20 26  0    0     5.57    -1.93    -6.62    -564.5     51.22     37.47     1.384     537506    0    2    2    0    2
2012  4 24 20 27  0    0     5.34    -1.69    -6.58    -561.0     45.47     39.95     1.342     531433    0    2    2    0    2
2012  4 24 20 28  0    0     5.35    -1.83    -6.47    -557.5     39.70     42.44     1.388     525341    0    2    2    0    2
2012  4 24 20 29  0    0     5.75    -2.32    -6.34    -554.9     35.35     44.32     1.449     518704    0    1    1    0    1
2012  4 24 20 30  0    0     6.52    -2.88    -6.28    -556.1     32.67     46.70     1.453     509761    0    1    1    0    0
2012  4 24 20 31  0    0     6.53    -2.52    -6.32    -562.0     22.57     56.16     1.570     504134    0    2    2    0    0
2012  4 24 20 32  0    0     6.43    -3.02    -5.89    -567.8     12.58     65.55     1.605     525702    0    1    1    0    0
2012  4 24 20 33  0    0     6.44    -4.66    -5.09    -569.0     10.57     68.08     1.558     514614    0    0    0    0    0
2012  4 24 20 34  0    0     6.55    -5.04    -5.00    -564.6     18.95     61.72     1.534     470262    0    0    0    0    0
2012  4 24 20 35  0    0     6.97    -4.86    -5.02    -562.2     36.60     48.26     1.538     463609    0    0    0    0    0
2012  4 24 20 36  0    0     7.44    -5.05    -4.70    -567.5     43.37     39.48     1.793     575289    0    0    0    0    0
2012  4 24 20 37  0    0     7.73    -5.42    -4.46    -570.5     45.63     36.12     1.999     671014    0    0    0    0    0
2012  4 24 20 38  0    0     7.73    -5.77    -4.56    -565.3     49.18     37.08     1.975     671014    0    0    0    0    0
2012  4 24 20 39  0    0     7.68    -5.69    -4.63    -558.6     51.08     38.13     1.791     572431    0    0    0    0    0
2012  4 24 20 40  0    0     7.62    -5.58    -4.69    -552.1     52.82     39.35     1.600     473847    0    0    0    0    0
2012  4 24 20 41  0    0     7.62    -5.58    -4.76    -549.5     54.29     42.40     1.478     473847    0    0    0    0    0
2012  4 24 20 42  0    0     7.61    -5.87    -4.48    -549.8     54.69     43.60     1.352     478628    0    1    1    0    1
2012  4 24 20 43  0    0     7.74    -6.09    -4.14    -550.9     54.74     44.14     1.330     494287    0    2    2    0    2
2012  4 24 20 44  0    0     7.73    -5.99    -4.28    -552.0     54.77     44.65     1.355     510706    0    2    2    0    2
2012  4 24 20 45  0    0     7.56    -5.91    -4.49    -553.2     54.80     45.16     1.528     516659    0    2    2    0    1
2012  4 24 20 46  0    0     7.69    -5.60    -4.68    -554.4     54.84     45.66     1.643     514264    0    2    2    0    0
2012  4 24 20 47  0    0     7.70    -5.82    -4.60    -555.2     54.86     46.04     1.640     500652    0    1    1    0    0
2012  4 24 20 48  0    0     7.68    -6.31    -4.07    -555.7     49.45     51.83     1.620     482425    0    0    0    0    0
2012  4 24 20 49  0    0     7.51    -6.93    -3.40    -558.4     31.72     70.68     1.629     461261    0    0    0    0    0
2012  4 24 20 50  0    0     7.47    -6.94    -3.39    -560.2     25.86     76.87     1.638     445941    0    1    1    0    0
2012  4 24 20 51  0    0     7.41    -6.92    -3.19    -559.0     26.71     76.51     1.603     436950    0    2    2    0    0
2012  4 24 20 52  0    0     7.36    -7.09    -3.00    -557.1     28.08     75.93     1.572     431072    0    2    2    0    0
2012  4 24 20 53  0    0     7.22    -7.35    -3.14    -555.2     29.44     75.34     1.572     429057    0    2    2    0    0
2012  4 24 20 54  0    0     6.98    -7.29    -3.47    -553.3     30.82     74.75     1.565     433505    0    2    2    0    0
2012  4 24 20 55  0    0     7.19    -7.13    -3.45    -551.4     32.20     74.17     1.526     457298    0    2    2    0    0
2012  4 24 20 56  0    0     7.34    -7.08    -2.56    -549.5     33.56     73.58     1.522     467482    0    2    2    0    0
2012  4 24 20 57  0    0     7.67    -7.27    -1.98    -547.6     34.92     73.00     1.550     476197    0    2    2    0    0
2012  4 24 20 58  0    0     7.58    -7.42    -1.96    -545.5     39.99     68.48     1.666     488367    0    1    1    0    0
2012  4 24 20 59  0    0     7.46    -7.34    -2.38    -543.8     45.09     63.91     1.751     494216    0    0    0    0    0
2012  4 24 21  0  0    0     7.50    -6.87    -3.01    -542.1     51.06     59.80     1.771     488718    0    1    1    1    1
2012  4 24 21  1  0    0     7.59    -6.15    -3.64    -539.6     59.47     54.86     1.767     477026    0    2    2    2    2
2012  4 24 21  2  0    0     7.68    -5.49    -4.14    -536.9     68.72     49.54     1.761     465957    0    2    2    2    2
2012  4 24 21  3  0    0     8.00    -4.94    -4.37    -534.3     77.90     44.26     1.755     465957    0    2    2    2    2
2012  4 24 21  4  0    0     8.46    -4.25    -4.90    -532.1     85.28     41.87     1.763     478605    0    1    1    1    1
2012  4 24 21  5  0    0     8.69    -3.94    -5.09    -530.3     89.14     43.02     1.772     484403    0    0    0    0    0
2012  4 24 21  6  0    0     8.79    -4.25    -4.69    -528.6     90.19     46.30     1.768     470348    0    0    0    0    0
2012  4 24 21  7  0    0     8.87    -4.70    -4.20    -527.1     90.77     49.33     1.720     446592    0    0    0    0    0
2012  4 24 21  8  0    0     8.93    -4.64    -4.14    -526.0     93.70     49.88     1.619     432327    0    0    0    0    0
2012  4 24 21  9  0    0     9.00    -4.46    -4.08    -525.5    101.00     46.66     1.560     423856    0    0    0    0    0
2012  4 24 21 10  0    0     8.85    -4.49    -4.08    -525.7    108.83     42.62     1.579     415848    0    0    0    0    0
2012  4 24 21 11  0    0     8.50    -4.66    -4.20    -525.8    112.70     41.95     1.589     411935    0    0    0    0    0
2012  4 24 21 12  0    0     8.52    -4.19    -4.39    -526.3    113.59     43.09     1.538     402544    0    0    0    0    0
2012  4 24 21 13  0    0     8.62    -3.80    -4.67    -530.8    104.99     42.48     1.340     378908    0    0    0    0    0
2012  4 24 21 14  0    0     8.47    -4.06    -4.84    -534.0     81.17     40.71     1.360     435637    0    0    0    0    0
2012  4 24 21 15  0    0     8.46    -4.55    -4.81    -533.5     68.81     41.95     1.405     448530    0    0    0    0    0
2012  4 24 21 16  0    0     8.42    -4.91    -4.77    -531.8     60.39     45.39     1.324     408639    0    0    0    0    0
2012  4 24 21 17  0    0     8.39    -5.41    -4.49    -530.3     52.54     52.17     1.210     388168    0    0    0    0    0
2012  4 24 21 18  0    0     8.39    -6.11    -3.91    -530.7     46.49     58.95     1.140     387757    0    1    1    0    0
2012  4 24 21 19  0    0     8.34    -6.71    -3.30    -534.0     43.28     60.97     1.132     390553    0    2    2    0    1
2012  4 24 21 20  0    0     8.21    -6.00    -3.58    -538.1     40.81     61.17     1.163     394559    0    2    2    0    2
2012  4 24 21 21  0    0     8.06    -4.93    -4.89    -541.2     38.98     61.32     1.210     391895    0    1    1    0    1
2012  4 24 21 22  0    0     8.02    -4.18    -5.49    -540.9     42.19     56.54     1.254     384629    0    0    0    0    0
2012  4 24 21 23  0    0     8.00    -3.81    -6.17    -538.5     51.48     44.42     1.276     380432    0    0    0    0    0
2012  4 24 21 24  0    0     8.00    -3.33    -6.47    -535.2     57.62     39.36     1.290     380432    0    0    0    0    0
2012  4 24 21 25  0    0     8.10    -3.02    -6.69    -533.7     62.87     34.92     1.301     391563    0    0    0    0    0
2012  4 24 21 26  0    0     8.15    -2.61    -6.97    -533.5     71.42     29.78     1.305     394293    0    0    0    0    0
2012  4 24 21 27  0    0     8.14    -2.39    -7.14    -530.8     75.61     27.70     1.153     378583    0    0    0    0    0
2012  4 24 21 28  0    0     8.13    -2.34    -6.98    -528.0     74.92     30.30     0.979     350634    0    0    0    0    0
2012  4 24 21 29  0    0     8.30    -2.41    -6.35    -528.2     63.34     38.45     0.862     323524    0    0    0    0    0
2012  4 24 21 30  0    0     8.72    -3.05    -6.20    -533.3     43.28     46.74     1.094     360221    0    0    0    0    0
2012  4 24 21 31  0    0     8.96    -3.74    -6.25    -535.6     38.91     49.57     1.554     461196    0    1    1    0    0
2012  4 24 21 32  0    0     8.99    -4.40    -5.80    -538.6     36.76     49.26     1.683     462400    0    2    2    0    0
2012  4 24 21 33  0    0     8.66    -5.77    -5.26    -541.6     34.59     48.82     1.637     424430    0    2    2    0    0
2012  4 24 21 34  0    0     7.99    -6.69    -4.81    -544.6     32.46     48.39     1.666     402899    0    2    2    0    0
2012  4 24 21 35  0    0     7.60    -7.49    -4.47    -547.6     30.30     47.95     1.768     426217    0    2    2    0    0
2012  4 24 21 36  0    0     7.44    -7.84    -3.98    -550.6     28.18     47.52     1.824     466584    0    2    2    0    0
2012  4 24 21 37  0    0     7.44    -7.74    -4.36    -550.9     27.97     47.48     1.827     467270    0    0    0    0    0
2012  4 24 21 38  0    0     7.69    -6.75    -4.59    -556.8     19.80     56.53     1.753     437431    0    0    0    0    0
2012  4 24 21 39  0    0     7.79    -6.49    -4.79    -557.6     18.33     58.57     1.734     419968    0    0    0    0    0
2012  4 24 21 40  0    0     7.76    -6.69    -4.72    -554.7     20.46     55.92     1.736     413990    0    0    0    0    0
2012  4 24 21 41  0    0     7.74    -7.14    -4.66    -551.1     23.13     52.24     1.739     399458    0    0    0    0    0
2012  4 24 21 42  0    0     7.87    -6.72    -4.89    -550.6     23.48     51.69     1.764     399458    0    0    0    0    0
2012  4 24 21 43  0    0     7.96    -5.81    -5.25    -550.6     22.83     51.66     1.793     411284    0    0    0    0    0
2012  4 24 21 44  0    0     7.86    -5.79    -5.29    -548.9     21.57     51.59     1.871     420183    0    0    0    0    0
2012  4 24 21 45  0    0     7.70    -6.13    -5.06    -544.7     20.10     49.57     1.925     421647    0    0    0    0    0
2012  4 24 21 46  0    0     7.58    -6.60    -4.77    -540.0     19.00     47.54     1.971     411670    0    0    0    0    0
2012  4 24 21 47  0    0     7.58    -7.19    -4.48    -535.1     18.64     46.20     2.015     384457    0    0    0    0    0
2012  4 24 21 48  0    0     7.69    -7.18    -4.43    -530.3     19.44     45.72     2.037     380376    0    0    0    0    0
2012  4 24 21 49  0    0     7.81    -7.02    -4.44    -526.0     20.39     46.36     2.050     380328    0    0    0    0    0
2012  4 24 21 50  0    0     7.93    -6.78    -4.53    -522.4     21.20     49.08     2.052     380180    0    0    0    0    0
2012  4 24 21 51  0    0     7.97    -6.82    -4.44    -521.1     22.34     52.15     1.942     380175    0    0    0    0    0
2012  4 24 21 52  0    0     7.78    -7.02    -4.44    -520.7     23.60     46.57     1.800     354469    0    0    0    0    0
2012  4 24 21 53  0    0     7.67    -7.00    -4.84    -520.6     28.96     31.92     1.760     349933    0    0    0    0    0
2012  4 24 21 54  0    0     7.65    -6.64    -5.40    -520.3     42.50     20.61     1.740     351177    0    0    0    0    0
2012  4 24 21 55  0    0     7.79    -6.26    -5.79    -520.1     55.17     16.67     1.694     351451    0    0    0    0    0
2012  4 24 21 56  0    0     8.02    -5.85    -6.11    -522.0     63.04     15.11     1.650     346368    0    0    0    0    0
2012  4 24 21 57  0    0     8.03    -5.65    -6.16    -524.3     65.82     16.41     1.680     351995    0    0    0    0    0
2012  4 24 21 58  0    0     7.95    -5.72    -6.04    -524.1     66.11     16.61     1.732     397011    0    0    0    0    0
2012  4 24 21 59  0    0     7.81    -5.68    -6.03    -521.5     68.61     10.63     1.754     397011    0    0    0    0    0
2012  4 24 22  0  0    0     7.80    -5.51    -6.14    -519.0     72.24      4.58     1.739     362486    0    0    0    0    0
2012  4 24 22  1  0    0     7.86    -5.12    -6.38    -518.2     74.80      2.23     1.715     348807    0    0    0    0    0
2012  4 24 22  2  0    0     7.86    -4.83    -6.61    -519.5     75.05      2.31     1.730     359897    0    0    0    0    0
2012  4 24 22  3  0    0     7.80    -4.55    -6.84    -523.6     72.97      2.61     1.774     363528    0    0    0    0    0
2012  4 24 22  4  0    0     7.85    -4.18    -7.02    -524.8     72.32      1.91     1.822     360626    0    0    0    0    0
2012  4 24 22  5  0    0     7.86    -4.19    -7.06    -523.6     74.89      1.49     1.856     350402    0    0    0    0    0
2012  4 24 22  6  0    0     7.20    -4.62    -6.81    -522.4     79.38      1.95     1.886     350402    0    0    0    0    0
2012  4 24 22  7  0    0     7.22    -4.38    -6.77    -522.6     81.91      7.35     1.917     378961    0    0    0    0    0
2012  4 24 22  8  0    0     7.92    -3.75    -6.78    -523.1     82.04     12.43     1.789     381455    0    1    1    0    0
2012  4 24 22  9  0    0     8.09    -3.78    -6.93    -522.7     82.93     12.92     1.680     381455    0    2    2    0    0
2012  4 24 22 10  0    0     7.92    -3.52    -7.19    -521.5     84.42     13.35     1.776     365430    0    2    2    0    0
2012  4 24 22 11  0    0     7.65    -2.91    -7.44    -520.2     85.88     13.78     2.043     363828    0    2    2    0    0
2012  4 24 22 12  0    0     7.32    -1.97    -7.69    -519.8     87.99     16.05     2.424     394942    0    1    1    0    0
2012  4 24 22 13  0    0     6.89    -0.74    -7.78    -520.8     89.79     19.41     2.737     469979    0    0    0    0    0
2012  4 24 22 14  0    0     6.65    -0.14    -7.76    -522.1     90.01     20.37     2.877     499588    0    0    0    0    0
2012  4 24 22 15  0    0     6.64     0.07    -7.74    -522.9     91.54     18.25     2.911     500068    0    0    0    0    0
2012  4 24 22 16  0    0     6.89    -0.11    -7.70    -522.9     96.00     16.34     2.866     486617    0    0    0    0    0
2012  4 24 22 17  0    0     7.13     0.41    -7.75    -523.2    103.13     16.40     2.803     472436    0    0    0    0    0
2012  4 24 22 18  0    0     7.24    -0.16    -7.85    -524.9    110.42     20.10     2.627     455813    0    1    1    1    1
2012  4 24 22 19  0    0     7.49    -0.69    -7.79    -524.6    108.70     22.37     2.270     440947    0    2    2    2    2
2012  4 24 22 20  0    0     7.65    -0.66    -7.76    -522.8    102.47     22.24     1.879     428657    0    2    2    2    2
2012  4 24 22 21  0    0     7.56    -0.99    -7.65    -520.9     96.24     22.10     1.488     416377    0    2    2    2    2
2012  4 24 22 22  0    0     7.53    -1.79    -7.18    -519.1     89.99     21.97     1.254     404030    0    2    2    1    2
2012  4 24 22 23  0    0     7.32    -3.11    -6.19    -517.2     83.79     21.84     1.184     391791    0    2    2    0    2
2012  4 24 22 24  0    0     6.94    -4.02    -5.11    -515.4     77.61     21.71     1.184     379607    0    2    2    0    2
2012  4 24 22 25  0    0     6.66    -4.26    -4.52    -513.6     71.44     21.58     1.207     367424    0    2    2    0    2
2012  4 24 22 26  0    0     6.63    -4.21    -4.67    -511.8     65.26     21.45     1.268     355258    0    2    2    0    1
2012  4 24 22 27  0    0     6.52    -3.60    -4.92    -509.9     59.09     21.32     1.367     343177    0    2    2    0    1
2012  4 24 22 28  0    0     6.77    -3.63    -5.02    -508.1     52.91     21.19     1.532     331428    0    2    2    0    1
2012  4 24 22 29  0    0     7.31    -4.23    -4.92    -506.3     46.74     21.06     1.667     319971    0    2    2    0    2
2012  4 24 22 30  0    0     7.71    -4.81    -4.75    -504.5     40.57     20.93     1.729     308566    0    2    2    0    2
2012  4 24 22 31  0    0     7.93    -4.96    -4.81    -502.4     35.97     20.22     1.735     295325    0    1    1    0    1
2012  4 24 22 32  0    0     7.76    -4.32    -5.20    -499.7     35.41     18.09     1.710     282743    0    0    0    0    0
2012  4 24 22 33  0    0     6.85    -2.54    -5.80    -496.1     41.36     13.72     1.657     276168    0    0    0    0    0
2012  4 24 22 34  0    0     6.86    -2.00    -6.23    -492.3     48.45     10.58     1.650     275182    0    0    0    0    0
2012  4 24 22 35  0    0     7.01    -1.71    -6.90    -490.0     57.40      6.99     1.655     280031    0    0    0    0    0
2012  4 24 22 36  0    0     7.14    -1.47    -7.59    -490.3     65.00      3.42     1.677     287831    0    0    0    0    0
2012  4 24 22 37  0    0     7.36    -0.61    -7.60    -497.6     67.67      0.80     1.736     273310    0    0    0    0    0
2012  4 24 22 38  0    0     7.35    -0.44    -7.51    -498.7     72.11      0.29     1.804     249375    0    1    1    1    1
2012  4 24 22 39  0    0     7.32     0.67    -7.72    -501.7     66.12      4.44     1.846     233002    0    2    2    2    2
2012  4 24 22 40  0    0     6.10     0.06    -6.14    -523.2     19.68     37.01     2.013     266273    0    0    0    0    0
2012  4 24 22 41  0    0     5.62    -1.02    -5.19    -531.1      4.01     44.66     2.015     281632    0    0    0    0    0
2012  4 24 22 42  0    0     6.10    -2.49    -4.88    -531.3      4.33     43.93     1.989     274099    0    0    0    0    0
2012  4 24 22 43  0    0     6.58    -5.88    -4.69    -531.1      6.89     43.24     1.970     266401    0    0    0    0    0
2012  4 24 22 44  0    0     6.80    -7.41    -4.63    -528.1     11.56     40.22     1.962     257870    0    0    0    0    0
2012  4 24 22 45  0    0     6.99    -7.26    -4.65    -523.3     17.08     35.53     1.959     247764    0    0    0    0    0
2012  4 24 22 46  0    0     7.29    -7.14    -4.65    -518.7     22.49     29.71     1.964     247764    0    0    0    0    0
2012  4 24 22 47  0    0     7.51    -6.80    -4.65    -518.6     26.07     23.50     2.035     273041    0    0    0    0    0
2012  4 24 22 48  0    0     7.30    -6.55    -5.88    -530.8     26.87      8.36     2.155     314193    0    0    0    0    0
2012  4 24 22 49  0    0     7.12    -6.19    -6.81    -532.2     27.53      4.13     1.966     276483    0    0    0    0    0
2012  4 24 22 50  0    0     7.03    -6.03    -7.01    -531.2     27.06      3.38     1.808     245431    0    0    0    0    0
2012  4 24 22 51  0    0     7.03    -5.99    -7.02    -527.9     25.13      7.65     1.760     233267    0    0    0    0    0
2012  4 24 22 52  0    0     7.10    -5.98    -6.94    -523.4     22.33     15.72     1.766     228013    0    0    0    0    0
2012  4 24 22 53  0    0     7.36    -5.94    -6.49    -519.4     20.10     26.35     1.852     228013    0    0    0    0    0
2012  4 24 22 54  0    0     7.46    -6.38    -5.89    -520.2     21.38     32.44     2.102     256626    0    0    0    0    0
2012  4 24 22 55  0    0     6.23    -8.36    -5.13    -536.1     21.62     18.36     2.455     362973    0    0    0    0    0
2012  4 24 22 56  0    0     6.03    -8.49    -5.31    -536.0     14.06     15.53     2.217     279226    0    0    0    0    0
2012  4 24 22 57  0    0     6.21    -8.45    -5.27    -532.6     10.77     14.42     2.044     251228    0    0    0    0    0
2012  4 24 22 58  0    0     6.40    -8.39    -4.81    -530.3     10.38     13.93     1.945     233924    0    1    1    0    1
2012  4 24 22 59  0    0     6.70    -8.35    -4.34    -529.9     12.82     13.97     1.914     220224    0    2    2    0    2
2012  4 24 23  0  0    0     6.69    -8.27    -4.70    -530.8     16.62     14.22     1.846     204922    0    2    2    0    2
2012  4 24 23  1  0    0     6.64    -7.64    -5.41    -531.8     20.42     14.47     1.757     199040    0    2    2    0    2
2012  4 24 23  2  0    0     6.72    -7.33    -5.81    -532.1     20.37     17.69     1.777     215723    0    1    1    0    1
2012  4 24 23  3  0    0     6.98    -7.38    -5.40    -530.1     15.84     29.11     1.814     225662    0    0    0    0    0
2012  4 24 23  4  0    0     7.27    -7.36    -4.78    -527.6      9.79     41.44     1.815     228572    0    0    0    0    0
2012  4 24 23  5  0    0     7.33    -7.11    -4.57    -526.8      4.11     44.46     1.782     230417    0    0    0    0    0
2012  4 24 23  6  0    0     6.92    -6.99    -5.04    -529.4      3.82     31.67     1.787     237202    0    0    0    0    0
2012  4 24 23  7  0    0     6.73    -7.23    -5.25    -528.5      6.90     27.62     1.844     249144    0    0    0    0    0
2012  4 24 23  8  0    0     6.74    -7.34    -5.18    -525.4      8.93     28.51     1.891     255821    0    0    0    0    0
2012  4 24 23  9  0    0     6.79    -7.48    -4.92    -523.0      9.62     31.44     1.915     255597    0    0    0    0    0
2012  4 24 23 10  0    0     6.57    -7.83    -4.84    -523.1      7.88     35.78     1.909     242615    0    0    0    0    0
2012  4 24 23 11  0    0     6.40    -7.97    -4.77    -523.6      7.06     36.70     1.902     243195    0    0    0    0    0
2012  4 24 23 12  0    0     6.42    -7.86    -4.97    -523.6     17.43     32.23     1.893     252569    0    1    1    1    1
2012  4 24 23 13  0    0     6.70    -7.61    -5.38    -523.1     41.54     21.77     1.990     271506    0    2    2    2    2
2012  4 24 23 14  0    0     6.70    -6.82    -5.93    -522.4     70.31      9.23     2.184     290308    0    2    2    2    2
2012  4 24 23 15  0    0     6.59    -6.34    -6.24    -521.7     99.30     -3.41     2.379     309256    0    2    2    2    2
2012  4 24 23 16  0    0     6.65    -6.48    -5.69    -524.7     82.68     -2.45     2.525     328912    0    0    0    0    0
2012  4 24 23 17  0    0     5.29    -8.59    -5.27    -545.1     20.50     17.76     2.455     330493    0    0    0    0    0
2012  4 24 23 18  0    0     5.23    -8.50    -5.14    -543.9     21.24     16.55     2.472     334404    0    0    0    0    0
2012  4 24 23 19  0    0     5.63    -8.18    -5.00    -539.9     23.61     14.82     2.498     343866    0    0    0    0    0
2012  4 24 23 20  0    0     6.29    -7.82    -4.98    -534.6     24.34     14.28     2.506     358868    0    0    0    0    0
2012  4 24 23 21  0    0     6.61    -7.78    -4.88    -529.6     23.58     16.03     2.465     362119    0    0    0    0    0
2012  4 24 23 22  0    0     6.80    -7.84    -4.75    -524.8     21.99     18.78     2.412     351999    0    0    0    0    0
2012  4 24 23 23  0    0     6.88    -7.96    -4.59    -520.4     19.03     22.71     2.369     308630    0    0    0    0    0
2012  4 24 23 24  0    0     6.99    -8.09    -4.32    -517.0     15.75     27.11     2.308     297065    0    0    0    0    0
2012  4 24 23 25  0    0     7.05    -8.19    -4.08    -515.4     13.24     31.22     2.217     302252    0    0    0    0    0
2012  4 24 23 26  0    0     6.81    -8.23    -4.34    -515.5     12.10     33.16     2.104     308836    0    0    0    0    0
2012  4 24 23 27  0    0     6.52    -8.23    -4.78    -514.9     11.16     33.27     1.993     302996    0    0    0    0    0
2012  4 24 23 28  0    0     6.59    -8.34    -4.60    -512.8     10.46     34.46     1.910     292291    0    0    0    0    0
2012  4 24 23 29  0    0     6.82    -8.61    -3.90    -509.4     10.46     37.74     1.909     285487    0    0    0    0    0
2012  4 24 23 30  0    0     6.95    -8.72    -3.58    -506.4     10.51     44.73     1.909     285261    0    0    0    0    0
2012  4 24 23 31  0    0     7.16    -8.78    -3.33    -504.0     10.87     48.45     1.902     283593    0    0    0    0    0
2012  4 24 23 32  0    0     7.31    -8.69    -3.22    -501.0     11.75     49.42     1.882     281364    0    0    0    0    0
2012  4 24 23 33  0    0     7.34    -8.45    -3.24    -496.8     13.04     49.22     1.852     279448    0    0    0    0    0
2012  4 24 23 34  0    0     7.31    -8.32    -3.23    -493.2     15.22     47.90     1.818     279352    0    0    0    0    0
2012  4 24 23 35  0    0     7.29    -8.26    -3.41    -491.5     16.27     47.25     1.802     281378    0    0    0    0    0
2012  4 24 23 36  0    0     7.46    -8.56    -3.18    -492.2     15.46     47.42     1.829     292471    0    0    0    0    0
2012  4 24 23 37  0    0     7.57    -8.84    -2.90    -492.9     13.74     47.82     1.924     303312    0    0    0    0    0
2012  4 24 23 38  0    0     7.50    -8.99    -2.91    -495.8      9.41     47.80     1.966     305592    0    0    0    0    0
2012  4 24 23 39  0    0     7.14    -9.27    -3.24    -502.7      6.24     45.84     1.953     308029    0    0    0    0    0
2012  4 24 23 40  0    0     7.04    -9.38    -3.24    -506.5      6.07     45.27     1.967     329100    0    0    0    0    0
2012  4 24 23 41  0    0     6.94    -9.38    -3.27    -508.9      4.80     49.92     2.017     340033    0    0    0    0    0
2012  4 24 23 42  0    0     6.87    -9.38    -3.13    -512.6      0.20     70.07     2.011     339435    0    0    0    0    0
2012  4 24 23 43  0    0     6.74    -9.62    -2.71    -515.0     -1.25     79.00     1.957     327442    0    0    0    0    0
2012  4 24 23 44  0    0     6.68    -9.80    -2.29    -517.3     -1.19     79.17     1.914     308653    0    0    0    0    0
2012  4 24 23 45  0    0     6.50    -9.94    -2.09    -524.6     -2.01     81.10     1.994     285745    0    0    0    0    1
2012  4 24 23 46  0    0     6.17   -10.10    -1.85    -532.1     -2.78     86.39     2.156     254193    0    0    0    0    2
2012  4 24 23 47  0    0     6.12   -10.11    -1.63    -528.4     -0.55     81.75     2.126     241619    0    0    0    0    2
2012  4 24 23 48  0    0     6.11   -10.12    -1.39    -522.3      2.59     74.56     2.062     232854    0    0    0    0    2
2012  4 24 23 49  0    0     6.06   -10.19    -1.31    -515.7      5.72     67.58     1.981     225558    0    0    0    0    2
2012  4 24 23 50  0    0     6.02   -10.27    -1.24    -508.9      8.84     60.61     1.899     218368    0    0    0    0    2
2012  4 24 23 51  0    0     6.15   -10.12    -1.36    -503.8     10.56     57.19     1.815     217409    0    0    0    0    1
2012  4 24 23 52  0    0     6.29    -9.97    -1.54    -500.1     11.71     54.98     1.754     225637    0    0    0    0    0
2012  4 24 23 53  0    0     6.48    -9.79    -1.90    -500.4     11.62     55.41     1.776     263508    0    0    0    0    0
2012  4 24 23 54  0    0     6.96    -9.36    -2.40    -502.6     11.32     58.53     1.857     311198    0    0    0    0    0
2012  4 24 23 55  0    0     6.89    -9.51    -2.22    -504.1     12.93     56.99     1.992     351703    0    0    0    0    0
2012  4 24 23 56  0    0     6.52    -9.99    -2.03    -507.2     11.92     53.54     2.012     367309    0    0    0    0    0
2012  4 24 23 57  0    0     6.21   -10.09    -2.06    -505.7     11.99     50.61     1.886     317350    0    0    0    0    0
2012  4 24 23 58  0    0     6.07   -10.14    -2.12    -501.9     12.60     44.53     1.788     285268    0    0    0    0    0
2012  4 24 23 59  0    0     6.03   -10.22    -2.20    -497.3     13.13     36.48     1.715     271677    0    0    0    0    0
2012  4 25  0  0  0    0     6.28   -10.14    -1.88    -496.3     16.17     28.48     1.682     271677    0    0    0    0    0
2012  4 25  0  1  0    0     6.46   -10.00    -1.92    -495.3     20.40     21.05     1.664     273093    0    0    0    0    0
2012  4 25  0  2  0    0     6.55    -9.82    -2.25    -494.3     26.05     16.07     1.688     282230    0    0    0    0    0
2012  4 25  0  3  0    0     6.59    -9.79    -2.32    -493.3     30.60     13.04     1.815     303046    0    0    0    0    0
2012  4 25  0  4  0    0     6.74    -9.68    -2.60    -492.4     33.88      6.87     1.938     308887    0    0    0    0    0
2012  4 25  0  5  0    0     6.90    -9.44    -3.10    -491.4     36.48      5.95     1.865     293497    0    0    0    0    0
2012  4 25  0  6  0    0     6.92    -9.20    -3.54    -490.4     36.34      5.53     1.721     262826    0    0    0    0    0
2012  4 25  0  7  0    0     6.97    -9.11    -3.83    -489.4     34.12      6.72     1.645     257975    0    0    0    0    0
2012  4 25  0  8  0    0     6.94    -9.49    -2.92    -488.4     25.55     19.02     1.692     265375    0    0    0    0    0
2012  4 25  0  9  0    0     6.80    -9.64    -2.84    -491.1     22.11     20.21     1.823     284884    0    0    0    0    0
2012  4 25  0 10  0    0     6.70    -9.69    -2.86    -491.1     22.16     18.61     1.822     282623    0    0    0    0    0
2012  4 25  0 11  0    0     6.66    -9.70    -3.06    -490.8     22.87     15.34     1.821     280435    0    0    0    0    1
2012  4 25  0 12  0    0     6.46    -9.82    -3.40    -501.7     13.43     24.68     1.836     304979    0    0    0    0    2
2012  4 25  0 13  0    0     6.54    -9.28    -4.08    -503.3     13.18     28.26     1.850     323257    0    0    0    0    2
2012  4 25  0 14  0    0     6.65    -8.89    -4.52    -501.7     14.27     29.50     1.833     330627    0    0    0    0    1
2012  4 25  0 15  0    0     6.82    -8.74    -4.67    -499.8     15.28     30.48     1.762     325684    0    0    0    0    0
2012  4 25  0 16  0    0     6.84    -8.70    -4.78    -497.8     17.41     30.38     1.617     306849    0    0    0    0    0
2012  4 25  0 17  0    0     6.78    -8.63    -4.79    -495.9     17.67     29.53     1.628     284732    0    0    0    0    0
2012  4 25  0 18  0    0     6.71    -9.10    -3.97    -495.9     19.81     24.01     1.725     277581    0    0    0    0    0
2012  4 25  0 19  0    0     6.89    -9.25    -3.66    -499.2     19.77     25.06     1.837     277150    0    0    0    0    0
2012  4 25  0 20  0    0     6.90    -9.45    -3.51    -502.1     17.33     30.51     1.891     276477    0    0    0    0    0
2012  4 25  0 21  0    0     6.64    -9.51    -3.59    -500.2     15.08     35.98     1.862     269278    0    0    0    0    0
2012  4 25  0 22  0    0     5.97    -9.48    -4.04    -496.6     14.63     44.23     1.801     252226    0    0    0    0    0
2012  4 25  0 23  0    0     5.98    -9.19    -4.36    -493.1     11.86     51.73     1.644     241159    0    0    0    0    0
2012  4 25  0 24  0    0     6.15    -9.26    -3.71    -491.6      9.41     55.09     1.572     236272    0    0    0    0    0
2012  4 25  0 25  0    0     6.74    -9.44    -2.86    -491.5      8.61     54.86     1.572     236272    0    0    0    0    0
2012  4 25  0 26  0    0     7.13    -9.53    -2.75    -489.9     10.95     52.26     1.561     228792    0    0    0    0    0
2012  4 25  0 27  0    0     7.14    -9.61    -2.81    -487.6     14.22     47.82     1.545     217804    0    0    0    0    0
2012  4 25  0 28  0    0     7.14    -9.54    -2.84    -488.1     13.96     43.39     1.557     221356    0    0    0    0    0
2012  4 25  0 29  0    0     7.06    -9.63    -3.12    -491.4     11.93     39.66     1.591     236881    0    0    0    0    0
2012  4 25  0 30  0    0     6.89    -9.98    -3.12    -495.0      7.45     39.43     1.534     240858    0    0    0    0    0
2012  4 25  0 31  0    0     6.80   -10.06    -2.70    -495.3      5.26     41.34     1.445     240858    0    0    0    0    0
2012  4 25  0 32  0    0     6.66    -9.85    -2.50    -495.0      5.25     46.09     1.433     250305    0    0    0    0    0
2012  4 25  0 33  0    0     6.65    -9.68    -2.21    -494.9      7.15     48.37     1.413     252122    0    0    0    0    0
2012  4 25  0 34  0    0     6.76    -9.47    -2.16    -495.4      7.37     47.66     1.216     186163    0    0    0    0    0
2012  4 25  0 35  0    0     6.74    -9.00    -2.60    -507.0     14.16     28.46     1.368     203452    0    0    0    0    0
2012  4 25  0 36  0    0     7.00    -7.69    -3.01    -525.3     80.45     25.98     2.766     349528    0    0    0    0    0
2012  4 25  0 37  0    0     7.04    -6.86    -3.24    -526.5     87.99     23.99     3.005     454112    0    0    0    0    0
2012  4 25  0 38  0    0     7.04    -6.44    -3.24    -526.5     93.51     21.93     3.028     558696    0    0    0    0    1
2012  4 25  0 39  0    0     7.33    -7.89    -1.71    -526.5     94.63     24.23     3.102     558867    0    0    0    0    2
2012  4 25  0 40  0    0     7.26    -8.01    -1.39    -526.5     95.75     26.52     3.177     559462    0    0    0    0    1
2012  4 25  0 41  0    0     7.09    -8.08    -0.60    -526.5     96.87     28.82     3.251     559918    0    0    0    0    0
2012  4 25  0 42  0    0     6.99    -8.23    -0.45    -526.5     97.99     31.12     3.326     560373    0    0    0    0    0
2012  4 25  0 43  0    0     6.81    -8.22    -0.40    -526.4     99.11     33.41     3.400     560829    0    0    0    0    0
2012  4 25  0 44  0    0     6.78    -8.06    -0.66    -526.4    100.24     35.71     3.475     561285    0    0    0    0    0
2012  4 25  0 45  0    0     6.77    -7.71    -1.08    -526.4    101.36     38.00     3.549     561741    0    0    0    0    0
2012  4 25  0 46  0    0     6.01    -4.98    -1.19    -526.4    102.48     40.30     3.623     562196    1    1    1    1    1
2012  4 25  0 47  0    0     4.23     1.31    -1.23    -526.4    103.60     42.59     3.698     562652    1    1    1    1    2
2012  4 25  0 48  0    0     4.37     0.62    -1.59    -526.1    107.77     42.77     3.658     559721    0    0    0    0    1
2012  4 25  0 49  0    0     5.10    -2.77    -4.86    -526.7    110.04     40.64     3.457     566122    0    0    0    0    0
2012  4 25  0 50  0    0     5.60    -2.46    -6.63    -532.5    109.23     39.80     3.399     596781    0    0    0    0    0
2012  4 25  0 51  0    0     5.43     1.72    -6.00    -537.6    106.37     41.60     3.493     619482    0    0    0    0    0
2012  4 25  0 52  0    0     5.57     3.77    -6.08    -537.7    102.54     43.70     3.492     636259    0    0    0    0    0
2012  4 25  0 53  0    0     5.48     3.62    -6.24    -534.3     94.87     44.36     3.483     682226    0    0    0    0    0
2012  4 25  0 54  0    0     5.50     1.36    -6.76    -531.5     89.70     46.49     3.475     705611    0    0    0    0    0
2012  4 25  0 55  0    0     5.54     0.07    -6.93    -530.0     87.83     49.78     3.470     713548    0    0    0    0    0
2012  4 25  0 56  0    0     5.43     0.46    -6.76    -530.9     88.05     52.42     3.485     711662    0    0    0    0    0
2012  4 25  0 57  0    0     5.23     0.79    -6.57    -535.2     86.36     52.93     3.512     709900    0    0    0    0    0
2012  4 25  0 58  0    0     4.76     0.58    -6.24    -544.4     85.50     66.09     3.609     599556    0    0    0    0    0
2012  4 25  0 59  0    0     4.31     0.86    -5.91    -545.4     85.95     67.52     3.653     635883    0    0    0    0    0
2012  4 25  1  0  0    0     2.96     1.74    -5.57    -544.5     87.75     64.19     3.681     669153    0    0    0    0    0
2012  4 25  1  1  0    0     1.41     3.17    -5.48    -543.3     89.54     60.96     3.609     682656    0    0    0    0    1
2012  4 25  1  2  0    0     0.64     4.30    -5.50    -541.5     94.51     58.52     3.452     690406    0    0    0    0    2
2012  4 25  1  3  0    0     0.42     5.03    -5.27    -538.9    103.71     55.62     3.285     697539    0    0    0    0    2
2012  4 25  1  4  0    0    -0.03     5.79    -4.77    -538.3    107.46     52.88     3.189     706311    0    0    0    0    2
2012  4 25  1  5  0    0    -2.03     3.56    -2.62    -557.1     55.89     36.95     4.041     729629    0    0    0    0    2
2012  4 25  1  6  0    0    -3.08     3.89    -1.53    -558.4     61.66     34.55     4.098     739688    0    0    0    0    2
2012  4 25  1  7  0    0    -2.95     4.56    -1.45    -558.2     73.91     34.40     4.138     748742    0    0    0    0    2
2012  4 25  1  8  0    0    -2.32     4.98    -2.25    -557.9     79.77     35.42     4.182     753346    0    0    0    0    2
2012  4 25  1  9  0    0    -1.78     5.00    -3.00    -554.8     83.00     41.94     3.984     691915    0    0    0    0    1
2012  4 25  1 10  0    0    -1.62     4.92    -3.02    -548.7     83.70     53.53     3.552     560277    0    0    0    0    1
2012  4 25  1 11  0    0    -1.46     4.99    -3.32    -545.6     84.01     59.48     3.298     486928    0    0    0    0    0
2012  4 25  1 12  0    0    -1.50     5.30    -3.49    -545.8     84.14     61.26     3.202     463083    0    0    0    0    0
2012  4 25  1 13  0    0    -1.64     5.24    -3.70    -547.2     87.33     50.90     3.469     486153    0    0    0    0    0
2012  4 25  1 14  0    0    -0.86     4.49    -4.66    -548.0     92.72     36.63     3.912     537871    0    0    0    0    0
2012  4 25  1 15  0    0    -0.48     3.63    -4.98    -548.3     94.55     29.33     4.060     547356    0    0    0    0    0
2012  4 25  1 16  0    0    -0.53     3.18    -5.10    -543.1     84.81     27.92     3.780     513107    0    0    0    0    0
2012  4 25  1 17  0    0    -0.62     2.82    -5.20    -536.7     72.81     27.42     3.434     470314    0    0    0    0    0
2012  4 25  1 18  0    0    -0.41     2.73    -5.12    -529.0     59.77     26.77     3.172     408891    0    0    0    0    0
2012  4 25  1 19  0    0    -0.10     2.34    -5.01    -521.4     47.16     26.00     2.947     362928    0    0    0    0    0
2012  4 25  1 20  0    0     0.21     1.95    -4.90    -513.8     34.56     25.24     2.721     316966    0    0    0    0    0
2012  4 25  1 21  0    0     0.65     1.11    -4.74    -506.4     22.60     24.29     2.552     294194    0    0    0    0    0
2012  4 25  1 22  0    0     0.90     0.27    -4.55    -502.1     15.04     23.77     2.453     280911    0    0    0    0    0
2012  4 25  1 23  0    0     0.94    -0.46    -4.43    -501.7     13.74     24.01     2.442     280911    0    0    0    0    0
2012  4 25  1 24  0    0     1.01    -0.87    -4.49    -499.5     12.99     24.31     2.385     270075    0    0    0    0    0
2012  4 25  1 25  0    0     0.98    -0.94    -4.63    -494.7     12.99     24.31     2.262     237567    0    0    0    0    0
2012  4 25  1 26  0    0     0.98    -1.09    -4.74    -493.1     14.58     22.21     2.222     227815    0    0    0    0    0
2012  4 25  1 27  0    0     1.09    -1.22    -4.75    -493.0     15.37     17.48     2.421     240035    0    0    0    0    0
2012  4 25  1 28  0    0     1.61    -1.03    -4.77    -503.8      9.45      8.70     2.439     243130    0    0    0    0    0
2012  4 25  1 29  0    0     1.76    -0.96    -5.14    -502.4     12.66      4.74     2.340     234495    0    0    0    0    0
2012  4 25  1 30  0    0     3.06    -2.38    -5.70    -500.9     16.06      1.97     2.284     226522    0    0    0    0    0
2012  4 25  1 31  0    0     5.47    -5.74    -5.92    -501.4     15.49      1.50     2.301     227994    0    0    0    0    0
2012  4 25  1 32  0    0     5.55    -6.32    -5.84    -502.3     14.56      5.21     2.464     237803    0    0    0    0    0
2012  4 25  1 33  0    0     5.57    -6.62    -5.60    -502.6     14.36      9.06     2.657     250681    0    0    0    0    0
2012  4 25  1 34  0    0     5.53    -6.61    -5.32    -502.4     14.25      8.89     2.684     257151    0    0    0    0    0
2012  4 25  1 35  0    0     5.65    -6.54    -5.45    -502.0     13.99      8.12     2.670     260009    0    0    0    0    0
2012  4 25  1 36  0    0     5.81    -6.47    -5.58    -501.3     13.61      7.80     2.618     259116    0    0    0    0    0
2012  4 25  1 37  0    0     6.01    -6.31    -5.40    -498.7     13.39     10.43     2.531     257480    0    0    0    0    0
2012  4 25  1 38  0    0     6.36    -6.05    -5.13    -493.0     13.34     16.82     2.436     257480    0    0    0    0    0
2012  4 25  1 39  0    0     6.64    -5.87    -4.86    -488.5     13.11     21.91     2.370     260187    0    0    0    0    0
2012  4 25  1 40  0    0     6.73    -5.88    -4.63    -486.3     12.60     24.46     2.366     268833    0    0    0    0    0
2012  4 25  1 41  0    0     6.63    -6.05    -4.60    -484.6     12.52     26.35     2.428     284384    0    0    0    0    0
2012  4 25  1 42  0    0     6.33    -6.29    -4.46    -483.6     12.73     26.73     2.442     285162    0    0    0    0    0
2012  4 25  1 43  0    0     6.19    -6.44    -4.36    -483.3     12.80     26.77     2.432     285162    0    0    0    0    0
2012  4 25  1 44  0    0     6.25    -6.52    -4.28    -485.4     10.17     27.65     2.429     285608    0    0    0    0    0
2012  4 25  1 45  0    0     6.51    -6.65    -4.02    -486.4      6.04     32.31     2.513     304948    0    0    0    0    0
2012  4 25  1 46  0    0     6.58    -6.77    -3.75    -486.1      6.98     31.94     2.647     315183    0    0    0    0    0
2012  4 25  1 47  0    0     6.63    -6.77    -3.74    -483.2     18.90     24.08     2.789     315183    0    0    0    0    0
2012  4 25  1 48  0    0     6.59    -6.60    -4.23    -481.9     25.82     19.81     2.870     301550    0    0    0    0    0
2012  4 25  1 49  0    0     6.46    -6.48    -4.62    -482.5     29.07     17.80     2.895     287828    0    0    0    0    0
2012  4 25  1 50  0    0     6.50    -6.41    -4.96    -482.9     29.84     13.92     2.836     285263    0    0    0    0    0
2012  4 25  1 51  0    0     6.60    -6.10    -5.00    -482.8     29.90     12.34     2.726     285263    0    0    0    0    0
2012  4 25  1 52  0    0     6.79    -5.96    -4.98    -480.1     33.00     13.80     2.550     261983    0    0    0    0    0
2012  4 25  1 53  0    0     6.94    -5.98    -4.97    -477.4     36.10     15.44     2.400     235276    0    0    0    0    0
2012  4 25  1 54  0    0     6.93    -6.24    -4.88    -477.3     36.12     16.18     2.338     217592    0    0    0    0    0
2012  4 25  1 55  0    0     7.04    -6.48    -4.62    -480.1     31.22     17.12     2.379     222764    0    0    0    0    0
2012  4 25  1 56  0    0     7.23    -6.46    -4.45    -480.6     28.36     20.05     2.466     238401    0    0    0    0    0
2012  4 25  1 57  0    0     7.17    -6.50    -4.35    -480.2     24.94     25.18     2.552     250624    0    0    0    0    0
2012  4 25  1 58  0    0     7.08    -6.62    -4.28    -479.7     22.44     30.90     2.601     254099    0    0    0    0    0
2012  4 25  1 59  0    0     6.73    -6.78    -4.38    -478.5     21.95     35.47     2.598     253437    0    0    0    0    0
2012  4 25  2  0  0    0     6.30    -6.97    -4.50    -476.7     22.05     38.48     2.557     251186    0    0    0    0    0
2012  4 25  2  1  0    0     6.38    -7.17    -4.30    -475.6     21.91     39.46     2.482     246705    0    0    0    0    0
2012  4 25  2  2  0    0     6.59    -7.19    -3.96    -476.1     20.31     39.60     2.411     243420    0    0    0    0    0
2012  4 25  2  3  0    0     6.27    -7.52    -3.68    -491.6     16.97     38.70     3.075     302777    0    0    0    0    0
2012  4 25  2  4  0    0     5.97    -7.69    -3.46    -494.8     14.61     25.61     2.806     266340    0    0    0    0    0
2012  4 25  2  5  0    0     5.83    -7.76    -3.75    -493.8     12.36     20.39     2.631     258160    0    0    0    0    0
2012  4 25  2  6  0    0     5.69    -7.78    -3.90    -494.2      9.00     24.01     2.475     258160    0    1    1    0    0
2012  4 25  2  7  0    0     5.73    -7.67    -4.31    -495.3      5.11     30.54     2.315     249081    0    2    2    0    0
2012  4 25  2  8  0    0     5.52    -7.72    -4.39    -496.3      1.39     36.79     2.297     247536    0    1    1    0    0
2012  4 25  2  9  0    0     5.42    -7.75    -4.39    -496.6      1.35     37.48     2.393     261369    0    0    0    0    0
2012  4 25  2 10  0    0     5.24    -8.15    -4.39    -498.9      6.25     42.84     2.999     301931    0    0    0    0    0
2012  4 25  2 11  0    0     5.25    -8.12    -4.46    -497.0     13.46     37.79     3.391     329157    0    0    0    0    0
2012  4 25  2 12  0    0     5.33    -8.12    -4.46    -496.5     13.48     40.66     3.455     331196    0    0    0    0    0
2012  4 25  2 13  0    0     5.02    -8.47    -4.15    -496.7     13.39     45.06     3.456     331298    0    0    0    0    0
2012  4 25  2 14  0    0     4.68    -8.76    -3.93    -501.5     10.07     47.96     3.427     329649    0    0    0    0    0
2012  4 25  2 15  0    0     4.66    -8.74    -3.79    -503.1      8.94     50.04     3.436     334906    0    0    0    0    0
2012  4 25  2 16  0    0     4.92    -8.63    -3.40    -504.0     12.86     51.70     3.513     349427    0    0    0    0    0
2012  4 25  2 17  0    0     5.05    -8.58    -3.18    -504.7     18.71     53.47     3.563     370469    0    0    0    0    0
2012  4 25  2 18  0    0     4.98    -8.57    -3.05    -506.0     25.69     57.93     3.563     393850    0    0    0    0    0
2012  4 25  2 19  0    0     4.59    -8.48    -2.44    -505.1     32.09     51.04     3.610     405336    0    0    0    0    1
2012  4 25  2 20  0    0     3.45    -8.19    -0.75    -506.9     40.41     49.90     3.865     416562    0    0    0    0    2
2012  4 25  2 21  0    0     2.39    -8.20     0.32    -509.6     49.29     51.92     4.089     428385    0    0    0    0    2
2012  4 25  2 22  0    0     2.35    -8.36     0.21    -509.8     56.38     51.53     4.141     437816    0    0    0    0    2
2012  4 25  2 23  0    0     2.59    -8.33     0.35    -510.1     62.53     51.84     4.174     447019    0    0    0    0    2
2012  4 25  2 24  0    0     3.00    -8.32     0.38    -509.9     64.95     48.82     4.160     455986    0    0    0    0    2
2012  4 25  2 25  0    0     3.30    -8.48    -0.19    -514.1     63.77     48.91     4.101     468489    0    0    0    0    2
2012  4 25  2 26  0    0     3.30    -8.52    -0.62    -517.2     61.08     44.42     4.075     480334    0    0    0    0    2
2012  4 25  2 27  0    0     3.18    -8.42    -1.22    -517.4     60.58     42.67     4.059     489579    0    0    0    0    2
2012  4 25  2 28  0    0     3.13    -8.40    -1.74    -516.8     60.32     42.17     4.032     498165    0    0    0    0    2
2012  4 25  2 29  0    0     2.95    -8.61    -2.10    -518.4     56.27     41.65     4.023     501998    0    0    0    0    2
2012  4 25  2 30  0    0     2.34    -8.98    -1.84    -519.7     49.83     40.22     4.030     496956    0    0    0    0    1
2012  4 25  2 31  0    0     1.91    -9.15    -1.41    -518.9     43.92     43.31     3.983     467734    0    0    0    0    0
2012  4 25  2 32  0    0     1.77    -9.24    -1.16    -516.5     38.79     42.55     3.920     439438    0    0    0    0    0
2012  4 25  2 33  0    0     1.76    -9.29    -1.14    -513.1     34.29     39.88     3.874     416891    0    0    0    0    0
2012  4 25  2 34  0    0     1.79    -9.28    -1.35    -508.9     30.27     37.34     3.852     398765    0    0    0    0    0
2012  4 25  2 35  0    0     1.83    -9.10    -2.09    -508.2     24.42     32.32     3.848     380115    0    0    0    0    1
2012  4 25  2 36  0    0     1.91    -8.95    -2.40    -507.4     22.73     29.08     3.841     362728    0    0    0    0    2
2012  4 25  2 37  0    0     1.80    -9.11    -2.50    -505.5     22.34     28.74     3.847     347771    0    0    0    0    2
2012  4 25  2 38  0    0     1.88    -9.29    -2.52    -504.2     22.05     29.49     3.871     342454    0    0    0    0    1
2012  4 25  2 39  0    0     1.97    -9.37    -2.29    -506.5     20.37     32.46     3.874     361626    0    0    0    0    0
2012  4 25  2 40  0    0     1.71    -9.39    -1.60    -505.8     20.39     40.61     3.801     367265    0    0    0    0    0
2012  4 25  2 41  0    0     1.79    -9.37    -0.71    -503.3     22.89     47.12     3.773     367265    0    0    0    0    0
2012  4 25  2 42  0    0     1.99    -9.35     0.11    -501.6     25.62     50.44     3.861     371142    0    0    0    0    0
2012  4 25  2 43  0    0     2.04    -9.22     0.45    -502.0     26.96     49.63     4.088     378261    0    0    0    0    0
2012  4 25  2 44  0    0     1.53    -8.84     0.90    -503.1     27.83     43.07     4.204     379487    0    0    0    0    0
2012  4 25  2 45  0    0     1.07    -8.63     1.40    -503.1     28.29     35.92     4.012     361585    0    0    0    0    0
2012  4 25  2 46  0    0     1.44    -8.68     1.26    -500.9     26.51     32.88     3.693     332360    0    0    0    0    0
2012  4 25  2 47  0    0     2.23    -8.79     0.93    -497.4     22.40     30.31     3.428     309313    0    0    0    0    0
2012  4 25  2 48  0    0     2.52    -8.92    -0.19    -495.2     21.29     27.77     3.275     302881    0    0    0    0    0
2012  4 25  2 49  0    0     2.80    -8.71    -0.93    -494.5     19.51     27.03     3.231     298194    0    0    0    0    0
2012  4 25  2 50  0    0     2.89    -8.64    -1.30    -494.8     21.98     24.63     3.492     297264    0    0    0    0    0
2012  4 25  2 51  0    0     2.81    -8.86    -1.56    -495.0     27.83     22.01     3.614     298616    0    0    0    0    0
2012  4 25  2 52  0    0     3.35    -8.73    -2.36    -494.3     35.13     15.99     3.630     298887    0    0    0    0    0
2012  4 25  2 53  0    0     3.96    -8.05    -3.54    -492.8     42.64      8.29     3.228     261393    0    0    0    0    0
2012  4 25  2 54  0    0     4.37    -7.50    -4.50    -494.2     50.10      3.12     2.892     239736    0    0    0    0    0
2012  4 25  2 55  0    0     4.15    -7.32    -4.42    -496.2     55.90      2.49     2.771     238827    0    0    0    0    0
2012  4 25  2 56  0    0     4.11    -6.88    -4.43    -496.7     62.48     -8.94     2.672     238805    0    0    0    0    0
2012  4 25  2 57  0    0     4.11    -6.81    -4.40    -496.4     53.25     -9.21     2.658     238805    0    0    0    0    0
2012  4 25  2 58  0    0     3.99    -6.93    -4.11    -495.3     66.05      5.41     2.722     256250    0    0    0    0    0
2012  4 25  2 59  0    0     3.41    -6.45    -2.84    -509.5     83.68     17.45     4.343     343790    0    0    0    0    2
2012  4 25  3  0  0    0     1.02    -3.52    -0.24    -522.6    101.10     15.46     3.490     375867    0    0    0    0    0
2012  4 25  3  1  0    0     1.30    -1.94    -0.43    -519.2    100.21     17.06     3.434     361347    0    0    0    0    0
2012  4 25  3  2  0    0     1.58    -1.10    -0.40    -517.1     99.62     18.38     3.400     347977    0    0    0    0    0
2012  4 25  3  3  0    0     1.65    -0.81    -0.25    -516.8     99.56     20.52     3.374     333938    0    0    0    0    0
2012  4 25  3  4  0    0     1.12    -0.83     0.30    -516.3    101.85     24.30     3.356     322951    0    0    0    0    0
2012  4 25  3  5  0    0     0.41    -0.98     1.06    -514.6    105.16     27.92     3.354     316459    0    0    0    0    0
2012  4 25  3  6  0    0    -0.08    -1.15     2.18    -514.7    107.92     30.21     3.408     311836    0    0    0    0    0
2012  4 25  3  7  0    0    -2.65     1.03     7.70    -524.6    122.16     43.89     3.643     310117    0    0    0    0    0
2012  4 25  3  8  0    0    -2.35     3.90     7.82    -524.7    119.44     45.68     3.636     313943    0    0    0    0    1
2012  4 25  3  9  0    0    -1.62     5.26     7.71    -524.7    114.49     45.81     3.635     325537    0    0    0    0    2
2012  4 25  3 10  0    0    -1.12     4.74     7.85    -524.6    113.41     46.06     3.683     337872    0    0    0    0    2
2012  4 25  3 11  0    0    -0.68     4.17     8.04    -523.9    111.98     45.45     3.742     349614    0    0    0    0    2
2012  4 25  3 12  0    0    -0.47     3.95     8.18    -520.6    111.02     45.74     3.742     358951    0    0    0    0    2
2012  4 25  3 13  0    0    -0.35     3.68     8.34    -520.2    108.36     45.48     3.878     371109    0    0    0    0    2
2012  4 25  3 14  0    0    -0.58     3.57     8.64    -520.9    102.92     45.22     4.125     384198    0    0    0    0    2
2012  4 25  3 15  0    0    -1.40     2.88     9.41    -521.4     99.39     47.65     4.171     397034    0    0    0    0    2
2012  4 25  3 16  0    0    -1.74     2.25     9.92    -520.8     98.49     50.77     4.056     408617    0    0    0    0    2
2012  4 25  3 17  0    0    -2.04     1.07     9.95    -520.0     98.69     51.71     3.871     419788    0    0    0    0    2
2012  4 25  3 18  0    0    -2.52     0.18     9.49    -524.0     98.19     53.64     4.428     436210    0    0    0    0    2
2012  4 25  3 19  0    0    -3.26    -1.13     8.94    -529.9     95.92     53.23     5.085     454736    0    0    0    0    2
2012  4 25  3 20  0    0    -3.64    -1.96     8.85    -536.3     91.66     55.55     4.668     473949    0    0    0    0    2
2012  4 25  3 21  0    0    -3.98    -2.66     8.60    -538.8     87.27     51.01     4.536     489208    0    0    0    0    2
2012  4 25  3 22  0    0    -4.21    -4.01     7.95    -538.1     79.95     44.15     4.637     498725    0    0    0    0    1
2012  4 25  3 23  0    0    -4.58    -5.57     6.11    -536.8     73.38     40.48     4.704     498358    0    0    0    0    1
2012  4 25  3 24  0    0    -4.49    -6.36     5.17    -538.3     65.55     38.91     4.662     488009    0    0    0    0    2
2012  4 25  3 25  0    0    -4.31    -6.33     4.91    -535.9     59.67     49.43     4.504     480505    0    0    0    0    2
2012  4 25  3 26  0    0    -4.27    -6.14     4.96    -534.9     53.49     48.65     4.305     472277    0    0    0    0    2
2012  4 25  3 27  0    0    -4.43    -6.00     4.77    -533.7     52.10     47.98     4.186     464262    0    0    0    0    2
2012  4 25  3 28  0    0    -4.27    -6.37     4.34    -532.8     51.57     47.29     3.938     455977    0    0    0    0    2
2012  4 25  3 29  0    0    -3.79    -7.30     3.88    -530.9     53.99     46.82     3.684     448075    0    0    0    0    2
2012  4 25  3 30  0    0    -3.21    -8.39     2.91    -532.0     56.88     36.32     3.810     437655    0    0    0    0    2
2012  4 25  3 31  0    0    -3.28    -8.70     2.93    -535.9     58.18     42.14     4.202     424933    0    0    0    0    2
2012  4 25  3 32  0    0    -3.59    -7.76     3.98    -537.2     59.56     46.18     4.181     414727    0    0    0    0    2
2012  4 25  3 33  0    0    -3.22    -6.95     5.57    -537.1     60.75     49.17     3.992     405622    0    0    0    0    2
2012  4 25  3 34  0    0    -2.44    -7.32     5.84    -532.6     57.52     48.65     3.806     399380    0    0    0    0    2
2012  4 25  3 35  0    0    -2.00    -7.69     5.77    -528.6     53.93     47.48     3.627     396988    0    0    0    0    2
2012  4 25  3 36  0    0    -1.75    -8.18     5.19    -524.7     50.20     43.77     3.475     397636    0    0    0    0    1
2012  4 25  3 37  0    0    -1.43    -9.03     3.71    -520.0     46.75     33.57     3.395     400229    0    0    0    0    1
2012  4 25  3 38  0    0    -0.94    -9.78     2.23    -517.1     46.83     27.52     3.371     424346    0    0    0    0    0
2012  4 25  3 39  0    0    -0.55   -10.34     1.41    -515.3     46.61     28.09     3.408     447394    0    0    0    0    0
2012  4 25  3 40  0    0    -0.22   -10.68     1.32    -515.1     44.54     33.94     3.525     458432    0    0    0    0    0
2012  4 25  3 41  0    0     0.13   -10.69     1.67    -516.3     42.50     41.52     3.679     462936    0    0    0    0    1
2012  4 25  3 42  0    0     0.22   -10.33     2.32    -516.8     40.70     48.19     3.819     468575    0    0    0    0    2
2012  4 25  3 43  0    0    -1.05    -8.68     4.02    -517.6     39.05     53.90     3.865     472032    0    0    0    0    2
2012  4 25  3 44  0    0    -2.02    -7.89     4.43    -523.7     33.15     55.40     3.806     465735    0    0    0    0    0
2012  4 25  3 45  0    0    -1.96    -8.02     4.01    -523.2     33.45     53.35     3.800     454894    0    0    0    0    0
2012  4 25  3 46  0    0    -2.36    -8.40     3.15    -521.8     33.45     52.59     3.800     454894    0    0    0    0    0
2012  4 25  3 47  0    0    -2.54    -9.23     1.99    -523.1     33.94     50.87     3.798     453493    0    0    0    0    0
2012  4 25  3 48  0    0    -2.60    -9.44     1.22    -519.4     34.79     48.75     3.795     432479    0    0    0    0    0
2012  4 25  3 49  0    0    -2.04    -9.60     0.84    -516.3     35.61     47.09     3.837     425474    0    0    0    0    0
2012  4 25  3 50  0    0    -1.39    -9.79     0.76    -514.6     39.73     45.52     3.943     434590    0    0    0    0    0
2012  4 25  3 51  0    0    -0.82    -9.93     0.86    -514.4     48.18     43.51     4.055     464168    0    0    0    0    0
2012  4 25  3 52  0    0    -0.12    -9.66     0.80    -514.6     55.85     42.29     4.118     516893    0    0    0    0    0
2012  4 25  3 53  0    0     0.13    -8.73     0.13    -514.7     61.50     40.85     4.264     616580    0    0    0    0    0
2012  4 25  3 54  0    0     0.37    -7.82    -0.30    -513.8     63.32     38.03     4.291     703281    0    0    0    0    0
2012  4 25  3 55  0    0     0.70    -7.79     0.09    -512.6     63.42     35.71     3.919     707090    0    1    1    0    1
2012  4 25  3 56  0    0     1.23    -7.84    -0.04    -510.6     62.09     30.24     3.331     701059    0    1    1    0    2
2012  4 25  3 57  0    0     2.09    -8.14    -2.51    -507.9     60.10     32.28     3.331     649360    0    1    1    0    2
2012  4 25  3 58  0    0     2.32    -8.25    -3.30    -505.7     54.84     27.89     3.295     596388    0    1    2    0    2
2012  4 25  3 59  0    0     2.62    -8.71    -3.76    -503.6     48.69     22.21     2.874     541746    0    1    2    0    2
2012  4 25  4  0  0    0     3.16    -8.94    -4.00    -502.6     41.76     18.99     2.444     479268    0    1    1    0    2
2012  4 25  4  1  0    0     3.58    -8.56    -3.85    -503.1     35.16     19.75     2.294     403424    0    1    1    0    2
2012  4 25  4  2  0    0     3.66    -8.23    -3.77    -504.5     33.72     21.61     2.243     320949    0    1    2    0    2
2012  4 25  4  3  0    0     3.92    -8.19    -3.78    -505.8     34.83     23.74     2.356     291868    0    1    1    0    1
2012  4 25  4  4  0    0     4.34    -8.40    -4.36    -507.3     29.73     29.21     3.229     425431    0    0    0    0    0
2012  4 25  4  5  0    0     4.68    -8.49    -4.99    -506.2     32.12     31.78     3.403     456061    0    0    0    0    0
2012  4 25  4  6  0    0     4.90    -8.51    -5.40    -504.6     35.00     31.82     3.409     459970    0    0    0    0    0
2012  4 25  4  7  0    0     5.12    -8.56    -5.64    -499.5     36.78     31.34     3.422     462601    0    0    0    0    0
2012  4 25  4  8  0    0     5.36    -8.65    -5.79    -491.7     38.10     31.03     3.441     464249    0    0    0    0    0
2012  4 25  4  9  0    0     5.54    -8.71    -5.92    -486.3     40.39     30.72     3.457     466939    0    0    0    0    0
2012  4 25  4 10  0    0     5.71    -8.76    -6.05    -481.0     42.68     30.40     3.472     469629    0    0    0    0    0
2012  4 25  4 11  0    0     5.49    -8.82    -6.08    -481.6     48.40     30.40     3.344     473165    0    0    0    0    0
2012  4 25  4 12  0    0     5.50    -8.75    -5.95    -479.7     49.44     34.21     2.910     473951    0    0    0    0    0
2012  4 25  4 13  0    0     5.71    -8.43    -3.93    -477.7     50.81     41.30     2.400     473175    0    0    0    0    1
2012  4 25  4 14  0    0     5.90    -7.95     0.11    -477.8     55.08     55.36     2.026     470945    0    0    0    0    2
2012  4 25  4 15  0    0     5.77    -7.75     2.23    -478.5     56.63     69.73     2.085     468554    0    0    0    0    2
2012  4 25  4 16  0    0     5.60    -7.65     3.81    -479.2     58.91     72.33     2.443     466173    0    0    0    0    2
2012  4 25  4 17  0    0     5.61    -7.71     3.36    -479.1     60.09     71.58     2.577     463981    0    0    0    0    2
2012  4 25  4 18  0    0     6.16    -7.54     2.34    -486.5     58.38     68.66     2.446     460271    0    1    1    0    2
2012  4 25  4 19  0    0     5.69    -8.65     0.40    -490.3     57.01     65.78     2.400     457239    0    1    1    0    2
2012  4 25  4 20  0    0     5.49    -9.16    -0.78    -491.4     55.15     65.36     2.423     454758    0    1    1    0    2
2012  4 25  4 21  0    0     5.40    -9.31    -1.41    -491.0     51.34     63.78     2.432     452560    0    1    1    0    2
2012  4 25  4 22  0    0     5.37    -9.50    -2.02    -490.9     48.06     60.95     2.475     450822    0    1    1    0    2
2012  4 25  4 23  0    0     5.09    -9.61    -2.63    -491.9     46.13     57.70     2.841     450207    0    1    1    0    1
2012  4 25  4 24  0    0     4.74    -9.59    -3.23    -492.1     44.59     53.86     3.105     460964    0    1    1    0    0
2012  4 25  4 25  0    0     4.51    -9.56    -3.50    -491.9     42.93     51.06     3.108     477752    0    1    1    0    0
2012  4 25  4 26  0    0     4.38    -9.56    -3.51    -491.9     39.49     50.94     2.946     487823    0    0    0    0    1
2012  4 25  4 27  0    0     4.49    -9.54    -3.36    -492.1     34.76     53.13     2.671     493212    0    1    1    0    2
2012  4 25  4 28  0    0     4.75    -9.35    -3.20    -491.0     32.37     56.10     2.557     497764    0    1    1    0    2
2012  4 25  4 29  0    0     4.95    -9.10    -3.23    -489.3     32.85     57.75     2.604     501946    0    1    1    0    2
2012  4 25  4 30  0    0     5.03    -8.91    -3.46    -489.4     35.62     54.61     2.743     507245    0    1    1    0    1
2012  4 25  4 31  0    0     5.00    -8.88    -3.71    -491.3     36.79     49.88     2.838     530990    0    1    1    0    0
2012  4 25  4 32  0    0     4.67    -9.87    -3.78    -492.1     36.24     48.89     2.838     572943    0    1    1    0    0
2012  4 25  4 33  0    0     4.04   -10.44    -3.75    -497.7     43.63     48.30     3.288     589143    0    1    1    0    0
2012  4 25  4 34  0    0     4.39   -10.33    -3.82    -496.2     42.90     49.23     3.271     583281    0    1    1    0    0
2012  4 25  4 35  0    0     4.44   -10.13    -3.85    -493.7     41.81     49.90     3.173     546577    0    1    1    0    0
2012  4 25  4 36  0    0     4.45   -10.06    -4.02    -491.5     38.50     50.22     3.005     491033    0    1    1    0    0
2012  4 25  4 37  0    0     4.07   -10.21    -4.15    -490.9     35.64     51.23     2.897     455015    0    0    0    0    0
2012  4 25  4 38  0    0     3.78   -10.37    -4.12    -492.7     35.40     52.54     2.985     499702    0    0    0    0    0
2012  4 25  4 39  0    0     3.50    -9.78    -4.47    -503.1     37.23     49.30     3.191     568351    0    0    0    0    0
2012  4 25  4 40  0    0     3.10    -9.51    -4.57    -499.7     33.24     47.75     3.139     555752    0    0    0    0    0
2012  4 25  4 41  0    0     3.15    -9.53    -4.51    -493.4     30.89     47.46     3.075     526678    0    0    0    0    0
2012  4 25  4 42  0    0     3.39    -9.54    -4.37    -489.2     27.25     44.42     3.038     508749    0    0    0    0    0
2012  4 25  4 43  0    0     3.61    -9.67    -4.26    -489.7     20.49     39.06     3.065     508749    0    0    0    0    0
2012  4 25  4 44  0    0     3.07    -9.98    -4.42    -494.1     11.06     39.13     3.096     501268    0    0    0    0    0
2012  4 25  4 45  0    0     3.12   -10.09    -4.52    -494.7      6.84     39.94     3.051     499001    0    0    0    0    0
2012  4 25  4 46  0    0     3.12   -10.13    -4.35    -492.3      6.20     41.99     3.043     514397    0    0    0    0    0
2012  4 25  4 47  0    0     3.21   -10.16    -4.10    -490.5      6.35     43.20     3.094     529400    0    0    0    0    0
2012  4 25  4 48  0    0     3.34   -10.18    -4.17    -490.8      8.35     41.47     3.197     535154    0    0    0    0    0
2012  4 25  4 49  0    0     2.32    -9.83    -4.81    -496.6     19.53     28.70     3.244     514691    0    0    0    0    0
2012  4 25  4 50  0    0     2.10    -9.11    -5.04    -503.3     19.64     28.87     3.110     472633    0    0    0    0    0
2012  4 25  4 51  0    0     1.62   -10.20    -2.82    -505.8     23.27     49.94     2.724     449178    0    0    0    0    0
2012  4 25  4 52  0    0     1.82   -10.37    -2.11    -501.6     23.15     60.57     2.710     444886    0    0    0    0    0
2012  4 25  4 53  0    0     2.21   -10.07    -2.17    -495.3     22.78     63.87     2.834     444886    0    0    0    0    0
2012  4 25  4 54  0    0     2.58    -9.80    -3.00    -492.6     21.87     59.03     3.018     486646    0    0    0    0    0
2012  4 25  4 55  0    0     2.74    -9.90    -3.24    -493.3     20.01     53.06     3.069     510509    0    1    0    0    0
2012  4 25  4 56  0    0     2.30   -10.14    -3.07    -497.2     17.93     51.62     2.745     457058    0    1    0    0    0
2012  4 25  4 57  0    0     2.88    -9.59    -2.99    -497.6     10.58     52.90     2.661     457874    0    0    0    0    0
2012  4 25  4 58  0    0     3.46    -9.59    -3.00    -493.7      9.16     58.08     2.670     467664    0    0    0    0    0
2012  4 25  4 59  0    0     3.90    -9.59    -2.88    -490.3      9.98     62.13     2.733     478116    0    0    0    0    0
2012  4 25  5  0  0    0     4.05    -9.67    -2.78    -487.3     11.28     64.59     2.825     488263    0    0    0    0    0
2012  4 25  5  1  0    0     3.65    -9.97    -2.99    -484.1      9.80     64.70     2.896     496362    0    0    0    0    0
2012  4 25  5  2  0    0     3.39    -9.95    -3.23    -489.9      7.92     61.18     3.026     513062    0    1    1    0    2
2012  4 25  5  3  0    0     3.42    -9.87    -3.45    -489.5      8.27     53.50     3.064     519612    0    1    2    0    2
2012  4 25  5  4  0    0     3.43    -9.73    -3.96    -489.4     10.23     50.33     2.968     517451    0    1    1    0    1
2012  4 25  5  5  0    0     3.49    -9.70    -4.39    -491.2     10.57     45.23     2.785     502348    0    1    0    0    0
2012  4 25  5  6  0    0     3.46    -9.71    -4.18    -492.6     13.87     39.55     2.824     490989    0    1    0    0    0
2012  4 25  5  7  0    0     3.36    -9.61    -4.05    -491.5     17.68     41.31     2.905     490667    0    1    0    0    1
2012  4 25  5  8  0    0     3.35    -9.54    -4.03    -491.2     18.69     43.45     2.950     498960    0    0    0    0    2
2012  4 25  5  9  0    0     3.47    -9.55    -4.17    -491.9     18.79     45.90     2.954     516075    0    0    0    0    2
2012  4 25  5 10  0    0     3.46    -9.56    -4.44    -493.6     20.63     47.60     3.010     535496    0    0    0    0    2
2012  4 25  5 11  0    0     3.45    -9.58    -4.42    -493.4     22.76     47.57     3.035     540495    0    0    0    0    1
2012  4 25  5 12  0    0     3.32    -9.68    -4.15    -491.6     23.90     47.41     3.057     520991    0    0    0    0    0
2012  4 25  5 13  0    0     3.35    -9.69    -3.90    -489.8     25.82     47.27     3.076     504901    0    0    0    0    0
2012  4 25  5 14  0    0     3.61    -9.54    -3.89    -487.8     29.25     46.83     3.097     506292    0    0    0    0    0
2012  4 25  5 15  0    0     3.68    -9.36    -4.07    -484.1     32.91     45.61     3.146     510465    0    0    0    0    0
2012  4 25  5 16  0    0     3.91    -9.05    -4.14    -488.1     36.76     41.83     3.256     542973    0    0    0    0    0
2012  4 25  5 17  0    0     4.09    -8.89    -3.54    -489.9     36.75     40.05     3.286     538430    0    0    0    0    0
2012  4 25  5 18  0    0     3.82    -9.06    -3.57    -489.1     38.36     42.06     3.327     531821    0    0    0    0    0
2012  4 25  5 19  0    0     3.81    -9.25    -3.50    -486.3     41.42     46.62     3.329     534568    0    0    0    0    0
2012  4 25  5 20  0    0     3.91    -9.62    -2.77    -486.4     40.27     56.61     3.341     562590    0    0    0    0    0
2012  4 25  5 21  0    0     4.12    -9.05    -3.06    -487.9     37.68     48.93     3.311     593382    0    0    0    0    0
2012  4 25  5 22  0    0     4.63    -8.22    -3.75    -486.2     40.43     49.09     3.214     616862    0    1    0    0    0
2012  4 25  5 23  0    0     5.01    -7.86    -3.78    -488.9     38.34     50.78     3.031     647700    0    1    1    0    0
2012  4 25  5 24  0    0     5.64    -7.14    -4.23    -499.7     43.31     41.15     2.433     581750    0    1    0    0    0
2012  4 25  5 25  0    0     5.57    -6.81    -4.50    -496.8     45.83     33.96     2.130     472235    0    1    0    0    0
2012  4 25  5 26  0    0     5.75    -6.65    -4.79    -491.4     43.45     33.84     2.124     470410    0    1    0    0    0
2012  4 25  5 27  0    0     5.97    -6.51    -5.05    -485.9     41.75     33.91     2.130     471716    0    1    0    0    0
2012  4 25  5 28  0    0     6.36    -6.39    -5.06    -480.5     45.02     34.43     2.167     481512    0    1    0    0    0
2012  4 25  5 29  0    0     6.74    -6.28    -5.05    -475.3     48.33     34.99     2.203     489022    0    1    0    0    0
2012  4 25  5 30  0    0     7.12    -6.17    -4.95    -470.6     51.74     35.70     2.231     489022    0    1    0    0    0
2012  4 25  5 31  0    0     7.45    -6.08    -4.73    -466.8     55.61     37.78     2.246     473387    0    1    1    0    0
2012  4 25  5 32  0    0     7.60    -6.10    -4.40    -464.2     60.17     40.99     2.250     443232    0    1    1    0    0
2012  4 25  5 33  0    0     6.54    -6.86    -4.36    -464.9     66.12     40.07     2.320     450181    0    1    1    0    0
2012  4 25  5 34  0    0     5.58    -7.14    -5.05    -468.7     70.30     35.12     2.629     528966    0    1    1    0    0
2012  4 25  5 35  0    0     5.49    -7.13    -5.16    -469.4     70.16     30.41     2.717     569595    0    1    1    0    0
2012  4 25  5 36  0    0     5.85    -6.80    -5.43    -469.1     66.64     28.84     2.695     532067    0    1    1    0    0
2012  4 25  5 37  0    0     6.02    -6.56    -5.72    -470.1     59.73     22.32     2.604     492258    0    1    1    0    0
2012  4 25  5 38  0    0     6.05    -6.56    -5.80    -471.2     52.87     20.94     2.368     485753    0    1    0    0    0
2012  4 25  5 39  0    0     6.07    -6.55    -5.78    -471.9     46.11     21.31     2.053     485383    0    1    1    0    1
2012  4 25  5 40  0    0     6.20    -6.52    -5.68    -473.2     43.42     20.51     1.861     483955    0    2    2    0    2
2012  4 25  5 41  0    0     6.20    -6.61    -5.67    -474.7     42.25     19.62     2.030     482358    0    2    2    0    2
2012  4 25  5 42  0    0     6.06    -6.79    -5.68    -476.1     41.15     18.76     2.468     488312    0    1    1    0    1
2012  4 25  5 43  0    0     5.97    -6.88    -5.70    -477.2     40.26     18.16     2.731     528810    0    1    0    0    0
2012  4 25  5 44  0    0     5.90    -7.00    -5.67    -477.6     39.52     18.69     2.826     569341    0    1    0    0    0
2012  4 25  5 45  0    0     5.89    -7.18    -5.53    -477.3     38.85     20.66     2.744     564785    0    1    0    0    0
2012  4 25  5 46  0    0     5.79    -7.22    -5.47    -476.0     38.00     22.18     2.416     553926    0    1    1    0    1
2012  4 25  5 47  0    0     5.60    -7.33    -5.42    -475.6     35.90     22.94     2.106     550735    0    2    2    0    2
2012  4 25  5 48  0    0     5.75    -7.31    -5.41    -477.2     31.97     23.81     2.144     546652    0    2    2    0    2
2012  4 25  5 49  0    0     5.91    -7.40    -5.37    -478.4     28.32     27.58     2.443     527151    0    1    1    0    1
2012  4 25  5 50  0    0     5.88    -7.77    -5.09    -478.8     26.00     34.50     2.628     502015    0    1    0    0    0
2012  4 25  5 51  0    0     5.85    -8.11    -4.79    -479.0     25.74     36.60     2.697     511776    0    1    0    0    0
2012  4 25  5 52  0    0     5.81    -7.91    -4.98    -480.9     25.54     31.09     2.748     532394    0    1    0    0    0
2012  4 25  5 53  0    0     5.87    -7.77    -5.34    -482.8     28.79     25.95     2.707     541713    0    1    0    0    0
2012  4 25  5 54  0    0     5.93    -7.78    -4.69    -483.0     33.95     31.61     2.623     559460    0    1    0    0    0
2012  4 25  5 55  0    0     5.97    -7.87    -4.34    -483.1     39.25     33.77     2.587     585788    0    1    1    0    0
2012  4 25  5 56  0    0     5.58    -8.18    -4.61    -491.5     48.60     37.04     3.157     606282    0    1    1    0    0
2012  4 25  5 57  0    0     5.35    -8.31    -4.30    -493.4     56.00     39.44     3.442     616328    0    1    1    0    0
2012  4 25  5 58  0    0     5.14    -8.29    -4.04    -493.7     59.95     40.53     3.551     623297    0    1    1    0    0
2012  4 25  5 59  0    0     5.11    -8.24    -3.89    -493.8     61.35     40.24     3.569     625890    0    1    1    0    0
2012  4 25  6  0  0    0     5.09    -8.47    -3.21    -493.4     61.98     38.77     3.570     625890    0    1    1    0    0
2012  4 25  6  1  0    0     5.26    -8.55    -2.70    -492.3     62.32     37.86     3.588     650143    0    1    1    0    0
2012  4 25  6  2  0    0     5.38    -8.53    -2.58    -491.8     62.67     36.17     3.660     665523    0    1    1    0    0
2012  4 25  6  3  0    0     5.43    -8.19    -3.08    -491.9     62.81     34.75     3.707     662023    0    1    1    0    0
2012  4 25  6  4  0    0     5.47    -7.92    -3.43    -489.9     62.57     35.47     3.605     627223    0    1    1    0    0
2012  4 25  6  5  0    0     5.52    -7.90    -3.40    -486.9     62.24     36.81     3.451     581185    0    1    1    0    0
2012  4 25  6  6  0    0     5.77    -7.88    -3.22    -486.7     62.16     36.24     3.435     579598    0    1    1    0    0
2012  4 25  6  7  0    0     5.56    -7.93    -3.88    -491.2     62.39     31.52     3.577     570074    0    1    1    0    0
2012  4 25  6  8  0    0     4.87    -7.96    -4.44    -493.5     62.45     28.85     3.566     539450    0    1    1    0    0
2012  4 25  6  9  0    0     4.66    -7.79    -4.65    -493.8     64.68     26.37     3.498     519588    0    1    1    0    0
2012  4 25  6 10  0    0     4.65    -7.50    -4.51    -493.0     65.83     24.07     3.422     511021    0    1    1    0    0
2012  4 25  6 11  0    0     4.67    -7.31    -4.29    -491.2     67.55     22.57     3.395     508004    0    1    1    0    0
2012  4 25  6 12  0    0     4.87    -7.18    -4.14    -489.6     68.53     20.58     3.362     513736    0    1    1    0    0
2012  4 25  6 13  0    0     5.20    -7.02    -3.54    -489.6     68.52     20.25     3.363     532811    0    1    1    1    1
2012  4 25  6 14  0    0     5.04    -6.04    -1.18    -491.5     71.22     26.59     3.548     561843    0    2    2    2    2
2012  4 25  6 15  0    0     5.01    -5.36     0.01    -493.7     74.29     33.80     3.758     591713    0    2    2    2    2
2012  4 25  6 16  0    0     5.08    -6.31    -0.56    -495.7     77.06     40.27     3.948     619567    0    1    1    1    1
2012  4 25  6 17  0    0     5.53    -6.54    -1.27    -495.7     76.03     39.19     3.913     630533    0    1    1    0    0
2012  4 25  6 18  0    0     6.02    -6.64    -0.56    -493.7     65.64     28.38     3.476     637702    0    1    1    0    0
2012  4 25  6 19  0    0     5.91    -6.78    -0.50    -492.7     57.73     18.81     3.081     640120    0    1    1    0    0
2012  4 25  6 20  0    0     5.65    -7.75    -2.88    -494.1     59.28     23.14     3.032     614565    0    1    1    0    0
2012  4 25  6 21  0    0     5.15    -8.25    -4.49    -499.4     66.66     30.40     3.254     593538    0    1    1    0    0
2012  4 25  6 22  0    0     5.12    -8.33    -4.47    -503.4     56.52     36.41     3.229     587531    0    0    0    0    0
2012  4 25  6 23  0    0     5.09    -8.33    -4.58    -500.5     55.29     39.26     3.086     561667    0    0    0    0    0
2012  4 25  6 24  0    0     5.04    -8.32    -4.78    -495.7     54.06     41.35     2.847     506244    0    0    0    0    0
2012  4 25  6 25  0    0     5.13    -8.25    -5.05    -490.8     49.75     39.81     2.804     496083    0    0    0    0    0
2012  4 25  6 26  0    0     5.23    -8.13    -5.31    -486.3     44.36     37.74     2.812     502109    0    0    0    0    0
2012  4 25  6 27  0    0     5.27    -7.82    -5.31    -485.3     35.49     38.22     2.896     561367    0    0    0    0    0
2012  4 25  6 28  0    0     5.76    -7.51    -4.99    -485.3     32.30     37.99     2.910     561367    0    0    0    0    0
2012  4 25  6 29  0    0     6.60    -7.36    -4.39    -485.5     32.53     37.96     2.912     562123    0    0    0    0    0
2012  4 25  6 30  0    0     4.85    -8.06    -4.85    -499.0     50.16     36.37     2.861     582331    0    0    0    0    2
2012  4 25  6 31  0    0     4.50    -8.07    -6.03    -502.3     45.27     24.63     2.560     542669    0    0    0    0    2
2012  4 25  6 32  0    0     3.98    -8.29    -6.13    -501.1     49.84     16.93     2.561     515348    0    0    0    0    2
2012  4 25  6 33  0    0     3.11    -8.74    -6.28    -498.8     63.08     10.30     2.642     490716    0    0    0    0    2
2012  4 25  6 34  0    0     3.17    -8.54    -6.61    -498.2     68.20      3.62     2.951     461617    0    0    0    0    2
2012  4 25  6 35  0    0     3.26    -8.00    -7.23    -494.3     69.09     -1.47     3.110     441135    0    0    0    0    2
2012  4 25  6 36  0    0     3.45    -7.72    -7.42    -490.7     70.73     -3.75     3.148     421125    0    0    0    0    2
2012  4 25  6 37  0    0     3.64    -7.57    -7.37    -487.0     73.74     -4.90     3.099     402886    0    0    0    0    2
2012  4 25  6 38  0    0     3.69    -7.47    -7.20    -483.1     80.08     -6.66     2.948     389750    0    0    0    0    2
2012  4 25  6 39  0    0     3.84    -7.36    -7.05    -488.6     83.89    -12.90     2.706     389148    0    1    1    0    1
2012  4 25  6 40  0    0     4.22    -7.17    -7.31    -495.9     81.54    -11.93     2.795     405483    0    1    1    0    2
2012  4 25  6 41  0    0     4.09    -7.38    -7.06    -500.0     75.22    -12.07     2.946     418953    0    1    1    0    2
2012  4 25  6 42  0    0     3.85    -7.43    -7.06    -501.6     72.13    -13.22     2.873     429619    0    1    1    0    2
2012  4 25  6 43  0    0     3.59    -7.28    -7.26    -501.5     70.64    -14.59     2.773     438721    0    1    1    0    2
2012  4 25  6 44  0    0     3.71    -7.22    -7.45    -500.3     70.39    -16.42     2.746     446876    0    0    0    0    2
2012  4 25  6 45  0    0     3.84    -7.08    -7.84    -497.9     71.72    -18.78     2.766     454051    0    0    0    0    2
2012  4 25  6 46  0    0     3.92    -6.88    -7.62    -496.6     74.04    -18.76     2.878     462344    0    0    0    0    2
2012  4 25  6 47  0    0     3.85    -6.67    -7.67    -498.3     74.76    -17.07     3.134     469733    0    0    0    0    1
2012  4 25  6 48  0    0     3.92    -7.44    -7.24    -503.1     71.04    -10.25     3.070     469520    0    0    0    0    2
2012  4 25  6 49  0    0     4.00    -7.64    -7.07    -503.8     69.85     -8.35     2.930     469066    0    0    0    0    2
2012  4 25  6 50  0    0     3.94    -7.38    -7.34    -505.4     73.75    -13.70     2.890     468569    0    0    0    0    2
2012  4 25  6 51  0    0     3.68    -6.76    -7.82    -507.7     77.46    -17.11     3.003     468052    0    0    0    0    2
2012  4 25  6 52  0    0     3.47    -6.57    -8.05    -510.1     76.35    -15.63     3.018     467537    0    0    0    0    2
2012  4 25  6 53  0    0     3.53    -6.85    -7.82    -510.9     62.58    -17.26     3.015     467064    0    0    0    0    2
2012  4 25  6 54  0    0     3.68    -6.71    -7.70    -512.4     73.90    -18.63     3.011     466568    0    0    0    0    2
2012  4 25  6 55  0    0     3.21    -6.32    -8.04    -512.6     76.24    -21.01     3.012     466134    0    0    0    0    2
2012  4 25  6 56  0    0     2.84    -5.70    -8.60    -513.5     79.12    -26.44     3.021     465685    0    0    0    0    2
2012  4 25  6 57  0    0     2.65    -5.16    -8.89    -514.5     81.66    -27.89     3.058     465243    0    0    0    0    2
2012  4 25  6 58  0    0     2.52    -4.95    -8.94    -513.3     82.26    -25.32     3.101     464895    0    0    0    0    2
2012  4 25  6 59  0    0     2.44    -4.79    -8.93    -510.3     78.38    -18.36     3.124     464607    0    0    0    0    2
2012  4 25  7  0  0    0     2.33    -4.50    -9.00    -508.1     72.68    -11.54     3.064     464284    0    0    0    0    2
2012  4 25  7  1  0    0     2.59    -4.14    -9.00    -505.6     66.34     -4.40     2.853     461002    0    0    0    0    1
2012  4 25  7  2  0    0     3.22    -4.40    -8.31    -502.2     60.57      1.60     2.764     444050    0    0    0    0    0
2012  4 25  7  3  0    0     3.99    -5.03    -7.24    -498.2     55.32      6.55     2.764     419360    0    0    0    0    0
2012  4 25  7  4  0    0     4.50    -5.46    -6.39    -493.7     50.71      9.82     2.764     397594    0    0    0    0    0
2012  4 25  7  5  0    0     4.80    -5.75    -5.79    -490.9     45.04     12.86     2.757     385812    0    0    0    0    0
2012  4 25  7  6  0    0     4.47    -5.57    -5.52    -489.7     38.38     15.63     2.748     380699    0    0    0    0    0
2012  4 25  7  7  0    0     3.81    -5.03    -5.68    -489.4     34.18     14.31     2.791     376008    0    1    0    0    0
2012  4 25  7  8  0    0     4.18    -5.30    -6.03    -490.7     34.59      5.34     2.959     387769    0    1    0    0    0
2012  4 25  7  9  0    0     6.06    -6.81    -3.49    -493.9     34.24     10.19     3.194     433861    0    1    0    0    0
2012  4 25  7 10  0    0     7.06    -7.03    -1.72    -494.9     42.16      8.77     3.465     450952    0    1    0    0    0
2012  4 25  7 11  0    0     7.40    -6.82    -1.08    -494.6     52.44      4.55     3.699     452101    0    1    0    0    0
2012  4 25  7 12  0    0     7.59    -6.53    -0.97    -494.4     63.44      1.47     3.767     462193    0    1    1    0    0
2012  4 25  7 13  0    0     7.65    -6.29    -1.36    -494.4     71.96     -1.36     3.740     475765    0    1    1    0    0
2012  4 25  7 14  0    0     7.00    -5.70    -3.48    -501.2     81.73    -10.89     3.715     526282    0    1    1    0    0
2012  4 25  7 15  0    0     6.68    -5.29    -5.02    -503.8     83.87    -17.14     3.612     501948    0    1    1    0    0
2012  4 25  7 16  0    0     6.55    -4.71    -5.70    -504.8     83.73    -19.46     3.391     441901    0    1    1    0    0
2012  4 25  7 17  0    0     5.66    -4.42    -6.33    -512.9     82.17    -17.81     3.184     391138    0    1    1    0    2
2012  4 25  7 18  0    0     4.47    -4.54    -6.06    -515.2     82.24    -14.31     3.062     369084    0    1    1    0    2
2012  4 25  7 19  0    0     4.21    -4.09    -6.46    -516.4     83.09    -11.39     2.930     356098    0    1    1    0    2
2012  4 25  7 20  0    0     4.61    -3.80    -6.48    -515.2     83.20     -8.46     2.913     353989    0    1    1    0    1
2012  4 25  7 21  0    0     5.26    -3.93    -5.85    -512.1     82.36     -5.04     2.981     361881    0    1    1    0    0
2012  4 25  7 22  0    0     5.81    -4.28    -4.91    -508.0     80.42     -1.02     3.103     388187    0    1    1    0    0
2012  4 25  7 23  0    0     6.11    -3.84    -4.14    -504.2     76.82      3.28     3.313     416709    0    1    1    0    0
2012  4 25  7 24  0    0     6.30    -3.64    -3.71    -502.2     73.79      6.17     3.583     441146    0    1    1    0    0
2012  4 25  7 25  0    0     6.38    -3.83    -3.79    -502.5     73.94      5.78     3.766     450849    0    1    1    0    0
2012  4 25  7 26  0    0     6.44    -3.60    -4.21    -502.5     77.00      3.96     3.706     436278    0    0    0    0    0
2012  4 25  7 27  0    0     6.53    -3.29    -4.87    -502.2     80.00      0.67     3.378     406995    0    0    0    0    0
2012  4 25  7 28  0    0     6.53    -3.39    -5.17    -503.5     78.84     -2.26     3.045     391697    0    0    0    0    0
2012  4 25  7 29  0    0     6.22    -3.99    -5.19    -505.2     77.74     -4.88     3.198     415788    0    0    0    0    0
2012  4 25  7 30  0    0     6.02    -3.70    -5.49    -506.9     83.49    -15.49     3.667     443838    0    0    0    0    0
2012  4 25  7 31  0    0     6.01    -2.79    -6.28    -505.7     86.37    -16.72     3.819     447762    0    0    0    0    0
2012  4 25  7 32  0    0     6.16    -2.17    -6.54    -506.6     91.24    -12.13     3.773     444163    0    0    0    0    0
2012  4 25  7 33  0    0     6.19    -2.24    -6.53    -508.4     93.04     -6.71     3.363     387174    0    0    0    0    0
2012  4 25  7 34  0    0     6.29    -2.59    -6.30    -509.6     93.18     -2.21     2.936     335833    0    0    0    0    0
2012  4 25  7 35  0    0     6.36    -3.49    -5.93    -511.9     88.84     -0.47     2.845     339992    0    0    0    0    0
2012  4 25  7 36  0    0     6.35    -3.61    -5.57    -513.9     87.69     -5.80     2.910     364398    0    0    0    0    0
2012  4 25  7 37  0    0     6.45    -3.59    -6.05    -513.3     87.36     -9.64     2.955     378383    0    0    0    0    0
2012  4 25  7 38  0    0     6.64    -3.44    -6.27    -510.1     87.40    -13.43     2.959     377363    0    0    0    0    0
2012  4 25  7 39  0    0     6.65    -3.45    -5.93    -506.3     89.94    -13.70     3.017     365123    0    0    0    0    0
2012  4 25  7 40  0    0     6.65    -3.47    -4.62    -502.4     93.77     -9.53     3.105     360839    0    0    0    0    0
2012  4 25  7 41  0    0     6.70    -3.56    -3.00    -498.9     97.61     -3.63     3.218     371036    0    0    0    0    0
2012  4 25  7 42  0    0     7.00    -4.06    -2.72    -499.3     97.42     -1.69     3.343     427689    0    0    0    0    0
2012  4 25  7 43  0    0     6.93    -4.59    -3.36    -502.4     96.07     -0.67     3.306     410265    0    0    0    0    0
2012  4 25  7 44  0    0     6.71    -4.60    -4.23    -504.3     93.85      3.46     3.206     388134    0    0    0    0    0
2012  4 25  7 45  0    0     6.54    -4.66    -4.42    -503.6     91.03      7.75     3.074     384094    0    0    0    0    0
2012  4 25  7 46  0    0     6.44    -4.70    -4.66    -503.9     87.95     10.25     2.999     370309    0    0    0    0    0
2012  4 25  7 47  0    0     6.36    -4.89    -4.84    -504.4     84.51      7.90     3.059     362269    0    0    0    0    0
2012  4 25  7 48  0    0     6.38    -5.31    -4.90    -503.8     81.23      1.76     3.196     415738    0    0    0    0    0
2012  4 25  7 49  0    0     6.40    -5.44    -4.99    -502.1     78.94     -0.80     3.238     460040    0    0    0    0    0
2012  4 25  7 50  0    0     6.40    -5.24    -5.05    -500.0     77.16      1.37     3.138     459781    0    0    0    0    0
2012  4 25  7 51  0    0     6.56    -5.03    -4.97    -498.6     74.78      5.48     2.976     459004    0    0    0    0    0
2012  4 25  7 52  0    0     6.84    -4.92    -4.22    -497.6     70.94     12.25     2.907     459004    0    0    0    0    0
2012  4 25  7 53  0    0     6.91    -5.11    -2.13    -497.1     65.20     21.45     2.947     458236    0    0    0    0    0
2012  4 25  7 54  0    0     6.88    -5.88    -0.81    -496.2     55.54     41.80     3.111     412180    0    0    0    0    0
2012  4 25  7 55  0    0     6.72    -6.69    -1.19    -497.8     58.19     41.55     3.192     409110    0    0    0    0    0
2012  4 25  7 56  0    0     6.49    -5.11    -2.41    -500.5     58.30     39.58     3.070     407653    0    1    1    0    1
2012  4 25  7 57  0    0     6.30    -4.98    -2.50    -503.2     53.45     45.00     2.801     395952    0    1    1    0    2
2012  4 25  7 58  0    0     6.18    -4.88    -2.51    -505.6     50.58     45.95     2.716     376551    0    1    1    0    2
2012  4 25  7 59  0    0     6.14    -4.71    -2.50    -506.5     48.24     45.34     2.948     359142    0    1    1    0    2
2012  4 25  8  0  0    0     6.19    -4.38    -2.64    -506.4     45.54     44.89     3.217     355361    0    1    1    0    1
2012  4 25  8  1  0    0     6.33    -4.09    -3.05    -504.4     42.90     45.47     3.218     371400    0    0    0    0    0
2012  4 25  8  2  0    0     6.63    -4.20    -3.35    -501.4     41.53     46.48     3.160     394652    0    0    0    0    0
2012  4 25  8  3  0    0     7.01    -4.61    -3.43    -498.3     40.78     47.94     3.100     419468    0    0    0    0    0
2012  4 25  8  4  0    0     7.11    -4.34    -3.15    -497.8     36.24     50.62     2.833     440868    0    1    1    1    1
2012  4 25  8  5  0    0     6.63    -4.23    -1.49    -501.1     42.73     39.12     2.837     438297    0    1    2    2    2
2012  4 25  8  6  0    0     6.31    -4.41     0.73    -500.7     45.42     49.44     2.906     431039    0    1    1    2    2
2012  4 25  8  7  0    0     6.13    -4.83     1.19    -499.2     48.02     55.61     2.969     424385    0    1    1    2    2
2012  4 25  8  8  0    0     5.98    -5.11     1.59    -499.6     51.84     74.07     3.042     416613    0    1    1    2    2
2012  4 25  8  9  0    0     5.34    -4.05     0.95    -500.3     56.32     73.53     3.118     408634    0    1    1    2    2
2012  4 25  8 10  0    0     5.05    -2.65    -1.03    -501.7     60.36     55.24     3.193     403132    0    1    1    1    1
2012  4 25  8 11  0    0     5.63    -2.83    -2.24    -502.2     62.24     51.17     3.233     407925    0    0    0    0    0
2012  4 25  8 12  0    0     6.18    -3.71    -2.42    -500.6     63.21     55.70     3.245     418515    0    0    0    0    0
2012  4 25  8 13  0    0     6.79    -5.68    -1.66    -501.6     63.88     66.97     3.251     427787    0    0    0    0    0
2012  4 25  8 14  0    0     7.12    -6.00    -1.39    -504.9     65.93     69.75     3.179     394696    0    1    1    0    0
2012  4 25  8 15  0    0     7.35    -6.22     0.04    -513.9     74.03     71.20     3.119     323933    0    1    1    0    0
2012  4 25  8 16  0    0     6.93    -6.78     1.11    -516.1     75.22     77.27     3.288     330543    0    1    1    0    0
2012  4 25  8 17  0    0     6.66    -7.09     0.91    -516.4     74.65     76.74     3.150     336469    0    0    0    0    0
2012  4 25  8 18  0    0     7.09    -6.74    -0.21    -515.6     74.03     70.48     2.769     336469    0    0    0    0    0
2012  4 25  8 19  0    0     7.53    -6.40    -1.53    -515.1     73.24     68.33     2.554     350110    0    1    1    1    1
2012  4 25  8 20  0    0     6.47    -6.45    -0.69    -514.6     72.04     71.49     2.693     387390    0    2    2    2    2
2012  4 25  8 21  0    0     4.88    -6.52     1.12    -513.3     70.91     74.68     2.938     432057    0    2    2    2    2
2012  4 25  8 22  0    0     4.82    -6.33     1.58    -512.2     69.79     77.82     3.166     466758    0    1    1    1    1
2012  4 25  8 23  0    0     5.21    -6.16     1.29    -511.9     68.75     80.43     3.286     462371    0    1    1    0    0
2012  4 25  8 24  0    0     6.79    -6.32    -0.06    -512.7     68.26     79.97     3.213     443494    0    0    0    0    0
2012  4 25  8 25  0    0     6.85    -6.39    -0.42    -511.1     69.16     74.53     3.206     440635    0    0    0    0    0
2012  4 25  8 26  0    0     6.83    -6.59    -0.34    -509.6     71.10     70.07     3.163     421234    0    0    0    0    0
2012  4 25  8 27  0    0     6.77    -6.38     0.35    -508.0     74.57     68.15     3.065     365605    0    0    0    0    0
2012  4 25  8 28  0    0     6.50    -6.20     0.35    -509.0     74.85     69.46     2.994     358188    0    0    0    0    0
2012  4 25  8 29  0    0     7.00    -5.00     0.07    -512.2     72.09     73.38     2.853     432691    0    0    0    0    1
2012  4 25  8 30  0    0     7.35    -4.03    -0.10    -511.9     70.73     70.38     2.829     429902    0    0    0    0    2
2012  4 25  8 31  0    0     7.14    -3.65    -0.67    -512.1     75.38     66.62     2.825     415251    0    0    0    0    2
2012  4 25  8 32  0    0     6.63    -3.36    -1.57    -512.4     79.21     66.28     2.823     399482    0    0    0    0    1
2012  4 25  8 33  0    0     6.18    -2.98    -2.21    -517.2     77.23     66.74     2.802     381958    0    0    0    0    0
2012  4 25  8 34  0    0     6.19    -3.73    -1.87    -519.3     72.62     69.87     2.793     374979    0    0    0    0    0
2012  4 25  8 35  0    0     6.41    -4.49    -1.24    -516.3     69.12     68.25     2.786     373151    0    0    0    0    0
2012  4 25  8 36  0    0     6.71    -4.92    -0.75    -513.8     65.49     64.71     2.745     370253    0    0    0    0    0
2012  4 25  8 37  0    0     6.91    -4.30    -1.11    -521.2     59.34     50.69     2.515     355802    0    0    0    0    0
2012  4 25  8 38  0    0     6.70    -2.90    -2.04    -524.1     55.27     37.92     2.347     291062    0    0    0    0    0
2012  4 25  8 39  0    0     6.18    -1.79    -2.61    -523.3     51.84     27.54     2.187     212398    0    0    0    0    0
2012  4 25  8 40  0    0     5.98    -1.65    -2.67    -514.5     52.41     14.35     1.809     188145    0    0    0    0    0
2012  4 25  8 41  0    0     5.82    -1.65    -2.62    -507.9     52.20      4.87     1.557     171841    0    0    2    2    2
2012  4 25  8 42  0    0     5.66    -1.65    -2.58    -501.3     52.00     -4.61     1.305     155537    0    0    2    2    2
2012  4 25  8 43  0    0     5.50    -1.64    -2.53    -494.7     51.79    -14.10     1.053     139234    0    0    1    1    1
2012  4 25  8 44  0    0     5.19    -1.99    -2.93    -493.3     43.44    -18.64     1.169     152925    0    0    2    2    2
2012  4 25  8 45  0    0     5.05    -2.29    -3.17    -492.9     32.38    -24.36     1.328     172025    0    0    2    2    2
2012  4 25  8 46  0    0     4.73    -2.43    -3.21    -495.3     16.07    -34.01     1.483     197119    0    0    1    1    1
2012  4 25  8 47  0    0     4.94    -1.21    -2.21    -555.5      5.79    -31.27     1.425     197403    0    0    0    0    0
2012  4 25  8 48  0    0     4.34    -0.02    -1.89    -575.4      9.08    -26.69     1.356     193899    0    0    0    0    0
2012  4 25  8 49  0    0     4.36     0.42    -1.85    -579.5     16.79    -16.76     1.306     191787    0    0    0    0    0
2012  4 25  8 50  0    0     4.38     0.50    -1.91    -584.7     22.10    -15.69     1.313     203884    0    0    0    0    0
2012  4 25  8 51  0    0     4.36    -0.09    -2.01    -585.0     27.98    -18.55     1.330     204695    0    0    0    0    0
2012  4 25  8 52  0    0     4.42    -0.11    -2.14    -585.2     34.62    -29.34     1.303     201626    0    0    0    0    0
2012  4 25  8 53  0    0     4.42    -0.06    -2.19    -585.4     31.90    -29.30     1.235     187956    0    0    0    0    0
2012  4 25  8 54  0    0     4.46     0.18    -1.99    -586.5     31.90    -26.93     1.184     189459    0    0    0    0    0
2012  4 25  8 55  0    0     4.44     0.84    -1.50    -586.8     26.50    -18.28     1.214     193867    0    0    0    0    0
2012  4 25  8 56  0    0     4.38     1.12    -1.22    -587.5     32.77    -16.57     1.239     191796    0    0    0    0    0
2012  4 25  8 57  0    0     4.40     1.03    -1.15    -586.2     36.58    -11.93     1.205     183975    0    0    0    0    0
2012  4 25  8 58  0    0     4.50     0.99    -0.89    -583.5     39.83     -5.52     1.154     173078    0    0    0    0    0
2012  4 25  8 59  0    0     4.47     1.37    -0.65    -583.9     44.00     -4.51     1.159     174099    0    0    0    0    0
2012  4 25  9  0  0    0     4.01     1.92    -0.21    -587.9     49.55     -3.67     1.185     183285    0    0    0    0    0
2012  4 25  9  1  0    0     3.97     1.63    -0.76    -589.0     54.66    -11.46     1.211     179932    0    0    0    0    0
2012  4 25  9  2  0    0     4.02     1.12    -1.56    -586.1     56.13    -21.84     1.224     173764    0    0    0    0    0
2012  4 25  9  3  0    0     4.18     1.27    -1.45    -584.6     53.44    -20.93     1.227     169159    0    0    0    0    0
2012  4 25  9  4  0    0     4.14     1.35    -1.24    -585.1     56.15    -16.55     1.173     160897    0    0    0    0    0
2012  4 25  9  5  0    0     4.13     1.29    -1.16    -583.8     55.13    -13.63     1.102     137080    0    0    0    0    0
2012  4 25  9  6  0    0     4.14     0.99    -0.91    -581.8     53.29    -15.20     1.085     137080    0    0    0    0    0
2012  4 25  9  7  0    0     4.16     0.91    -1.03    -581.2     53.79    -18.63     1.036     141451    0    0    0    0    0
2012  4 25  9  8  0    0     4.23     0.75    -1.05    -580.7     53.51    -13.55     1.018     141752    0    0    0    0    0
2012  4 25  9  9  0    0     4.25     0.73    -1.07    -576.7     52.06     -9.07     0.979     141752    0    0    0    0    0
2012  4 25  9 10  0    0     4.28     0.71    -1.05    -574.8     50.78     -7.10     0.964     146304    0    0    0    0    0
2012  4 25  9 11  0    0     4.29     0.67    -1.20    -577.1     48.77    -16.77     0.988     158727    0    0    0    0    0
2012  4 25  9 12  0    0     4.29     0.77    -1.25    -578.1     50.70    -18.40     0.994     162681    0    0    0    0    0
2012  4 25  9 13  0    0     4.29     0.91    -1.13    -578.0     52.46    -14.68     0.976     161707    0    0    0    0    0
2012  4 25  9 14  0    0     4.24     0.89    -0.94    -579.2     54.00    -10.68     0.980     161382    0    0    0    0    0
2012  4 25  9 15  0    0     4.21     0.88    -0.69    -579.3     55.42     -8.51     1.037     170172    0    0    0    0    0
2012  4 25  9 16  0    0     4.11     0.92    -0.63    -579.6     55.78     -6.53     1.086     171930    0    0    0    0    0
2012  4 25  9 17  0    0     4.03     0.98    -0.63    -581.8     52.91     -5.02     1.123     159869    0    0    0    0    0
2012  4 25  9 18  0    0     2.91     2.96    -0.17    -599.2     42.13      1.96     1.174     168706    0    0    0    0    0
2012  4 25  9 19  0    0     2.72     1.59    -1.23    -609.0     32.25    -14.75     1.298     179181    0    0    0    0    2
2012  4 25  9 20  0    0     2.57    -0.52    -2.94    -611.4     23.68    -36.31     1.345     186408    0    0    0    0    2
2012  4 25  9 21  0    0     2.38    -1.50    -3.53    -611.9     12.99    -45.01     1.342     189460    0    0    0    0    2
2012  4 25  9 22  0    0     2.19    -1.83    -3.65    -614.2      5.44    -50.39     1.331     189918    0    0    0    0    1
2012  4 25  9 23  0    0     2.10    -1.86    -3.73    -618.8      6.31    -53.81     1.297     181341    0    0    0    0    0
2012  4 25  9 24  0    0     2.13    -1.66    -3.77    -616.5     -0.84    -53.89     1.279     174692    0    0    0    0    0
2012  4 25  9 25  0    0     2.40    -1.58    -3.69    -614.0      5.12    -57.05     1.273     174249    0    0    0    0    0
2012  4 25  9 26  0    0     2.61    -1.50    -3.62    -611.7      7.30    -56.70     1.288     174988    0    0    0    0    0
2012  4 25  9 27  0    0     2.55    -1.13    -3.63    -612.2     10.14    -56.06     1.310     204981    0    0    0    0    0
2012  4 25  9 28  0    0     2.34    -0.87    -3.60    -613.9     12.27    -53.47     1.319     216389    0    0    0    0    0
2012  4 25  9 29  0    0     1.91    -0.92    -3.65    -621.6     13.88    -54.06     1.269     155653    0    0    0    0    0
2012  4 25  9 30  0    0     1.38    -0.06    -4.13    -635.4     21.80    -57.78     1.481     158591    0    0    0    0    1
2012  4 25  9 31  0    0     1.03     0.06    -4.13    -639.4     23.75    -56.22     1.462     171281    0    0    0    0    2
2012  4 25  9 32  0    0     1.07     0.04    -4.06    -636.6     27.17    -54.91     1.356     179843    0    0    0    0    2
2012  4 25  9 33  0    0     1.10     0.23    -4.06    -633.9     26.99    -54.80     1.356     188176    0    0    0    0    1
2012  4 25  9 34  0    0     1.09     0.63    -4.08    -630.3     24.18    -53.92     1.373     196073    0    0    0    0    0
2012  4 25  9 35  0    0     0.96     0.75    -4.15    -631.2     16.38    -40.02     1.384     206988    0    0    0    0    0
2012  4 25  9 36  0    0     1.23     1.03    -4.07    -634.3     14.40    -32.62     1.362     219659    0    0    0    0    0
2012  4 25  9 37  0    0     1.47     1.03    -4.07    -628.6     17.19    -31.01     1.353     223631    0    0    0    0    0
2012  4 25  9 38  0    0     1.64     1.03    -4.07    -623.2     19.93    -29.41     1.356     225474    0    0    0    0    0
2012  4 25  9 39  0    0     1.76     1.10    -4.02    -620.5     21.63    -27.71     1.378     224363    0    0    0    0    0
2012  4 25  9 40  0    0     2.00     1.04    -3.92    -618.2     21.25    -26.90     1.411     218356    0    0    0    0    0
2012  4 25  9 41  0    0     2.49     0.71    -3.80    -615.4     16.36    -26.87     1.447     213366    0    0    0    0    0
2012  4 25  9 42  0    0     2.69     0.39    -3.67    -613.9      9.74    -26.95     1.469     212169    0    0    0    0    0
2012  4 25  9 43  0    0     2.77     0.08    -3.60    -621.4      6.49    -27.06     1.470     211384    0    0    0    0    0
2012  4 25  9 44  0    0     2.51     0.11    -3.65    -622.6      9.94    -27.06     1.468     208619    0    0    0    0    0
2012  4 25  9 45  0    0     2.16     0.29    -3.84    -623.0     14.54    -27.07     1.469     206187    0    0    0    0    0
2012  4 25  9 46  0    0     1.74     0.28    -4.05    -626.0     17.48    -26.93     1.469     210564    0    0    0    0    0
2012  4 25  9 47  0    0     1.02    -0.04    -4.18    -629.1     12.77    -25.55     1.518     224032    0    0    0    0    0
2012  4 25  9 48  0    0     0.76    -0.58    -4.05    -628.4      0.01    -23.07     1.583     234218    0    0    0    0    0
2012  4 25  9 49  0    0     1.13    -1.21    -3.82    -624.8    -14.00    -21.34     1.519     237887    0    0    0    0    0
2012  4 25  9 50  0    0     1.82    -1.80    -3.65    -620.6    -26.75    -20.59     1.353     234158    0    0    0    0    1
2012  4 25  9 51  0    0     1.68    -2.07    -3.64    -620.7    -33.49    -20.87     1.221     211654    0    0    0    0    2
2012  4 25  9 52  0    0     1.54    -1.96    -3.76    -615.7    -31.73    -21.86     1.208     196903    0    0    0    0    2
2012  4 25  9 53  0    0     1.30    -1.73    -4.02    -618.7    -28.20    -23.36     1.207     175023    0    0    0    0    1
2012  4 25  9 54  0    0     1.58    -1.32    -3.84    -613.5    -25.72    -26.19     1.224     175023    0    0    0    0    1
2012  4 25  9 55  0    0     1.91    -1.22    -3.69    -613.2    -21.08    -29.56     1.264     189097    0    0    0    0    0
2012  4 25  9 56  0    0     1.98    -1.88    -3.58    -615.5    -10.99    -32.71     1.296     203902    0    0    0    0    0
2012  4 25  9 57  0    0     2.25    -2.30    -3.24    -615.4      1.63    -33.28     1.298     210763    0    0    0    0    0
2012  4 25  9 58  0    0     2.53    -2.01    -2.53    -618.2     18.99    -35.12     1.341     214513    0    0    0    0    1
2012  4 25  9 59  0    0     2.52    -1.01    -2.55    -617.3     36.21    -24.38     1.355     215652    0    0    0    0    1
2012  4 25 10  0  0    0     2.49     0.09    -2.35    -616.1     44.15    -32.29     1.310     216764    0    0    0    0    2
2012  4 25 10  1  0    0     2.54     1.15    -2.75    -614.9     49.39    -26.99     1.293     217903    0    0    0    0    2
2012  4 25 10  2  0    0     2.64     1.60    -2.65    -612.3     54.88    -25.80     1.354     218932    0    0    0    0    2
2012  4 25 10  3  0    0     2.71     1.89    -2.52    -607.9     56.75    -26.36     1.392     219591    0    0    0    0    2
2012  4 25 10  4  0    0     2.82     2.16    -2.33    -603.1     56.49    -25.16     1.405     219939    0    0    0    0    1
2012  4 25 10  5  0    0     3.06     2.41    -1.89    -598.9     55.54    -18.49     1.407     219939    0    0    0    0    1
2012  4 25 10  6  0    0     3.32     2.37    -1.88    -598.3     51.00    -19.25     1.407     218721    0    0    0    0    0
2012  4 25 10  7  0    0     3.31     2.30    -2.29    -598.2     42.63    -24.41     1.407     218199    0    0    0    0    0
2012  4 25 10  8  0    0     3.29     2.30    -2.36    -600.4     29.63    -13.90     1.402     218177    0    1    2    2    2
2012  4 25 10  9  0    0     3.26     2.18    -1.61    -601.9     13.62     -7.37     1.392     218394    0    1    2    2    2
2012  4 25 10 10  0    0     3.00     1.16    -0.04    -605.9      3.15     -0.13     1.381     218635    0    1    2    2    2
2012  4 25 10 11  0    0     2.47     0.28     0.44    -611.3     -2.73      4.87     1.367     221951    0    1    1    1    1
2012  4 25 10 12  0    0     2.32     0.10     0.61    -610.4    -10.42      2.57     1.356     223546    0    0    0    0    0
2012  4 25 10 13  0    0     2.36     0.06     0.50    -608.6    -16.32     -2.26     1.341     221839    0    0    0    0    0
2012  4 25 10 14  0    0     2.64    -0.02    -0.38    -605.6    -17.76     -9.01     1.324     217005    0    0    0    0    0
2012  4 25 10 15  0    0     3.06    -0.20    -1.72    -601.0    -16.74    -16.33     1.309     209726    0    0    0    0    0
2012  4 25 10 16  0    0     3.30    -0.20    -1.71    -596.6    -14.32    -16.33     1.309     198673    0    0    0    0    0
2012  4 25 10 17  0    0     3.43    -0.20    -1.79    -593.4    -11.51     -9.84     1.239     184626    0    0    0    0    0
2012  4 25 10 18  0    0     3.57    -0.23    -1.82    -588.4     -9.18     -6.54     1.120     170432    0    0    0    0    0
2012  4 25 10 19  0    0     3.73    -0.27    -1.82    -582.1     -7.21     -6.43     0.981     156638    0    0    0    0    0
2012  4 25 10 20  0    0     3.96    -0.22    -2.23    -581.6     -4.47     -6.43     0.960     138459    0    0    0    0    0
2012  4 25 10 21  0    0     3.98    -0.62    -2.24    -582.2     -8.40     -7.60     0.983     137851    0    0    0    0    0
2012  4 25 10 22  0    0     3.97    -0.74    -2.24    -582.4    -12.37    -13.52     1.104     160695    0    0    0    0    0
2012  4 25 10 23  0    0     3.92    -0.70    -2.34    -581.7    -10.75    -11.89     1.098     160695    0    0    0    0    0
2012  4 25 10 24  0    0     3.95    -0.72    -2.34    -580.5    -16.86     -5.70     1.081     149816    0    0    0    0    0
2012  4 25 10 25  0    0     3.92    -0.57    -2.34    -581.8    -18.76     -1.11     1.092     148503    0    0    0    0    0
2012  4 25 10 26  0    0     3.73    -0.48    -2.20    -584.9    -19.07     -2.65     1.156     154087    0    0    0    0    0
2012  4 25 10 27  0    0     3.76    -0.59    -2.14    -586.1    -15.89     -5.39     1.177     170356    0    0    0    0    0
2012  4 25 10 28  0    0     3.85    -0.86    -2.01    -584.7    -12.88     -4.94     1.195     180596    0    0    0    0    0
2012  4 25 10 29  0    0     3.92    -1.40    -1.79    -582.1    -11.78     -9.72     1.208     180596    0    0    0    0    0
2012  4 25 10 30  0    0     3.91    -1.66    -1.81    -582.3    -10.46    -14.61     1.208     175756    0    0    0    0    0
2012  4 25 10 31  0    0     3.38    -2.63    -1.70    -599.8     -8.87    -26.83     1.189     168483    0    0    0    0    0
2012  4 25 10 32  0    0     3.25    -2.70    -1.76    -601.7     -8.36    -29.41     1.183     159199    0    0    0    0    0
2012  4 25 10 33  0    0     3.19    -2.72    -1.90    -601.7    -12.68    -29.81     1.186     161110    0    0    0    0    0
2012  4 25 10 34  0    0     3.39    -2.63    -1.81    -598.0    -18.47    -29.78     1.193     172577    0    0    0    0    0
2012  4 25 10 35  0    0     3.50    -2.63    -1.60    -597.4    -20.37    -28.01     1.207     174997    0    0    0    0    0
2012  4 25 10 36  0    0     3.47    -2.61    -1.72    -597.7    -21.01    -28.59     1.215     175184    0    1    1    0    0
2012  4 25 10 37  0    0     3.45    -2.62    -1.84    -597.9    -21.45    -29.87     1.215     175055    0    1    1    0    0
2012  4 25 10 38  0    0     3.46    -2.51    -1.95    -597.1    -21.18    -29.80     1.209     175043    0    1    1    0    0
2012  4 25 10 39  0    0     3.56    -2.45    -1.87    -596.0    -20.74    -29.38     1.200     176312    0    1    1    0    0
2012  4 25 10 40  0    0     3.43    -2.56    -1.94    -597.6    -21.64    -29.89     1.316     205465    0    1    1    0    0
2012  4 25 10 41  0    0     3.20    -2.73    -2.02    -603.4    -23.85    -33.62     1.495     218785    0    0    0    0    0
2012  4 25 10 42  0    0     3.05    -2.93    -2.03    -602.9    -22.63    -29.64     1.433     215620    0    0    0    0    0
2012  4 25 10 43  0    0     3.12    -3.00    -1.87    -602.2    -18.69    -29.10     1.307     201690    0    0    0    0    0
2012  4 25 10 44  0    0     3.19    -2.92    -1.73    -599.0    -14.57    -25.80     1.182     195344    0    0    0    0    0
2012  4 25 10 45  0    0     3.37    -2.73    -1.59    -595.4     -8.91    -18.13     1.084     194097    0    1    1    0    0
2012  4 25 10 46  0    0     3.30    -2.49    -1.48    -592.0     -2.41    -11.86     1.006     191333    0    1    1    0    0
2012  4 25 10 47  0    0     3.16    -2.21    -1.26    -589.8      6.94     -8.94     0.971     180792    0    1    1    0    0
2012  4 25 10 48  0    0     3.12    -1.83    -1.34    -589.8     14.49    -13.00     0.994     163081    0    1    1    0    0
2012  4 25 10 49  0    0     2.94    -1.53    -2.30    -597.7     12.33    -37.53     1.082     150149    0    1    1    0    0
2012  4 25 10 50  0    0     3.27    -1.31    -2.70    -598.1      5.54    -38.61     1.089     148338    0    1    1    0    0
2012  4 25 10 51  0    0     3.25    -1.40    -2.60    -598.2     -0.55    -37.70     1.102     148242    0    0    0    0    0
2012  4 25 10 52  0    0     3.37    -1.72    -2.44    -597.7     -3.98    -32.85     1.146     188838    0    0    0    0    0
2012  4 25 10 53  0    0     3.50    -1.74    -2.38    -595.3     -0.14    -30.22     1.207     192463    0    0    0    0    0
2012  4 25 10 54  0    0     3.62    -1.70    -2.25    -592.6     -2.79    -29.58     1.261     185500    0    0    0    0    0
2012  4 25 10 55  0    0     3.75    -1.55    -2.23    -591.5      3.27    -30.47     1.290     178380    0    0    0    0    0
2012  4 25 10 56  0    0     3.75    -1.29    -2.41    -592.0     13.62    -32.13     1.278     176195    0    1    1    0    0
2012  4 25 10 57  0    0     3.65    -0.92    -2.66    -592.0     15.25    -35.88     1.246     170263    0    1    1    0    0
2012  4 25 10 58  0    0     3.58    -0.65    -2.78    -591.1     15.42    -37.48     1.252     165979    0    1    1    0    0
2012  4 25 10 59  0    0     3.55    -0.59    -2.80    -590.1     16.33    -32.85     1.296     180144    0    0    0    0    0
2012  4 25 11  0  0    0     3.57    -0.56    -2.82    -589.2     15.92    -34.84     1.320     200879    0    0    0    0    0
2012  4 25 11  1  0    0     3.55    -0.44    -2.92    -591.1     13.87    -45.09     1.303     207207    0    0    0    0    0
2012  4 25 11  2  0    0     3.46    -0.23    -3.03    -593.8     12.55    -34.39     1.280     199750    0    0    0    0    0
2012  4 25 11  3  0    0     3.46    -0.13    -3.05    -593.5     13.57    -28.21     1.263     191444    0    0    0    0    0
2012  4 25 11  4  0    0     3.54    -0.03    -2.99    -592.0     24.59    -34.16     1.262     189012    0    0    0    0    0
2012  4 25 11  5  0    0     3.64     0.08    -2.88    -588.5     32.88    -38.13     1.271     189480    0    0    0    0    0
2012  4 25 11  6  0    0     3.74     0.17    -2.72    -583.9     34.28    -36.46     1.278     190254    0    0    0    0    0
2012  4 25 11  7  0    0     3.86     0.23    -2.42    -582.6     35.36    -30.18     1.252     189864    0    0    0    0    0
2012  4 25 11  8  0    0     3.93     0.74    -2.00    -581.9     47.21    -17.84     1.195     178162    0    0    0    0    0
2012  4 25 11  9  0    0     3.97     0.91    -1.64    -581.8     28.99    -12.72     1.195     177967    0    0    0    0    0
2012  4 25 11 10  0    0     4.09     1.16    -1.34    -582.5     33.34     -1.72     1.196     186796    0    0    0    0    0
2012  4 25 11 11  0    0     4.03     1.23    -0.82    -584.3     42.15      6.91     1.194     186387    0    0    0    0    0
2012  4 25 11 12  0    0     3.38     2.26    -0.23    -599.7     57.05     16.30     1.133     157987    0    0    0    0    0
2012  4 25 11 13  0    0     2.88     2.77    -0.47    -598.9     64.23     12.60     1.123     147837    0    0    0    0    0
2012  4 25 11 14  0    0     2.96     2.91    -0.09    -606.0     65.48     16.22     1.122     156236    0    0    0    0    0
2012  4 25 11 15  0    0     3.01     2.84     0.05    -604.5     63.70     15.88     1.161     176995    0    0    0    0    0
2012  4 25 11 16  0    0     3.05     2.71    -0.06    -600.9     59.22     16.10     1.222     192734    0    0    0    0    0
2012  4 25 11 17  0    0     3.28     2.64    -0.18    -599.4     54.24     18.62     1.268     192568    0    0    0    0    0
2012  4 25 11 18  0    0     3.41     2.24    -0.06    -598.0     50.23     28.18     1.268     182580    0    0    0    0    0
2012  4 25 11 19  0    0     3.72     1.96    -0.01    -590.5     46.86     25.09     1.272     181748    0    0    0    0    0
2012  4 25 11 20  0    0     4.03     1.63     0.00    -582.9     43.54     21.02     1.277     183695    0    0    0    0    0
2012  4 25 11 21  0    0     4.03     0.39    -0.34    -582.1     40.03     19.99     1.310     222629    0    0    0    0    0
2012  4 25 11 22  0    0     3.98     0.66    -0.32    -585.5     35.98     20.05     1.295     221051    0    0    0    0    2
2012  4 25 11 23  0    0     3.61     1.94    -0.29    -593.5     26.38     21.97     1.263     209018    0    0    0    0    2
2012  4 25 11 24  0    0     3.46     2.03    -0.28    -595.1     20.22     21.61     1.269     198946    0    0    0    0    1
2012  4 25 11 25  0    0     3.12     2.21    -0.13    -600.8     17.45     18.71     1.256     176232    0    0    0    0    0
2012  4 25 11 26  0    0     2.77     2.34    -0.39    -608.3     18.26     -6.00     1.214     155598    0    0    0    0    0
2012  4 25 11 27  0    0     2.94     2.12    -0.96    -609.8     18.79    -12.99     1.226     171205    0    0    0    0    0
2012  4 25 11 28  0    0     3.23     1.97    -1.17    -604.7     18.99    -12.03     1.234     182352    0    0    0    0    0
2012  4 25 11 29  0    0     3.42     1.96    -1.20    -595.9     19.33    -10.47     1.238     182352    0    0    0    0    0
2012  4 25 11 30  0    0     3.65     1.86    -1.17    -592.1     21.66     -5.04     1.236     175926    0    0    0    0    0
2012  4 25 11 31  0    0     3.81     1.59    -1.54    -592.0     26.58     -2.34     1.225     171285    0    0    0    0    0
2012  4 25 11 32  0    0     3.81     1.24    -2.03    -593.0     28.89     -5.97     1.220     173856    0    0    0    0    0
2012  4 25 11 33  0    0     3.82     1.11    -2.15    -591.6     27.62     -8.56     1.227     183604    0    0    0    0    0
2012  4 25 11 34  0    0     3.91     1.07    -2.02    -589.0     24.17     -9.48     1.232     190259    0    0    0    0    0
2012  4 25 11 35  0    0     4.08     0.93    -1.83    -586.1     20.13    -10.12     1.236     186566    0    0    0    0    0
2012  4 25 11 36  0    0     4.22     0.64    -1.82    -582.4     19.00    -11.20     1.241     174461    0    0    0    0    0
2012  4 25 11 37  0    0     4.17     0.37    -1.84    -583.3     17.76    -11.15     1.240     176104    0    0    0    0    0
2012  4 25 11 38  0    0     3.69    -0.38    -2.06    -588.8      2.00    -16.23     1.194     201839    0    0    0    0    0
2012  4 25 11 39  0    0     3.41    -0.93    -2.09    -593.4      5.42    -28.80     1.115     184470    0    0    0    0    0
2012  4 25 11 40  0    0     3.38    -0.96    -2.07    -593.5      3.94    -30.48     1.090     175563    0    0    0    0    0
2012  4 25 11 41  0    0     3.32    -0.96    -2.12    -595.3      1.17    -30.90     1.103     180934    0    0    0    0    0
2012  4 25 11 42  0    0     3.26    -1.17    -2.19    -597.2     -0.57    -32.16     1.136     182545    0    0    0    0    0
2012  4 25 11 43  0    0     3.29    -1.15    -2.22    -596.8     -1.02    -31.02     1.135     170400    0    0    0    0    0
2012  4 25 11 44  0    0     3.32    -1.01    -2.15    -596.5      0.25    -28.32     1.130     168376    0    0    0    0    0
2012  4 25 11 45  0    0     3.31    -0.67    -2.19    -598.0      3.23    -23.35     1.155     169395    0    0    0    0    0
2012  4 25 11 46  0    0     3.13    -0.87    -2.11    -600.4     -1.74    -20.12     1.237     188005    0    0    0    0    0
2012  4 25 11 47  0    0     2.94    -1.29    -2.14    -602.8     -5.54    -22.89     1.292     205932    0    0    0    0    0
2012  4 25 11 48  0    0     3.01    -1.83    -2.39    -604.8     -7.13    -27.28     1.301     223665    0    0    0    0    0
2012  4 25 11 49  0    0     3.11    -1.80    -2.80    -608.9     -9.56    -24.68     1.289     236081    0    0    0    0    0
2012  4 25 11 50  0    0     3.18    -1.68    -2.81    -606.1    -10.76    -26.26     1.268     230024    0    0    0    0    0
2012  4 25 11 51  0    0     3.24    -1.63    -2.71    -601.8    -11.31    -26.70     1.245     220058    0    0    0    0    0
2012  4 25 11 52  0    0     3.33    -1.58    -2.53    -599.7    -11.82    -28.26     1.233     220367    0    0    0    0    0
2012  4 25 11 53  0    0     3.42    -1.56    -2.37    -598.7     -8.98    -29.71     1.300     229635    0    0    0    0    0
2012  4 25 11 54  0    0     3.60    -1.10    -2.07    -596.2     -1.40    -21.53     1.384     273347    0    0    0    0    0
2012  4 25 11 55  0    0     3.66    -1.01    -1.96    -593.6      0.65    -20.48     1.356     283075    0    0    0    0    0
2012  4 25 11 56  0    0     3.68    -1.53    -1.90    -591.7      3.73    -20.45     1.276     249416    0    0    0    0    0
2012  4 25 11 57  0    0     3.72    -1.91    -1.89    -590.2      4.04    -21.87     1.230     221982    0    0    0    0    0
2012  4 25 11 58  0    0     3.85    -1.82    -1.99    -589.1      1.76    -24.52     1.226     220828    0    0    0    0    0
2012  4 25 11 59  0    0     3.97    -1.58    -2.19    -588.9      1.46    -20.36     1.212     213527    0    0    0    0    0
2012  4 25 12  0  0    0     3.99    -1.19    -2.34    -588.7      0.91    -12.27     1.194     201655    0    0    0    0    0
2012  4 25 12  1  0    0     4.06    -0.94    -2.46    -587.3     -1.35    -11.72     1.170     199253    0    0    0    0    0
2012  4 25 12  2  0    0     4.11    -0.86    -2.56    -585.5     -4.22    -10.68     1.127     191900    0    0    0    0    0
2012  4 25 12  3  0    0     4.09    -0.82    -2.46    -584.6     -0.61     -8.71     1.097     173360    0    0    0    0    0
2012  4 25 12  4  0    0     4.07    -1.28    -1.67    -586.4      1.18     -4.12     1.169     187566    0    1    1    0    0
2012  4 25 12  5  0    0     3.93    -1.93    -1.20    -590.1      3.75     -2.76     1.244     231473    0    1    1    0    0
2012  4 25 12  6  0    0     3.69    -2.07    -1.09    -589.8      4.47      5.17     1.224     217014    0    1    1    0    0
2012  4 25 12  7  0    0     3.66    -1.88    -0.84    -588.0      2.31     10.70     1.212     197585    0    0    0    0    0
2012  4 25 12  8  0    0     3.84    -1.53    -0.51    -586.3      0.41     13.44     1.219     194530    0    0    0    0    0
2012  4 25 12  9  0    0     4.01    -1.32    -0.37    -585.0      0.64     16.30     1.251     197526    0    0    0    0    0
2012  4 25 12 10  0    0     3.99    -1.28    -0.10    -585.1      3.35     19.37     1.280     212507    0    0    0    0    0
2012  4 25 12 11  0    0     3.99    -0.92     0.02    -585.6      3.77     17.47     1.221     208234    0    0    0    0    0
2012  4 25 12 12  0    0     4.01    -0.61    -0.15    -585.9      4.15      8.15     1.162     191496    0    0    0    0    0
2012  4 25 12 13  0    0     4.06    -0.34    -0.57    -586.4      3.98     -0.41     1.179     192906    0    0    0    0    0
2012  4 25 12 14  0    0     4.01    -0.47    -0.95    -585.9      3.25      7.98     1.222     199968    0    0    0    0    0
2012  4 25 12 15  0    0     4.01    -1.13    -1.02    -585.7      2.65     14.04     1.279     213784    0    0    0    0    0
2012  4 25 12 16  0    0     3.93    -1.54    -1.00    -586.1      2.05     14.38     1.311     230740    0    0    0    0    0
2012  4 25 12 17  0    0     3.89    -1.85    -1.03    -585.9      2.28     10.99     1.310     230306    0    0    0    0    0
2012  4 25 12 18  0    0     3.89    -2.00    -1.02    -584.5      6.25      7.09     1.316     228724    0    0    0    0    0
2012  4 25 12 19  0    0     3.88    -2.11    -0.93    -583.6      9.52      5.59     1.361     229331    0    0    0    0    0
2012  4 25 12 20  0    0     3.86    -2.11    -0.97    -582.1     10.49      5.22     1.412     235397    0    0    0    0    0
2012  4 25 12 21  0    0     3.74    -2.16    -1.46    -581.6      8.70     -1.71     1.381     235397    0    0    0    0    0
2012  4 25 12 22  0    0     3.74    -1.97    -1.68    -590.8      3.70     -7.04     1.331     218614    0    0    0    0    0
2012  4 25 12 23  0    0     3.63    -1.89    -1.75    -594.3      5.01    -10.81     1.344     216346    0    0    0    0    0
2012  4 25 12 24  0    0     2.22    -3.12    -2.28    -620.3    -11.09    -21.96     1.297     201161    0    0    0    0    0
2012  4 25 12 25  0    0     1.18    -3.68    -2.60    -635.4    -28.99    -35.13     1.292     206203    0    0    0    0    0
2012  4 25 12 26  0    0     0.86    -3.84    -2.59    -635.6    -29.78    -35.76     1.316     218408    0    0    0    0    0
2012  4 25 12 27  0    0     0.94    -3.73    -2.58    -632.9    -20.66    -34.22     1.359     219095    0    0    0    0    0
2012  4 25 12 28  0    0     1.12    -3.68    -2.62    -630.1    -15.40    -31.66     1.381     219116    0    0    0    0    1
2012  4 25 12 29  0    0     0.82    -3.60    -2.94    -632.4    -12.43    -31.78     1.303     217539    0    0    0    0    2
2012  4 25 12 30  0    0     1.04    -3.57    -3.01    -633.2     -8.80    -32.13     1.264     215535    0    0    0    0    2
2012  4 25 12 31  0    0     1.51    -3.39    -2.74    -630.2     -4.80    -26.51     1.281     213985    0    0    0    0    2
2012  4 25 12 32  0    0     1.92    -3.18    -2.33    -624.7     -2.58    -18.06     1.298     212828    0    0    0    0    2
2012  4 25 12 33  0    0     2.27    -2.99    -1.88    -617.7     -1.65     -8.69     1.311     211888    0    0    0    0    2
2012  4 25 12 34  0    0     2.78    -2.96    -1.37    -610.7     -3.29     -2.94     1.317     211037    0    0    0    0    2
2012  4 25 12 35  0    0     3.30    -2.91    -0.77    -604.4     -4.98      2.28     1.322     210279    0    1    1    0    1
2012  4 25 12 36  0    0     3.81    -2.82    -0.02    -599.1     -6.75      6.77     1.324     209648    0    1    1    0    1
2012  4 25 12 37  0    0     3.83    -2.87    -0.01    -599.8     -7.76      7.70     1.308     207300    0    1    1    0    0
2012  4 25 12 38  0    0     3.77    -2.90    -0.19    -601.2     -8.45      8.13     1.259     200649    0    1    1    0    0
2012  4 25 12 39  0    0     3.73    -2.91    -0.19    -601.5     -8.30      6.62     1.210     194237    0    1    1    0    0
2012  4 25 12 40  0    0     3.72    -2.69    -0.06    -601.0     -7.69      4.32     1.162     188168    0    1    1    0    0
2012  4 25 12 41  0    0     3.70    -2.40     0.36    -600.3     -7.18      3.07     1.125     183659    0    1    1    0    0
2012  4 25 12 42  0    0     3.66    -1.95     0.84    -600.4     -7.44      3.91     1.093     181362    0    1    1    0    0
2012  4 25 12 43  0    0     3.53    -2.20     0.14    -600.2     -7.39      7.97     1.081     181755    0    1    1    0    0
2012  4 25 12 44  0    0     3.56    -2.58    -0.41    -600.3     -6.57      9.81     1.097     189212    0    1    1    0    0
2012  4 25 12 45  0    0     3.44    -2.90     0.66    -604.5     -6.68      4.44     1.059     183017    0    1    1    0    0
2012  4 25 12 46  0    0     3.17    -3.13     0.36    -607.1     -6.84      0.76     1.049     167972    0    1    1    0    0
2012  4 25 12 47  0    0     3.14    -3.25     0.19    -605.6     -6.61      1.73     1.044     191818    0    1    1    0    0
2012  4 25 12 48  0    0     3.37    -3.12     0.17    -602.1     -5.60      5.04     1.034     234926    0    1    1    0    0
2012  4 25 12 49  0    0     3.79    -2.77    -0.06    -597.4     -3.19      8.91     0.987     234926    0    1    1    0    0
2012  4 25 12 50  0    0     3.86    -2.21     0.03    -594.0      1.24      9.09     0.859     166939    0    1    1    0    0
2012  4 25 12 51  0    0     3.88    -1.82     0.01    -592.9      2.69      6.38     0.775     130630    0    1    1    0    0
2012  4 25 12 52  0    0     4.01    -1.57    -0.42    -593.8      1.01     -0.73     0.782     127272    0    1    1    0    0
2012  4 25 12 53  0    0     4.19    -1.09    -0.90    -596.0      0.44     -5.17     0.944     188053    0    1    1    0    0
2012  4 25 12 54  0    0     4.15    -0.82    -0.87    -599.7     12.08    -10.50     1.155     212464    0    1    1    0    0
2012  4 25 12 55  0    0     3.98    -0.04    -1.19    -603.4     32.06    -17.79     1.176     216008    0    1    1    0    0
2012  4 25 12 56  0    0     3.92     0.21    -1.30    -603.6     28.42    -19.68     1.161     216524    0    1    1    0    0
2012  4 25 12 57  0    0     3.88    -0.12    -1.25    -602.7     22.31    -20.69     1.147     218142    0    1    1    0    0
2012  4 25 12 58  0    0     3.87    -0.47    -1.22    -600.7     18.21    -20.65     1.143     217348    0    1    1    0    0
2012  4 25 12 59  0    0     4.01    -0.52    -1.18    -597.7     18.18    -18.51     1.106     209414    0    1    1    0    0
2012  4 25 13  0  0    0     3.89    -1.26    -1.36    -594.1     18.30    -13.46     1.008     185055    0    1    1    0    0
2012  4 25 13  1  0    0     3.82    -1.48    -1.46    -592.4     18.25    -11.44     0.917     148568    0    1    1    0    0
2012  4 25 13  2  0    0     3.77    -1.20    -1.76    -592.3     17.89    -11.54     0.870     131412    0    1    1    0    0
2012  4 25 13  3  0    0     3.78    -0.95    -2.38    -593.0     16.50    -12.40     0.882     135481    0    1    1    0    0
2012  4 25 13  4  0    0     3.46     0.14    -2.89    -601.9     15.75    -20.21     1.115     162478    0    1    1    0    0
2012  4 25 13  5  0    0     3.21    -0.04    -2.98    -606.8     18.66    -24.29     1.239     189351    0    1    1    0    0
2012  4 25 13  6  0    0     3.11    -0.28    -3.08    -607.2     24.02    -23.47     1.266     209739    0    1    1    0    0
2012  4 25 13  7  0    0     3.11     0.09    -3.13    -606.5     25.71    -22.21     1.265     220700    0    1    1    0    0
2012  4 25 13  8  0    0     3.14     0.40    -3.16    -605.4     22.46    -21.90     1.223     213630    0    1    1    0    0
2012  4 25 13  9  0    0     3.20     0.23    -3.13    -604.6     18.29    -23.04     1.160     198202    0    1    1    0    0
2012  4 25 13 10  0    0     3.31    -0.07    -3.06    -604.6     16.20    -24.08     1.122     193591    0    1    1    0    0
2012  4 25 13 11  0    0     3.41    -0.26    -2.97    -605.2     15.13    -24.06     1.130     198818    0    1    1    0    0
2012  4 25 13 12  0    0     3.39    -0.33    -2.98    -605.3     10.75    -22.91     1.145     209546    0    1    1    0    0
2012  4 25 13 13  0    0     3.41    -0.48    -2.88    -604.3      3.33    -18.94     1.143     205851    0    1    1    0    0
2012  4 25 13 14  0    0     3.58    -1.08    -2.41    -603.4     -4.68    -12.09     1.103     196201    0    1    1    0    0
2012  4 25 13 15  0    0     3.87    -1.71    -1.71    -604.1    -10.14     -5.01     1.059     196575    0    1    1    0    0
2012  4 25 13 16  0    0     3.94    -1.73    -1.43    -604.7    -11.47     -2.36     1.066     199070    0    1    1    0    0
2012  4 25 13 17  0    0     3.85    -1.63    -1.44    -604.8    -11.84     -3.21     1.087     204209    0    1    1    0    0
2012  4 25 13 18  0    0     3.67    -1.72    -1.79    -605.0    -11.89     -4.22     1.127     213915    0    1    1    0    0
2012  4 25 13 19  0    0     3.63    -1.90    -2.00    -605.2    -11.82     -4.68     1.152     225893    0    1    1    0    0
2012  4 25 13 20  0    0     3.66    -1.81    -2.07    -605.3    -11.49     -5.31     1.137     220444    0    1    1    0    0
2012  4 25 13 21  0    0     3.74    -1.62    -2.08    -604.8    -10.66     -6.51     1.107     207272    0    1    1    0    0
2012  4 25 13 22  0    0     3.79    -1.56    -2.03    -604.0     -9.83     -7.87     1.079     199834    0    1    1    0    0
2012  4 25 13 23  0    0     3.82    -1.37    -2.02    -603.6     -9.73     -8.54     1.069     195316    0    1    1    0    0
2012  4 25 13 24  0    0     3.84    -1.25    -1.95    -603.9    -10.24     -7.51     1.083     200265    0    1    1    0    0
2012  4 25 13 25  0    0     3.80    -1.24    -1.78    -605.6    -11.09     -4.44     1.127     214758    0    1    1    0    0
2012  4 25 13 26  0    0     3.74    -1.32    -1.66    -606.7    -12.25     -2.71     1.141     208332    0    1    1    0    0
2012  4 25 13 27  0    0     3.70    -1.92    -1.62    -606.2    -13.44     -3.10     1.106     196159    0    1    1    0    0
2012  4 25 13 28  0    0     3.71    -2.81    -1.56    -605.5    -14.03     -3.61     1.081     188940    0    1    1    0    0
2012  4 25 13 29  0    0     3.73    -2.80    -1.59    -604.8    -13.70     -4.03     1.080     180165    0    1    1    0    0
2012  4 25 13 30  0    0     3.55    -3.05    -1.50    -607.2    -11.99     -3.77     1.076     164893    0    1    1    0    0
2012  4 25 13 31  0    0     2.27    -4.53    -0.40    -628.1    -13.25      6.29     1.225     164164    0    1    1    0    2
2012  4 25 13 32  0    0     2.25    -4.59    -0.40    -628.0    -17.14      9.23     1.232     177101    0    1    1    0    2
2012  4 25 13 33  0    0     2.37    -4.58    -0.56    -626.5    -22.55     13.12     1.231     188705    0    1    1    0    2
2012  4 25 13 34  0    0     2.56    -4.57    -0.84    -639.8    -31.72     18.68     1.240     210299    0    0    0    0    2
2012  4 25 13 35  0    0     2.69    -4.58    -1.00    -641.4    -37.30     21.83     1.236     224597    0    0    0    0    2
2012  4 25 13 36  0    0     2.65    -4.59    -1.01    -641.8    -41.03     23.23     1.211     233748    0    0    0    0    1
2012  4 25 13 37  0    0     2.65    -4.62    -1.01    -641.8    -40.73     20.65     1.198     233085    0    0    0    0    0
2012  4 25 13 38  0    0     2.64    -4.70    -1.02    -641.3    -41.47     22.32     1.197     231097    0    0    0    0    0
2012  4 25 13 39  0    0     2.66    -4.70    -1.01    -639.0    -42.99     29.59     1.200     231307    0    0    0    0    0
2012  4 25 13 40  0    0     2.84    -4.70    -0.96    -636.4    -44.63     38.20     1.212     232876    0    0    0    0    0
2012  4 25 13 41  0    0     2.90    -4.70    -0.73    -633.3    -45.39     41.68     1.253     234403    0    0    0    0    0
2012  4 25 13 42  0    0     3.16    -4.37    -0.89    -631.8    -46.15     42.81     1.290     240746    0    0    0    0    0
2012  4 25 13 43  0    0     3.30    -4.22    -0.95    -631.1    -46.96     42.98     1.306     242758    0    0    0    0    0
2012  4 25 13 44  0    0     3.46    -4.13    -0.84    -628.6    -47.44     43.77     1.277     233461    0    0    0    0    0
2012  4 25 13 45  0    0     3.68    -4.07    -0.65    -626.1    -47.72     45.17     1.244     226821    0    0    0    0    0
2012  4 25 13 46  0    0     3.85    -4.17    -0.31    -625.1    -48.01     46.43     1.262     234012    0    0    0    0    0
2012  4 25 13 47  0    0     3.84    -4.36     0.01    -625.3    -49.08     46.77     1.324     244800    0    0    0    0    0
2012  4 25 13 48  0    0     3.77    -4.46    -0.14    -625.7    -50.61     43.67     1.321     239241    0    0    0    0    0
2012  4 25 13 49  0    0     3.77    -4.53    -0.27    -624.3    -51.05     36.13     1.278     227767    0    0    0    0    0
2012  4 25 13 50  0    0     3.78    -4.56    -0.24    -621.1    -50.96     28.94     1.257     220077    0    0    0    0    0
2012  4 25 13 51  0    0     3.82    -4.54    -0.29    -618.9    -50.71     24.89     1.250     220576    0    1    1    1    1
2012  4 25 13 52  0    0     3.74    -4.60    -0.49    -618.7    -49.72     21.36     1.277     228062    0    2    2    2    2
2012  4 25 13 53  0    0     3.55    -4.73    -0.74    -618.8    -48.35     16.72     1.326     235636    0    2    2    2    2
2012  4 25 13 54  0    0     3.51    -4.69    -0.95    -618.7    -46.98     12.20     1.371     242705    0    1    1    1    1
2012  4 25 13 55  0    0     3.38    -4.71    -1.15    -617.1    -45.47      9.33     1.356     242705    0    1    1    1    1
2012  4 25 13 56  0    0     3.45    -4.63    -1.40    -611.0    -40.20      8.69     1.299     237555    0    0    0    0    0
2012  4 25 13 57  0    0     3.51    -4.53    -1.60    -604.7    -35.23      8.48     1.241     216186    0    0    0    0    0
2012  4 25 13 58  0    0     3.56    -4.40    -1.75    -598.2    -30.65      8.69     1.182     177572    0    0    0    0    0
2012  4 25 13 59  0    0     3.81    -4.31    -1.47    -594.8    -30.21     12.78     1.142     173711    0    0    0    0    0
2012  4 25 14  0  0    0     4.07    -4.16    -1.15    -597.5    -35.43     27.48     1.163     195634    0    0    0    0    0
2012  4 25 14  1  0    0     4.42    -3.98    -0.74    -605.2    -44.60     38.81     1.275     219416    0    0    0    0    0
2012  4 25 14  2  0    0     4.72    -3.66    -0.62    -609.6    -43.39     39.80     1.346     234039    0    0    0    0    0
2012  4 25 14  3  0    0     4.48    -4.03    -0.82    -614.8    -42.77     32.74     1.443     255255    0    0    0    0    0
2012  4 25 14  4  0    0     4.35    -4.13    -1.33    -616.5    -44.14     17.32     1.479     257073    0    0    0    0    0
2012  4 25 14  5  0    0     4.24    -4.14    -1.59    -617.5    -46.12     10.48     1.378     241176    0    0    0    0    0
2012  4 25 14  6  0    0     4.18    -4.19    -1.39    -618.2    -48.23     12.97     1.313     229635    0    0    0    0    0
2012  4 25 14  7  0    0     4.32    -3.87    -1.30    -619.9    -50.79     15.77     1.358     231911    0    0    0    0    0
2012  4 25 14  8  0    0     4.08    -4.12    -1.44    -623.7    -53.03     14.69     1.420     247841    0    0    0    0    0
2012  4 25 14  9  0    0     4.23    -3.95    -1.72    -624.0    -53.24     10.19     1.419     245501    0    0    0    0    0
2012  4 25 14 10  0    0     4.23    -3.89    -1.80    -621.3    -52.63      9.11     1.366     235770    0    0    0    0    0
2012  4 25 14 11  0    0     4.29    -3.81    -1.84    -616.4    -52.32     11.19     1.279     216064    0    0    0    0    0
2012  4 25 14 12  0    0     4.24    -3.78    -2.17    -613.2    -52.30     12.80     1.223     208007    0    0    0    0    0
2012  4 25 14 13  0    0     4.28    -3.75    -2.21    -612.5    -51.06      6.81     1.180     205960    0    0    0    0    0
2012  4 25 14 14  0    0     4.78    -3.62    -1.76    -612.7    -49.11     -0.97     1.145     205960    0    0    0    0    0
2012  4 25 14 15  0    0     4.93    -3.36    -1.75    -610.6    -47.92     -2.81     1.128     179282    0    0    0    0    0
2012  4 25 14 16  0    0     5.02    -2.98    -1.83    -607.8    -47.03     -3.49     1.117     163868    0    0    0    0    0
2012  4 25 14 17  0    0     5.17    -2.64    -1.81    -606.2    -46.09     -4.81     1.110     181121    0    0    0    0    0
2012  4 25 14 18  0    0     5.23    -2.52    -1.80    -604.7    -44.53     -4.31     1.119     208874    0    0    0    0    0
2012  4 25 14 19  0    0     5.21    -2.55    -1.86    -600.8    -42.14     -0.49     1.143     207898    0    0    0    0    0
2012  4 25 14 20  0    0     4.92    -3.26    -1.88    -596.0    -39.76      4.04     1.171     199534    0    0    0    0    0
2012  4 25 14 21  0    0     4.86    -3.40    -1.84    -594.6    -40.44      5.17     1.197     195461    0    0    0    0    0
2012  4 25 14 22  0    0     3.74    -4.12     0.01    -619.2    -48.17     47.37     1.598     241370    0    0    0    0    0
2012  4 25 14 23  0    0     3.63    -4.22     0.19    -619.9    -59.35     57.23     1.562     237044    0    0    0    0    0
2012  4 25 14 24  0    0     3.73    -4.19     0.25    -616.7    -64.52     58.27     1.514     208207    0    0    0    0    0
2012  4 25 14 25  0    0     3.88    -4.08     0.19    -612.3    -64.58     58.32     1.469     206309    0    0    0    0    0
2012  4 25 14 26  0    0     4.09    -3.88     0.16    -608.8    -64.37     58.90     1.404     195308    0    0    0    0    0
2012  4 25 14 27  0    0     4.27    -3.71     0.12    -607.0    -64.32     59.57     1.336     185184    0    0    0    0    0
2012  4 25 14 28  0    0     4.32    -3.64    -0.07    -609.1    -64.22     61.68     1.317     184567    0    1    1    0    1
2012  4 25 14 29  0    0     4.42    -3.45    -0.22    -623.1    -62.79     74.66     1.474     204196    0    2    2    0    2
2012  4 25 14 30  0    0     4.34    -3.30    -0.12    -627.1    -60.61     76.34     1.588     254888    0    1    1    0    1
2012  4 25 14 31  0    0     4.31    -3.08    -0.05    -623.4    -58.23     70.04     1.591     294849    0    0    0    0    0
2012  4 25 14 32  0    0     4.25    -2.87     0.03    -619.5    -55.97     64.22     1.533     282137    0    0    0    0    0
2012  4 25 14 33  0    0     4.17    -2.77     0.07    -612.0    -54.63     53.87     1.387     212800    0    0    0    0    0
2012  4 25 14 34  0    0     4.23    -2.64    -0.15    -604.5    -52.82     43.77     1.254     179266    0    0    0    0    0
2012  4 25 14 35  0    0     4.41    -2.49    -0.63    -596.9    -50.57     33.91     1.134     179223    0    0    0    0    0
2012  4 25 14 36  0    0     4.79    -2.25    -1.42    -592.9    -45.50     30.23     1.139     179212    0    0    0    0    0
2012  4 25 14 37  0    0     5.04    -2.12    -1.81    -590.5    -39.96     26.91     1.224     199827    0    0    0    0    0
2012  4 25 14 38  0    0     5.12    -2.05    -1.76    -589.2    -35.83     20.48     1.304     227243    0    0    0    0    0
2012  4 25 14 39  0    0     5.00    -2.07    -1.71    -588.5    -33.35     15.33     1.320     236660    0    0    0    0    0
2012  4 25 14 40  0    0     4.77    -2.29    -1.21    -587.5    -32.28     16.08     1.294     234728    0    0    0    0    0
2012  4 25 14 41  0    0     4.78    -2.43     0.01    -586.6    -33.60     18.13     1.246     226845    0    0    0    0    0
2012  4 25 14 42  0    0     4.84    -2.53     0.11    -585.9    -35.55     21.56     1.201     212337    0    0    0    0    0
2012  4 25 14 43  0    0     4.80    -2.73     0.32    -584.6    -35.67     25.73     1.157     197806    0    0    0    0    0
2012  4 25 14 44  0    0     4.78    -2.82     0.47    -582.5    -35.92     30.56     1.122     198249    0    0    0    0    0
2012  4 25 14 45  0    0     4.77    -2.73     0.73    -582.7    -36.10     28.44     1.127     224418    0    0    0    0    0
2012  4 25 14 46  0    0     4.70    -2.43     0.37    -594.4    -45.64     -8.14     1.213     214240    0    0    0    0    0
2012  4 25 14 47  0    0     4.58    -2.59    -0.69    -597.4    -49.55    -16.39     1.244     210050    0    0    0    0    0
2012  4 25 14 48  0    0     4.52    -2.79    -1.56    -597.3    -50.80    -17.12     1.255     211388    0    0    0    0    0
2012  4 25 14 49  0    0     4.39    -2.85    -1.77    -597.4    -51.96    -21.19     1.263     211565    0    0    0    0    0
2012  4 25 14 50  0    0     4.51    -2.04    -1.79    -601.0    -53.15    -27.88     1.291     213609    0    0    0    0    0
2012  4 25 14 51  0    0     4.45    -1.62    -2.04    -609.2    -52.19    -28.00     1.611     269646    0    0    0    0    0
2012  4 25 14 52  0    0     4.36    -1.50    -2.25    -613.1    -52.43    -27.51     1.762     299443    0    0    0    0    0
2012  4 25 14 53  0    0     4.37    -1.45    -2.24    -611.3    -52.96    -27.51     1.670     276427    0    0    0    0    0
2012  4 25 14 54  0    0     4.58    -1.19    -2.03    -606.4    -45.06    -20.17     1.558     254495    0    0    0    0    0
2012  4 25 14 55  0    0     4.91    -0.79    -1.71    -600.1    -31.27     -7.63     1.465     238213    0    0    0    0    0
2012  4 25 14 56  0    0     5.32    -0.23    -1.33    -594.1    -12.88      9.10     1.452     231503    0    0    0    0    0
2012  4 25 14 57  0    0     5.48     0.22    -1.09    -594.9     -6.26     15.43     1.495     226370    0    0    0    0    1
2012  4 25 14 58  0    0     5.25     0.07    -1.24    -603.1    -11.13     10.46     1.601     222405    0    0    0    0    2
2012  4 25 14 59  0    0     5.13    -0.10    -1.32    -598.9    -10.27      8.65     1.527     220582    0    0    0    0    2
2012  4 25 15  0  0    0     5.12     0.20    -1.05    -593.6     -9.14      6.13     1.378     219010    0    0    0    0    2
2012  4 25 15  1  0    0     5.06     0.43    -0.91    -591.0    -13.55      1.64     1.183     206094    0    0    0    0    1
2012  4 25 15  2  0    0     4.75     0.13    -1.23    -592.3    -26.52     -6.00     0.979     179743    0    0    0    0    0
2012  4 25 15  3  0    0     3.94    -0.89    -1.89    -598.9    -39.08     -9.91     1.127     231230    0    0    0    0    0
2012  4 25 15  4  0    0     3.66    -2.38    -2.53    -624.0    -25.57    -12.98     1.715     305579    0    1    1    2    0
2012  4 25 15  5  0    0     3.35    -1.02    -1.92    -637.4      4.73     -1.13     2.031     379928    0    1    1    1    0
2012  4 25 15  6  0    0     2.36    -0.25    -1.95    -632.6      4.14     -3.69     1.967     454277    0    1    1    1    0
2012  4 25 15  7  0    0     1.97     0.21    -2.11    -628.2      5.64     -7.50     1.772     528626    0    0    0    0    1
2012  4 25 15  8  0    0     1.99     0.60    -2.19    -623.5     13.16    -10.08     1.578     503553    0    0    0    0    2
2012  4 25 15  9  0    0     2.27     1.12    -2.05    -618.5     26.46    -10.49     1.458     470624    0    0    0    0    2
2012  4 25 15 10  0    0     2.89     2.31    -1.62    -615.4     25.97    -11.94     1.416     430970    0    0    0    0    2
2012  4 25 15 11  0    0     3.29     2.31    -1.60    -615.9     28.01    -12.76     1.410     378339    0    0    0    0    2
2012  4 25 15 12  0    0     3.46     0.94    -1.90    -613.8     17.60    -12.35     1.225     294476    0    0    0    0    1
2012  4 25 15 13  0    0     3.45     0.18    -2.03    -610.1      7.13    -11.52     1.022     223495    0    0    0    0    0
2012  4 25 15 14  0    0     3.59    -0.19    -1.94    -606.0      0.83    -11.95     0.928     187769    0    0    0    0    0
2012  4 25 15 15  0    0     3.99    -0.25    -1.67    -601.5     -0.57    -12.85     0.960     185617    0    0    0    0    0
2012  4 25 15 16  0    0     4.58     0.19    -1.40    -595.8      1.41     -9.49     1.023     185617    0    0    0    0    0
2012  4 25 15 17  0    0     4.81     0.65    -1.29    -593.5     11.50     -5.56     1.049     186840    0    0    0    0    0
2012  4 25 15 18  0    0     4.69     1.23    -1.19    -593.4      4.27     -1.30     1.052     187452    0    0    0    0    0
2012  4 25 15 19  0    0     4.58     1.48    -1.20    -592.2     -0.57      3.81     1.045     184106    0    0    0    0    0
2012  4 25 15 20  0    0     4.51     1.58    -1.38    -591.4      3.64      4.26     1.007     168858    0    0    0    0    0
2012  4 25 15 21  0    0     3.77     1.86    -2.04    -598.9      3.69      7.57     0.916     139651    0    0    0    0    0
2012  4 25 15 22  0    0     3.30     1.96    -2.10    -594.6      5.82      7.88     0.886     139096    0    0    0    0    0
2012  4 25 15 23  0    0     3.21     1.69    -1.95    -593.7      8.66      5.93     0.874     154595    0    0    0    0    1
2012  4 25 15 24  0    0     3.01     1.42    -1.66    -603.8     12.25      2.75     0.899     202238    0    0    0    0    2
2012  4 25 15 25  0    0     2.58     1.32    -1.34    -607.6     13.81      1.41     0.969     227406    0    0    0    0    1
2012  4 25 15 26  0    0     2.47     1.65    -1.34    -609.0     13.94      1.72     0.989     212328    0    0    0    0    0
2012  4 25 15 27  0    0     2.33     1.86    -1.16    -609.6     17.66      3.69     1.008     199196    0    0    0    0    0
2012  4 25 15 28  0    0     2.12     1.73    -0.85    -610.0     17.96      4.55     1.034     207136    0    0    0    0    0
2012  4 25 15 29  0    0     1.70     1.75    -0.45    -612.3     13.60      9.26     1.049     223815    0    1    1    0    0
2012  4 25 15 30  0    0     0.84     1.93     0.06    -629.2      7.76      7.83     1.167     278540    0    1    1    0    0
2012  4 25 15 31  0    0     1.10     2.28    -0.66    -637.5      4.11     -0.40     1.507     316749    0    1    2    0    0
2012  4 25 15 32  0    0     0.23     2.56    -3.09    -642.3      0.10     -9.84     1.832     339211    0    1    1    0    0
2012  4 25 15 33  0    0     0.01     2.73    -3.57    -642.7     -2.16    -21.80     1.886     340053    0    0    0    0    0
2012  4 25 15 34  0    0     0.28     2.89    -3.59    -640.0      0.01    -20.85     1.885     336873    0    0    0    0    0
2012  4 25 15 35  0    0     0.62     2.94    -3.69    -638.0     -1.95    -20.96     1.873     319568    0    0    0    0    0
2012  4 25 15 36  0    0     0.62     2.70    -3.70    -637.1     -5.76    -24.64     1.852     303133    0    0    0    0    0
2012  4 25 15 37  0    0     0.60     2.12    -3.89    -639.5     -8.22    -27.11     1.841     304880    0    0    0    0    0
2012  4 25 15 38  0    0     0.52     2.07    -4.07    -639.7     -7.08    -27.58     1.845     316008    0    0    0    0    0
2012  4 25 15 39  0    0     1.06     2.20    -4.12    -634.4      0.02    -27.70     1.871     319238    0    0    0    0    0
2012  4 25 15 40  0    0     1.11     2.40    -4.07    -632.9      4.92    -26.55     1.982     319777    0    0    0    0    0
2012  4 25 15 41  0    0     1.73     1.82    -3.81    -629.5      6.03    -25.49     2.031     317542    0    0    0    0    0
2012  4 25 15 42  0    0     2.31     1.38    -3.61    -626.6      3.32    -24.95     2.052     316239    0    0    0    0    0
2012  4 25 15 43  0    0     2.60     1.25    -3.46    -624.9     -0.47    -24.92     2.060     325807    0    0    0    0    0
2012  4 25 15 44  0    0     2.84     1.13    -3.35    -623.2     -1.74    -25.04     2.079     351446    0    0    0    0    0
2012  4 25 15 45  0    0     3.20     0.95    -3.27    -621.5     -1.78    -24.97     2.125     378095    0    0    0    0    0
2012  4 25 15 46  0    0     3.44     0.64    -2.96    -620.4     -1.36    -24.40     2.125     381902    0    1    0    0    0
2012  4 25 15 47  0    0     3.45     0.16    -2.94    -618.9     -2.13    -22.75     2.014     375367    0    1    0    0    0
2012  4 25 15 48  0    0     3.55     0.01    -2.86    -610.7    -10.02    -15.08     1.757     319355    0    1    0    0    0
2012  4 25 15 49  0    0     3.66    -0.13    -2.87    -602.2    -12.89    -11.49     1.496     264466    0    1    1    0    0
2012  4 25 15 50  0    0     3.83    -0.25    -3.07    -593.0     -5.73    -16.05     1.224     211822    0    1    1    0    0
2012  4 25 15 51  0    0     4.07    -0.33    -3.10    -585.6     -0.70    -18.74     1.011     170584    0    1    1    0    0
2012  4 25 15 52  0    0     4.52    -0.24    -2.56    -585.3     -2.32    -14.62     1.014     175547    0    0    0    0    0
2012  4 25 15 53  0    0     4.39     0.04    -2.01    -588.1      2.58     -7.68     1.046     207756    0    0    0    0    0
2012  4 25 15 54  0    0     4.26     0.20    -1.41    -590.8      9.93      0.52     1.075     243715    0    0    0    0    0
2012  4 25 15 55  0    0     4.21     0.48    -1.16    -590.5     15.19      0.52     1.079     262171    0    0    0    0    0
2012  4 25 15 56  0    0     4.15     0.74    -1.09    -589.3     17.21      0.05     1.074     263698    0    1    1    0    0
2012  4 25 15 57  0    0     4.27     0.67    -1.19    -587.1     16.75      2.19     1.060     263698    0    1    1    0    0
2012  4 25 15 58  0    0     4.60    -0.12    -1.08    -586.2     15.43      5.22     1.035     265943    0    1    1    0    0
2012  4 25 15 59  0    0     4.86    -0.22    -0.68    -585.3     13.42      6.80     1.019     273128    0    1    1    0    0
2012  4 25 16  0  0    0     4.90    -0.09    -0.81    -584.3     11.20      7.49     1.017     265911    0    1    1    0    0
2012  4 25 16  1  0    0     4.87    -0.24    -1.37    -582.9      9.48      1.86     0.998     213656    0    1    1    0    0
2012  4 25 16  2  0    0     4.87    -0.08    -1.47    -582.0     10.64      5.43     0.975     196961    0    1    1    0    0
2012  4 25 16  3  0    0     3.66     0.23    -3.59    -610.5      4.12    -26.00     1.750     330278    0    0    0    0    0
2012  4 25 16  4  0    0     3.49     0.47    -3.95    -610.1      5.53    -37.38     1.775     334765    0    0    0    0    0
2012  4 25 16  5  0    0     3.34     0.48    -3.87    -613.2     10.73    -40.96     1.811     344862    0    0    0    0    0
2012  4 25 16  6  0    0     3.25     0.67    -3.91    -613.2     13.19    -36.51     1.795     347947    0    0    0    0    0
2012  4 25 16  7  0    0     3.26     0.68    -3.85    -614.6     12.85    -28.24     1.519     288124    0    0    0    0    0
2012  4 25 16  8  0    0     3.30     0.54    -3.84    -614.2     13.74    -26.71     1.197     238974    0    1    1    0    0
2012  4 25 16  9  0    0     3.59     0.30    -3.69    -614.2     12.21    -26.47     0.962     230827    0    1    1    0    0
2012  4 25 16 10  0    0     3.89     0.17    -3.37    -617.2      9.80    -24.95     0.864     279467    0    1    1    0    0
2012  4 25 16 11  0    0     4.06    -0.26    -2.98    -617.2      3.81    -21.49     0.862     289312    0    1    1    0    1
2012  4 25 16 12  0    0     4.11    -0.25    -2.98    -616.5      0.09    -20.03     0.926     298199    0    1    1    0    2
2012  4 25 16 13  0    0     3.97    -0.16    -3.17    -614.9      1.90    -18.68     1.022     304949    0    1    1    0    2
2012  4 25 16 14  0    0     4.15    -0.25    -2.89    -613.2      4.00    -17.34     1.111     305945    0    2    2    0    1
2012  4 25 16 15  0    0     3.90     0.04    -2.81    -611.6      6.10    -16.00     1.041     300443    0    2    2    0    1
2012  4 25 16 16  0    0     3.50     0.38    -2.86    -609.9      8.20    -14.66     0.912     293180    0    1    1    0    2
2012  4 25 16 17  0    0     3.64     0.25    -2.46    -608.6      9.37    -13.36     0.868     285832    0    1    1    0    2
2012  4 25 16 18  0    0     4.09    -0.43    -1.81    -607.5      8.63    -14.51     0.952     278383    0    1    1    0    2
2012  4 25 16 19  0    0     4.29    -1.02    -1.62    -606.8      5.59    -14.84     1.065     270726    0    1    1    0    2
2012  4 25 16 20  0    0     4.28    -1.12    -1.80    -609.3      1.78    -13.92     1.109     260239    0    1    1    0    1
2012  4 25 16 21  0    0     4.30    -1.15    -1.86    -611.3     -0.45    -15.08     1.115     255557    0    1    1    0    0
2012  4 25 16 22  0    0     4.32    -1.15    -1.78    -610.2     -1.20    -15.22     1.178     261059    0    1    1    0    0
2012  4 25 16 23  0    0     4.22    -1.16    -1.83    -608.4     -2.33    -15.53     1.247     278837    0    1    1    0    0
2012  4 25 16 24  0    0     4.07    -1.27    -2.00    -607.2     -6.26    -15.60     1.275     302893    0    1    1    0    1
2012  4 25 16 25  0    0     3.97    -1.91    -2.08    -609.4    -11.11     -7.49     1.263     328841    0    1    1    0    2
2012  4 25 16 26  0    0     3.98    -1.63    -2.25    -611.0    -13.51     -1.13     1.338     354738    0    1    1    1    2
2012  4 25 16 27  0    0     3.80    -0.41    -2.53    -609.0    -10.34     -1.25     1.502     375971    0    1    1    2    2
2012  4 25 16 28  0    0     3.59     0.51    -2.81    -607.3     -7.99     -7.54     1.704     397601    0    1    1    2    2
2012  4 25 16 29  0    0     3.80     0.06    -2.83    -608.5    -13.65    -17.20     1.941     421138    0    1    1    2    2
2012  4 25 16 30  0    0     4.23    -1.05    -2.61    -609.5    -18.17    -20.42     2.084     430804    0    1    1    1    1
2012  4 25 16 31  0    0     4.27    -0.89    -2.54    -609.0    -18.21    -21.51     2.089     420298    0    0    0    0    0
2012  4 25 16 32  0    0     4.21    -0.35    -2.62    -607.5    -18.71    -21.62     1.902     373197    0    0    0    0    0
2012  4 25 16 33  0    0     4.13    -0.96    -2.87    -607.8    -29.72    -19.40     1.519     319259    0    0    0    0    0
2012  4 25 16 34  0    0     3.53    -3.37    -3.22    -625.8    -54.92     -6.18     1.366     333126    0    1    1    0    2
2012  4 25 16 35  0    0     2.41    -4.10    -4.24    -647.0    -56.86     -7.15     2.327     425650    0    1    1    0    1
2012  4 25 16 36  0    0     2.23    -3.84    -4.65    -650.3    -60.27     -8.95     2.371     430935    0    0    0    0    0
2012  4 25 16 37  0    0     2.16    -3.74    -4.54    -652.1    -60.37     -9.82     2.261     386115    0    0    0    0    0
2012  4 25 16 38  0    0     2.38    -3.54    -4.46    -648.4    -59.08    -15.83     1.999     337990    0    0    0    0    0
2012  4 25 16 39  0    0     2.72    -3.33    -4.38    -642.9    -57.91    -20.95     1.744     303503    0    0    0    0    0
2012  4 25 16 40  0    0     3.13    -3.12    -4.25    -637.1    -57.61    -22.28     1.548     280699    0    0    0    0    0
2012  4 25 16 41  0    0     3.63    -3.02    -4.05    -631.1    -57.54    -17.08     1.439     268357    0    0    0    0    0
2012  4 25 16 42  0    0     4.11    -2.89    -3.88    -626.0    -56.04    -13.88     1.352     260538    0    0    0    0    0
2012  4 25 16 43  0    0     4.46    -2.57    -3.90    -622.1    -49.16    -13.78     1.309     257249    0    0    0    0    0
2012  4 25 16 44  0    0     4.49    -1.29    -4.40    -623.3    -27.63    -19.77     1.418     266977    0    0    0    0    0
2012  4 25 16 45  0    0     4.05     0.30    -4.87    -632.7    -10.40    -25.86     1.946     333520    0    0    0    0    0
2012  4 25 16 46  0    0     3.89    -0.17    -4.80    -636.7    -15.95    -23.33     2.344     399577    0    0    0    0    0
2012  4 25 16 47  0    0     3.62    -1.68    -4.97    -644.4    -24.41    -22.99     2.484     414652    0    0    0    0    0
2012  4 25 16 48  0    0     3.34    -0.68    -5.05    -644.8    -16.99    -22.14     2.566     445070    0    0    0    0    0
2012  4 25 16 49  0    0     3.02     0.97    -5.14    -644.2     -2.72    -15.80     2.642     488709    0    0    0    0    0
2012  4 25 16 50  0    0     2.96     1.13    -5.17    -644.8      4.08     -9.09     2.574     463659    0    0    0    0    0
2012  4 25 16 51  0    0     2.76     1.20    -5.31    -645.5      8.05    -17.62     2.451     426515    0    0    0    0    0
2012  4 25 16 52  0    0     2.64     1.49    -5.38    -653.0     12.30    -26.90     2.504     439321    0    0    0    0    0
2012  4 25 16 53  0    0     2.91     2.75    -4.90    -655.0     12.83    -36.42     2.517     445191    0    0    0    0    0
2012  4 25 16 54  0    0     2.71     2.99    -5.07    -660.5     23.16    -17.47     2.432     451532    0    0    0    0    0
2012  4 25 16 55  0    0     1.50     3.45    -5.80    -667.7     12.50    -19.26     2.541     514342    0    0    0    0    0
2012  4 25 16 56  0    0     1.33     3.18    -5.70    -668.1     -0.25    -23.10     2.637     565958    0    0    0    0    0
2012  4 25 16 57  0    0     1.31     2.46    -5.38    -665.2     -4.48    -25.98     2.641     568996    0    0    0    0    0
2012  4 25 16 58  0    0     1.43     1.12    -5.12    -661.6     -7.47    -28.73     2.605     562297    0    0    0    0    1
2012  4 25 16 59  0    0     2.14    -1.57    -5.02    -659.1    -21.83    -31.45     2.474     533245    0    0    0    0    2
2012  4 25 17  0  0    0     2.31    -2.21    -4.93    -658.7    -29.38    -34.50     2.247     500553    0    0    0    0    2
2012  4 25 17  1  0    0     2.31    -1.52    -4.68    -657.4    -29.02    -30.90     1.610     470097    0    0    0    0    2
2012  4 25 17  2  0    0     2.41    -2.85    -4.62    -665.2    -26.14     -9.15     1.711     426880    0    0    0    0    1
2012  4 25 17  3  0    0     2.73    -5.74    -3.51    -668.6    -35.87     39.38     1.976     413405    0    0    0    0    0
2012  4 25 17  4  0    0     3.06    -6.04    -2.88    -667.6    -45.61     48.49     2.188     418384    0    0    0    0    0
2012  4 25 17  5  0    0     2.96    -6.21    -2.89    -669.6    -46.64     57.17     2.317     447239    0    0    0    0    0
2012  4 25 17  6  0    0     2.01    -6.33    -3.30    -683.0    -41.27     65.00     2.392     521169    0    0    0    0    0
2012  4 25 17  7  0    0     1.93    -6.53    -3.14    -683.1    -45.05     62.28     2.371     534575    0    0    0    0    0
2012  4 25 17  8  0    0     2.13    -6.67    -2.82    -675.1    -58.99     63.83     2.332     534575    0    0    0    0    0
2012  4 25 17  9  0    0     2.23    -6.86    -2.39    -672.5    -62.09     62.24     2.298     508798    0    0    0    0    0
2012  4 25 17 10  0    0     2.50    -6.90    -2.05    -671.4    -60.85     65.46     2.292     498007    0    0    0    0    0
2012  4 25 17 11  0    0     2.91    -6.79    -1.38    -673.3    -60.31     68.13     2.318     530953    0    0    0    0    0
2012  4 25 17 12  0    0     2.70    -6.89    -1.16    -678.2    -61.04     65.07     2.270     546959    0    0    0    0    0
2012  4 25 17 13  0    0     2.22    -7.18    -2.05    -685.5    -60.15     67.08     2.067     547044    0    0    0    0    1
2012  4 25 17 14  0    0     2.30    -7.08    -1.97    -686.5    -58.66     67.28     2.080     546738    0    0    0    0    2
2012  4 25 17 15  0    0     2.21    -7.08    -1.91    -684.5    -58.15     65.92     2.129     546487    0    0    0    0    2
2012  4 25 17 16  0    0     2.41    -6.96    -1.93    -681.3    -57.29     62.19     2.206     546261    0    0    0    0    2
2012  4 25 17 17  0    0     3.02    -6.74    -2.19    -675.5    -55.90     58.04     2.261     546075    0    0    0    0    2
2012  4 25 17 18  0    0     3.40    -6.59    -2.11    -671.9    -54.22     55.38     2.294     545454    0    0    0    0    1
2012  4 25 17 19  0    0     3.51    -6.65    -1.88    -670.6    -53.54     53.66     2.302     540400    0    0    0    0    0
2012  4 25 17 20  0    0     3.22    -6.95    -1.46    -670.4    -53.58     50.98     2.270     532077    0    0    0    0    0
2012  4 25 17 21  0    0     2.92    -7.10    -1.26    -669.5    -57.50     46.78     2.118     516440    0    0    0    0    0
2012  4 25 17 22  0    0     2.95    -6.70    -1.95    -669.5    -58.56     40.95     2.010     494188    0    0    0    0    1
2012  4 25 17 23  0    0     3.21    -6.10    -3.02    -674.6    -44.20     33.42     2.006     464406    0    0    0    0    2
2012  4 25 17 24  0    0     3.35    -5.03    -4.44    -671.8    -36.64     29.49     1.996     445621    0    0    0    0    2
2012  4 25 17 25  0    0     3.16    -4.44    -5.14    -667.6    -29.88     25.20     1.873     428143    0    0    0    0    2
2012  4 25 17 26  0    0     2.84    -3.78    -5.27    -668.5    -15.70     17.33     1.557     411963    0    0    0    0    1
2012  4 25 17 27  0    0     3.03    -3.53    -5.01    -676.1     -7.67      5.56     1.161     407880    0    1    1    0    1
2012  4 25 17 28  0    0     3.54    -4.18    -5.06    -679.6    -17.60      4.07     1.206     420100    0    1    1    0    2
2012  4 25 17 29  0    0     3.09    -3.65    -5.77    -683.4    -18.19      2.57     1.618     433914    0    1    1    0    2
2012  4 25 17 30  0    0     2.29    -2.90    -6.80    -687.0     -5.77    -13.86     1.902     447111    0    0    0    0    2
2012  4 25 17 31  0    0     2.69    -2.96    -6.31    -683.0     -7.22    -10.25     1.897     455656    0    0    0    0    2
2012  4 25 17 32  0    0     3.29    -3.68    -5.32    -675.6    -12.40     -1.15     1.880     462089    0    0    0    0    2
2012  4 25 17 33  0    0     3.50    -3.84    -4.28    -667.6    -19.47      3.64     1.824     467695    0    0    0    0    2
2012  4 25 17 34  0    0     3.62    -3.78    -3.27    -660.4    -25.99      4.82     1.749     474104    0    0    0    0    1
2012  4 25 17 35  0    0     4.03    -3.35    -2.67    -659.1    -26.40     -5.24     1.623     487882    0    1    1    0    0
2012  4 25 17 36  0    0     4.83    -3.20    -2.64    -657.3    -29.70      5.41     1.507     516893    0    1    1    0    0
2012  4 25 17 37  0    0     5.19    -2.98    -2.65    -654.5    -30.51     10.10     1.404     516893    0    1    1    0    0
2012  4 25 17 38  0    0     5.65    -2.95    -2.86    -650.6    -31.09     18.88     1.372     504940    0    1    1    0    0
2012  4 25 17 39  0    0     5.88    -3.51    -3.02    -647.0    -35.04     27.34     1.367     499315    0    1    1    0    0
2012  4 25 17 40  0    0     5.87    -4.64    -2.56    -644.5    -41.59     34.93     1.465     535647    0    1    1    0    0
2012  4 25 17 41  0    0     5.72    -5.71    -1.80    -643.6    -47.39     39.75     1.656     593780    0    1    1    0    0
2012  4 25 17 42  0    0     5.47    -5.90    -2.09    -651.0    -53.26     44.51     1.590     545159    0    1    1    0    0
2012  4 25 17 43  0    0     5.26    -5.85    -2.58    -661.2    -57.30     52.88     1.462     528330    0    1    1    0    0
2012  4 25 17 44  0    0     4.72    -6.34    -2.52    -670.9    -51.63     55.52     1.740     546659    0    1    1    0    0
2012  4 25 17 45  0    0     4.00    -6.76    -3.19    -676.2    -45.45     57.09     1.900     528154    0    0    0    0    0
2012  4 25 17 46  0    0     3.06    -6.50    -4.46    -680.2    -46.72     59.77     1.894     515220    0    0    0    0    0
2012  4 25 17 47  0    0     2.74    -6.82    -4.40    -679.7    -45.65     48.97     1.873     501090    0    0    0    0    0
2012  4 25 17 48  0    0     3.32    -6.76    -4.06    -678.4    -43.94     56.78     1.835     501090    0    0    0    0    0
2012  4 25 17 49  0    0     3.65    -6.62    -3.83    -678.8    -42.92     56.59     1.777     488795    0    0    0    0    0
2012  4 25 17 50  0    0     3.50    -6.95    -4.07    -681.2    -43.84     60.04     1.777     486821    0    0    0    0    0
2012  4 25 17 51  0    0     2.61    -7.15    -4.38    -688.2    -49.83     66.68     1.785     471659    0    0    0    0    0
2012  4 25 17 52  0    0     2.27    -7.18    -4.35    -690.7    -52.78     63.45     1.821     484547    0    0    0    0    0
2012  4 25 17 53  0    0     2.25    -7.09    -4.27    -689.7    -53.50     61.26     1.906     516131    0    0    0    0    0
2012  4 25 17 54  0    0     2.60    -7.20    -3.96    -686.7    -55.37     62.36     1.975     544986    0    0    0    0    0
2012  4 25 17 55  0    0     3.22    -7.46    -3.18    -682.6    -57.14     61.89     1.971     558635    0    0    0    0    0
2012  4 25 17 56  0    0     3.47    -7.32    -3.37    -676.0    -54.71     60.20     1.936     558635    0    0    0    0    0
2012  4 25 17 57  0    0     3.54    -7.20    -3.53    -672.9    -56.59     58.28     1.818     538213    0    0    0    0    0
2012  4 25 17 58  0    0     3.48    -6.94    -3.75    -672.6    -57.39     55.91     1.774     530129    0    0    0    0    0
2012  4 25 17 59  0    0     0.18    -5.43    -5.86    -703.8    -59.93     41.74     1.803     579280    0    0    0    0    2
2012  4 25 18  0  0    0     0.14    -5.56    -5.80    -704.3    -59.33     39.29     1.900     597909    0    0    0    0    2
2012  4 25 18  1  0    0     0.49    -5.58    -5.78    -705.7    -64.32     29.23     2.036     617497    0    0    0    0    2
2012  4 25 18  2  0    0     0.25    -5.84    -5.66    -707.3    -65.18     26.43     2.082     637464    0    0    0    0    2
2012  4 25 18  3  0    0    -0.23    -5.94    -5.40    -707.8    -60.02     29.25     2.071     656482    0    0    0    0    2
2012  4 25 18  4  0    0    -0.63    -6.28    -5.36    -706.6    -55.62     41.03     2.064     671595    0    0    0    0    2
2012  4 25 18  5  0    0    -0.86    -6.25    -5.34    -708.0    -50.75     47.33     2.091     673749    0    0    0    0    1
2012  4 25 18  6  0    0    -1.18    -6.04    -5.34    -708.5    -45.43     39.97     2.203     664711    0    0    0    0    0
2012  4 25 18  7  0    0    -1.79    -5.65    -5.41    -708.2    -41.09     36.25     2.331     626803    0    0    0    0    0
2012  4 25 18  8  0    0    -1.78    -5.64    -5.38    -706.7    -39.14     36.14     2.357     594837    0    0    0    0    0
2012  4 25 18  9  0    0    -1.66    -5.67    -5.40    -704.8    -38.50     39.83     2.251     578502    0    0    0    0    1
2012  4 25 18 10  0    0    -1.11    -5.72    -5.54    -704.1    -33.80     36.90     2.129     573623    0    0    0    0    2
2012  4 25 18 11  0    0    -0.92    -5.66    -5.84    -705.3    -34.51     30.56     2.014     568170    0    0    0    0    2
2012  4 25 18 12  0    0    -1.28    -5.24    -6.14    -706.6    -29.86     26.34     1.905     562655    0    0    0    0    2
2012  4 25 18 13  0    0    -1.46    -4.87    -6.34    -706.7    -29.87     23.60     1.886     557407    0    0    0    0    2
2012  4 25 18 14  0    0    -1.25    -4.85    -6.35    -704.7    -30.10     23.03     1.943     552835    0    0    0    0    2
2012  4 25 18 15  0    0    -0.52    -4.63    -6.37    -699.8    -32.12     22.90     2.006     548932    0    0    0    0    2
2012  4 25 18 16  0    0     0.85    -4.07    -3.84    -695.8    -34.97     27.73     2.055     544917    0    0    0    0    2
2012  4 25 18 17  0    0     1.85    -3.96    -2.70    -691.4    -36.80     37.95     2.104     537689    0    1    1    0    1
2012  4 25 18 18  0    0     2.51    -4.70    -2.89    -686.7    -37.49     51.01     2.150     525963    0    1    1    0    0
2012  4 25 18 19  0    0     3.01    -6.11    -3.39    -681.7    -37.26     64.41     2.164     510878    0    1    1    0    0
2012  4 25 18 20  0    0     3.38    -6.49    -2.93    -675.6    -36.30     76.35     2.037     500367    0    1    1    0    0
2012  4 25 18 21  0    0     3.64    -6.59    -2.41    -668.5    -36.92     79.40     1.695     497507    0    1    1    0    1
2012  4 25 18 22  0    0     4.45    -6.25    -1.50    -664.1    -36.68     80.08     1.407     496551    0    1    1    0    2
2012  4 25 18 23  0    0     5.82    -5.53    -0.42    -665.1    -37.12     83.30     1.482     495184    0    1    1    0    2
2012  4 25 18 24  0    0     5.71    -5.66    -0.46    -662.9    -41.47     91.03     1.643     494338    0    1    1    0    2
2012  4 25 18 25  0    0     5.47    -6.13    -0.59    -663.0    -41.49     99.95     1.735     505206    0    1    1    0    1
2012  4 25 18 26  0    0     4.40    -7.19    -1.18    -676.4    -46.95     97.24     1.775     564453    0    0    0    0    0
2012  4 25 18 27  0    0     3.90    -7.48    -1.30    -678.2    -47.23     85.03     1.678     568803    0    0    0    0    0
2012  4 25 18 28  0    0     3.71    -7.62    -1.36    -676.5    -47.16     79.49     1.675     551210    0    0    0    0    0
2012  4 25 18 29  0    0     3.56    -7.48    -1.33    -675.9    -53.53     73.55     1.745     546082    0    0    0    0    0
2012  4 25 18 30  0    0     2.97    -7.30    -1.72    -675.2    -60.03     70.76     1.974     545622    0    0    0    0    0
2012  4 25 18 31  0    0     2.79    -6.83    -2.38    -672.7    -66.35     70.03     2.145     553910    0    0    0    0    0
2012  4 25 18 32  0    0     2.97    -6.71    -2.14    -670.5    -67.80     67.69     2.191     557293    0    0    0    0    0
2012  4 25 18 33  0    0     3.17    -6.93    -1.20    -669.1    -69.20     61.72     2.151     555048    0    0    0    0    0
2012  4 25 18 34  0    0     3.20    -7.17    -0.50    -669.0    -72.28     58.62     2.093     539814    0    0    0    0    0
2012  4 25 18 35  0    0     3.24    -7.36    -0.68    -671.4    -70.22     64.76     2.055     528476    0    0    0    0    0
2012  4 25 18 36  0    0     3.05    -7.32    -1.02    -677.8    -62.82     73.70     2.047     531449    0    0    0    0    0
2012  4 25 18 37  0    0     3.37    -7.30    -1.13    -677.8    -56.41     72.72     2.049     531661    0    0    0    0    0
2012  4 25 18 38  0    0     3.78    -6.68    -1.97    -676.4    -50.14     62.46     2.045     507532    0    0    0    0    0
2012  4 25 18 39  0    0     4.06    -5.85    -3.22    -672.0    -48.58     58.06     2.022     499949    0    0    0    0    0
2012  4 25 18 40  0    0     3.92    -5.62    -3.70    -674.5    -41.92     53.99     1.967     497961    0    0    0    0    0
2012  4 25 18 41  0    0     3.54    -6.20    -3.43    -679.1    -40.00     38.93     1.926     500135    0    0    0    0    0
2012  4 25 18 42  0    0     3.60    -6.11    -3.87    -678.8    -25.48     29.84     1.933     509718    0    0    0    0    0
2012  4 25 18 43  0    0     4.12    -5.58    -4.83    -679.3    -19.81     29.20     1.948     536442    0    0    0    0    0
2012  4 25 18 44  0    0     4.17    -5.56    -4.86    -679.1    -22.99     32.74     1.918     536442    0    0    0    0    0
2012  4 25 18 45  0    0     4.31    -5.67    -4.48    -678.1    -24.87     41.67     1.822     512655    0    0    0    0    0
2012  4 25 18 46  0    0     4.83    -5.52    -4.03    -681.1    -28.10     45.99     1.703     514060    0    0    0    0    0
2012  4 25 18 47  0    0     5.58    -4.62    -3.92    -681.3    -26.07     50.82     1.576     541555    0    1    1    0    0
2012  4 25 18 48  0    0     5.70    -4.78    -3.88    -677.5    -23.87     63.72     1.352     541555    0    1    1    0    0
2012  4 25 18 49  0    0     5.27    -5.61    -3.90    -672.2    -21.87     62.19     1.163     522730    0    1    1    0    0
2012  4 25 18 50  0    0     5.00    -6.05    -3.91    -665.2    -20.24     60.93     1.018     514173    0    1    1    0    0
2012  4 25 18 51  0    0     4.89    -6.17    -3.90    -657.0    -18.86     60.81     0.902     514173    0    1    1    0    0
2012  4 25 18 52  0    0     5.18    -6.20    -3.67    -651.0    -10.14     60.33     0.899     514371    0    0    0    0    0
2012  4 25 18 53  0    0     5.53    -6.06    -3.37    -647.8     -1.14     58.69     0.941     653716    0    0    0    0    0
2012  4 25 18 54  0    0     5.97    -5.66    -3.05    -645.6      3.84     56.72     0.985     769103    0    0    0    0    0
2012  4 25 18 55  0    0     6.41    -5.04    -2.85    -643.5      4.53     55.06     0.995     751110    0    0    0    0    1
2012  4 25 18 56  0    0     6.69    -4.33    -2.68    -648.0      6.89     54.11     1.021     686709    0    0    0    0    2
2012  4 25 18 57  0    0     6.68    -4.16    -2.39    -648.9      9.89     54.30     1.050     635840    0    0    0    0    2
2012  4 25 18 58  0    0     6.65    -4.23    -2.27    -642.4     11.02     54.25     1.032     604467    0    0    0    0    2
2012  4 25 18 59  0    0     6.64    -4.37    -2.21    -633.4     12.03     54.26     0.987     580090    0    0    0    0    2
2012  4 25 19  0  0    0     6.35    -4.74    -3.52    -653.9     20.11     63.94     0.974     526853    0    0    0    0    1
2012  4 25 19  1  0    0     5.68    -4.92    -4.41    -677.2     28.85     67.35     1.041     569384    0    0    0    0    1
2012  4 25 19  2  0    0     1.72    -5.33    -5.62    -760.9     42.55     34.15     1.223     968334    0    1    1    1    1
2012  4 25 19  3  0    0     0.02    -4.38    -5.74    -771.9     48.13     29.60     1.244     998595    0    1    0    0    1
2012  4 25 19  4  0    0    -0.66    -4.35    -5.55    -767.7     49.86     29.73     1.258     982332    0    1    1    1    2
2012  4 25 19  5  0    0    -0.64    -3.64    -5.91    -764.6     50.56     32.54     1.253     950062    0    1    1    2    2
2012  4 25 19  6  0    0    -0.64    -2.89    -7.11    -764.1     50.78     33.96     1.178     914342    0    1    1    2    2
2012  4 25 19  7  0    0    -0.33    -3.59    -7.49    -769.9     49.21     21.43     1.087     871076    0    1    0    1    2
2012  4 25 19  8  0    0    -0.06    -4.50    -7.14    -766.0     48.33     12.54     1.061     839372    0    0    0    0    2
2012  4 25 19  9  0    0     0.13    -5.26    -6.60    -759.7     49.88      5.16     1.083     810812    0    1    0    0    2
2012  4 25 19 10  0    0     0.96    -6.62    -6.15    -753.3     53.92      0.17     1.111     784507    0    1    0    0    2
2012  4 25 19 11  0    0     1.55    -7.45    -5.32    -748.7     51.81     -3.49     1.035     755395    0    1    0    0    2
2012  4 25 19 12  0    0     1.82    -7.72    -5.02    -744.3     47.85     -6.60     0.959     726644    0    1    0    0    2
2012  4 25 19 13  0    0     1.90    -7.20    -5.42    -740.9     47.03     -8.77     0.912     696488    0    1    0    0    2
2012  4 25 19 14  0    0     1.84    -6.37    -6.21    -737.6     44.74     -8.55     0.891     666301    0    1    1    0    2
2012  4 25 19 15  0    0     1.68    -5.78    -6.92    -733.8     36.80     -6.63     0.874     636618    0    1    1    0    2
2012  4 25 19 16  0    0     1.53    -5.31    -7.51    -732.2     28.71     -6.93     0.859     603115    0    0    0    0    2
2012  4 25 19 17  0    0     1.53    -5.53    -7.78    -730.7     23.71    -12.12     0.854     568172    0    0    0    0    2
2012  4 25 19 18  0    0     1.74    -5.83    -7.57    -723.1     20.69    -19.93     0.860     542528    0    0    0    0    2
2012  4 25 19 19  0    0     2.02    -6.29    -7.03    -725.1     14.34    -35.59     0.867     503242    0    0    0    0    2
2012  4 25 19 20  0    0     2.20    -6.42    -6.88    -728.4     11.85    -57.02     0.861     460226    0    0    0    0    2
2012  4 25 19 21  0    0     1.98    -7.19    -6.18    -734.7      7.51    -66.73     0.834     411800    0    0    0    0    2
2012  4 25 19 22  0    0     1.64    -7.17    -6.19    -741.6      3.91    -69.99     0.857     364345    0    0    0    0    2
2012  4 25 19 23  0    0     1.39    -5.03    -7.39    -746.1      6.30    -69.47     0.901     338223    0    0    0    0    1
2012  4 25 19 24  0    0     0.96    -3.78    -8.44    -749.6     12.76    -65.22     0.890     333822    0    0    0    0    1
2012  4 25 19 25  0    0     0.69    -4.47    -8.75    -753.0     24.85    -67.73     0.879     332636    0    0    0    0    2
2012  4 25 19 26  0    0     0.58    -5.22    -8.37    -754.0     25.51    -74.57     0.906     331613    0    0    0    0    2
2012  4 25 19 27  0    0     0.81    -5.61    -8.05    -752.7     26.36    -80.54     0.921     330715    0    0    0    0    2
2012  4 25 19 28  0    0     1.22    -5.86    -7.70    -740.5     23.01    -85.81     0.923     330225    0    0    0    0    2
2012  4 25 19 29  0    0     1.63    -6.10    -7.35    -727.6     19.35    -91.03     0.924     329765    0    0    0    0    2
2012  4 25 19 30  0    0     1.99    -6.17    -7.34    -722.4     21.19    -83.28     0.924     329070    0    0    0    0    2
2012  4 25 19 31  0    0     2.21    -6.14    -7.27    -722.1     22.59    -75.28     0.972     328179    0    0    0    0    2
2012  4 25 19 32  0    0     2.38    -6.18    -7.22    -723.0     26.64    -79.72     1.100     327221    0    0    0    0    2
2012  4 25 19 33  0    0     2.44    -6.57    -6.21    -721.8     29.82    -86.85     1.262     326296    0    0    0    0    2
2012  4 25 19 34  0    0     2.75    -7.05    -4.97    -722.7     26.22    -96.33     1.426     325283    0    0    0    0    2
2012  4 25 19 35  0    0     2.66    -6.96    -5.30    -723.1     12.57    -98.79     1.501     324301    0    0    0    0    2
2012  4 25 19 36  0    0     1.31    -5.45    -7.06    -742.3      1.22   -117.25     1.456     322492    0    0    0    0    2
2012  4 25 19 37  0    0    -0.09    -3.57    -8.01    -746.9      1.22   -125.83     1.440     322021    0    0    0    0    2
2012  4 25 19 38  0    0    -0.40    -3.02    -8.21    -745.5      5.81   -128.34     1.570     323968    0    0    0    0    1
2012  4 25 19 39  0    0    -0.39    -3.14    -8.22    -744.0      3.46   -129.15     1.677     328429    0    0    0    0    1
2012  4 25 19 40  0    0    -0.24    -3.42    -8.19    -741.5      1.90   -129.39     1.680     333693    0    0    0    0    2
2012  4 25 19 41  0    0    -0.05    -3.68    -8.11    -738.2      3.15   -129.29     1.642     338713    0    0    0    0    2
2012  4 25 19 42  0    0     0.12    -3.98    -7.97    -735.8      3.67   -128.26     1.615     343857    0    0    0    0    2
2012  4 25 19 43  0    0     0.35    -4.39    -7.80    -735.7      5.02   -124.60     1.615     349622    0    0    0    0    2
2012  4 25 19 44  0    0     0.67    -4.47    -7.79    -734.2      5.32   -120.02     1.634     355315    0    0    0    0    2
2012  4 25 19 45  0    0     0.86    -4.36    -7.85    -728.8      4.80   -115.88     1.643     360224    0    0    0    0    2
2012  4 25 19 46  0    0     1.15    -4.08    -7.89    -724.7      4.49   -116.53     1.614     365308    0    0    0    0    2
2012  4 25 19 47  0    0     1.12    -4.19    -7.81    -723.4      0.74   -112.16     1.522     370796    0    0    0    0    2
2012  4 25 19 48  0    0     1.22    -4.38    -7.65    -718.6     -1.64   -106.52     1.478     375185    0    0    0    0    2
2012  4 25 19 49  0    0     1.33    -5.41    -6.65    -713.4     -3.03   -100.32     1.470     379251    0    0    0    0    2
2012  4 25 19 50  0    0     1.36    -6.70    -5.38    -708.3     -4.20    -93.52     1.483     383274    0    0    0    0    2
2012  4 25 19 51  0    0     1.30    -7.01    -5.13    -702.7     -5.93    -86.20     1.497     387314    0    0    0    0    2
2012  4 25 19 52  0    0     0.94    -7.02    -5.31    -703.4     -7.79    -76.93     1.497     392904    0    0    0    0    2
2012  4 25 19 53  0    0     1.89    -6.63    -5.76    -700.7     -8.23    -68.86     1.496     392904    0    0    0    0    2
2012  4 25 19 54  0    0     2.20    -6.60    -5.69    -699.8      0.38    -59.79     1.444     370907    0    0    0    0    1
2012  4 25 19 55  0    0     2.75    -6.79    -5.56    -699.7      6.13    -50.36     1.231     233534    0    0    0    0    0
2012  4 25 19 56  0    0     2.90    -7.32    -5.29    -695.1     10.46    -42.86     1.151     173982    0    0    0    0    0
2012  4 25 19 57  0    0     3.44    -7.64    -4.84    -690.5     16.20    -35.46     1.114     153302    0    0    0    0    0
2012  4 25 19 58  0    0     4.10    -7.73    -4.37    -687.5     23.67    -29.49     1.100     152274    0    0    0    0    0
2012  4 25 19 59  0    0     4.35    -7.80    -4.13    -686.8     31.81    -26.07     1.087     151474    0    0    0    0    0
2012  4 25 20  0  0    0     4.33    -7.96    -4.11    -687.4     39.17    -20.87     1.053     148218    0    0    0    0    0
2012  4 25 20  1  0    0     4.29    -8.06    -4.01    -688.2     44.43    -12.14     1.032     145155    0    0    0    0    0
2012  4 25 20  2  0    0     4.36    -8.07    -3.88    -689.8     46.18     -1.10     1.045     151349    0    0    0    0    1
2012  4 25 20  3  0    0     4.65    -7.94    -3.86    -691.7     46.55      2.98     1.063     166457    0    0    0    0    2
2012  4 25 20  4  0    0     4.98    -7.92    -3.83    -690.6     46.20     -6.89     1.073     180170    0    0    0    0    2
2012  4 25 20  5  0    0     5.15    -7.96    -3.74    -688.2     45.59    -14.50     1.091     189316    0    0    0    0    1
2012  4 25 20  6  0    0     5.19    -8.00    -3.63    -684.1     44.83    -11.86     1.141     192259    0    0    0    0    1
2012  4 25 20  7  0    0     5.19    -8.00    -3.55    -676.8     44.09     -3.53     1.234     192259    0    0    0    0    1
2012  4 25 20  8  0    0     5.14    -8.02    -3.53    -676.2     38.37     -5.52     1.364     188124    0    0    0    0    2
2012  4 25 20  9  0    0     4.27    -8.08    -3.64    -690.3     26.48    -11.12     1.461     180023    0    0    0    0    2
2012  4 25 20 10  0    0     3.78    -8.21    -3.63    -696.3     16.19     -6.26     1.452     173792    0    0    0    0    2
2012  4 25 20 11  0    0     3.79    -8.24    -3.59    -701.4      5.92      2.30     1.382     167915    0    0    0    0    2
2012  4 25 20 12  0    0     3.74    -8.29    -3.56    -705.1     -2.99     -0.56     1.407     162114    0    0    0    0    2
2012  4 25 20 13  0    0     3.39    -8.27    -3.42    -703.8     -4.38      5.11     1.436     157438    0    0    0    0    2
2012  4 25 20 14  0    0     3.31    -8.27    -3.41    -697.8    -17.19      0.17     1.410     154113    0    0    0    0    2
2012  4 25 20 15  0    0     3.29    -8.18    -3.44    -691.4    -18.26     -1.81     1.346     151018    0    0    0    0    2
2012  4 25 20 16  0    0     3.22    -8.08    -3.46    -686.0    -19.18     -4.13     1.254     149060    0    0    0    0    2
2012  4 25 20 17  0    0     3.08    -8.09    -3.43    -682.7    -25.70     -8.46     1.160     150407    0    0    0    0    1
2012  4 25 20 18  0    0     3.28    -8.25    -3.41    -680.5    -22.26     -9.48     1.201     163428    0    0    0    0    0
2012  4 25 20 19  0    0     3.28    -8.26    -3.55    -679.8    -22.25    -10.33     1.364     244379    0    0    0    0    1
2012  4 25 20 20  0    0     3.28    -8.23    -4.08    -682.8    -19.58    -23.68     1.338     251211    0    0    0    0    2
2012  4 25 20 21  0    0     3.23    -8.37    -4.42    -688.5    -15.39    -27.52     1.258     259103    0    0    0    0    2
2012  4 25 20 22  0    0     3.36    -8.54    -4.29    -690.8     -3.90    -18.21     1.264     265809    0    0    0    0    2
2012  4 25 20 23  0    0     3.36    -8.68    -4.15    -687.2      0.98     -6.88     1.349     270713    0    0    0    0    2
2012  4 25 20 24  0    0     3.26    -8.71    -4.04    -681.2      2.55      0.45     1.436     274984    0    0    0    0    2
2012  4 25 20 25  0    0     2.88    -8.70    -3.67    -676.9      1.87     16.19     1.436     279761    0    0    0    0    2
2012  4 25 20 26  0    0     2.64    -8.77    -3.16    -673.1      0.48     32.72     1.512     284798    0    0    0    0    2
2012  4 25 20 27  0    0     3.85    -8.75    -1.85    -671.4     -4.13     38.41     1.680     290229    0    0    0    0    2
2012  4 25 20 28  0    0     4.56    -8.62    -1.31    -670.0     -6.57     39.60     1.767     295580    0    0    0    0    2
2012  4 25 20 29  0    0     4.54    -8.55    -1.47    -667.4     -7.05     40.92     1.773     300484    0    0    0    0    2
2012  4 25 20 30  0    0     4.47    -8.55    -1.57    -665.2     -7.07     41.86     1.761     305567    0    0    0    0    2
2012  4 25 20 31  0    0     4.41    -8.55    -1.54    -664.6     -5.73     42.13     1.734     311314    0    0    0    0    2
2012  4 25 20 32  0    0     4.27    -8.69    -1.48    -665.4     -2.16     40.41     1.712     317232    0    0    0    0    2
2012  4 25 20 33  0    0     4.37    -8.73    -1.48    -665.1      3.43     30.44     1.716     322434    0    0    0    0    2
2012  4 25 20 34  0    0     4.82    -8.38    -1.69    -660.3      7.58     15.44     1.720     325589    0    0    0    0    2
2012  4 25 20 35  0    0     4.85    -8.18    -2.30    -658.7     11.12      4.16     1.655     322188    0    0    0    0    1
2012  4 25 20 36  0    0     3.97    -9.01    -1.84    -684.4      4.35      9.07     1.398     217999    0    0    0    0    0
2012  4 25 20 37  0    0     3.92    -9.10    -1.79    -684.0      3.58      7.21     1.343     207211    0    0    0    0    0
2012  4 25 20 38  0    0     3.86    -9.19    -1.84    -682.3      1.96      0.96     1.295     198806    0    0    0    0    0
2012  4 25 20 39  0    0     3.91    -9.16    -2.10    -680.0     -9.62     -4.94     1.356     199341    0    0    0    0    1
2012  4 25 20 40  0    0     3.98    -8.36    -2.98    -676.9    -12.06    -16.26     1.579     210052    0    0    0    0    1
2012  4 25 20 41  0    0     4.01    -8.05    -3.43    -673.9    -12.07    -21.31     1.628     226519    0    0    0    0    2
2012  4 25 20 42  0    0     3.89    -8.07    -3.59    -673.0    -16.68    -26.52     1.635     245213    0    0    0    0    2
2012  4 25 20 43  0    0     3.88    -8.23    -3.42    -673.7    -19.89    -24.73     1.629     265312    0    0    0    0    2
2012  4 25 20 44  0    0     3.79    -8.48    -3.30    -677.8    -15.18    -28.70     1.588     288651    0    0    0    0    1
2012  4 25 20 45  0    0     3.77    -8.67    -3.16    -683.1     -4.85    -17.82     1.520     319200    0    0    0    0    2
2012  4 25 20 46  0    0     3.81    -8.59    -3.37    -684.6     -0.83     -6.71     1.534     347830    0    0    0    0    2
2012  4 25 20 47  0    0     3.88    -7.78    -3.98    -685.4     -2.96    -13.73     1.670     376563    0    0    0    0    2
2012  4 25 20 48  0    0     3.37    -6.41    -4.62    -684.9     -9.33    -30.62     1.995     403884    0    0    0    0    2
2012  4 25 20 49  0    0     2.52    -4.76    -5.51    -682.6    -12.94    -39.40     2.296     428324    0    0    0    0    1
2012  4 25 20 50  0    0     2.47    -4.99    -5.36    -679.4    -16.93    -28.11     2.533     447390    0    0    0    0    0
2012  4 25 20 51  0    0     2.57    -5.68    -4.96    -672.0    -20.45    -31.43     2.540     451038    0    0    0    0    0
2012  4 25 20 52  0    0     2.87    -5.29    -4.39    -666.8    -24.48    -31.09     2.562     452802    0    0    0    0    0
2012  4 25 20 53  0    0     3.41    -4.33    -3.64    -663.5    -28.74    -26.74     2.618     439555    0    0    0    0    0
2012  4 25 20 54  0    0     4.01    -4.22    -2.89    -660.0    -32.65    -21.24     2.690     402022    0    0    0    0    0
2012  4 25 20 55  0    0     4.56    -4.06    -2.38    -657.0    -36.93    -15.44     2.652     366259    0    0    0    0    0
2012  4 25 20 56  0    0     4.47    -4.17    -2.46    -654.6    -41.75     -9.84     2.520     361997    0    0    0    0    0
2012  4 25 20 57  0    0     4.54    -5.03    -2.21    -654.6    -41.55     -6.44     2.404     361438    0    0    0    0    0
2012  4 25 20 58  0    0     4.24    -6.21    -1.43    -667.7    -30.58      1.40     2.205     368370    0    0    0    0    1
2012  4 25 20 59  0    0     4.06    -6.70    -0.94    -668.0    -25.13      6.22     2.114     365164    0    0    0    0    2
2012  4 25 21  0  0    0     4.01    -6.94    -0.93    -667.5    -27.21      8.20     2.069     358886    0    0    0    0    2
2012  4 25 21  1  0    0     3.89    -7.10    -1.30    -668.1    -30.71     11.30     2.062     352318    0    0    0    0    2
2012  4 25 21  2  0    0     3.63    -7.22    -1.39    -669.6    -32.10     12.68     2.156     345550    0    0    0    0    2
2012  4 25 21  3  0    0     3.42    -7.09    -1.06    -669.2    -44.65     12.42     2.350     339359    0    0    0    0    2
2012  4 25 21  4  0    0     3.32    -6.81    -0.54    -667.0    -54.81     16.02     2.521     333615    0    0    0    0    2
2012  4 25 21  5  0    0     3.31    -6.62    -0.20    -665.0    -55.72     23.45     2.597     330030    0    0    0    0    1
2012  4 25 21  6  0    0     3.35    -6.59    -0.28    -664.0    -56.75     28.18     2.587     330785    0    0    0    0    0
2012  4 25 21  7  0    0     3.32    -6.59    -0.71    -662.3    -54.31     27.67     2.566     333982    0    0    0    0    0
2012  4 25 21  8  0    0     3.69    -6.76    -1.31    -666.8    -35.35     21.94     2.595     346106    0    0    0    0    0
2012  4 25 21  9  0    0     3.86    -7.01    -1.75    -670.3    -21.30     20.08     2.861     384013    0    0    0    0    0
2012  4 25 21 10  0    0     3.96    -7.44    -1.70    -674.5    -18.48     21.04     2.987     403402    0    0    0    0    0
2012  4 25 21 11  0    0     3.99    -7.62    -1.61    -679.6    -15.66     21.99     2.885     302547    0    0    0    0    0
2012  4 25 21 12  0    0     3.59    -8.04    -1.16    -680.0    -27.92     23.09     2.859     302547    0    0    0    0    0
2012  4 25 21 13  0    0     3.32    -8.03    -0.86    -678.5    -27.24     22.93     2.829     302547    0    0    0    0    0
2012  4 25 21 14  0    0     3.47    -8.27    -0.99    -677.7     -8.60     18.54     2.766     290293    0    0    0    0    0
2012  4 25 21 15  0    0     3.58    -8.16    -1.27    -676.3     -6.73     17.12     2.691     289448    0    0    0    0    0
2012  4 25 21 16  0    0     3.50    -8.17    -1.33    -675.6     -3.68     16.97     2.579     311484    0    0    0    0    0
2012  4 25 21 17  0    0     3.37    -8.08    -1.61    -675.9      5.42     11.51     2.559     321237    0    0    0    0    0
2012  4 25 21 18  0    0     3.26    -8.22    -1.36    -676.9     16.76      2.72     2.559     326240    0    0    0    0    0
2012  4 25 21 19  0    0     3.40    -8.17    -1.22    -681.9     17.55      4.81     2.559     331494    0    0    0    0    0
2012  4 25 21 20  0    0     3.96    -7.69    -1.77    -686.4     11.63      8.86     2.557     362751    0    0    0    0    0
2012  4 25 21 21  0    0     3.76    -7.65    -1.30    -688.5     11.86     10.40     2.539     391104    0    0    0    0    0
2012  4 25 21 22  0    0     3.67    -7.62    -0.38    -689.1     15.13     11.52     2.492     417639    0    0    0    0    0
2012  4 25 21 23  0    0     3.71    -7.63     0.02    -688.6     21.65     10.58     2.431     432314    0    0    0    0    0
2012  4 25 21 24  0    0     3.77    -7.68     0.00    -686.7     28.89      8.85     2.342     418340    0    0    0    0    0
2012  4 25 21 25  0    0     3.73    -7.81     0.00    -684.2     35.66      7.66     2.237     389784    0    0    0    0    0
2012  4 25 21 26  0    0     3.57    -7.83     0.04    -684.9     41.62      1.12     2.237     406878    0    0    0    0    0
2012  4 25 21 27  0    0     3.28    -7.73    -0.16    -693.9     50.01      4.67     2.598     514138    0    0    0    0    0
2012  4 25 21 28  0    0     2.22    -7.62    -0.50    -702.9     57.02      3.94     3.327     546898    0    0    0    0    0
2012  4 25 21 29  0    0     1.97    -7.67    -0.19    -698.2     59.25      2.52     3.339     525565    0    0    0    0    0
2012  4 25 21 30  0    0     1.81    -7.65     0.45    -693.0     59.17     -1.02     3.126     495710    0    0    0    0    0
2012  4 25 21 31  0    0     1.80    -7.60     0.92    -686.5     60.32     -5.24     2.769     463186    0    0    0    0    0
2012  4 25 21 32  0    0     1.91    -7.52     1.07    -678.8     63.65     -9.53     2.324     430577    0    0    0    0    0
2012  4 25 21 33  0    0     3.30    -7.24     1.16    -685.5     73.16    -18.45     2.011     336071    0    0    0    0    0
2012  4 25 21 34  0    0     3.02    -6.40     0.77    -691.4     84.56    -26.76     2.244     462147    0    0    0    0    0
2012  4 25 21 35  0    0     1.94    -4.00     0.32    -697.9     91.14    -35.38     2.459     575616    0    0    0    0    0
2012  4 25 21 36  0    0     1.01    -0.57     1.09    -699.0     94.23    -42.10     2.396     436493    0    0    0    0    0
2012  4 25 21 37  0    0     0.85     0.09     1.32    -696.7     93.96    -42.81     2.224     405825    0    0    0    0    0
2012  4 25 21 38  0    0     0.87     0.43     1.36    -695.7     98.66    -42.47     2.149     399019    0    0    0    0    0
2012  4 25 21 39  0    0     0.47     0.83     1.21    -696.4    100.73    -44.09     2.170     393504    0    0    0    0    1
2012  4 25 21 40  0    0    -0.08     2.83     0.87    -709.3    103.78    -43.25     2.626     385981    0    0    0    0    2
2012  4 25 21 41  0    0     0.04     4.38    -0.38    -709.6    112.12    -28.27     2.607     381303    0    0    0    0    2
2012  4 25 21 42  0    0     0.02     4.52    -0.43    -707.9    107.26    -32.21     2.725     377057    0    0    0    0    2
2012  4 25 21 43  0    0    -0.10     5.42    -0.19    -709.0     85.46    -46.57     3.748     365006    0    0    0    0    1
2012  4 25 21 44  0    0    -0.27     6.61    -0.22    -705.5     72.27    -47.69     4.634     335125    0    0    0    0    0
2012  4 25 21 45  0    0    -0.24     7.27     0.55    -699.2     73.01    -45.14     4.649     294879    0    0    0    0    0
2012  4 25 21 46  0    0    -0.24     7.34     2.14    -697.0     84.14    -51.18     4.608     261031    0    0    0    0    0
2012  4 25 21 47  0    0    -0.50     7.29     2.57    -698.1     91.25    -46.57     4.534     252969    0    0    0    0    0
2012  4 25 21 48  0    0    -1.05     7.27     2.64    -698.6     93.01    -40.94     4.500     260349    0    0    0    0    0
2012  4 25 21 49  0    0    -1.59     7.19     2.62    -700.2     93.19    -40.12     4.382     267401    0    0    0    0    0
2012  4 25 21 50  0    0    -1.87     6.78     2.99    -701.7     93.19    -40.70     4.200     268287    0    0    0    0    0
2012  4 25 21 51  0    0    -2.16     6.60     3.09    -702.2     92.26    -44.06     4.150     274098    0    0    0    0    0
2012  4 25 21 52  0    0    -2.28     6.50     3.39    -701.8     91.40    -44.12     4.162     294063    0    0    0    0    0
2012  4 25 21 53  0    0    -2.35     6.57     3.35    -701.6     89.24    -44.82     4.192     296920    0    0    0    0    0
2012  4 25 21 54  0    0    -2.27     6.71     3.41    -705.3     88.21    -51.30     4.402     291588    0    0    0    0    0
2012  4 25 21 55  0    0    -2.28     6.50     3.50    -709.1     82.89    -58.41     4.565     244764    0    0    0    0    0
2012  4 25 21 56  0    0    -2.11     6.63     3.39    -707.9     83.00    -58.41     4.541     244954    0    0    0    0    0
2012  4 25 21 57  0    0    -1.96     6.93     3.13    -708.4     83.00    -58.53     4.402     249924    0    0    0    0    0
2012  4 25 21 58  0    0    -1.98     7.32     2.67    -709.7     83.89    -57.52     3.966     272702    0    0    0    0    0
2012  4 25 21 59  0    0    -2.03     7.33     2.57    -709.7     86.08    -54.06     3.500     300093    0    0    0    0    0
2012  4 25 22  0  0    0    -1.99     7.27     2.44    -708.4     86.08    -53.63     3.311     318238    0    0    0    0    0
2012  4 25 22  1  0    0    -1.96     7.20     2.52    -706.2     85.69    -52.26     3.272     330552    0    0    0    0    0
2012  4 25 22  2  0    0    -1.92     7.22     2.61    -704.6     83.34    -52.26     3.229     343699    0    0    0    0    0
2012  4 25 22  3  0    0    -1.62     7.24     2.62    -703.9     83.36    -51.94     3.214     358681    0    0    0    0    0
2012  4 25 22  4  0    0    -1.58     7.20     2.72    -704.1     83.73    -45.93     3.221     374639    0    0    0    0    0
2012  4 25 22  5  0    0    -1.80     7.01     2.87    -704.2     83.75    -45.19     3.259     375983    0    0    0    0    0
2012  4 25 22  6  0    0    -1.75     6.92     3.08    -704.8     84.09    -44.98     3.305     377926    0    0    0    0    0
2012  4 25 22  7  0    0    -1.71     6.90     3.17    -704.5     84.86    -45.66     3.334     387453    0    0    0    0    0
2012  4 25 22  8  0    0    -1.93     6.77     3.17    -706.4     84.86    -51.55     3.372     384460    0    0    0    0    0
2012  4 25 22  9  0    0    -2.21     6.68     3.23    -708.5     84.39    -51.60     3.377     368000    0    0    0    0    0
2012  4 25 22 10  0    0    -2.25     6.68     3.20    -706.3     82.61    -52.18     3.322     368677    0    0    0    0    0
2012  4 25 22 11  0    0    -1.96     6.71     3.29    -704.6     80.85    -54.74     3.250     372427    0    0    0    0    0
2012  4 25 22 12  0    0    -1.61     6.79     3.30    -702.7     79.41    -56.82     3.205     372723    0    0    0    0    0
2012  4 25 22 13  0    0    -1.47     6.84     3.28    -701.1     74.83    -65.39     3.179     377456    0    0    0    0    0
2012  4 25 22 14  0    0    -1.52     7.05     2.93    -700.9     73.07    -67.58     3.181     392733    0    0    0    0    0
2012  4 25 22 15  0    0    -1.78     6.96     2.84    -704.0     73.02    -67.62     3.238     416497    0    0    0    0    0
2012  4 25 22 16  0    0    -1.97     6.84     2.79    -704.9     73.88    -65.75     3.319     419265    0    0    0    0    0
2012  4 25 22 17  0    0    -1.85     6.64     2.92    -703.0     74.18    -60.88     3.353     426334    0    0    0    0    0
2012  4 25 22 18  0    0    -1.30     6.61     2.96    -703.3     72.01    -57.89     3.378     438858    0    0    0    0    0
2012  4 25 22 19  0    0    -1.00     6.46     3.20    -702.5     75.08    -54.80     3.397     438858    0    0    0    0    0
2012  4 25 22 20  0    0     0.26     5.95     3.30    -702.3     78.78    -51.56     3.402     437868    0    0    0    0    0
2012  4 25 22 21  0    0     0.95     5.56     3.48    -706.2     83.40    -49.10     3.422     427404    0    0    0    0    0
2012  4 25 22 22  0    0     1.08     5.59     3.75    -707.0     88.29    -47.95     3.443     430206    0    0    0    0    0
2012  4 25 22 23  0    0     1.04     5.80     3.82    -708.1     88.17    -51.16     3.457     443378    0    0    0    0    0
2012  4 25 22 24  0    0     0.88     6.21     3.84    -707.7     89.09    -49.72     3.463     442759    0    0    0    0    1
2012  4 25 22 25  0    0     0.76     6.43     3.80    -706.2     92.68    -44.09     3.420     439105    0    0    0    0    2
2012  4 25 22 26  0    0     1.18     6.48     3.75    -705.8     92.47    -44.40     3.261     430927    0    0    0    0    2
2012  4 25 22 27  0    0     1.70     6.34     3.87    -705.9     90.60    -46.87     3.080     423796    0    0    0    0    2
2012  4 25 22 28  0    0     2.08     6.37     3.93    -704.9     87.19    -50.49     3.046     424758    0    0    0    0    1
2012  4 25 22 29  0    0     2.04     6.33     4.02    -703.7     85.99    -53.77     3.177     434052    0    0    0    0    0
2012  4 25 22 30  0    0     1.14     5.80     4.38    -704.1     85.99    -55.09     3.627     429179    0    0    0    0    0
2012  4 25 22 31  0    0     1.55     5.65     4.46    -707.1     83.15    -60.41     3.962     337353    0    0    0    0    0
2012  4 25 22 32  0    0     2.19     5.96     4.35    -710.8     70.38    -79.05     3.846     291700    0    0    0    0    0
2012  4 25 22 33  0    0     2.47     6.16     4.23    -713.4     68.91    -81.08     3.699     293410    0    0    0    0    0
2012  4 25 22 34  0    0     2.70     6.37     4.18    -713.6     68.14    -81.08     3.611     299504    0    0    0    0    0
2012  4 25 22 35  0    0     3.04     6.37     4.21    -713.6     67.72    -81.34     3.568     308219    0    0    0    0    0
2012  4 25 22 36  0    0     3.40     6.28     4.29    -713.3     67.71    -82.40     3.557     313115    0    0    0    0    0
2012  4 25 22 37  0    0     3.44     6.16     4.37    -712.1     68.53    -82.73     3.551     313255    0    0    0    0    0
2012  4 25 22 38  0    0     3.30     6.10     4.50    -710.0     72.13    -78.49     3.546     312353    0    0    0    0    0
2012  4 25 22 39  0    0     3.21     6.06     4.75    -706.6     77.45    -70.92     3.566     308989    0    0    0    0    0
2012  4 25 22 40  0    0     3.20     5.97     5.09    -706.3     77.45    -70.82     3.695     301260    0    0    0    0    0
2012  4 25 22 41  0    0     3.24     5.92     5.17    -705.8     77.82    -69.76     3.884     291670    0    0    0    0    1
2012  4 25 22 42  0    0     3.54     5.82     5.17    -704.6     80.39    -66.62     3.946     285593    0    0    0    0    2
2012  4 25 22 43  0    0     3.75     5.67     5.22    -702.4     80.39    -66.62     3.936     280022    0    0    0    0    2
2012  4 25 22 44  0    0     3.54     5.40     5.47    -699.9     76.27    -71.00     3.874     274518    0    0    0    0    2
2012  4 25 22 45  0    0     2.61     4.28     6.34    -697.5     72.64    -69.62     3.726     273784    0    0    0    0    2
2012  4 25 22 46  0    0     0.94     3.46     7.02    -699.9     71.81    -69.65     3.571     276468    0    0    0    0    1
2012  4 25 22 47  0    0     0.69     3.13     7.02    -702.8     65.18    -70.35     3.546     310559    0    0    0    0    0
2012  4 25 22 48  0    0     0.85     3.03     6.48    -704.3     67.72    -68.28     3.542     309764    0    0    0    0    1
2012  4 25 22 49  0    0     1.39     2.90     6.06    -704.3     72.75    -66.15     3.569     297121    0    0    0    0    2
2012  4 25 22 50  0    0     2.05     2.76     6.08    -705.7     73.42    -64.42     3.616     274171    0    0    0    0    2
2012  4 25 22 51  0    0     2.43     2.53     6.15    -706.6     78.10    -65.41     3.629     253090    0    0    0    0    2
2012  4 25 22 52  0    0     3.00     2.22     6.19    -704.6     78.10    -60.54     3.654     244094    0    0    0    0    1
2012  4 25 22 53  0    0     3.78     1.84     6.22    -701.5     78.10    -60.24     3.906     243202    0    0    0    0    1
2012  4 25 22 54  0    0     2.34     2.41     6.22    -699.3     78.09    -59.83     4.273     242571    0    0    0    0    0
2012  4 25 22 55  0    0     1.35     3.02     6.22    -697.6     78.16    -60.86     4.471     241939    0    0    0    0    0
2012  4 25 22 56  0    0     1.17     3.12     6.32    -695.8     82.68    -57.13     6.864     241308    0    0    0    0    0
2012  4 25 22 57  0    0     1.11     2.79     6.40    -694.5     86.86    -58.96    10.645     240676    0    0    0    0    0
2012  4 25 22 58  0    0     0.80     2.30     6.57    -693.4     88.05    -60.27    12.128     240044    0    0    0    0    0
2012  4 25 22 59  0    0     0.64     1.95     6.79    -692.3     87.37    -59.98    12.180     239413    0    0    0    0    0
2012  4 25 23  0  0    0     1.13     1.95     6.74    -693.9     84.30    -54.10    11.135     238781    0    0    0    0    0
2012  4 25 23  1  0    0     1.89     2.25     6.32    -695.3     81.28    -50.72     7.717     238149    0    0    0    0    0
2012  4 25 23  2  0    0     2.31     2.35     5.96    -696.4     81.54    -53.06     4.608     237518    0    0    0    0    0
2012  4 25 23  3  0    0     2.68     2.60     5.56    -696.9     81.88    -53.90     3.728     236886    0    0    0    0    0
2012  4 25 23  4  0    0     2.94     2.81     5.35    -697.1     81.88    -51.01     3.642     236255    0    0    0    0    0
2012  4 25 23  5  0    0     3.11     2.89     5.25    -696.5     79.74    -50.13     3.637     235623    0    0    0    0    0
2012  4 25 23  6  0    0     3.23     3.00     5.20    -696.0     77.58    -53.02     3.639     234991    0    0    0    0    0
2012  4 25 23  7  0    0     3.41     3.14     5.03    -695.6     76.71    -56.04     3.608     240446    0    0    0    0    0
2012  4 25 23  8  0    0     3.48     3.24     4.94    -694.4     76.16    -56.84     3.528     248254    0    0    0    0    0
2012  4 25 23  9  0    0     3.41     3.34     5.03    -692.8     76.32    -54.14     3.444     261620    0    0    0    0    0
2012  4 25 23 10  0    0     3.25     3.44     5.12    -691.3     76.88    -50.22     3.366     269935    0    0    0    0    0
2012  4 25 23 11  0    0     3.06     3.50     5.27    -691.2     77.86    -48.38     3.287     271088    0    0    0    0    0
2012  4 25 23 12  0    0     2.74     3.50     5.50    -692.0     78.50    -47.94     3.222     263332    0    0    0    0    0
2012  4 25 23 13  0    0     2.30     3.43     5.76    -691.1     78.50    -48.64     3.219     247915    0    0    0    0    0
2012  4 25 23 14  0    0     1.79     3.39     6.06    -689.0     77.63    -50.54     3.285     238800    0    0    0    0    0
2012  4 25 23 15  0    0     1.32     3.43     6.29    -687.7     76.46    -51.80     3.374     233014    0    0    0    0    0
2012  4 25 23 16  0    0     1.13     3.44     6.33    -688.5     76.46    -51.80     3.413     208261    0    0    0    0    0
2012  4 25 23 17  0    0     1.12     3.43     6.34    -689.7     76.38    -53.09     3.413     184193    0    0    0    0    0
2012  4 25 23 18  0    0     1.13     3.34     6.33    -691.1     76.29    -54.63     3.386     183407    0    0    0    0    0
2012  4 25 23 19  0    0     1.24     3.21     6.26    -691.7     76.64    -53.07     3.305     212310    0    0    0    0    0
2012  4 25 23 20  0    0     1.54     3.23     6.12    -691.3     77.26    -50.36     3.260     236833    0    0    0    0    0
2012  4 25 23 21  0    0     1.79     3.40     6.01    -690.8     77.23    -50.44     3.270     227989    0    0    0    0    0
2012  4 25 23 22  0    0     1.75     3.73     5.91    -691.2     76.21    -54.71     3.289     218623    0    0    0    0    0
2012  4 25 23 23  0    0     1.68     3.95     5.82    -691.3     74.90    -59.80     3.318     217868    0    0    0    0    0
2012  4 25 23 24  0    0     1.60     3.99     5.79    -691.2     74.33    -61.90     3.383     205687    0    0    0    0    0
2012  4 25 23 25  0    0     1.37     4.11     5.72    -690.9     74.33    -61.90     3.486     174542    0    0    0    0    0
2012  4 25 23 26  0    0     1.16     4.25     5.68    -689.6     74.97    -60.18     3.524     155029    0    0    0    0    0
2012  4 25 23 27  0    0     1.11     4.32     5.72    -687.2     75.75    -57.19     3.431     168741    0    0    0    0    0
2012  4 25 23 28  0    0     1.23     4.30     5.76    -683.3     75.79    -55.45     3.247     205150    0    0    0    0    0
2012  4 25 23 29  0    0     1.49     4.21     5.58    -678.4     75.98    -55.45     2.986     254214    0    0    0    0    0
2012  4 25 23 30  0    0     1.79     4.19     5.43    -677.5     75.99    -55.45     2.665     298334    0    0    0    0    0
2012  4 25 23 31  0    0     1.85     4.14     5.41    -676.6     76.21    -56.91     2.638     301996    0    0    0    0    0
2012  4 25 23 32  0    0     1.89     3.88     5.29    -677.9     78.11    -52.29     2.618     301996    0    0    0    0    0
2012  4 25 23 33  0    0     1.99     3.87     5.30    -676.9     78.22    -56.78     2.488     325844    0    0    0    0    0
2012  4 25 23 34  0    0     2.19     3.78     5.33    -674.8     77.66    -50.14     2.474     328744    0    0    0    0    0
2012  4 25 23 35  0    0     2.06     3.78     5.42    -675.8     77.53    -43.56     2.468     328838    0    0    0    0    0
2012  4 25 23 36  0    0     1.95     3.73     5.55    -676.0     67.53    -36.73     2.418     348557    0    0    0    0    0
2012  4 25 23 37  0    0     2.02     3.66     5.58    -675.6     68.70    -31.03     2.319     351590    0    0    0    0    0
2012  4 25 23 38  0    0     2.12     3.66     5.51    -672.3     69.82    -26.52     2.303     339148    0    0    0    0    0
2012  4 25 23 39  0    0     2.46     3.68     5.09    -669.2     69.70    -24.42     2.322     333424    0    0    0    0    0
2012  4 25 23 40  0    0     2.89     3.77     4.59    -666.2     68.52    -26.58     2.365     333424    0    0    0    0    0
2012  4 25 23 41  0    0     3.17     3.92     4.33    -663.6     71.47    -31.95     2.438     332316    0    0    0    0    0
2012  4 25 23 42  0    0     3.18     4.05     4.24    -663.2     81.35    -37.81     2.532     329667    0    0    0    0    0
2012  4 25 23 43  0    0     3.07     4.10     4.16    -664.1     82.36    -42.83     2.567     330369    0    0    0    0    0
2012  4 25 23 44  0    0     2.91     4.07     4.31    -669.6     84.49    -44.77     2.562     335761    0    0    0    0    0
2012  4 25 23 45  0    0     2.38     3.87     4.56    -678.8     82.59    -45.18     2.563     338690    0    0    0    0    0
2012  4 25 23 46  0    0     1.72     3.54     4.80    -684.5     83.98    -44.43     2.643     332628    0    0    0    0    0
2012  4 25 23 47  0    0     1.75     3.26     4.92    -686.7     89.52    -35.60     2.790     316606    0    0    0    0    0
2012  4 25 23 48  0    0     1.44     2.81     4.93    -689.9     91.04    -20.74     2.999     284451    0    0    0    0    0
2012  4 25 23 49  0    0     1.29     2.64     5.05    -692.0     88.88    -18.01     3.144     267007    0    0    0    0    0
2012  4 25 23 50  0    0     0.98     2.68     5.09    -694.4     87.16    -23.11     3.149     270851    0    0    0    0    0
2012  4 25 23 51  0    0     0.84     2.91     4.97    -697.3     87.16    -26.91     3.044     277782    0    0    0    0    0
2012  4 25 23 52  0    0     0.88     3.00     4.97    -696.2     87.60    -38.52     2.828     283390    0    0    0    0    0
2012  4 25 23 53  0    0     1.07     3.02     5.01    -690.5     87.34    -42.75     2.612     287330    0    0    0    0    1
2012  4 25 23 54  0    0     1.25     3.04     5.04    -684.8     86.90    -41.94     2.447     291228    0    0    0    0    2
2012  4 25 23 55  0    0     1.15     3.09     5.10    -684.9     86.48    -39.41     2.429     296957    0    0    0    0    2
2012  4 25 23 56  0    0     0.64     3.02     5.37    -690.7     84.94    -38.24     2.512     304188    0    0    0    0    2
2012  4 25 23 57  0    0     0.05     2.77     5.44    -695.1     81.89    -40.63     2.508     310879    0    0    0    0    2
2012  4 25 23 58  0    0    -0.07     2.54     5.48    -695.5     79.61    -38.59     2.389     316472    0    0    0    0    2
2012  4 25 23 59  0    0     0.26     2.42     5.52    -694.0     78.86    -35.04     2.317     321657    0    0    0    0    2
2012  4 26  0  0  0    0     0.29     2.36     5.59    -695.3     75.25    -31.14     2.277     327922    0    0    0    0    2
