MIDL 32Re, 2021-11 (nT, km/s, cm^-3, K)

#COORDINATES
GSM                     Earth orbital motion included

year month day hour minute Bx By Bz Ux Uy Uz rho T B_interp Ux_interp Uyz_interp rho_interp T_interp
#START
2021 11  3 14  0    -2.22     1.38    -0.88    -502.9     36.44    -23.14     0.872      75157    0    0    0    0    0
2021 11  3 14  1    -2.22     1.44    -0.99    -503.2     36.73    -22.64     0.874      75850    0    0    0    0    0
2021 11  3 14  2    -2.22     1.44    -1.04    -503.6     37.46    -24.44     0.879      73951    0    0    0    0    0
2021 11  3 14  3    -2.22     1.44    -1.04    -503.7     37.37    -29.02     0.886      69938    0    0    0    0    0
2021 11  3 14  4    -2.17     1.44    -1.02    -503.2     37.20    -31.07     0.891      69893    0    0    0    0    0
2021 11  3 14  5    -2.15     1.42    -0.96    -502.2     37.39    -32.32     0.886      69295    0    0    0    0    0
2021 11  3 14  6    -2.14     1.34    -0.93    -501.4     38.03    -32.30     0.868      66886    0    0    0    0    0
2021 11  3 14  7    -2.12     1.34    -0.92    -501.4     37.98    -32.18     0.869      64859    0    0    0    0    0
2021 11  3 14  8    -2.11     1.34    -0.87    -503.1     37.17    -31.43     0.874      64584    0    0    0    0    0
2021 11  3 14  9    -2.11     1.34    -0.86    -503.6     35.45    -29.90     0.874      64163    0    0    0    0    0
2021 11  3 14 10    -2.15     1.33    -0.87    -502.8     34.77    -28.12     0.883      64795    0    0    0    0    0
2021 11  3 14 11    -2.16     1.31    -0.90    -500.3     34.83    -28.10     0.914      66830    0    0    0    0    0
2021 11  3 14 12    -2.10     1.31    -0.92    -496.5     35.26    -28.08     0.954      69161    0    0    0    0    0
2021 11  3 14 13    -2.04     1.30    -0.96    -495.6     35.68    -27.18     0.964      77966    0    0    0    0    0
2021 11  3 14 14    -2.02     1.27    -0.99    -497.0     37.61    -26.86     0.925      80707    0    0    0    0    0
2021 11  3 14 15    -2.05     1.29    -0.99    -497.3     39.60    -27.63     0.918      79605    0    1    0    0    0
2021 11  3 14 16    -2.07     1.26    -0.97    -496.6     39.86    -27.74     0.934      77328    0    1    0    0    0
2021 11  3 14 17    -2.23     1.16    -0.95    -496.6     39.87    -27.72     0.938      75877    0    1    0    0    0
2021 11  3 14 18    -2.32     1.11    -0.94    -496.8     39.35    -29.35     0.935      74569    0    1    0    0    0
2021 11  3 14 19    -2.34     1.11    -0.94    -497.4     38.71    -29.86     0.934      72794    0    1    0    0    0
2021 11  3 14 20    -2.34     1.17    -0.94    -497.0     38.63    -30.10     0.934      72578    0    0    0    0    0
2021 11  3 14 21    -2.43     1.19    -0.91    -496.1     39.40    -31.44     0.899      72627    0    0    0    0    0
2021 11  3 14 22    -2.37     1.18    -0.90    -495.5     42.76    -31.75     0.890      72639    0    0    0    0    0
2021 11  3 14 23    -2.34     1.15    -0.91    -492.6     43.84    -28.51     0.935      69559    0    0    0    0    0
2021 11  3 14 24    -2.34     1.11    -0.97    -489.7     43.84    -25.71     0.979      66898    0    0    0    0    0
2021 11  3 14 25    -2.34     1.04    -1.08    -488.6     43.57    -26.55     0.991      67453    0    0    0    0    0
2021 11  3 14 26    -2.33     0.99    -1.06    -488.0     42.43    -29.15     1.004      69187    0    0    0    0    0
2021 11  3 14 27    -2.35     1.08    -0.99    -489.2     41.03    -29.35     1.016      69460    0    0    0    0    0
2021 11  3 14 28    -2.28     1.10    -1.00    -494.5     39.85    -28.36     1.026      69692    0    0    0    0    0
2021 11  3 14 29    -2.25     1.09    -1.01    -494.9     39.16    -27.79     1.034      71490    0    0    0    0    0
2021 11  3 14 30    -2.24     1.08    -1.01    -493.3     37.89    -27.67     1.046      74546    0    0    0    0    0
2021 11  3 14 31    -2.26     1.08    -1.04    -491.6     36.49    -26.59     1.053      76451    0    0    0    0    0
2021 11  3 14 32    -2.30     1.06    -1.06    -490.5     35.86    -25.39     1.053      76772    0    0    0    0    0
2021 11  3 14 33    -2.33     1.02    -0.97    -490.2     38.05    -27.42     1.059      76697    0    0    0    0    0
2021 11  3 14 34    -2.36     0.92    -0.86    -491.7     42.54    -31.05     1.072      73896    0    0    0    0    0
2021 11  3 14 35    -2.36     0.83    -0.86    -495.7     43.22    -28.62     1.030      66816    0    0    0    0    0
2021 11  3 14 36    -2.35     0.82    -0.86    -496.2     41.17    -27.86     0.939      62340    0    0    0    0    0
2021 11  3 14 37    -2.32     0.95    -0.90    -496.0     37.66    -28.56     0.859      61539    0    0    0    0    0
2021 11  3 14 38    -2.30     1.03    -0.93    -495.5     34.56    -28.76     0.842      66635    0    0    0    0    0
2021 11  3 14 39    -2.28     1.07    -0.99    -496.7     32.65    -30.44     0.867      77052    0    0    0    0    0
2021 11  3 14 40    -2.28     1.10    -1.01    -498.5     31.24    -31.87     0.872      80802    0    0    0    0    0
2021 11  3 14 41    -2.24     1.14    -1.01    -498.6     31.20    -31.89     0.841      80880    0    0    0    0    0
2021 11  3 14 42    -2.24     1.15    -0.98    -496.9     31.33    -31.13     0.787      80594    0    0    0    0    0
2021 11  3 14 43    -2.25     1.16    -0.95    -494.3     34.32    -30.60     0.754      74996    0    0    0    0    0
2021 11  3 14 44    -2.25     1.17    -0.93    -493.2     36.73    -30.38     0.742      70538    0    0    0    0    0
2021 11  3 14 45    -2.23     1.19    -0.93    -494.1     37.41    -30.36     0.746      65770    0    0    0    0    0
2021 11  3 14 46    -2.22     1.25    -0.95    -497.5     37.43    -29.64     0.752      63835    0    0    0    0    0
2021 11  3 14 47    -2.14     1.28    -0.87    -498.3     35.96    -29.53     0.757      68636    0    0    0    0    0
2021 11  3 14 48    -2.11     1.22    -0.79    -495.1     34.91    -28.89     0.874      73691    0    0    0    0    0
2021 11  3 14 49    -2.09     1.14    -0.75    -491.6     34.51    -28.42     0.932      76017    0    0    0    0    0
2021 11  3 14 50    -2.08     1.07    -0.75    -489.0     34.69    -27.72     0.945      76473    0    0    0    0    0
2021 11  3 14 51    -2.12     1.04    -0.79    -489.1     35.12    -26.53     0.935      76146    0    0    0    0    0
2021 11  3 14 52    -2.17     1.02    -0.77    -490.2     34.72    -26.46     0.890      75317    0    0    0    0    0
2021 11  3 14 53    -2.20     1.01    -0.66    -494.9     33.61    -26.51     0.796      77346    0    0    0    0    0
2021 11  3 14 54    -2.29     1.01    -0.61    -497.0     31.17    -27.77     0.754      78225    0    0    0    0    0
2021 11  3 14 55    -2.30     1.02    -0.56    -498.2     27.75    -28.40     0.749      77084    0    0    0    0    1
2021 11  3 14 56    -2.27     1.01    -0.51    -499.6     27.25    -28.38     0.749      75772    0    1    0    0    1
2021 11  3 14 57    -2.13     1.00    -0.49    -499.6     26.94    -27.38     0.765      74606    0    1    0    0    0
2021 11  3 14 58    -2.13     1.02    -0.50    -499.0     26.95    -26.92     0.765      74606    0    1    0    0    0
2021 11  3 14 59    -2.14     1.10    -0.56    -497.7     30.05    -26.90     0.753      77059    0    1    0    0    0
2021 11  3 15  0    -2.26     1.16    -0.59    -497.6     30.36    -26.88     0.752      82507    0    0    0    0    0
2021 11  3 15  1    -2.27     1.18    -0.65    -499.3     30.07    -26.31     0.778      83086    0    0    0    0    0
2021 11  3 15  2    -2.27     1.18    -0.69    -499.2     30.11    -25.73     0.820      83115    0    0    0    0    0
2021 11  3 15  3    -2.27     1.18    -0.70    -496.5     31.80    -25.71     0.826      84858    0    0    0    0    0
2021 11  3 15  4    -2.22     1.21    -0.73    -496.0     32.17    -25.84     0.828      85236    0    0    0    0    0
2021 11  3 15  5    -2.09     1.22    -0.77    -498.4     30.31    -26.48     0.820      85129    0    0    0    0    0
2021 11  3 15  6    -2.07     1.19    -0.81    -498.6     30.24    -26.49     0.800      85124    0    0    0    0    0
2021 11  3 15  7    -2.01     1.08    -0.92    -498.7     30.25    -26.00     0.779      85124    0    0    0    0    0
2021 11  3 15  8    -1.92     1.06    -0.96    -501.8     31.71    -25.72     0.733      87525    0    0    0    0    0
2021 11  3 15  9    -1.86     1.11    -0.94    -502.1     31.52    -25.15     0.731      88074    0    1    1    1    1
2021 11  3 15 10    -1.80     1.31    -0.86    -500.7     33.33    -24.44     0.740      90427    0    1    2    2    2
2021 11  3 15 11    -1.78     1.69    -0.79    -499.2     35.17    -23.73     0.750      92811    0    1    2    2    2
2021 11  3 15 12    -1.86     1.67    -0.80    -497.8     36.97    -23.04     0.759      95160    0    1    2    2    2
2021 11  3 15 13    -1.91     1.59    -0.80    -496.4     38.77    -22.34     0.768      97509    0    1    2    2    2
2021 11  3 15 14    -1.83     1.47    -0.82    -495.0     40.60    -21.63     0.777      99886    1    1    2    2    2
2021 11  3 15 15    -1.79     1.30    -0.84    -493.5     42.41    -20.92     0.786     102246    1    1    1    1    1
2021 11  3 15 16    -1.80     1.17    -0.86    -493.0     42.14    -21.74     0.789     106949    0    0    0    0    0
2021 11  3 15 17    -1.88     1.04    -0.86    -493.3     39.19    -24.91     0.786     109658    0    0    0    0    0
2021 11  3 15 18    -1.93     1.06    -0.80    -503.4     28.33    -28.32     0.743      99598    0    0    0    0    0
2021 11  3 15 19    -1.93     1.30    -0.87    -504.7     28.20    -27.56     0.744      98608    0    0    0    0    0
2021 11  3 15 20    -1.92     1.52    -0.81    -504.6     29.46    -26.37     0.747     100181    0    0    0    0    0
2021 11  3 15 21    -1.91     1.56    -0.77    -502.9     31.85    -26.50     0.748     103895    0    0    0    0    0
2021 11  3 15 22    -1.91     1.50    -0.76    -499.5     32.86    -27.00     0.748     107094    0    0    0    0    0
2021 11  3 15 23    -1.95     1.45    -0.79    -498.9     34.96    -29.73     0.749     107094    0    0    0    0    0
2021 11  3 15 24    -2.00     1.44    -0.81    -498.6     38.41    -29.76     0.776     103699    0    0    0    0    0
2021 11  3 15 25    -2.03     1.25    -0.77    -499.0     44.26    -29.74     0.809     100336    0    0    0    0    2
2021 11  3 15 26    -2.13     1.20    -0.79    -500.4     46.63    -30.81     0.822      96770    0    0    0    0    2
2021 11  3 15 27    -2.27     1.00    -0.81    -499.9     47.57    -30.24     0.835      93632    0    0    0    0    2
2021 11  3 15 28    -2.28     0.91    -0.81    -496.8     35.56    -23.64     0.877      91101    0    0    0    0    2
2021 11  3 15 29    -2.38     0.89    -0.87    -496.0     39.74    -21.38     0.885      88040    0    0    0    0    2
2021 11  3 15 30    -2.38     1.05    -0.92    -496.3     37.73    -24.62     0.875      84717    0    0    0    0    2
2021 11  3 15 31    -2.29     1.31    -0.92    -496.4     36.18    -19.73     0.873      81449    0    0    0    0    2
2021 11  3 15 32    -2.17     1.44    -0.98    -496.4     36.47    -18.47     0.889      79603    0    0    0    0    1
2021 11  3 15 33    -2.06     1.46    -0.93    -498.2     32.85    -21.12     0.893      79322    0    0    0    0    0
2021 11  3 15 34    -2.05     1.45    -0.87    -500.5     34.77    -21.26     0.801      81328    0    0    0    0    2
2021 11  3 15 35    -2.08     1.29    -0.85    -505.7     29.48    -21.85     0.765      83836    0    0    0    0    2
2021 11  3 15 36    -2.12     1.14    -0.90    -513.1     29.76    -23.44     0.850      86592    0    0    0    0    2
2021 11  3 15 37    -2.18     1.13    -0.90    -513.2     29.83    -23.46     0.853      88442    0    0    0    0    2
2021 11  3 15 38    -2.21     1.13    -0.88    -510.2     27.32    -22.31     0.841      89923    0    0    0    0    2
2021 11  3 15 39    -2.20     1.19    -0.89    -515.9     24.13    -20.42     0.828      92426    0    0    0    0    2
2021 11  3 15 40    -1.97     1.59    -1.00    -514.4     24.68    -19.79     0.829      94096    0    0    0    0    2
2021 11  3 15 41    -1.97     1.59    -1.00    -513.2     35.44    -24.47     0.836      95791    0    0    0    0    2
2021 11  3 15 42    -2.27     1.34    -0.97    -512.8     37.65    -35.81     0.879      97566    0    0    0    0    2
2021 11  3 15 43    -2.26     1.34    -0.82    -509.5     37.79    -36.56     0.882      99002    0    0    0    0    2
2021 11  3 15 44    -2.23     1.38    -0.76    -506.6     37.80    -35.43     0.878      99520    0    0    0    0    1
2021 11  3 15 45    -2.09     1.53    -0.76    -505.4     39.64    -33.00     0.874      98808    0    0    0    0    0
2021 11  3 15 46    -1.93     1.67    -0.76    -505.0     41.98    -31.19     0.884      96532    0    0    0    0    1
2021 11  3 15 47    -1.92     1.66    -0.76    -504.0     40.86    -32.08     0.897      93448    0    0    0    0    2
2021 11  3 15 48    -1.93     1.60    -0.74    -503.6     38.44    -33.75     0.898      90253    0    0    0    0    2
2021 11  3 15 49    -2.02     1.57    -0.66    -503.7     37.45    -33.41     0.899      87996    0    0    0    0    1
2021 11  3 15 50    -2.20     1.56    -0.58    -504.8     36.45    -32.50     0.879      88979    0    0    0    0    0
2021 11  3 15 51    -2.16     1.59    -0.58    -506.4     35.46    -32.13     0.820      93556    0    0    0    0    0
2021 11  3 15 52    -2.12     1.63    -0.67    -506.8     33.93    -37.37     0.760     109817    0    0    0    0    0
2021 11  3 15 53    -2.07     1.55    -0.75    -505.5     32.14    -41.96     0.731     121464    0    0    0    0    0
2021 11  3 15 54    -2.01     1.38    -0.76    -503.4     30.66    -40.62     0.730     121434    0    0    0    0    0
2021 11  3 15 55    -1.96     1.35    -0.71    -502.0     29.62    -37.29     0.726     120565    0    0    0    0    0
2021 11  3 15 56    -1.91     1.61    -0.61    -503.5     29.76    -36.46     0.708     117318    0    0    0    0    0
2021 11  3 15 57    -1.89     1.77    -0.69    -509.8     31.90    -30.79     0.739     121329    0    0    0    0    0
2021 11  3 15 58    -1.88     1.79    -0.78    -510.8     33.80    -27.24     0.750     122704    0    0    0    0    0
2021 11  3 15 59    -1.88     1.78    -0.85    -514.4     34.73    -25.93     0.737     116259    0    0    0    0    0
2021 11  3 16  0    -1.86     1.69    -0.76    -515.2     34.65    -26.04     0.715     113906    0    0    0    0    0
2021 11  3 16  1    -1.86     1.70    -0.77    -515.2     33.35    -27.22     0.701     111638    0    0    0    0    0
2021 11  3 16  2    -1.85     1.83    -0.85    -515.1     28.86    -27.42     0.701     109225    0    0    0    0    0
2021 11  3 16  3    -1.79     1.85    -0.83    -514.6     29.00    -27.78     0.701     109641    0    0    0    0    0
2021 11  3 16  4    -1.70     1.83    -0.85    -512.7     30.91    -30.32     0.705     115879    0    0    0    0    0
2021 11  3 16  5    -1.69     1.71    -0.90    -510.4     31.08    -30.51     0.706     116398    0    0    0    0    0
2021 11  3 16  6    -1.65     1.67    -0.97    -509.0     30.33    -30.49     0.720     116398    0    0    0    0    0
2021 11  3 16  7    -1.60     1.74    -1.00    -508.6     29.14    -33.01     0.731     117236    0    0    0    0    0
2021 11  3 16  8    -1.59     1.79    -0.90    -508.8     28.70    -34.33     0.739     118967    0    0    0    0    0
2021 11  3 16  9    -1.74     1.82    -0.85    -509.0     37.52    -25.40     0.744     119596    0    0    0    0    0
2021 11  3 16 10    -1.80     1.74    -0.87    -514.4     41.54    -21.16     0.745     114475    0    0    0    0    0
2021 11  3 16 11    -1.76     1.71    -0.89    -510.8     40.15    -21.14     0.732     110728    0    0    0    0    0
2021 11  3 16 12    -1.74     1.78    -1.03    -514.0     30.09    -25.42     0.700      93815    0    0    0    0    0
2021 11  3 16 13    -1.68     1.77    -1.11    -511.5     28.40    -25.40     0.700      92340    0    0    0    0    0
2021 11  3 16 14    -1.67     1.76    -1.14    -514.3     28.11    -27.78     0.736      92593    0    0    0    0    0
2021 11  3 16 15    -1.67     1.65    -1.17    -511.5     28.22    -27.76     0.783     103067    0    0    0    0    0
2021 11  3 16 16    -1.74     1.80    -1.18    -509.6     28.37    -27.74     0.823     104987    0    0    0    0    0
2021 11  3 16 17    -1.76     1.87    -1.01    -510.6     29.48    -27.19     0.839     107515    0    0    0    0    0
2021 11  3 16 18    -1.77     1.83    -0.97    -511.3     31.62    -26.19     0.840     108194    0    0    0    0    0
2021 11  3 16 19    -1.73     1.82    -0.97    -512.5     33.97    -26.01     0.840     117180    0    0    0    0    0
2021 11  3 16 20    -1.64     1.84    -0.99    -513.0     36.81    -27.20     0.829     127537    0    0    0    0    0
2021 11  3 16 21    -1.63     1.84    -1.08    -514.3     39.06    -29.52     0.813     137628    0    0    0    0    0
2021 11  3 16 22    -1.61     1.87    -1.02    -517.4     39.14    -29.85     0.807     137384    0    0    0    0    0
2021 11  3 16 23    -1.59     1.96    -0.88    -516.9     38.02    -30.30     0.800     136473    0    0    0    0    0
2021 11  3 16 24    -1.54     1.99    -0.86    -513.4     36.87    -30.30     0.805     135932    0    0    0    0    0
2021 11  3 16 25    -1.51     1.95    -0.86    -511.8     36.15    -29.92     0.818     135914    0    0    0    0    0
2021 11  3 16 26    -1.52     2.04    -0.86    -510.0     34.86    -29.85     0.841     135914    0    0    0    0    0
2021 11  3 16 27    -1.58     2.09    -0.85    -509.5     34.47    -31.33     0.856     132285    0    0    0    0    0
2021 11  3 16 28    -1.64     2.10    -0.83    -509.5     34.46    -31.90     0.867     127079    0    0    0    0    0
2021 11  3 16 29    -1.64     2.11    -0.76    -514.7     34.39    -30.56     0.869     123062    0    0    0    0    0
2021 11  3 16 30    -1.54     2.18    -0.82    -515.1     33.47    -30.45     0.868     123165    0    0    0    0    0
2021 11  3 16 31    -1.55     2.17    -0.88    -516.8     32.38    -30.63     0.871     125469    0    0    0    0    0
2021 11  3 16 32    -1.58     2.13    -0.86    -516.7     32.27    -31.41     0.883     130710    0    0    0    0    0
2021 11  3 16 33    -1.60     2.16    -0.76    -515.7     31.94    -31.53     0.898     129798    0    0    0    0    0
2021 11  3 16 34    -1.60     2.28    -0.74    -516.2     30.42    -32.93     0.921     123756    0    0    0    0    0
2021 11  3 16 35    -1.59     2.34    -0.66    -520.0     30.50    -35.19     0.915     128090    0    0    0    0    0
2021 11  3 16 36    -1.56     2.27    -0.60    -520.2     30.62    -35.18     0.906     134156    0    0    0    0    0
2021 11  3 16 37    -1.37     2.20    -0.58    -520.4     30.62    -35.16     0.905     132791    0    0    0    0    0
2021 11  3 16 38    -1.14     2.28    -0.71    -521.0     30.63    -34.86     0.913     128763    0    0    0    0    0
2021 11  3 16 39    -1.12     2.37    -0.75    -521.6     31.45    -34.52     0.921     125307    0    0    0    0    0
2021 11  3 16 40    -1.12     2.36    -0.76    -521.6     32.74    -34.22     0.914     124413    0    0    0    0    0
2021 11  3 16 41    -1.16     2.37    -0.76    -522.3     33.25    -33.94     0.903     131117    0    0    0    0    0
2021 11  3 16 42    -1.33     2.40    -0.69    -524.0     32.90    -35.05     0.900     136307    0    0    0    0    0
2021 11  3 16 43    -1.43     2.42    -0.60    -524.5     29.59    -38.48     0.923     138691    0    0    0    0    0
2021 11  3 16 44    -1.48     2.44    -0.55    -524.2     28.13    -40.25     0.941     139712    0    0    0    0    0
2021 11  3 16 45    -1.53     2.45    -0.54    -523.3     27.96    -40.70     0.945     139712    0    0    0    0    0
2021 11  3 16 46    -1.54     2.43    -0.62    -522.3     26.91    -40.81     0.930     139081    0    0    0    0    0
2021 11  3 16 47    -1.53     2.39    -0.69    -521.8     26.14    -40.79     0.918     137522    0    0    0    0    0
2021 11  3 16 48    -1.49     2.37    -0.61    -521.4     26.35    -40.53     0.899     133845    0    0    0    0    0
2021 11  3 16 49    -1.25     2.43    -0.57    -519.8     26.57    -39.49     0.879     127123    0    0    0    0    0
2021 11  3 16 50    -0.91     2.53    -0.71    -517.4     26.34    -37.46     0.864     118366    0    0    0    0    0
2021 11  3 16 51    -0.80     2.57    -0.97    -516.0     25.20    -34.69     0.820     110128    0    0    0    0    0
2021 11  3 16 52    -0.79     2.62    -1.22    -512.5     23.07    -33.50     0.820     110128    0    0    0    0    0
2021 11  3 16 53    -0.79     2.65    -1.26    -511.3     22.06    -32.09     0.825     113260    0    0    0    0    0
2021 11  3 16 54    -1.02     2.59    -0.78    -516.7     22.40    -32.52     0.850     117314    0    0    0    0    0
2021 11  3 16 55    -1.20     2.53    -0.68    -516.9     24.86    -35.97     0.879     128133    0    0    0    0    0
2021 11  3 16 56    -1.33     2.51    -0.64    -517.3     27.11    -39.09     0.878     140195    0    0    0    0    0
2021 11  3 16 57    -1.56     2.52    -0.54    -519.1     28.02    -40.01     0.871     150790    0    0    0    0    0
2021 11  3 16 58    -1.70     2.54    -0.44    -519.6     24.23    -39.68     0.866     144082    0    0    0    0    0
2021 11  3 16 59    -1.75     2.52    -0.41    -518.7     18.15    -39.16     0.867     133350    0    0    0    0    0
2021 11  3 17  0    -1.72     2.51    -0.41    -518.3     18.16    -39.14     0.868     133350    0    0    0    0    0
2021 11  3 17  1    -1.65     2.53    -0.42    -517.6     17.84    -39.02     0.870     132331    0    0    0    0    0
2021 11  3 17  2    -1.66     2.53    -0.47    -517.1     16.86    -38.56     0.870     129337    0    0    0    0    0
2021 11  3 17  3    -1.69     2.51    -0.48    -517.1     17.06    -38.01     0.870     129943    0    0    0    0    0
2021 11  3 17  4    -1.69     2.42    -0.51    -517.3     17.83    -38.08     0.866     132498    0    0    0    0    0
2021 11  3 17  5    -1.73     2.43    -0.55    -517.3     18.33    -38.61     0.847     134275    0    0    0    0    0
2021 11  3 17  6    -1.86     2.46    -0.55    -518.4     19.51    -39.38     0.804     140757    0    0    0    0    0
2021 11  3 17  7    -1.89     2.47    -0.55    -520.4     21.29    -39.36     0.746     152376    0    0    0    0    0
2021 11  3 17  8    -1.84     2.48    -0.56    -520.2     21.48    -38.89     0.718     159807    0    0    0    0    0
2021 11  3 17  9    -1.77     2.50    -0.55    -518.8     21.74    -37.96     0.727     171385    0    0    0    0    0
2021 11  3 17 10    -1.77     2.50    -0.56    -516.6     21.97    -36.95     0.753     174018    0    0    0    0    0
2021 11  3 17 11    -1.67     2.53    -0.50    -516.9     23.86    -35.12     0.796     169929    0    0    0    0    0
2021 11  3 17 12    -1.25     2.65    -0.25    -518.6     28.23    -35.77     0.866     140568    0    0    0    0    0
2021 11  3 17 13    -1.23     2.65    -0.22    -519.1     30.40    -37.19     0.862     109808    0    0    0    0    0
2021 11  3 17 14    -1.26     2.66    -0.22    -518.5     29.43    -36.78     0.839     108064    0    0    0    0    0
2021 11  3 17 15    -1.33     2.72    -0.23    -517.8     26.51    -35.96     0.808     111032    0    0    0    0    1
2021 11  3 17 16    -1.49     2.83    -0.20    -520.1     21.58    -37.71     0.820     123592    0    0    0    0    2
2021 11  3 17 17    -1.55     2.68    -0.14    -520.0     17.81    -41.30     0.865     130708    0    0    0    0    1
2021 11  3 17 18    -1.54     2.43    -0.28    -519.5     18.00    -42.91     0.928     131750    0    0    0    0    0
2021 11  3 17 19    -1.56     2.40    -0.57    -518.8     18.92    -42.88     0.962     130965    0    0    0    0    0
2021 11  3 17 20    -1.51     2.43    -0.67    -518.5     20.73    -42.82     0.949     129395    0    0    0    0    0
2021 11  3 17 21    -1.48     2.50    -0.67    -517.0     22.37    -42.15     0.916     129583    0    0    0    0    0
2021 11  3 17 22    -1.45     2.56    -0.67    -514.4     23.66    -39.83     0.898     130275    0    0    0    0    0
2021 11  3 17 23    -1.45     2.56    -0.66    -516.8     22.38    -39.70     0.873     130557    0    0    0    0    0
2021 11  3 17 24    -1.49     2.52    -0.61    -515.7     16.96    -39.22     0.855     129934    0    0    0    0    0
2021 11  3 17 25    -1.67     2.41    -0.39    -517.6     15.51    -38.97     0.863     124866    0    0    0    0    0
2021 11  3 17 26    -1.69     2.40    -0.46    -517.0     13.59    -38.27     0.890     118686    0    0    0    0    0
2021 11  3 17 27    -1.70     2.40    -0.43    -516.5     10.21    -38.25     0.899     108635    0    0    0    0    0
2021 11  3 17 28    -1.70     2.40    -0.38    -516.5     11.49    -37.98     0.886     108976    0    0    0    0    0
2021 11  3 17 29    -1.67     2.38    -0.23    -516.0     17.16    -36.81     0.826     110492    0    0    0    0    0
2021 11  3 17 30    -1.48     2.34    -0.22    -513.7     17.17    -36.64     0.824     110492    0    0    0    0    0
2021 11  3 17 31    -1.46     2.52    -0.42    -512.4     17.18    -36.62     0.822     101178    0    0    0    0    0
2021 11  3 17 32    -1.32     2.54    -0.44    -510.9     18.76    -39.78     0.814     100247    0    0    0    0    0
2021 11  3 17 33    -1.09     2.49    -0.54    -511.3     21.88    -40.52     0.812     100247    0    0    0    0    0
2021 11  3 17 34    -1.01     2.48    -0.56    -511.7     22.41    -40.95     0.875     110463    0    0    0    0    0
2021 11  3 17 35    -0.97     2.45    -0.56    -511.8     22.42    -41.00     0.885     112066    0    0    0    0    0
2021 11  3 17 36    -1.08     2.44    -0.56    -512.6     22.35    -40.98     0.875     113716    0    0    0    0    0
2021 11  3 17 37    -1.13     2.37    -0.56    -511.9     22.36    -39.73     0.866     113842    0    0    0    0    0
2021 11  3 17 38    -1.27     2.36    -0.48    -513.3     22.58    -38.50     0.856     103188    0    0    0    0    0
2021 11  3 17 39    -1.31     2.36    -0.32    -513.8     23.93    -38.44     0.849      96806    0    0    0    0    0
2021 11  3 17 40    -1.28     2.38    -0.33    -515.6     23.74    -40.71     0.853      96806    0    0    0    0    0
2021 11  3 17 41    -1.28     2.43    -0.51    -516.6     21.76    -38.43     0.883      96701    0    0    0    0    0
2021 11  3 17 42    -1.28     2.55    -0.49    -515.5     19.13    -26.93     0.908      95123    0    0    0    0    0
2021 11  3 17 43    -1.30     2.65    -0.46    -512.9     18.95    -26.19     0.908      87585    0    0    0    0    0
2021 11  3 17 44    -1.45     2.71    -0.42    -512.1     17.80    -26.17     0.828      87083    0    0    0    0    0
2021 11  3 17 45    -1.46     2.75    -0.37    -516.6     16.87    -29.38     0.820     111860    0    0    0    0    0
2021 11  3 17 46    -1.53     2.68    -0.38    -517.0     16.42    -30.25     0.830     122910    0    0    0    0    0
2021 11  3 17 47    -1.37     2.77    -0.44    -515.6     16.46    -29.82     0.838     120636    0    0    0    0    0
2021 11  3 17 48    -1.32     2.79    -0.45    -513.6     16.49    -27.06     0.845     103578    0    0    0    0    0
2021 11  3 17 49    -1.21     2.77    -0.27    -512.8     17.93    -27.04     0.846      94520    0    0    0    0    0
2021 11  3 17 50    -1.09     2.76    -0.23    -510.1     18.04    -27.40     0.846      90161    0    0    0    0    0
2021 11  3 17 51    -1.00     2.80    -0.22    -508.3     18.95    -37.48     0.846      88955    0    0    0    0    0
2021 11  3 17 52    -0.99     2.83    -0.02    -508.2     22.85    -44.16     0.871      89801    0    0    0    0    0
2021 11  3 17 53    -0.99     2.83     0.10    -508.0     25.33    -45.74     0.925     100254    0    0    0    0    0
2021 11  3 17 54    -1.04     2.77     0.10    -508.0     23.83    -39.81     0.951     107488    0    0    0    0    0
2021 11  3 17 55    -1.01     2.71     0.06    -507.7     21.39    -30.84     0.967     108075    0    0    0    0    0
2021 11  3 17 56    -0.86     2.69    -0.03    -507.1     18.97    -21.87     0.985     106114    0    0    0    0    0
2021 11  3 17 57    -0.77     2.68    -0.12    -506.9     16.55    -12.91     0.990     104500    0    0    0    0    0
2021 11  3 17 58    -0.80     2.66    -0.12    -506.4     16.55    -12.89     0.981     104500    0    0    0    0    0
2021 11  3 17 59    -0.86     2.65    -0.09    -505.8     16.56    -12.87     0.971     100703    0    0    0    0    0
2021 11  3 18  0    -0.87     2.64     0.00    -506.0     16.56    -12.85     0.969      94336    0    0    0    0    0
2021 11  3 18  1    -0.87     2.64     0.17    -507.4     16.63    -12.77     0.976      91466    0    0    0    0    0
2021 11  3 18  2    -0.98     2.70     0.24    -510.8     16.67    -12.71     0.981      90954    0    0    0    0    0
2021 11  3 18  3    -1.01     2.72     0.27    -514.9     16.68    -12.79     0.971      94072    0    0    0    0    0
2021 11  3 18  4    -1.01     2.74     0.48    -515.2     16.68    -12.77     0.976      96377    0    0    0    0    0
2021 11  3 18  5    -1.05     2.74     0.53    -512.9     16.69    -12.75     1.025     100461    0    0    0    0    0
2021 11  3 18  6    -1.08     2.66     0.63    -512.2     16.77    -12.73     1.032     100734    0    0    0    0    0
2021 11  3 18  7    -1.09     2.63     0.57    -512.1     17.09    -14.96     1.033      98172    0    0    0    0    0
2021 11  3 18  8    -1.09     2.60     0.37    -511.4     17.41    -17.35     1.024      94667    0    0    0    0    0
2021 11  3 18  9    -1.33     2.62     0.22    -509.7     17.74    -19.73     0.988      91287    0    0    0    0    0
2021 11  3 18 10    -1.41     2.63     0.18    -508.8     18.06    -22.11     0.971      86880    0    0    0    0    0
2021 11  3 18 11    -1.29     2.73     0.17    -508.6     18.37    -24.49     0.934      79684    0    0    0    0    0
2021 11  3 18 12    -1.19     2.78     0.11    -510.0     18.70    -26.89     0.852      64416    0    0    0    0    0
2021 11  3 18 13    -1.18     2.78     0.19    -510.9     19.02    -29.27     0.831      60313    0    0    0    0    0
2021 11  3 18 14    -1.28     2.78     0.23    -510.9     19.35    -31.65     0.831      72702    0    0    0    0    0
2021 11  3 18 15    -1.30     2.76     0.53    -509.2     19.67    -34.04     0.865      77685    0    0    0    0    0
2021 11  3 18 16    -1.22     2.77     0.66    -507.8     20.00    -36.42     0.894      80082    0    0    0    0    0
2021 11  3 18 17    -1.17     2.79     0.66    -507.8     20.32    -38.80     0.903      81009    0    0    0    0    0
2021 11  3 18 18    -1.20     2.76     0.58    -508.2     20.65    -41.18     0.887      81009    0    0    0    0    0
2021 11  3 18 19    -1.22     2.67     0.32    -508.1     20.97    -43.57     0.877      94255    0    0    0    0    0
2021 11  3 18 20    -1.20     2.60     0.15    -507.5     21.30    -45.95     0.938     104337    0    0    0    0    0
2021 11  3 18 21    -0.87     2.52     0.05    -506.6     21.62    -48.33     1.023     105789    0    0    0    0    0
2021 11  3 18 22    -0.57     2.45     0.02    -504.8     21.95    -50.73     1.061     104954    0    0    0    0    0
2021 11  3 18 23    -0.55     2.44     0.00    -502.3     22.00    -48.35     1.053     102424    0    0    0    0    0
2021 11  3 18 24    -0.54     2.46    -0.16    -500.2     22.71    -44.86     1.021      98152    0    0    0    0    0
2021 11  3 18 25    -0.52     2.46    -0.19    -497.7     27.84    -39.67     0.990      98057    0    0    0    0    0
2021 11  3 18 26    -0.45     2.49    -0.07    -494.5     29.05    -38.02     0.956      98046    0    0    0    0    0
2021 11  3 18 27    -0.45     2.51     0.02    -491.7     29.35    -36.79     0.934      98992    0    0    0    0    0
2021 11  3 18 28    -0.48     2.47    -0.02    -489.7     28.85    -34.97     0.925     100047    0    0    0    0    0
2021 11  3 18 29    -0.43     2.40    -0.21    -488.9     27.80    -32.26     0.933     100047    0    0    0    0    0
2021 11  3 18 30    -0.38     2.39    -0.29    -488.4     29.62    -30.40     0.976     103010    0    0    0    0    0
2021 11  3 18 31    -0.32     2.35    -0.34    -487.3     35.44    -29.99     1.047     112454    0    0    0    0    0
2021 11  3 18 32    -0.06     2.35    -0.44    -488.2     35.28    -29.97     1.049     111152    0    0    0    0    0
2021 11  3 18 33    -0.02     2.44    -0.44    -487.8     34.64    -31.01     1.037     103771    0    0    0    0    0
2021 11  3 18 34    -0.05     2.42    -0.44    -485.6     34.39    -35.73     0.981      91856    0    0    0    0    0
2021 11  3 18 35    -0.17     2.42    -0.56    -481.6     34.20    -35.71     0.981      91856    0    0    0    0    0
2021 11  3 18 36    -0.25     2.36    -0.62    -480.3     28.26    -29.17     0.983      96195    0    0    0    0    0
2021 11  3 18 37    -0.12     2.38    -0.62    -480.5     34.07    -14.06     0.984     101136    0    0    0    0    0
2021 11  3 18 38    -0.13     2.48    -0.62    -480.4     37.39     -5.93     0.886     102434    0    0    0    0    0
2021 11  3 18 39    -0.30     2.47    -0.77    -479.8     33.38     -4.28     0.822     102279    0    0    0    0    0
2021 11  3 18 40    -0.45     2.43    -0.87    -478.3     27.44     -7.94     0.816     102173    0    0    0    0    0
2021 11  3 18 41    -0.64     2.46    -0.85    -478.6     21.90    -17.40     0.839     110575    0    0    0    0    0
2021 11  3 18 42    -0.73     2.40    -0.82    -480.0     22.13    -23.72     0.887     118627    0    0    0    0    0
2021 11  3 18 43    -0.66     2.40    -0.80    -480.3     23.91    -24.53     0.930     116170    0    0    0    0    0
2021 11  3 18 44    -0.64     2.40    -0.74    -479.6     24.33    -22.65     0.948     112711    0    0    0    0    0
2021 11  3 18 45    -0.71     2.37    -0.61    -478.8     23.58    -19.37     0.953     109427    0    0    0    0    0
2021 11  3 18 46    -0.79     2.37    -0.50    -478.6     22.18    -17.56     0.974     104657    0    0    0    0    0
2021 11  3 18 47    -0.72     2.36    -0.48    -478.6     21.43    -17.74     0.992      96628    0    0    0    0    0
2021 11  3 18 48    -0.60     2.38    -0.50    -479.2     21.36    -17.94     0.979      91680    0    0    0    0    0
2021 11  3 18 49    -0.53     2.39    -0.52    -480.3     21.63    -17.68     0.925      97318    0    0    0    0    0
2021 11  3 18 50    -0.44     2.37    -0.53    -480.6     21.83    -17.43     0.893     113873    0    0    0    0    0
2021 11  3 18 51    -0.30     2.34    -0.53    -479.7     21.59    -17.06     0.890     120966    0    0    0    0    0
2021 11  3 18 52    -0.22     2.33    -0.58    -479.0     21.41    -16.84     0.918     114916    0    0    0    0    0
2021 11  3 18 53    -0.23     2.36    -0.63    -479.0     21.83    -16.57     0.971     102391    0    0    0    0    0
2021 11  3 18 54    -0.25     2.36    -0.63    -477.4     24.10    -17.65     1.022      95234    0    0    0    0    0
2021 11  3 18 55    -0.26     2.33    -0.61    -474.7     26.68    -19.30     1.059      94041    0    0    0    0    0
2021 11  3 18 56    -0.29     2.31    -0.58    -472.9     25.61    -18.41     1.061      95196    0    0    0    0    0
2021 11  3 18 57    -0.26     2.29    -0.61    -473.6     21.46    -18.49     1.093     110945    0    0    0    0    0
2021 11  3 18 58    -0.17     2.16    -0.54    -474.1     20.75    -19.47     1.101     114148    0    0    0    0    0
2021 11  3 18 59    -0.09     2.15    -0.61    -474.4     19.83    -20.26     1.168     110853    0    0    0    0    0
2021 11  3 19  0    -0.09     2.14    -0.52    -474.0     18.29    -18.04     1.279      93618    0    0    0    0    0
2021 11  3 19  1    -0.12     2.13    -0.58    -474.2     18.52    -17.62     1.421      82521    0    0    0    0    0
2021 11  3 19  2    -0.15     2.02    -0.41    -475.2     19.85    -15.45     1.668      84181    0    0    0    0    0
2021 11  3 19  3     0.00     1.96    -0.23    -476.9     22.63    -18.64     1.695      91955    0    0    0    0    0
2021 11  3 19  4     0.14     1.92    -0.34    -476.9     24.31    -21.93     1.745      97272    0    0    0    0    0
2021 11  3 19  5     0.15     1.90    -0.49    -477.6     21.69    -18.89     1.838      98833    0    0    0    0    0
2021 11  3 19  6     0.24     1.86    -0.58    -478.4     22.44    -19.68     1.884      97386    0    0    0    0    0
2021 11  3 19  7     0.38     1.86    -0.62    -478.3     23.27    -20.07     1.877      93290    0    0    0    0    0
2021 11  3 19  8     0.47     1.98    -0.56    -478.3     22.21    -19.39     1.782      90264    0    0    0    0    0
2021 11  3 19  9     0.36     2.07    -0.56    -478.6     21.00    -18.42     1.686      90027    0    0    0    0    0
2021 11  3 19 10     0.11     2.02    -0.60    -479.0     21.26    -18.17     1.696      92231    0    0    0    0    0
2021 11  3 19 11    -0.03     1.81    -0.56    -479.5     21.93    -19.34     1.751      95246    0    0    0    0    0
2021 11  3 19 12     0.02     1.71    -0.58    -480.0     22.25    -20.60     1.784      96043    0    0    0    0    0
2021 11  3 19 13     0.30     1.78    -0.69    -480.5     21.79    -20.85     1.791      91095    0    0    0    0    0
2021 11  3 19 14     0.52     1.88    -0.74    -480.8     21.52    -19.93     1.795      87355    0    0    0    0    0
2021 11  3 19 15     0.56     2.11    -0.76    -482.0     21.81    -18.43     1.817      85627    0    0    0    0    0
2021 11  3 19 16     0.36     2.33    -0.72    -484.7     22.88    -17.45     1.825      83637    0    0    0    0    0
2021 11  3 19 17     0.28     2.38    -0.55    -487.6     15.34    -10.26     1.830      81721    0    0    0    0    2
2021 11  3 19 18     0.39     2.40    -0.41    -489.3     28.04    -24.72     1.882      79956    0    0    0    0    2
2021 11  3 19 19     0.42     2.43    -0.27    -489.3     28.04    -24.17     1.969      78386    0    0    0    0    2
2021 11  3 19 20     0.31     2.48    -0.19    -489.2     28.07    -21.34     2.026      76830    0    0    0    0    2
2021 11  3 19 21     0.08     2.50    -0.18    -489.2     27.98    -18.39     2.022      75250    0    1    1    1    2
2021 11  3 19 22     0.05     2.49    -0.04    -490.9     29.80    -12.71     1.988      73493    0    1    1    2    2
2021 11  3 19 23     0.05     2.50     0.10    -492.7     32.76     -6.91     1.955      71715    0    1    1    2    2
2021 11  3 19 24    -0.01     2.59    -0.08    -494.5     33.20     -1.32     1.921      69937    0    1    1    1    2
2021 11  3 19 25    -0.03     2.60    -0.33    -495.4     34.45      3.71     1.861      68269    0    0    0    0    2
2021 11  3 19 26     0.07     2.55    -0.39    -496.5     36.22      4.02     1.733      67863    0    0    0    0    1
2021 11  3 19 27     0.15     2.52    -0.43    -497.1     37.57      3.83     1.585      68701    0    0    0    0    0
2021 11  3 19 28     0.19     2.48    -0.40    -497.2     36.12      4.95     1.544      68835    0    0    0    0    0
2021 11  3 19 29     0.20     2.46    -0.32    -496.6     32.85      6.99     1.522      68835    0    0    0    0    0
2021 11  3 19 30     0.17     2.45    -0.31    -493.6     31.69      7.31     1.415      75168    0    0    0    0    0
2021 11  3 19 31     0.15     2.44    -0.31    -490.1     32.34      6.89     1.349      83618    0    0    0    0    0
2021 11  3 19 32     0.22     2.43    -0.24    -487.0     35.26      6.21     1.412      92314    0    0    0    0    0
2021 11  3 19 33     0.59     2.33     0.34    -486.7     42.88      6.28     1.862      97136    0    0    0    0    0
2021 11  3 19 34     0.13     2.09     1.55    -486.8     42.81      6.30     2.113      96323    0    0    0    0    0
2021 11  3 19 35    -0.17     1.92     2.93    -487.4     41.98      5.61     2.103      90397    0    0    0    0    0
2021 11  3 19 36    -0.31     1.20     3.32    -487.6     40.13      5.22     2.050      89725    0    0    0    0    0
2021 11  3 19 37    -0.32     0.68     3.15    -487.7     39.39      4.99     2.039      88034    0    0    0    0    0
2021 11  3 19 38    -0.15     0.40     2.86    -487.6     39.77      4.39     1.991      81366    0    0    0    0    0
2021 11  3 19 39    -0.03     0.23     2.42    -486.7     41.47      4.74     1.970      72574    0    0    0    0    0
2021 11  3 19 40    -0.03     0.27     1.58    -486.9     41.61      6.09     1.808      64692    0    0    0    0    0
2021 11  3 19 41     0.12     0.91     0.89    -488.6     39.27      7.42     1.808      63882    0    0    0    0    0
2021 11  3 19 42     0.74     1.57     1.48    -489.4     30.29      9.05     1.793      63340    0    0    0    0    0
2021 11  3 19 43     1.12     1.68     1.53    -489.2     25.24      9.75     1.741      64592    0    0    0    0    0
2021 11  3 19 44     1.05     1.63     1.41    -488.6     26.54      9.57     1.686      68482    0    0    0    0    0
2021 11  3 19 45     0.88     1.46     1.09    -486.8     28.95     13.06     1.625      71323    0    0    0    0    0
2021 11  3 19 46     0.08     1.35     1.02    -481.0     31.35     17.01     1.545      73177    0    0    0    0    0
2021 11  3 19 47    -0.54     1.28     0.96    -475.2     33.85     19.00     1.464      75040    0    0    0    0    0
2021 11  3 19 48    -0.93     1.24     0.90    -469.6     36.53     18.41     1.384      76915    0    0    0    0    0
2021 11  3 19 49    -1.08     1.09     0.80    -469.3     41.68     18.31     1.285      80476    0    0    0    0    0
2021 11  3 19 50    -0.53     1.17     1.02    -486.1     37.55     21.59     1.265      91060    0    0    0    0    0
2021 11  3 19 51    -0.37     1.34     0.98    -485.7     33.45     17.34     1.253      96370    0    0    0    0    0
2021 11  3 19 52    -0.37     1.31     0.98    -484.0     28.01     15.58     1.253     101091    0    0    0    0    0
2021 11  3 19 53    -0.38     1.22     0.90    -480.9     26.36     13.88     1.232     107173    0    0    0    0    0
2021 11  3 19 54    -0.40     1.12     0.73    -477.7     25.82     12.16     1.200     113872    0    0    0    0    0
2021 11  3 19 55    -0.40     1.06     0.38    -476.7     23.53     10.29     1.169     122888    0    0    0    0    0
2021 11  3 19 56    -0.76     0.91    -0.15    -479.1     19.47      9.06     1.213     136030    0    0    0    0    0
2021 11  3 19 57    -1.21     0.66    -0.50    -477.9     19.52      6.68     1.310     147235    0    0    0    0    0
2021 11  3 19 58    -1.39     0.53    -0.72    -474.4     20.47      2.84     1.395     156920    0    0    0    0    0
2021 11  3 19 59    -1.42     0.46    -0.80    -468.3     23.29     -0.79     1.423     164381    0    0    0    0    0
2021 11  3 20  0    -1.52     0.47    -0.88    -464.6     24.99     -2.63     1.466     175143    0    0    0    0    0
2021 11  3 20  1    -1.87     0.55    -0.92    -466.4     25.04      2.87     1.505     193919    0    0    0    0    0
2021 11  3 20  2    -2.16     0.28    -0.73    -467.9     23.33     15.35     1.411     214130    0    0    0    0    0
2021 11  3 20  3    -2.11     0.21    -0.63    -465.6     23.68     12.45     1.364     230446    0    0    0    0    0
2021 11  3 20  4    -2.04     0.24    -0.62    -462.9     28.26      1.42     1.389     247263    0    0    0    0    0
2021 11  3 20  5    -2.07     0.18    -0.61    -462.0     35.64     -8.61     1.457     268414    0    0    0    0    0
2021 11  3 20  6    -1.94     0.44    -0.64    -461.6     27.26     -9.37     1.457     290218    0    0    0    0    0
2021 11  3 20  7    -2.11     0.67    -0.84    -462.1     24.08     -5.63     1.481     313566    0    0    0    0    0
2021 11  3 20  8    -4.61     2.67     0.08    -530.9     47.43     -9.27     2.546     338338    0    1    1    2    1
2021 11  3 20  9    -5.72     3.22     0.16    -546.2     49.76    -23.85     3.283     427522    0    1    1    2    1
2021 11  3 20 10    -5.53     4.89    -1.17    -570.0     36.63    -33.77     4.184     543690    0    1    0    2    2
2021 11  3 20 11    -3.09     6.75    -1.86    -579.0     28.33    -44.65     4.750     631389    0    1    0    2    2
2021 11  3 20 12    -4.60     8.09    -1.99    -581.3     22.66    -53.36     5.181     572580    0    1    0    2    2
2021 11  3 20 13    -2.82     7.17    -1.00    -587.5     20.91    -60.57     5.689     590532    0    1    1    2    2
2021 11  3 20 14    -2.53     6.96    -0.71    -591.4     26.10    -62.94     6.150     610444    0    1    1    1    1
2021 11  3 20 15    -3.82     7.12    -0.58    -590.4     11.20    -67.45     6.412     625691    0    0    0    0    0
2021 11  3 20 16    -5.68     7.32    -0.69    -587.9    -15.15    -64.04     6.532     639632    0    0    0    0    0
2021 11  3 20 17    -5.54     7.32    -0.54    -586.4    -19.44    -62.66     6.642     654134    0    0    0    0    0
2021 11  3 20 18    -5.08     7.61    -1.66    -584.3    -19.82    -59.54     6.770     667783    0    0    0    1    1
2021 11  3 20 19    -5.24     7.18    -1.27    -591.1    -22.61    -62.18     7.060     687509    0    0    0    1    2
2021 11  3 20 20    -2.96     7.27    -0.47    -595.1    -17.51    -72.59     6.686     874346    0    0    0    1    2
2021 11  3 20 21    -2.80     7.48    -0.11    -595.2     -7.07    -85.03     6.818     962694    0    0    0    1    2
2021 11  3 20 22    -4.25     7.53     0.15    -591.6     -1.53    -97.29     6.918     949835    0    0    0    0    2
2021 11  3 20 23    -5.71     7.47     0.21    -586.2     -1.07   -106.65     6.941     938390    0    0    0    1    2
2021 11  3 20 24    -6.58     7.35     0.21    -579.1     -5.73   -110.10     6.873     928352    0    0    0    1    2
2021 11  3 20 25    -6.88     7.14    -1.11    -583.4    -11.80    -94.21     7.138     909331    0    0    0    1    2
2021 11  3 20 26    -4.68     6.88    -1.48    -597.1    -21.78    -89.13     6.678     882668    0    0    0    1    2
2021 11  3 20 27    -3.64     7.27    -1.29    -602.0    -32.75    -92.78     6.976     863273    0    0    0    0    2
2021 11  3 20 28    -2.73     8.69    -0.75    -609.7    -31.34    -90.84     7.090     841769    0    0    0    0    2
2021 11  3 20 29    -2.10    14.04     0.41    -673.7    -37.91    -57.46     7.424     783260    0    0    0    0    2
2021 11  3 20 30    -2.09    14.38    -1.35    -673.7    -45.60    -47.55     7.424     767517    0    0    0    0    2
2021 11  3 20 31    -1.75    14.41    -2.25    -675.3    -62.25    -45.48     7.403     750732    0    0    0    0    2
2021 11  3 20 32    -0.16    14.83    -4.31    -684.2    -68.88    -24.08     7.303     729792    0    0    0    0    2
2021 11  3 20 33     0.55    15.02    -4.63    -684.7    -65.24    -26.84     7.265     713680    0    0    0    0    2
2021 11  3 20 34     0.42    14.87    -4.02    -689.3    -63.47    -53.10     7.225     695306    0    0    0    0    2
2021 11  3 20 35     0.81    14.55    -3.46    -694.7    -57.40    -58.85     7.225     676385    0    0    0    0    2
2021 11  3 20 36     0.85    14.12    -3.29    -698.2    -51.83    -51.73     8.065     658792    0    0    0    0    2
2021 11  3 20 37     0.79    13.98    -2.50    -698.3    -53.82    -48.16     8.121     643037    0    0    0    0    2
2021 11  3 20 38     0.70    13.84    -1.99    -699.9    -57.87    -61.11     8.182     626444    0    0    0    0    2
2021 11  3 20 39     1.00    12.98    -2.64    -703.8    -50.63    -67.61     8.650     608563    0    0    0    0    2
2021 11  3 20 40     0.91    12.62    -2.53    -705.0    -45.53    -66.12     8.619     592189    0    0    0    0    2
2021 11  3 20 41     0.56    12.98    -1.67    -705.0    -43.47    -66.38     8.507     576405    0    0    0    0    2
2021 11  3 20 42     0.41    14.14    -0.84    -705.3    -42.19    -68.25     8.477     560348    0    1    0    1    2
2021 11  3 20 43     0.44    15.84    -0.76    -706.6    -39.49    -64.72     8.362     543925    0    1    1    2    2
2021 11  3 20 44     1.85    17.39    -3.32    -708.8    -31.16    -68.73     8.244     527076    0    1    1    1    2
2021 11  3 20 45     2.51    17.65    -4.66    -715.5    -22.63    -68.77     8.387     507761    0    0    0    0    2
2021 11  3 20 46     2.75    16.27    -5.34    -722.7    -15.89    -70.64     8.607     488236    0    0    0    0    2
2021 11  3 20 47     3.71    14.09    -6.02    -724.9    -15.91    -80.42     9.362     471192    0    1    1    0    2
2021 11  3 20 48     6.16     0.00    -8.76    -728.8    -20.39    -90.24    10.596     452829    0    1    0    0    0
2021 11  3 20 49     5.91    -8.83    -9.51    -725.3    -24.05    -88.81    10.596     415847    0    1    0    0    0
2021 11  3 20 50     5.72   -10.99    -9.97    -721.1    -25.32    -89.50    10.596     380936    0    1    0    0    0
2021 11  3 20 51     5.79    -9.78   -10.18    -717.9    -25.95    -92.76    10.684     329948    0    1    0    0    0
2021 11  3 20 52     5.96    -7.68   -10.68    -716.1    -26.47    -96.55    11.157     276010    0    0    0    0    0
2021 11  3 20 53     5.71    -4.06   -10.94    -717.0    -29.29    -96.19    12.015     235008    0    0    0    0    0
2021 11  3 20 54     5.75    -0.77   -10.64    -719.9    -34.09    -92.00    14.338     223895    0    0    0    0    0
2021 11  3 20 55     5.82     0.07   -10.29    -722.8    -43.22    -89.15    16.641     236781    0    0    0    0    0
2021 11  3 20 56     5.50     0.65   -10.00    -725.3    -52.81    -87.82    16.955     247488    0    0    0    0    0
2021 11  3 20 57     5.21     8.08    -8.79    -723.3    -60.19    -87.93    14.836     267297    0    0    0    0    0
2021 11  3 20 58     3.51    14.77    -6.84    -722.5    -66.36    -93.49    12.492     298123    0    0    0    0    0
2021 11  3 20 59     2.15    16.38    -4.01    -722.4    -67.87    -92.88    12.061     330915    0    0    0    0    0
2021 11  3 21  0     1.50    16.61    -4.01    -724.9    -67.78    -90.95    12.069     368952    0    0    0    0    0
2021 11  3 21  1     2.05    15.70    -6.96    -726.5    -67.23    -92.24    12.070     372220    0    0    0    0    0
2021 11  3 21  2     5.35    13.67   -11.08    -725.7    -67.25    -93.72    11.661     364879    0    0    0    0    0
2021 11  3 21  3     6.32    12.47   -12.43    -722.7    -67.71    -96.43    11.267     330315    0    0    0    0    0
2021 11  3 21  4     6.15    14.47   -11.50    -724.9    -72.06    -98.23    10.740     291330    0    0    0    0    0
2021 11  3 21  5     5.89    16.92   -10.10    -727.5    -70.60    -97.05    10.200     256132    0    0    0    0    0
2021 11  3 21  6     4.92    17.95    -9.07    -724.3    -61.17    -98.02     9.070     226947    0    0    0    0    0
2021 11  3 21  7     4.79    19.72    -9.64    -720.2    -55.60   -101.87     8.062     188805    0    0    0    0    0
2021 11  3 21  8     5.51    20.13   -10.78    -717.3    -57.03    -95.55     7.021     165272    0    1    1    0    0
2021 11  3 21  9     5.90    19.52   -11.27    -712.6    -61.40    -87.45     5.335     158880    0    1    1    0    0
2021 11  3 21 10     5.90    18.78   -11.26    -704.4    -65.24    -81.71     3.980     165232    0    1    1    0    1
2021 11  3 21 11     5.88    18.26   -11.23    -692.1    -67.86    -77.15     3.955     183381    0    1    1    0    1
2021 11  3 21 12     5.71    17.54   -11.02    -686.1    -70.71    -71.26     3.909     208712    0    1    1    1    2
2021 11  3 21 13     4.18    14.12   -11.15    -704.4    -71.36    -59.23     3.800     262672    0    1    1    1    2
2021 11  3 21 14     4.18    11.53   -12.29    -706.1    -59.89    -50.76     3.775     296732    0    0    0    0    2
2021 11  3 21 15     4.20     8.12   -14.39    -710.3    -38.11    -39.08     4.144     333917    0    0    0    0    2
2021 11  3 21 16     4.10     3.03   -14.22    -715.6    -37.79    -23.84     4.986     372366    0    0    0    0    2
2021 11  3 21 17     4.42    -1.86   -13.96    -722.7    -41.05     -8.22     6.117     412293    0    0    0    0    2
2021 11  3 21 18     5.38    -6.07   -12.72    -728.7    -56.43      4.75     6.329     451353    0    0    0    0    1
2021 11  3 21 19     4.38    -9.01    -8.94    -732.3    -38.32      8.59     7.423     481581    0    0    0    0    0
2021 11  3 21 20     4.00    -9.69    -8.56    -732.8    -33.37      9.50     8.465     481429    0    0    0    0    1
2021 11  3 21 21     2.23    -9.54    -9.54    -734.4    -22.43      9.84    10.517     480424    0    0    0    0    2
2021 11  3 21 22     3.17    -8.47   -11.76    -734.8    -20.05      9.33    10.516     479464    0    0    0    0    2
2021 11  3 21 23     4.14    -6.36   -11.89    -733.0    -16.00      5.91    10.175     478573    0    0    0    0    2
2021 11  3 21 24     4.36     1.69   -11.61    -725.3    -11.07      0.97     8.731     477870    0    0    0    0    2
2021 11  3 21 25     4.45     4.06   -11.66    -724.3    -16.15    -10.10     8.019     476951    0    0    0    0    2
2021 11  3 21 26     5.87     3.62   -12.32    -724.5    -18.79    -21.03     7.948     476840    0    0    0    0    1
2021 11  3 21 27     6.09     2.10   -12.41    -723.4    -21.86    -30.30     9.700     496926    0    0    0    0    0
2021 11  3 21 28     7.26     1.68   -14.46    -726.1    -24.74    -32.19     9.998     500337    0    0    0    0    0
2021 11  3 21 29     7.86     3.03   -11.35    -717.2    -19.28    -45.04     9.139     404829    0    0    0    0    0
2021 11  3 21 30     8.15     5.96    -9.46    -709.4    -11.92    -54.33     8.536     351211    0    0    0    0    0
2021 11  3 21 31     8.01     9.65    -9.66    -703.0     -4.51    -58.36     8.235     351875    0    1    0    1    1
2021 11  3 21 32     7.36    10.00   -11.21    -695.2     -2.99    -60.73     7.779     354943    0    1    0    1    1
2021 11  3 21 33     6.58     8.22   -11.71    -689.3      6.51    -66.61     7.884     358310    0    1    0    2    2
2021 11  3 21 34     6.51     6.06   -12.24    -686.7     14.98    -73.65     8.277     362192    0    1    1    2    2
2021 11  3 21 35     6.73     6.05   -12.87    -686.1     18.36    -81.77     8.889     366416    0    1    1    1    2
2021 11  3 21 36     6.63     7.98   -13.62    -685.5     18.53    -87.00     9.443     370604    0    0    0    1    2
2021 11  3 21 37     6.48    10.04   -14.14    -683.0     14.63    -86.13     9.795     374496    0    0    0    1    2
2021 11  3 21 38     6.47    11.56   -14.19    -679.0      9.69    -81.78    10.093     378158    0    0    0    1    2
2021 11  3 21 39     6.66    12.20   -14.03    -676.1      8.87    -76.35    10.465     381974    0    0    0    1    2
2021 11  3 21 40     6.64    13.19   -13.06    -675.5      2.98    -71.88    10.861     386177    0    0    0    1    2
2021 11  3 21 41     5.82    12.16   -10.25    -674.4     -3.49    -76.52    11.069     390261    0    0    0    0    1
2021 11  3 21 42     5.92    12.65   -10.34    -672.6      5.06    -81.50    11.361     394382    0    0    0    0    0
2021 11  3 21 43     7.80    15.18   -11.97    -672.7      3.91    -87.32    11.785     401286    0    0    0    0    0
2021 11  3 21 44     6.68    13.12   -10.91    -672.2      1.27    -92.88    14.757     408132    0    0    0    0    0
2021 11  3 21 45     6.71    13.19    -9.76    -671.2     -0.17    -93.34    14.147     414616    0    0    0    0    0
2021 11  3 21 46     6.12    14.05    -8.59    -669.9     -1.40   -100.59    13.248     414832    0    0    0    0    0
2021 11  3 21 47     6.41    13.84    -9.04    -672.6     -3.04   -114.59    12.455     363636    0    0    0    1    0
2021 11  3 21 48     5.96    14.00    -8.36    -670.9     -1.15   -116.59    11.942     363636    0    0    0    1    0
2021 11  3 21 49     6.07    14.29    -6.84    -668.4     -1.64   -110.06    11.362     382826    0    0    0    1    0
2021 11  3 21 50     6.64    14.35    -7.06    -669.7     -4.75   -103.99    10.578     405992    0    0    0    1    0
2021 11  3 21 51     7.69    14.93    -7.10    -670.3     -4.87    -98.72    10.617     530596    0    0    0    1    0
2021 11  3 21 52     8.32    14.88    -8.03    -679.4     -5.36    -91.17     9.667     605382    0    0    0    0    0
2021 11  3 21 53     8.39    14.61    -8.34    -681.8    -10.81    -84.75     9.103     605382    0    0    0    0    0
2021 11  3 21 54     8.04    14.66    -7.69    -680.5    -17.63    -78.46     9.137     625384    0    0    0    0    0
2021 11  3 21 55     7.75    14.68    -7.53    -679.2    -16.44    -71.75     9.205     665389    0    0    0    0    0
2021 11  3 21 56     7.74    14.59    -8.69    -678.3    -12.82    -64.56     9.118     650343    0    0    0    0    1
2021 11  3 21 57     7.57    14.68   -10.19    -681.3     -6.00    -61.19     8.646     582141    0    0    0    0    2
2021 11  3 21 58     7.16    14.92    -8.44    -680.7      0.94    -63.55     8.280     525949    0    0    0    0    1
2021 11  3 21 59     6.85    14.77    -6.43    -676.9      7.28    -71.81     8.335     493131    0    0    0    0    0
2021 11  3 22  0     6.69    14.74    -6.19    -675.4     14.65    -76.07     8.552     495138    0    0    0    0    1
2021 11  3 22  1     5.45    14.81    -5.19    -674.4     23.41    -82.47     8.495     508380    0    0    0    0    2
2021 11  3 22  2     3.02    14.03    -1.63    -671.6     34.00    -84.28     8.012     520579    0    0    0    0    2
2021 11  3 22  3    -4.65    14.44     4.42    -671.9     46.43    -82.69     7.817     534608    0    0    0    0    2
2021 11  3 22  4    -5.64    13.66     6.25    -673.4     58.52    -79.54     7.167     549355    0    1    0    1    2
2021 11  3 22  5    -5.26    13.17     6.43    -673.7     74.25    -83.15     5.834     563196    0    1    0    2    2
2021 11  3 22  6    -6.02    10.55     8.45    -673.7     76.67    -81.95     4.490     577148    0    1    0    1    2
2021 11  3 22  7    -7.01    10.51     8.54    -671.7     74.68    -77.49     3.260     589910    0    1    0    0    2
2021 11  3 22  8    -7.03     9.90     5.68    -668.3     65.05    -70.42     3.260     601932    0    1    0    0    2
2021 11  3 22  9    -7.03     9.80     3.66    -665.0     60.27    -67.50     3.223     613808    0    1    0    1    2
2021 11  3 22 10    -7.56     8.13     4.13    -661.6     59.80    -70.53     3.180     625776    0    1    0    2    2
2021 11  3 22 11    -8.80     6.99     5.23    -658.2     61.40    -75.92     3.136     637798    0    1    0    2    2
2021 11  3 22 12   -10.16     6.99     6.26    -654.8     63.82    -80.05     3.092     649754    0    1    0    1    2
2021 11  3 22 13   -10.89     6.91     7.55    -651.8     66.87    -80.36     3.058     661802    0    1    0    0    2
2021 11  3 22 14   -11.04     6.52     7.72    -650.2     69.46    -73.69     3.139     674676    0    1    0    1    2
2021 11  3 22 15   -11.11     5.72     7.03    -649.7     69.06    -68.34     3.745     688275    0    1    0    2    2
2021 11  3 22 16   -11.17     3.79     5.97    -649.2     67.84    -68.49     4.351     701852    0    1    0    2    2
2021 11  3 22 17   -11.30     3.14     6.89    -648.2     65.68    -66.40     4.938     715014    0    1    0    2    2
2021 11  3 22 18   -11.05     1.45     6.89    -641.7     63.95    -66.68     5.389     725130    0    1    0    2    2
2021 11  3 22 19   -11.88     0.95     5.80    -634.5     65.23    -66.33     5.815     734689    0    1    0    2    2
2021 11  3 22 20   -13.25     0.81     4.09    -628.0     68.71    -65.25     6.313     744558    0    1    0    1    2
2021 11  3 22 21   -14.88     0.20     1.91    -624.6     75.42    -62.47     7.045     756400    0    1    0    1    2
2021 11  3 22 22   -14.98    -0.18     1.54    -621.3     80.45    -60.10     6.578     768083    0    1    0    1    2
2021 11  3 22 23   -15.11    -0.29     1.20    -616.2     81.93    -58.35     6.537     778741    0    0    0    0    2
2021 11  3 22 24   -15.21     0.00     2.30    -617.7     81.05    -57.39     6.033     793385    0    0    0    0    2
2021 11  3 22 25   -15.45     0.30     4.73    -625.0     79.25    -50.98     5.799     811821    0    0    0    0    2
2021 11  3 22 26   -15.62     0.44     4.52    -625.1     66.74    -47.00     5.717     825794    0    0    0    0    2
2021 11  3 22 27   -15.67     3.28     3.70    -623.5     60.37    -46.97     5.575     838556    0    0    0    0    2
2021 11  3 22 28   -15.86     2.51     2.74    -622.1     57.01    -45.59     5.393     851514    0    0    0    0    2
2021 11  3 22 29   -15.88     0.40     2.23    -621.8     53.82    -44.78     5.179     865267    0    0    0    0    2
2021 11  3 22 30   -15.58    -2.42     1.94    -622.9     50.84    -41.46     4.958     866420    0    0    0    0    1
2021 11  3 22 31   -14.89    -2.52     1.55    -623.0     46.95    -29.96     4.729     629435    0    0    0    0    0
2021 11  3 22 32   -14.77    -0.40     0.69    -622.8     41.73    -30.42     4.646     477118    0    0    0    0    0
2021 11  3 22 33    -8.10    -1.70    -5.59    -665.2     33.11    -15.10     5.062     616953    0    1    0    0    2
2021 11  3 22 34    -8.08    -2.49    -2.60    -665.5     34.39      1.04     5.344     702265    0    1    0    0    2
2021 11  3 22 35    -8.15    -1.42     1.13    -666.4     38.26      4.86     5.630     790187    0    1    0    0    2
2021 11  3 22 36    -7.87     4.04     3.70    -677.8     37.72     -1.63     5.455     911676    0    1    0    0    2
2021 11  3 22 37    -7.89     4.83     4.38    -702.1     38.03      0.08     5.599    1071995    0    1    0    2    2
2021 11  3 22 38    -5.93     3.86     4.59    -713.7     33.30    -11.83     7.281    1191534    0    1    0    1    1
2021 11  3 22 39    -4.48     7.64     6.74    -715.1     29.53    -17.66     8.375    1306419    0    0    0    0    0
2021 11  3 22 40    -4.40     8.35     6.42    -715.7     29.09    -24.03     9.210    1361335    0    0    0    0    0
2021 11  3 22 41    -6.33     6.95     4.16    -715.7     31.07    -31.20     9.627    1324037    0    1    1    0    0
2021 11  3 22 42    -8.14     5.22     3.36    -715.0     34.71    -38.65     9.601    1268817    0    1    1    0    0
2021 11  3 22 43    -8.44     3.44     4.67    -711.5     39.10    -45.37     9.367    1222855    0    1    1    0    0
2021 11  3 22 44    -8.08     2.77     6.38    -706.7     45.79    -49.84     8.828    1068079    0    1    1    0    0
2021 11  3 22 45    -7.06     0.87     6.99    -708.8     58.01    -53.38     7.454     743239    0    1    1    0    0
2021 11  3 22 46    -7.24    -3.47     8.40    -715.0     70.62    -56.43     5.572     828767    0    1    1    0    1
2021 11  3 22 47    -7.66    -4.36    10.32    -710.1     79.99    -56.36     4.688     953593    0    1    1    0    2
2021 11  3 22 48    -7.96    -4.42    12.94    -704.3     88.00    -58.44     4.856    1072903    0    1    1    0    2
2021 11  3 22 49    -8.32    -4.64    12.89    -697.8     94.59    -63.70     5.751    1186580    0    1    1    0    2
2021 11  3 22 50    -9.32    -5.12    11.66    -690.5     98.84    -63.07     6.897    1192264    0    1    1    0    1
2021 11  3 22 51   -10.06    -5.30    10.62    -687.1     99.91    -60.48     7.361    1165105    0    0    0    0    0
2021 11  3 22 52   -10.48    -5.19     9.84    -688.5     99.05    -52.51     7.361    1145490    0    1    0    0    0
2021 11  3 22 53   -11.00    -5.26     8.14    -689.6     98.87    -49.59     7.371    1169984    0    1    0    0    0
2021 11  3 22 54   -11.10    -5.43     7.57    -688.9     98.84    -51.00     7.568    1182231    0    1    0    0    0
2021 11  3 22 55   -10.96    -5.47     8.33    -687.8     98.75    -55.31     7.673    1177231    0    1    0    0    0
2021 11  3 22 56    -8.65    -4.29     6.67    -687.4     95.03    -55.53     7.094    1101154    0    0    0    0    0
2021 11  3 22 57    -7.45    -3.30     5.18    -696.0     87.39    -50.01     6.458     943471    0    0    0    0    0
2021 11  3 22 58    -7.74    -1.89     6.13    -703.2     74.94    -47.36     6.434     965520    0    0    0    0    0
2021 11  3 22 59    -7.74    -0.62    10.15    -700.3     65.12    -43.71     6.518    1171422    0    0    0    0    0
2021 11  3 23  0    -7.36     0.55    10.15    -694.2     59.37    -41.93     7.406    1389860    0    0    0    0    0
2021 11  3 23  1   -11.92    -1.34     5.58    -687.5     53.19    -39.27     8.396    1433548    0    0    0    0    0
2021 11  3 23  2   -15.41    -2.81     2.20    -683.4     46.68    -36.18     8.954    1419276    0    0    0    0    1
2021 11  3 23  3   -15.92    -2.72     1.86    -683.8     39.67    -36.45     8.821    1386596    0    0    0    0    2
2021 11  3 23  4   -15.93    -1.81     1.79    -685.3     34.97    -36.73     8.574    1352655    0    0    0    0    2
2021 11  3 23  5   -15.71     1.84     1.54    -686.0     31.02    -36.16     8.399    1319619    0    0    0    0    2
2021 11  3 23  6   -15.23     4.83     0.94    -685.2     28.20    -36.66     7.724    1288450    0    0    0    0    2
2021 11  3 23  7   -14.73     4.92     0.41    -684.5     27.08    -33.53     7.129    1256761    0    0    0    0    2
2021 11  3 23  8   -14.58     2.19     0.24    -686.6     26.28    -33.55     7.129    1221832    0    0    0    0    1
2021 11  3 23  9   -14.07    -0.18     0.44    -684.5     26.63    -32.97     7.048    1147131    0    0    0    0    0
2021 11  3 23 10   -13.58    -1.07     0.84    -679.4     27.04    -28.70     6.913    1080474    0    0    0    0    0
2021 11  3 23 11   -13.58    -1.41     1.77    -674.7     27.75    -24.18     6.789    1073996    0    0    0    0    0
2021 11  3 23 12   -13.61     0.73     5.22    -666.8     28.29    -22.09     6.789    1073996    0    0    0    0    0
2021 11  3 23 13   -14.71    -1.71     4.04    -666.7     28.65    -20.58     7.357    1167535    0    0    0    0    0
2021 11  3 23 14   -15.50    -1.95     3.58    -674.5     33.82    -22.37     8.224    1309406    0    0    0    0    0
2021 11  3 23 15   -15.42    -1.54     4.16    -677.3     33.78    -31.32     8.292    1314104    0    0    0    0    0
2021 11  3 23 16   -15.26    -1.13     5.62    -685.2     31.57    -43.27     7.930    1319625    0    0    0    0    0
2021 11  3 23 17   -14.31    -1.06     6.04    -692.8     32.13    -41.24     7.525    1362848    0    0    0    0    0
2021 11  3 23 18   -14.10     1.41     5.06    -699.3     32.77    -33.43     7.676    1427348    0    0    0    0    0
2021 11  3 23 19   -14.10     2.92     4.28    -699.3     32.94    -26.14     7.863    1426720    0    0    0    0    0
2021 11  3 23 20   -14.22     3.58     2.53    -696.1     36.81    -24.12     7.935    1407884    0    0    0    0    0
2021 11  3 23 21   -14.51     4.80     1.02    -693.6     34.67    -21.59     7.942    1348537    0    0    0    0    0
2021 11  3 23 22   -14.95     6.00     0.58    -689.1     28.65    -21.70     7.386    1335767    0    0    0    0    0
2021 11  3 23 23   -15.16     6.57    -0.12    -688.9     17.02    -26.45     7.085    1337512    0    0    0    0    0
2021 11  3 23 24   -14.98     6.60    -0.04    -693.1      3.27    -36.72     8.033    1340673    0    0    0    0    0
2021 11  3 23 25   -14.45     7.40     0.20    -692.7     -6.25    -46.43     8.264    1354174    0    0    0    0    0
2021 11  3 23 26   -13.95     7.57     0.13    -689.7     -9.75    -53.12     8.242    1357805    0    0    0    0    0
2021 11  3 23 27   -13.59     7.50     0.16    -685.8    -11.15    -56.27     8.232    1334906    0    0    0    0    0
2021 11  3 23 28   -12.95     7.21     0.18    -682.1    -11.38    -57.11     8.248    1313863    0    0    0    0    0
2021 11  3 23 29   -12.14     6.80     0.02    -681.8     -8.61    -50.00     8.359    1303084    0    0    0    0    0
2021 11  3 23 30   -11.93     8.14    -0.07    -686.8     -1.68    -37.94     8.498    1285498    0    0    0    0    0
2021 11  3 23 31   -11.98     9.11     0.71    -690.2      5.12    -37.08     8.465    1285498    0    0    0    0    0
2021 11  3 23 32   -11.17     8.90     1.06    -692.3     13.52    -34.76     8.298    1297745    0    0    0    0    0
2021 11  3 23 33   -12.30     8.84    -0.33    -702.5     17.41    -35.15     8.254    1397310    0    0    0    0    0
2021 11  3 23 34   -12.70     8.84     0.79    -696.2     28.23    -42.40     8.262    1397310    0    0    0    0    0
2021 11  3 23 35   -14.39     7.47     2.16    -695.5     32.26    -44.29     8.460    1372377    0    0    0    0    0
2021 11  3 23 36   -15.32     5.97     2.32    -696.9     32.63    -43.03     8.693    1349765    0    0    0    0    0
2021 11  3 23 37   -15.41     5.80     0.26    -699.1     32.33    -34.71     8.728    1348369    0    0    0    0    0
2021 11  3 23 38   -14.77     6.83     0.15    -685.9     31.69    -34.61     8.728    1352088    0    0    0    0    0
2021 11  3 23 39   -14.13     7.92     0.01    -673.9     31.18    -34.61     8.728    1356107    0    0    0    0    0
2021 11  3 23 40   -13.45     9.33    -0.37    -699.4     29.49    -30.40     8.767    1569386    0    0    0    0    0
2021 11  3 23 41   -12.47     1.04     0.55    -694.3     24.39    -29.07     8.767    1584499    0    0    0    0    0
2021 11  3 23 42   -13.29     0.37     0.72    -694.5     22.62    -35.72     8.445    1587270    0    0    0    0    0
2021 11  3 23 43   -14.25     1.89     0.67    -695.5     18.60    -35.93     8.386    1425366    0    0    0    0    0
2021 11  3 23 44   -14.71     4.34    -0.43    -696.8     14.01    -32.00     8.418    1315574    0    0    0    0    0
2021 11  3 23 45   -14.78     5.46     2.51    -693.0      7.87    -31.76     8.560    1308964    0    0    0    0    0
2021 11  3 23 46   -14.85     6.01     4.85    -689.5      5.66    -32.86     8.374    1308964    0    0    0    0    0
2021 11  3 23 47   -14.95     5.86     6.64    -687.0      5.30    -33.69     8.032    1299931    0    0    0    0    0
2021 11  3 23 48   -14.85     2.78     7.16    -685.2      5.91    -32.52     7.631    1291781    0    0    0    1    0
2021 11  3 23 49   -14.63     0.14     6.98    -683.3      7.52    -32.49     7.233    1289376    0    1    1    1    1
2021 11  3 23 50   -14.54     1.36     7.32    -682.0      9.98    -35.32     6.885    1286926    0    1    1    1    2
2021 11  3 23 51   -14.61     3.71     8.03    -683.1     13.67    -38.58     6.697    1284248    0    1    1    1    2
2021 11  3 23 52   -14.73     4.88     8.67    -686.0     17.19    -42.16     6.911    1281387    0    1    1    2    2
2021 11  3 23 53   -14.00     5.96     8.41    -688.9     23.54    -35.63     7.329    1278541    0    1    1    2    2
2021 11  3 23 54   -13.67     6.95     6.37    -689.1     31.40    -27.24     7.708    1275957    0    1    0    1    1
2021 11  3 23 55   -12.56     6.81     6.57    -688.7     32.49    -23.41     7.791    1194743    0    0    0    1    0
2021 11  3 23 56   -10.66     5.62     8.60    -689.3     32.49    -30.76     7.800    1120149    0    0    0    1    0
2021 11  3 23 57    -9.93     4.60    10.14    -689.1     30.93    -26.75     7.850    1105357    0    0    0    1    0
2021 11  3 23 58    -9.83     6.49    10.58    -688.8     27.05    -29.21     7.908    1111497    0    0    0    1    0
2021 11  3 23 59   -11.44     6.42    10.01    -688.7     24.23    -37.15     7.957    1121083    0    0    0    1    0
2021 11  4  0  0   -14.21     2.45    10.07    -688.9     22.70    -39.32     8.059    1124627    0    0    0    1    0
2021 11  4  0  1   -14.83     1.02    10.28    -693.4     16.07    -40.46     8.185    1116590    0    0    0    1    0
2021 11  4  0  2   -14.25     1.25    10.64    -696.4     10.01    -41.96     8.523    1114736    0    0    0    1    0
2021 11  4  0  3   -13.48     1.26    11.16    -696.7      7.63    -41.92     8.879    1137828    0    0    0    0    0
2021 11  4  0  4   -12.87     1.97    11.19    -697.3     16.50    -41.33     8.902    1139478    0    0    0    0    0
2021 11  4  0  5   -12.81     2.17    10.95    -698.4     24.41    -35.59     8.770    1154136    0    0    0    0    0
2021 11  4  0  6   -12.51     0.80    10.97    -699.4     24.75    -29.00     8.773    1155410    0    0    0    0    0
2021 11  4  0  7   -12.11     0.86    12.44    -700.5     17.80    -26.88     9.120    1213324    0    0    0    0    0
2021 11  4  0  8   -10.90     3.52    13.51    -707.6     14.62    -24.99     9.011    1213324    0    0    0    0    0
2021 11  4  0  9   -10.90     4.47    11.65    -710.9     21.77    -14.45     8.751    1221418    0    0    0    0    0
2021 11  4  0 10   -11.37     4.39    11.36    -728.3     38.91     -1.62     8.678    1232162    0    0    0    0    0
2021 11  4  0 11   -10.72     4.22    12.38    -731.9     43.46     -2.79     8.442    1229270    0    0    0    0    0
2021 11  4  0 12   -10.11     3.48    12.91    -734.8     42.23     -2.75     7.460    1224526    0    0    0    0    0
2021 11  4  0 13    -7.80     5.18    12.55    -734.7     39.93     -3.15     6.709    1213736    0    1    1    0    1
2021 11  4  0 14    -4.13     7.19    12.27    -737.5     32.13     -5.12     6.344    1202146    0    1    1    0    2
2021 11  4  0 15    -3.05     7.27    11.71    -741.8     27.05    -12.63     6.420    1190053    0    1    1    0    2
2021 11  4  0 16    -2.29     8.56    11.87    -741.0     20.18    -18.32     6.515    1179590    0    0    0    0    2
2021 11  4  0 17     0.45    11.88    12.39    -737.8     14.46    -23.52     6.376    1169964    0    0    0    0    2
2021 11  4  0 18     4.64    15.30    12.95    -736.3     14.46    -26.94     6.091    1159911    0    0    0    0    1
2021 11  4  0 19     6.24    15.81    11.05    -735.1     19.45    -26.88     6.408    1117448    0    0    0    0    0
2021 11  4  0 20     7.24    15.83     4.76    -733.8     32.88    -28.41     7.449     998502    0    0    0    0    0
2021 11  4  0 21     9.05    14.70     5.00    -729.3     21.06    -24.92     7.446     977028    0    0    0    0    0
2021 11  4  0 22    10.94    14.37     8.53    -723.2     23.59    -22.65     7.394     957137    0    0    0    0    0
2021 11  4  0 23    13.67    14.49    -0.57    -775.5     26.82     -0.75     6.754     905440    1    1    1    1    1
2021 11  4  0 24    15.33    14.60    -4.36    -781.9     28.40      9.65     6.423     873575    0    0    0    0    0
2021 11  4  0 25    15.67    15.15    -3.93    -782.3     30.18     16.47     5.925     841009    0    0    0    0    0
2021 11  4  0 26    15.15    16.06    -3.49    -779.8     32.38      9.13     5.451     804942    0    0    0    0    0
2021 11  4  0 27    14.51    18.00    -1.34    -771.8     26.45     -9.24     5.095     772884    0    0    0    0    0
2021 11  4  0 28    14.03    20.30     2.07    -760.2     14.56    -30.03     4.802     747058    0    0    0    0    0
2021 11  4  0 29    14.13    18.00    -0.67    -744.4     18.30    -38.04     4.802     747058    0    0    0    0    0
2021 11  4  0 30    14.23    15.75    -3.29    -729.3     22.20    -45.66     4.896     747324    0    0    0    0    0
2021 11  4  0 31    14.46    14.69    -3.30    -730.1     29.31    -44.50     6.806     756328    1    0    1    0    0
2021 11  4  0 32    14.88    14.97    -0.83    -735.0     37.77    -31.43     8.737     839349    1    0    1    0    0
2021 11  4  0 33    15.04    14.71    -2.02    -730.6     44.73    -31.62     9.027     980873    0    0    0    0    0
2021 11  4  0 34    15.22    15.11    -2.89    -726.3     53.76    -20.42     9.030    1138200    0    0    0    0    0
2021 11  4  0 35    14.95    14.28    -3.65    -735.0     68.00    -12.44     9.462    1189613    0    0    0    0    0
2021 11  4  0 36    14.02    13.22    -6.10    -739.0     72.72    -12.77     9.850    1206029    0    0    0    0    0
2021 11  4  0 37    14.43    12.05    -7.26    -740.9     59.88    -11.74    10.485    1197521    0    0    0    0    0
2021 11  4  0 38    15.55    10.75    -8.16    -743.3     47.82     -9.17    10.834    1153598    0    0    0    0    0
2021 11  4  0 39    16.03     9.94    -7.50    -753.1     64.52     -8.95    10.834    1071602    0    0    0    0    0
2021 11  4  0 40    15.70    10.75    -7.59    -760.5     56.80     -5.62    11.181     954851    0    0    0    0    0
2021 11  4  0 41    14.08    11.79    -4.28    -765.2     48.51     -7.40    11.984     904469    0    0    0    0    0
2021 11  4  0 42    14.22    11.76    -4.22    -760.9     43.02     -9.15    13.686     903472    0    0    0    0    0
2021 11  4  0 43    14.65    10.43    -5.79    -757.6     40.13     -9.16    13.686     903472    0    0    0    0    0
2021 11  4  0 44    14.70    10.54    -6.92    -754.3     43.81     -5.56    13.620     902843    0    0    0    0    0
2021 11  4  0 45    14.73    10.38    -7.12    -753.6     47.30     -3.93    13.607     902348    0    0    0    0    0
2021 11  4  0 46    15.06    10.00    -7.19    -756.8     52.75      1.22    14.257     849135    0    0    0    0    0
2021 11  4  0 47    15.53    10.02    -7.05    -762.8     58.59      7.10    14.189     845528    0    0    0    0    0
2021 11  4  0 48    16.43    10.34    -6.21    -769.1     60.25      8.71    12.845     869181    0    0    0    0    0
2021 11  4  0 49    16.83    10.33    -4.65    -770.4     58.16      9.27    11.991     912253    0    0    0    0    0
2021 11  4  0 50    16.94    10.35    -4.47    -769.1     53.42      8.40    11.448     902902    0    0    0    0    0
2021 11  4  0 51    17.02    10.32    -5.55    -766.5     53.38      9.79    10.988     873109    0    0    0    0    0
2021 11  4  0 52    17.33    10.18    -6.14    -761.0     56.30     14.29    11.157     846643    0    0    0    0    0
2021 11  4  0 53    17.58    10.64    -6.21    -759.7     61.17      4.39    10.992     811300    0    0    0    0    0
2021 11  4  0 54    17.77    10.60    -6.90    -759.4     63.18     -8.17    10.900     811300    0    0    0    0    0
2021 11  4  0 55    17.82    10.41    -6.96    -758.7     63.89     -8.18    10.900     902572    0    0    0    0    0
2021 11  4  0 56    17.92     9.68    -7.17    -749.4     63.98     -3.42    10.989     904093    0    0    0    0    0
2021 11  4  0 57    18.12     9.21    -6.17    -764.1     70.42     10.13    11.275     890981    0    0    0    0    0
2021 11  4  0 58    17.98     8.63    -5.81    -768.1     78.73     14.58    12.113     818140    0    0    0    0    0
2021 11  4  0 59    17.70     8.39    -6.09    -769.5     83.61     10.38    12.117     797470    0    0    0    0    0
2021 11  4  1  0    17.72     8.62    -6.98    -767.2     81.13      6.30    11.497     793187    0    0    0    0    0
2021 11  4  1  1    17.64     8.53    -7.59    -759.4     78.04     -1.02    11.456     793187    0    0    0    0    0
2021 11  4  1  2    17.49     8.47    -7.56    -757.2     71.16     -3.42    11.407     793187    0    0    0    0    0
2021 11  4  1  3    17.48     8.17    -7.37    -758.6     66.85     -6.11    11.314     789802    0    0    0    0    0
2021 11  4  1  4    17.22     8.29    -7.18    -759.0     70.48      5.46    10.997     789742    0    0    0    0    0
2021 11  4  1  5    17.50     9.25    -7.08    -756.6     71.65      8.32    10.701     789742    0    0    0    0    0
2021 11  4  1  6    17.87     9.91    -6.88    -757.0     71.76      9.43    10.459     775203    0    0    0    0    0
2021 11  4  1  7    17.66     9.95    -6.89    -757.1     67.24      7.05    10.444     774126    0    0    0    0    0
2021 11  4  1  8    17.67     8.81    -7.12    -756.4     60.79      6.69    11.000     794394    0    0    0    0    0
2021 11  4  1  9    17.54     8.43    -7.76    -753.2     58.04      5.17    11.059     809050    0    0    0    0    0
2021 11  4  1 10    17.40     8.36    -8.22    -750.9     58.91      0.54    11.014     812055    0    0    0    0    0
2021 11  4  1 11    17.44     7.92    -8.39    -750.3     63.31     -2.55    10.662     789312    0    0    0    0    0
2021 11  4  1 12    17.61     7.48    -8.26    -751.5     70.39     -3.31    10.369     763656    0    0    0    0    0
2021 11  4  1 13    17.81     7.11    -6.89    -759.0     78.78     -2.05    10.110     751884    0    0    0    0    0
2021 11  4  1 14    18.10     7.83    -5.74    -761.3     60.26      4.70    10.094     752518    0    0    0    0    0
2021 11  4  1 15    18.30     8.18    -5.54    -761.2     76.19     -0.27    10.093     768396    0    0    0    0    0
2021 11  4  1 16    18.32     8.73    -5.30    -760.7     74.28      0.65    10.071     791646    0    0    0    0    0
2021 11  4  1 17    18.20     8.82    -5.22    -763.0     71.57     -0.10     9.798     790009    0    0    0    0    0
2021 11  4  1 18    17.97     7.54    -4.61    -761.8     57.64     -1.82     9.808     776913    0    0    0    0    0
2021 11  4  1 19    17.68     6.61    -4.47    -763.6     53.04     -4.91    10.009     778818    0    0    0    0    0
2021 11  4  1 20    17.06     6.71    -4.06    -762.4     49.25     -4.85    10.425     793431    0    0    0    0    0
2021 11  4  1 21    16.36     7.24    -3.87    -759.4     49.24     -4.10    10.425     810984    0    0    0    0    0
2021 11  4  1 22    14.98     8.97    -1.79    -752.1     52.28     -4.12    10.397     844094    0    0    0    0    0
2021 11  4  1 23    14.27    10.12    -0.65    -745.9     54.89     -6.18    10.323     854027    0    0    0    0    0
2021 11  4  1 24    13.90    10.79    -0.31    -742.2     56.10     -7.96     9.825     829207    0    0    0    0    0
2021 11  4  1 25    13.70    11.20    -0.53    -741.5     55.30     -8.37     9.316     801077    0    0    0    0    0
2021 11  4  1 26    13.71    11.45    -0.94    -743.5     54.30     -8.62     9.316     808035    0    0    0    0    0
2021 11  4  1 27    15.73    10.30    -3.90    -746.0     58.44     -4.96     9.280     814993    0    0    0    0    0
2021 11  4  1 28    17.02     9.31    -5.74    -747.2     58.75     -2.73     9.628     804592    0    0    0    0    0
2021 11  4  1 29    16.94     9.09    -5.59    -746.1     53.60     -2.77     9.638     798118    0    0    0    0    0
2021 11  4  1 30    16.73     8.91    -5.14    -744.1     47.29     -3.11     9.487     782538    0    0    0    0    0
2021 11  4  1 31    16.53     8.76    -4.45    -742.6     40.52     -4.72     9.399     755138    0    0    0    0    0
2021 11  4  1 32    16.02     8.69    -3.96    -737.3     39.12     -7.84     8.614     675857    0    0    0    0    0
2021 11  4  1 33    14.94     8.69    -3.66    -727.0     44.11    -12.08     7.083     533228    0    0    0    0    0
2021 11  4  1 34    14.60     8.69    -3.64    -725.6     54.12     -5.10     7.006     526096    0    0    0    0    0
2021 11  4  1 35    14.58     8.06    -3.50    -726.7     50.06     -3.20    10.952     740160    0    0    0    0    0
2021 11  4  1 36    14.17     7.96    -5.16    -730.7     49.22     -5.98    11.093     765344    0    0    0    0    0
2021 11  4  1 37    14.08     8.22    -4.28    -732.5     51.18    -13.86    11.192     752097    0    0    0    0    0
2021 11  4  1 38    13.54     9.84    -3.90    -733.3     45.68    -22.81    11.982     677808    0    0    0    0    0
2021 11  4  1 39    13.20    10.96    -1.67    -732.5     42.64    -25.61    13.281     666500    0    0    0    0    0
2021 11  4  1 40    13.28    12.64     0.86    -732.3     39.77    -28.42    14.165     659272    0    0    0    0    0
2021 11  4  1 41    13.05    13.24     1.00    -732.1     38.16    -31.40    14.165     659272    0    0    0    0    0
2021 11  4  1 42    11.89    13.77     0.96    -732.1     39.41    -31.33    14.181     650649    0    0    0    0    0
2021 11  4  1 43    11.93    13.87     0.74    -732.3     46.50    -27.86    14.269     600825    0    0    0    0    0
2021 11  4  1 44    12.68    14.51     0.67    -734.3     48.87    -23.88    14.198     601852    0    0    0    0    0
2021 11  4  1 45    12.43    14.74     0.59    -734.9     48.40    -23.59    13.917     605791    0    0    0    0    0
2021 11  4  1 46    11.45    14.79     0.74    -734.5     46.03    -24.37    13.889     605791    0    0    0    0    0
2021 11  4  1 47    10.74    14.58     1.36    -733.2     44.52    -24.80    13.995     608314    0    0    0    0    0
2021 11  4  1 48    10.52    14.81     1.87    -732.7     44.64    -25.25    14.477     619782    0    0    0    0    0
2021 11  4  1 49    11.63    14.49     2.25    -732.2     45.32    -25.54    14.477     616966    0    0    0    0    0
2021 11  4  1 50    11.51    14.48     1.72    -731.9     45.63    -26.93    14.473     600700    0    0    0    0    0
2021 11  4  1 51    10.80    14.21     2.87    -731.4     44.91    -26.64    14.469     601492    0    0    0    0    0
2021 11  4  1 52    11.29    14.37     3.82    -727.9     42.72    -26.60    14.623     607426    0    0    0    0    0
2021 11  4  1 53    11.49    15.56     4.32    -725.9     42.05    -24.54    14.799     607426    0    0    0    0    0
2021 11  4  1 54    11.52    15.32     4.41    -725.6     44.36    -23.37    14.878     537371    0    0    0    0    0
2021 11  4  1 55    11.38    14.83     4.74    -727.4     48.16    -20.18    15.022     477306    0    0    0    0    0
2021 11  4  1 56    11.36    14.75     4.03    -727.1     52.39    -19.75    15.076     464126    0    0    0    0    0
2021 11  4  1 57    11.51    14.98     4.02    -726.5     53.28    -21.85    15.168     463919    0    0    0    0    0
2021 11  4  1 58    11.49    14.99     5.83    -728.6     53.50    -22.74    15.136     463886    0    0    0    0    0
2021 11  4  1 59    10.88    15.27     5.73    -729.3     47.35    -22.77    13.033     462012    0    0    0    0    0
2021 11  4  2  0     9.29    15.75     3.89    -730.3     47.53    -22.62    12.902     462012    0    0    0    0    0
2021 11  4  2  1     9.11    16.79     3.43    -730.5     47.37    -22.44    12.916     467584    0    0    0    0    0
2021 11  4  2  2     8.66    18.03     2.69    -731.3     46.99    -20.48    13.093     528768    0    0    0    0    0
2021 11  4  2  3     8.60    17.13     2.45    -732.5     46.80    -18.13    13.352     544154    0    0    0    0    0
2021 11  4  2  4     8.48    17.13     1.11    -732.4     46.40    -17.94    13.349     543269    0    0    0    0    0
2021 11  4  2  5     8.96    17.11     1.31    -732.7     46.32    -18.01    13.336     537743    0    0    0    0    0
2021 11  4  2  6     9.38    16.99     2.75    -732.8     45.89    -18.76    13.344     534702    0    0    0    0    0
2021 11  4  2  7     9.96    16.76     3.32    -733.7     45.91    -19.17    13.413     534702    0    0    0    0    0
2021 11  4  2  8    10.34    16.71     3.94    -735.6     46.64    -19.15    13.541     521119    0    0    0    0    0
2021 11  4  2  9    10.72    16.48     4.70    -734.2     48.55    -19.98    13.553     480369    0    0    0    0    0
2021 11  4  2 10    10.17    16.17     5.84    -730.5     48.32    -20.47    13.553     482048    0    0    0    0    0
2021 11  4  2 11     9.94    16.31     6.29    -729.5     47.40    -22.37    13.527     504803    0    0    0    0    0
2021 11  4  2 12    10.16    16.60     6.99    -733.2     46.05    -25.92    13.144     621704    0    0    0    0    0
2021 11  4  2 13     9.96    16.63     7.17    -735.0     46.02    -25.66    13.200     637343    0    0    0    0    0
2021 11  4  2 14     9.40    16.04     7.55    -733.6     46.50    -24.08    13.379     636574    0    0    0    0    0
2021 11  4  2 15    10.08    13.37     7.48    -732.0     48.04    -23.18    13.364     630749    0    0    0    0    0
2021 11  4  2 16    10.07    12.56     7.61    -730.6     49.86    -22.54    13.275     614926    0    0    0    0    0
2021 11  4  2 17     9.97    12.78     8.92    -728.2     49.69    -21.81    13.243     610115    0    0    0    0    0
2021 11  4  2 18     8.48    13.38     8.89    -728.3     48.14    -19.25    13.126     599631    0    0    0    0    0
2021 11  4  2 19     8.34    14.78     7.16    -728.4     46.62    -17.23    13.007     596918    0    0    0    0    0
2021 11  4  2 20     8.19    14.97     6.75    -729.0     45.41    -17.16    13.007     597348    0    0    0    0    0
2021 11  4  2 21     7.36    15.08     4.94    -729.0     45.34    -17.02    13.002     610499    0    0    0    0    0
2021 11  4  2 22     7.20    15.07     4.47    -728.7     44.34    -17.10    12.848     630695    0    0    0    0    0
2021 11  4  2 23     6.72    14.80     4.41    -726.8     42.60    -18.24    12.848     638935    0    0    0    0    0
2021 11  4  2 24     6.89    14.94     4.41    -727.2     42.49    -18.40    13.066     639209    0    0    0    0    0
2021 11  4  2 25     8.39    15.10     4.84    -729.0     45.43    -17.44    13.070     621202    0    0    0    0    0
2021 11  4  2 26     9.11    14.90     5.46    -735.8     47.01    -16.86    12.940     612329    0    0    0    0    0
2021 11  4  2 27     9.25    14.32     6.04    -735.0     48.08    -16.73    12.573     610215    0    0    0    0    0
2021 11  4  2 28     9.43    14.17     6.13    -733.6     48.11    -16.89    12.573     611247    0    0    0    0    0
2021 11  4  2 29     9.51    13.49     5.92    -731.2     48.30    -17.02    12.542     615965    0    0    0    0    0
2021 11  4  2 30     9.46    13.38     6.08    -730.7     49.90    -16.86    12.296     618495    0    0    0    0    0
2021 11  4  2 31     8.78    12.83     7.60    -730.7     50.18    -16.24    12.202     631496    0    0    0    0    0
2021 11  4  2 32     8.57    12.55     7.69    -730.4     49.58    -16.70    12.057     643198    0    0    0    0    0
2021 11  4  2 33     8.99    12.50     8.18    -733.3     44.85    -18.38    11.461     646881    0    0    0    0    0
2021 11  4  2 34     9.34    11.56     8.32    -732.2     44.98    -18.56    11.422     666072    0    1    1    1    1
2021 11  4  2 35     9.30    11.54     7.00    -731.6     45.29    -18.30    11.493     686178    0    1    1    2    2
2021 11  4  2 36     8.76    12.40     6.21    -731.9     45.84    -18.58    11.567     707229    0    1    1    2    2
2021 11  4  2 37     9.03    12.53     6.15    -732.8     46.60    -18.98    11.641     725034    0    1    1    1    1
2021 11  4  2 38     9.13    12.49     6.15    -732.7     46.61    -19.15    11.662     721001    0    0    0    0    0
2021 11  4  2 39     9.10    12.62     6.09    -730.2     45.11    -18.33    11.426     698382    0    0    0    0    0
2021 11  4  2 40     9.09    14.24     5.37    -726.3     43.27    -17.20    11.167     693158    0    0    0    0    0
2021 11  4  2 41     8.83    14.63     4.78    -724.8     41.80    -17.11    11.154     692897    0    0    0    0    0
2021 11  4  2 42     8.22    14.66     4.48    -723.9     40.17    -17.86    11.285     692897    0    0    0    0    0
2021 11  4  2 43     7.28    14.61     3.53    -721.9     38.83    -18.03    11.304     665610    0    0    0    0    0
2021 11  4  2 44     6.97    14.79     2.57    -722.0     38.55    -16.47    11.169     654846    0    0    0    0    0
2021 11  4  2 45     7.05    15.32     1.39    -722.8     38.88    -15.95    11.137     649898    0    0    0    0    0
2021 11  4  2 46     7.40    16.07     1.64    -722.9     43.37    -16.53    11.414     638942    0    0    0    0    0
2021 11  4  2 47     7.46    16.20     1.80    -721.5     47.72     -2.01    11.469     636915    0    0    0    0    0
2021 11  4  2 48     6.47    15.93     1.81    -720.4     48.62      1.78    11.467     643698    0    0    0    0    0
2021 11  4  2 49     5.60    15.84     1.80    -718.0     49.19      1.70    11.457     645863    0    0    0    0    0
2021 11  4  2 50     5.30    15.56     2.05    -717.4     49.56      1.81    11.443     629147    0    0    0    0    0
2021 11  4  2 51     5.95    15.28     2.22    -718.6     49.60      1.91    11.413     615307    0    0    0    0    0
2021 11  4  2 52     6.24    14.97     2.10    -719.2     49.11      2.46    11.303     613038    0    0    0    0    0
2021 11  4  2 53     6.46    14.79     1.57    -719.1     48.33      2.75    11.263     613324    0    0    0    0    0
2021 11  4  2 54     6.55    14.75     1.36    -719.6     46.76      2.76    11.637     661554    0    0    0    0    0
2021 11  4  2 55     5.90    15.19     1.82    -717.1     42.49     -8.13    11.789     705773    0    0    0    0    0
2021 11  4  2 56     5.67    14.93     2.09    -714.7     40.81    -15.09    11.868     720127    0    0    0    0    0
2021 11  4  2 57     5.98    14.75     2.27    -713.1     41.36    -16.02    11.924     686968    0    0    0    0    0
2021 11  4  2 58     6.25    15.46     2.44    -712.8     43.44    -15.93    11.987     645821    0    0    0    0    0
2021 11  4  2 59     6.30    15.98     1.21    -712.8     45.12    -15.81    12.205     636486    0    0    0    0    0
2021 11  4  3  0     6.32    16.16    -0.35    -711.8     44.97    -15.03    12.458     640899    0    0    0    0    0
2021 11  4  3  1     6.30    16.65    -0.68    -710.9     44.84    -13.56    12.611     650189    0    0    0    0    0
2021 11  4  3  2     5.90    17.13    -0.68    -710.5     44.50    -13.02    12.668     656581    0    0    0    0    0
2021 11  4  3  3     5.40    17.29    -0.65    -710.2     45.03    -13.01    12.668     657805    0    0    0    0    0
2021 11  4  3  4     5.58    16.88    -0.76    -710.9     45.81    -13.08    12.707     643946    0    0    0    0    0
2021 11  4  3  5     6.16    16.04    -1.61    -712.8     44.89    -13.57    12.759     625466    0    0    0    0    0
2021 11  4  3  6     6.61    15.92    -2.38    -714.4     42.41    -14.09    12.605     627216    0    0    0    0    0
2021 11  4  3  7     6.79    16.07    -2.62    -715.8     39.72    -14.16    12.192     629161    0    0    0    0    0
2021 11  4  3  8     6.48    16.03    -2.40    -716.2     36.92    -13.30    11.706     629514    0    0    0    0    0
2021 11  4  3  9     6.22    15.85    -2.03    -715.2     35.75    -12.33    11.128     617376    0    0    0    0    0
2021 11  4  3 10     6.17    15.90    -1.67    -713.9     35.86    -11.96    10.784     600509    0    0    0    0    0
2021 11  4  3 11     6.10    16.16    -0.92    -712.5     34.97     -7.41    10.591     586750    0    0    0    0    0
2021 11  4  3 12     6.02    16.19    -0.36    -711.8     31.38     -1.52    10.390     579366    0    0    0    0    0
2021 11  4  3 13     6.01    15.69    -0.38    -712.0     26.29     -0.10    10.384     600011    0    0    0    0    0
2021 11  4  3 14     6.14    15.25     0.66    -711.9     23.00      0.05    10.469     651077    0    0    0    0    0
2021 11  4  3 15     6.32    15.08     1.82    -711.9     25.79     -0.45    10.506     683453    0    0    0    0    0
2021 11  4  3 16     6.37    14.84     1.38    -712.2     36.54     -1.10    10.443     682707    0    0    0    0    0
2021 11  4  3 17     6.68    14.30     0.31    -713.5     42.94     -1.21    10.015     681854    0    0    0    0    0
2021 11  4  3 18     6.96    14.01    -0.42    -714.6     41.90      0.17     9.675     684073    0    0    0    0    0
2021 11  4  3 19     5.93    14.20     1.54    -714.2     31.79      1.46     9.669     698089    0    0    0    0    0
2021 11  4  3 20     5.06    14.34     3.39    -714.5     24.37     -0.01     9.803     734030    0    0    0    0    0
2021 11  4  3 21     5.36    14.64     3.56    -716.1     26.10     -1.67     9.955     759419    0    0    0    0    0
2021 11  4  3 22     5.76    14.82     3.96    -716.6     26.79     -2.29    10.027     762418    0    0    0    0    0
2021 11  4  3 23     6.28    14.31     4.46    -716.0     26.94     -2.60    10.069     761643    0    0    0    0    0
2021 11  4  3 24     6.58    13.84     5.59    -715.1     27.25     -2.41    10.065     756101    0    1    1    1    1
2021 11  4  3 25     6.44    13.98     7.04    -714.2     28.26     -2.21    10.040     747551    0    1    1    2    2
2021 11  4  3 26     6.00    14.74     6.68    -715.2     29.15     -2.20    10.013     738372    0    1    1    2    2
2021 11  4  3 27     6.02    14.78     5.72    -716.1     28.94     -4.30     9.987     729335    0    1    1    1    1
2021 11  4  3 28     5.87    14.37     5.54    -715.2     26.55     -7.30     9.782     661148    0    0    0    0    0
2021 11  4  3 29     5.90    14.23     5.60    -713.1     24.98     -9.32     9.460     612610    0    0    0    0    0
2021 11  4  3 30     5.97    14.34     5.26    -709.6     24.77    -10.73     9.159     631821    0    0    0    0    0
2021 11  4  3 31     5.50    14.58     4.28    -705.6     26.32    -14.69     8.957     673184    0    0    0    0    0
2021 11  4  3 32     4.67    14.66     3.31    -703.0     32.17    -23.30     8.957     705005    0    0    0    0    0
2021 11  4  3 33     2.58    14.68     3.41    -701.5     30.68    -19.60     9.018     708910    0    0    0    0    0
2021 11  4  3 34     2.27    14.84     3.56    -701.9     28.40    -12.14     9.619     724561    0    0    0    0    0
2021 11  4  3 35     2.14    15.04     3.01    -700.5     27.60    -13.61    10.108     725771    0    0    0    0    1
2021 11  4  3 36     3.23    14.63     3.86    -701.2     27.38    -15.70    10.152     744061    0    0    0    0    2
2021 11  4  3 37     3.62    14.57     4.03    -703.4     27.85    -15.75    10.071     761206    0    0    0    0    1
2021 11  4  3 38     1.82    14.51     3.64    -699.9     28.33    -15.74     9.652     766128    0    0    0    0    0
2021 11  4  3 39     1.82    14.62     2.55    -693.0     29.07    -15.76     9.638     766128    0    0    0    0    0
2021 11  4  3 40     0.60    15.42     1.78    -692.2     29.95    -17.69     9.634     757431    0    0    0    0    1
2021 11  4  3 41     0.44    16.21     2.42    -693.6     30.65    -20.47     9.635     745463    0    0    0    0    2
2021 11  4  3 42     1.27    16.51     3.17    -695.0     32.07    -23.21     9.636     733712    0    0    0    0    2
2021 11  4  3 43     1.67    17.14     3.37    -695.4     33.31    -23.79     9.621     722168    0    0    0    0    2
2021 11  4  3 44     1.71    17.66     2.90    -694.0     33.21    -20.08     9.555     711445    0    0    0    0    2
2021 11  4  3 45     1.71    18.04     1.79    -693.9     31.61    -18.81     9.522     700092    0    0    0    0    2
2021 11  4  3 46     2.15    18.09     0.35    -694.7     31.10    -18.48     9.518     688408    0    0    0    0    2
2021 11  4  3 47     2.40    17.74    -0.59    -696.8     29.16    -18.80     9.992     676329    0    0    0    0    2
2021 11  4  3 48     2.18    17.40    -0.84    -697.0     28.00    -16.19    10.054     664950    0    0    0    0    2
2021 11  4  3 49     0.57    17.37    -1.70    -694.8     26.03    -13.63    10.056     654437    0    0    0    0    2
2021 11  4  3 50    -0.02    17.37    -1.74    -694.2     25.68    -12.98     9.946     643399    0    0    0    0    2
2021 11  4  3 51    -0.09    17.47    -1.63    -693.9     25.65    -12.04     9.924     632104    0    0    0    0    2
2021 11  4  3 52     0.23    17.49    -1.67    -693.2     26.17     -9.46     9.795     621083    0    0    0    0    1
2021 11  4  3 53     0.91    17.44    -1.71    -689.8     27.27     -5.12     9.224     602876    0    0    0    0    0
2021 11  4  3 54     0.96    17.83    -1.53    -687.5     28.62     -2.26     8.578     582168    0    0    0    0    1
2021 11  4  3 55     0.72    18.28    -1.30    -688.3     29.24     -1.57     8.230     559712    0    0    0    0    2
2021 11  4  3 56     0.60    18.41    -1.30    -689.1     28.88     -1.62     8.179     537326    0    0    0    0    2
2021 11  4  3 57     0.47    18.46    -1.37    -688.5     38.35     -6.83     8.092     515944    0    0    0    0    2
2021 11  4  3 58     1.12    18.48    -1.25    -685.2     44.05     -9.06     7.391     496772    0    0    0    0    2
2021 11  4  3 59     1.39    18.49    -1.00    -679.9     44.01     -7.73     6.758     479282    0    0    0    0    2
2021 11  4  4  0     0.40    18.48    -0.75    -674.0     43.99     -6.41     6.764     463037    0    0    0    0    1
2021 11  4  4  1    -0.21    18.37    -0.67    -669.0     43.48     -5.38     6.823     451788    0    0    0    0    1
2021 11  4  4  2    -0.74    18.19    -0.15    -665.7     43.33     -5.07     7.209     450288    0    0    0    0    0
2021 11  4  4  3    -1.59    18.05     0.66    -662.6     42.18     -5.07     7.536     455447    0    0    0    0    0
2021 11  4  4  4    -2.38    18.05     1.14    -661.0     40.88     -5.91     7.649     466770    0    0    0    0    0
2021 11  4  4  5    -2.03    18.25     1.23    -664.1     39.79     -6.68     7.649     478745    0    0    0    0    0
2021 11  4  4  6    -1.37    18.50     0.68    -668.7     38.71    -13.49     7.765     481337    0    0    0    0    0
2021 11  4  4  7    -0.68    18.69     0.81    -669.3     37.69    -14.40     7.780     475722    0    0    0    0    0
2021 11  4  4  8    -0.51    18.72     0.80    -669.0     36.44    -14.42     7.677     475098    0    0    0    0    0
2021 11  4  4  9    -0.55    18.74     0.96    -669.9     35.11    -14.51     7.615     476263    0    0    0    0    0
2021 11  4  4 10    -0.30    18.75     0.96    -663.3     33.71    -13.04     7.577     481544    0    0    0    0    1
2021 11  4  4 11    -0.27    18.70     0.45    -660.0     32.28    -14.45     7.132     488295    0    0    0    0    2
2021 11  4  4 12    -0.52    18.58     0.02    -660.2     30.53    -17.96     6.758     496155    0    0    0    0    2
2021 11  4  4 13    -0.87    18.52    -0.20    -662.2     28.38    -20.35     6.840     504570    0    0    0    0    2
2021 11  4  4 14    -1.30    18.50     0.45    -665.1     26.20    -20.99     7.109     513280    0    0    0    0    2
2021 11  4  4 15    -1.33    18.28    -0.09    -665.7     24.24    -20.50     7.187     521271    0    0    0    0    2
2021 11  4  4 16    -1.05    18.22    -1.23    -664.5     22.39    -24.59     6.803     528688    0    0    0    0    2
2021 11  4  4 17    -1.14    18.29    -2.24    -663.1     20.56    -30.98     6.625     535990    0    0    0    0    2
2021 11  4  4 18    -1.50    18.35    -1.62    -662.7     19.47    -37.91     6.610     543685    0    0    0    0    1
2021 11  4  4 19    -1.70    18.39     0.55    -662.9     18.82    -49.55     7.023     549348    0    0    0    0    0
2021 11  4  4 20    -1.59    18.39     2.21    -663.2     18.04    -60.11     7.246     553969    0    0    0    0    1
2021 11  4  4 21    -0.72    18.38     3.28    -664.8     17.17    -62.99     7.179     558912    0    0    0    0    2
2021 11  4  4 22     0.06    18.41     3.57    -665.9     15.38    -59.85     7.154     563773    0    0    0    0    2
2021 11  4  4 23    -0.80    18.44     3.36    -668.2     10.97    -48.24     7.154     568773    0    0    0    0    2
2021 11  4  4 24    -0.55    18.59     2.84    -668.5      5.87    -40.84     6.968     573465    0    0    0    0    2
2021 11  4  4 25    -0.23    18.74     2.90    -670.5      0.22    -40.00     6.940     578466    0    0    0    0    2
2021 11  4  4 26     0.79    18.84     2.12    -681.8     -1.13    -36.10     6.877     585094    0    0    0    0    2
2021 11  4  4 27     1.26    18.89     0.65    -684.8     -1.14    -24.14     6.772     590245    0    0    0    0    2
2021 11  4  4 28     1.52    18.83    -0.22    -682.0     -0.29    -11.63     6.696     594404    0    0    0    0    2
2021 11  4  4 29     1.96    18.64    -0.11    -680.2      1.07     -0.76     6.574     598723    0    0    0    0    2
2021 11  4  4 30     2.16    18.39     0.56    -676.0      0.41     -3.15     6.488     602646    0    0    0    0    2
2021 11  4  4 31     1.68    18.12     0.45    -676.7     -2.96    -15.48     5.962     607439    0    0    0    0    2
2021 11  4  4 32     1.57    17.53     0.58    -685.1     -2.97    -13.19     5.640     613532    0    0    0    0    2
2021 11  4  4 33     1.49    16.55    -0.72    -686.8     -3.24    -10.83     6.236     618433    0    0    0    0    2
2021 11  4  4 34     1.71    15.82    -1.27    -688.0     -3.44    -10.72     6.753     623257    0    0    0    0    2
2021 11  4  4 35     1.97    15.79    -0.94    -688.7     -3.44    -14.27     6.830     628014    0    0    0    0    2
2021 11  4  4 36     2.27    15.74    -0.58    -690.1     -7.06    -16.78     6.881     632917    0    0    0    0    2
2021 11  4  4 37     3.01    15.73    -0.47    -694.7     -8.68    -22.80     6.906     638336    0    0    0    0    2
2021 11  4  4 38     3.74    15.80     0.18    -695.3     -7.98    -24.29     6.958     643080    0    0    0    0    1
2021 11  4  4 39     3.60    15.81    -0.49    -694.7     -6.26    -24.38     7.622     649672    0    0    0    0    0
2021 11  4  4 40     2.49    15.81    -0.49    -689.4     -4.71    -19.89     7.854     655515    0    0    0    0    1
2021 11  4  4 41     1.95    15.75    -0.42    -686.7     -1.77    -14.21     7.915     662091    0    0    0    0    2
2021 11  4  4 42     2.40    15.72    -0.40    -689.2     -0.02    -11.63     7.426     669996    0    0    0    0    2
2021 11  4  4 43     2.68    15.62    -1.08    -690.5     -1.09    -11.66     7.168     677603    0    0    0    0    2
2021 11  4  4 44     2.92    15.49    -2.01    -693.6     -6.16     -9.75     7.255     685772    0    0    0    0    2
2021 11  4  4 45     3.31    15.37    -2.24    -694.3     -7.16     -2.26     7.799     693236    0    0    0    0    2
2021 11  4  4 46     3.43    15.15    -3.64    -692.5     -2.28      5.51     7.892     700032    0    0    0    0    2
2021 11  4  4 47     3.44    14.71    -4.26    -690.0     -0.54      8.16     7.836     706590    0    0    0    0    2
2021 11  4  4 48     4.30    14.66    -4.43    -688.6      0.02      9.36     7.484     708869    0    0    0    0    1
2021 11  4  4 49     4.85    14.67    -4.49    -689.7      6.41     13.80     7.300     713803    0    0    0    0    0
2021 11  4  4 50     5.21    14.42    -4.86    -690.8     13.48     20.63     7.397     743023    0    0    0    0    0
2021 11  4  4 51     5.62    14.29    -5.58    -690.5     15.16     26.09     7.436     798810    0    0    0    0    0
2021 11  4  4 52     5.74    14.28    -5.85    -690.1     13.54     27.51     7.013     817608    0    0    0    0    0
2021 11  4  4 53     5.81    14.55    -6.35    -689.3     16.62     26.48     6.325     808056    0    0    0    0    1
2021 11  4  4 54     5.94    14.36    -6.66    -689.0     22.23     25.94     5.983     793774    0    0    0    0    2
2021 11  4  4 55     6.15    13.45    -7.11    -692.6     28.16     27.80     5.936     777452    0    0    0    0    2
2021 11  4  4 56     6.15    13.04    -7.74    -693.1     31.71     28.31     6.116     774274    0    0    0    0    1
2021 11  4  4 57     5.78    12.93    -7.68    -690.2     32.93     27.24     6.714     795681    0    0    0    0    0
2021 11  4  4 58     5.61    13.29    -7.43    -688.1     33.57     23.89     7.021     805047    0    0    0    0    0
2021 11  4  4 59     5.55    13.38    -7.29    -687.5     34.16     22.09     7.061     805047    0    0    0    0    0
2021 11  4  5  0     5.58    13.14    -7.66    -689.1     34.75     22.85     6.905     817333    0    0    0    0    0
2021 11  4  5  1     6.85    12.02    -8.45    -690.6     37.62     23.24     6.579     823817    0    0    0    0    0
2021 11  4  5  2     7.37    10.92    -9.90    -694.7     59.23     22.44     5.272     637723    0    0    0    0    0
2021 11  4  5  3     6.79     9.71   -10.66    -697.4     66.64     30.40     5.076     607428    0    0    0    0    0
2021 11  4  5  4     6.76     9.18   -10.68    -697.7     50.10     31.67     5.247     670320    0    0    0    0    0
2021 11  4  5  5     6.99     8.41   -10.85    -696.4     57.32     23.29     5.373     690667    0    0    0    0    0
2021 11  4  5  6     7.64     5.62   -11.51    -696.0     64.80     17.63     5.383     692231    0    0    0    0    0
2021 11  4  5  7     7.88     5.54   -12.53    -695.9     71.85     11.07     5.158     703071    0    0    0    0    0
2021 11  4  5  8     8.25     5.26   -12.69    -691.7     77.34      7.90     5.133     704275    0    0    0    0    0
2021 11  4  5  9     8.37     3.86   -12.74    -689.0     79.94      6.55     5.213     704275    0    0    0    0    0
2021 11  4  5 10     8.42     2.25   -12.87    -688.3     80.84      5.11     6.429     674511    0    0    0    0    0
2021 11  4  5 11     8.46     1.52   -12.25    -688.6     80.00      3.89     7.215     656009    0    0    0    0    0
2021 11  4  5 12     8.43     1.49   -12.15    -691.6     77.52      4.83     7.316     665942    0    0    0    0    0
2021 11  4  5 13     8.13     0.86   -12.38    -704.4     96.33     10.76     7.579     719362    0    0    0    0    0
2021 11  4  5 14     9.19     2.43   -12.07    -707.7    113.26     15.05     7.398     717944    0    0    0    0    0
2021 11  4  5 15     9.48     2.40   -11.45    -703.2    115.23     18.45     7.010     714908    0    0    0    0    0
2021 11  4  5 16     9.64     2.31   -11.39    -693.1     89.10     21.18     7.010     714908    0    0    0    0    0
2021 11  4  5 17     8.66     2.32   -11.25    -689.0     81.80     17.08     7.036     714908    0    0    0    0    0
2021 11  4  5 18     7.84     3.22   -10.45    -687.1     83.07     15.28     7.098     708604    0    0    0    0    0
2021 11  4  5 19     6.75     6.30    -9.43    -681.3     84.06     16.75     7.132     698429    0    0    0    0    0
2021 11  4  5 20     5.10    10.56    -8.57    -672.7     84.90     18.09     7.102     684702    0    0    0    0    0
2021 11  4  5 21     3.43    10.93    -8.45    -665.6     85.82     15.30     6.510     606959    0    0    0    0    0
2021 11  4  5 22     1.74    11.10    -5.55    -660.2     84.34     10.37     6.303     565839    0    0    0    0    0
2021 11  4  5 23     0.42    10.95    -0.12    -657.7     80.07      3.26     6.521     554069    0    0    0    0    0
2021 11  4  5 24    -0.56     9.66     4.83    -658.2     73.85     -4.80     6.866     579238    0    0    0    0    0
2021 11  4  5 25    -1.58     8.75     6.30    -660.9     67.70    -13.99     6.947     608278    0    0    0    0    0
2021 11  4  5 26    -1.87     9.44     5.26    -662.7     64.15    -25.62     6.947     569825    0    0    0    0    0
2021 11  4  5 27    -2.50     9.61     3.97    -661.3     63.04    -31.79     7.195     548000    0    0    0    0    0
2021 11  4  5 28    -3.30     9.87     3.59    -658.1     62.19    -34.66     7.631     563793    0    0    0    0    0
2021 11  4  5 29    -3.68    10.63     3.86    -655.7     60.87    -36.43     8.100     614735    0    0    0    0    0
2021 11  4  5 30    -2.87    11.38     3.18    -657.4     59.43    -33.53     8.382     670330    0    0    0    0    0
2021 11  4  5 31     6.18     8.18    -8.48    -704.9     55.64    -18.39     7.955     642595    0    0    0    0    1
2021 11  4  5 32     7.78     7.74    -8.39    -712.1     63.75      1.59     8.333     653618    0    0    0    0    0
2021 11  4  5 33     8.13     4.22   -10.31    -721.2     76.58     22.08     8.541     666337    0    0    0    0    0
2021 11  4  5 34     9.08     2.43   -10.59    -722.8     67.10     22.06     8.479     598771    0    0    0    0    0
2021 11  4  5 35     9.32     5.30   -10.30    -723.1     59.58     23.78     8.498     585833    0    0    0    0    0
2021 11  4  5 36     9.46     5.75   -10.27    -723.2     58.58     24.07     8.501     615452    0    0    0    0    0
2021 11  4  5 37     9.16     3.02   -10.16    -730.1     68.33     28.65     8.753     705130    0    0    0    0    0
2021 11  4  5 38     8.56     3.02   -10.67    -727.9     68.32     35.42     8.753     705130    0    0    0    0    0
2021 11  4  5 39     7.59     4.81   -10.27    -723.8     61.72     43.99     8.857     662484    0    0    0    0    0
2021 11  4  5 40     6.57     5.31   -10.78    -716.1     60.14     45.26     8.877     656087    0    0    0    0    0
2021 11  4  5 41     5.80     5.45   -10.89    -710.3     59.40     44.37     8.774     656087    0    0    0    0    0
2021 11  4  5 42     5.50     5.60   -10.44    -708.8     57.04     42.69     8.605     648403    0    0    0    0    0
2021 11  4  5 43     5.68     6.36   -10.19    -709.3     53.37     41.39     8.638     633246    0    0    0    0    0
2021 11  4  5 44     5.96     7.16   -10.23    -707.3     52.65     40.47     8.753     629970    0    0    0    0    0
2021 11  4  5 45     5.80     7.10   -10.55    -703.8     53.33     40.19     8.643     617304    0    0    0    0    0
2021 11  4  5 46     4.92     6.82   -10.08    -697.2     56.24     39.06     8.166     573546    0    0    0    0    0
2021 11  4  5 47     4.86     6.94    -9.80    -690.6     56.42     38.67     8.052     533574    0    0    0    0    0
2021 11  4  5 48     4.59     7.77    -9.70    -687.9     55.25     35.82     8.147     504746    0    0    0    0    0
2021 11  4  5 49     3.24     8.29    -9.75    -688.9     50.09     30.18     8.456     495919    0    0    0    0    0
2021 11  4  5 50     2.52     8.54    -9.89    -696.7     47.65     28.01     8.597     522423    0    0    0    0    0
2021 11  4  5 51     5.99     7.70   -10.16    -709.3     51.32     42.67     8.294     539715    0    0    0    0    0
2021 11  4  5 52     6.30     7.11   -10.71    -709.3     51.75     40.85     8.291     534851    0    0    0    0    0
2021 11  4  5 53     5.96     7.14   -10.79    -704.3     50.91     37.27     8.226     525074    0    0    0    0    0
2021 11  4  5 54     5.28     7.58   -10.32    -703.0     47.64     35.09     7.958     518746    0    0    0    0    0
2021 11  4  5 55     4.74     8.28   -10.19    -703.1     48.02     36.25     7.890     523729    0    0    0    0    0
2021 11  4  5 56     4.29     8.91   -10.16    -702.3     50.34     42.91     7.977     551966    0    0    0    0    0
2021 11  4  5 57     3.84     9.15   -10.33    -698.0     51.30     42.89     8.018     551966    0    0    0    0    0
2021 11  4  5 58     4.61     7.84   -10.40    -696.6     52.37     41.58     8.201     551966    0    0    0    0    0
2021 11  4  5 59     2.53     8.51   -10.48    -696.9     52.46     40.24     8.244     556381    0    0    0    0    0
2021 11  4  6  0     2.38     8.71   -10.42    -697.0     52.25     40.13     8.337     556702    0    0    0    0    0
2021 11  4  6  1     2.65     8.59   -10.48    -694.2     52.23     39.02     8.362     555859    0    0    0    0    1
2021 11  4  6  2     1.74     8.18   -11.18    -692.7     53.18     37.26     8.188     554909    0    0    0    0    1
2021 11  4  6  3     1.11     8.05   -11.46    -692.8     53.45     35.27     7.938     553899    0    0    0    0    1
2021 11  4  6  4     1.46     9.32   -10.36    -694.2     45.54     34.82     7.817     553677    0    0    0    0    1
2021 11  4  6  5     1.72     9.56   -10.14    -695.5     42.46     38.77     7.848     617174    0    0    0    0    0
2021 11  4  6  6     2.58     7.85   -11.93    -698.0     42.24     44.38     7.854     644727    0    0    0    0    0
2021 11  4  6  7     4.66     5.04   -12.14    -709.9     50.65     44.46     7.876     622902    0    0    0    0    0
2021 11  4  6  8     4.98     5.16   -11.97    -713.7     53.17     44.67     7.835     546498    0    0    0    0    0
2021 11  4  6  9     3.85     6.93   -11.92    -710.9     51.37     45.86     7.843     506300    0    0    0    0    0
2021 11  4  6 10     2.20     8.26   -11.81    -704.9     48.47     47.18     7.847     503031    0    0    0    0    1
2021 11  4  6 11     1.49     9.62   -10.55    -698.4     46.80     47.16     7.839     499877    0    0    0    0    1
2021 11  4  6 12     1.26     9.75   -10.53    -695.5     44.95     44.31     7.931     496213    0    0    0    0    1
2021 11  4  6 13     1.45    10.00   -10.98    -695.8     43.27     42.64     7.929     492047    0    0    0    0    1
2021 11  4  6 14     1.82     9.33   -11.41    -697.0     43.09     41.12     7.889     490061    0    0    0    0    1
2021 11  4  6 15     2.01     8.53   -11.57    -698.7     43.15     39.42     7.876     489974    0    0    0    0    0
2021 11  4  6 16     2.03     8.24   -11.57    -699.1     47.15     37.62     7.867     489688    0    0    0    0    0
2021 11  4  6 17     0.86     8.87   -11.62    -705.4     63.04     29.31     7.775     461772    0    0    0    0    0
2021 11  4  6 18     1.88     8.19   -12.73    -717.8     65.79     33.76     7.680     385325    0    0    0    0    0
2021 11  4  6 19     2.66     7.80   -13.19    -717.1     71.15     35.99     7.673     363883    0    0    0    0    0
2021 11  4  6 20     2.82     7.79   -13.01    -713.9     77.26     36.32     7.690     361339    0    0    0    0    0
2021 11  4  6 21     2.83     7.76   -12.86    -713.9     84.24     36.93     7.770     368140    0    0    0    0    1
2021 11  4  6 22     3.39     7.60   -12.86    -724.7     92.03     42.18     8.194     385337    0    0    0    0    1
2021 11  4  6 23     4.56     7.47   -12.76    -734.3     97.77     44.15     8.320     402918    0    0    0    0    0
2021 11  4  6 24     4.39     7.14   -12.63    -734.7    101.97     44.38     8.352     417345    0    0    0    0    0
2021 11  4  6 25     3.88     7.14   -12.42    -735.9    103.88     44.35     8.377     421047    0    0    0    0    0
2021 11  4  6 26     3.99     7.24   -12.44    -737.0    100.44     45.75     8.518     408594    0    0    0    0    0
2021 11  4  6 27     4.71     7.03   -12.53    -740.8    101.55     46.53     8.578     360701    0    0    0    0    0
2021 11  4  6 28     5.37     6.47   -12.61    -743.4    110.59     45.22     8.326     334893    0    0    0    0    0
2021 11  4  6 29     5.65     6.71   -12.37    -743.7    119.61     45.18     8.201     338073    0    0    0    0    0
2021 11  4  6 30     6.53     6.94   -12.09    -743.8    120.51     47.11     8.195     341048    0    0    0    0    0
2021 11  4  6 31     7.06     6.73   -11.90    -744.1    119.73     47.81     8.291     340956    0    0    0    0    0
2021 11  4  6 32     7.24     6.33   -11.74    -744.0    119.06     48.27     7.834     316476    0    0    0    0    0
2021 11  4  6 33     7.84     5.43   -12.09    -740.7    119.05     50.60     7.230     279672    0    0    0    0    0
2021 11  4  6 34     8.41     4.45   -12.61    -736.8    119.25     53.68     7.030     259764    0    0    0    0    0
2021 11  4  6 35     8.39     4.31   -12.44    -736.9    116.75     54.75     6.946     264649    0    0    0    0    0
2021 11  4  6 36     8.73     3.61   -12.03    -737.0    110.06     58.52     6.986     278178    0    0    0    0    0
2021 11  4  6 37     9.50     2.43   -12.04    -733.8    110.22     62.53     7.129     283264    0    0    0    0    0
2021 11  4  6 38     9.50     1.47   -12.22    -724.6    110.69     62.52     7.292     283264    0    0    0    0    0
2021 11  4  6 39     9.69     0.79   -12.56    -722.9    109.72     60.42     7.263     280896    0    0    0    0    0
2021 11  4  6 40     9.86     0.14   -12.63    -723.6    109.47     55.62     7.217     262249    0    0    0    0    0
2021 11  4  6 41    10.26    -1.30   -12.47    -729.6    121.59     51.84     6.679     259340    0    0    0    0    0
2021 11  4  6 42    10.04    -1.29   -12.43    -727.2    121.52     57.62     6.651     259340    0    0    0    0    0
2021 11  4  6 43     9.31    -0.98   -12.60    -723.1    121.29     61.85     6.625     259340    0    0    0    0    0
2021 11  4  6 44     8.84    -0.98   -13.08    -722.1    106.84     61.00     7.470     261139    0    0    0    0    0
2021 11  4  6 45     9.23    -1.25   -12.75    -714.4    100.58     61.52     8.234     261580    0    0    0    0    0
2021 11  4  6 46     9.71    -0.65   -12.03    -706.3     95.43     61.34     8.917     261580    0    0    0    0    0
2021 11  4  6 47     9.78     2.00   -11.06    -701.7     87.79     58.29     9.497     262097    0    0    0    0    0
2021 11  4  6 48     8.36     5.09   -11.11    -700.2     89.35     55.13     9.418     272487    0    0    0    0    0
2021 11  4  6 49     3.16     9.18    -7.64    -700.0     84.57     51.59     7.898     392560    0    0    0    0    0
2021 11  4  6 50    -5.21    11.87     3.33    -702.2     90.98     48.59     7.680     438872    0    0    0    0    0
2021 11  4  6 51    -6.00    13.67     3.60    -700.7     78.99     46.67     8.292     435093    0    0    0    0    0
2021 11  4  6 52    -6.08    14.89     3.62    -700.8     79.77     43.99     7.417     379397    0    0    0    0    0
2021 11  4  6 53    -7.07    15.04     4.76    -704.0     89.83     41.73     7.244     343799    0    0    0    0    0
2021 11  4  6 54    -7.79    15.49     5.62    -710.4     87.32     41.67     7.566     344819    0    0    0    0    0
2021 11  4  6 55    -9.09    16.24     2.41    -712.3     80.02     36.79     8.002     350245    0    0    0    0    0
2021 11  4  6 56    -7.57    16.31    -1.06    -711.7     75.82     35.97     8.458     363842    0    0    0    0    0
2021 11  4  6 57    -5.37    15.45    -4.94    -711.5     75.63     45.95     8.592     388166    0    0    0    0    0
2021 11  4  6 58    -4.47    14.70    -8.04    -711.6     74.90     55.44     8.597     406712    0    0    0    0    0
2021 11  4  6 59    -3.81    14.77    -8.38    -712.5     71.90     63.35     8.554     411895    0    0    0    0    0
2021 11  4  7  0    -2.34    14.99    -8.94    -709.1     68.76     67.10     8.222     419497    0    0    0    0    0
2021 11  4  7  1     0.47    15.31   -10.07    -701.5     67.53     67.62     7.617     428265    0    0    0    0    0
2021 11  4  7  2     2.84    14.93   -11.04    -691.9     67.88     67.17     7.480     428265    0    0    0    0    0
2021 11  4  7  3     4.52    14.71   -11.65    -685.4     67.62     64.71     7.471     399664    0    0    0    0    0
2021 11  4  7  4     5.33    14.27   -11.54    -684.6     58.26     60.94     7.685     355514    0    0    0    0    0
2021 11  4  7  5     5.79    13.42   -10.88    -690.2     48.55     56.61     8.108     337051    0    0    0    0    0
2021 11  4  7  6     7.25    13.21   -10.69    -692.6     52.32     53.08     8.742     337051    0    0    0    0    0
2021 11  4  7  7     7.95    14.57   -10.44    -690.1     53.40     50.61     9.307     348699    0    0    0    0    0
2021 11  4  7  8     7.11    14.26   -10.68    -687.7     51.83     53.51     9.572     353903    0    0    0    0    0
2021 11  4  7  9     6.03    13.33   -11.15    -689.0     50.82     56.73     9.567     356101    0    0    0    0    0
2021 11  4  7 10     7.14    13.12   -13.66    -694.6     52.49     62.42     9.504     357294    0    0    0    0    0
2021 11  4  7 11     8.00    13.11   -15.14    -695.3     55.39     68.58     9.097     357294    0    0    0    0    0
2021 11  4  7 12     9.05    10.01   -12.37    -694.9     46.81     74.01     9.299     350543    0    0    0    0    0
2021 11  4  7 13     9.48     7.72   -12.58    -694.8     43.78     78.84     9.225     321217    0    0    0    0    0
2021 11  4  7 14    11.55     7.38   -13.20    -698.2     33.52     69.30     9.023     282182    0    0    0    0    0
2021 11  4  7 15    11.84     6.04   -14.24    -699.0     35.38     65.50     8.533     281192    0    0    0    0    0
2021 11  4  7 16    13.21     3.76   -16.11    -697.2     35.86     62.34     8.389     280895    0    0    0    0    0
2021 11  4  7 17     8.73     3.08   -18.69    -695.9     33.79     59.12     8.288     254869    0    0    0    0    0
2021 11  4  7 18     8.39     1.49   -18.78    -695.5     25.15     53.79     8.101     252131    0    0    0    0    0
2021 11  4  7 19     9.21     2.35   -18.57    -694.6     24.37     50.84     8.486     265602    0    0    0    0    0
2021 11  4  7 20     9.25     5.28   -18.33    -693.3     21.64     48.52     8.750     267890    0    0    0    0    0
2021 11  4  7 21     8.68     8.55   -17.96    -692.4     18.31     45.85     8.675     249914    0    0    0    0    0
2021 11  4  7 22     9.44    10.81   -17.16    -692.1     16.74     42.58     8.681     244672    0    0    0    0    0
2021 11  4  7 23     9.07    12.43   -16.61    -689.6     16.50     39.01     8.602     244672    0    0    0    0    0
2021 11  4  7 24     8.74    13.36   -16.47    -686.8     24.32     35.00     8.028     179012    0    0    0    0    0
2021 11  4  7 25     8.61    13.66   -16.50    -684.2     32.03     44.82     7.609     137523    0    0    0    0    0
2021 11  4  7 26     8.41    13.73   -16.61    -681.9     31.43     54.74     7.405     137489    0    1    1    1    1
2021 11  4  7 27     8.14    14.10   -16.58    -679.6     25.45     46.69     6.922     114620    0    1    2    2    1
2021 11  4  7 28     7.67    14.93   -16.20    -676.1     19.74     39.00     6.376      95123    0    1    1    1    1
2021 11  4  7 29     7.18    15.73   -15.77    -674.1     14.79     30.94     5.775      85910    0    0    0    1    1
2021 11  4  7 30     6.27    17.24   -14.43    -674.0     21.27     23.54     4.929      76543    0    0    0    1    1
2021 11  4  7 31     5.19    17.78   -14.24    -673.7     29.66     23.52     4.598      67710    0    0    0    1    1
2021 11  4  7 32     5.23    17.58   -14.21    -672.3     35.89     23.46     4.358      60500    0    0    0    1    1
2021 11  4  7 33     5.74    17.41   -14.52    -674.2     35.88     20.32     4.208      59433    0    0    0    0    0
2021 11  4  7 34     5.51    17.56   -14.85    -674.1     35.83     15.13     4.048      59116    0    0    0    0    0
2021 11  4  7 35     5.52    17.33   -14.91    -673.3     35.34     15.03     4.098      59673    0    1    1    1    1
2021 11  4  7 36     5.60    17.21   -13.29    -674.4     35.30     14.44     4.392      61435    0    1    2    1    1
2021 11  4  7 37     5.48    17.09   -13.17    -674.6     35.26     13.88     4.694      64709    0    1    2    1    1
2021 11  4  7 38     5.90    16.76   -12.59    -676.5     35.24     13.27     4.444      71975    0    1    1    1    1
2021 11  4  7 39     5.75    17.12   -13.70    -678.6     32.45     12.44     4.898      79845    0    0    0    0    0
2021 11  4  7 40     6.07    16.08   -15.21    -684.6     24.54     11.35     5.702      88661    0    0    0    0    0
2021 11  4  7 41     7.64    13.47   -14.66    -690.5     25.46     12.17     5.985     102889    0    0    0    0    0
2021 11  4  7 42     7.95    12.17   -14.68    -689.6     26.57     21.12     6.808     103955    0    0    0    0    0
2021 11  4  7 43     9.70    11.11   -15.38    -689.2     30.88     27.13     7.700     102443    0    0    0    0    0
2021 11  4  7 44    13.11     8.73   -15.70    -701.4     39.36     40.76     8.675     100281    0    0    0    0    0
2021 11  4  7 45    14.47     5.60   -16.60    -700.8     43.94     49.62     8.963      94602    0    0    0    0    0
2021 11  4  7 46    14.68     4.77   -16.77    -694.5     47.10     54.89     9.091      89471    0    0    0    0    0
2021 11  4  7 47    14.73     4.52   -16.85    -689.9     50.79     59.73     8.940      84025    0    0    0    0    0
2021 11  4  7 48    15.05     3.95   -17.05    -688.4     49.73     61.27     8.158      77758    0    0    0    0    0
2021 11  4  7 49    16.00     2.21   -17.37    -689.8     51.93     59.44     7.165      69938    0    0    0    0    0
2021 11  4  7 50    17.08    -0.56   -17.05    -694.2     62.73     56.60     6.835      60235    0    0    0    0    0
2021 11  4  7 51    17.86    -2.23   -15.91    -702.5     71.92     49.69     6.709      54226    0    0    0    0    0
2021 11  4  7 52    18.24    -3.94   -13.95    -705.0     82.52     45.15     6.978      49427    0    0    0    0    0
2021 11  4  7 53    18.33    -4.51   -13.87    -703.3     87.41     41.76     6.990      44805    0    0    0    0    0
2021 11  4  7 54    18.31    -4.93   -13.86    -700.5     88.73     36.99     6.810      41146    0    0    0    0    0
2021 11  4  7 55    18.21    -4.98   -13.92    -700.0     92.54     34.28     6.701      31835    0    0    0    0    0
2021 11  4  7 56    17.87    -5.07   -13.76    -699.6     95.24     34.02     6.500      31835    0    0    0    0    0
2021 11  4  7 57    17.77    -5.19   -13.92    -697.8     95.94     33.84     6.469      31835    0    0    0    0    0
2021 11  4  7 58    17.34    -5.24   -14.27    -697.7     96.31     34.69     5.975      49546    0    0    0    0    0
2021 11  4  7 59    16.98    -5.97   -14.79    -698.8     96.93     37.69     5.432      67286    0    0    0    0    0
2021 11  4  8  0    16.83    -5.72   -14.79    -698.3     98.60     36.99     4.910      57250    0    0    0    0    0
2021 11  4  8  1    16.87    -5.64   -14.45    -697.5     98.87     34.92     4.399      59572    0    0    0    0    0
2021 11  4  8  2    16.90    -5.52   -14.14    -694.9     99.24     33.87     4.020      59895    0    0    0    0    0
2021 11  4  8  3    16.90    -5.26   -14.11    -696.6     99.62     35.98     3.961      59480    0    0    0    0    0
2021 11  4  8  4    16.78    -5.23   -14.03    -700.5    102.20     35.91     4.159      54786    0    0    0    0    0
2021 11  4  8  5    16.64    -5.27   -13.92    -701.7     99.77     36.40     4.432      50824    0    0    0    0    0
2021 11  4  8  6    16.73    -5.21   -13.79    -701.6     95.69     37.84     4.676      47207    0    0    0    0    0
2021 11  4  8  7    16.75    -5.09   -13.91    -700.9     93.42     39.26     4.873      45750    0    0    0    0    0
2021 11  4  8  8    16.74    -5.07   -13.90    -700.8     93.63     38.70     4.975      43877    0    0    0    0    0
2021 11  4  8  9    16.65    -5.02   -14.15    -701.7     95.62     37.66     4.819      36198    0    0    0    0    0
2021 11  4  8 10    16.71    -4.42   -14.58    -701.8     96.47     39.54     5.022      37023    0    0    0    0    0
2021 11  4  8 11    16.63    -4.29   -14.82    -700.5     96.58     41.04     5.229      37673    0    0    0    0    0
2021 11  4  8 12    16.70    -4.34   -14.74    -695.4     95.84     42.13     5.065      38154    0    0    0    0    0
2021 11  4  8 13    16.86    -5.14   -14.34    -692.7     95.75     42.56     5.204      39708    0    0    0    0    0
2021 11  4  8 14    16.95    -4.91   -14.10    -692.9     98.84     40.98     5.309      40115    0    0    0    0    0
2021 11  4  8 15    16.70    -4.63   -14.52    -694.3    101.28     38.62     5.373      31608    0    0    0    0    0
2021 11  4  8 16    16.54    -3.21   -14.87    -695.4    100.98     37.61     5.404      30013    0    0    0    0    0
2021 11  4  8 17    16.52    -2.86   -15.11    -700.5     99.54     37.13     5.399      30238    0    0    0    0    0
2021 11  4  8 18    16.64    -2.70   -15.09    -701.9     99.53     35.49     5.396      30326    0    0    0    0    0
2021 11  4  8 19    16.61    -2.66   -14.90    -702.8    103.04     33.13     5.453      30565    0    0    0    0    0
2021 11  4  8 20    16.54    -2.51   -14.77    -705.9    102.90     30.98     6.048      31908    0    0    0    0    0
2021 11  4  8 21    16.42    -2.28   -14.71    -706.5    106.61     29.10     6.215      30752    0    0    0    0    0
2021 11  4  8 22    16.38    -2.08   -15.01    -706.3    107.93     28.16     6.272      27720    0    0    0    0    0
2021 11  4  8 23    16.37    -2.10   -15.39    -704.1    110.22     26.69     5.776      28643    0    0    0    0    0
2021 11  4  8 24    16.28    -2.31   -15.36    -701.5    107.78     27.55     5.345      32674    0    0    0    0    0
2021 11  4  8 25    16.21    -2.33   -15.33    -700.9    105.84     27.76     5.029      34485    0    0    0    0    0
2021 11  4  8 26    16.20    -2.37   -15.34    -700.9    103.89     28.09     4.981      34297    0    0    0    0    0
2021 11  4  8 27    16.18    -2.30   -15.77    -700.6     94.28     32.01     4.925      32188    0    0    0    0    0
2021 11  4  8 28    16.11    -1.33   -15.83    -700.6     93.30     32.12     4.863      32189    0    0    0    0    0
2021 11  4  8 29    16.10    -1.33   -15.82    -700.7     91.82     31.96     4.125      32366    0    0    0    0    0
2021 11  4  8 30    16.10    -1.38   -15.82    -700.6     92.91     32.17     4.108      34717    0    0    0    0    0
2021 11  4  8 31    16.08    -1.43   -15.77    -699.0     93.45     33.08     4.458      36792    0    0    0    0    0
2021 11  4  8 32    16.00    -1.61   -15.69    -698.6     91.06     32.98     4.145      37030    0    0    0    0    0
2021 11  4  8 33    15.98    -1.64   -15.69    -699.1     88.20     33.13     4.472      38587    0    0    0    0    0
2021 11  4  8 34    16.00    -1.44   -15.74    -700.5     87.17     33.48     4.104      40364    0    0    0    0    0
2021 11  4  8 35    16.02    -1.45   -15.74    -700.7     87.13     33.56     4.142      40340    0    0    0    0    0
2021 11  4  8 36    16.04    -1.64   -15.70    -699.5     89.00     32.14     3.940      39977    0    0    0    0    0
2021 11  4  8 37    16.04    -1.83   -15.70    -698.8     90.83     31.08     3.960      39435    0    0    0    0    0
2021 11  4  8 38    15.66    -1.83   -15.72    -698.6     87.83     32.07     3.992      39435    0    0    0    0    0
2021 11  4  8 39    15.56    -1.72   -15.77    -697.4     86.50     32.47     4.010      41253    0    0    0    0    0
2021 11  4  8 40    15.74    -1.71   -15.95    -697.0     83.79     34.53     3.995      41344    0    0    0    0    0
2021 11  4  8 41    15.99    -1.54   -15.79    -698.3     84.82     33.95     3.987      40428    0    0    0    0    0
2021 11  4  8 42    16.04    -1.48   -15.74    -698.6     84.82     33.23     3.990      31561    0    0    0    0    0
2021 11  4  8 43    15.89    -1.48   -15.87    -698.3     82.10     34.07     3.968      32642    0    0    0    0    0
2021 11  4  8 44    15.57    -1.53   -15.95    -697.6     79.90     35.61     3.945      33793    0    0    0    0    0
2021 11  4  8 45    15.56    -1.54   -15.59    -697.3     84.20     33.76     3.952      35341    0    0    0    0    0
2021 11  4  8 46    15.56    -1.68   -15.53    -697.2     84.08     33.84     3.899      37584    0    0    0    0    0
2021 11  4  8 47    15.59    -1.87   -15.53    -694.5     86.02     32.43     3.960      39620    0    0    0    0    0
2021 11  4  8 48    15.56    -2.19   -15.53    -692.3     84.93     33.15     3.935      41641    0    0    0    0    0
2021 11  4  8 49    15.39    -1.95   -15.59    -690.3     82.52     34.52     3.941      43663    0    0    0    0    0
2021 11  4  8 50    15.22    -1.81   -16.18    -689.0     78.09     35.46     4.000      45884    0    0    0    0    0
2021 11  4  8 51    15.10    -1.74   -16.59    -687.5     72.97     36.53     4.028      48135    0    0    0    0    0
2021 11  4  8 52    14.96    -1.95   -16.54    -691.0     67.09     38.66     4.025      50799    0    0    0    0    0
2021 11  4  8 53    14.92    -2.04   -16.43    -693.6     65.07     40.14     3.933      53025    0    0    0    0    0
2021 11  4  8 54    15.00    -2.17   -16.28    -691.6     65.30     41.68     3.925      54772    0    0    0    0    0
2021 11  4  8 55    14.03     0.29   -16.19    -688.3     63.54     46.32     4.084      56024    0    0    0    0    0
2021 11  4  8 56    12.88     3.28   -16.14    -685.8     60.87     49.29     3.875      56901    0    0    0    0    0
2021 11  4  8 57    12.30     5.08   -16.12    -684.2     58.46     50.44     4.085      57592    0    1    1    1    1
2021 11  4  8 58    11.59     6.71   -16.70    -683.1     56.75     52.10     5.061      57814    0    1    1    2    1
2021 11  4  8 59     8.92     9.77   -17.22    -698.8     44.99     45.22     6.665      70893    0    0    0    0    0
2021 11  4  9  0     5.31    10.75   -15.27    -719.9     52.04     56.41     8.268      72131    0    1    1    1    0
2021 11  4  9  1     4.72    11.83   -15.12    -718.1     60.89     67.16    10.257      67147    0    1    2    2    0
2021 11  4  9  2     3.05    14.42   -13.88    -721.0     73.88     78.93    13.281      67461    0    1    1    1    0
2021 11  4  9  3    -0.55    16.87   -10.99    -729.2     82.54     90.33    16.344      68006    0    0    0    0    0
2021 11  4  9  4    -1.30    16.82   -10.21    -732.5     86.63     96.04    18.524      68672    0    0    0    0    0
2021 11  4  9  5    -2.13    16.61    -8.69    -732.5     91.19     98.24    20.029      69260    0    0    0    0    0
2021 11  4  9  6    -3.80    16.63    -7.92    -731.8     92.01     91.50    20.663      70227    0    0    0    0    0
2021 11  4  9  7    -5.04    16.78    -6.83    -729.3     90.69     86.30    19.350      73784    0    0    0    0    0
2021 11  4  9  8    -6.24    17.74    -5.48    -723.9     89.38     84.61    18.901      73386    0    0    0    0    0
2021 11  4  9  9    -6.58    18.14    -4.87    -720.5     89.12     79.55    18.183      71479    0    0    0    0    0
2021 11  4  9 10    -7.34    18.21    -4.14    -716.6     90.81     72.65    17.540      69408    0    0    0    0    0
2021 11  4  9 11    -8.65    18.20    -3.11    -711.9     90.47     67.81    16.631      67167    0    0    0    0    0
2021 11  4  9 12   -10.01    18.22    -1.46    -708.0     88.41     63.48    15.171      64329    0    0    0    0    0
2021 11  4  9 13   -10.93    18.25     0.60    -705.1     88.99     52.71    13.112      60738    0    0    0    0    0
2021 11  4  9 14   -11.62    18.15     1.42    -700.1     95.25     32.36    11.005      57305    0    0    0    0    0
2021 11  4  9 15   -12.17    17.97     2.50    -691.8     98.79     27.81     9.184      54400    0    0    0    0    0
2021 11  4  9 16   -12.44    17.91     2.90    -685.5    100.00     26.11     8.305      51119    0    0    0    0    0
2021 11  4  9 17   -12.43    18.18     2.57    -680.3    100.91     26.02     7.884      47524    0    0    0    0    0
2021 11  4  9 18   -12.25    18.74     1.89    -675.3    103.07     25.57     7.369      43765    0    0    0    0    0
2021 11  4  9 19   -12.01    18.82     1.69    -671.2    104.07     23.87     6.999      39860    0    0    0    0    0
2021 11  4  9 20   -12.00    18.83     1.68    -669.9    100.12     25.68     6.756      35431    0    0    0    0    0
2021 11  4  9 21   -12.30    18.61     1.24    -673.5     92.89     30.66     6.096      30781    0    0    0    0    0
2021 11  4  9 22   -12.30    18.50     0.91    -676.2     89.17     31.26     5.479      26626    0    0    0    0    0
2021 11  4  9 23   -12.38    18.35     0.81    -676.6     88.57     30.92     5.017      23715    0    0    0    0    0
2021 11  4  9 24   -12.42    18.33     0.62    -675.7     88.27     29.42     5.071      21421    0    0    0    0    0
2021 11  4  9 25   -12.41    18.36     0.53    -672.4     86.48     29.51     5.625      19452    0    0    0    0    0
2021 11  4  9 26   -12.05    18.59     0.31    -668.1     85.28     32.58     5.633      18854    0    0    0    0    0
2021 11  4  9 27   -11.96    18.63     0.28    -667.3     87.99     33.08     5.500      18141    0    0    0    0    0
2021 11  4  9 28   -11.99    18.53     0.11    -667.9     91.43     30.82     5.335      17314    0    0    0    0    0
2021 11  4  9 29   -12.00    18.51     0.07    -667.8     89.82     29.60     5.083      16396    0    0    0    0    0
2021 11  4  9 30   -11.99    18.51     0.17    -667.7     87.56     29.44     5.255      15452    0    0    0    0    0
2021 11  4  9 31   -11.89    18.53     0.27    -667.3     87.51     32.57     5.290      14485    0    0    0    0    0
2021 11  4  9 32   -11.85    18.55     0.25    -666.0     87.86     33.26     5.320      13559    0    0    0    0    0
2021 11  4  9 33   -11.64    18.66     0.20    -664.7     85.97     31.98     5.397      13330    0    0    0    0    0
2021 11  4  9 34   -11.55    18.71     0.19    -664.3     83.38     31.38     5.296      13463    0    0    0    0    0
2021 11  4  9 35   -11.59    18.63     0.23    -664.2     82.61     31.34     5.293      13519    0    0    0    0    0
2021 11  4  9 36   -11.62    18.59     0.28    -664.8     82.56     31.28     5.221      13387    0    0    0    0    0
2021 11  4  9 37   -11.80    18.59     0.38    -664.0     82.03     31.26     5.227      12886    0    0    0    0    0
2021 11  4  9 38   -11.83    18.51     0.55    -663.7     80.98     31.26     5.313      12680    0    0    0    0    0
2021 11  4  9 39   -11.82    18.47     0.66    -665.6     80.20     32.05     5.441      13225    0    0    0    0    0
2021 11  4  9 40   -11.84    18.48     0.73    -667.7     80.88     32.30     5.509      13398    0    0    0    0    0
2021 11  4  9 41   -11.84    18.45     0.91    -668.2     81.71     32.32     5.117      12621    0    0    0    0    0
2021 11  4  9 42   -11.84    18.44     0.84    -668.5     80.95     32.32     5.042      11936    0    0    0    0    0
2021 11  4  9 43   -11.85    18.48     0.57    -668.7     80.08     32.32     5.112      11849    0    0    0    0    0
2021 11  4  9 44   -11.84    18.56     0.53    -669.1     80.13     31.86     5.112      11849    0    0    0    0    0
2021 11  4  9 45   -11.65    18.57     0.54    -669.4     80.26     30.22     5.190      11870    0    0    0    0    0
2021 11  4  9 46   -11.43    18.48     0.71    -668.4     80.27     27.09     5.288      12849    0    0    0    0    0
2021 11  4  9 47   -11.34    18.51     0.91    -667.5     80.44     24.23     5.263      14293    0    0    0    0    0
2021 11  4  9 48   -12.37    18.26     1.70    -670.2     78.59     32.28     5.311      16057    0    0    0    0    0
2021 11  4  9 49   -12.43    18.24     1.68    -670.4     77.68     32.85     5.517      16148    0    0    0    0    0
2021 11  4  9 50   -11.72    18.56     0.79    -671.6     76.08     32.95     6.342      14774    0    0    0    0    0
2021 11  4  9 51   -11.49    18.57    -0.04    -674.0     77.24     31.97     6.388      14661    0    0    0    0    0
2021 11  4  9 52   -11.06    18.73    -0.95    -681.1     80.53     34.45     6.206      16679    0    0    0    0    0
2021 11  4  9 53   -10.62    18.90    -2.61    -686.7     84.68     40.08     6.186      21564    0    0    0    0    0
2021 11  4  9 54   -11.05    18.52    -1.15    -691.6     92.50     40.23     6.379      24358    0    0    0    0    0
2021 11  4  9 55   -11.84    16.84     1.40    -696.9     99.36     45.81     6.505      35031    0    0    0    0    0
2021 11  4  9 56   -11.37    16.74    -0.02    -697.7     96.56     50.65     6.555      35660    0    0    0    0    0
2021 11  4  9 57    -9.81    17.04    -2.49    -697.7     91.75     54.06     6.537      36589    0    0    0    0    0
2021 11  4  9 58    -8.40    17.34    -4.38    -694.2     85.50     59.62     6.575      36621    0    0    0    0    0
2021 11  4  9 59    -7.80    18.02    -5.51    -693.3     78.50     66.50     6.687      39958    0    0    0    0    0
2021 11  4 10  0    -4.65    18.13    -9.19    -710.4     69.60     75.80     7.023      40612    0    0    0    0    0
2021 11  4 10  1    -4.77    17.85    -9.56    -720.8     83.60     86.13     7.111      39524    0    0    0    0    0
2021 11  4 10  2    -4.28    18.03   -10.53    -722.9     80.09     95.72     7.034      37343    0    0    0    0    0
2021 11  4 10  3    -1.14    17.69   -12.09    -723.2     78.54    102.35     7.688      34546    0    1    1    1    1
2021 11  4 10  4    -0.60    17.63   -12.33    -723.7     78.49    105.53     8.578      31648    0    1    1    1    1
2021 11  4 10  5    -1.97    18.10   -11.02    -723.8     78.73    106.06     9.633      29558    0    1    1    1    1
2021 11  4 10  6    -2.75    18.20   -10.58    -722.8     78.75    103.94    10.348      29390    0    1    1    1    1
2021 11  4 10  7    -3.25    18.30    -9.71    -721.4     78.26    102.95    10.815      30481    0    0    0    0    0
2021 11  4 10  8    -3.84    18.23    -8.96    -715.8     77.84    100.80    11.147      33565    0    0    0    0    0
2021 11  4 10  9    -4.41    18.07    -8.39    -711.1     77.87     98.14    10.941      38630    0    0    0    0    0
2021 11  4 10 10    -4.93    17.94    -7.99    -708.5     77.83     95.88    10.145      43088    0    0    0    0    0
2021 11  4 10 11    -5.33    18.00    -7.77    -706.4     76.90     93.97     9.468      43754    0    0    0    0    0
2021 11  4 10 12    -5.40    18.17    -7.81    -705.9     75.57     91.13     9.319      43754    0    0    0    0    0
2021 11  4 10 13    -5.41    18.30    -8.08    -705.6     73.98     88.77     9.319      43778    0    0    0    0    0
2021 11  4 10 14    -5.55    18.28    -8.16    -704.6     73.58     86.48     9.289      44369    0    0    0    0    0
2021 11  4 10 15    -5.90    18.18    -8.10    -703.7     73.64     86.68     9.260      48629    0    0    0    0    0
2021 11  4 10 16    -5.64    17.96    -7.98    -705.6     75.83     89.16     9.855      58982    0    0    0    0    0
2021 11  4 10 17    -5.15    17.75    -7.96    -711.3     78.45     94.17    10.505      57355    0    0    0    0    0
2021 11  4 10 18    -5.13    17.57    -7.88    -711.5     78.84     95.31    10.452      55046    0    0    0    0    0
2021 11  4 10 19    -5.10    17.28    -7.60    -711.1     80.70     94.98    10.445      54674    0    0    0    0    0
2021 11  4 10 20    -5.01    16.98    -7.46    -710.5     83.54     95.22    10.281      55850    0    0    0    0    0
2021 11  4 10 21    -4.97    16.69    -7.55    -709.4     84.46     97.49     9.902      58572    0    0    0    0    0
2021 11  4 10 22    -4.96    16.46    -7.58    -707.7     83.50     99.28     9.569      60416    0    0    0    0    0
2021 11  4 10 23    -4.87    16.53    -7.51    -704.9     80.19     99.83     9.253      60556    0    0    0    0    0
2021 11  4 10 24    -4.92    16.74    -7.30    -702.2     76.25    100.01     8.925      60219    0    0    0    0    0
2021 11  4 10 25    -5.31    16.86    -7.00    -702.1     75.06     99.55     8.573      57946    0    0    0    0    0
2021 11  4 10 26    -5.47    17.00    -6.88    -705.0     78.77     97.42     8.179      58106    0    0    0    0    0
2021 11  4 10 27    -5.59    17.00    -6.68    -705.7     82.31     97.23     7.925      59150    0    0    0    0    0
2021 11  4 10 28    -5.59    16.98    -6.49    -704.8     83.07     97.24     7.728      60649    0    0    0    0    0
2021 11  4 10 29    -5.66    16.89    -5.97    -701.5     83.52     96.88     7.585      60649    0    0    0    0    0
2021 11  4 10 30    -6.20    16.87    -4.63    -695.4     81.10     95.35     7.776      60649    0    0    0    0    0
2021 11  4 10 31    -5.74    16.87    -5.55    -692.5     79.01     93.38     7.845      62050    0    0    0    0    0
2021 11  4 10 32    -6.31    16.86    -4.87    -690.6     75.94     92.93     8.163      66312    0    0    0    0    0
2021 11  4 10 33    -6.64    16.86    -4.15    -690.1     73.54     93.68     8.075      67914    0    0    0    0    0
2021 11  4 10 34    -6.67    16.86    -4.24    -690.2     71.82     96.69     8.287      65651    0    0    0    0    0
2021 11  4 10 35    -6.28    16.42    -4.34    -695.6     71.86    104.88     8.165      63955    0    0    0    0    0
2021 11  4 10 36    -5.31    16.10    -5.67    -698.0     72.92    107.03     7.757      56206    0    0    0    0    0
2021 11  4 10 37    -5.27    16.52    -5.81    -692.6     69.29    104.89     7.698      56067    0    1    1    1    1
2021 11  4 10 38    -5.52    16.60    -6.01    -685.9     65.01    102.68     7.556      51138    0    1    1    1    1
2021 11  4 10 39    -5.74    16.56    -6.16    -678.7     60.98     99.65     7.309      45853    0    1    1    1    1
2021 11  4 10 40    -5.74    16.55    -6.17    -671.6     57.74     95.26     6.940      43318    0    1    1    1    1
2021 11  4 10 41    -6.97    16.77    -5.62    -666.9     53.10     90.74     6.459      43318    0    1    1    1    1
2021 11  4 10 42    -7.15    16.87    -4.94    -665.7     54.67     85.56     5.951      43894    0    0    0    0    0
2021 11  4 10 43    -6.97    16.86    -4.82    -663.2     59.19     82.50     5.204      44082    0    0    0    0    0
2021 11  4 10 44    -6.74    16.70    -4.86    -661.8     62.20     82.91     4.545      38872    0    0    0    0    0
2021 11  4 10 45    -6.42    16.55    -4.67    -661.6     58.75     85.07     4.165      35228    0    0    0    0    0
2021 11  4 10 46    -6.07    16.50    -4.75    -662.5     56.08     84.73     3.977      34035    0    0    0    0    0
2021 11  4 10 47    -5.79    16.51    -4.99    -667.5     55.22     85.03     3.662      25379    0    0    0    0    0
2021 11  4 10 48    -5.32    16.52    -5.71    -669.7     54.75     89.79     3.451      23725    0    0    0    0    0
2021 11  4 10 49    -5.32    16.58    -6.07    -669.8     54.85     93.46     3.356      23972    0    0    0    0    0
2021 11  4 10 50    -5.40    16.70    -5.70    -670.2     53.42     94.27     3.538      28582    0    0    0    0    0
2021 11  4 10 51    -5.40    16.82    -5.67    -671.8     53.15     93.65     3.690      38030    0    0    0    0    0
2021 11  4 10 52    -5.07    16.91    -5.54    -675.9     48.46     92.79     3.744      37733    0    0    0    0    0
2021 11  4 10 53    -4.99    16.90    -5.49    -677.8     44.03     90.95     3.697      35596    0    0    0    0    0
2021 11  4 10 54    -4.70    16.86    -5.61    -676.9     41.92     89.12     3.659      33479    0    0    0    0    0
2021 11  4 10 55    -4.54    16.86    -5.60    -676.2     38.97     87.96     3.706      36040    0    0    0    0    0
2021 11  4 10 56    -4.48    16.93    -5.61    -676.3     38.85     84.40     3.688      48848    0    0    0    0    0
2021 11  4 10 57    -4.28    17.24    -5.77    -677.5     44.35     83.01     3.461      48667    0    0    0    0    0
2021 11  4 10 58    -4.25    17.08    -5.68    -679.8     51.55     80.93     3.199      48008    0    0    0    0    0
2021 11  4 10 59    -4.24    16.86    -5.50    -678.9     46.21     78.37     3.162      48008    0    0    0    0    0
2021 11  4 11  0    -4.22    17.16    -5.37    -680.7     37.34     76.28     3.242      41703    0    0    0    0    1
2021 11  4 11  1    -3.93    17.41    -5.16    -681.9     30.73     75.72     3.342      28641    0    0    0    0    1
2021 11  4 11  2    -3.31    17.12    -5.38    -683.4     31.33     75.27     3.423      27396    0    0    0    0    1
2021 11  4 11  3    -3.29    16.93    -5.82    -680.3     33.08     80.19     3.359      26404    0    0    0    0    1
2021 11  4 11  4    -3.68    16.93    -6.46    -675.2     34.75     86.79     3.217      25672    0    0    0    0    1
2021 11  4 11  5    -3.95    16.50    -7.35    -676.4     37.46     95.80     2.988      25754    0    0    0    0    1
2021 11  4 11  6    -3.62    16.26    -8.19    -676.0     44.14    103.75     2.859      26132    0    0    0    0    1
2021 11  4 11  7    -3.20    15.95    -8.90    -679.9     42.85    104.60     2.952      25906    0    0    0    0    1
2021 11  4 11  8    -2.77    15.80    -9.26    -685.2     45.04    105.24     3.048      24459    0    0    0    0    1
2021 11  4 11  9    -2.33    15.81    -9.34    -688.9     45.86    105.96     3.029      28631    0    0    0    0    1
2021 11  4 11 10    -2.25    15.82    -9.24    -689.4     47.29    108.63     3.097      33149    0    0    0    0    0
2021 11  4 11 11    -2.39    15.49    -9.06    -688.6     46.97    109.78     3.134      35230    0    0    0    0    0
2021 11  4 11 12    -2.42    13.39    -8.98    -705.4     39.44    103.25     3.120      37861    0    1    1    1    1
2021 11  4 11 13     0.83    11.47   -10.19    -757.9     54.25    116.95     3.035      42065    0    1    1    1    1
2021 11  4 11 14     1.88    11.00   -10.48    -764.8     63.31    121.52     2.679      43816    0    0    0    0    0
2021 11  4 11 15     1.83    10.33   -10.76    -770.1     57.76    122.62     2.524      44653    0    0    0    1    1
2021 11  4 11 16     0.83    10.21   -10.97    -761.2     51.82    124.19     2.529      45034    0    0    0    1    2
2021 11  4 11 17     4.27     8.62   -11.12    -804.4     42.69    122.05     2.838      42374    0    0    0    1    1
2021 11  4 11 18     4.62     8.86   -10.87    -802.7     43.39    123.09     2.819      41377    0    1    1    1    1
2021 11  4 11 19     4.60     8.86   -10.82    -796.1     45.05    123.99     2.766      40411    0    1    1    2    1
2021 11  4 11 20     4.39     8.86   -10.96    -783.6     46.02    124.84     2.724      38742    0    1    1    2    1
2021 11  4 11 21     3.45     9.13   -10.97    -785.6     50.82    125.68     2.655      30862    0    1    1    1    1
2021 11  4 11 22     2.89     9.19   -11.01    -787.2     52.09    126.51     2.576      28554    0    0    0    1    1
2021 11  4 11 23     2.82     9.29   -11.01    -787.1     52.69    131.64     2.558      28650    0    0    0    1    1
2021 11  4 11 24     2.89     9.34   -10.70    -789.1     52.63    133.61     2.696      28767    0    0    0    1    1
2021 11  4 11 25     4.10     9.27    -9.93    -846.3     59.22    120.59     2.785      28768    0    0    0    1    1
2021 11  4 11 26     3.98     9.36    -9.64    -844.0     54.25    114.87     2.781      28653    0    0    0    1    1
2021 11  4 11 27     3.92     9.35    -9.57    -835.3     46.13    109.31     2.771      28557    0    0    0    1    1
2021 11  4 11 28     3.89     9.29    -9.62    -815.1     44.55    110.83     2.733      28517    0    0    0    1    1
2021 11  4 11 29     3.86     9.26    -9.68    -796.8     43.43    113.11     2.680      28480    0    0    0    1    1
2021 11  4 11 30     3.97     9.39   -10.01    -806.5     47.66    123.16     2.484      28493    0    0    0    1    1
2021 11  4 11 31     4.50     9.04   -10.06    -811.8     50.16    125.01     2.487      28496    0    1    1    1    1
2021 11  4 11 32     4.54     8.96   -10.02    -809.1     52.91    125.86     2.646      28375    0    1    1    1    1
2021 11  4 11 33     4.15     9.11    -9.94    -804.2     55.02    126.48     2.684      28157    0    1    1    1    1
2021 11  4 11 34     3.60     9.36    -9.78    -799.6     56.22    126.62     2.244      27886    0    0    0    1    1
2021 11  4 11 35     2.86     9.29    -9.70    -798.3     53.09    125.38     2.235      27374    0    0    0    1    1
2021 11  4 11 36     2.86     9.16    -9.70    -791.1     50.23    124.74     2.229      26945    0    0    0    1    1
2021 11  4 11 37     2.81     9.84    -9.83    -784.7     49.01    124.73     2.223      26505    0    0    0    1    1
2021 11  4 11 38     1.91    10.25    -9.88    -781.9     47.28    124.74     2.216      25723    0    0    0    1    1
2021 11  4 11 39     1.33    10.52    -9.70    -784.7     46.60    125.12     2.207      24687    0    1    1    1    1
2021 11  4 11 40     0.87    10.59    -9.62    -790.0     45.79    125.75     2.145      23735    0    1    1    1    1
2021 11  4 11 41     0.77    10.54    -9.64    -795.2     46.46    126.23     2.015      22921    0    1    1    1    1
2021 11  4 11 42     1.22    10.10   -10.34    -795.5     45.95    125.01     2.017      22230    0    0    0    1    0
2021 11  4 11 43     1.85    10.00   -10.33    -789.4     43.51    120.27     2.059      21671    0    0    0    1    0
2021 11  4 11 44     2.02    10.12    -9.80    -784.8     40.99    113.12     2.334      21103    0    1    1    1    1
2021 11  4 11 45     1.64    11.02    -8.78    -781.9     40.33    110.35     2.593      20603    0    1    1    1    1
2021 11  4 11 46     1.61    11.69    -8.35    -782.4     43.56    111.10     2.829      20099    0    1    1    1    1
2021 11  4 11 47     3.70    11.11    -8.49    -790.4     46.29    112.20     2.964      21264    0    1    1    1    0
2021 11  4 11 48     3.37    10.96    -8.84    -787.3     48.68    112.09     2.970      21033    0    0    0    0    0
2021 11  4 11 49     2.35    10.84    -9.40    -781.5     50.25    115.80     2.801      20627    0    0    0    1    0
2021 11  4 11 50     1.96    10.62    -9.81    -780.0     51.86    117.41     2.597      20110    0    0    0    1    0
2021 11  4 11 51     2.26    10.05    -9.79    -783.2     55.46    117.69     2.466      19491    0    0    0    1    0
2021 11  4 11 52     2.15    10.17    -9.39    -782.6     54.73    119.14     2.623      19009    0    0    0    1    0
2021 11  4 11 53     1.33    10.52    -9.21    -779.0     50.28    117.90     2.727      18775    0    0    0    1    0
2021 11  4 11 54     0.29    10.91    -8.64    -775.1     46.82    113.45     2.785      18680    0    0    0    1    0
2021 11  4 11 55     0.26    11.22    -8.13    -770.5     44.59    107.74     2.879      18645    0    0    0    1    0
2021 11  4 11 56     1.43    11.24    -8.46    -765.2     41.93    102.55     2.984      18661    0    0    0    1    0
2021 11  4 11 57     1.83    11.12    -8.69    -763.7     41.49     97.95     3.110      18752    0    0    0    1    0
2021 11  4 11 58     1.83    11.11    -8.65    -762.3     43.27     94.74     3.256      19060    0    0    0    1    0
2021 11  4 11 59     1.83    11.06    -8.70    -759.6     42.62     87.07     3.391      19329    0    0    0    0    0
2021 11  4 12  0     1.71    11.06    -8.65    -754.8     43.47     80.35     3.516      19574    0    0    0    0    0
2021 11  4 12  1     0.86    11.55    -7.93    -745.1     41.36     67.39     3.611      19203    0    0    0    0    0
2021 11  4 12  2    -0.82    11.96    -6.34    -735.3     38.98     55.27     3.702      18671    0    0    0    0    0
2021 11  4 12  3    -3.85    12.02    -3.29    -727.4     37.22     47.29     3.794      18064    0    0    0    0    0
2021 11  4 12  4    -3.90    12.46    -3.93    -726.6     35.05     47.52     3.812      17292    0    0    0    0    0
2021 11  4 12  5    -2.33    12.34    -5.17    -730.9     36.51     54.96     3.824      16549    0    1    1    1    1
2021 11  4 12  6    -2.61    11.71    -7.00    -741.0     27.08     62.52     3.684      15856    0    1    2    1    1
2021 11  4 12  7    -2.01    12.11    -5.87    -751.6     39.74     66.96     3.709      15543    0    1    1    1    1
2021 11  4 12  8    -1.71    12.30    -5.20    -750.4     38.52     70.89     3.636      15415    0    0    0    1    0
2021 11  4 12  9    -2.59    12.39    -4.27    -747.0     28.42     73.78     3.328      15267    0    0    0    1    0
2021 11  4 12 10    -3.62    12.45    -3.80    -739.5     29.16     75.41     3.162      15030    0    0    0    1    0
2021 11  4 12 11    -4.48    12.52    -3.87    -729.3     38.62     76.33     3.174      14738    0    0    0    1    0
2021 11  4 12 12    -5.11    12.56    -5.13    -730.8     39.54     71.41     3.417      14291    0    0    0    1    0
2021 11  4 12 13    -3.73    12.77    -4.08    -734.8     38.42     59.96     3.717      13885    0    0    0    1    0
2021 11  4 12 14    -3.15    12.68    -3.97    -735.1     37.15     56.72     4.314      13500    0    0    0    0    0
2021 11  4 12 15    -1.93    12.13    -4.41    -733.9     37.65     55.49     4.546      13846    0    0    0    0    0
2021 11  4 12 16    -1.08    11.83    -4.19    -733.5     37.28     54.92     4.555      16392    0    0    0    0    1
2021 11  4 12 17    -1.64    12.17    -4.29    -736.2     33.73     56.21     4.490      15766    0    1    1    1    1
2021 11  4 12 18    -3.47    12.47    -4.57    -737.1     31.99     55.59     4.384      15667    0    1    1    1    1
2021 11  4 12 19    -3.72    12.53    -4.54    -737.5     31.47     54.65     4.313      15043    0    1    1    1    1
2021 11  4 12 20    -3.75    12.53    -4.38    -752.1     33.80     53.34     4.358      14960    1    1    1    1    1
2021 11  4 12 21    -4.18    12.47    -4.20    -774.9     40.36     49.39     4.279      16708    1    0    0    1    1
2021 11  4 12 22    -5.02    12.42    -4.02    -773.6     43.43     43.29     4.073      15410    1    0    0    1    1
2021 11  4 12 23    -5.56    12.46    -3.62    -764.6     43.65     38.53     4.045      13649    0    1    1    1    1
2021 11  4 12 24    -5.61    12.46    -3.16    -744.6     43.07     36.10     4.017      13649    0    1    1    1    1
2021 11  4 12 25    -5.63    12.51    -2.65    -728.2     40.81     33.07     3.976      13225    0    1    1    2    1
2021 11  4 12 26    -5.66    12.55    -2.13    -711.8     38.54     30.04     3.934      12802    0    1    1    1    1
2021 11  4 12 27    -5.58    12.66    -1.61    -702.6     34.28     25.81     3.875      11628    0    1    1    1    1
2021 11  4 12 28    -5.33    12.71    -1.52    -694.5     35.03     21.40     3.845      10708    0    1    1    1    1
2021 11  4 12 29    -6.64    12.00    -1.02    -693.4     35.93     15.49     3.794      10192    0    0    0    1    0
2021 11  4 12 30    -6.96    11.83    -0.50    -693.8     36.67      9.22     3.738       9885    0    0    0    1    0
2021 11  4 12 31    -6.91    11.90    -0.41    -692.5     36.83      3.57     3.664       9833    0    0    0    1    0
2021 11  4 12 32    -6.75    12.00    -0.35    -691.0     36.83      2.10     3.594       9833    0    0    0    1    0
2021 11  4 12 33    -6.23    12.25    -0.33    -690.3     36.43      1.74     3.628       8965    0    0    0    1    0
2021 11  4 12 34    -6.49    12.08     0.12    -691.3     35.23      0.17     3.427       7714    0    0    0    1    0
2021 11  4 12 35    -7.05    11.82     0.90    -691.9     34.65     -1.84     3.362       7126    0    0    0    1    0
2021 11  4 12 36    -7.07    11.77     1.09    -691.0     35.06     -2.82     3.354       7034    0    0    0    1    1
2021 11  4 12 37    -6.96    11.77     0.98    -689.0     35.92     -3.10     3.351       7603    0    0    0    1    1
2021 11  4 12 38    -6.90    11.84     0.93    -686.1     36.98     -3.11     3.389       8792    0    0    0    1    1
2021 11  4 12 39    -6.96    11.91     0.87    -683.9     37.33     -2.62     3.421       9528    0    0    0    2    1
2021 11  4 12 40    -7.15    11.87     0.86    -682.8     37.48     -1.73     3.425       9427    0    0    0    2    1
2021 11  4 12 41    -7.34    11.80     0.95    -682.3     37.58     -1.95     3.417       9251    0    0    0    1    1
2021 11  4 12 42    -7.42    11.80     1.02    -682.3     36.48     -3.36     3.330       9197    0    0    0    1    1
2021 11  4 12 43    -7.44    11.81     1.12    -681.9     35.47     -4.71     3.321       9291    0    0    0    1    1
2021 11  4 12 44    -7.54    11.76     1.16    -681.2     34.43     -6.49     3.568       9757    0    0    0    0    1
2021 11  4 12 45    -7.70    11.65     1.17    -680.8     33.68     -8.13     3.820      10318    0    0    0    0    1
2021 11  4 12 46    -7.79    11.59     1.19    -680.3     32.86    -10.02     3.920      10163    0    0    0    1    1
2021 11  4 12 47    -7.82    11.56     1.20    -679.7     32.70    -11.53     3.663       9612    0    0    0    1    1
2021 11  4 12 48    -7.81    11.56     1.16    -679.4     32.66    -12.45     3.400       9075    0    0    0    1    1
2021 11  4 12 49    -7.78    11.56     1.07    -679.6     32.56    -12.00     3.432       9170    0    0    0    1    1
2021 11  4 12 50    -7.77    11.56     1.08    -679.7     32.52    -12.22     3.464       9393    0    0    0    0    1
2021 11  4 12 51    -7.74    11.55     1.20    -679.9     32.13    -12.18     3.498       9241    0    0    0    0    1
2021 11  4 12 52    -7.65    11.54     1.25    -679.9     31.27    -12.09     3.536       8904    0    0    0    0    1
2021 11  4 12 53    -7.61    11.54     1.39    -680.0     31.38    -11.72     3.538       8735    0    0    0    0    1
2021 11  4 12 54    -7.56    11.60     1.44    -679.8     32.64    -10.91     3.427       8383    0    0    0    0    1
2021 11  4 12 55    -7.38    11.69     1.38    -679.1     33.60     -9.67     3.294       8309    0    0    0    0    1
2021 11  4 12 56    -7.32    11.73     1.41    -678.5     33.69     -8.84     3.243       8117    0    0    0    0    1
2021 11  4 12 57    -7.36    11.70     1.43    -678.3     33.74     -9.13     3.248       8117    0    0    0    1    1
2021 11  4 12 58    -7.54    11.55     1.54    -678.2     34.14    -10.35     3.239       8177    0    0    0    1    1
2021 11  4 12 59    -7.70    11.39     1.73    -678.7     33.96    -10.42     3.211       8528    0    0    0    1    1
2021 11  4 13  0    -7.71    11.36     1.84    -678.8     34.09    -10.03     3.211       9009    0    0    0    1    1
2021 11  4 13  1    -7.65    11.39     1.82    -678.4     34.61    -10.12     3.230       9002    0    0    0    1    1
2021 11  4 13  2    -7.50    11.48     1.74    -678.3     35.70    -10.37     3.216       8838    0    0    0    1    1
2021 11  4 13  3    -7.42    11.51     1.69    -678.0     35.84    -10.45     3.175       8403    0    0    0    1    1
2021 11  4 13  4    -7.41    11.48     1.76    -677.4     35.74    -11.43     3.093       8389    0    0    0    0    1
2021 11  4 13  5    -7.41    11.46     2.01    -676.9     35.77    -10.80     2.991       8386    0    0    0    0    1
2021 11  4 13  6    -7.39    11.46     2.09    -676.9     35.89     -9.69     2.974       8366    0    0    0    0    1
2021 11  4 13  7    -7.30    11.47     2.14    -676.9     35.87     -9.63     3.012       8341    0    0    0    0    1
2021 11  4 13  8    -7.30    11.49     2.25    -676.9     35.97     -9.23     3.009       8320    0    0    0    1    1
2021 11  4 13  9    -7.37    11.45     2.23    -677.3     35.24     -6.73     2.987       8408    0    0    0    1    1
2021 11  4 13 10    -7.56    11.45     2.14    -678.0     34.83     -2.22     2.972       8740    0    0    0    1    1
2021 11  4 13 11    -7.48    11.45     2.30    -677.5     34.55      0.60     2.950       8753    0    0    0    1    1
2021 11  4 13 12    -7.18    11.47     2.39    -676.2     34.82      0.52     2.904       8753    0    0    0    1    1
2021 11  4 13 13    -7.13    11.50     2.33    -673.4     35.13      0.05     2.865       8745    0    0    0    1    1
2021 11  4 13 14    -7.52    11.52     2.26    -672.6     35.04     -0.18     2.864       8638    0    0    0    1    1
2021 11  4 13 15    -7.53    11.50     2.37    -673.6     34.89     -0.19     2.814       8638    0    0    0    1    1
2021 11  4 13 16    -7.59    11.33     2.46    -674.8     34.46     -0.77     2.826       8716    0    0    0    1    1
2021 11  4 13 17    -7.58    11.13     1.96    -679.0     33.92     -6.63     2.900       9317    0    0    0    1    1
2021 11  4 13 18    -7.48    11.14     1.98    -681.9     33.27    -10.39     2.787       8886    0    0    0    0    1
2021 11  4 13 19    -7.41    11.23     2.28    -681.3     33.02     -9.57     2.696       8194    0    0    0    0    1
2021 11  4 13 20    -7.59    11.31     1.48    -680.3     33.94     -7.23     2.919       8300    0    0    0    0    1
2021 11  4 13 21    -7.92    11.28     1.19    -681.4     35.11     -3.77     3.142       9255    0    0    0    0    1
2021 11  4 13 22    -8.12    11.10     1.54    -685.1     34.30     -2.70     3.398      10941    0    0    0    0    1
2021 11  4 13 23    -8.22    11.04     1.25    -688.2     33.62     -1.87     3.664      11365    0    1    0    1    1
2021 11  4 13 24    -8.39    10.99     1.31    -686.6     34.82     -1.04     3.763      10731    0    1    1    2    1
2021 11  4 13 25    -8.51    10.90     1.66    -683.0     35.90     -0.18     3.779       9749    0    2    1    2    1
2021 11  4 13 26    -8.43    10.85     1.86    -679.5     36.60      0.43     3.744       8760    0    2    1    2    1
2021 11  4 13 27    -8.21    10.96     1.97    -676.0     38.17      0.56     3.608       7952    0    1    1    1    1
2021 11  4 13 28    -8.07    11.18     1.83    -672.7     39.93      1.15     3.471       8024    0    0    0    1    1
2021 11  4 13 29    -8.32    11.11     1.57    -671.9     41.67     -1.28     3.320      10169    0    0    0    1    1
2021 11  4 13 30    -8.40    11.07     1.63    -669.8     42.03     -1.43     3.181      10169    0    0    0    1    1
2021 11  4 13 31    -8.26    11.01     1.94    -668.2     41.72     -1.52     3.146       9295    0    0    0    1    1
2021 11  4 13 32    -8.20    10.97     2.21    -668.7     40.24     -0.58     3.106       8599    0    0    0    1    1
2021 11  4 13 33    -8.13    10.98     2.60    -671.7     39.15     -1.00     3.063       7942    0    0    0    1    1
2021 11  4 13 34    -8.09    11.06     2.59    -674.0     38.67     -0.55     3.073       7944    0    0    0    1    1
2021 11  4 13 35    -8.07    10.93     2.58    -673.2     38.27      0.89     3.163       7968    0    0    0    1    1
2021 11  4 13 36    -8.08    10.93     2.58    -669.8     39.03      4.17     3.214       7968    0    0    0    1    1
2021 11  4 13 37    -8.10    11.16     2.53    -666.6     39.67      4.45     3.195       7948    0    0    0    1    1
2021 11  4 13 38    -8.19    11.22     2.53    -664.6     40.22      3.61     3.171       7943    0    0    0    1    1
2021 11  4 13 39    -8.29    11.22     2.32    -662.9     40.64      2.86     3.146       7910    0    0    0    1    1
2021 11  4 13 40    -8.36    11.22     2.29    -661.4     40.68      2.89     3.128       7669    0    0    0    1    1
2021 11  4 13 41    -8.41    11.17     2.52    -660.3     40.61      3.11     3.114       7390    0    0    0    1    0
2021 11  4 13 42    -8.43    11.09     2.66    -659.7     39.75      1.66     3.140       7288    0    0    0    1    0
2021 11  4 13 43    -8.39    11.06     2.71    -659.3     38.65      0.01     3.172       7288    0    0    0    1    0
2021 11  4 13 44    -8.33    11.09     2.79    -659.1     37.70      1.17     3.156       7262    0    0    0    1    0
2021 11  4 13 45    -8.32    11.12     2.83    -658.9     36.67      2.38     3.100       7237    0    0    0    1    0
2021 11  4 13 46    -8.43    11.10     2.83    -658.3     36.25      2.06     3.036       7278    0    0    0    1    0
2021 11  4 13 47    -8.50    11.05     2.76    -657.1     36.50      1.77     2.991       7327    0    0    0    1    0
2021 11  4 13 48    -8.47    10.98     2.69    -656.1     37.10      1.19     2.966       7327    0    0    0    0    0
2021 11  4 13 49    -8.51    10.98     2.77    -656.0     37.41      0.33     2.976       7425    0    0    0    0    0
2021 11  4 13 50    -8.58    10.99     2.80    -655.7     37.26     -0.96     2.987       7593    0    0    0    0    0
2021 11  4 13 51    -8.52    10.94     2.74    -654.9     36.59     -1.80     2.958       7344    0    0    0    1    0
2021 11  4 13 52    -8.46    10.89     2.61    -654.3     35.79     -2.32     2.978       6819    0    0    0    1    0
2021 11  4 13 53    -8.47    10.83     2.74    -654.3     35.86     -3.25     3.011       6814    0    0    0    1    0
2021 11  4 13 54    -8.50    10.70     3.07    -653.9     36.33     -3.17     3.142       7068    0    0    0    1    0
2021 11  4 13 55    -8.55    10.73     2.96    -652.1     36.32     -2.77     3.394       7716    0    0    0    1    0
2021 11  4 13 56    -8.57    10.83     2.61    -650.7     35.91     -3.09     3.474       7689    0    0    0    0    0
2021 11  4 13 57    -8.54    10.81     2.73    -650.3     35.38     -5.24     3.509       7485    0    0    0    0    0
2021 11  4 13 58    -8.49    10.67     2.88    -650.0     34.83     -6.65     3.326       7047    0    0    0    0    0
2021 11  4 13 59    -8.48    10.66     2.99    -650.3     33.64     -6.87     3.137       7134    0    0    0    0    0
2021 11  4 14  0    -8.51    10.68     2.97    -650.3     32.74     -4.42     3.316       7697    0    0    0    0    0
2021 11  4 14  1    -8.48    10.74     2.88    -650.3     32.00     -4.37     3.576       7674    0    0    0    0    0
2021 11  4 14  2    -8.34    10.77     2.25    -650.4     31.15     -4.39     3.538       7536    0    0    0    0    0
2021 11  4 14  3    -8.32    10.76     2.26    -650.5     29.97     -2.77     3.422       7526    0    0    0    0    0
2021 11  4 14  4    -8.33    10.78     2.37    -650.2     29.05     -1.37     3.380       8082    0    0    0    0    0
2021 11  4 14  5    -8.32    10.85     2.86    -649.5     28.81     -2.18     3.399      11764    0    0    0    0    0
2021 11  4 14  6    -8.25    10.91     3.37    -648.7     29.56     -3.55     3.394      11560    0    0    0    1    0
2021 11  4 14  7    -8.06    10.89     3.32    -649.2     31.17     -2.01     3.435       8727    0    0    0    1    0
2021 11  4 14  8    -8.08    10.80     3.01    -649.9     31.37      0.32     3.518       8388    0    0    0    1    0
2021 11  4 14  9    -8.41    10.74     1.98    -648.7     32.70      1.27     3.595       8111    0    0    0    1    0
2021 11  4 14 10    -8.41    10.76     1.83    -646.3     34.72      1.28     3.662       8107    0    0    0    1    0
2021 11  4 14 11    -8.60    10.82     1.92    -645.4     34.80      0.24     3.617       7619    0    0    0    0    0
2021 11  4 14 12    -8.61    10.82     1.61    -646.2     33.77     -1.22     3.571       7130    0    0    0    0    0
2021 11  4 14 13    -8.60    10.96     1.99    -647.4     32.57     -1.24     3.791       7114    0    0    0    0    0
2021 11  4 14 14    -8.60    11.01     2.25    -648.8     32.09     -1.17     3.749       7117    0    0    0    0    0
2021 11  4 14 15    -8.59    11.07     2.53    -649.5     31.48     -0.91     3.594       7181    0    0    0    0    0
2021 11  4 14 16    -8.59    11.03     2.53    -649.5     31.85     -0.56     3.326       7461    0    0    0    0    0
2021 11  4 14 17    -8.60    11.02     2.54    -649.6     31.71     -0.64     3.366       7548    0    0    0    0    0
2021 11  4 14 18    -8.61    10.94     2.59    -649.8     32.01     -1.30     3.556       7518    0    0    0    0    0
2021 11  4 14 19    -8.63    10.88     2.65    -650.1     31.90     -1.58     3.707       7291    0    0    0    0    0
2021 11  4 14 20    -8.68    10.85     2.65    -649.7     32.53     -1.96     3.719       7416    0    0    0    1    0
2021 11  4 14 21    -8.77    10.90     2.66    -648.8     32.58     -3.39     3.621       8420    0    0    0    1    0
2021 11  4 14 22    -8.88    10.96     2.83    -647.8     33.74     -4.47     3.527       8715    0    0    0    1    0
2021 11  4 14 23    -8.90    10.96     2.86    -646.8     33.30     -5.67     3.483       8715    0    0    0    1    0
2021 11  4 14 24    -8.88    11.01     2.98    -646.8     32.18     -6.84     3.483       8715    0    0    0    1    0
2021 11  4 14 25    -8.80    11.16     3.20    -647.4     30.69     -6.48     3.534       7728    0    0    0    1    0
2021 11  4 14 26    -8.68    11.16     3.03    -648.1     30.87     -5.47     3.595       7461    0    0    0    1    0
2021 11  4 14 27    -8.64    11.07     3.03    -648.4     32.15     -1.47     3.636       6872    0    0    0    1    0
2021 11  4 14 28    -8.57    10.90     3.04    -647.6     28.34      7.90     3.635       6888    0    0    0    1    0
2021 11  4 14 29    -8.56    10.88     3.31    -648.0     35.64     -0.81     3.613       7349    0    0    0    1    0
2021 11  4 14 30    -8.67    10.82     3.38    -648.4     35.68      0.24     3.490       7527    0    0    0    1    0
2021 11  4 14 31    -8.86    10.76     3.39    -647.9     37.65      1.00     3.490       7802    0    0    0    1    0
2021 11  4 14 32    -8.91    10.78     3.25    -647.2     37.95      2.49     3.490       7806    0    0    0    1    0
2021 11  4 14 33    -8.95    10.89     3.23    -647.4     36.55      3.22     3.466       7806    0    0    0    1    0
2021 11  4 14 34    -8.96    10.83     3.50    -647.9     36.38      3.08     3.466       7815    0    0    0    1    0
2021 11  4 14 35    -8.96    10.79     3.64    -648.1     36.02      1.03     3.481       8070    0    0    0    1    0
2021 11  4 14 36    -8.83    10.84     3.73    -648.4     35.63      0.90     3.524       8028    0    1    1    1    1
2021 11  4 14 37    -8.82    10.98     4.21    -648.6     34.70      1.52     3.397       7396    0    1    1    2    2
2021 11  4 14 38    -8.81    11.03     3.87    -648.2     34.40      2.11     3.272       6804    0    1    1    1    1
2021 11  4 14 39    -8.78    11.45     3.10    -648.3     33.55      2.97     3.151       6845    0    0    0    1    0
2021 11  4 14 40    -8.77    11.45     2.05    -648.1     31.66      4.05     3.153       7444    0    0    0    1    0
2021 11  4 14 41    -8.77    11.46     1.98    -647.9     31.00      4.82     3.164       7598    0    0    0    1    0
2021 11  4 14 42    -8.91    11.51     1.98    -648.0     20.16     19.14     3.164       7574    0    0    0    1    0
2021 11  4 14 43    -8.89    11.54     2.03    -647.8     20.51     15.60     3.155       7117    0    0    0    1    0
2021 11  4 14 44    -8.82    11.47     2.15    -648.3     33.56      3.35     3.133       7156    0    0    0    1    0
2021 11  4 14 45    -8.64    11.91     2.19    -651.6     35.09      4.41     3.134       7790    0    0    0    1    0
2021 11  4 14 46    -8.66    12.08     1.94    -651.6     36.00      1.14     3.138       7724    0    0    0    1    0
2021 11  4 14 47    -8.74    12.15     2.15    -652.8     37.25     -3.08     3.122       7448    0    0    0    1    0
2021 11  4 14 48    -8.74    12.13     2.46    -653.7     37.33     -3.55     3.050       7448    0    0    0    1    0
2021 11  4 14 49    -8.74    12.08     2.74    -652.6     37.10     -4.19     2.990       7191    0    0    0    1    0
2021 11  4 14 50    -8.75    12.03     3.11    -649.8     37.24     -5.10     2.983       6336    0    0    0    1    0
2021 11  4 14 51    -8.84    11.85     3.22    -647.9     37.50     -5.08     2.979       6204    0    1    1    1    1
2021 11  4 14 52    -8.88    11.79     3.47    -645.6     38.14     -5.41     2.959       6078    0    1    1    1    1
2021 11  4 14 53    -9.11    11.65     3.44    -644.6     38.39     -6.33     2.938       5944    0    1    1    2    2
2021 11  4 14 54    -9.18    11.63     3.30    -643.7     38.75     -7.12     2.917       5930    0    1    1    1    1
2021 11  4 14 55    -9.19    11.52     3.28    -643.4     38.82     -7.80     2.928       7107    0    0    0    1    0
2021 11  4 14 56    -9.23    11.47     3.16    -643.2     38.68     -8.36     2.957       8283    0    0    0    1    0
2021 11  4 14 57    -9.27    11.39     2.85    -643.2     38.99     -7.90     2.981       8474    0    0    0    1    0
2021 11  4 14 58    -9.30    11.36     2.94    -643.4     39.32     -6.02     2.984       8424    0    0    0    1    0
2021 11  4 14 59    -9.30    11.37     3.17    -643.1     41.49     -5.34     2.976       8047    0    0    0    1    0
2021 11  4 15  0    -9.38    11.37     3.36    -641.7     42.23      1.94     2.974       7975    0    0    0    1    0
2021 11  4 15  1    -9.31    11.46     3.21    -640.2     42.83      6.20     3.078       8880    0    0    0    1    0
2021 11  4 15  2    -9.09    11.50     3.59    -638.1     43.67      9.05     3.236      10016    0    0    0    1    0
2021 11  4 15  3    -8.96    11.24     3.95    -635.4     44.82     11.86     3.335      10482    0    0    0    1    0
2021 11  4 15  4    -8.90    10.99     4.02    -633.1     45.65     13.55     3.362      10482    0    0    0    1    0
2021 11  4 15  5    -8.86    10.98     4.08    -632.2     44.32     10.17     3.215      10443    0    0    0    1    0
2021 11  4 15  6    -8.92    10.97     4.26    -632.2     41.86      4.31     2.972      10199    0    0    0    1    0
2021 11  4 15  7    -9.01    10.99     4.40    -632.7     42.46      4.60     2.985       8570    0    0    0    1    0
2021 11  4 15  8    -9.04    11.15     3.96    -633.8     43.83      4.62     3.039       6493    0    0    0    1    0
2021 11  4 15  9    -9.07    11.31     3.22    -635.1     43.33      3.05     3.119       6711    0    0    0    1    0
2021 11  4 15 10    -9.06    11.37     3.07    -637.4     41.16      1.91     3.161       7898    0    0    0    1    0
2021 11  4 15 11    -9.16    11.35     3.06    -639.2     40.15      1.85     3.193       9223    0    0    0    1    0
2021 11  4 15 12    -9.46    11.22     2.97    -639.2     40.64      1.03     3.207       9962    0    0    0    1    0
2021 11  4 15 13    -9.66    11.14     2.70    -638.3     40.93      1.11     3.207      10164    0    0    0    1    0
2021 11  4 15 14    -9.78    11.12     2.63    -637.7     40.96      1.51     3.205       9908    0    0    0    1    0
2021 11  4 15 15    -9.83    11.14     2.60    -638.4     40.78      0.75     3.193       9423    0    0    0    1    0
2021 11  4 15 16    -9.84    11.16     2.53    -638.4     40.74      0.24     3.186       9104    0    0    0    1    0
2021 11  4 15 17    -9.85    11.16     2.51    -637.8     40.46      0.10     3.175       8904    0    0    0    1    0
2021 11  4 15 18    -9.84    11.16     2.50    -637.4     40.82     -0.13     3.117       8718    0    0    0    1    0
2021 11  4 15 19    -9.74    11.12     2.60    -637.2     41.59     -0.35     3.082       8562    0    0    0    1    0
2021 11  4 15 20    -9.67    11.15     2.94    -637.2     42.43     -0.63     3.099       8503    0    0    0    1    0
2021 11  4 15 21    -9.82    11.11     3.19    -636.6     42.80     -0.76     3.042       8692    0    0    0    1    0
2021 11  4 15 22   -10.05    10.96     3.24    -635.4     43.29     -0.74     2.930       9015    0    0    0    1    0
2021 11  4 15 23   -10.25    10.85     3.22    -634.5     43.92     -0.82     2.817       9880    0    0    0    0    0
2021 11  4 15 24   -10.34    10.82     3.19    -634.4     44.07     -0.92     2.690      10652    0    0    0    0    0
2021 11  4 15 25   -10.33    10.75     3.17    -634.6     44.02     -0.15     2.623      10613    0    0    0    0    0
2021 11  4 15 26   -10.31    10.68     3.22    -634.9     44.02      1.07     2.605       9827    0    0    0    0    0
2021 11  4 15 27   -10.26    10.72     3.30    -635.4     43.46      1.27     2.571       8836    0    0    0    0    0
2021 11  4 15 28   -10.18    10.80     3.35    -636.6     42.55      1.08     2.562       8647    0    0    0    0    0
2021 11  4 15 29   -10.03    10.91     3.53    -637.8     42.25      1.11     2.562       9205    0    0    0    0    0
2021 11  4 15 30   -10.01    10.99     3.81    -639.0     42.31      1.64     2.555      10229    0    0    0    0    0
2021 11  4 15 31   -10.25    10.88     3.95    -640.7     42.65      1.92     2.533      10566    0    0    0    0    0
2021 11  4 15 32   -10.30    10.82     4.07    -640.7     41.91      0.26     2.522       8715    0    0    0    0    0
2021 11  4 15 33   -10.22    10.83     4.11    -640.8     41.06     -0.43     2.469       8057    0    0    0    0    0
2021 11  4 15 34   -10.16    10.82     3.94    -641.2     40.63      0.96     2.445       8305    0    0    0    0    0
2021 11  4 15 35   -10.14    10.68     4.09    -640.7     38.99      1.78     2.443       8542    0    0    0    0    0
2021 11  4 15 36   -10.18    10.57     4.20    -639.9     38.41      1.75     2.443       8598    0    0    0    0    0
2021 11  4 15 37   -10.28    10.50     4.13    -637.9     40.09      1.05     2.463       8733    0    0    0    0    0
2021 11  4 15 38   -10.38    10.47     4.00    -636.4     41.93      1.47     2.475       9356    0    0    0    0    0
2021 11  4 15 39   -10.45    10.54     3.96    -637.5     43.03      2.94     2.559      11007    0    0    0    0    0
2021 11  4 15 40   -10.53    10.59     4.09    -638.9     44.25      1.47     2.631      11887    0    0    0    0    0
2021 11  4 15 41   -10.59    10.52     4.19    -639.5     45.75      0.24     2.639      11913    0    0    0    0    0
2021 11  4 15 42   -10.35    10.48     4.29    -640.3     46.22      0.77     2.444      10910    0    0    0    0    0
2021 11  4 15 43   -10.19    10.49     5.05    -641.4     38.86      0.38     2.316      10399    0    0    0    0    0
2021 11  4 15 44   -10.02    10.53     5.22    -641.4     35.67      0.05     2.279      10360    0    0    0    0    0
2021 11  4 15 45    -9.98    10.60     5.16    -639.2     34.07      0.02     2.272      10585    0    0    0    0    0
2021 11  4 15 46   -10.01    10.60     5.13    -637.1     33.45      0.04     2.272      10693    0    0    0    0    0
2021 11  4 15 47   -10.01    10.67     5.22    -636.7     34.22     -3.81     2.248      10984    0    0    0    0    0
2021 11  4 15 48    -9.98    10.79     5.28    -637.5     34.80     -7.28     2.182      11481    0    0    0    0    0
2021 11  4 15 49    -9.89    10.77     5.24    -639.8     34.31     -7.62     2.151      11663    0    0    0    0    0
2021 11  4 15 50    -9.76    10.68     5.28    -642.6     34.10     -5.29     2.627      10483    0    0    0    0    0
2021 11  4 15 51    -9.69    10.62     5.27    -643.0     34.11     -3.72     3.287       8507    0    0    0    0    0
2021 11  4 15 52    -9.62    10.77     5.21    -646.3     29.59     -2.09     3.443       8166    0    0    0    0    0
2021 11  4 15 53    -9.61    10.92     5.27    -646.9     28.34     -2.04     3.444       8195    0    0    0    0    0
2021 11  4 15 54    -9.57    10.92     5.21    -646.9     28.35     -0.59     3.444       8225    0    0    0    0    0
2021 11  4 15 55    -9.53    10.86     5.20    -645.9     28.59      0.13     3.241       8850    0    0    0    0    0
2021 11  4 15 56    -9.58    10.86     4.91    -642.3     31.98      1.97     2.720       9439    0    1    0    0    0
2021 11  4 15 57    -9.73    10.86     4.50    -639.1     35.27      2.91     2.347      10038    0    1    0    0    0
2021 11  4 15 58    -9.79    10.66     4.33    -637.5     37.04      2.72     2.257      10563    0    1    0    0    0
2021 11  4 15 59    -9.76    10.49     4.28    -637.3     37.40      2.44     2.299      10775    0    1    0    0    0
2021 11  4 16  0    -9.85    10.48     4.30    -638.0     36.61      4.13     2.312      10785    0    1    0    0    0
2021 11  4 16  1   -10.04    10.80     4.13    -640.2     33.95      5.15     2.257      10445    0    1    0    0    0
2021 11  4 16  2   -10.09    11.05     3.92    -639.9     28.25      6.56     1.980       9820    0    1    0    0    0
2021 11  4 16  3   -10.12    11.15     3.90    -638.5     25.43      7.16     1.872       9612    0    1    0    0    0
2021 11  4 16  4   -10.17    11.19     3.92    -637.8     24.28      8.63     1.956       9898    0    1    0    0    0
2021 11  4 16  5   -10.06    11.18     3.89    -638.8     22.00     13.58     2.239      10084    0    0    0    0    0
2021 11  4 16  6    -9.79    11.15     4.29    -639.4     21.04     19.86     2.598       9710    0    0    0    0    0
2021 11  4 16  7    -9.63    11.09     4.77    -639.0     24.23     21.81     2.975       9254    0    0    0    0    0
2021 11  4 16  8    -9.76    11.01     4.62    -637.6     30.95      8.94     3.112       9109    0    0    0    0    0
2021 11  4 16  9   -10.16    10.92     3.48    -636.7     37.49    -14.88     2.903       9880    0    0    0    0    0
2021 11  4 16 10   -10.26    10.77     3.68    -635.9     39.91    -26.98     2.563      10469    0    0    0    0    0
2021 11  4 16 11   -10.16    10.65     4.28    -633.6     38.65    -27.38     2.403      10409    0    0    0    0    0
2021 11  4 16 12   -10.28    10.68     3.91    -631.7     34.32     -4.93     2.492      10245    0    0    0    0    0
2021 11  4 16 13   -10.50    10.72     3.32    -632.4     28.70     36.58     2.709      10088    0    0    0    0    0
2021 11  4 16 14   -10.46    10.78     2.59    -633.0     26.73     35.00     2.796      10028    0    0    0    0    0
2021 11  4 16 15   -10.24    10.92     2.85    -636.9     25.14     28.42     2.750       9939    0    0    0    0    0
2021 11  4 16 16   -10.04    10.56     4.44    -640.1     28.92     14.06     2.559      10002    0    0    0    0    0
2021 11  4 16 17    -9.97    10.41     5.06    -640.8     34.24     14.19     2.452      10441    0    0    0    0    0
2021 11  4 16 18    -9.84    10.43     5.11    -641.9     39.91     15.80     2.299      11036    0    0    0    0    0
2021 11  4 16 19    -9.90    10.37     5.21    -643.3     46.03     15.76     2.179      11037    0    0    0    0    0
2021 11  4 16 20    -9.89    10.36     5.42    -644.0     52.71     15.76     2.179      21189    0    0    0    0    0
2021 11  4 16 21    -9.88    10.35     5.45    -635.4     56.87     15.92     2.181      28639    0    0    0    0    0
2021 11  4 16 22    -9.89    10.32     5.43    -626.2     60.85     16.15     2.179      35917    0    0    0    0    0
2021 11  4 16 23    -9.92    10.24     5.27    -619.9     65.82     16.72     2.166      45603    0    0    0    0    0
2021 11  4 16 24    -9.97    10.22     5.22    -617.4     71.67     18.03     2.156      57558    0    0    0    0    0
2021 11  4 16 25    -9.98    10.23     5.22    -615.3     77.04     20.79     2.146      69796    0    1    0    1    1
2021 11  4 16 26    -9.97    10.23     5.23    -612.8     81.82     24.59     2.135      75570    0    1    0    2    2
2021 11  4 16 27    -9.91    10.20     5.31    -612.2     86.83     29.05     2.124      76675    0    1    0    1    1
2021 11  4 16 28    -9.77    10.21     5.52    -612.1     90.76     29.95     2.075      77844    0    0    0    0    0
2021 11  4 16 29    -9.62    10.30     5.66    -611.0     91.47     28.92     2.026      78991    0    0    0    0    0
2021 11  4 16 30    -9.51    10.39     5.48    -610.9     88.28     30.06     2.031      81385    0    0    0    0    0
2021 11  4 16 31    -9.56    10.43     5.23    -610.5     82.74     30.54     2.049      85374    0    0    0    0    0
2021 11  4 16 32    -9.90    10.34     5.18    -610.4     76.63     29.54     2.104      89386    0    0    0    0    0
2021 11  4 16 33   -10.34    10.12     4.95    -610.7     69.86     25.44     2.164      94155    0    0    0    0    0
2021 11  4 16 34   -10.57    10.29     4.73    -610.7     63.24     21.72     2.166     100945    0    0    0    0    0
2021 11  4 16 35   -10.64    10.28     4.73    -611.2     56.91     18.33     2.123     109626    0    1    1    1    1
2021 11  4 16 36   -10.59     9.82     4.67    -613.1     50.65     14.30     2.012     117193    0    1    2    2    2
2021 11  4 16 37   -10.70     9.77     4.45    -616.3     44.20      8.78     1.895     123101    0    1    1    1    1
2021 11  4 16 38   -10.71     9.91     4.31    -617.5     38.30      7.16     1.939     128549    0    0    0    0    0
2021 11  4 16 39   -10.84     9.95     4.38    -616.6     37.70      4.11     1.980     132863    0    0    0    0    0
2021 11  4 16 40   -10.79     9.77     5.11    -615.6     38.19      0.56     1.992     134252    0    0    0    0    0
2021 11  4 16 41   -10.69     9.66     5.52    -615.2     38.12     -0.62     2.022     134248    0    0    0    0    0
2021 11  4 16 42   -10.67     9.66     5.62    -613.0     38.06     -0.60     2.059     134235    0    0    0    0    0
2021 11  4 16 43   -10.73     9.40     5.88    -610.9     40.93     -5.66     2.158     134223    0    0    0    0    0
2021 11  4 16 44   -10.81     9.03     6.11    -611.3     45.12    -13.06     2.273     134211    0    0    0    0    0
2021 11  4 16 45   -10.71     9.24     6.07    -611.7     42.37    -11.55     2.232     134199    0    0    0    0    0
2021 11  4 16 46   -10.56     9.46     5.98    -610.3     38.70     -9.65     2.171     134187    0    0    0    0    0
2021 11  4 16 47   -10.52     9.34     5.91    -608.4     38.33     -9.63     2.147     134177    0    0    0    0    0
2021 11  4 16 48   -10.51     9.22     5.98    -610.1     39.66     -7.79     2.074     134166    0    0    0    0    0
2021 11  4 16 49   -10.47     9.29     6.30    -611.3     42.03     -4.68     1.969     134140    0    0    0    0    0
2021 11  4 16 50   -10.42     9.36     6.66    -611.4     42.29     -5.46     1.948     134096    0    0    0    0    0
2021 11  4 16 51   -10.31     9.37     6.91    -613.6     43.58     -9.71     1.945     134040    0    0    0    0    0
2021 11  4 16 52   -10.22     9.16     7.63    -627.0     44.89    -12.40     1.973     133925    0    0    0    0    0
2021 11  4 16 53   -10.23     9.16     7.57    -627.0     48.34     -9.03     1.895     133841    0    0    0    0    0
2021 11  4 16 54   -10.22     9.23     7.23    -626.8     58.37      6.65     1.399     133761    0    0    0    0    0
2021 11  4 16 55   -10.15     9.27     7.27    -626.2     64.24     14.45     1.077     133679    0    0    0    0    0
2021 11  4 16 56   -10.12     9.13     7.48    -626.4     63.35     13.57     1.085     133591    0    0    0    0    0
2021 11  4 16 57   -10.18     9.03     7.57    -628.5     55.93      5.93     1.164     133494    0    0    0    0    0
2021 11  4 16 58   -10.26     8.99     7.63    -628.8     53.51      2.76     1.172     133428    0    1    0    0    0
2021 11  4 16 59   -10.25     8.97     7.68    -628.8     49.02     -3.00     1.023     133447    0    1    0    0    0
2021 11  4 17  0   -10.20     8.89     7.76    -628.5     47.22     -4.81     0.944     133463    0    1    0    0    0
2021 11  4 17  1   -10.22     8.77     7.85    -627.3     47.88     -3.49     0.951     133462    0    1    0    0    0
2021 11  4 17  2   -10.30     8.70     7.89    -624.5     47.66     -3.89     0.980     133425    0    1    0    0    0
2021 11  4 17  3   -10.40     8.68     7.89    -622.2     40.77    -16.46     1.550     133341    0    1    0    0    0
2021 11  4 17  4   -10.45     8.62     7.88    -623.2     40.20    -19.33     1.836     133285    0    1    0    0    0
2021 11  4 17  5   -10.38     8.59     7.88    -626.9     40.42    -19.91     2.112     133250    0    1    0    0    0
2021 11  4 17  6   -10.18     8.49     8.01    -630.9     40.42    -19.89     2.286     133267    0    0    0    0    0
2021 11  4 17  7   -10.18     8.34     8.21    -631.9     40.91    -20.35     2.407     133294    0    0    0    0    0
2021 11  4 17  8   -10.20     8.28     8.16    -630.7     41.78    -21.20     2.442     133314    0    0    0    0    0
2021 11  4 17  9   -10.23     8.30     8.07    -628.8     41.78    -21.18     2.420     133325    0    0    0    0    0
2021 11  4 17 10   -10.30     8.32     8.03    -627.8     41.94    -21.22     2.342     133337    0    0    0    0    0
2021 11  4 17 11   -10.25     8.29     8.10    -628.5     43.29    -21.93     2.320     133346    0    0    0    0    0
2021 11  4 17 12   -10.19     8.16     8.35    -629.2     46.31    -24.19     2.283     133343    0    0    0    0    0
2021 11  4 17 13   -10.25     8.05     8.38    -629.4     48.07    -26.17     2.296     133344    0    0    0    0    0
2021 11  4 17 14   -10.45     8.06     8.38    -629.6     48.19    -26.81     2.322     133408    0    0    0    0    0
2021 11  4 17 15   -10.48     8.01     8.36    -629.5     47.93    -26.12     2.322     133613    0    0    0    0    0
2021 11  4 17 16   -10.49     7.83     8.36    -629.6     47.13    -25.24     2.302     133847    0    0    0    0    0
2021 11  4 17 17   -10.39     7.71     8.49    -629.8     48.92    -27.53     2.246     134043    0    0    0    0    0
2021 11  4 17 18   -10.10     7.69     8.89    -629.8     53.22    -23.65     2.248     134099    0    0    0    0    0
2021 11  4 17 19    -9.99     7.67     9.03    -629.0     52.89    -19.62     2.254     134094    0    0    0    0    0
2021 11  4 17 20    -9.97     7.66     9.03    -626.0     58.00    -15.49     2.255     132834    0    0    0    0    0
2021 11  4 17 21   -10.05     7.70     9.00    -623.2     62.93    -11.06     2.255     122070    0    0    0    0    0
2021 11  4 17 22   -10.15     7.73     9.03    -627.5     69.28     -4.85     2.254     106737    0    0    0    0    0
2021 11  4 17 23   -10.03     7.65     9.17    -632.5     75.13      1.35     2.249      89070    0    0    0    0    0
2021 11  4 17 24    -9.90     7.66     9.26    -638.4     80.51      7.48     2.241      71067    0    0    0    0    0
2021 11  4 17 25    -9.93     7.68     9.31    -640.6     85.52     13.48     2.181      65108    0    0    0    0    0
2021 11  4 17 26   -10.05     7.62     9.18    -641.5     90.58     19.77     2.133      64233    0    0    0    0    0
2021 11  4 17 27   -10.09     7.61     9.08    -639.0     95.22     25.57     2.097      63527    0    0    0    0    0
2021 11  4 17 28   -10.15     7.65     8.94    -635.2     99.29     31.03     2.076      62829    0    0    0    0    0
2021 11  4 17 29   -10.11     7.72     8.81    -632.9    100.86     36.78     2.069      60867    0    0    0    0    0
2021 11  4 17 30   -10.06     8.18     8.37    -633.3    101.45     43.18     2.085      57009    0    0    0    0    0
2021 11  4 17 31   -10.38     8.85     7.10    -631.0    104.73     46.69     2.108      53586    0    0    0    0    0
2021 11  4 17 32   -10.74     9.01     5.59    -624.8    106.36     46.66     2.110      50734    0    0    0    0    0
2021 11  4 17 33   -10.95     9.15     5.05    -617.8    102.70     51.13     2.132      47110    0    0    0    0    0
2021 11  4 17 34   -11.03     8.86     4.75    -615.1     95.73     56.28     2.141      40892    0    0    0    0    0
2021 11  4 17 35   -11.01     8.63     4.70    -615.9     89.63     57.83     2.141      32604    0    0    0    0    0
2021 11  4 17 36   -11.01     8.72     4.97    -616.4     88.03     55.49     2.138      26515    0    0    0    0    0
2021 11  4 17 37   -11.05     8.77     5.13    -615.9     90.22     51.77     2.101      21765    0    0    0    0    0
2021 11  4 17 38   -11.22     8.51     5.15    -615.7     86.58     48.09     1.993      16978    0    0    0    0    0
2021 11  4 17 39   -11.53     8.36     5.48    -621.2     76.94     48.98     1.942      11731    0    0    0    0    0
2021 11  4 17 40   -11.06     8.95     5.87    -625.7     68.36     51.51     2.016      11381    0    0    0    0    0
2021 11  4 17 41   -11.06     9.00     5.08    -622.7     62.91     54.77     2.016      10599    0    0    0    0    0
2021 11  4 17 42   -11.01     9.12     5.56    -618.1     57.64     55.55     2.016      10546    0    0    0    0    0
2021 11  4 17 43   -10.99     9.18     5.52    -615.0     52.23     55.72     1.997      11221    0    0    0    0    0
2021 11  4 17 44   -10.97     9.25     5.24    -614.8     46.44     55.04     1.983      17493    0    0    0    0    0
2021 11  4 17 45   -10.97     9.34     5.08    -615.4     41.14     54.45     1.968      22937    0    0    0    0    0
2021 11  4 17 46   -11.12     9.39     5.03    -615.6     43.66     54.00     1.959      23801    0    0    0    0    0
2021 11  4 17 47   -11.19     9.39     5.06    -615.8     46.09     53.84     2.033      18315    0    0    0    0    0
2021 11  4 17 48   -11.12     9.40     5.08    -615.2     43.96     54.47     2.076      12760    0    0    0    0    0
2021 11  4 17 49   -11.04     9.44     4.93    -613.5     42.74     55.39     2.060      11196    0    0    0    0    0
2021 11  4 17 50   -10.92     9.68     4.79    -612.7     44.43     55.89     2.029      11952    0    0    0    0    0
2021 11  4 17 51   -10.82    10.01     4.95    -614.0     46.02     55.91     2.002      13263    0    0    0    0    0
2021 11  4 17 52   -10.80    10.10     5.08    -616.5     42.74     56.11     1.992      13689    0    0    0    0    0
2021 11  4 17 53   -10.73    10.12     4.81    -617.2     33.21     56.30     2.075      11655    0    0    0    0    0
2021 11  4 17 54   -10.91    10.05     4.58    -619.3     22.84     52.45     2.119      10804    0    0    0    0    0
2021 11  4 17 55   -10.65    10.08     4.73    -620.3     21.50     47.00     2.130      11905    0    0    0    0    0
2021 11  4 17 56   -10.90    10.13     5.04    -626.8     25.30     40.73     2.191      17968    0    0    0    0    0
2021 11  4 17 57   -10.64    10.36     5.10    -626.7     24.30     38.76     2.263      17050    0    0    0    0    0
2021 11  4 17 58   -10.48    10.34     5.41    -626.3     18.75     34.30     2.442      10967    0    0    0    0    0
2021 11  4 17 59   -10.48    10.21     4.87    -625.1     18.75     33.29     2.444      10967    0    0    0    0    0
2021 11  4 18  0   -10.53    10.15     4.87    -622.4     18.54     32.43     2.444      10967    0    0    0    0    0
2021 11  4 18  1   -10.89    10.06     4.93    -622.3     17.28     31.33     2.037       8028    0    0    0    0    0
2021 11  4 18  2   -11.24     9.86     4.50    -619.1     17.30     32.79     1.920       7818    0    0    0    0    0
2021 11  4 18  3   -11.27     9.79     4.77    -619.2     21.37     33.02     1.859       8620    0    0    0    0    0
2021 11  4 18  4   -11.15     9.67     4.88    -618.2     22.22     32.96     1.849       8834    0    0    0    0    0
2021 11  4 18  5   -10.94     9.89     4.97    -618.2     21.91     33.21     1.849       8380    0    0    0    0    0
2021 11  4 18  6   -10.88    10.08     5.34    -622.0     38.06     29.71     1.983       7521    0    0    0    0    0
2021 11  4 18  7   -10.91     9.30     6.15    -622.3     39.51     24.85     2.175       7458    0    0    0    0    0
2021 11  4 18  8   -10.63     9.24     6.31    -622.8     15.55     19.90     3.187       9145    0    0    0    0    0
2021 11  4 18  9   -10.05     9.67     6.94    -625.4     14.28     14.55     3.311      10021    0    0    0    0    0
2021 11  4 18 10   -10.11     9.61     6.19    -627.2     15.61      9.30     3.303       9999    0    0    0    0    0
2021 11  4 18 11   -10.52     9.77     5.47    -626.8     24.23     11.03     3.256       9872    0    0    0    0    0
2021 11  4 18 12   -11.08     9.73     5.47    -623.3     31.66     11.05     3.256       9872    0    0    0    0    0
2021 11  4 18 13   -11.29     9.22     6.28    -623.2     34.72     -0.63     3.274      10805    0    0    0    0    0
2021 11  4 18 14   -11.40     8.60     7.42    -625.7     34.47     -0.95     3.270      11143    0    0    0    0    0
2021 11  4 18 15   -11.14     8.63     7.55    -627.0     30.36     -0.30     3.183      10880    0    0    0    0    0
2021 11  4 18 16   -10.45     8.84     7.49    -624.7     27.17     -0.44     2.944       9211    0    0    0    0    0
2021 11  4 18 17   -10.35     9.11     7.33    -622.4     24.85     -3.34     2.723       9142    0    0    0    0    0
2021 11  4 18 18   -10.32     9.20     7.11    -622.2     24.71     -5.15     2.709       9137    0    0    0    0    0
2021 11  4 18 19   -10.35     9.13     7.53    -625.2     26.84     -4.74     2.824       9965    0    0    0    0    0
2021 11  4 18 20   -10.56     9.10     7.75    -627.3     26.26      4.33     2.966       9940    0    0    0    0    0
2021 11  4 18 21   -10.56     9.10     6.84    -623.7     23.06      7.83     3.178       9802    0    0    0    0    0
2021 11  4 18 22   -10.62     9.01     6.50    -619.7     18.58     11.24     3.182       9799    0    0    0    0    0
2021 11  4 18 23   -10.52     8.61     6.43    -618.8     17.53     15.51     3.009      17322    0    0    0    0    0
2021 11  4 18 24   -10.37     8.16     6.83    -618.5     26.61     20.19     2.595      19611    0    0    0    0    0
2021 11  4 18 25   -10.33     8.03     7.37    -618.0     36.25     24.75     2.399       9901    0    0    0    0    0
2021 11  4 18 26   -10.59     8.23     7.51    -620.7     46.45     29.49     2.371       6449    0    0    0    0    0
2021 11  4 18 27   -10.71     8.58     7.52    -625.1     56.63     34.11     2.966       6946    0    0    0    0    0
2021 11  4 18 28   -10.71     8.59     7.60    -623.6     61.37     37.31     2.966       7264    0    0    0    0    0
2021 11  4 18 29   -10.47     8.42     8.19    -619.7     61.15     40.19     2.776       7555    0    0    0    0    0
2021 11  4 18 30   -10.41     8.19     8.40    -615.9     61.06     43.28     2.731       8195    0    0    0    0    0
2021 11  4 18 31   -10.44     7.99     8.39    -613.9     63.81     46.91     2.759       8631    0    0    0    0    0
2021 11  4 18 32   -10.56     7.88     8.29    -613.5     66.22     51.29     2.809       8826    0    0    0    0    0
2021 11  4 18 33   -10.71     7.72     8.22    -613.5     68.89     50.40     2.940       8918    0    0    0    0    0
2021 11  4 18 34   -10.77     7.62     8.20    -614.7     70.75     48.47     3.036       8910    0    0    0    0    0
2021 11  4 18 35   -10.82     7.56     8.14    -617.1     70.36     51.07     2.953       8640    0    0    0    0    0
2021 11  4 18 36   -11.07     7.32     7.99    -615.9     66.58     54.35     2.917       8526    0    0    0    0    0
2021 11  4 18 37   -11.28     7.02     7.85    -612.5     64.33     55.82     2.918       8600    0    0    0    0    0
2021 11  4 18 38   -11.37     6.87     7.87    -610.7     64.14     55.26     2.920       8678    0    0    0    0    0
2021 11  4 18 39   -11.12     7.07     8.11    -614.1     64.15     54.17     2.585       7423    0    0    0    0    0
2021 11  4 18 40   -10.94     7.08     8.19    -615.9     63.34     59.55     2.125       6399    0    0    0    0    0
2021 11  4 18 41   -10.95     6.94     8.19    -616.0     65.80     63.10     2.016       9269    0    0    0    0    0
2021 11  4 18 42   -10.93     6.70     8.23    -616.2     70.32     51.62     2.246      14410    0    1    1    0    0
2021 11  4 18 43   -10.86     6.55     8.28    -616.4     74.95     45.33     2.411      19819    0    1    1    0    0
2021 11  4 18 44   -11.10     6.54     8.27    -616.5     80.24     45.03     2.434      25174    0    1    1    0    0
2021 11  4 18 45   -11.38     6.46     8.16    -616.8     82.95     44.50     2.411      29384    0    1    1    0    0
2021 11  4 18 46   -11.42     6.45     8.33    -617.1     84.91     43.59     2.319      33026    0    0    0    0    0
2021 11  4 18 47   -11.22     6.41     8.50    -616.8     85.72     42.74     2.231      36575    0    0    0    0    0
2021 11  4 18 48   -11.17     6.38     8.61    -615.9     83.78     44.44     2.207      40302    0    0    0    0    0
2021 11  4 18 49   -11.29     6.42     8.35    -615.4     82.30     47.60     2.232      45247    0    0    0    0    0
2021 11  4 18 50   -11.28     6.44     8.22    -615.5     84.13     46.37     2.293      52652    0    0    0    0    0
2021 11  4 18 51   -11.30     6.33     8.61    -616.1     85.26     44.18     2.320      61155    0    0    0    0    0
2021 11  4 18 52   -11.39     6.02     8.71    -614.5     86.68     42.24     2.320      66551    0    0    0    0    0
2021 11  4 18 53   -11.44     5.35     8.90    -611.8     90.08     39.55     2.340      70039    0    0    0    0    0
2021 11  4 18 54   -11.61     4.59     9.02    -609.3     95.33     35.91     2.377      73240    0    0    0    0    0
2021 11  4 18 55   -11.95     4.25     8.56    -607.6    102.28     31.56     2.402      75527    0    0    0    0    0
2021 11  4 18 56   -11.93     4.14     8.64    -608.1    109.73     29.68     2.366      75403    0    0    0    0    0
2021 11  4 18 57   -11.84     3.91     8.92    -610.0    113.61     31.37     2.235      75448    0    0    0    0    0
2021 11  4 18 58   -11.90     3.96     8.87    -614.1    114.42     32.47     2.176      75485    0    0    0    0    0
2021 11  4 18 59   -11.76     4.01     8.59    -616.6    111.53     33.65     2.202      75504    0    0    0    0    0
2021 11  4 19  0   -11.58     4.02     8.43    -616.5    109.84     34.00     2.381      75517    0    0    0    0    0
2021 11  4 19  1   -11.44     4.54     8.59    -616.1    104.53     34.91     2.463      75523    0    0    0    0    0
2021 11  4 19  2   -11.38     5.17     8.57    -615.4     98.87     35.87     2.419      75523    0    0    0    0    0
2021 11  4 19  3   -11.51     4.80     8.53    -615.0     95.41     36.36     2.229      75519    0    0    0    0    0
2021 11  4 19  4   -11.59     4.21     8.63    -614.8     94.33     36.47     2.121      75513    0    0    0    0    0
2021 11  4 19  5   -11.39     4.05     8.94    -614.4     92.92     37.01     2.096      75506    0    0    0    0    0
2021 11  4 19  6   -11.22     3.99     9.19    -614.4     88.78     38.44     2.076      75501    0    0    0    0    0
2021 11  4 19  7   -11.14     3.96     9.24    -615.5     85.75     41.16     2.039      75498    0    0    0    0    0
2021 11  4 19  8   -11.10     4.15     9.21    -616.6     85.42     43.91     1.979      75492    0    0    0    0    0
2021 11  4 19  9   -11.10     4.32     9.17    -617.3     87.04     44.77     1.961      75495    0    0    0    0    0
2021 11  4 19 10   -11.12     5.29     8.63    -618.1     86.43     45.70     2.032      75539    0    1    1    0    0
2021 11  4 19 11   -11.08     5.62     8.44    -617.6     81.83     46.74     2.057      75596    0    1    1    0    0
2021 11  4 19 12   -11.09     6.19     8.44    -616.5     74.39     51.42     2.057      75628    0    1    1    0    0
2021 11  4 19 13   -11.07     6.67     8.54    -615.2     64.97     54.76     2.087      75604    0    1    2    0    0
2021 11  4 19 14   -11.09     6.50     8.40    -614.0     56.59     56.46     2.106      75545    0    1    1    0    0
2021 11  4 19 15   -11.21     6.58     7.70    -612.4     52.71     55.58     1.462      75482    0    0    0    0    0
2021 11  4 19 16   -11.30     6.85     7.13    -611.3     52.17     51.98     0.756      75425    0    0    0    0    0
2021 11  4 19 17   -11.27     6.66     7.32    -611.2     50.45     47.58     0.827      75373    0    0    0    0    0
2021 11  4 19 18   -11.22     6.49     7.65    -610.1     48.17     42.93     0.986      75336    0    0    0    0    0
2021 11  4 19 19   -11.21     6.37     7.85    -607.3     50.00     38.50     1.171      75318    0    1    0    1    0
2021 11  4 19 20   -11.17     6.24     7.86    -604.3     56.10     33.88     1.462      75305    0    1    0    2    0
2021 11  4 19 21   -11.17     6.15     7.88    -602.3     56.59     28.81     1.772      75292    0    1    0    2    0
2021 11  4 19 22   -11.20     6.16     8.34    -610.6     46.69     20.54     2.245      75237    0    1    1    1    0
2021 11  4 19 23   -11.23     6.16     8.55    -611.4     45.99     14.22     2.406      75163    0    0    0    0    0
2021 11  4 19 24   -11.26     6.09     8.54    -611.8     46.94      8.00     2.236      75078    0    0    0    0    0
2021 11  4 19 25   -11.26     5.90     8.53    -612.6     47.69      1.56     2.108      75002    0    0    0    0    0
2021 11  4 19 26   -11.32     5.73     8.57    -613.2     48.00     -5.00     2.205      74958    0    0    0    0    0
2021 11  4 19 27   -11.35     5.78     8.70    -613.2     48.32    -11.43     2.391      74942    0    0    0    0    0
2021 11  4 19 28   -11.28     5.81     8.82    -612.6     49.20    -14.96     2.478      74926    0    0    0    0    0
2021 11  4 19 29   -11.20     5.75     8.88    -613.0     49.81    -15.44     2.478      74854    0    0    0    0    0
2021 11  4 19 30   -11.16     5.73     8.92    -614.3     50.46    -18.19     2.567      74722    0    0    0    0    0
2021 11  4 19 31   -11.13     5.68     9.05    -615.3     50.61    -20.42     2.641      74636    0    0    0    0    0
2021 11  4 19 32   -11.12     5.49     9.12    -615.8     51.45    -20.89     2.631      74583    0    1    1    1    1
2021 11  4 19 33   -11.05     5.30     9.18    -616.8     53.20    -21.51     2.608      74525    0    1    2    2    2
2021 11  4 19 34   -10.89     5.62     9.27    -619.0     55.04    -22.17     2.585      74451    0    1    2    2    2
2021 11  4 19 35   -10.74     5.80     8.70    -620.0     56.80    -22.52     2.562      74376    0    1    2    2    2
2021 11  4 19 36   -10.72     5.82     9.01    -621.4     58.58    -18.32     2.539      74296    0    1    2    2    2
2021 11  4 19 37   -10.77     5.50     9.30    -622.8     60.35    -16.66     2.516      74211    0    1    1    1    1
2021 11  4 19 38   -10.79     4.96     9.49    -622.2     57.87    -15.04     2.524      74130    0    0    0    0    0
2021 11  4 19 39   -10.61     4.91     9.41    -621.6     52.95    -12.96     2.544      74047    0    0    0    0    0
2021 11  4 19 40   -10.58     5.23     9.39    -618.7     47.87    -11.00     2.546      73987    0    0    0    0    0
2021 11  4 19 41   -10.75     6.10     8.79    -617.3     42.04     -9.69     2.581      73925    0    0    0    0    0
2021 11  4 19 42   -10.54     6.69     8.17    -616.6     35.45     -8.54     2.630      70274    0    0    0    0    0
2021 11  4 19 43   -10.36     6.97     7.99    -616.7     31.59    -12.08     2.661      64836    0    0    0    0    0
2021 11  4 19 44   -10.32     7.16     8.29    -614.1     30.85    -15.81     2.681      60063    0    0    0    0    0
2021 11  4 19 45   -10.30     7.21     8.59    -609.4     32.89    -17.27     2.690      56439    0    0    0    0    0
2021 11  4 19 46   -10.30     7.16     8.75    -605.0     36.95    -17.31     2.672      53558    0    0    0    0    0
2021 11  4 19 47   -10.37     7.00     8.85    -611.5     38.16    -17.29     2.458      48849    0    0    0    0    0
2021 11  4 19 48   -10.43     6.57     8.93    -616.3     37.72    -16.32     2.283      44155    0    0    0    0    0
2021 11  4 19 49   -10.48     6.37     8.98    -616.3     37.48    -15.78     2.204      39071    0    0    0    0    0
2021 11  4 19 50   -10.58     6.00     9.15    -616.1     44.12    -13.68     2.124      31644    0    0    0    0    0
2021 11  4 19 51   -10.62     5.62     9.61    -615.8     48.37     -9.89     2.096      23349    0    0    0    0    0
2021 11  4 19 52   -10.66     5.48     9.83    -615.1     49.39     -5.92     2.106      17741    0    0    0    0    0
2021 11  4 19 53   -10.82     4.97     9.82    -614.7     51.73     -1.96     2.163      13902    0    0    0    0    0
2021 11  4 19 54   -11.01     4.70     9.73    -614.6     57.29      2.01     2.200      10276    0    1    0    0    0
2021 11  4 19 55   -11.08     4.78     9.65    -614.1     64.72      5.72     2.200       9380    0    1    0    0    0
2021 11  4 19 56   -11.08     4.88     9.66    -613.2     73.10      9.39     2.200       9861    0    1    1    0    0
2021 11  4 19 57   -10.92     5.05     9.71    -612.7     82.37     13.33     2.200       9495    0    1    1    0    0
2021 11  4 19 58   -10.70     4.95     9.82    -612.9     91.70     17.44     2.149       8941    0    0    0    0    0
2021 11  4 19 59   -10.68     4.59     9.90    -613.1    100.75     21.72     2.098       8590    0    0    0    0    0
2021 11  4 20  0   -10.82     4.39     9.90    -613.5    108.77     26.37     2.112       8326    0    0    0    0    0
2021 11  4 20  1   -10.97     4.29     9.88    -613.7    112.15     31.21     2.153       8241    0    0    0    0    0
2021 11  4 20  2   -11.02     4.10     9.92    -613.3    112.64     35.86     2.205       8241    0    0    0    0    0
2021 11  4 20  3   -10.97     3.84    10.05    -612.5    113.73     37.13     2.279       8046    0    0    0    0    0
2021 11  4 20  4   -10.92     3.79    10.15    -612.0    114.73     36.03     2.332       7832    0    0    0    0    0
2021 11  4 20  5   -10.96     3.94    10.11    -612.2    114.55     37.37     2.325       7835    0    0    0    0    0
2021 11  4 20  6   -11.06     4.03    10.02    -612.7    109.54     40.82     2.298       8113    0    0    0    0    0
2021 11  4 20  7   -11.11     4.28     9.94    -613.6    102.69     43.52     2.278       8486    0    0    0    0    0
2021 11  4 20  8   -11.16     4.29     9.90    -614.1    100.33     43.08     2.313       8567    0    0    0    0    0
2021 11  4 20  9   -11.17     4.16     9.87    -614.0    101.88     41.82     2.400       8567    0    0    0    0    0
2021 11  4 20 10   -11.09     4.12     9.86    -614.0    103.16     42.54     2.447       8543    0    0    0    0    0
2021 11  4 20 11   -10.92     4.09     9.89    -614.0    102.83     43.55     2.394       8524    0    0    0    0    0
2021 11  4 20 12   -10.68     4.00    10.10    -614.2    101.49     43.61     2.255       8282    0    0    0    0    0
2021 11  4 20 13   -10.57     3.97    10.25    -614.3     99.81     43.26     2.128       7808    0    0    0    0    0
2021 11  4 20 14   -10.60     4.10    10.09    -613.8     95.61     44.03     2.088       7591    0    0    0    0    0
2021 11  4 20 15   -10.61     4.60     9.69    -612.7     90.15     46.52     2.167       7835    0    0    0    0    0
2021 11  4 20 16   -10.58     5.05     9.40    -612.4     87.84     49.05     2.256       8154    0    0    0    0    0
2021 11  4 20 17   -10.58     5.05     9.43    -613.8     91.25     49.25     2.258       8304    0    1    0    1    1
2021 11  4 20 18   -10.59     4.91     9.54    -614.7     95.27     51.86     2.247       8451    0    1    0    2    2
2021 11  4 20 19   -10.57     4.80     9.61    -611.3     90.06     56.80     2.238       8510    0    1    0    1    1
2021 11  4 20 20   -10.53     4.75     9.62    -604.8     81.56     60.49     2.227       8527    0    0    0    0    0
2021 11  4 20 21   -10.52     4.76     9.63    -595.7     80.20     60.94     2.207       8605    0    0    0    0    0
2021 11  4 20 22   -10.52     4.77     9.63    -590.9     76.48     59.90     2.196       9066    0    0    0    0    0
2021 11  4 20 23   -10.53     5.42     9.31    -591.9     61.61     58.06     2.137      10284    0    0    0    0    0
2021 11  4 20 24   -10.52     6.10     8.91    -592.0     46.72     58.44     2.057      11596    0    0    0    0    0
2021 11  4 20 25   -10.45     6.03     8.59    -595.7     43.65     61.50     1.959      13096    0    0    0    0    0
2021 11  4 20 26   -10.41     6.29     8.31    -598.0     53.73     60.95     1.772      14550    0    0    0    0    0
2021 11  4 20 27   -10.22     6.41     8.25    -598.2     58.75     59.96     1.643      17927    0    0    0    0    0
2021 11  4 20 28   -10.01     6.76     8.90    -608.0     53.20     57.41     1.382      24101    0    0    0    0    0
2021 11  4 20 29   -10.03     7.54     8.20    -611.5     43.81     58.76     1.342      27026    0    0    0    0    0
2021 11  4 20 30    -9.53     9.45     6.91    -625.2     29.12     60.26     2.562      12358    0    0    0    0    0
2021 11  4 20 31    -9.55     9.38     6.78    -626.1     29.83     58.69     2.558      12622    0    0    0    0    0
2021 11  4 20 32    -9.80     8.90     6.66    -625.9     33.72     57.72     2.500      15226    0    0    0    0    0
2021 11  4 20 33   -10.14     8.32     6.80    -623.7     33.72     57.73     2.247      17540    0    0    0    0    0
2021 11  4 20 34   -10.32     7.72     7.39    -616.9     33.72     57.82     2.055      17540    0    0    0    0    0
2021 11  4 20 35   -10.60     7.40     7.65    -610.6     33.75     58.53     1.901      16539    0    0    0    0    0
2021 11  4 20 36   -10.85     7.31     7.64    -606.0     34.03     59.80     1.797      14710    0    0    0    0    0
2021 11  4 20 37   -10.51     7.30     7.60    -608.4     35.35     61.15     1.797      12928    0    0    0    0    0
2021 11  4 20 38   -10.34     7.33     7.69    -609.0     35.77     64.57     1.781      11801    0    0    0    0    0
2021 11  4 20 39   -10.35     7.35     7.69    -610.3     36.70     70.88     1.745      11713    0    0    0    0    0
2021 11  4 20 40   -10.22     7.30     7.99    -608.7     39.17     69.74     2.005      11521    0    0    0    0    0
2021 11  4 20 41    -9.85     7.25     8.69    -604.5     41.46     66.46     2.592      11069    0    0    0    0    0
2021 11  4 20 42    -9.85     7.26     8.88    -601.3     41.67     66.19     2.592      10075    0    0    0    0    0
2021 11  4 20 43    -9.67     7.25     9.00    -601.1     41.69     69.12     2.592      10009    0    0    0    0    0
2021 11  4 20 44    -9.39     7.55     8.96    -605.2     30.83     83.95     2.633      10641    0    0    0    0    0
2021 11  4 20 45    -9.19     7.41     8.78    -614.5     27.73     78.71     2.670      11525    0    0    0    0    0
2021 11  4 20 46    -9.25     7.29     8.73    -612.2     27.70     72.82     2.532      12057    0    0    0    0    0
2021 11  4 20 47    -9.54     7.35     8.65    -610.0     28.82     68.17     2.264      12359    0    0    0    0    0
2021 11  4 20 48    -9.66     7.48     8.69    -610.5     28.08     63.44     2.028      12891    0    0    0    0    0
2021 11  4 20 49    -9.76     7.28     8.63    -610.3     31.43     65.76     1.959      12734    0    0    0    0    0
2021 11  4 20 50   -10.10     6.81     8.47    -610.2     35.76     69.21     1.957      12456    0    0    0    0    0
2021 11  4 20 51   -10.35     6.74     8.31    -608.3     39.69     66.89     1.952      12268    0    0    0    0    0
2021 11  4 20 52   -10.26     6.76     8.36    -604.2     39.76     61.48     1.952      11905    0    0    0    0    0
2021 11  4 20 53   -10.45     6.37     8.57    -603.6     40.72     60.73     1.948      11954    0    0    0    0    0
2021 11  4 20 54   -10.45     5.70     8.71    -602.0     46.03     61.30     1.948      12691    0    0    0    0    0
2021 11  4 20 55   -10.45     5.89     8.39    -599.9     51.07     63.62     1.964      13969    0    0    0    0    0
2021 11  4 20 56   -10.06     6.13     8.19    -599.4     52.15     64.14     2.238      14321    0    0    0    0    0
2021 11  4 20 57   -10.14     6.20     8.42    -607.0     49.86     57.58     2.253      14349    0    0    0    0    0
2021 11  4 20 58   -10.65     6.18     8.43    -606.7     49.93     52.63     2.153      14904    0    0    0    0    0
2021 11  4 20 59   -10.66     5.97     8.48    -604.6     50.26     48.60     2.139      17124    0    0    0    0    0
2021 11  4 21  0   -10.74     5.86     8.48    -600.0     50.67     45.54     2.126      17124    0    0    0    0    0
2021 11  4 21  1   -10.80     5.84     8.61    -599.4     50.74     44.58     1.666       9664    0    0    0    0    0
2021 11  4 21  2   -10.97     5.63     8.37    -600.3     53.66     43.71     1.594       8494    0    0    0    0    0
2021 11  4 21  3   -11.04     5.61     8.34    -600.7     38.60     37.10     1.901       9944    0    0    0    0    0
2021 11  4 21  4   -11.44     5.79     7.42    -603.2     45.30     35.18     2.121      11693    0    0    0    0    0
2021 11  4 21  5   -11.65     5.93     7.32    -603.1     47.70     33.79     2.130      11647    0    0    0    0    0
2021 11  4 21  6   -11.65     5.68     7.08    -602.2     49.58     32.42     2.313      10728    0    0    0    0    0
2021 11  4 21  7   -11.76     5.60     6.97    -601.6     54.74     30.76     2.417      10728    0    0    0    0    0
2021 11  4 21  8   -11.88     5.38     7.14    -601.5     60.18     36.55     2.584      11272    0    0    0    0    0
2021 11  4 21  9   -10.92     5.64     8.20    -604.8     66.23     43.19     2.573      11242    0    0    0    0    0
2021 11  4 21 10   -10.28     5.72     8.74    -607.5     72.36     48.69     2.452      10783    0    0    0    0    0
2021 11  4 21 11   -10.34     5.72     8.68    -604.0     75.32     52.18     2.436      10385    0    0    0    0    0
2021 11  4 21 12   -10.48     5.72     8.52    -599.1     73.69     54.91     2.400      10029    0    0    0    0    0
2021 11  4 21 13   -10.47     5.72     8.54    -602.3     72.83     54.10     2.475       9952    0    0    0    0    0
2021 11  4 21 14    -9.49     5.55     9.82    -612.3     67.46     48.27     2.590      10502    0    0    0    0    0
2021 11  4 21 15    -9.51     5.69     9.69    -613.5     66.38     49.14     2.512      10199    0    0    0    0    0
2021 11  4 21 16    -9.58     5.72     9.53    -613.2     66.79     50.05     2.405       9736    0    0    0    0    0
2021 11  4 21 17    -9.68     5.58     9.47    -611.9     66.90     50.34     2.371       9559    0    0    0    0    0
2021 11  4 21 18    -9.79     5.43     9.46    -611.2     66.40     49.73     2.429       9730    0    0    0    0    0
2021 11  4 21 19    -9.75     5.36     9.48    -610.2     67.37     48.00     2.508      10002    0    0    0    0    0
2021 11  4 21 20    -9.67     5.28     9.48    -607.6     70.17     46.91     2.515      10071    0    0    0    0    0
2021 11  4 21 21    -9.82     5.21     9.34    -603.4     73.07     46.63     2.537      10050    0    0    0    0    0
2021 11  4 21 22    -9.95     5.07     9.25    -600.9     71.97     47.37     2.537       9740    0    0    0    0    0
2021 11  4 21 23   -10.04     5.06     9.31    -600.9     72.22     48.18     2.548       9388    0    0    0    0    0
2021 11  4 21 24   -10.09     5.02     9.32    -602.4     75.98     42.39     2.549       9018    0    0    0    0    0
2021 11  4 21 25   -10.07     5.11     9.40    -606.1     66.19     36.50     2.546       8808    0    0    0    0    0
2021 11  4 21 26    -9.77     5.82     9.43    -610.4     59.05     30.86     2.546       8859    0    0    0    0    0
2021 11  4 21 27    -9.98     5.55     9.26    -610.3     59.53     26.36     2.545       9383    0    0    0    0    0
2021 11  4 21 28   -10.42     5.09     9.03    -609.8     52.47     21.91     2.474      10569    0    0    0    0    0
2021 11  4 21 29   -10.62     4.83     9.02    -608.9     46.67     17.50     2.386      11465    0    0    0    0    0
2021 11  4 21 30   -10.60     4.87     9.06    -607.1     42.29     13.24     2.512      11619    0    0    0    0    0
2021 11  4 21 31   -10.32     4.99     9.15    -604.1     38.33      9.25     2.721      11538    0    0    0    0    0
2021 11  4 21 32    -9.94     5.19     9.21    -603.2     34.30      4.94     3.044      10562    0    0    0    0    0
2021 11  4 21 33    -9.84     5.11     9.25    -604.3     30.54      0.43     3.018       9706    0    0    0    0    0
2021 11  4 21 34    -9.71     4.82     9.27    -610.0     33.28     -5.16     2.678       9892    0    0    0    0    0
2021 11  4 21 35    -9.88     4.65     9.28    -610.8     36.08    -10.26     2.538      10212    0    0    0    0    0
2021 11  4 21 36    -9.89     4.64     9.29    -609.6     36.55    -13.06     2.538      10212    0    0    0    0    0
2021 11  4 21 37    -9.85     4.60     9.30    -607.5     35.41    -11.51     2.487      10139    0    0    0    0    0
2021 11  4 21 38    -9.86     4.43     9.32    -607.8     31.90     -9.11     2.323       9720    0    0    0    0    0
2021 11  4 21 39    -9.89     4.28     9.38    -605.7     32.50     -9.42     2.297       9185    0    0    0    0    0
2021 11  4 21 40    -9.86     4.26     9.46    -600.4     35.30    -10.90     2.297       9185    0    0    0    0    0
2021 11  4 21 41    -9.80     4.06     9.86    -602.1     36.13    -17.21     2.473       9209    0    0    0    0    0
2021 11  4 21 42    -9.58     4.21    10.05    -611.0     38.48    -22.42     2.706       9365    0    0    0    0    0
2021 11  4 21 43    -9.62     4.04    10.00    -609.5     41.05    -21.38     2.764       9116    0    0    0    0    0
2021 11  4 21 44    -9.67     3.74     9.88    -605.1     40.53    -19.02     2.814       8622    0    0    0    0    0
2021 11  4 21 45    -9.67     3.61     9.69    -597.4     37.96    -17.13     2.814       8547    0    0    0    0    0
2021 11  4 21 46    -9.75     4.54     9.57    -595.6     33.49    -12.79     2.768       8518    0    0    0    0    0
2021 11  4 21 47    -9.72     4.94     9.51    -607.7     35.75    -12.81     2.591       8461    0    0    0    0    0
2021 11  4 21 48    -9.49     4.80     9.42    -611.0     47.46    -17.96     2.556       8294    0    0    0    0    0
2021 11  4 21 49    -9.46     5.00     9.40    -610.0     47.70    -15.68     2.586       8619    0    0    0    0    0
2021 11  4 21 50    -9.45     5.11     9.37    -608.4     45.65    -11.37     2.638       9633    0    0    0    0    0
2021 11  4 21 51    -9.22     5.44     9.33    -609.1     38.02    -10.42     2.633      10783    0    0    0    0    0
2021 11  4 21 52    -9.08     5.65     9.30    -610.6     29.21    -16.11     2.387      10745    0    0    0    0    0
2021 11  4 21 53    -9.13     5.41     9.32    -611.0     23.79    -24.65     2.035      10245    0    0    0    0    0
2021 11  4 21 54    -9.17     5.19     9.36    -611.5     23.79    -21.54     2.275       9618    0    0    0    0    0
2021 11  4 21 55    -9.15     5.42     9.30    -611.2     21.97    -12.98     2.588      10173    0    0    0    0    0
2021 11  4 21 56    -9.07     5.59     9.25    -610.4     19.45     -6.72     2.584      10942    0    0    0    0    0
2021 11  4 21 57    -8.99     5.56     9.24    -609.5     21.60     -9.00     2.579      10430    0    0    0    0    0
2021 11  4 21 58    -8.96     5.49     9.27    -609.2     25.80    -13.45     2.643       9431    0    0    0    0    0
2021 11  4 21 59    -8.85     5.47     9.25    -609.4     25.80    -12.63     2.849       9431    0    0    0    0    0
2021 11  4 22  0    -8.90     5.47     9.20    -609.3     26.09    -10.34     3.028       9421    0    0    0    0    0
2021 11  4 22  1    -9.28     5.27     9.21    -609.0     26.94     -7.84     3.109       9402    0    0    0    0    0
2021 11  4 22  2    -9.53     4.87     9.41    -609.6     27.55     -5.41     3.088       9402    0    0    0    0    0
2021 11  4 22  3    -9.41     4.89     9.62    -609.8     27.53     -6.66     3.050       9356    0    0    0    0    0
2021 11  4 22  4    -9.05     4.87     9.63    -610.7     27.19    -12.54     3.088       8865    0    0    0    0    0
2021 11  4 22  5    -8.80     4.82     9.74    -611.3     26.72    -18.68     3.194       8236    0    0    0    0    0
2021 11  4 22  6    -8.93     4.58     9.84    -610.8     26.72    -19.48     3.307       8240    0    0    0    0    0
2021 11  4 22  7    -9.14     4.35     9.68    -610.6     26.79    -20.04     3.375       9236    0    0    0    0    0
2021 11  4 22  8    -9.24     4.46     9.43    -610.0     27.49    -20.93     3.258      12222    0    0    0    0    0
2021 11  4 22  9    -9.25     4.97     9.40    -609.0     29.47    -21.94     3.050      14788    0    0    0    0    0
2021 11  4 22 10    -9.15     5.18     9.40    -608.9     31.53    -23.83     3.035      14377    0    0    0    0    0
2021 11  4 22 11    -9.03     4.81     9.49    -609.0     31.53    -23.82     3.170      12054    0    0    0    0    0
2021 11  4 22 12    -8.60     4.40     9.93    -609.3     31.49    -23.22     3.464       8954    0    0    0    0    0
2021 11  4 22 13    -8.69     3.97    10.19    -612.4     31.42    -22.00     3.497       8972    0    0    0    0    0
2021 11  4 22 14    -8.73     4.42     9.88    -615.4     25.05    -18.59     3.560       9014    0    0    0    0    0
2021 11  4 22 15    -8.09     6.23     9.31    -615.4     17.22    -14.44     3.680       9325    0    0    0    0    0
2021 11  4 22 16    -7.88     7.27     8.98    -615.4     10.95    -11.15     3.742       9510    0    0    0    0    0
2021 11  4 22 17    -8.38     6.87     9.04    -614.7      8.54     -8.92     3.745       9801    0    0    0    0    0
2021 11  4 22 18    -8.82     6.55     9.15    -612.0     10.16     -7.47     3.747      10115    0    0    0    0    0
2021 11  4 22 19    -9.00     6.39     9.26    -609.2     12.07     -6.24     3.747      10446    0    0    0    0    0
2021 11  4 22 20    -8.99     6.08     9.32    -609.3     11.66     -5.51     3.681      10860    0    0    0    0    0
2021 11  4 22 21    -8.94     5.83     9.47    -609.7     10.82     -5.71     3.546      10644    0    0    0    0    0
2021 11  4 22 22    -8.88     5.32     9.80    -610.0     17.74    -10.30     3.562      10243    0    0    0    0    0
2021 11  4 22 23    -8.87     4.56    10.20    -610.6     31.57    -18.90     3.590      10343    0    0    0    0    0
2021 11  4 22 24    -8.84     3.64    10.30    -610.9     35.38    -21.58     3.500      10494    0    0    0    0    0
2021 11  4 22 25    -8.87     3.80    10.35    -611.3     36.58    -22.58     3.339      10108    0    0    0    0    0
2021 11  4 22 26    -8.91     4.13    10.08    -611.3     35.67    -22.57     3.287       9603    0    0    0    0    0
2021 11  4 22 27    -8.89     4.57     9.73    -611.8     34.47    -22.99     3.250       9175    0    0    0    0    0
2021 11  4 22 28    -8.58     4.71     9.84    -612.7     34.46    -23.49     3.185       8664    0    0    0    0    0
2021 11  4 22 29    -8.30     4.32    10.18    -613.0     34.46    -23.50     3.153       8423    0    0    0    0    0
2021 11  4 22 30    -8.31     4.03    10.39    -612.9     31.26    -22.60     3.169       8181    0    0    0    0    0
2021 11  4 22 31    -8.36     4.26    10.25    -612.8     24.89    -18.89     3.186       8453    0    0    0    0    0
2021 11  4 22 32    -8.37     4.36    10.22    -614.8     21.70    -12.89     3.194       8839    0    0    0    0    0
2021 11  4 22 33    -8.30     3.90    10.11    -617.5     25.83     -6.88     3.200       9719    0    0    0    0    0
2021 11  4 22 34    -8.18     3.54    10.55    -618.1     37.09     -1.48     3.200      10144    0    0    0    0    0
2021 11  4 22 35    -8.14     3.24    10.73    -618.0     40.57      3.79     3.177      10179    0    0    0    0    0
2021 11  4 22 36    -7.93     3.14    10.72    -617.9     32.43      9.12     3.101      10179    0    0    0    0    0
2021 11  4 22 37    -7.66     3.41    10.45    -616.7     19.28     14.26     3.077      11360    0    0    0    0    0
2021 11  4 22 38    -7.54     4.82     9.71    -612.5     12.45     18.67     3.107      11923    0    0    0    0    0
2021 11  4 22 39    -7.51     6.37     9.02    -606.6      7.97     22.55     3.159      11923    0    0    0    0    0
2021 11  4 22 40    -7.53     6.92     8.91    -599.3      0.08     26.01     3.222      11923    0    0    0    0    0
2021 11  4 22 41    -7.62     6.72     9.04    -596.6     -2.96     30.45     3.236      12773    0    0    0    0    0
2021 11  4 22 42    -7.67     6.19     9.36    -596.2     -3.21     35.35     3.196      13105    0    0    0    0    0
2021 11  4 22 43    -7.76     5.57    10.00    -613.8      9.43     45.34     2.431      18972    0    0    0    0    0
2021 11  4 22 44    -7.79     5.57    10.15    -621.8     19.85     53.76     1.647      32143    0    0    0    0    0
2021 11  4 22 45    -7.83     5.95     9.90    -624.9     18.18     60.62     1.472      32992    0    0    0    0    0
2021 11  4 22 46    -7.90     5.95     9.83    -627.3     12.48     64.74     1.357      30405    0    0    0    0    0
2021 11  4 22 47    -7.88     5.82     9.88    -627.3      9.94     62.03     1.328      29876    0    0    0    0    0
2021 11  4 22 48    -7.83     5.26    10.18    -627.2     14.60     61.01     1.307      29787    0    0    0    0    0
2021 11  4 22 49    -7.84     4.71    10.47    -626.1     26.03     62.58     1.286      29058    0    0    0    0    0
2021 11  4 22 50    -7.93     4.30    10.59    -622.5     31.89     67.04     1.261      27316    0    0    0    0    0
2021 11  4 22 51    -7.94     4.27    10.60    -616.4     36.55     70.59     1.259      26137    0    0    0    0    0
2021 11  4 22 52    -7.94     4.69    10.38    -613.7     39.39     72.05     1.329      25393    0    0    0    0    0
2021 11  4 22 53    -7.92     5.50    10.08    -619.2     38.43     68.66     1.388      23999    0    0    0    0    0
2021 11  4 22 54    -8.06     5.41    10.06    -620.4     26.08     68.65     1.233      23255    0    0    0    0    0
2021 11  4 22 55    -8.28     4.73    10.04    -618.1     16.28     74.42     1.202      23174    0    0    0    0    0
2021 11  4 22 56    -8.42     4.77    10.03    -615.0      7.96     78.59     1.225      23209    0    0    0    0    0
2021 11  4 22 57    -8.48     4.94    10.05    -613.1      1.52     79.98     1.241      23233    0    0    0    0    0
2021 11  4 22 58    -8.50     4.92    10.12    -613.1     -0.57     77.95     1.243      22576    0    0    0    0    0
2021 11  4 22 59    -8.50     4.79    10.21    -614.1      5.43     75.84     1.272      21230    0    0    0    0    0
2021 11  4 23  0    -8.49     4.36    10.25    -615.3     10.32     75.08     1.322      20656    0    1    1    0    0
2021 11  4 23  1    -8.79     4.11    10.07    -616.3     10.11     74.84     1.340      20661    0    1    2    0    0
2021 11  4 23  2    -8.88     4.05     9.93    -619.0      9.37     75.04     1.222      20663    0    1    2    0    0
2021 11  4 23  3    -8.64     4.20    10.09    -621.1      8.65     75.23     1.178      19800    0    1    2    0    0
2021 11  4 23  4    -8.61     4.27    10.11    -621.3      7.96     75.36     1.176      19299    0    1    1    0    0
2021 11  4 23  5    -8.87     3.95    10.13    -617.0      7.70     75.26     1.186      19249    0    0    0    0    0
2021 11  4 23  6    -8.96     3.64    10.16    -613.9      8.81     75.00     1.195      19249    0    0    0    0    0
2021 11  4 23  7    -8.92     3.61    10.13    -612.0      9.96     73.74     1.206      19740    0    0    0    0    0
2021 11  4 23  8    -8.91     3.76    10.05    -610.8     11.24     71.62     1.215      20330    0    0    0    0    0
2021 11  4 23  9    -8.92     3.82    10.03    -610.4     14.09     70.88     1.221      20841    0    0    0    0    0
2021 11  4 23 10    -8.89     3.83    10.05    -609.8     16.56     74.10     1.231      21671    0    0    0    0    0
2021 11  4 23 11    -8.85     3.80    10.09    -609.8     17.88     77.57     1.231      20779    0    0    0    0    0
2021 11  4 23 12    -8.84     3.73    10.16    -609.4     19.79     73.46     1.231      19096    0    0    0    0    0
2021 11  4 23 13    -8.84     3.71    10.14    -608.5     22.51     68.70     1.244      19043    0    0    0    0    0
2021 11  4 23 14    -8.81     3.75    10.05    -608.6     24.55     68.78     1.278      19019    0    0    0    0    0
2021 11  4 23 15    -8.64     3.94    10.08    -608.6     27.29     69.12     1.284      18564    0    0    0    0    0
2021 11  4 23 16    -7.82     4.61    10.37    -611.5     29.00     69.50     1.284      17082    0    0    0    0    0
2021 11  4 23 17    -6.90     5.12    10.71    -615.5     31.08     69.75     1.753      15110    0    0    0    0    0
2021 11  4 23 18    -6.81     4.99    10.82    -615.7     31.79     70.24     2.084      14033    0    0    0    0    0
2021 11  4 23 19    -6.79     4.86    10.94    -619.5     30.56     69.86     2.169      13448    0    0    0    0    0
2021 11  4 23 20    -6.91     5.35    10.90    -621.8     24.59     69.89     2.362      13195    0    0    0    0    0
2021 11  4 23 21    -6.95     5.41    10.77    -621.9     15.96     69.91     2.379      13180    0    0    0    0    0
2021 11  4 23 22    -6.95     5.40    10.71    -615.2     14.80     70.37     2.374      13225    0    0    0    0    0
2021 11  4 23 23    -7.03     5.26    10.67    -610.9     14.37     71.94     2.267      13347    0    0    0    0    0
2021 11  4 23 24    -7.25     4.90    10.62    -610.7     11.64     74.48     2.016      13482    0    0    0    0    0
2021 11  4 23 25    -7.61     4.50    10.56    -611.0     11.37     75.37     1.827      12768    0    0    0    0    0
2021 11  4 23 26    -7.81     4.19    10.55    -611.3     16.49     73.07     1.775      11756    0    0    0    0    0
2021 11  4 23 27    -7.66     4.12    10.54    -610.7     18.04     67.31     1.808      12532    0    0    0    0    0
2021 11  4 23 28    -7.62     4.14    10.54    -609.8     22.27     62.91     1.855      13666    0    0    0    0    0
2021 11  4 23 29    -7.75     4.17    10.46    -609.6     26.99     63.35     1.842      13324    0    0    0    0    0
2021 11  4 23 30    -7.91     4.28    10.30    -609.1     28.95     63.44     1.819      12673    0    0    0    0    0
2021 11  4 23 31    -7.97     4.25    10.27    -608.0     29.85     59.12     1.823      12819    0    0    0    0    0
2021 11  4 23 32    -8.22     4.14    10.15    -606.9     28.07     50.86     1.860      13547    0    0    0    0    0
2021 11  4 23 33    -8.48     4.03    10.03    -605.8     24.11     52.28     1.959      14739    0    0    0    0    0
2021 11  4 23 34    -8.49     3.99     9.93    -606.2     26.78     55.97     1.945      14621    0    0    0    0    0
2021 11  4 23 35    -8.38     4.10     9.94    -607.8     33.44     50.80     1.861      13728    0    0    0    0    0
2021 11  4 23 36    -8.22     4.31    10.03    -608.0     33.54     41.17     1.792      12504    0    0    0    0    0
2021 11  4 23 37    -7.99     4.32    10.19    -607.5     35.23     46.97     1.806      12068    0    0    0    0    0
2021 11  4 23 38    -7.91     4.49    10.20    -606.1     40.34     64.41     1.856      12314    0    0    0    0    0
2021 11  4 23 39    -7.88     4.57    10.13    -606.0     44.06     75.97     1.909      13582    0    0    0    0    0
2021 11  4 23 40    -7.81     4.78    10.04    -606.0     45.11     73.00     1.940      14341    0    0    0    0    0
2021 11  4 23 41    -7.84     4.75    10.04    -606.2     47.70     63.24     1.944      14255    0    1    0    1    1
2021 11  4 23 42    -8.00     4.46    10.07    -607.1     46.27     58.36     1.923      13783    0    1    0    2    2
2021 11  4 23 43    -8.03     4.39    10.10    -607.9     42.59     58.93     1.901      13309    0    1    0    2    2
2021 11  4 23 44    -8.03     4.15    10.16    -608.7     41.21     59.66     1.880      12831    0    1    0    2    2
2021 11  4 23 45    -7.98     3.72    10.34    -609.5     43.78     58.52     1.858      12359    0    1    0    2    2
2021 11  4 23 46    -7.72     3.75    10.52    -610.3     50.36     56.22     1.837      12061    0    1    0    1    1
2021 11  4 23 47    -7.45     3.88    10.62    -611.1     57.64     55.01     1.828      11872    0    0    0    0    0
2021 11  4 23 48    -7.45     3.84    10.75    -611.8     53.66     55.08     1.909      11499    0    0    0    0    0
2021 11  4 23 49    -7.49     3.77    10.76    -612.3     44.94     55.04     2.074      10804    0    0    0    0    0
2021 11  4 23 50    -7.57     3.72    10.73    -612.5     32.07     54.08     2.155       9852    0    0    0    0    0
2021 11  4 23 51    -7.51     3.69    10.69    -610.8     23.89     53.22     2.151       9503    0    0    0    0    0
2021 11  4 23 52    -7.37     3.73    10.71    -608.0     26.58     54.91     2.130      10053    0    0    0    0    0
2021 11  4 23 53    -7.39     3.80    10.84    -606.7     35.85     59.24     2.075      11520    0    0    0    0    0
2021 11  4 23 54    -7.40     3.60    10.87    -607.3     45.24     56.16     1.986      11520    0    0    0    0    0
2021 11  4 23 55    -7.43     3.56    10.88    -609.2     42.98     45.95     1.865      11960    0    0    0    0    0
2021 11  4 23 56    -7.47     3.66    10.83    -608.0     38.63     49.24     1.708      12840    0    0    0    0    0
2021 11  4 23 57    -7.53     3.93    10.73    -604.6     39.86     57.94     1.580      12750    0    0    0    0    0
2021 11  4 23 58    -7.56     3.93    10.73    -602.4     50.29     60.62     1.523      11988    0    0    0    0    0
2021 11  4 23 59    -7.53     3.92    10.73    -599.5     53.62     62.34     1.523      11908    0    0    0    0    0
2021 11  5  0  0    -7.14     2.78    11.15    -612.4     56.34     66.90     1.573      12266    0    0    0    0    0
2021 11  5  0  1    -7.12     2.80    11.14    -609.9     56.77     69.66     1.571      13006    0    0    0    0    0
2021 11  5  0  2    -7.19     2.87    11.11    -603.5     56.74     70.59     1.571      13605    0    0    0    0    0
2021 11  5  0  3    -7.19     3.26    11.08    -596.4     55.78     71.19     1.670      13605    0    0    0    0    0
2021 11  5  0  4    -7.26     3.41    10.99    -593.6     45.20     71.84     1.806      13345    0    0    0    0    0
2021 11  5  0  5    -7.14     3.19    10.96    -595.6     35.70     72.17     1.910      13148    0    0    0    0    0
2021 11  5  0  6    -7.06     3.02    10.94    -598.7     37.84     70.21     1.927      14375    0    0    0    0    0
2021 11  5  0  7    -7.44     3.13    10.90    -599.6     38.91     61.04     1.694      15946    0    0    0    0    0
2021 11  5  0  8    -7.63     3.15    10.81    -599.7     42.60     59.05     1.626      16153    0    0    0    0    0
2021 11  5  0  9    -7.65     3.15    10.80    -600.1     43.42     59.38     1.603      16033    0    0    0    0    0
2021 11  5  0 10    -7.65     3.15    10.80    -598.9     45.15     60.06     1.583      16019    0    0    0    0    0
2021 11  5  0 11    -7.57     3.15    10.82    -599.9     47.73     60.23     1.560      16123    0    0    0    0    0
2021 11  5  0 12    -7.56     3.20    10.82    -598.8     52.86     61.45     1.538      16138    0    0    0    0    0
2021 11  5  0 13    -7.64     3.17    10.75    -595.5     51.36     66.67     1.514      15054    0    0    0    0    0
2021 11  5  0 14    -7.70     3.23    10.70    -592.6     49.81     70.18     1.505      14244    0    0    0    0    0
2021 11  5  0 15    -7.74     3.31    10.62    -591.1     47.60     71.24     1.505      13761    0    0    0    0    0
2021 11  5  0 16    -7.73     3.40    10.53    -591.3     44.81     69.33     1.487      13475    0    0    0    0    0
2021 11  5  0 17    -7.69     3.50    10.53    -592.0     47.94     65.67     1.466      13475    0    0    0    0    0
2021 11  5  0 18    -7.71     3.44    10.53    -591.1     52.25     64.21     1.839      12869    0    0    0    0    0
2021 11  5  0 19    -7.74     3.49    10.51    -589.9     49.85     63.38     2.287      12142    0    0    0    0    0
2021 11  5  0 20    -7.76     3.71    10.47    -589.6     36.64     62.19     2.178      12400    0    0    0    0    0
2021 11  5  0 21    -7.81     3.70    10.45    -594.0     19.55     61.54     1.843      14173    0    0    0    0    0
2021 11  5  0 22    -7.82     2.67    10.55    -607.7     53.39     61.16     1.492      17825    0    0    0    0    0
2021 11  5  0 23    -7.79     2.86    10.68    -607.7     46.07     61.10     1.467      18767    0    0    0    0    0
2021 11  5  0 24    -7.69     3.34    10.74    -604.4     30.97     61.75     1.454      18910    0    0    0    0    0
2021 11  5  0 25    -7.66     3.34    10.75    -600.7     28.65     65.93     1.454      19983    0    0    0    0    0
2021 11  5  0 26    -7.65     3.11    10.73    -600.1     26.64     66.66     1.556      22825    0    0    0    0    0
2021 11  5  0 27    -7.37     3.35    10.78    -607.1     27.63     60.40     1.616      25477    0    1    0    1    1
2021 11  5  0 28    -7.28     3.28    10.71    -608.8     27.79     60.94     1.584      23969    1    1    0    2    2
2021 11  5  0 29    -7.75     3.03    10.51    -610.6     27.70     62.78     1.552      19752    1    1    0    1    1
2021 11  5  0 30    -7.40     3.59    10.65    -611.4     27.60     64.62     1.539      18445    0    0    0    0    0
2021 11  5  0 31    -7.25     3.89    10.72    -611.2     27.51     66.46     1.545      18445    0    0    0    0    0
2021 11  5  0 32    -7.27     3.89    10.72    -611.2     27.41     68.31     1.452      17408    0    0    0    0    0
2021 11  5  0 33    -7.34     3.91    10.68    -611.5     27.31     70.15     1.312      14573    0    0    0    0    0
2021 11  5  0 34    -7.19     3.98    10.67    -610.6     27.22     71.99     1.298      12748    0    0    0    0    0
2021 11  5  0 35    -6.84     4.05    10.74    -609.4     27.12     73.84     1.344      13354    0    0    0    0    0
2021 11  5  0 36    -6.75     4.04    10.81    -610.2     34.69     76.49     1.481      14714    0    0    0    0    0
2021 11  5  0 37    -6.75     3.77    10.88    -607.4     39.61     70.40     1.579      15027    1    0    0    0    0
2021 11  5  0 38    -6.88     2.94    11.12    -604.5     43.29     60.65     1.630      15027    1    0    0    0    0
2021 11  5  0 39    -7.06     1.88    11.20    -604.9     50.71     57.14     1.682      14957    0    0    0    0    0
2021 11  5  0 40    -7.04     2.45    11.16    -606.8     57.15     58.99     1.679      14493    0    0    0    0    0
2021 11  5  0 41    -6.83     2.50    11.09    -606.8     60.48     62.33     1.657      14493    0    0    0    0    0
2021 11  5  0 42    -6.85     2.69    11.10    -607.4     57.61     62.81     1.587      14985    0    0    0    0    0
2021 11  5  0 43    -7.07     2.58    11.06    -608.6     56.60     60.54     1.480      16576    0    0    0    0    0
2021 11  5  0 44    -7.08     2.57    11.04    -608.7     58.01     58.82     1.450      16724    0    0    0    0    0
2021 11  5  0 45    -7.05     2.97    11.05    -608.9     52.14     58.24     1.421      17061    0    0    0    0    0
2021 11  5  0 46    -6.98     3.09    11.03    -608.7     37.49     59.93     1.421      17304    0    0    0    0    0
2021 11  5  0 47    -6.88     3.33    10.98    -608.3     33.52     63.70     1.441      17854    0    0    0    0    0
2021 11  5  0 48    -6.66     3.52    10.96    -608.4     30.98     64.70     1.491      17854    0    0    0    0    0
2021 11  5  0 49    -6.63     3.82    10.94    -609.1     29.98     68.41     1.385      17965    0    0    0    0    0
2021 11  5  0 50    -6.73     4.03    10.96    -609.8     31.82     73.02     1.155      18207    0    0    0    0    0
2021 11  5  0 51    -6.82     3.86    11.00    -608.9     35.71     73.75     1.165      17450    0    0    0    0    0
2021 11  5  0 52    -6.93     3.55    11.03    -606.8     38.20     72.38     1.187      15478    0    0    0    0    0
2021 11  5  0 53    -7.06     3.22    11.04    -606.6     38.13     69.01     1.180      14455    0    0    0    0    0
2021 11  5  0 54    -7.17     3.05    11.04    -606.2     37.45     68.94     1.154      14456    0    0    0    0    0
2021 11  5  0 55    -7.31     3.08    11.00    -605.0     35.75     68.43     1.165      14689    0    0    0    0    0
2021 11  5  0 56    -7.38     3.10    10.92    -605.5     35.77     66.83     1.241      16455    0    0    0    0    0
2021 11  5  0 57    -7.26     3.07    10.97    -608.4     36.40     68.53     1.238      18257    0    0    0    0    0
2021 11  5  0 58    -7.04     3.06    11.00    -607.6     36.91     71.65     1.221      18948    0    0    0    0    0
2021 11  5  0 59    -6.83     3.15    11.00    -604.3     35.39     71.35     1.188      18575    0    0    0    0    0
2021 11  5  1  0    -6.83     3.04    11.01    -598.5     37.26     69.86     1.188      15779    0    0    0    0    0
2021 11  5  1  1    -6.98     3.01    10.85    -596.9     41.54     66.16     1.195      15033    0    0    0    0    0
2021 11  5  1  2    -7.04     3.03    10.79    -596.8     44.70     64.89     1.204      15369    0    0    0    0    0
2021 11  5  1  3    -7.34     3.15    10.76    -594.1     48.30     62.88     1.217      15826    0    0    0    0    0
2021 11  5  1  4    -7.48     3.24    10.80    -592.0     50.48     61.42     1.234      16190    0    0    0    0    0
2021 11  5  1  5    -7.40     3.16    10.87    -593.7     49.23     61.99     1.244      16502    0    0    0    0    0
2021 11  5  1  6    -7.35     3.02    10.94    -596.5     46.07     63.68     1.219      17602    0    0    0    0    0
2021 11  5  1  7    -7.33     3.01    10.97    -598.9     42.75     64.12     1.179      17978    0    0    0    0    0
2021 11  5  1  8    -7.38     3.10    10.91    -600.4     41.74     61.51     1.173      17647    0    0    0    0    0
2021 11  5  1  9    -7.38     3.15    10.86    -600.5     40.50     61.26     1.201      15808    0    0    0    0    0
2021 11  5  1 10    -7.31     2.94    10.88    -601.3     40.38     62.82     1.213      13765    0    0    0    0    0
2021 11  5  1 11    -6.79     2.87    11.37    -606.9     41.56     63.94     1.270      13803    0    0    0    0    0
2021 11  5  1 12    -6.76     2.73    11.37    -609.0     44.55     65.71     1.275      14371    0    0    0    0    0
2021 11  5  1 13    -6.90     2.72    11.30    -610.4     46.12     68.58     1.275      14593    0    0    0    0    0
2021 11  5  1 14    -6.89     2.61    11.34    -609.0     48.77     67.78     1.281      16264    0    0    0    0    0
2021 11  5  1 15    -6.72     2.38    11.50    -607.8     51.29     65.68     1.293      19490    0    0    0    0    0
2021 11  5  1 16    -6.49     2.35    11.68    -608.3     56.49     63.64     1.293      18458    0    0    0    0    0
2021 11  5  1 17    -6.61     2.40    11.55    -609.4     58.74     61.80     1.322      15880    0    0    0    0    0
2021 11  5  1 18    -6.91     2.54    11.28    -609.0     61.93     59.36     1.442      15880    0    0    0    0    0
2021 11  5  1 19    -6.97     2.62    11.28    -608.3     55.21     61.18     1.595      16207    0    0    0    0    0
2021 11  5  1 20    -6.92     2.43    11.33    -608.2     49.55     59.68     1.665      17300    0    0    0    0    0
2021 11  5  1 21    -6.93     2.34    11.34    -607.4     45.09     58.38     1.688      18681    0    0    0    0    0
2021 11  5  1 22    -6.82     2.30    11.37    -605.2     44.87     57.80     1.661      20983    0    0    0    0    0
2021 11  5  1 23    -6.52     2.37    11.50    -604.7     47.73     57.63     1.472      21648    0    0    0    0    0
2021 11  5  1 24    -6.60     2.47    11.52    -605.6     51.99     58.79     1.273      24605    0    0    0    0    0
2021 11  5  1 25    -7.03     2.57    11.26    -608.5     57.57     60.24     1.257      37331    0    0    0    0    0
2021 11  5  1 26    -7.05     2.59    11.33    -608.0     65.07     62.09     1.250      38650    0    0    0    0    0
2021 11  5  1 27    -7.07     2.60    11.30    -606.8     71.73     64.72     1.254      39975    0    0    0    0    0
2021 11  5  1 28    -7.05     2.59    11.33    -607.9     78.46     64.45     1.277      41167    0    0    0    0    0
2021 11  5  1 29    -7.12     2.53    11.26    -606.6     83.78     62.28     1.298      39162    0    0    0    0    0
2021 11  5  1 30    -7.13     2.39    11.19    -597.2     84.73     61.33     1.298      33691    0    0    0    0    0
2021 11  5  1 31    -7.24     2.23    11.12    -593.0     85.19     60.42     1.296      31165    0    0    0    0    0
2021 11  5  1 32    -7.40     2.16    11.08    -593.2     83.86     60.38     1.277      31111    0    0    0    0    0
2021 11  5  1 33    -7.46     2.15    11.08    -593.8     82.41     60.92     1.263      34266    0    0    0    0    0
2021 11  5  1 34    -7.34     2.13    11.17    -594.6     78.21     61.00     1.276      37470    0    0    0    0    0
2021 11  5  1 35    -7.17     2.22    11.28    -599.9     74.59     60.22     1.290      41935    0    0    0    0    0
2021 11  5  1 36    -7.20     2.27    11.34    -602.2     72.16     60.08     1.338      43128    0    0    0    0    0
2021 11  5  1 37    -7.20     2.18    11.43    -602.3     71.10     60.10     1.380      48240    0    0    0    0    0
2021 11  5  1 38    -7.20     2.13    11.42    -602.4     69.19     61.69     1.380      48240    0    0    0    0    0
2021 11  5  1 39    -7.31     1.85    11.37    -602.4     69.35     63.58     1.368      47975    0    0    0    0    0
2021 11  5  1 40    -7.31     1.80    11.37    -602.3     69.87     64.73     1.300      44301    0    0    0    0    0
2021 11  5  1 41    -7.26     1.99    11.41    -602.3     66.76     65.27     1.300      42760    0    0    0    0    0
2021 11  5  1 42    -7.26     1.91    11.41    -598.7     64.09     64.23     1.326      42760    0    0    0    0    0
2021 11  5  1 43    -7.27     1.89    11.29    -597.7     64.85     63.33     1.338      43398    0    0    0    0    0
2021 11  5  1 44    -7.29     1.93    11.26    -597.6     66.05     61.82     1.345      45432    0    0    0    0    0
2021 11  5  1 45    -7.31     2.19    11.26    -600.4     64.46     61.02     1.499      51647    0    0    0    0    0
2021 11  5  1 46    -7.33     2.32    11.20    -600.7     52.31     58.30     1.578      52262    0    0    0    0    0
2021 11  5  1 47    -7.38     2.28    11.20    -597.1     46.98     58.47     1.634      52262    0    0    0    0    0
2021 11  5  1 48    -7.30     2.18    11.27    -595.8     45.45     58.60     1.672      59165    0    0    0    0    0
2021 11  5  1 49    -7.36     1.93    11.19    -595.8     45.42     58.84     1.702      70051    0    0    0    0    0
2021 11  5  1 50    -7.30     1.57    11.19    -603.7     43.59     59.04     1.711      74114    0    0    0    0    0
2021 11  5  1 51    -7.38     1.49    11.23    -601.6     43.17     59.69     1.709      80345    0    0    0    0    0
2021 11  5  1 52    -7.65     1.61    11.10    -599.0     42.69     61.66     1.638      80553    0    0    0    0    0
2021 11  5  1 53    -7.80     1.42    11.04    -595.0     41.78     62.04     1.535      79547    0    0    0    0    0
2021 11  5  1 54    -7.86     1.58    11.03    -593.0     39.87     61.92     1.460      74404    0    0    0    0    0
2021 11  5  1 55    -7.80     1.95    11.02    -593.8     45.73     63.17     1.426      69665    0    0    0    0    0
2021 11  5  1 56    -7.70     2.06    11.04    -595.3     49.50     64.28     1.417      68979    0    0    0    0    0
2021 11  5  1 57    -7.41     2.38    11.20    -595.8     45.43     62.48     1.402      68979    0    0    0    0    0
2021 11  5  1 58    -7.07     2.73    11.27    -595.3     45.86     60.82     1.387      67603    0    0    0    0    0
2021 11  5  1 59    -6.90     2.85    11.28    -595.1     47.64     60.52     1.375      64830    0    0    0    0    0
2021 11  5  2  0    -7.13     2.89    11.33    -596.1     48.16     61.71     1.371      62505    0    0    0    0    0
2021 11  5  2  1    -7.39     2.86    11.34    -596.5     47.56     64.55     1.385      61977    0    0    0    0    0
2021 11  5  2  2    -7.38     2.69    11.37    -596.2     48.79     66.49     1.401      67145    0    0    0    0    0
2021 11  5  2  3    -7.27     2.63    11.38    -596.0     48.90     66.84     1.406      69308    0    0    0    0    0
2021 11  5  2  4    -7.13     2.81    11.46    -596.3     49.18     66.28     1.401      67677    0    0    0    0    0
2021 11  5  2  5    -7.01     2.98    11.55    -596.4     51.49     64.15     1.399      67017    0    0    0    0    0
2021 11  5  2  6    -7.09     2.93    11.56    -600.6     54.07     63.53     1.414      72148    0    0    0    0    0
2021 11  5  2  7    -7.12     3.07    11.41    -601.9     50.08     64.19     1.463      76135    0    0    0    0    0
2021 11  5  2  8    -7.12     3.07    11.37    -600.7     47.72     65.47     1.502      76198    0    0    0    0    0
2021 11  5  2  9    -7.09     3.29    11.38    -600.6     47.57     66.71     1.506      75198    0    0    0    0    0
2021 11  5  2 10    -7.12     3.50    11.40    -599.9     47.58     66.51     1.460      74068    0    0    0    0    0
2021 11  5  2 11    -7.23     3.46    11.41    -598.5     48.22     66.09     1.444      73936    0    0    0    0    0
2021 11  5  2 12    -7.27     3.43    11.36    -596.0     50.35     65.01     1.433      73936    0    0    0    0    0
2021 11  5  2 13    -7.28     3.43    11.33    -594.2     54.45     64.67     1.429      74275    0    0    0    0    0
2021 11  5  2 14    -7.28     3.44    11.35    -592.2     56.84     65.51     1.430      74498    0    0    0    0    0
2021 11  5  2 15    -7.25     3.45    11.38    -589.5     57.10     66.38     1.453      60191    0    0    0    0    0
2021 11  5  2 16    -7.17     3.45    11.43    -587.0     57.01     66.38     1.492      35428    0    0    0    0    0
2021 11  5  2 17    -7.05     3.45    11.46    -586.0     56.94     65.55     1.492      35756    0    0    0    0    0
2021 11  5  2 18    -6.93     3.44    11.50    -586.4     56.16     65.65     1.470      40260    0    0    0    0    0
2021 11  5  2 19    -7.17     3.40    11.52    -589.2     53.96     67.05     1.361      58318    0    0    0    0    0
2021 11  5  2 20    -7.19     3.22    11.45    -591.8     52.85     67.49     1.299      76312    0    0    0    0    0
2021 11  5  2 21    -7.18     3.08    11.32    -591.6     52.14     68.12     1.323      83512    0    0    0    0    0
2021 11  5  2 22    -7.39     3.08    11.24    -591.1     51.43     69.14     1.395      78445    0    0    0    0    0
2021 11  5  2 23    -7.66     3.09    11.21    -591.1     51.87     69.16     1.467      70878    0    0    0    0    0
2021 11  5  2 24    -7.74     3.22    11.17    -590.7     52.93     67.61     1.500      69197    0    0    0    0    0
2021 11  5  2 25    -7.80     3.36    11.13    -589.2     53.25     66.32     1.520      70868    0    0    0    0    0
2021 11  5  2 26    -7.91     3.35    11.09    -587.5     52.94     65.99     1.518      73860    0    0    0    0    0
2021 11  5  2 27    -7.99     3.33    11.10    -587.3     52.96     66.11     1.505      73845    0    0    0    0    0
2021 11  5  2 28    -8.05     3.32    11.12    -586.9     53.12     66.62     1.477      73800    0    0    0    0    0
2021 11  5  2 29    -8.11     3.31    11.18    -585.4     52.71     67.21     1.460      74023    0    0    0    0    0
2021 11  5  2 30    -8.03     3.32    11.24    -586.8     54.52     67.56     1.486      75162    0    0    0    0    0
2021 11  5  2 31    -8.01     3.36    11.23    -587.0     56.01     67.83     1.570      74207    0    0    0    0    0
2021 11  5  2 32    -8.08     3.46    11.14    -587.4     57.22     67.82     1.554      69349    0    0    0    0    0
2021 11  5  2 33    -8.10     3.35    11.10    -590.7     57.46     67.50     1.509      63901    0    0    0    0    0
2021 11  5  2 34    -8.07     3.15    11.05    -594.5     57.99     66.47     1.511      63901    0    0    0    0    0
2021 11  5  2 35    -8.07     3.21    11.02    -594.6     58.77     66.85     1.513      62738    0    0    0    0    0
2021 11  5  2 36    -7.98     3.30    11.00    -593.6     58.58     67.85     1.510      58950    0    0    0    0    0
2021 11  5  2 37    -7.78     3.39    11.13    -593.0     58.87     67.11     1.452      56686    0    0    0    0    0
2021 11  5  2 38    -7.68     3.44    11.27    -592.8     60.09     64.98     1.406      60504    0    0    0    0    0
2021 11  5  2 39    -7.75     3.50    11.32    -591.8     60.37     63.78     1.405      69252    0    0    0    0    0
2021 11  5  2 40    -7.87     3.67    11.38    -590.5     57.48     63.53     1.405      75105    0    0    0    0    0
2021 11  5  2 41    -7.93     3.68    11.41    -588.6     51.33     63.53     1.401      68367    0    0    0    0    0
2021 11  5  2 42    -7.90     3.26    11.39    -585.5     45.12     63.51     1.393      53908    0    0    0    0    0
2021 11  5  2 43    -7.72     2.74    11.31    -582.4     40.75     62.67     1.393      51911    0    0    0    0    0
2021 11  5  2 44    -7.56     2.71    11.21    -581.7     49.81     61.37     1.416      49587    0    0    0    0    0
2021 11  5  2 45    -7.76     2.72    11.17    -581.6     59.45     61.45     1.417      47110    0    0    0    0    0
2021 11  5  2 46    -7.80     2.75    11.20    -586.8     59.74     61.38     1.283      44112    0    0    0    0    0
2021 11  5  2 47    -7.87     2.74    11.31    -587.0     58.97     61.99     1.252      41988    0    0    0    0    0
2021 11  5  2 48    -7.91     2.34    11.47    -588.0     51.72     61.62     1.287      39685    0    0    0    0    0
2021 11  5  2 49    -7.83     1.65    11.60    -590.2     39.46     63.70     1.418      36800    0    0    0    0    0
2021 11  5  2 50    -7.61     1.55    11.52    -587.5     35.37     65.45     1.491      34287    0    0    0    0    0
2021 11  5  2 51    -7.61     1.55    11.52    -580.8     37.84     66.57     1.498      32449    0    0    0    0    0
2021 11  5  2 52    -7.88     1.68    11.59    -578.7     44.57     67.56     1.499      31104    0    0    0    0    0
2021 11  5  2 53    -8.00     1.58    11.66    -578.4     48.80     65.77     1.499      30591    0    0    0    0    0
2021 11  5  2 54    -8.12     1.54    11.80    -580.0     50.55     63.52     1.463      30256    0    0    0    0    0
2021 11  5  2 55    -8.29     0.74    11.70    -583.5     57.11     63.01     1.406      29835    0    0    0    0    0
2021 11  5  2 56    -8.39     1.63    11.58    -583.8     56.26     60.87     1.391      28571    0    0    0    0    0
2021 11  5  2 57    -8.45     1.63    11.59    -584.6     49.94     60.58     1.360      26897    0    0    0    0    0
2021 11  5  2 58    -8.25     1.56    11.63    -585.1     47.89     61.72     1.385      25101    0    1    1    0    0
2021 11  5  2 59    -8.02     1.19    11.76    -585.0     47.04     62.23     1.423      23851    0    1    1    0    0
2021 11  5  3  0    -7.95     1.19    11.79    -586.1     42.88     64.72     1.410      23534    0    1    1    0    0
2021 11  5  3  1    -7.84     1.17    11.83    -590.1     41.16     71.33     1.298      25827    0    1    1    0    0
2021 11  5  3  2    -7.75     1.17    11.88    -586.5     41.41     72.17     1.206      24797    0    0    0    0    0
2021 11  5  3  3    -7.65     1.16    11.87    -577.3     45.84     65.56     1.206      24797    0    0    0    0    0
2021 11  5  3  4    -7.69     1.16    11.83    -572.5     43.86     67.54     1.266      27538    0    0    0    0    0
2021 11  5  3  5    -8.03     0.81    11.66    -572.5     41.09     72.77     1.343      30468    0    0    0    0    0
2021 11  5  3  6    -8.46     0.87    11.35    -572.2     40.74     71.94     1.356      28445    0    0    0    0    0
2021 11  5  3  7    -8.66     1.38    11.16    -569.2     38.05     71.70     1.319      23727    0    0    0    0    0
2021 11  5  3  8    -8.66     1.38    11.16    -563.5     37.79     71.72     1.237      18358    0    0    0    0    0
2021 11  5  3  9    -8.77     1.65    10.97    -562.1     36.37     71.99     1.133      18358    0    0    0    0    0
2021 11  5  3 10    -8.80     1.71    10.94    -557.1     37.54     74.65     1.124      21278    0    0    0    0    0
2021 11  5  3 11    -9.02     1.67    10.90    -551.8     38.30     75.91     1.199      23692    0    0    0    0    0
2021 11  5  3 12    -9.40     1.55    10.82    -546.8     38.41     75.57     1.340      25225    0    0    0    0    0
2021 11  5  3 13    -9.33     1.43    10.87    -544.0     38.37     75.23     1.362      25225    0    0    0    0    0
2021 11  5  3 14    -9.28     1.31    10.92    -543.6     38.17     73.45     1.365      23039    0    0    0    0    0
2021 11  5  3 15    -9.11     0.84    11.10    -556.3     32.95     71.62     1.254      17928    0    0    0    0    0
2021 11  5  3 16    -9.09     0.80    11.16    -560.2     31.71     69.56     1.332      18071    0    0    0    0    0
2021 11  5  3 17    -8.31     0.50    11.49    -560.8     31.52     69.47     1.372      18102    0    0    0    0    0
2021 11  5  3 18    -8.17     0.42    11.55    -560.4     30.10     70.98     1.399      18102    0    0    0    0    0
2021 11  5  3 19    -8.34     0.45    11.38    -556.8     30.06     71.48     1.465      19164    0    0    0    0    0
2021 11  5  3 20    -8.50     0.47    11.14    -553.6     32.01     73.15     1.501      19801    0    0    0    0    0
2021 11  5  3 21    -8.57     0.19    10.94    -551.9     35.33     74.95     1.499      19402    0    0    0    0    0
2021 11  5  3 22    -8.55    -0.41    10.96    -551.0     38.22     73.99     1.486      18588    0    0    0    0    0
2021 11  5  3 23    -8.50    -0.66    11.10    -551.0     40.36     72.36     1.456      18467    0    0    0    0    0
2021 11  5  3 24    -8.35    -0.78    11.16    -550.5     39.76     72.38     1.435      18748    0    0    0    0    0
2021 11  5  3 25    -8.31    -0.89    11.17    -549.4     37.13     73.03     1.439      19547    0    0    0    0    0
2021 11  5  3 26    -8.23    -1.14    11.24    -549.4     35.61     74.70     1.461      19793    0    0    0    0    0
2021 11  5  3 27    -7.95    -1.09    11.37    -549.7     33.81     74.07     1.481      20029    0    0    0    0    0
2021 11  5  3 28    -7.65    -0.97    11.31    -549.9     34.15     74.99     1.484      20213    0    0    0    0    0
2021 11  5  3 29    -7.66    -0.95    11.16    -550.8     35.44     74.11     1.508      21093    0    0    0    0    0
2021 11  5  3 30    -7.70    -1.23    11.10    -554.9     34.69     73.19     1.560      22934    0    0    0    0    0
2021 11  5  3 31    -7.56    -1.48    11.16    -560.6     33.39     71.85     1.551      22988    0    0    0    0    0
2021 11  5  3 32    -7.14    -1.71    11.21    -566.1     31.85     71.68     1.515      21818    0    0    0    0    0
2021 11  5  3 33    -7.13    -2.01    11.16    -565.9     27.29     72.15     1.499      21810    0    0    0    0    0
2021 11  5  3 34    -7.13    -2.30    11.05    -564.4     20.46     72.71     1.485      21761    0    0    0    0    0
2021 11  5  3 35    -7.14    -2.38    10.99    -564.6     18.14     70.77     1.478      21759    0    0    0    0    0
2021 11  5  3 36    -7.19    -2.44    10.94    -567.2      9.66     65.21     1.455      21726    0    0    0    0    0
2021 11  5  3 37    -7.19    -2.61    10.73    -566.7      9.22     49.97     1.442      21879    0    0    0    0    0
2021 11  5  3 38    -7.14    -3.14    10.61    -564.1     11.76     43.95     1.428      22622    0    0    0    0    0
2021 11  5  3 39    -6.97    -3.17    10.59    -561.0     17.83     42.88     1.376      22944    0    0    0    0    0
2021 11  5  3 40    -6.85    -3.33    10.70    -560.5     23.60     55.92     1.367      23899    0    0    0    0    0
2021 11  5  3 41    -6.83    -3.22    10.78    -559.5     24.21     64.07     1.367      24756    0    0    0    0    0
2021 11  5  3 42    -6.83    -3.15    10.80    -559.3     21.91     66.08     1.316      24945    0    0    0    0    0
2021 11  5  3 43    -6.67    -3.06    10.96    -561.2      8.07     67.95     1.300      24945    0    0    0    0    0
2021 11  5  3 44    -6.30    -3.05    11.15    -561.5      1.09     68.53     1.396      25897    0    0    0    0    0
2021 11  5  3 45    -6.21    -3.06    11.19    -561.5      1.75     69.16     1.407      26649    0    0    0    0    0
2021 11  5  3 46    -6.36    -3.09    11.13    -561.5     37.76     70.54     1.407      26720    0    0    0    0    0
2021 11  5  3 47    -6.26    -3.11    11.25    -562.3     40.37     73.66     1.426      26164    0    0    0    0    0
2021 11  5  3 48    -6.16    -3.11    11.44    -563.1     41.00     74.62     1.428      24855    0    0    0    0    0
2021 11  5  3 49    -5.86    -3.11    11.66    -566.1     44.16     72.69     1.392      24460    0    0    0    0    0
2021 11  5  3 50    -5.88    -3.07    11.65    -569.7     48.88     71.39     1.383      25522    0    0    0    0    0
2021 11  5  3 51    -5.89    -3.02    11.57    -570.9     48.68     71.48     1.369      27904    0    0    0    0    0
2021 11  5  3 52    -5.82    -3.26    11.55    -570.8     43.67     74.17     1.338      28827    0    1    0    1    1
2021 11  5  3 53    -5.74    -3.52    11.52    -568.5     37.25     76.95     1.301      29660    0    1    0    2    2
2021 11  5  3 54    -5.77    -3.50    11.50    -566.2     34.04     77.48     1.265      29432    0    1    0    2    2
2021 11  5  3 55    -5.85    -3.37    11.49    -563.9     32.56     73.55     1.228      24163    0    1    0    1    1
2021 11  5  3 56    -5.77    -3.11    11.57    -561.5     32.51     73.03     1.191      31628    0    1    0    1    1
2021 11  5  3 57    -5.73    -2.86    11.63    -564.8     32.64     70.62     1.237      42429    0    0    0    0    0
2021 11  5  3 58    -5.17    -1.98    12.11    -574.2     34.84     69.20     1.316      51691    0    0    0    0    0
2021 11  5  3 59    -5.06    -2.12    12.15    -576.9     37.63     66.69     1.288      53090    0    0    0    0    0
2021 11  5  4  0    -5.10    -2.42    12.06    -576.9     40.69     63.72     1.239      54446    0    0    0    0    0
2021 11  5  4  1    -5.10    -2.70    12.00    -579.3     41.34     61.29     1.224      56039    0    0    0    0    0
2021 11  5  4  2    -5.08    -2.84    11.99    -580.3     40.79     60.90     1.280      57522    0    0    0    0    0
2021 11  5  4  3    -5.05    -2.85    12.00    -580.4     41.25     60.32     1.394      58736    0    0    0    0    0
2021 11  5  4  4    -5.10    -2.51    12.00    -580.0     41.30     59.39     1.424      59514    0    0    0    0    0
2021 11  5  4  5    -5.07    -2.51    11.94    -579.9     38.71     58.81     1.426      60257    0    0    0    0    0
2021 11  5  4  6    -5.12    -2.57    11.79    -580.7     35.18     57.19     1.286      61025    0    0    0    0    0
2021 11  5  4  7    -5.14    -2.67    11.77    -580.8     32.84     56.60     1.163      61763    0    0    0    0    0
2021 11  5  4  8    -5.10    -2.86    11.81    -578.9     31.70     55.92     1.153      62343    0    0    0    0    0
2021 11  5  4  9    -5.05    -3.06    11.82    -576.4     31.12     57.52     1.258      62812    0    0    0    0    0
2021 11  5  4 10    -4.99    -3.28    11.81    -573.9     30.89     58.68     1.360      63117    0    0    0    0    0
2021 11  5  4 11    -4.94    -3.39    11.79    -571.2     31.16     58.76     1.404      63308    0    0    0    0    0
2021 11  5  4 12    -4.86    -3.37    11.78    -568.4     31.39     58.59     1.390      63463    0    0    0    0    0
2021 11  5  4 13    -4.71    -3.34    11.78    -565.9     30.73     59.09     1.352      63654    0    0    0    0    0
2021 11  5  4 14    -4.53    -3.36    11.76    -564.9     30.47     59.42     1.352      64103    0    1    0    1    1
2021 11  5  4 15    -4.38    -3.37    11.76    -563.5     32.36     58.92     1.364      64754    0    1    0    2    2
2021 11  5  4 16    -4.34    -3.38    11.83    -562.1     32.85     59.13     1.376      65470    0    1    0    2    2
2021 11  5  4 17    -4.53    -3.44    11.84    -560.6     28.84     61.45     1.388      66187    0    1    0    2    2
2021 11  5  4 18    -4.98    -3.35    11.83    -559.2     26.98     66.51     1.400      66795    0    1    0    1    1
2021 11  5  4 19    -5.23    -2.90    11.77    -560.9     25.89     68.17     1.348      67509    0    0    0    0    0
2021 11  5  4 20    -5.15    -2.92    11.84    -572.2     14.17     68.05     1.277      68984    0    0    0    0    0
2021 11  5  4 21    -4.85    -3.06    11.91    -574.9     -0.41     65.80     1.273      70042    0    0    0    0    0
2021 11  5  4 22    -4.69    -3.40    11.93    -573.9     -5.92     63.88     1.342      70903    0    0    0    0    0
2021 11  5  4 23    -4.57    -3.75    11.88    -572.7     -3.08     63.12     1.410      71754    0    0    0    0    0
2021 11  5  4 24    -4.45    -4.17    11.74    -572.9      5.61     63.30     1.397      72657    0    1    0    1    0
2021 11  5  4 25    -4.33    -4.56    11.64    -571.0     14.51     63.79     1.351      73379    0    1    0    2    0
2021 11  5  4 26    -4.18    -4.78    11.60    -566.7     19.84     63.96     1.312      73933    0    1    0    2    0
2021 11  5  4 27    -4.05    -5.02    11.59    -564.4     21.27     64.60     1.268      74568    0    1    0    2    1
2021 11  5  4 28    -3.71    -5.31    11.55    -565.7     29.02     62.80     1.213      75504    0    1    0    2    2
2021 11  5  4 29    -3.02    -5.88    11.58    -569.5     40.65     60.43     1.152      76900    0    1    0    2    2
2021 11  5  4 30    -3.11    -5.93    11.63    -571.4     46.33     60.12     1.096      78313    0    1    0    1    1
2021 11  5  4 31    -3.19    -5.80    11.66    -576.5     59.00     61.12     1.085      80090    0    0    0    0    0
2021 11  5  4 32    -3.07    -5.80    11.48    -597.1     69.89     52.48     1.109      83210    0    0    0    0    0
2021 11  5  4 33    -3.15    -5.73    11.47    -598.8     70.24     53.22     1.092      84860    0    0    0    0    0
2021 11  5  4 34    -3.16    -5.71    11.46    -599.1     72.29     52.91     1.243      86295    0    0    0    0    0
2021 11  5  4 35    -3.08    -5.64    11.51    -595.3     72.24     51.76     1.366      87428    0    0    0    0    0
2021 11  5  4 36    -2.93    -5.59    11.54    -593.4     71.96     51.08     1.533      88810    0    0    0    0    0
2021 11  5  4 37    -2.71    -5.59    11.54    -593.9     71.89     49.05     1.750      90628    0    0    0    0    0
2021 11  5  4 38    -2.39    -5.82    11.55    -594.2     72.24     47.78     1.989      92756    0    0    0    0    0
2021 11  5  4 39    -2.23    -5.97    11.59    -592.4     72.49     48.07     2.229      94770    0    1    1    0    0
2021 11  5  4 40    -2.26    -5.79    11.62    -591.7     72.85     49.28     2.505      96871    0    1    1    0    0
2021 11  5  4 41    -2.31    -5.80    11.64    -594.7     74.44     50.41     2.834      99399    0    1    1    0    0
2021 11  5  4 42    -2.33    -5.92    11.22    -601.4     75.60     50.14     3.258     102553    0    1    1    0    0
2021 11  5  4 43    -2.38    -6.15    11.37    -601.6     62.59     44.44     3.627     105249    0    0    0    0    0
2021 11  5  4 44    -2.42    -6.16    11.31    -601.6     62.19     42.47     4.175     107945    0    0    0    0    0
2021 11  5  4 45    -2.37    -6.32    11.21    -599.4     65.14     42.16     4.622     110390    0    0    0    0    0
2021 11  5  4 46    -1.78    -6.34    10.84    -595.9     65.59     40.78     5.033     112709    0    0    0    0    0
2021 11  5  4 47    -1.24    -6.89     9.96    -593.8     65.39     39.38     5.454     115319    0    0    0    0    0
2021 11  5  4 48    -0.83    -7.68     9.23    -593.2     65.22     38.82     5.859     118221    0    0    0    0    0
2021 11  5  4 49    -0.88    -7.64     9.26    -593.5     65.28     38.86     6.245     121232    0    1    1    1    1
2021 11  5  4 50    -1.23    -7.23     9.27    -592.7     65.34     38.88     6.592     124037    0    1    1    2    1
2021 11  5  4 51    -1.55    -7.12     9.10    -590.5     63.11     37.02     7.390     126620    0    1    1    1    1
2021 11  5  4 52    -1.33    -7.10     9.05    -588.9     59.52     34.38     8.500     129269    0    0    0    0    0
2021 11  5  4 53    -0.53    -6.90     9.25    -590.3     56.37     37.15     9.261     132328    0    0    0    0    0
2021 11  5  4 54    -0.84    -6.50     9.61    -595.5     52.79     41.36    10.007     130266    0    0    0    0    0
2021 11  5  4 55    -2.01    -5.42     8.99    -595.7     48.69     40.37    10.358     124229    0    0    0    0    0
2021 11  5  4 56    -2.95    -4.52     8.35    -593.3     45.89     33.70    10.202     118809    0    0    0    0    0
2021 11  5  4 57    -3.32    -3.84     8.09    -590.5     47.23     26.37    10.244     108103    0    0    0    0    0
2021 11  5  4 58    -3.44    -3.25     8.36    -588.7     50.39     24.94    10.747      99537    0    0    0    0    0
2021 11  5  4 59    -3.57    -3.31     8.92    -588.8     49.18     28.76    11.278     106926    0    0    0    0    0
2021 11  5  5  0    -3.31    -4.31     9.29    -588.5     45.10     28.99    11.778     112975    0    0    0    0    0
2021 11  5  5  1    -2.53    -5.46     9.42    -588.6     43.39     27.21    12.197     115138    0    0    0    0    0
2021 11  5  5  2    -0.84    -6.58     8.46    -590.5     44.96     22.29    12.450     112977    0    0    0    0    0
2021 11  5  5  3     0.19    -7.06     7.30    -589.9     48.08     20.52    12.486     109799    0    0    0    0    0
2021 11  5  5  4     0.71    -7.37     6.66    -588.6     52.15     22.66    12.570     109563    0    0    0    0    0
2021 11  5  5  5     1.40    -7.41     6.26    -587.5     61.09     30.35    12.686     112620    0    0    0    0    0
2021 11  5  5  6     1.74    -7.47     5.80    -586.9     69.34     39.98    12.934     123766    0    0    0    0    0
2021 11  5  5  7     2.19    -7.55     4.77    -587.6     63.89     37.11    13.338     138309    0    0    0    0    0
2021 11  5  5  8     2.70    -7.69     3.40    -589.5     54.40     28.34    13.809     152161    0    0    0    0    0
2021 11  5  5  9     2.51    -7.92     2.23    -589.8     54.28     31.99    13.901     152161    0    0    0    0    0
2021 11  5  5 10     2.61    -7.90     1.57    -589.8     54.99     32.69    13.742     154054    0    0    0    0    0
2021 11  5  5 11     2.69    -7.64     1.49    -590.1     59.29     33.00    14.210     161008    0    0    0    0    0
2021 11  5  5 12     2.69    -7.27     1.20    -590.0     66.80     32.45    14.557     172492    0    0    0    0    0
2021 11  5  5 13     2.83    -7.00     1.61    -588.3     68.17     33.61    14.518     181498    0    0    0    0    0
2021 11  5  5 14     2.89    -6.45     2.96    -586.4     70.84     34.51    14.432     182584    0    0    0    0    0
2021 11  5  5 15     2.74    -6.15     3.16    -586.4     73.23     35.96    14.597     184932    0    0    0    0    0
2021 11  5  5 16     2.12    -6.23     2.38    -586.9     72.94     36.05    15.194     191614    0    0    0    0    0
2021 11  5  5 17     1.80    -6.00     2.34    -588.6     70.32     33.45    14.563     199421    0    0    0    0    0
2021 11  5  5 18     1.71    -5.32     2.54    -588.8     67.09     29.95    13.246     205287    0    0    0    0    0
2021 11  5  5 19     1.88    -4.83     3.00    -589.2     66.65     28.63    13.433     204877    0    0    0    0    0
2021 11  5  5 20     2.26    -4.81     3.03    -590.8     65.78     27.58    13.715     204139    0    0    0    0    0
2021 11  5  5 21     2.70    -5.16     2.60    -592.5     64.67     27.22    13.279     204139    0    0    0    0    0
2021 11  5  5 22     2.76    -5.26     2.31    -593.1     63.63     25.48    12.708     201116    0    0    0    0    0
2021 11  5  5 23     2.73    -5.32     2.59    -591.6     62.96     24.12    12.553     198643    0    0    0    0    0
2021 11  5  5 24     2.77    -5.37     3.03    -590.0     64.01     24.42    12.843     199276    0    0    0    0    0
2021 11  5  5 25     2.67    -5.51     3.35    -589.5     65.57     24.92    13.303     201708    0    0    0    0    0
2021 11  5  5 26     2.36    -5.74     3.42    -588.9     65.82     25.04    13.330     205521    0    0    0    0    0
2021 11  5  5 27     2.33    -5.78     3.14    -588.6     63.57     25.26    13.380     208512    0    0    0    0    0
2021 11  5  5 28     2.39    -5.78     2.77    -588.8     58.08     23.99    13.540     209307    0    0    0    0    0
2021 11  5  5 29     2.54    -5.52     2.85    -589.2     56.09     18.47    13.857     208771    0    0    0    0    0
2021 11  5  5 30     2.55    -4.47     3.35    -589.0     53.82     14.65    14.107     207589    0    0    0    0    0
2021 11  5  5 31     2.40    -3.37     3.83    -589.3     52.11     18.62    14.200     207231    0    0    0    0    0
2021 11  5  5 32     2.69    -3.94     4.17    -590.7     52.59     18.76    13.948     209534    0    0    0    0    0
2021 11  5  5 33     2.61    -4.71     4.17    -591.1     53.43     17.85    13.615     212574    0    0    0    0    0
2021 11  5  5 34     2.52    -4.08     4.47    -591.0     52.74     11.28    13.946     211098    0    0    0    0    0
2021 11  5  5 35     2.39    -1.98     5.32    -590.6     51.55      7.52    14.678     207096    0    0    0    0    0
2021 11  5  5 36     1.99     0.09     5.97    -590.0     49.70     11.76    15.243     202143    0    0    0    0    0
2021 11  5  5 37     1.80     0.61     5.97    -589.5     49.31     11.41    15.437     198818    0    0    0    0    0
2021 11  5  5 38     1.76     0.70     5.70    -588.3     50.29     11.26    15.301     198132    0    0    0    0    0
2021 11  5  5 39     1.68     1.15     5.11    -587.3     49.32     12.56    15.001     191342    0    0    0    0    0
2021 11  5  5 40     2.25     1.73     5.19    -587.4     51.82     15.65    15.097     172305    0    0    0    0    0
2021 11  5  5 41     2.35    -0.09     5.31    -588.0     55.35     16.43    15.533     167061    0    0    0    0    0
2021 11  5  5 42     2.58    -1.66     5.28    -587.5     57.33     17.62    16.081     161718    0    0    0    0    0
2021 11  5  5 43     2.56    -1.62     5.13    -586.1     57.94     18.37    16.595     155534    0    0    0    0    0
2021 11  5  5 44     2.50    -1.78     4.77    -585.6     59.42     18.39    17.558     148145    0    0    0    0    0
2021 11  5  5 45     2.58    -2.32     4.50    -585.6     62.01     18.16    19.968     137176    0    0    0    0    0
2021 11  5  5 46     2.68    -2.50     4.49    -585.7     63.96     18.38    19.113     133760    0    0    0    0    0
2021 11  5  5 47     2.74    -2.76     4.56    -585.4     63.60     17.85    18.579     132861    0    0    0    0    0
2021 11  5  5 48     2.98    -3.41     4.74    -584.0     60.97     15.00    18.506     132861    0    0    0    0    0
2021 11  5  5 49     3.02    -3.06     4.88    -583.8     60.99     12.95    18.585     131582    0    0    0    0    0
2021 11  5  5 50     3.08    -3.57     5.27    -583.8     62.70     12.35    19.457     117511    0    0    0    0    0
2021 11  5  5 51     3.07    -3.86     4.88    -583.3     63.04     10.99    19.454     117613    0    0    0    0    0
2021 11  5  5 52     2.94    -3.83     4.89    -583.0     63.68     10.81    19.380     119671    0    0    0    0    0
2021 11  5  5 53     2.92    -3.84     5.10    -582.5     64.09     11.12    19.008     122055    0    0    0    0    0
2021 11  5  5 54     2.92    -4.47     4.94    -582.4     65.45     12.00    19.008     122055    0    0    0    0    0
2021 11  5  5 55     2.80    -4.33     4.55    -583.2     68.84     12.32    21.034     118952    0    0    0    0    0
2021 11  5  5 56     2.67    -4.34     3.89    -583.3     71.65     12.63    21.166     116474    0    0    0    0    0
2021 11  5  5 57     2.28    -4.60     3.43    -583.3     72.92     12.57    20.363     114143    0    0    0    0    0
2021 11  5  5 58     2.25    -4.67     3.36    -583.3     72.63     12.51    20.277     114141    0    0    0    0    0
2021 11  5  5 59     2.50    -4.68     3.08    -583.9     72.07     12.37    20.022     113563    0    0    0    0    0
2021 11  5  6  0     2.35    -4.85     3.76    -584.3     70.80     12.14    19.118     107329    0    0    0    0    0
2021 11  5  6  1     2.29    -5.03     4.14    -584.3     70.40     11.60    18.785     107915    0    0    0    0    0
2021 11  5  6  2     2.35    -5.08     4.28    -584.4     70.29     10.55    18.277     113910    0    0    0    0    0
2021 11  5  6  3     2.39    -5.15     4.69    -584.7     70.27      9.34    16.568     120102    0    0    0    0    0
2021 11  5  6  4     2.41    -5.30     4.86    -584.7     70.13      8.66    15.598     119280    0    0    0    0    0
2021 11  5  6  5     2.43    -5.17     5.17    -584.4     69.76      7.31    15.189     113681    0    0    0    0    0
2021 11  5  6  6     2.58    -5.12     5.23    -584.4     69.45      6.68    15.423     112363    0    0    0    0    0
2021 11  5  6  7     2.64    -5.21     5.37    -584.3     69.73      6.75    14.958     110771    0    0    0    0    0
2021 11  5  6  8     2.59    -5.40     5.67    -583.7     69.71      7.96    14.971     107299    0    0    0    0    0
2021 11  5  6  9     2.26    -5.44     5.76    -583.6     68.92      8.14    15.177     107449    0    0    0    0    0
2021 11  5  6 10     2.27    -5.60     5.89    -583.6     68.44      8.07    15.439     109616    0    0    0    0    0
2021 11  5  6 11     2.49    -5.59     6.04    -583.0     67.49      7.88    15.433     110622    0    0    0    0    0
2021 11  5  6 12     2.49    -5.41     6.06    -582.5     67.03      7.85    15.255     111678    0    0    0    0    0
2021 11  5  6 13     2.44    -5.42     6.01    -582.3     64.62      8.74    15.165     114443    0    0    0    0    0
2021 11  5  6 14     2.47    -5.10     5.73    -581.8     62.72      9.30    15.076     117040    0    0    0    0    0
2021 11  5  6 15     2.44    -5.01     5.73    -581.7     62.42      8.10    14.376     117258    0    0    0    0    0
2021 11  5  6 16     2.43    -4.70     5.59    -581.4     61.84      7.97    14.352     117264    0    0    0    0    0
2021 11  5  6 17     2.12    -4.61     5.58    -581.2     59.05      8.17    14.352     117264    0    0    0    0    0
2021 11  5  6 18     2.13    -4.61     5.30    -579.3     58.46      8.58    14.183     117164    0    0    0    0    0
2021 11  5  6 19     2.33    -4.43     5.17    -580.2     59.22      8.68    14.084     116882    0    0    0    0    0
2021 11  5  6 20     2.46    -4.28     5.16    -580.7     59.60      8.21    14.006     116821    0    0    0    0    0
2021 11  5  6 21     2.65    -4.22     5.19    -580.1     59.49      7.81    14.000     116818    0    0    0    0    0
2021 11  5  6 22     2.79    -4.28     5.22    -579.3     58.97      7.83    14.000     116818    0    0    0    0    0
2021 11  5  6 23     2.83    -4.39     5.32    -579.2     58.43      7.58    13.971     116520    0    0    0    0    0
2021 11  5  6 24     2.75    -4.41     5.35    -579.8     58.26      7.42    13.961     116050    0    1    1    1    1
2021 11  5  6 25     2.67    -4.47     5.48    -579.5     58.28      7.09    13.956     115593    0    1    1    2    1
2021 11  5  6 26     2.69    -4.58     5.54    -578.9     58.40      6.91    13.951     115141    0    1    1    2    1
2021 11  5  6 27     3.30    -4.66     5.51    -578.6     58.38      7.65    13.946     114677    0    1    1    2    1
2021 11  5  6 28     3.59    -4.69     5.50    -578.1     58.46     11.67    13.941     114222    0    1    1    2    1
2021 11  5  6 29     3.62    -4.69     5.57    -577.2     58.91     16.70    13.937     113775    0    1    1    1    1
2021 11  5  6 30     3.57    -4.82     5.58    -577.0     63.71     21.99    14.575     112642    0    0    0    0    0
2021 11  5  6 31     3.52    -4.90     5.57    -577.1     64.66     27.27    14.606     109111    0    0    0    0    0
2021 11  5  6 32     3.42    -4.95     5.41    -576.6     63.99     32.45    14.636     106188    0    0    0    0    0
2021 11  5  6 33     3.31    -4.98     5.11    -576.2     63.77     34.46    14.791     105462    0    0    0    0    0
2021 11  5  6 34     3.27    -4.99     4.97    -575.8     63.62     34.64    14.867     106079    0    0    0    0    0
2021 11  5  6 35     3.63    -4.88     4.95    -575.3     63.56     34.61    13.344     106395    0    0    0    0    1
2021 11  5  6 36     3.97    -4.84     5.19    -575.1     63.58     34.72    12.478     104021    0    0    0    0    1
2021 11  5  6 37     3.81    -4.92     5.28    -575.1     63.69     34.58    12.478     101304    0    0    0    0    1
2021 11  5  6 38     3.30    -5.05     5.24    -574.9     62.67     34.38    12.310     100527    0    0    0    0    1
2021 11  5  6 39     2.82    -5.18     5.22    -574.7     61.64     34.17    11.994     101471    0    0    0    0    1
2021 11  5  6 40     2.65    -5.29     5.20    -574.8     61.69     33.85    11.555     102696    0    0    0    0    0
2021 11  5  6 41     2.62    -5.41     5.15    -575.1     62.08     33.64    11.351     104541    0    0    0    0    0
2021 11  5  6 42     2.60    -5.54     5.08    -575.4     62.42     33.66    11.330     105412    0    0    0    0    0
2021 11  5  6 43     2.60    -5.61     5.06    -576.9     62.26     33.65    11.194     105255    0    0    0    0    0
2021 11  5  6 44     2.82    -5.54     5.06    -578.2     62.34     33.49    11.145     105195    0    0    0    0    0
2021 11  5  6 45     2.98    -5.41     5.01    -576.8     62.94     29.08    11.081     104235    0    0    0    0    0
2021 11  5  6 46     2.94    -5.46     4.99    -574.1     62.68     24.09    11.055     103855    0    0    0    0    0
2021 11  5  6 47     2.90    -5.51     5.06    -572.1     59.77     19.07    10.963     103206    0    0    0    0    0
2021 11  5  6 48     3.07    -5.39     5.18    -571.6     56.31     14.01    10.809     102470    0    0    0    0    0
2021 11  5  6 49     3.00    -5.21     5.22    -571.7     55.42      9.22    10.747     102859    0    0    0    0    0
2021 11  5  6 50     2.50    -5.16     5.14    -570.5     53.21      7.28    11.484     103335    0    0    0    0    0
2021 11  5  6 51     2.08    -4.84     4.96    -568.3     49.57      8.29    12.782     103061    0    0    0    0    0
2021 11  5  6 52     1.79    -3.80     4.67    -567.3     47.90      8.21    13.204     101348    0    0    0    0    0
2021 11  5  6 53     1.79    -3.03     4.58    -566.8     46.77      8.41    13.518      97739    0    0    0    0    0
2021 11  5  6 54     1.78    -2.41     4.57    -566.9     46.99      9.73    13.513      97739    0    0    0    0    0
2021 11  5  6 55     1.74    -2.14     4.54    -567.3     49.67     10.94    13.483      97044    0    0    0    0    0
2021 11  5  6 56     1.76    -2.09     4.49    -567.5     51.38     10.90    13.239      94201    0    0    0    0    0
2021 11  5  6 57     1.91    -2.73     4.76    -567.4     53.53     10.12    12.245      92679    0    0    0    0    0
2021 11  5  6 58     2.32    -4.09     4.99    -567.9     56.67      9.99    11.439      90648    0    0    0    0    0
2021 11  5  6 59     2.61    -4.46     5.22    -570.0     57.75     10.34    11.419      86863    0    0    0    0    0
2021 11  5  7  0     2.64    -4.48     5.57    -571.0     58.07     10.91    11.396      84659    0    0    0    0    0
2021 11  5  7  1     2.86    -4.36     5.70    -572.0     58.42     11.18    11.335      84631    0    1    1    1    1
2021 11  5  7  2     3.05    -4.29     5.74    -572.4     49.93     10.16    11.687      84605    0    1    1    1    1
2021 11  5  7  3     3.09    -4.30     5.91    -573.0     40.89      9.37    11.890      84578    0    1    2    1    1
2021 11  5  7  4     3.09    -4.42     5.99    -574.0     41.35     10.16    11.517      84565    0    1    1    1    1
2021 11  5  7  5     3.08    -4.47     5.98    -574.2     41.53     10.56    11.388      85149    0    0    0    0    0
2021 11  5  7  6     3.05    -4.45     5.96    -573.4     43.67     20.97    11.400      85570    0    0    0    0    0
2021 11  5  7  7     3.02    -4.47     5.98    -572.8     45.40     30.32    11.416      84473    0    0    0    0    0
2021 11  5  7  8     2.92    -4.50     6.06    -573.3     46.25     30.43    11.398      82867    0    0    0    0    0
2021 11  5  7  9     2.82    -4.52     6.08    -574.2     47.64     29.84    11.341      82395    0    0    0    0    0
2021 11  5  7 10     2.80    -4.53     6.04    -574.5     47.30     30.05    11.258      81789    0    0    0    0    0
2021 11  5  7 11     2.97    -4.47     5.96    -573.8     46.22     30.69    10.970      80612    0    0    0    0    0
2021 11  5  7 12     3.14    -4.39     5.94    -572.7     46.07     31.32    10.706      80011    0    0    0    0    0
2021 11  5  7 13     3.23    -4.41     5.92    -571.8     46.51     31.81    10.365      80578    0    0    0    0    0
2021 11  5  7 14     3.38    -4.57     5.86    -571.3     46.89     32.05     9.783      82974    0    0    0    0    0
2021 11  5  7 15     3.52    -4.92     5.87    -572.8     49.01     30.45     9.213      85334    0    0    0    0    0
2021 11  5  7 16     3.46    -5.11     5.97    -574.4     50.67     28.82     8.771      83627    0    0    0    0    0
2021 11  5  7 17     3.31    -5.18     6.04    -574.2     50.98     28.77     8.450      82214    0    0    0    0    0
2021 11  5  7 18     3.00    -5.27     6.00    -574.0     51.62     28.63     8.299      82069    0    0    0    0    0
2021 11  5  7 19     2.72    -5.29     6.03    -574.0     51.88     28.54     8.321      82069    0    0    0    0    0
2021 11  5  7 20     2.90    -5.16     6.03    -574.4     50.69     30.37     9.198      80782    0    0    0    0    0
2021 11  5  7 21     3.18    -5.17     5.89    -574.7     50.27     31.55     9.821      79873    0    0    0    0    0
2021 11  5  7 22     3.26    -5.24     5.73    -575.4     53.74     26.72     8.841      80103    0    0    0    0    0
2021 11  5  7 23     3.24    -5.26     5.56    -575.7     55.30     24.44     8.379      80231    0    0    0    0    0
2021 11  5  7 24     3.16    -5.25     5.53    -576.2     54.30     24.77     8.559      78760    0    0    0    0    0
2021 11  5  7 25     3.11    -5.26     5.58    -576.1     53.62     24.15     8.620      78081    0    0    0    0    0
2021 11  5  7 26     2.94    -5.27     5.60    -576.0     53.52     25.02     8.486      81341    0    0    0    0    0
2021 11  5  7 27     2.80    -5.46     5.53    -576.0     55.33     25.84     8.303      84450    0    0    0    0    0
2021 11  5  7 28     2.71    -5.55     5.57    -576.0     58.49     26.06     8.163      85191    0    0    0    0    0
2021 11  5  7 29     2.71    -5.53     5.63    -576.0     60.78     27.15     8.050      82285    0    0    0    0    0
2021 11  5  7 30     2.74    -5.52     5.64    -576.1     61.58     28.41     7.969      80554    0    0    0    0    0
2021 11  5  7 31     2.71    -5.55     5.71    -576.2     62.52     29.79     7.801      80422    0    0    0    0    0
2021 11  5  7 32     2.54    -5.62     5.75    -575.3     63.93     30.40     7.623      82148    0    0    0    0    0
2021 11  5  7 33     2.39    -5.69     5.79    -573.7     64.82     29.59     7.456      84120    0    0    0    0    0
2021 11  5  7 34     2.34    -5.72     5.92    -572.2     65.05     28.58     7.246      85730    0    0    0    0    0
2021 11  5  7 35     2.34    -5.68     6.08    -570.3     65.33     28.17     6.988      90726    0    0    0    0    0
2021 11  5  7 36     2.36    -5.65     6.20    -568.6     66.74     28.01     6.666      97866    0    0    0    0    0
2021 11  5  7 37     2.30    -5.62     6.27    -569.4     69.61     27.92     6.227      98881    0    0    0    0    0
2021 11  5  7 38     2.12    -5.46     6.38    -572.3     69.98     27.22     5.947      97780    0    0    0    0    0
2021 11  5  7 39     1.94    -5.51     6.27    -573.0     69.04     26.16     5.867      95892    0    0    0    0    0
2021 11  5  7 40     1.74    -5.60     6.33    -571.9     68.62     25.88     5.809      95253    0    0    0    0    0
2021 11  5  7 41     1.61    -5.62     6.46    -569.9     68.39     24.66     5.750      95276    0    0    0    0    0
2021 11  5  7 42     1.55    -5.67     6.37    -568.0     68.29     21.84     5.701      95336    0    0    0    0    0
2021 11  5  7 43     1.54    -5.73     6.35    -567.6     68.35     20.06     5.604      95627    0    0    0    0    0
2021 11  5  7 44     1.51    -5.78     6.33    -566.8     68.63     20.26     5.494      96455    0    0    0    0    0
2021 11  5  7 45     1.47    -5.81     6.27    -565.3     68.77     22.50     5.427      96447    0    0    0    0    0
2021 11  5  7 46     1.51    -5.91     6.22    -565.4     68.84     25.45     5.389      96062    0    0    0    0    0
2021 11  5  7 47     1.58    -5.98     6.21    -565.8     69.77     26.33     5.357      93351    0    0    0    0    0
2021 11  5  7 48     1.58    -6.00     6.21    -566.7     71.53     24.11     5.326      93590    0    0    0    0    0
2021 11  5  7 49     1.26    -6.02     6.17    -568.7     71.51     22.33     5.326      95008    0    0    0    0    0
2021 11  5  7 50     1.16    -6.14     6.01    -570.6     68.56     22.57     5.349      97083    0    0    0    0    0
2021 11  5  7 51     1.19    -6.25     5.84    -568.5     66.10     23.32     5.307     101192    0    0    0    0    0
2021 11  5  7 52     1.21    -6.33     5.72    -567.7     66.72     25.23     5.182     108051    0    0    0    0    0
2021 11  5  7 53     1.23    -6.25     5.82    -568.0     72.46     26.60     4.930     113419    0    0    0    0    0
2021 11  5  7 54     1.31    -5.93     5.99    -569.2     75.49     27.56     4.836     113140    0    0    0    0    0
2021 11  5  7 55     1.42    -5.74     6.23    -569.7     76.78     28.88     4.690     112106    0    0    0    0    0
2021 11  5  7 56     1.48    -5.67     6.34    -569.5     79.09     30.06     4.446     111281    0    0    0    0    0
2021 11  5  7 57     1.54    -5.57     6.42    -569.4     79.90     31.45     4.294     110892    0    0    0    0    0
2021 11  5  7 58     1.61    -5.46     6.41    -569.6     80.20     33.27     4.228     109820    0    0    0    0    0
2021 11  5  7 59     1.70    -5.82     6.06    -570.8     80.95     34.19     4.170     109083    0    1    1    1    1
2021 11  5  8  0     1.78    -6.17     5.71    -573.2     81.07     34.18     4.154     108306    0    1    1    1    1
2021 11  5  8  1     1.79    -6.13     5.58    -575.8     79.64     33.90     4.185     107524    0    1    1    1    1
2021 11  5  8  2     1.76    -6.12     5.50    -580.9     78.47     33.33     4.260     106653    0    1    1    1    1
2021 11  5  8  3     1.73    -6.12     5.53    -582.4     80.14     29.69     4.256     106126    0    0    0    0    0
2021 11  5  8  4     1.86    -5.92     5.60    -582.4     81.77     26.14     4.135     105508    0    0    0    0    0
2021 11  5  8  5     1.97    -5.76     5.60    -582.1     82.02     23.68     4.070      97205    0    0    0    0    0
2021 11  5  8  6     2.08    -5.89     5.60    -582.0     79.90     21.43     4.029      95724    0    0    0    0    0
2021 11  5  8  7     2.13    -5.94     5.47    -583.1     79.44     20.13     3.991      95711    0    0    0    0    0
2021 11  5  8  8     2.04    -5.83     5.44    -585.6     79.38     19.76     3.997      95952    0    0    0    0    0
2021 11  5  8  9     1.99    -5.87     5.40    -584.6     79.15     20.40     4.006      95688    0    0    0    0    0
2021 11  5  8 10     1.97    -5.94     5.39    -584.3     79.10     20.82     4.026      93689    0    0    0    0    0
2021 11  5  8 11     1.93    -5.98     5.38    -583.0     79.09     21.72     3.966      93713    0    0    0    0    0
2021 11  5  8 12     1.93    -5.98     5.39    -582.7     78.70     22.68     3.945      94419    0    0    0    0    0
2021 11  5  8 13     1.98    -5.99     5.38    -583.4     78.69     24.59     3.637      94419    0    0    0    0    0
2021 11  5  8 14     2.05    -5.97     5.31    -583.5     80.42     27.17     3.407      95679    0    0    0    0    0
2021 11  5  8 15     2.10    -5.84     5.45    -582.7     91.55     32.79     3.306     113949    0    0    0    0    0
2021 11  5  8 16     2.03    -5.71     5.55    -582.5     92.28     33.42     3.228     113910    0    0    0    0    0
2021 11  5  8 17     2.11    -5.76     5.43    -580.5     79.44     30.03     3.207     111601    0    0    0    0    0
2021 11  5  8 18     2.02    -5.60     5.76    -579.8     81.16     29.54     3.228     111370    0    0    0    0    0
2021 11  5  8 19     2.35    -5.79     5.47    -581.4     83.89     25.19     3.261     111563    0    0    0    0    0
2021 11  5  8 20     2.45    -5.79     5.20    -584.0     86.38     23.30     3.255     131123    0    0    0    0    0
2021 11  5  8 21     2.23    -5.70     5.30    -588.0     91.19     31.17     3.247     134698    0    0    0    0    1
2021 11  5  8 22     1.61    -5.72     5.38    -590.0     90.87     32.40     3.100     137976    0    0    0    0    1
2021 11  5  8 23     1.65    -5.79     5.58    -592.3     89.44     33.51     2.962     139797    0    0    0    0    1
2021 11  5  8 24     1.86    -5.90     5.75    -592.7     88.30     33.51     2.943     130743    0    0    0    0    0
2021 11  5  8 25     2.13    -5.95     5.68    -590.6     87.11     33.21     2.942     122821    0    0    0    0    0
2021 11  5  8 26     2.33    -5.76     5.64    -587.5     85.84     33.60     2.958     122821    0    0    0    0    0
2021 11  5  8 27     2.47    -5.40     5.58    -587.1     84.24     34.24     2.971     122810    0    0    0    0    1
2021 11  5  8 28     2.42    -5.45     5.52    -587.7     82.12     34.09     2.966     122308    0    0    0    1    1
2021 11  5  8 29     2.29    -5.16     5.54    -588.5     80.56     33.40     2.957     121055    0    0    0    1    1
2021 11  5  8 30     2.31    -5.03     5.61    -587.8     81.34     31.73     2.930     123396    0    0    0    1    1
2021 11  5  8 31     2.35    -5.00     5.62    -588.1     85.68     28.62     2.894     129405    0    0    0    1    1
2021 11  5  8 32     2.42    -5.03     5.62    -587.9     88.15     26.84     2.862     129605    0    0    0    1    1
2021 11  5  8 33     2.55    -5.20     5.56    -585.3     88.66     27.49     2.843     129605    0    0    0    0    0
2021 11  5  8 34     2.38    -4.94     5.60    -581.6     88.67     28.04     2.841     129605    0    0    0    0    0
2021 11  5  8 35     2.65    -4.81     5.61    -579.8     88.84     28.74     2.920     130671    0    0    0    0    0
2021 11  5  8 36     3.06    -4.64     5.58    -579.4     89.46     31.42     2.926     130821    0    0    0    0    0
2021 11  5  8 37     3.12    -4.60     5.48    -579.3     90.43     33.31     2.942     130738    0    0    0    0    0
2021 11  5  8 38     2.32    -5.14     5.43    -579.7     91.36     35.20     2.820     126258    0    0    0    0    0
2021 11  5  8 39     2.53    -5.49     5.43    -580.5     91.63     36.64     2.800     123512    0    0    0    0    0
2021 11  5  8 40     2.79    -5.32     5.64    -580.8     91.46     36.56     2.741     123315    0    0    0    0    0
2021 11  5  8 41     2.81    -5.26     5.74    -580.9     91.30     35.44     2.741     123968    0    0    0    0    0
2021 11  5  8 42     2.57    -5.21     5.82    -580.9     92.15     35.17     2.629     124670    0    0    0    0    0
2021 11  5  8 43     2.15    -5.40     5.88    -585.6     91.92     36.67     2.612     124722    0    0    0    0    0
2021 11  5  8 44     2.10    -5.33     5.87    -587.8     93.41     35.86     2.629     126080    0    0    0    0    0
2021 11  5  8 45     2.09    -5.12     5.82    -588.4     95.68     34.93     2.706     129426    0    0    0    0    0
2021 11  5  8 46     2.15    -4.79     5.82    -589.8     95.63     34.90     2.845     128959    0    0    0    0    0
2021 11  5  8 47     2.67    -4.55     5.82    -590.8     94.80     35.40     2.914     128204    0    0    0    0    0
2021 11  5  8 48     3.27    -4.41     5.88    -590.9     95.42     35.10     2.868     128204    0    0    0    0    0
2021 11  5  8 49     3.33    -4.31     6.02    -591.1     95.95     34.31     2.816     120243    0    0    0    0    0
2021 11  5  8 50     3.35    -4.22     6.12    -591.4     95.13     34.09     2.811     110445    0    0    0    0    0
2021 11  5  8 51     3.60    -4.05     6.12    -592.2     92.58     34.16     2.819     111206    0    0    0    1    1
2021 11  5  8 52     3.35    -4.08     6.02    -597.1     86.13     35.76     2.741     113539    0    0    0    1    1
2021 11  5  8 53     2.62    -3.98     6.17    -604.9     86.25     36.63     2.687     114327    0    0    0    1    1
2021 11  5  8 54     3.01    -3.98     6.30    -605.1     86.85     36.55     2.618     116947    0    0    0    1    1
2021 11  5  8 55     3.14    -4.00     6.27    -605.5     87.04     35.70     2.623     121556    0    0    0    1    1
2021 11  5  8 56     3.59    -4.10     6.26    -604.7     86.86     34.25     2.639     121164    0    0    0    0    0
2021 11  5  8 57     3.76    -4.09     6.21    -600.5     86.82     31.50     2.746     118220    0    0    0    0    0
2021 11  5  8 58     4.15    -3.76     6.19    -597.7     87.40     31.68     2.903     108159    0    0    0    0    0
2021 11  5  8 59     4.44    -3.63     6.22    -596.7     85.20     34.92     2.948     105225    0    0    0    1    1
2021 11  5  9  0     4.51    -3.56     6.19    -596.6     83.80     36.34     2.950     105225    0    0    0    1    1
2021 11  5  9  1     4.20    -3.54     6.18    -596.1     83.20     35.55     3.021     104021    0    0    0    1    1
2021 11  5  9  2     3.71    -3.54     6.18    -594.8     84.06     33.53     3.054     103489    0    0    0    1    1
2021 11  5  9  3     3.16    -3.61     6.31    -593.0     85.45     31.84     3.056     105231    0    0    0    1    1
2021 11  5  9  4     2.86    -3.67     6.51    -591.4     87.25     31.13     3.059     106683    0    0    0    1    1
2021 11  5  9  5     3.10    -3.74     6.61    -590.8     88.60     31.18     3.062     106683    0    0    0    1    1
2021 11  5  9  6     3.66    -3.81     6.62    -591.6     88.27     30.90     2.951     107887    0    0    0    1    1
2021 11  5  9  7     3.94    -3.80     6.66    -593.5     86.92     30.15     2.826     110467    0    0    0    1    1
2021 11  5  9  8     3.74    -3.52     6.69    -594.9     85.58     30.37     2.893     111424    0    0    0    1    1
2021 11  5  9  9     3.47    -3.75     6.70    -599.5     84.98     35.80     2.943     109413    0    0    0    1    1
2021 11  5  9 10     3.62    -3.65     6.69    -601.1     86.08     39.54     2.958     105193    0    0    0    1    1
2021 11  5  9 11     3.72    -3.28     6.67    -607.2     86.26     40.27     3.052     105410    0    0    0    1    1
2021 11  5  9 12     3.91    -3.19     6.67    -607.9     85.10     38.90     3.099     106846    0    0    0    0    0
2021 11  5  9 13     3.92    -3.26     6.68    -607.1     84.09     38.39     3.115     105917    0    0    0    0    0
2021 11  5  9 14     3.89    -3.35     6.70    -604.5     85.92     39.60     3.126     102577    0    0    0    0    0
2021 11  5  9 15     3.69    -3.37     6.70    -595.9     87.60     38.20     3.126     102104    0    0    0    0    0
2021 11  5  9 16     3.56    -3.41     6.70    -590.5     82.44     35.88     3.110     101844    0    0    0    0    0
2021 11  5  9 17     3.52    -3.57     6.71    -589.6     73.38     34.42     3.070     102379    0    0    0    0    0
2021 11  5  9 18     3.24    -3.80     6.71    -589.4     71.04     33.84     3.029     103965    0    0    0    0    0
2021 11  5  9 19     2.70    -3.90     6.72    -590.4     64.98     31.33     3.025     105164    0    0    0    0    0
2021 11  5  9 20     2.62    -3.95     6.76    -591.9     62.78     32.46     3.043     104966    0    0    0    0    0
2021 11  5  9 21     2.56    -4.04     6.78    -593.2     66.48     33.15     3.000     100690    0    0    0    0    0
2021 11  5  9 22     2.45    -4.14     6.73    -598.2     66.54     37.83     2.968      97406    0    0    0    0    0
2021 11  5  9 23     2.36    -4.06     6.66    -598.9     65.70     39.48     3.032     101540    0    0    0    0    0
2021 11  5  9 24     2.25    -4.04     6.61    -598.1     59.09     24.72     3.082     103849    0    0    0    0    0
2021 11  5  9 25     2.23    -4.06     6.67    -597.9     59.97     20.84     3.139     105480    0    0    0    0    0
2021 11  5  9 26     2.31    -3.92     6.73    -600.0     64.41     22.02     3.077     105823    0    0    0    0    0
2021 11  5  9 27     2.32    -3.84     6.38    -600.1     70.56     28.77     3.054      99450    0    0    0    0    0
2021 11  5  9 28     2.39    -3.80     6.23    -600.0     77.09     31.22     2.795      92731    0    0    0    0    0
2021 11  5  9 29     2.48    -3.80     6.17    -600.1     82.86     32.23     2.716      91952    0    0    0    0    0
2021 11  5  9 30     2.48    -3.95     6.17    -600.0     83.66     32.55     2.711      92193    0    0    0    0    0
2021 11  5  9 31     2.16    -4.00     6.04    -599.8     82.38     33.28     2.847      94068    0    0    0    0    0
2021 11  5  9 32     2.03    -4.00     6.01    -596.3     74.94     28.25     2.865      94311    0    0    0    0    0
2021 11  5  9 33     2.02    -3.96     6.00    -594.7     72.43     27.96     2.846      91279    0    0    0    0    0
2021 11  5  9 34     2.19    -3.94     6.03    -594.0     78.91     31.88     2.776      89134    0    0    0    0    0
2021 11  5  9 35     2.30    -3.94     6.07    -592.7     84.26     33.78     2.733      88868    0    0    0    0    0
2021 11  5  9 36     2.20    -3.97     6.04    -591.4     84.25     33.79     2.759      90867    0    0    0    0    0
2021 11  5  9 37     2.06    -4.00     5.98    -590.3     82.53     34.78     2.803      93133    0    0    0    0    0
2021 11  5  9 38     1.95    -3.99     6.02    -589.5     78.48     36.24     2.810      92347    0    0    0    0    0
2021 11  5  9 39     1.63    -3.95     6.12    -589.1     72.97     36.45     2.774      89874    0    0    0    0    0
2021 11  5  9 40     1.22    -3.93     6.15    -588.5     74.19     35.72     2.739      87815    0    0    0    0    0
2021 11  5  9 41     1.25    -3.94     6.15    -586.8     72.94     34.07     2.715      89417    0    0    0    0    0
2021 11  5  9 42     1.33    -3.97     6.17    -584.4     61.98     34.10     2.691      94721    0    0    0    0    0
2021 11  5  9 43     1.37    -4.04     6.17    -584.2     61.06     36.17     2.675      94549    0    1    1    0    1
2021 11  5  9 44     1.58    -4.09     6.21    -589.6     61.99     36.70     2.731      92316    0    1    1    0    1
2021 11  5  9 45     1.64    -4.01     6.24    -595.3     69.79     37.18     2.742      90904    1    1    1    0    1
2021 11  5  9 46     1.65    -3.97     6.26    -595.8     73.16     37.42     2.695      89881    1    1    1    0    1
2021 11  5  9 47     1.71    -3.93     6.34    -595.4     73.04     37.42     2.671      88613    1    1    1    0    1
2021 11  5  9 48     1.76    -3.87     6.40    -595.2     79.86     37.80     2.666      87543    1    1    1    0    1
2021 11  5  9 49     1.79    -3.84     6.42    -595.1     84.17     37.33     2.676      87206    1    1    1    0    1
2021 11  5  9 50     1.91    -3.81     6.39    -595.2     84.50     36.96     2.684      87206    0    0    0    0    0
2021 11  5  9 51     2.02    -3.77     6.38    -595.2     85.45     37.85     2.694      83052    0    0    0    0    0
2021 11  5  9 52     2.05    -3.71     6.42    -594.7     83.36     38.26     2.671      80576    0    0    0    0    0
2021 11  5  9 53     1.98    -3.67     6.46    -594.4     79.06     29.58     2.626      80402    0    0    0    0    0
2021 11  5  9 54     1.93    -3.64     6.49    -595.0     75.20     24.83     2.608      80476    0    0    0    0    0
2021 11  5  9 55     1.85    -3.63     6.53    -595.6     75.29     25.39     2.618      80913    0    0    0    0    0
2021 11  5  9 56     1.82    -3.66     6.55    -595.9     76.68     23.77     2.793      81101    0    0    0    0    0
2021 11  5  9 57     1.87    -3.70     6.28    -595.9     79.05     33.00     2.829      77559    0    0    0    0    0
2021 11  5  9 58     1.89    -3.73     6.16    -595.9     81.34     37.53     2.765      75918    0    0    0    0    0
2021 11  5  9 59     1.90    -3.73     6.31    -594.8     82.54     38.79     2.717      83210    0    0    0    0    0
2021 11  5 10  0     1.91    -3.70     6.42    -593.8     84.67     39.96     2.690      98599    0    0    0    0    0
2021 11  5 10  1     1.91    -3.68     6.45    -592.6     83.22     38.69     2.682     110882    0    0    0    0    0
2021 11  5 10  2     1.88    -3.70     6.43    -591.3     78.53     38.19     2.675     114826    0    0    0    0    0
2021 11  5 10  3     1.78    -3.73     6.39    -591.1     74.77     31.97     2.658     114971    0    0    0    0    0
2021 11  5 10  4     1.70    -3.75     6.37    -591.2     74.64     22.67     2.642     115796    0    0    0    0    0
2021 11  5 10  5     1.78    -3.72     6.36    -590.7     76.64     22.19     2.631     116699    0    0    0    0    0
2021 11  5 10  6     1.94    -3.66     6.35    -590.5     78.27     28.68     2.578     116276    0    0    0    0    0
2021 11  5 10  7     2.11    -3.63     6.25    -591.3     80.07     38.26     2.526     115683    0    0    0    0    0
2021 11  5 10  8     2.51    -3.67     6.12    -592.9     80.56     29.04     2.577     115683    0    0    0    0    0
2021 11  5 10  9     2.74    -3.73     6.10    -593.6     80.24     20.65     2.611     115636    0    0    0    0    0
2021 11  5 10 10     2.58    -3.77     6.11    -593.3     78.95     30.98     2.594     115601    0    0    0    0    0
2021 11  5 10 11     2.47    -3.84     6.13    -592.6     81.85     39.99     2.543     118443    0    0    0    0    0
2021 11  5 10 12     2.50    -3.90     6.15    -592.2     85.02     41.52     2.506     120941    0    0    0    0    0
2021 11  5 10 13     2.56    -3.91     6.18    -592.0     85.65     41.96     2.500     119194    0    0    0    0    0
2021 11  5 10 14     2.60    -3.90     6.19    -591.7     86.41     40.85     2.553     113307    0    0    0    0    0
2021 11  5 10 15     2.54    -3.88     6.20    -588.0     86.29     39.03     2.610     108890    0    0    0    0    0
2021 11  5 10 16     2.41    -3.85     6.21    -580.7     85.77     37.31     2.612     108890    0    0    0    0    0
2021 11  5 10 17     2.40    -3.86     6.22    -577.4     84.02     36.59     2.539     114593    0    0    0    0    0
2021 11  5 10 18     2.38    -3.91     6.13    -576.4     82.72     37.25     2.498     121115    0    0    0    0    0
2021 11  5 10 19     2.54    -3.97     6.07    -576.3     79.06     37.82     2.481     123080    0    0    0    0    0
2021 11  5 10 20     2.61    -4.00     6.13    -576.5     73.66     36.43     2.461     120197    0    0    0    0    0
2021 11  5 10 21     2.78    -4.00     6.17    -578.7     70.68     34.88     2.341     118961    0    0    0    0    0
2021 11  5 10 22     2.71    -3.98     6.18    -580.3     76.11     37.65     2.091     132030    0    0    0    0    0
2021 11  5 10 23     2.61    -3.96     6.15    -580.6     83.74     39.42     2.040     135709    0    0    0    0    0
2021 11  5 10 24     2.58    -3.96     6.10    -582.9     86.43     38.57     2.043     138291    0    0    0    0    0
2021 11  5 10 25     2.56    -3.96     6.05    -585.2     83.90     38.91     2.108     139842    0    0    0    0    0
2021 11  5 10 26     2.53    -3.93     6.03    -585.2     81.37     43.67     2.121     139698    0    0    0    0    0
2021 11  5 10 27     2.53    -3.89     6.04    -583.7     84.28     46.35     2.120     138905    0    0    0    0    0
2021 11  5 10 28     2.58    -3.89     6.01    -583.3     87.24     46.58     2.095     139100    0    0    0    0    0
2021 11  5 10 29     2.62    -3.83     5.98    -581.8     89.59     46.78     2.079     142014    0    0    0    0    0
2021 11  5 10 30     2.64    -3.83     5.97    -581.0     90.64     46.67     2.074     146280    0    0    0    0    0
2021 11  5 10 31     2.64    -3.90     6.05    -579.2     89.66     47.83     2.113     147304    0    0    0    0    0
2021 11  5 10 32     2.64    -3.82     6.13    -576.8     88.30     47.03     2.079     147436    0    0    0    0    0
2021 11  5 10 33     2.54    -3.77     6.19    -573.5     87.74     45.74     2.053     145719    0    0    0    0    0
2021 11  5 10 34     2.41    -3.72     6.22    -570.7     87.73     44.75     2.057     143021    0    0    0    0    0
2021 11  5 10 35     2.43    -3.67     6.24    -569.2     87.77     44.21     2.076     140301    0    0    0    0    0
2021 11  5 10 36     2.67    -3.69     6.24    -568.2     87.72     43.75     2.081     137827    0    0    0    0    0
2021 11  5 10 37     2.82    -3.67     6.27    -567.9     88.03     42.99     2.104     128997    0    0    0    0    0
2021 11  5 10 38     2.77    -3.53     6.36    -567.8     88.42     41.14     2.170     108235    0    0    0    0    0
2021 11  5 10 39     2.56    -3.50     6.38    -567.6     88.60     40.15     2.206     109767    0    0    0    0    0
2021 11  5 10 40     2.42    -3.50     6.35    -568.2     88.93     39.79     2.273     114907    0    0    0    0    0
2021 11  5 10 41     2.38    -3.53     6.34    -571.0     89.83     40.86     2.338     114907    0    0    0    0    0
2021 11  5 10 42     2.39    -3.48     6.31    -572.8     90.87     42.38     2.335     114632    0    0    0    0    0
2021 11  5 10 43     2.37    -3.45     6.27    -573.7     90.49     43.35     2.262     114357    0    0    0    1    1
2021 11  5 10 44     2.34    -3.48     6.25    -573.6     90.28     43.72     2.177     114471    0    0    0    1    1
2021 11  5 10 45     2.32    -3.47     6.23    -572.7     89.88     43.39     2.121     114858    0    0    0    1    1
2021 11  5 10 46     2.31    -3.49     6.22    -572.0     88.15     42.86     2.110     116624    0    0    0    1    1
2021 11  5 10 47     2.04    -3.52     6.33    -571.7     85.82     42.35     2.120     119577    0    0    0    0    0
2021 11  5 10 48     1.72    -3.36     6.49    -570.5     84.39     41.48     2.107     121066    0    0    0    0    0
2021 11  5 10 49     1.72    -3.09     6.52    -568.2     83.57     40.75     2.090     120291    0    0    0    0    0
2021 11  5 10 50     1.78    -3.02     6.58    -566.4     82.77     41.03     2.081     116912    0    0    0    0    0
2021 11  5 10 51     2.09    -2.69     6.93    -566.5     80.78     43.52     2.079     110248    0    0    0    1    1
2021 11  5 10 52     2.17    -2.63     6.99    -570.2     77.91     45.50     2.122     103907    0    0    0    1    1
2021 11  5 10 53     2.18    -2.57     7.00    -571.8     77.06     44.09     2.191      99397    0    0    0    1    1
2021 11  5 10 54     2.18    -2.77     6.87    -573.0     75.43     41.50     2.199      95027    0    0    0    1    1
2021 11  5 10 55     2.13    -3.16     6.70    -574.2     72.24     40.20     2.252      90648    0    0    0    1    1
2021 11  5 10 56     2.16    -3.34     6.64    -572.8     66.31     38.36     2.332      86975    0    0    0    1    1
2021 11  5 10 57     2.23    -3.44     6.61    -570.6     60.96     37.05     2.474      83481    0    0    0    1    1
2021 11  5 10 58     2.23    -3.63     6.54    -569.9     59.23     37.38     2.633      79620    0    0    0    1    1
2021 11  5 10 59     2.27    -3.87     6.40    -570.4     59.37     37.36     2.628      75439    0    0    0    1    1
2021 11  5 11  0     2.35    -3.91     6.37    -571.8     61.85     36.87     2.599      70994    0    0    0    1    1
2021 11  5 11  1     2.48    -3.92     6.37    -572.8     64.21     36.50     2.587      62913    0    0    0    1    1
2021 11  5 11  2     2.65    -3.91     6.41    -573.6     65.21     36.54     2.611      54978    0    0    0    0    0
2021 11  5 11  3     2.72    -3.91     6.47    -574.7     63.05     37.72     2.814      53049    0    0    0    0    0
2021 11  5 11  4     2.72    -3.92     6.45    -575.2     60.81     38.77     2.989      52291    0    0    0    0    0
2021 11  5 11  5     2.73    -3.94     6.47    -574.8     60.39     38.85     3.033      50698    0    0    0    0    0
2021 11  5 11  6     2.75    -3.89     6.51    -573.9     61.04     38.40     3.030      48915    0    0    0    0    0
2021 11  5 11  7     2.80    -3.83     6.51    -572.6     61.77     38.01     3.007      46725    0    0    0    0    0
2021 11  5 11  8     2.87    -3.78     6.51    -571.5     62.01     37.88     2.978      44246    0    0    0    0    0
2021 11  5 11  9     2.93    -3.78     6.50    -570.8     60.17     34.60     2.949      41888    0    0    0    0    0
2021 11  5 11 10     3.00    -3.85     6.48    -570.4     57.16     29.59     2.936      40274    0    0    0    0    0
2021 11  5 11 11     3.10    -3.89     6.43    -570.8     56.72     29.48     2.939      39845    0    0    0    0    0
2021 11  5 11 12     3.21    -3.90     6.40    -570.8     57.25     29.09     2.909      39593    0    0    0    0    0
2021 11  5 11 13     3.23    -3.90     6.40    -571.1     58.81     28.28     2.847      42468    0    0    0    0    0
2021 11  5 11 14     3.21    -3.87     6.40    -571.1     58.90     28.23     2.820      47263    0    0    0    0    0
2021 11  5 11 15     3.20    -3.84     6.39    -571.5     57.60     28.61     2.827      48342    0    0    0    0    0
2021 11  5 11 16     3.21    -3.86     6.39    -572.0     57.26     28.84     2.848      47640    0    0    0    0    0
2021 11  5 11 17     3.31    -3.84     6.41    -572.0     57.58     28.55     2.781      46838    0    0    0    0    0
2021 11  5 11 18     3.47    -3.82     6.43    -571.9     57.86     28.11     2.662      47571    0    0    0    0    0
2021 11  5 11 19     3.57    -3.82     6.45    -571.4     57.32     28.26     2.616      49132    0    0    0    0    0
2021 11  5 11 20     3.56    -3.90     6.43    -570.4     56.33     28.64     2.624      50209    0    0    0    0    0
2021 11  5 11 21     3.48    -4.05     6.37    -569.7     56.27     28.60     2.637      50451    0    0    0    0    0
2021 11  5 11 22     3.44    -4.12     6.42    -569.0     56.78     28.13     2.625      50572    0    0    0    0    0
2021 11  5 11 23     3.47    -4.17     6.52    -567.7     56.55     27.87     2.609      50950    0    0    0    0    0
2021 11  5 11 24     3.52    -4.33     6.46    -567.1     56.32     28.16     2.580      51961    0    0    0    0    0
2021 11  5 11 25     3.57    -4.41     6.43    -567.7     56.13     28.30     2.547      55063    0    0    0    0    0
2021 11  5 11 26     3.66    -4.52     6.41    -569.8     54.94     29.05     2.540      56538    0    0    0    0    0
2021 11  5 11 27     3.76    -4.59     6.36    -571.1     53.15     30.80     2.542      56605    0    0    0    0    0
2021 11  5 11 28     3.87    -4.59     6.39    -570.9     53.74     31.73     2.538      56699    0    0    0    0    0
2021 11  5 11 29     3.96    -4.59     6.44    -569.8     54.87     31.12     2.509      57088    0    0    0    0    0
2021 11  5 11 30     3.97    -4.60     6.46    -568.9     54.70     30.09     2.431      60915    0    0    0    0    0
2021 11  5 11 31     3.97    -4.70     6.36    -568.7     53.03     28.31     2.320      71497    0    0    0    0    0
2021 11  5 11 32     4.07    -4.84     6.13    -568.8     52.49     28.96     2.248      80374    0    0    0    0    0
2021 11  5 11 33     4.10    -4.78     6.21    -569.0     53.12     29.92     2.227      82295    0    0    0    0    0
2021 11  5 11 34     4.10    -4.79     6.21    -569.3     54.09     29.89     2.228      81288    0    0    0    0    0
2021 11  5 11 35     4.13    -4.79     6.19    -568.9     54.32     30.02     2.216      79124    0    0    0    0    0
2021 11  5 11 36     4.21    -4.81     6.17    -570.3     54.91     30.00     2.142      80100    0    0    0    0    0
2021 11  5 11 37     4.32    -4.90     6.16    -574.4     56.09     30.16     1.989      86950    0    0    0    0    0
2021 11  5 11 38     4.42    -4.93     6.14    -577.3     57.27     30.43     1.859      97469    0    0    0    0    0
2021 11  5 11 39     4.45    -4.96     6.04    -576.8     57.83     27.90     1.755      99777    0    0    0    0    0
2021 11  5 11 40     4.38    -4.98     6.11    -575.7     57.96     26.55     1.693      98019    0    0    0    0    0
2021 11  5 11 41     4.35    -4.98     6.17    -575.5     57.01     26.45     1.672      93893    0    0    0    0    0
2021 11  5 11 42     4.55    -4.97     6.06    -575.5     54.93     27.19     1.672      83685    0    0    0    0    0
2021 11  5 11 43     4.73    -4.97     5.91    -575.6     53.68     27.85     1.680      75785    0    0    0    0    0
2021 11  5 11 44     4.81    -4.99     5.86    -576.1     53.89     28.37     1.623      73978    0    0    0    0    0
2021 11  5 11 45     4.88    -5.04     5.86    -578.1     58.27     40.86     1.574      96084    0    0    0    0    0
2021 11  5 11 46     4.92    -5.10     5.84    -579.0     62.24     44.00     1.436     101874    0    0    0    0    0
2021 11  5 11 47     4.93    -5.07     5.92    -579.0     64.57     42.55     1.259      91923    0    0    0    0    0
2021 11  5 11 48     4.88    -4.88     6.10    -578.8     66.17     40.50     1.230      89933    0    0    0    0    0
2021 11  5 11 49     4.85    -4.80     6.17    -577.1     66.67     38.67     1.174     100352    0    0    0    0    0
2021 11  5 11 50     4.94    -4.78     6.14    -575.3     65.14     37.84     1.117     109372    0    0    0    0    0
2021 11  5 11 51     5.02    -4.82     6.11    -575.0     61.24     38.68     1.092     115982    0    0    0    0    0
2021 11  5 11 52     5.04    -4.81     6.03    -576.2     57.00     40.07     1.105     118207    0    0    0    0    0
2021 11  5 11 53     5.03    -4.85     5.98    -577.7     55.43     40.91     1.102     100449    0    0    0    0    0
2021 11  5 11 54     4.97    -5.09     5.93    -582.5     60.40     41.19     1.078      85643    0    0    0    1    1
2021 11  5 11 55     4.88    -5.09     5.94    -584.7     65.32     41.55     1.065      85620    0    0    0    1    1
2021 11  5 11 56     4.85    -5.03     6.02    -589.0     64.09     44.28     1.064      85417    0    0    0    1    1
2021 11  5 11 57     4.72    -4.94     6.15    -590.0     60.40     44.84     1.063      85312    0    0    0    1    1
2021 11  5 11 58     4.52    -4.88     6.24    -594.2     63.43     43.44     1.069     110264    0    0    0    1    1
2021 11  5 11 59     4.44    -4.87     6.28    -594.7     67.52     41.46     1.174     126900    0    0    0    1    1
2021 11  5 12  0     4.29    -4.71     6.32    -593.7     72.46     38.96     1.355     121270    0    0    0    1    1
2021 11  5 12  1     4.32    -4.53     6.42    -593.5     75.41     37.53     1.441     110684    0    0    0    1    1
2021 11  5 12  2     4.51    -4.42     6.47    -591.4     73.18     38.55     1.438     105808    0    0    0    1    1
2021 11  5 12  3     4.71    -4.37     6.37    -589.0     70.29     39.88     1.436     109536    0    0    0    1    1
2021 11  5 12  4     4.97    -4.45     6.10    -588.4     68.58     40.32     1.436     116662    0    0    0    1    1
2021 11  5 12  5     5.21    -4.66     5.95    -588.1     66.88     40.74     1.444     116745    0    1    0    1    1
2021 11  5 12  6     5.08    -4.66     6.03    -589.4     70.16     40.28     1.420     116836    0    1    0    2    1
2021 11  5 12  7     4.90    -4.35     6.27    -592.7     71.94     40.25     1.411     116933    0    1    0    2    1
2021 11  5 12  8     4.54    -4.17     6.66    -595.7     73.36     38.98     1.588     117031    0    1    0    1    1
2021 11  5 12  9     4.26    -4.12     6.84    -591.7     73.39     37.96     1.729     120535    0    0    0    1    1
2021 11  5 12 10     4.19    -4.18     6.85    -586.4     73.97     36.93     1.859     124268    0    0    0    0    0
2021 11  5 12 11     4.56    -4.41     6.60    -583.3     76.24     34.82     2.005     123684    0    0    0    0    0
2021 11  5 12 12     4.54    -4.62     6.31    -582.7     81.21     34.39     2.155     111976    0    0    0    0    0
2021 11  5 12 13     4.54    -4.54     6.33    -583.3     82.20     35.66     2.247      98090    0    1    0    0    1
2021 11  5 12 14     4.35    -4.23     6.64    -584.7     82.20     36.27     2.332      92258    0    1    0    0    1
2021 11  5 12 15     4.61    -4.21     6.46    -591.8     75.45     37.18     2.447      92258    1    1    0    0    1
2021 11  5 12 16     4.51    -4.05     6.74    -608.0     72.63     32.68     2.619     100262    0    1    0    0    1
2021 11  5 12 17     4.55    -4.04     6.72    -607.5     70.77     19.20     2.721     102773    0    0    0    0    1
2021 11  5 12 18     4.77    -4.18     6.60    -608.2     73.80     18.63     3.152     102531    0    0    0    0    1
2021 11  5 12 19     4.92    -4.19     6.49    -610.7     77.20     19.42     4.140     101549    0    0    0    0    1
2021 11  5 12 20     5.06    -4.21     6.20    -612.7     71.19     18.66     4.222     100592    0    0    0    0    1
2021 11  5 12 21     5.17    -4.26     5.92    -613.4     64.56     15.06     4.077      99711    0    0    0    1    1
2021 11  5 12 22     5.18    -4.40     6.11    -611.8     64.23      5.24     3.887      98929    0    1    0    1    1
2021 11  5 12 23     4.93    -4.32     6.35    -607.5     66.25     -6.56     3.735      98260    0    1    0    1    1
2021 11  5 12 24     4.22    -3.72     6.38    -601.2     72.04    -11.34     3.614      97671    0    1    0    1    1
2021 11  5 12 25     4.30    -3.96     6.23    -600.2     74.18    -12.66     3.495      96873    0    1    0    1    1
2021 11  5 12 26     4.71    -4.31     5.30    -600.3     72.70     -1.24     3.591      92690    0    1    0    1    1
2021 11  5 12 27     4.77    -4.41     4.97    -601.5     73.92      6.84     3.706      92234    0    0    0    0    0
2021 11  5 12 28     5.17    -4.50     4.89    -609.9     77.69      8.10     3.864      92242    0    0    0    0    0
2021 11  5 12 29     5.35    -4.46     4.67    -611.2     77.69      8.59     3.933      92245    0    0    0    0    0
2021 11  5 12 30     5.32    -4.36     4.43    -607.2     77.27      8.60     3.832      92911    0    0    0    0    0
2021 11  5 12 31     5.22    -4.24     4.43    -600.5     76.02      8.60     3.514      94804    0    0    0    0    0
2021 11  5 12 32     5.15    -4.23     4.63    -599.6     73.69      8.61     3.451      95024    0    0    0    0    0
2021 11  5 12 33     5.14    -4.26     4.70    -602.8     79.77     18.94     3.399      89144    0    0    0    1    1
2021 11  5 12 34     5.39    -4.27     4.70    -602.8     74.36      3.05     3.453      89227    0    0    0    1    1
2021 11  5 12 35     5.40    -4.51     4.70    -603.8     68.05     18.07     3.516      94152    0    0    0    1    1
2021 11  5 12 36     5.40    -4.69     4.74    -610.6     74.94      2.61     3.788      95943    0    0    0    0    0
2021 11  5 12 37     5.63    -4.75     4.27    -610.2     75.12      0.05     4.184      93515    0    0    0    0    0
2021 11  5 12 38     6.04    -4.72     3.29    -609.8     74.84     -2.91     4.604      89173    0    0    0    0    0
2021 11  5 12 39     6.29    -4.70     2.95    -610.2     73.65     -5.03     5.032      88756    0    0    0    0    0
2021 11  5 12 40     6.24    -4.78     2.94    -611.0     72.10     -6.51     5.467      90032    0    0    0    0    0
2021 11  5 12 41     6.16    -4.75     2.94    -611.1     71.94     -8.10     5.828      92581    0    0    0    0    0
2021 11  5 12 42     6.01    -4.72     2.97    -611.0     72.04     -9.84     6.006      94165    0    0    0    0    0
2021 11  5 12 43     5.79    -4.68     3.12    -610.9     71.90    -11.53     6.042      95727    0    0    0    0    0
2021 11  5 12 44     5.79    -4.64     3.28    -610.4     71.35    -12.11     6.071      98099    0    0    0    0    0
2021 11  5 12 45     5.81    -4.61     3.17    -610.4     71.32    -13.29     6.219     101498    0    0    0    0    0
2021 11  5 12 46     5.81    -4.58     2.98    -610.8     71.34    -15.54     6.566     105177    0    0    0    0    0
2021 11  5 12 47     5.96    -4.55     2.97    -611.5     71.71    -16.19     6.880     107484    0    0    0    0    0
2021 11  5 12 48     6.06    -4.43     2.40    -611.7     71.90    -15.71     7.075     107652    0    0    0    0    0
2021 11  5 12 49     5.95    -4.28     1.52    -611.8     70.20    -15.14     6.727     107184    0    0    0    0    0
2021 11  5 12 50     5.82    -4.13     1.36    -611.2     68.40    -12.19     6.179     106612    0    0    0    0    0
2021 11  5 12 51     5.78    -3.95     1.39    -610.0     69.59     -7.19     6.411     106939    0    0    0    0    0
2021 11  5 12 52     5.76    -3.83     1.48    -608.1     74.60     -2.54     6.715     107496    0    0    0    0    0
2021 11  5 12 53     5.75    -3.68     1.60    -606.0     83.04      1.96     6.195     107432    0    0    0    0    0
2021 11  5 12 54     5.79    -3.70     1.50    -606.1     85.63      6.97     5.958     106397    0    0    0    0    0
2021 11  5 12 55     5.99    -3.79     1.34    -606.3     85.06     11.26     5.640     102630    0    0    0    0    0
2021 11  5 12 56     6.01    -3.77     1.34    -606.9     82.60     11.97     5.342     100279    0    0    0    0    0
2021 11  5 12 57     6.08    -3.72     1.43    -608.4     79.40     14.70     5.171      98661    0    0    0    0    0
2021 11  5 12 58     6.08    -3.96     1.83    -608.3     75.68     17.52     5.204      99444    0    0    0    0    0
2021 11  5 12 59     5.96    -4.31     2.33    -607.4     73.68     17.54     5.001     101457    0    0    0    1    1
2021 11  5 13  0     5.60    -4.30     2.44    -606.1     75.27     17.67     4.900     101758    0    0    0    1    1
2021 11  5 13  1     5.63    -4.33     2.51    -604.1     81.31     18.87     4.878     101570    0    0    0    1    1
2021 11  5 13  2     5.63    -4.39     2.89    -603.6     89.92     27.21     4.855      99455    0    0    0    1    1
2021 11  5 13  3     5.72    -4.34     2.63    -603.1     88.37     27.39     4.843      99511    0    0    0    1    1
2021 11  5 13  4     6.30    -4.01     1.30    -602.0     83.59     26.38     4.860     100634    0    0    0    1    1
2021 11  5 13  5     5.92    -4.00     1.80    -600.8     85.36     24.42     4.942     105035    0    0    0    1    1
2021 11  5 13  6     6.06    -4.02     2.18    -599.4     85.96     23.86     4.965     107365    0    0    0    1    1
2021 11  5 13  7     6.09    -3.96     2.24    -597.9     85.45     23.77     4.982     107685    0    0    0    1    1
2021 11  5 13  8     5.89    -3.94     0.41    -597.6     79.31     17.96     5.060     102844    0    0    0    1    1
2021 11  5 13  9     5.83    -4.02    -0.15    -595.4     74.96     16.36     5.325     101370    0    0    0    0    0
2021 11  5 13 10     6.12    -3.97    -0.01    -594.8     73.26     16.07     5.416     103188    0    0    0    0    0
2021 11  5 13 11     6.40    -4.01     0.74    -595.1     73.03     15.61     5.355     106110    0    0    0    0    0
2021 11  5 13 12     6.48    -4.16     1.67    -594.8     73.21     15.42     5.239     108940    0    0    0    1    1
2021 11  5 13 13     6.29    -4.20     2.25    -593.4     77.04     20.08     4.571     110969    0    0    0    1    1
2021 11  5 13 14     6.15    -4.18     2.45    -592.3     79.85     24.20     4.422     113321    0    0    0    1    1
2021 11  5 13 15     6.17    -4.21     2.46    -592.4     78.19     25.21     4.803     114875    0    0    0    1    1
2021 11  5 13 16     6.05    -4.24     2.29    -592.4     76.66     25.78     4.912     114843    0    0    0    0    0
2021 11  5 13 17     5.94    -4.10     1.56    -591.2     76.84     25.63     5.072     114812    0    0    0    0    0
2021 11  5 13 18     5.90    -3.90     0.71    -590.0     77.16     23.31     5.311     123092    0    0    0    0    0
2021 11  5 13 19     5.86    -3.83     0.36    -589.8     73.20     17.95     5.579     135856    0    0    0    0    0
2021 11  5 13 20     5.91    -3.82     0.18    -589.9     66.75     12.36     5.832     135856    0    0    0    0    0
2021 11  5 13 21     5.97    -3.81     0.19    -589.6     66.63      6.65     5.905     133338    0    0    0    0    0
2021 11  5 13 22     6.14    -3.70     0.22    -589.5     66.09      2.42     5.867     127540    0    0    0    0    0
2021 11  5 13 23     6.27    -3.55     0.23    -591.3     65.13      3.17     5.972     121719    0    0    0    0    1
2021 11  5 13 24     6.19    -3.43     0.16    -592.7     65.00      5.11     5.717     114194    0    0    0    0    1
2021 11  5 13 25     6.25    -3.35    -0.38    -592.5     66.08      3.56     5.321     106827    0    0    0    0    1
2021 11  5 13 26     6.40    -3.28    -0.89    -592.7     66.70      2.12     4.980      98575    0    0    0    1    1
2021 11  5 13 27     6.50    -3.21    -0.97    -592.7     66.56      2.14     4.620      89721    0    0    0    1    1
2021 11  5 13 28     6.60    -3.23    -1.03    -589.5     65.80      1.71     4.345      82751    0    0    0    1    1
2021 11  5 13 29     6.67    -3.31    -1.09    -584.3     64.68      0.90     4.169      77502    0    0    0    1    1
2021 11  5 13 30     6.73    -3.60    -0.90    -581.0     64.10      0.89     4.099      72034    0    0    0    1    1
2021 11  5 13 31     6.81    -3.74    -0.70    -578.7     63.61      0.98     3.971      65738    0    0    0    1    1
2021 11  5 13 32     6.95    -3.78    -0.67    -577.6     63.68      0.39     3.945      62602    0    0    0    1    1
2021 11  5 13 33     6.82    -3.49    -1.05    -578.1     59.76     -0.02     3.994      62021    0    0    0    1    1
2021 11  5 13 34     6.73    -3.15    -1.35    -580.0     54.54     -2.47     4.170      62021    0    0    0    1    1
2021 11  5 13 35     6.78    -2.97    -1.72    -583.7     49.69     -3.23     4.499      59844    0    0    0    0    0
2021 11  5 13 36     6.98    -3.03    -1.71    -585.4     50.98     -3.48     4.860      53424    0    0    0    0    0
2021 11  5 13 37     6.98    -3.06    -1.42    -586.9     56.61     -2.94     5.197      53597    0    0    0    0    0
2021 11  5 13 38     7.03    -3.17    -1.18    -587.2     61.62     -3.10     5.362      54463    0    0    0    0    0
2021 11  5 13 39     7.11    -3.21    -0.92    -587.5     64.99     -2.49     5.339      55907    0    0    0    0    0
2021 11  5 13 40     7.15    -3.26    -1.21    -585.8     64.65     -2.72     5.603      57485    0    0    0    0    0
2021 11  5 13 41     7.15    -3.24    -1.37    -583.6     64.71     -3.38     5.862      57509    0    0    0    0    0
2021 11  5 13 42     7.14    -3.01    -1.70    -580.5     64.86     -3.39     6.028      57509    0    0    0    0    0
2021 11  5 13 43     7.11    -2.95    -1.88    -579.6     64.30     -3.26     6.178      55677    0    0    0    0    0
2021 11  5 13 44     7.13    -3.07    -1.96    -577.4     63.31     -3.51     6.316      48942    0    0    0    0    1
2021 11  5 13 45     7.15    -3.15    -1.98    -576.4     62.06     -3.58     6.465      42894    0    0    0    0    1
2021 11  5 13 46     7.20    -2.92    -1.77    -576.1     61.60     -3.67     6.644      41155    0    0    0    0    1
2021 11  5 13 47     7.19    -2.89    -1.05    -576.3     61.83     -3.30     6.875      42167    0    0    0    0    1
2021 11  5 13 48     7.16    -2.90    -0.78    -577.5     62.01     -3.76     7.139      43712    0    0    0    0    1
2021 11  5 13 49     7.16    -2.89    -1.55    -578.1     61.94     -6.30     7.470      45207    0    0    0    0    1
2021 11  5 13 50     7.16    -2.87    -1.74    -577.9     62.09     -7.02     7.652      46623    0    0    0    0    1
2021 11  5 13 51     7.12    -2.82    -1.67    -576.4     62.37     -7.02     7.706      47939    0    0    0    0    1
2021 11  5 13 52     6.82    -2.64    -1.70    -575.3     61.91     -6.50     7.891      49296    0    0    0    0    1
2021 11  5 13 53     6.41    -2.34    -1.72    -576.0     61.48     -5.74     8.013      57823    0    0    0    0    1
2021 11  5 13 54     6.20    -2.23    -1.65    -576.7     61.42     -4.94     8.025      61621    0    0    0    0    1
2021 11  5 13 55     6.15    -2.03    -1.49    -576.9     61.15     -4.11     7.842      56307    0    0    0    0    0
2021 11  5 13 56     6.15    -1.90    -1.28    -576.2     59.53     -2.70     7.770      50505    0    0    0    0    0
2021 11  5 13 57     6.19    -2.18    -0.77    -575.5     57.89     -1.74     7.892      48783    0    0    0    0    0
2021 11  5 13 58     6.21    -2.46    -0.45    -575.9     57.04     -2.30     8.255      49810    0    0    0    0    0
2021 11  5 13 59     5.96    -2.56     0.55    -576.3     56.17     -5.02     9.436      55335    0    0    0    0    0
2021 11  5 14  0     5.48    -2.66     1.53    -576.2     55.74     -6.27     9.964      57535    0    0    0    0    0
2021 11  5 14  1     4.84    -2.75     1.45    -575.5     57.25     -6.06     9.998      57535    0    0    0    0    0
2021 11  5 14  2     4.59    -2.79     1.02    -576.4     58.65     -5.57     9.949      58747    0    0    0    0    0
2021 11  5 14  3     4.54    -2.78     0.32    -576.6     58.80     -5.67     9.928      59289    0    0    0    0    0
2021 11  5 14  4     4.11    -2.78    -0.27    -575.2     59.07     -5.74    10.224      56445    0    0    0    0    0
2021 11  5 14  5     3.87    -2.81    -0.42    -574.3     59.24     -5.04    10.400      54753    0    0    0    0    0
2021 11  5 14  6     3.95    -2.92    -0.26    -574.2     59.54     -4.47    10.400      55476    0    0    0    0    0
2021 11  5 14  7     4.01    -3.03     0.09    -576.8     60.81     -4.54    10.412      56498    0    0    0    0    0
2021 11  5 14  8     4.02    -2.71     0.64    -578.8     55.93     -1.65    10.740      56700    0    0    0    0    0
2021 11  5 14  9     4.00    -2.60     1.14    -579.0     56.41      2.94    11.183      57293    0    0    0    0    0
2021 11  5 14 10     3.85    -2.29     1.37    -578.1     58.03      7.34    10.716      60181    0    0    0    0    0
2021 11  5 14 11     3.56    -2.21     1.48    -573.1     59.30     10.69    10.254      60957    0    0    0    0    0
2021 11  5 14 12     3.33    -2.44     1.66    -567.4     60.53     13.86     9.827      60955    0    0    0    0    0
2021 11  5 14 13     3.33    -3.28     2.07    -563.1     61.92     17.41     9.341      60950    0    0    0    0    0
2021 11  5 14 14     3.46    -3.62     2.46    -563.5     66.79     22.69     8.849      60712    0    0    0    0    0
2021 11  5 14 15     3.61    -3.63     2.73    -564.5     71.75     27.80     8.768      59616    0    0    0    0    0
2021 11  5 14 16     3.45    -3.61     2.81    -565.5     72.40     28.31     8.680      59531    0    0    0    0    0
2021 11  5 14 17     3.39    -3.59     2.79    -566.7     71.81     28.45     8.823      58823    0    0    0    0    0
2021 11  5 14 18     3.21    -3.52     2.90    -567.3     71.47     26.61     8.916      58823    0    0    0    0    0
2021 11  5 14 19     2.86    -3.42     3.37    -567.4     70.40     25.68     9.006      58334    0    0    0    0    0
2021 11  5 14 20     2.71    -3.41     3.54    -567.4     67.26     26.84     9.044      56483    0    0    0    0    0
2021 11  5 14 21     2.33    -3.56     3.35    -567.1     65.38     29.54     8.900      55363    0    0    0    0    0
2021 11  5 14 22     2.25    -3.76     3.27    -566.3     65.38     30.90     8.497      51836    0    0    0    0    0
2021 11  5 14 23     2.21    -3.85     3.30    -565.9     65.72     31.26     8.155      51417    0    0    0    0    0
2021 11  5 14 24     2.14    -3.80     3.32    -565.9     65.45     31.42     8.048      51780    0    0    0    0    0
2021 11  5 14 25     1.81    -3.42     3.40    -565.9     65.05     31.21     7.944      54857    0    0    0    0    0
2021 11  5 14 26     1.86    -3.08     3.43    -565.0     63.62     31.00     7.861      60262    0    0    0    0    0
2021 11  5 14 27     2.46    -2.81     2.72    -564.4     61.34     31.28     7.812      66048    0    0    0    0    0
2021 11  5 14 28     2.35    -0.37    -1.24    -564.4     58.71     29.62     7.761      72528    0    0    0    0    0
2021 11  5 14 29     0.14     1.78    -1.18    -564.5     57.41     28.45     7.702      73239    0    0    0    0    0
2021 11  5 14 30    -2.22     1.80    -0.26    -564.6     57.70     28.42     7.617      75919    0    0    0    0    0
2021 11  5 14 31    -2.99     1.79     1.26    -564.5     57.81     28.90     7.509      75919    0    0    0    0    0
2021 11  5 14 32    -2.99     1.68     1.26    -562.6     55.22     30.11     7.412      75919    0    0    0    0    0
2021 11  5 14 33    -2.99     1.67     0.32    -561.9     52.62     34.56     7.306      75641    0    0    0    0    0
2021 11  5 14 34    -3.16     2.27    -0.91    -561.4     53.31     38.92     7.201      75517    0    0    0    0    0
2021 11  5 14 35    -3.18     2.39    -1.15    -561.4     54.54     39.44     7.087      73275    0    0    0    0    0
2021 11  5 14 36    -2.95     2.41    -1.03    -563.5     54.45     41.23     6.949      72981    0    0    0    0    0
2021 11  5 14 37    -2.66     2.34    -1.01    -564.6     53.46     43.07     6.817      70205    0    0    0    0    0
2021 11  5 14 38    -2.55     2.19    -1.54    -563.1     53.40     41.84     6.702      65787    0    0    0    0    0
2021 11  5 14 39    -2.51     2.19    -1.49    -561.3     54.03     36.09     6.616      61646    0    0    0    0    0
2021 11  5 14 40    -2.51     2.27    -1.08    -559.7     54.54     30.45     6.526      59718    0    0    0    0    0
2021 11  5 14 41    -2.59     2.27    -0.97    -559.0     54.66     28.35     6.427      58109    0    0    0    0    0
2021 11  5 14 42    -3.20     2.24    -0.95    -561.7     55.99     27.79     6.315      56973    0    0    0    0    0
2021 11  5 14 43    -3.51     2.31    -1.11    -564.1     56.87     27.36     6.219      56892    0    0    0    0    1
2021 11  5 14 44    -3.67     2.37    -1.20    -564.1     56.06     27.29     6.145      56890    0    0    0    0    1
2021 11  5 14 45    -3.99     2.36    -1.32    -563.9     55.63     28.08     6.080      56887    0    0    0    0    1
2021 11  5 14 46    -4.15     2.31    -1.23    -562.6     55.03     29.05     6.039      56885    0    0    0    0    1
2021 11  5 14 47    -4.27     2.28    -1.16    -561.1     53.91     29.36     6.003      56882    0    0    0    0    1
2021 11  5 14 48    -4.28     2.28    -1.22    -560.4     53.99     30.16     3.768      56882    0    0    0    0    1
2021 11  5 14 49    -4.28     2.33    -1.20    -560.7     54.69     31.25     3.305      59126    0    0    0    0    1
2021 11  5 14 50    -4.36     2.46    -1.19    -563.8     55.08     34.73     3.278      59529    0    0    0    1    1
2021 11  5 14 51    -4.47     2.52    -1.10    -564.9     52.17     37.25     3.272      59695    0    0    0    1    1
2021 11  5 14 52    -4.51     2.53    -1.00    -562.3     47.37     37.20     3.269      61686    0    0    0    1    1
2021 11  5 14 53    -4.54     2.52    -1.02    -560.6     44.04     27.82     3.288      61818    0    0    0    1    1
2021 11  5 14 54    -4.49     2.47    -1.07    -560.2     42.99     11.81     3.337      61315    0    0    0    0    1
2021 11  5 14 55    -4.49     2.43    -1.07    -561.5     32.50     -5.49     3.421      57335    0    0    0    0    1
2021 11  5 14 56    -4.29     2.30    -1.03    -559.5     31.07     -4.29     3.341      56859    0    0    0    1    1
2021 11  5 14 57    -4.23     2.26    -0.97    -556.7     31.81     -2.10     3.478      56857    0    0    0    1    1
2021 11  5 14 58    -4.33     2.27    -1.07    -554.6     32.99      0.09     3.710      56855    0    0    0    1    1
2021 11  5 14 59    -4.45     2.29    -1.20    -554.1     34.15      1.72     3.899      56852    0    0    0    1    1
2021 11  5 15  0    -4.49     2.33    -1.21    -554.7     34.98      1.79     3.861      56850    0    0    0    0    1
2021 11  5 15  1    -4.44     2.34    -1.21    -555.0     34.80      1.56     3.645      56847    0    0    0    0    1
2021 11  5 15  2    -4.27     2.35    -1.10    -554.8     33.72      1.68     3.408      56845    0    0    0    0    1
2021 11  5 15  3    -4.20     2.37    -0.88    -555.8     32.66      1.79     3.393      56842    0    0    0    0    1
2021 11  5 15  4    -4.27     2.45    -0.77    -557.6     32.54      1.77     3.488      56839    0    0    0    0    1
2021 11  5 15  5    -4.36     2.54    -0.74    -559.6     33.54      1.58     3.607      56836    0    0    0    0    1
2021 11  5 15  6    -4.43     2.59    -0.70    -561.3     34.85      0.97     3.755      56833    0    0    0    0    1
2021 11  5 15  7    -4.44     2.60    -0.71    -562.0     35.02     -1.84     3.892      56830    0    0    0    0    1
2021 11  5 15  8    -4.43     2.57    -0.65    -562.3     35.36     -2.08     4.025      56828    0    0    0    1    1
2021 11  5 15  9    -4.40     2.52    -0.65    -562.3     35.36     -1.58     4.159      56825    0    0    0    1    1
2021 11  5 15 10    -4.33     2.44    -0.47    -561.6     34.94     -1.76     4.416      56822    0    0    0    1    1
2021 11  5 15 11    -4.29     2.39    -0.55    -559.8     34.28     -2.75     4.694      56820    0    0    0    1    1
2021 11  5 15 12    -4.16     2.51    -0.48    -559.1     33.38     -2.51     5.010      56818    0    0    0    1    1
2021 11  5 15 13    -4.05     2.63    -0.45    -559.2     32.65     -1.45     5.123      56815    0    0    0    1    1
2021 11  5 15 14    -4.14     2.66    -0.43    -559.5     32.19      0.02     5.356      56812    0    0    0    1    1
2021 11  5 15 15    -4.30     2.66    -0.38    -560.1     31.89      1.48     5.691      56810    0    0    0    1    1
2021 11  5 15 16    -4.41     2.68    -0.30    -560.2     32.53      3.68     6.024      55207    0    0    0    1    1
2021 11  5 15 17    -4.46     2.70    -0.16    -560.5     34.69      6.88     6.358      58176    0    0    0    1    1
2021 11  5 15 18    -4.34     2.68     0.12    -560.6     36.73      8.86     4.796      62251    0    0    0    1    1
2021 11  5 15 19    -4.21     2.54     0.13    -560.7     37.80      9.37     4.539      63208    0    0    0    1    1
2021 11  5 15 20    -4.26     2.56     0.03    -559.1     23.93      4.93     4.579      63546    0    0    0    1    1
2021 11  5 15 21    -4.51     2.57    -0.10    -555.9     22.50      5.68     5.556      63773    0    0    0    1    1
2021 11  5 15 22    -4.67     2.52    -0.23    -554.3     26.39      8.81     6.136      63789    0    0    0    1    1
2021 11  5 15 23    -4.68     2.52    -0.23    -554.9     31.25     12.08     6.005      63934    0    0    0    1    1
2021 11  5 15 24    -4.63     2.56    -0.09    -555.3     36.68     15.09     6.002      64334    0    0    0    1    1
2021 11  5 15 25    -4.56     2.55     0.00    -555.9     41.64     18.85     5.998      64587    0    0    0    1    1
2021 11  5 15 26    -4.55     2.53     0.03    -556.6     46.67     22.87     5.978      64758    0    0    0    1    1
2021 11  5 15 27    -4.59     2.49     0.04    -557.6     48.51     26.62     5.934      64803    0    0    0    1    1
2021 11  5 15 28    -4.61     2.42     0.02    -558.9     48.44     30.39     6.061      64693    0    0    0    1    1
2021 11  5 15 29    -4.60     2.39    -0.08    -563.1     46.88     27.87     6.292      64523    0    0    0    1    1
2021 11  5 15 30    -4.54     2.40    -0.15    -569.0     46.84     25.82     6.263      64383    0    0    0    1    1
2021 11  5 15 31    -4.62     2.39    -0.11    -569.1     47.57     18.17     6.033      64319    0    0    0    1    1
2021 11  5 15 32    -4.51     2.38    -0.14    -569.3     45.04     10.79     5.822      64391    0    0    0    1    1
2021 11  5 15 33    -4.18     2.37    -0.23    -568.6     38.75      6.00     5.585      64565    0    0    0    1    1
2021 11  5 15 34    -4.14     2.37    -0.24    -567.6     38.05      5.25     5.178      64755    0    0    0    1    1
2021 11  5 15 35    -4.12     2.38    -0.22    -566.9     37.94      6.16     4.743      64933    0    0    0    1    1
2021 11  5 15 36    -4.06     2.38    -0.11    -565.4     38.45      7.48     4.326      65025    0    0    0    0    1
2021 11  5 15 37    -4.01     2.39    -0.11    -560.8     44.21     11.67     3.935      65034    0    0    0    0    1
2021 11  5 15 38    -4.06     2.38    -0.25    -558.6     45.16     16.81     3.720      65015    0    0    0    0    1
2021 11  5 15 39    -4.06     2.38    -0.22    -557.0     45.30     22.21     3.539      64989    0    0    0    0    1
2021 11  5 15 40    -4.02     2.38    -0.12    -555.9     44.93     27.49     3.480      64996    0    0    0    0    1
2021 11  5 15 41    -4.09     2.36    -0.03    -555.5     44.09     30.15     3.479      65066    0    0    0    0    1
2021 11  5 15 42    -4.29     2.36     0.03    -557.7     45.03     30.42     3.424      65180    0    0    0    0    1
2021 11  5 15 43    -4.36     2.37     0.10    -565.9     49.94     30.11     3.317      65328    0    0    0    0    2
2021 11  5 15 44    -4.05     2.24     0.15    -564.8     51.96     29.62     3.279      65429    0    0    0    0    2
2021 11  5 15 45    -4.08     2.24     0.06    -564.5     52.99     29.49     3.280      65526    0    0    0    0    1
2021 11  5 15 46    -4.10     2.26     0.02    -564.0     53.35     30.21     3.287      65449    0    0    0    0    0
2021 11  5 15 47    -4.03     2.26     0.01    -559.9     52.39     30.59     3.308      65375    0    0    0    0    0
2021 11  5 15 48    -3.96     2.20     0.00    -556.0     51.82     30.60     3.957      65289    0    0    0    0    0
2021 11  5 15 49    -3.86     2.14     0.04    -553.8     51.82     30.14     4.579      65173    0    0    0    0    0
2021 11  5 15 50    -3.70     2.09     0.19    -553.7     52.57     29.30     4.774      65010    0    0    0    0    0
2021 11  5 15 51    -3.50     2.05     0.44    -554.0     53.11     28.77     4.435      64810    0    0    0    0    0
2021 11  5 15 52    -3.37     2.03     0.67    -555.4     52.59     28.19     4.046      64560    0    0    0    0    0
2021 11  5 15 53    -3.07     1.86     0.72    -562.0     50.79     26.71     4.381      64603    0    0    0    0    0
2021 11  5 15 54    -3.19     1.31     0.40    -568.1     49.06     18.47     4.518      64819    0    0    0    0    0
2021 11  5 15 55    -3.53     0.74     0.18    -567.8     46.25     11.84     4.457      64969    0    0    0    0    0
2021 11  5 15 56    -3.56     0.56     0.17    -566.9     44.18      5.51     4.263      65124    0    0    0    0    0
2021 11  5 15 57    -3.58     0.37     0.14    -565.8     44.70      0.37     4.259      65353    0    0    0    0    0
2021 11  5 15 58    -3.58     0.37     0.12    -563.4     45.91     -0.59     4.259      65655    0    0    0    0    0
2021 11  5 15 59    -3.52     0.53    -0.02    -560.8     46.56      0.92     4.431      65581    0    0    0    0    0
2021 11  5 16  0    -3.15     0.60    -0.09    -560.1     48.37      1.04     4.509      65493    0    0    0    0    0
2021 11  5 16  1    -2.87     0.61     0.13    -559.8     49.29      0.77     4.568      65383    0    0    0    0    0
2021 11  5 16  2    -2.56     0.58     0.26    -555.2     48.85      0.73     5.629      65292    0    0    0    0    0
2021 11  5 16  3    -2.04     0.62     0.33    -551.8     47.84      0.66     6.504      65187    0    0    0    0    0
2021 11  5 16  4    -1.48     0.77     0.36    -552.9     46.94      0.17     6.504      65026    0    0    0    0    0
2021 11  5 16  5    -1.55     0.82     0.35    -554.6     47.30     -0.61     6.706      64834    0    0    0    0    0
2021 11  5 16  6    -1.57     0.78     0.35    -555.5     47.81     -0.89     6.900      64660    0    0    0    0    0
2021 11  5 16  7    -1.51     0.73     0.34    -555.7     48.86     -1.14     6.770      64501    0    0    0    0    0
2021 11  5 16  8    -1.48     0.74     0.29    -554.6     50.82     -1.60     6.587      64336    0    0    0    0    0
2021 11  5 16  9    -1.47     0.84     0.21    -552.5     52.94     -1.83     6.487      64162    0    0    0    0    0
2021 11  5 16 10    -1.57     0.98     0.18    -551.1     54.16     -1.99     6.459      63972    0    0    0    0    0
2021 11  5 16 11    -1.99     1.03     0.25    -552.0     52.46     -2.80     6.502      63754    0    0    0    0    0
2021 11  5 16 12    -2.23     1.13     0.39    -552.8     47.74     -5.77     6.630      63530    0    0    0    0    0
2021 11  5 16 13    -2.08     1.06     0.29    -551.8     41.53     -9.30     6.703      61755    0    0    0    0    0
2021 11  5 16 14    -1.78     0.93    -0.02    -549.4     33.14    -10.93     6.603      57629    0    0    0    0    0
2021 11  5 16 15    -1.34     0.76    -0.04    -549.4     23.41    -15.12     6.196      55294    0    0    0    0    0
2021 11  5 16 16     0.19     0.20    -0.08    -550.2     16.25    -15.22     6.197      61029    0    1    1    1    1
2021 11  5 16 17    -0.53     0.60    -0.21    -551.2     17.44    -15.52     6.320      56105    0    1    2    2    2
2021 11  5 16 18    -1.24     1.13    -0.25    -550.8     18.54    -15.80     6.435      44910    0    1    2    2    2
2021 11  5 16 19    -1.41     1.37    -0.27    -550.8     19.65    -16.09     6.552      43171    0    1    1    1    1
2021 11  5 16 20    -1.44     1.38    -0.37    -550.9     20.47    -16.50     6.679      41871    0    0    0    0    0
2021 11  5 16 21    -1.50     1.34    -0.45    -551.2     20.54    -17.44     6.783      41686    0    0    0    0    0
2021 11  5 16 22    -1.47     1.25    -0.61    -550.8     21.01    -18.42     6.774      41562    0    0    0    0    0
2021 11  5 16 23    -1.34     1.17    -0.81    -549.9     22.08    -17.61     6.750      42554    0    0    0    0    0
2021 11  5 16 24    -1.10     1.05    -0.86    -549.4     21.67    -14.45     6.818      47145    0    0    0    0    0
2021 11  5 16 25    -0.51     0.89    -0.65    -547.6     19.92    -12.42     7.149      52181    0    0    0    0    0
2021 11  5 16 26    -0.24     0.82    -0.07    -546.8     18.59    -12.46     7.791      52164    0    0    0    0    0
2021 11  5 16 27    -0.32     0.86    -0.09    -546.8     17.53    -13.80     8.470      51765    0    0    0    0    0
2021 11  5 16 28    -0.04     0.90    -0.52    -548.0     17.62    -13.98     8.815      50591    0    0    0    0    0
2021 11  5 16 29     0.60     0.75    -0.53    -548.7     18.44    -13.91     8.812      49977    0    0    0    0    0
2021 11  5 16 30     1.58     0.37    -0.46    -548.9     19.12    -13.67     8.266      49122    0    0    0    0    0
2021 11  5 16 31     2.12     0.19    -0.28    -548.9     19.30    -13.85     8.401      47476    0    0    0    0    0
2021 11  5 16 32     2.42     0.29    -0.12    -549.2     19.04    -14.79     9.107      47659    0    0    0    0    0
2021 11  5 16 33     2.84     0.37    -0.16    -550.3     17.81    -14.95     8.884      48411    0    0    0    0    0
2021 11  5 16 34     3.13     0.48    -0.21    -550.8     17.25    -14.82     8.714      47903    0    0    0    0    0
2021 11  5 16 35     3.20     0.41    -0.24    -550.2     16.72    -14.49     8.718      46433    0    0    0    0    0
2021 11  5 16 36     3.22     0.49    -0.24    -549.8     16.25    -14.30     8.848      45819    0    0    0    0    0
2021 11  5 16 37     2.94     0.74    -0.26    -549.6     16.42    -13.92     8.844      45729    0    0    0    0    0
2021 11  5 16 38     2.54     0.62    -0.32    -549.3     17.49    -13.06     8.280      45404    0    0    0    0    0
2021 11  5 16 39     2.47     0.65    -0.20    -549.1     19.54    -12.80     7.842      44824    0    0    0    0    0
2021 11  5 16 40     2.45     0.71     0.70    -549.9     21.07    -12.34     7.405      42348    0    0    0    0    0
2021 11  5 16 41     2.56     0.71     0.67    -550.8     21.00    -11.49     7.197      42348    0    0    0    0    0
2021 11  5 16 42     2.81     0.70     0.63    -551.1     19.75    -11.75     7.334      41947    0    0    0    0    0
2021 11  5 16 43     3.04     0.69     0.62    -551.5     17.40    -12.37     7.835      40793    0    0    0    0    0
2021 11  5 16 44     3.23     0.69     0.61    -551.7     17.84    -11.94     7.799      40285    0    0    0    0    0
2021 11  5 16 45     3.29     0.70     0.60    -552.3     18.68    -10.92     7.615      40546    0    0    0    0    0
2021 11  5 16 46     3.32     0.73     0.55    -552.7     18.69    -10.37     7.344      41585    0    0    0    0    0
2021 11  5 16 47     3.31     0.79     0.49    -552.7     18.48    -10.04     7.425      45103    0    0    0    0    0
2021 11  5 16 48     3.30     0.85     0.45    -552.7     18.14    -10.48     7.725      49758    0    0    0    0    0
2021 11  5 16 49     3.30     0.97     0.39    -552.9     17.00    -11.47     7.704      50817    0    0    0    0    0
2021 11  5 16 50     3.29     0.92     0.31    -553.1     15.33    -11.92     7.630      49458    0    0    0    0    0
2021 11  5 16 51     3.24     0.59     0.24    -552.7     15.34    -11.44     7.533      45709    0    0    0    0    0
2021 11  5 16 52     3.21     0.46     0.18    -551.7     15.32    -10.74     7.375      41745    0    0    0    0    0
2021 11  5 16 53     3.19     0.49     0.13    -551.3     15.24    -10.87     7.166      39573    0    0    0    0    0
2021 11  5 16 54     3.16     0.54     0.13    -551.2     15.23    -11.25     7.156      39846    0    0    0    0    0
2021 11  5 16 55     3.07     0.51     0.11    -550.5     15.42    -11.44     7.179      40623    0    0    0    0    0
2021 11  5 16 56     2.98     0.42     0.07    -549.6     16.13    -11.42     7.218      41190    0    0    0    0    0
2021 11  5 16 57     2.82     0.42     0.03    -548.8     17.04    -11.44     7.191      41772    0    0    0    0    0
2021 11  5 16 58     2.56     0.41    -0.01    -548.5     18.54    -11.64     7.075      42306    0    0    0    0    0
2021 11  5 16 59     2.49     0.37    -0.10    -547.6     18.86    -11.99     7.131      42234    0    0    0    0    0
2021 11  5 17  0     2.49     0.37    -0.16    -546.7     18.90    -12.32     7.195      41654    0    0    0    0    0
2021 11  5 17  1     2.58     0.40    -0.34    -546.3     18.90    -12.39     6.412      41689    0    0    0    0    0
2021 11  5 17  2     2.57     0.40    -0.36    -547.5     18.99    -12.56     7.340      42663    0    0    0    0    0
2021 11  5 17  3     2.48     0.40    -0.37    -549.5     19.95    -13.55     7.240      42456    0    0    0    0    0
2021 11  5 17  4     2.46     0.39    -0.36    -550.0     20.62    -13.53     7.121      41426    0    0    0    0    0
2021 11  5 17  5     2.49     0.37    -0.36    -550.0     20.48    -13.52     7.070      40423    0    0    0    0    0
2021 11  5 17  6     2.54     0.43    -0.42    -549.7     19.98    -13.63     7.035      39666    0    0    0    0    0
2021 11  5 17  7     2.66     0.65    -0.45    -549.2     19.70    -13.86     7.026      39669    0    0    0    0    0
2021 11  5 17  8     2.68     0.82    -0.48    -547.9     19.26    -13.80     7.012      39683    0    0    0    0    0
2021 11  5 17  9     2.84     0.69    -0.43    -547.9     19.22    -13.41     7.031      39683    0    1    0    0    0
2021 11  5 17 10     3.10    -0.28    -0.36    -547.5     18.81    -13.07     7.023      39961    0    1    0    0    0
2021 11  5 17 11     2.95    -0.33    -0.35    -546.5     18.82    -13.04     7.028      42648    0    1    0    0    0
2021 11  5 17 12     3.00    -0.35    -0.38    -545.0     18.83    -13.02     7.132      42648    0    1    0    0    0
2021 11  5 17 13     3.09    -0.37    -0.42    -542.3     18.39    -14.35     7.299      42899    0    1    0    0    0
2021 11  5 17 14     3.08     0.70    -0.44    -541.6     18.29    -15.20     7.352      42965    0    1    0    0    0
2021 11  5 17 15     3.08     1.07    -0.32    -541.7     18.53    -15.35     7.211      43733    0    0    0    0    0
2021 11  5 17 16     3.19     0.99    -0.07    -541.8     20.28    -15.31     6.969      43989    0    0    0    0    0
2021 11  5 17 17     3.27     0.91    -0.04    -541.8     20.80    -14.73     6.839      43327    0    0    0    0    0
2021 11  5 17 18     3.30     0.76    -0.03    -540.9     18.72    -14.01     6.843      42484    0    0    0    0    0
2021 11  5 17 19     3.32     0.70     0.11    -540.5     18.36    -13.77     6.851      41784    0    0    0    0    0
2021 11  5 17 20     3.35     0.66     0.18    -542.9     22.38    -13.93     6.612      41064    0    0    0    0    0
2021 11  5 17 21     3.40     0.54     0.05    -544.9     28.59     -6.50     6.208      39236    0    0    0    0    0
2021 11  5 17 22     3.53    -0.61    -0.06    -546.7     35.01     -6.07     5.766      37311    0    0    0    0    0
2021 11  5 17 23     3.68    -0.90    -0.14    -549.8     40.98     -5.83     5.290      36061    0    0    0    0    0
2021 11  5 17 24     3.69    -0.88    -0.11    -549.8     41.75     -5.68     4.975      35766    0    0    0    0    0
2021 11  5 17 25     3.73    -0.84    -0.09    -549.8     41.67     -5.42     4.968      36297    0    0    0    0    0
2021 11  5 17 26     3.82    -0.77    -0.24    -549.6     41.46     -4.85     5.177      38675    0    0    0    0    0
2021 11  5 17 27     3.92    -0.78    -0.32    -549.3     41.18     -4.13     5.394      41309    0    0    0    0    0
2021 11  5 17 28     4.02    -0.81    -0.35    -548.5     40.73     -3.16     5.562      43121    0    0    0    0    0
2021 11  5 17 29     4.12    -0.87    -0.37    -547.4     39.64     -2.14     5.539      42653    0    0    0    0    0
2021 11  5 17 30     4.14    -0.91    -0.37    -547.0     38.83     -1.90     5.494      38222    0    0    0    0    0
2021 11  5 17 31     4.12    -0.95    -0.34    -546.9     38.94     -2.22     5.486      37289    0    0    0    0    0
2021 11  5 17 32     4.06    -0.95    -0.26    -547.0     39.21     -2.52     5.506      37385    0    0    0    0    0
2021 11  5 17 33     3.78    -0.93    -0.08    -546.4     38.92     -2.80     5.404      38775    0    0    0    0    0
2021 11  5 17 34     3.33    -0.46    -0.08    -545.9     38.78     -3.01     5.405      38775    0    0    0    0    0
2021 11  5 17 35     3.33    -0.42    -0.08    -546.0     38.56     -3.54     5.428      37766    0    0    0    0    0
2021 11  5 17 36     3.16    -0.47    -0.08    -546.3     38.57     -4.22     5.592      37778    0    0    0    0    0
2021 11  5 17 37     2.85    -0.69    -0.06    -543.2     38.60     -4.07     5.756      38142    0    0    0    0    0
2021 11  5 17 38     2.68    -0.73    -0.02    -542.7     38.52     -3.81     5.810      38284    0    0    0    0    0
2021 11  5 17 39     2.65    -0.70     0.00    -545.2     38.74     -3.87     5.633      38300    0    0    0    0    0
2021 11  5 17 40     2.94    -0.70    -0.01    -546.1     39.06     -4.26     5.427      36715    0    0    0    0    0
2021 11  5 17 41     3.04    -0.71    -0.05    -545.4     38.84     -4.18     5.406      34729    0    0    0    0    0
2021 11  5 17 42     3.16    -0.74    -0.06    -545.5     38.22     -3.54     5.390      34696    0    0    0    0    0
2021 11  5 17 43     3.28    -0.74    -0.06    -545.7     37.29     -3.15     5.375      36026    0    0    0    0    0
2021 11  5 17 44     3.28    -0.68    -0.06    -546.3     37.42     -2.84     5.350      36022    0    0    0    0    0
2021 11  5 17 45     3.15    -0.68    -0.05    -546.7     37.45     -1.69     5.349      35885    0    0    0    0    0
2021 11  5 17 46     3.01    -0.68    -0.05    -546.4     37.36     -0.01     5.331      36010    0    0    0    0    0
2021 11  5 17 47     2.76    -0.63    -0.04    -543.1     31.35     12.14     5.318      38508    0    0    0    0    0
2021 11  5 17 48     2.61    -0.62    -0.01    -541.9     31.80     14.36     5.334      39008    0    0    0    0    0
2021 11  5 17 49     2.55    -0.62    -0.02    -541.7     34.76     13.71     5.367      38980    0    0    0    0    0
2021 11  5 17 50     2.52    -0.53    -0.13    -545.8     34.96     13.85     5.410      35348    0    0    0    0    0
2021 11  5 17 51     2.50    -0.51    -0.18    -545.8     31.52     13.14     5.420      35348    0    0    0    0    0
2021 11  5 17 52     2.49    -0.48    -0.18    -544.4     41.50     26.87     5.477      35418    0    0    0    0    0
2021 11  5 17 53     2.49    -0.48    -0.18    -542.2     44.20     28.00     5.482      35844    0    0    0    0    0
2021 11  5 17 54     2.49    -0.51    -0.18    -540.0     39.02     18.20     5.415      35959    0    0    0    0    0
2021 11  5 17 55     2.49    -0.61    -0.20    -539.0     40.74     22.11     5.276      35312    0    0    0    0    0
2021 11  5 17 56     2.56    -0.68    -0.27    -539.4     43.71     28.55     5.097      34574    0    0    0    0    0
2021 11  5 17 57     2.89    -0.79    -0.30    -540.1     43.50     29.60     4.911      34387    0    0    0    0    0
2021 11  5 17 58     3.04    -0.85    -0.31    -540.4     43.46     30.34     4.729      35906    0    0    0    0    0
2021 11  5 17 59     3.04    -0.87    -0.32    -540.4     43.58     30.55     4.550      37251    0    0    0    0    0
2021 11  5 18  0     3.10    -0.93    -0.36    -539.7     44.52     30.51     4.383      37545    0    0    0    0    0
2021 11  5 18  1     3.26    -0.92    -0.31    -539.2     48.41     30.23     4.220      33457    0    0    0    0    0
2021 11  5 18  2     3.35    -0.83    -0.24    -538.1     50.82     29.57     4.081      28078    0    0    0    0    0
2021 11  5 18  3     3.36    -0.76    -0.22    -536.9     50.76     29.25     3.951      25623    0    0    0    0    0
2021 11  5 18  4     3.36    -0.74    -0.22    -536.7     49.85     26.94     3.813      25938    0    0    0    0    0
2021 11  5 18  5     3.36    -0.72    -0.21    -539.0     49.05     22.10     3.653      27907    0    0    0    0    0
2021 11  5 18  6     3.35    -0.76    -0.03    -541.6     40.32     18.50     3.488      32002    0    0    0    0    0
2021 11  5 18  7     3.34    -0.87     0.03    -543.2     41.64     15.20     3.586      34358    0    0    0    0    0
2021 11  5 18  8     3.35    -0.89     0.03    -543.5     39.35     12.18     3.612      34620    0    0    0    0    0
2021 11  5 18  9     3.34    -0.89    -0.25    -543.6     29.55      9.38     3.612      32403    0    0    0    0    0
2021 11  5 18 10     3.34    -0.86    -0.45    -543.6     26.07     11.25     3.608      32062    0    0    0    0    0
2021 11  5 18 11     3.34    -0.71    -0.47    -544.1     26.14     11.72     3.608      33311    0    0    0    0    0
2021 11  5 18 12     3.32    -0.58    -0.49    -544.8     26.18     11.20     3.608      34096    0    0    0    0    0
2021 11  5 18 13     3.26    -0.52    -0.35    -545.8     25.48      9.97     3.818      34144    0    0    0    0    0
2021 11  5 18 14     3.26    -0.51    -0.35    -545.8     24.64      9.75     3.818      32061    0    0    0    0    0
2021 11  5 18 15     3.32    -0.53    -0.40    -544.0     25.16      8.99     3.627      31612    0    0    0    0    0
2021 11  5 18 16     3.30    -0.71    -0.41    -543.7     26.13      7.71     3.605      31560    0    0    0    0    0
2021 11  5 18 17     3.16    -0.96    -0.35    -543.7     29.54      8.34     3.608      31560    0    0    0    0    0
2021 11  5 18 18     3.11    -0.68    -0.23    -544.5     30.64      9.96     3.664      33775    0    0    0    0    0
2021 11  5 18 19     3.04     0.00    -0.24    -545.5     30.39      8.56     3.727      33946    0    0    0    0    0
2021 11  5 18 20     3.00    -0.06    -0.42    -545.6     33.84      3.63     3.728      34545    0    0    0    0    0
2021 11  5 18 21     2.98    -0.33    -0.17    -544.8     39.65     -0.68     3.719      34555    0    0    0    0    0
2021 11  5 18 22     2.96    -0.68     0.06    -544.7     38.54      0.02     3.718      34555    0    0    0    0    0
2021 11  5 18 23     2.90    -0.63     0.07    -545.2     31.18      3.85     3.723      34069    0    0    0    0    0
2021 11  5 18 24     2.83    -0.47     0.05    -545.2     32.48      7.27     3.836      34052    0    0    0    0    0
2021 11  5 18 25     2.79    -0.33    -0.03    -545.2     37.49      7.82     3.840      34016    0    0    0    0    0
2021 11  5 18 26     2.78    -0.06    -0.16    -545.2     42.53     -7.13     3.823      34015    0    0    0    0    0
2021 11  5 18 27     2.69     0.13    -0.27    -546.7     43.19     -7.96     3.852      34053    0    0    0    0    0
2021 11  5 18 28     2.31     0.83    -0.27    -547.7     43.91     -8.23     4.416      34984    0    0    0    0    0
2021 11  5 18 29     1.76     1.66    -0.24    -547.9     43.78     -8.44     4.747      37385    0    0    0    0    0
2021 11  5 18 30     1.27     1.70    -0.16    -548.0     42.66     -8.15     5.068      40270    0    0    0    0    0
2021 11  5 18 31     0.76     1.74    -0.05    -546.7     41.31     -7.69     5.281      40270    0    0    0    0    0
2021 11  5 18 32    -0.06     1.74     0.07    -545.6     41.64     -7.09     5.455      40270    0    0    0    0    0
2021 11  5 18 33    -1.04     1.73     0.10    -545.4     42.88     -6.08     5.440      45238    0    0    0    0    0
2021 11  5 18 34    -1.50     1.72     0.07    -545.4     43.02     -5.71     5.389      51679    0    0    0    0    0
2021 11  5 18 35    -1.70     1.67     0.11    -545.5     41.29     -4.59     5.404      51787    0    0    0    0    0
2021 11  5 18 36    -2.01     1.61     0.11    -546.1     39.10     -3.93     5.394      41956    0    0    0    0    0
2021 11  5 18 37    -2.10     1.59     0.14    -547.0     39.43      1.95     5.365      37644    0    0    0    0    0
2021 11  5 18 38    -2.07     1.60     0.12    -547.2     47.02      2.39     5.289      37644    0    0    0    0    0
2021 11  5 18 39    -2.02     1.62    -0.06    -546.0     38.04      2.59     5.281      37644    0    0    0    0    0
2021 11  5 18 40    -2.03     1.63    -0.06    -543.8     38.34      2.60     5.280      34381    0    0    0    0    0
2021 11  5 18 41    -2.05     1.65    -0.04    -541.4     38.72     -1.30     5.298      32673    0    0    0    0    0
2021 11  5 18 42    -2.06     1.64    -0.03    -542.0     39.92     -2.87     5.307      30933    0    0    0    0    0
2021 11  5 18 43    -2.08     1.67    -0.03    -541.7     40.44     12.01     5.308      30056    0    0    0    0    0
2021 11  5 18 44    -2.10     1.74    -0.05    -539.6     40.13     15.08     5.314      29897    0    0    0    0    0
2021 11  5 18 45    -2.09     1.75    -0.13    -537.8     38.07     14.28     5.384      30304    0    0    0    0    0
2021 11  5 18 46    -2.08     1.63    -0.25    -536.7     39.48     21.90     5.439      33426    0    0    0    0    0
2021 11  5 18 47    -2.15     1.47    -0.35    -535.4     43.27     30.87     5.404      38683    0    0    0    0    0
2021 11  5 18 48    -2.25     1.42    -0.34    -534.5     43.80     30.83     5.366      41859    0    0    0    0    0
2021 11  5 18 49    -2.23     1.44    -0.20    -535.6     44.89     31.59     5.395      41535    0    0    0    0    0
2021 11  5 18 50    -2.18     1.44    -0.24    -538.9     45.47     32.16     5.451      40645    0    0    0    0    0
2021 11  5 18 51    -2.18     1.30    -0.31    -540.4     46.37     32.99     5.484      39131    0    0    0    0    0
2021 11  5 18 52    -2.17     1.24    -0.39    -540.2     46.72     32.69     5.463      38539    0    0    0    0    0
2021 11  5 18 53    -2.19     1.23    -0.40    -539.5     43.25     22.77     5.301      43393    0    0    0    0    0
2021 11  5 18 54    -2.30     1.18    -0.29    -538.7     40.92     16.93     5.045      46380    0    0    0    0    0
2021 11  5 18 55    -2.31     1.15    -0.07    -538.3     41.12     16.94     4.760      44750    0    0    0    0    0
2021 11  5 18 56    -2.27     1.19     0.01    -538.7     42.92     16.55     4.470      41127    0    0    0    0    0
2021 11  5 18 57    -2.30     1.34    -0.20    -539.6     44.89     14.71     4.194      38017    0    0    0    0    0
2021 11  5 18 58    -2.36     1.31    -0.29    -540.0     45.13     12.96     3.934      37174    0    0    0    0    0
2021 11  5 18 59    -2.39     1.33    -0.26    -540.6     42.00     13.23     3.678      37174    0    0    0    0    0
2021 11  5 19  0    -2.38     1.45    -0.25    -541.7     36.11     15.94     3.687      32923    0    0    0    0    0
2021 11  5 19  1    -2.24     1.44    -0.26    -542.0     34.72     16.73     3.716      31506    0    0    0    0    0
2021 11  5 19  2    -2.02     1.39    -0.25    -542.5     35.98     15.02     3.565      32734    0    0    0    0    0
2021 11  5 19  3    -1.99     1.36    -0.18    -543.3     38.74     10.45     3.390      43400    0    0    0    0    0
2021 11  5 19  4    -2.02     1.37    -0.03    -541.9     38.22     10.15     3.365      45340    0    0    0    0    0
2021 11  5 19  5    -2.09     1.43     0.12    -540.9     38.31     12.19     3.738      41776    0    0    0    0    0
2021 11  5 19  6    -2.17     1.35     0.20    -540.8     38.47     14.91     3.891      40104    0    0    0    0    0
2021 11  5 19  7    -2.15     1.27     0.14    -539.5     41.92     14.48     3.535      39823    0    0    0    0    1
2021 11  5 19  8    -1.99     1.49    -0.13    -537.3     43.98     10.80     3.323      39561    0    0    0    0    2
2021 11  5 19  9    -1.85     1.77    -0.33    -534.7     43.27      8.23     3.323      39307    0    0    0    0    1
2021 11  5 19 10    -1.84     1.87    -0.21    -532.6     40.18      9.99     3.331      38618    0    0    0    0    0
2021 11  5 19 11    -1.84     1.96     0.03    -532.4     33.49     13.66     3.381      36546    0    0    0    0    0
2021 11  5 19 12    -1.85     2.00     0.06    -532.2     34.39     11.05     3.505      36018    0    0    0    0    0
2021 11  5 19 13    -1.91     1.97     0.09    -533.1     36.45     -4.57     3.770      36119    0    0    0    0    0
2021 11  5 19 14    -2.02     1.92     0.07    -533.6     36.05     -3.39     3.947      36687    0    0    0    0    0
2021 11  5 19 15    -2.06     1.89     0.03    -532.6     35.96      0.78     4.002      37351    0    0    0    0    0
2021 11  5 19 16    -2.12     1.64     0.01    -533.1     35.90     13.40     3.962      37038    0    0    0    0    0
2021 11  5 19 17    -2.20     1.14     0.06    -532.3     35.91      6.69     3.813      35782    0    0    0    0    0
2021 11  5 19 18    -2.30     0.91     0.15    -533.0     36.01      4.36     3.459      34778    0    0    0    0    0
2021 11  5 19 19    -2.29     0.95     0.18    -533.7     36.68      4.55     3.211      34797    0    0    0    0    0
2021 11  5 19 20    -2.28     1.03     0.13    -534.9     39.03      5.70     3.029      34849    0    0    0    0    0
2021 11  5 19 21    -2.26     1.05     0.08    -534.3     41.09      6.37     2.912      34306    0    0    0    0    0
2021 11  5 19 22    -2.23     1.05     0.08    -532.9     40.62      5.52     2.698      32191    0    0    0    0    0
2021 11  5 19 23    -2.21     1.04     0.08    -532.6     39.87      4.23     2.538      29085    0    0    0    0    0
2021 11  5 19 24    -2.17     1.01     0.09    -532.1     40.44      1.68     2.544      29139    0    0    0    0    0
2021 11  5 19 25    -2.17     0.97     0.11    -532.2     43.21     -9.58     2.618      29412    0    0    0    0    0
2021 11  5 19 26    -2.24     0.96     0.10    -532.3     42.98     -5.29     2.819      29448    0    0    0    0    0
2021 11  5 19 27    -2.36     1.00     0.07    -532.3     43.82      9.24     2.777      29374    0    0    0    0    0
2021 11  5 19 28    -2.33     1.06     0.00    -532.5     43.33     11.01     2.587      28908    0    0    0    0    0
2021 11  5 19 29    -2.25     1.15    -0.33    -533.0     37.55     11.69     2.560      28320    0    0    0    0    0
2021 11  5 19 30    -2.16     1.39    -0.39    -532.5     29.82     11.72     2.641      29693    0    0    0    0    0
2021 11  5 19 31    -2.19     1.35    -0.39    -531.0     34.95     11.45     2.953      34989    0    0    0    0    0
2021 11  5 19 32    -2.26     1.26    -0.39    -531.8     47.91     10.94     2.953      34943    0    0    0    0    0
2021 11  5 19 33    -2.23     1.31    -0.35    -532.1     45.55      7.52     2.997      34688    0    0    0    0    0
2021 11  5 19 34    -2.16     1.39    -0.33    -532.5     36.86     -6.88     3.263      34688    0    1    0    0    0
2021 11  5 19 35    -2.15     1.41    -0.31    -532.8     38.26     -5.76     3.508      34831    0    1    0    0    0
2021 11  5 19 36    -2.13     1.45    -0.23    -533.8     37.79     -5.36     3.646      35357    0    1    0    0    0
2021 11  5 19 37    -2.10     1.48    -0.18    -534.0     37.52     -4.79     3.648      35357    0    1    0    0    0
2021 11  5 19 38    -2.15     1.48    -0.08    -534.0     37.35     -3.99     3.600      35325    0    0    0    0    0
2021 11  5 19 39    -2.24     1.41    -0.06    -533.8     37.23     -3.69     3.486      35018    0    0    0    0    0
2021 11  5 19 40    -2.27     1.32    -0.05    -533.7     39.46      1.72     3.490      33342    0    0    0    0    0
2021 11  5 19 41    -2.15     1.31    -0.21    -534.3     43.92     17.34     3.546      30377    0    0    0    0    0
2021 11  5 19 42    -1.93     1.31    -0.45    -536.3     38.41     23.97     3.728      30463    0    0    0    0    0
2021 11  5 19 43    -1.92     1.30    -0.29    -537.3     40.18     34.79     3.920      30575    0    0    0    0    0
2021 11  5 19 44    -2.09     1.29    -0.20    -537.3     45.96     40.75     4.107      30575    0    0    0    0    0
2021 11  5 19 45    -2.24     1.29    -0.23    -537.3     47.44     41.42     4.287      31217    0    0    0    0    0
2021 11  5 19 46    -2.25     1.34    -0.27    -536.9     47.75     42.23     4.452      31904    0    0    0    0    0
2021 11  5 19 47    -2.24     1.42    -0.27    -536.1     48.27     41.80     4.521      31229    0    0    0    0    0
2021 11  5 19 48    -2.24     1.44    -0.26    -535.8     47.73     41.05     4.478      30294    0    0    0    0    0
2021 11  5 19 49    -2.29     1.42    -0.26    -535.8     46.26     40.92     4.445      30319    0    0    0    0    0
2021 11  5 19 50    -2.38     1.38    -0.20    -536.7     46.52     41.07     4.435      31255    0    0    0    0    0
2021 11  5 19 51    -2.45     1.29    -0.01    -538.6     48.29     44.45     4.549      32343    0    0    0    0    0
2021 11  5 19 52    -2.47     1.02     0.06    -538.3     49.35     46.27     4.732      32330    0    0    0    0    0
2021 11  5 19 53    -2.48     0.83     0.03    -537.9     48.81     47.41     4.707      32319    0    0    0    0    0
2021 11  5 19 54    -2.51     0.84    -0.05    -537.2     45.74     48.19     4.539      32319    0    0    0    0    0
2021 11  5 19 55    -2.52     0.96    -0.22    -535.1     42.11     47.64     4.475      27789    0    0    0    0    0
2021 11  5 19 56    -2.47     1.16    -0.39    -533.3     39.33     47.31     4.495      19637    0    0    0    0    0
2021 11  5 19 57    -2.24     1.15    -0.43    -533.4     35.21     46.76     4.499      19637    0    0    0    0    0
2021 11  5 19 58    -1.97     1.22    -0.48    -533.7     33.02     46.67     4.441      19602    0    0    0    0    0
2021 11  5 19 59    -1.96     1.33    -0.48    -533.2     35.65     46.25     4.465      19509    0    0    0    0    0
2021 11  5 20  0    -1.95     1.35    -0.47    -531.2     40.27     46.43     4.413      20017    0    0    0    0    0
2021 11  5 20  1    -2.07     1.35    -0.48    -534.2     42.47     47.48     4.016      23744    0    0    0    0    0
2021 11  5 20  2    -2.22     1.39    -0.52    -535.2     45.15     46.18     3.625      23209    0    0    0    0    0
2021 11  5 20  3    -2.41     1.46    -0.53    -533.2     45.81     44.55     3.356      21933    0    0    0    0    0
2021 11  5 20  4    -2.68     1.49    -0.51    -529.8     45.39     43.75     3.175      20793    0    0    0    0    0
2021 11  5 20  5    -2.72     1.59    -0.47    -529.8     44.36     43.59     2.940      19453    0    0    0    0    0
2021 11  5 20  6    -2.98     1.62    -0.31    -529.8     41.22     43.68     2.506      19491    0    0    0    0    0
2021 11  5 20  7    -2.98     1.62    -0.31    -529.8     41.36     42.80     2.506      20584    0    0    0    0    0
2021 11  5 20  8    -2.90     1.56    -0.35    -531.0     40.39     36.24     2.493      20334    0    0    0    0    0
2021 11  5 20  9    -2.92     1.43    -0.35    -534.2     29.90     27.36     2.308      16671    0    0    0    0    0
2021 11  5 20 10    -2.97     1.54    -0.37    -536.4     32.61     15.67     2.129      13307    0    0    0    0    0
2021 11  5 20 11    -2.95     1.67    -0.48    -537.9     35.77      5.60     2.109      13534    0    0    0    0    0
2021 11  5 20 12    -2.93     1.70    -0.59    -538.3     35.56      1.56     2.109      14155    0    0    0    0    0
2021 11  5 20 13    -2.97     1.68    -0.56    -538.2     35.34      1.29     2.097      14496    0    0    0    0    0
2021 11  5 20 14    -3.00     1.67    -0.47    -537.5     34.75      0.19     2.087      14496    0    0    0    0    0
2021 11  5 20 15    -3.03     1.68    -0.43    -536.7     34.40     -0.59     2.280      17515    0    0    0    0    0
2021 11  5 20 16    -3.01     1.70    -0.46    -536.4     34.70     -0.22     2.515      21181    0    0    0    0    0
2021 11  5 20 17    -3.00     1.72    -0.47    -536.7     34.98      0.07     2.556      19287    0    0    0    0    0
2021 11  5 20 18    -3.06     1.73    -0.46    -537.0     34.08     -0.40     2.606      16955    0    0    0    0    0
2021 11  5 20 19    -3.06     1.77    -0.37    -537.0     32.54     -1.67     2.606      17580    0    0    0    0    0
2021 11  5 20 20    -3.08     1.80    -0.28    -537.5     32.42     -3.72     2.515      18293    0    0    0    0    0
2021 11  5 20 21    -3.09     1.73    -0.17    -536.9     32.96     -5.60     2.258      16952    0    0    0    0    0
2021 11  5 20 22    -3.08     1.68    -0.05    -535.4     32.65     -6.42     2.068      15402    0    0    0    0    0
2021 11  5 20 23    -3.08     1.74    -0.07    -535.1     31.98     -6.24     2.294      16304    0    0    0    0    0
2021 11  5 20 24    -3.13     1.81    -0.15    -534.9     31.78     -6.13     2.737      17979    0    0    0    0    0
2021 11  5 20 25    -3.10     1.85    -0.26    -534.6     31.97     -6.62     2.899      17972    0    0    0    0    0
2021 11  5 20 26    -3.07     1.88    -0.31    -534.4     32.44     -6.98     3.259      17473    0    0    0    0    0
2021 11  5 20 27    -3.04     1.94    -0.40    -534.4     32.55     -6.89     3.592      16427    0    0    0    0    0
2021 11  5 20 28    -3.03     1.99    -0.51    -534.5     32.42     -6.86     3.827      16670    0    0    0    0    0
2021 11  5 20 29    -3.04     2.01    -0.39    -534.7     32.06     -6.93     3.951      17451    0    0    0    0    0
2021 11  5 20 30    -3.06     2.02    -0.38    -534.8     31.49     -7.15     3.969      19450    0    0    0    0    0
2021 11  5 20 31    -3.11     2.02    -0.30    -534.1     30.77     -7.88     3.934      22254    0    0    0    0    0
2021 11  5 20 32    -3.12     2.05    -0.19    -532.8     30.65     -8.87     3.792      21353    0    0    0    0    0
2021 11  5 20 33    -3.10     2.15    -0.04    -532.8     31.38     -9.78     3.687      17945    0    0    0    0    0
2021 11  5 20 34    -3.10     2.30     0.04    -534.5     32.06     -9.45     3.790      17418    0    0    0    0    0
2021 11  5 20 35    -3.12     2.33    -0.10    -536.6     33.17     -9.13     4.002      18119    0    0    0    0    0
2021 11  5 20 36    -3.13     2.35    -0.20    -535.7     33.38     -9.47     4.252      19884    0    0    0    0    0
2021 11  5 20 37    -3.07     2.35    -0.14    -534.4     33.03    -10.00     4.494      22346    0    0    0    0    0
2021 11  5 20 38    -2.98     2.28    -0.14    -532.7     32.14     -9.98     4.726      24646    0    0    0    0    0
2021 11  5 20 39    -2.82     2.13    -0.16    -533.1     31.54    -10.01     4.982      24465    0    0    0    0    0
2021 11  5 20 40    -2.87     1.99    -0.22    -534.2     31.07    -10.59     5.142      23514    0    0    0    0    0
2021 11  5 20 41    -3.01     2.01    -0.16    -534.3     31.48    -11.52     5.114      22306    0    0    0    0    0
2021 11  5 20 42    -3.16     2.04    -0.01    -534.4     32.25    -11.68     5.146      21225    0    0    0    0    0
2021 11  5 20 43    -3.12     2.01     0.01    -534.5     32.86    -11.79     5.187      20573    0    0    0    0    0
2021 11  5 20 44    -3.05     2.01     0.03    -534.3     32.47    -12.01     5.119      20267    0    0    0    0    0
2021 11  5 20 45    -3.07     2.04     0.09    -534.0     31.95    -13.82     4.932      20010    0    0    0    0    0
2021 11  5 20 46    -3.10     2.05     0.17    -534.0     32.41    -14.90     4.754      19867    0    0    0    0    0
2021 11  5 20 47    -3.02     2.13     0.14    -533.9     27.65    -18.84     4.629      19539    0    0    0    0    0
2021 11  5 20 48    -2.88     2.27     0.10    -532.8     18.48    -26.04     4.551      18958    0    0    0    0    0
2021 11  5 20 49    -2.91     2.24     0.10    -530.1     31.76    -17.64     4.486      19074    0    0    0    0    0
2021 11  5 20 50    -3.15     1.99     0.10    -529.7     31.22    -18.35     4.454      21355    0    0    0    0    0
2021 11  5 20 51    -3.48     1.70     0.13    -529.6     30.69    -17.78     4.891      21355    0    0    0    0    0
2021 11  5 20 52    -3.71     1.80     0.13    -529.1     30.78    -17.10     5.194      21355    0    0    0    0    0
2021 11  5 20 53    -3.56     2.20     0.12    -529.2     13.07    -27.38     5.220      20907    0    0    0    0    0
2021 11  5 20 54    -3.39     2.22     0.03    -528.4     30.86    -17.32     5.172      20899    0    0    0    0    0
2021 11  5 20 55    -3.08     2.34     0.02    -524.4     31.15    -18.43     4.999      20219    0    0    0    0    0
2021 11  5 20 56    -2.83     2.54     0.18    -522.4     30.77    -19.51     4.811      19352    0    0    0    0    0
2021 11  5 20 57    -2.73     2.65     0.32    -522.1     30.66    -19.87     4.624      18374    0    0    0    0    0
2021 11  5 20 58    -2.80     2.58     0.33    -522.1     30.43    -19.82     4.566      17797    0    0    0    0    0
2021 11  5 20 59    -2.92     2.43     0.33    -522.5     30.19    -19.90     4.607      17686    0    0    0    0    0
2021 11  5 21  0    -2.96     2.38     0.33    -522.9     30.08    -20.04     4.634      18577    0    0    0    0    0
2021 11  5 21  1    -2.82     2.62     0.33    -522.9     30.00    -19.45     4.805      20286    0    0    0    0    0
2021 11  5 21  2    -2.97     2.76     0.11    -524.4     29.94    -17.65     5.117      22375    0    0    0    0    0
2021 11  5 21  3    -3.10     2.72     0.04    -528.9     30.39    -16.21     5.342      22973    0    0    0    0    0
2021 11  5 21  4    -3.14     2.70    -0.10    -528.8     13.57    -22.58     5.357      22572    0    0    0    0    0
2021 11  5 21  5    -3.37     2.63    -0.27    -526.2     14.08    -21.41     5.206      22412    0    0    0    0    0
2021 11  5 21  6    -3.43     2.52    -0.31    -525.5     14.35    -20.41     5.040      22376    0    0    0    0    0
2021 11  5 21  7    -3.30     2.49    -0.19    -526.7     14.35    -19.47     4.853      22376    0    0    0    0    0
2021 11  5 21  8    -3.28     2.44     0.24    -528.9     15.53    -17.75     4.947      19916    0    0    0    0    0
2021 11  5 21  9    -3.12     2.79     0.37    -529.8     15.82    -17.86     4.956      20049    0    0    0    0    0
2021 11  5 21 10    -3.23     2.74     0.46    -531.7     16.53    -21.90     5.133      24717    0    0    0    0    0
2021 11  5 21 11    -2.82     2.78     0.58    -531.6     19.42    -22.54     5.023      25016    0    0    0    0    0
2021 11  5 21 12    -2.61     2.77     0.79    -530.7     21.11    -23.12     4.360      25289    0    0    0    0    0
2021 11  5 21 13    -2.57     3.02     0.82    -527.5     21.12    -23.49     4.360      25422    0    0    0    0    0
2021 11  5 21 14    -2.52     3.06     0.82    -528.4     20.45    -25.92     4.741      26539    0    0    0    0    0
2021 11  5 21 15    -2.70     2.93     0.81    -529.4     19.88    -27.89     5.081      27834    0    0    0    0    0
2021 11  5 21 16    -2.63     2.93     0.80    -529.4     20.12    -27.72     5.080      30395    0    0    0    0    0
2021 11  5 21 17    -2.47     2.95     0.92    -529.2     34.65    -17.83     4.990      30395    0    0    0    0    0
2021 11  5 21 18    -2.50     2.96     0.93    -527.4     33.05    -17.17     4.978      25779    0    0    0    0    0
2021 11  5 21 19    -2.78     2.92     0.93    -526.0     32.84    -16.69     4.822      24632    0    0    0    0    0
2021 11  5 21 20    -2.85     2.91     0.98    -525.7     33.26    -19.14     4.741      24357    0    0    0    0    0
2021 11  5 21 21    -2.80     2.90     1.08    -525.2     32.96    -19.98     4.729      24316    0    0    0    0    0
2021 11  5 21 22    -2.78     2.76     1.15    -524.6     33.03    -20.28     4.794      24670    0    0    0    0    0
2021 11  5 21 23    -2.77     2.72     1.28    -524.8     33.11    -20.40     5.133      25916    0    0    0    0    0
2021 11  5 21 24    -2.61     2.66     1.32    -524.8     33.69    -19.92     5.507      26418    0    0    0    0    0
2021 11  5 21 25    -2.78     2.37     1.04    -525.1     23.58    -24.57     5.842      26450    0    0    0    0    0
2021 11  5 21 26    -2.91     2.28     0.75    -525.2     19.73    -25.14     6.177      25931    0    0    0    0    0
2021 11  5 21 27    -3.07     2.41     0.81    -529.2     19.73    -24.71     6.532      25755    0    0    0    0    0
2021 11  5 21 28    -3.07     2.41     0.85    -529.1     22.64    -24.10     6.542      27979    0    0    0    0    0
2021 11  5 21 29    -3.03     2.41     0.92    -527.2     22.69    -24.09     6.621      29108    0    0    0    0    0
2021 11  5 21 30    -2.97     2.42     0.96    -525.9     21.65    -23.58     6.798      29599    0    0    0    0    0
2021 11  5 21 31    -2.94     2.44     0.97    -525.5     20.50    -23.43     6.889      29688    0    0    0    0    0
2021 11  5 21 32    -2.89     2.49     0.94    -524.9     19.38    -24.21     6.931      29065    0    0    0    0    0
2021 11  5 21 33    -2.80     2.65     1.02    -524.7     18.64    -24.51     6.945      27430    0    0    0    0    0
2021 11  5 21 34    -2.84     2.73     1.05    -524.8     18.47    -24.26     6.937      26877    0    0    0    0    0
2021 11  5 21 35    -2.86     2.75     1.03    -525.2     18.47    -24.08     6.974      27037    0    0    0    0    0
2021 11  5 21 36    -2.75     2.74     0.99    -525.5     17.81    -24.06     6.799      27496    0    0    0    0    0
2021 11  5 21 37    -2.70     2.50     0.98    -526.3     17.57    -24.91     6.672      27622    0    0    0    0    0
2021 11  5 21 38    -2.71     2.53     1.09    -526.5     16.94    -25.44     6.573      24408    0    0    0    0    0
2021 11  5 21 39    -2.76     2.74     1.26    -526.1     16.80    -25.93     6.466      23686    0    0    0    0    0
2021 11  5 21 40    -2.77     2.84     1.29    -525.8     16.80    -26.45     6.364      23723    0    0    0    0    0
2021 11  5 21 41    -2.61     2.85     1.24    -525.8     18.16    -27.64     6.253      23734    0    0    0    0    0
2021 11  5 21 42    -2.56     2.53     1.62    -525.8     19.02    -27.93     6.335      23734    0    0    0    0    0
2021 11  5 21 43    -2.45     2.44     1.71    -525.4     19.15    -24.02     6.161      25615    0    0    0    0    0
2021 11  5 21 44    -2.73     2.64     1.61    -525.1     18.85    -22.76     5.913      26215    0    0    0    0    0
2021 11  5 21 45    -2.90     2.54     1.50    -524.7     18.75    -23.82     5.668      26215    0    0    0    0    0
2021 11  5 21 46    -2.91     2.43     1.47    -524.0     19.14    -24.26     5.442      26348    0    0    0    0    0
2021 11  5 21 47    -2.78     2.41     1.42    -523.7     19.33    -24.25     5.224      26414    0    0    0    0    0
2021 11  5 21 48    -2.53     2.43     1.39    -525.5     17.92    -23.49     5.002      24263    0    0    0    0    0
2021 11  5 21 49    -2.50     2.50     1.43    -533.4     16.06    -22.41     5.112      23194    0    0    0    0    0
2021 11  5 21 50    -2.65     2.62     1.42    -532.9     15.20    -21.32     5.099      22705    0    0    0    0    0
2021 11  5 21 51    -3.02     2.59     1.37    -531.1     15.08    -21.33     5.053      21827    0    0    0    0    0
2021 11  5 21 52    -3.01     2.63     1.25    -529.0     15.08    -21.44     5.053      21827    0    0    0    0    0
2021 11  5 21 53    -2.90     2.59     1.40    -527.5     16.44    -23.79     5.226      23478    0    0    0    0    0
2021 11  5 21 54    -2.88     2.52     1.25    -526.4     16.77    -24.74     5.760      24646    0    0    0    0    0
2021 11  5 21 55    -2.88     2.37     1.19    -525.5     16.81    -24.87     6.356      24864    0    0    0    0    0
2021 11  5 21 56    -2.78     2.32     1.28    -525.3     16.49    -23.29     7.459      24700    0    0    0    0    0
2021 11  5 21 57    -2.53     2.16     1.08    -526.4     15.89    -22.75     7.902      24300    0    0    0    0    0
2021 11  5 21 58    -2.35     2.07     1.03    -527.3     31.69    -21.20     7.996      24223    0    0    0    0    0
2021 11  5 21 59    -2.30     2.06     1.41    -527.4     34.35    -21.71     8.006      25795    0    0    0    0    0
2021 11  5 22  0    -2.21     2.18     1.46    -527.4     33.94    -20.70     7.917      26323    0    0    0    0    0
2021 11  5 22  1    -2.75     2.26     1.50    -527.9     33.88    -20.54     7.649      26366    0    0    0    0    0
2021 11  5 22  2    -2.80     2.39     1.51    -528.4     33.89    -20.50     7.130      25001    0    0    0    0    0
2021 11  5 22  3    -2.66     2.39     1.76    -530.7     33.90    -20.81     6.543      24400    0    0    0    0    0
2021 11  5 22  4    -2.57     2.35     1.81    -530.7     33.77    -21.64     6.139      24400    0    0    0    0    0
2021 11  5 22  5    -2.52     2.15     1.82    -530.4     33.97    -22.59     5.919      24366    0    0    0    0    0
2021 11  5 22  6    -2.54     2.16     1.98    -528.6     34.30    -23.40     6.359      23964    0    0    0    0    0
2021 11  5 22  7    -2.42     2.32     1.95    -528.7     34.71    -23.23     6.807      23944    0    0    0    0    0
2021 11  5 22  8    -2.20     2.33     1.87    -528.7     30.29    -18.00     7.276      25226    0    0    0    0    0
2021 11  5 22  9    -2.26     2.45     1.10    -529.0     30.31    -17.36     7.752      25944    0    0    0    0    0
2021 11  5 22 10    -2.31     2.45     1.09    -528.9     30.92    -17.41     8.245      26638    0    0    0    0    0
2021 11  5 22 11    -2.31     2.18     1.27    -527.9     33.95    -18.60     8.335      26844    0    0    0    0    0
2021 11  5 22 12    -2.12     2.10     1.29    -527.8     34.25    -18.94     8.722      26863    0    0    0    0    0
2021 11  5 22 13    -2.10     2.10     1.07    -528.1     32.66    -18.03     7.744      27060    0    0    0    0    0
2021 11  5 22 14    -2.44     2.10     1.05    -528.1     32.50    -18.21     8.377      27450    0    0    0    0    0
2021 11  5 22 15    -2.61     2.14     1.26    -528.5     32.63    -19.45     8.484      28250    0    0    0    0    0
2021 11  5 22 16    -2.62     2.02     1.29    -528.5     32.64    -19.37     8.323      29758    0    0    0    0    0
2021 11  5 22 17    -2.62     2.02     1.33    -528.9     31.46    -17.31     8.561      31365    0    0    0    0    0
2021 11  5 22 18    -2.35     2.36     1.33    -528.9     31.51    -18.19     9.212      32669    0    0    0    0    0
2021 11  5 22 19    -2.34     2.10     1.39    -528.4     32.86    -18.85     9.462      33007    0    0    0    0    0
2021 11  5 22 20    -2.25     1.75     1.53    -525.9     35.42    -22.26     9.370      33022    0    0    0    0    0
2021 11  5 22 21    -2.30     1.66     1.66    -524.8     36.29    -23.27     9.223      31429    0    0    0    0    0
2021 11  5 22 22    -2.33     1.66     1.74    -525.0     36.64    -23.03     9.150      29049    0    0    0    0    0
2021 11  5 22 23    -2.33     1.66     1.76    -525.3     36.97    -21.99     8.428      26663    0    0    0    0    0
2021 11  5 22 24    -2.24     1.61     1.73    -525.8     37.16    -21.66     8.185      26074    0    0    0    0    0
2021 11  5 22 25    -2.18     1.60     1.67    -526.0     40.99    -23.39     8.185      26382    0    0    0    0    0
2021 11  5 22 26    -2.14     1.68     1.62    -526.5     41.71    -23.83     8.295      26461    0    0    0    0    0
2021 11  5 22 27    -2.12     1.73     1.58    -527.9     35.09    -20.77     9.332      26461    0    0    0    0    0
2021 11  5 22 28    -1.83     1.74     1.54    -528.0     34.35    -20.44     9.528      26774    0    0    0    0    0
2021 11  5 22 29    -1.75     1.74     1.52    -527.6     37.29    -20.90     9.382      26858    0    0    0    0    0
2021 11  5 22 30    -1.72     1.81     1.52    -527.2     38.00    -21.54     9.373      26920    0    0    0    0    0
2021 11  5 22 31    -1.72     1.82     1.52    -526.9     38.75    -20.26     9.859      27883    0    0    0    0    0
2021 11  5 22 32    -1.65     1.82     1.36    -526.3     39.55    -18.64    10.439      28048    0    0    0    0    0
2021 11  5 22 33    -1.58     1.97     1.35    -526.0     40.39    -18.31    10.526      27949    0    0    0    0    0
2021 11  5 22 34    -1.62     2.06     1.38    -525.7     39.72    -18.31    11.277      27924    0    0    0    0    0
2021 11  5 22 35    -1.63     2.08     1.41    -525.2     39.43    -18.05    10.720      27924    0    0    0    0    0
2021 11  5 22 36    -1.69     2.08     1.42    -525.1     39.82    -17.93    10.449      27751    0    0    0    0    0
2021 11  5 22 37    -1.71     2.09     1.43    -525.3     39.97    -17.89    10.449      27434    0    0    0    0    0
2021 11  5 22 38    -1.71     2.13     1.41    -526.0     40.03    -18.16    10.409      27347    0    0    0    0    0
2021 11  5 22 39    -1.51     2.08     1.41    -527.9     38.71    -17.51    10.512      27590    0    0    0    0    0
2021 11  5 22 40    -1.53     2.07     1.48    -528.1     39.05    -17.23    11.709      27936    0    0    0    0    0
2021 11  5 22 41    -1.83     1.88     1.62    -527.2     40.32    -18.88    11.817      27965    0    0    0    0    0
2021 11  5 22 42    -1.93     1.70     1.69    -526.8     40.58    -18.90    10.970      27655    0    0    0    0    0
2021 11  5 22 43    -1.96     1.67     1.72    -526.0     40.72    -18.75    10.818      27526    0    0    0    0    0
2021 11  5 22 44    -1.97     1.71     1.76    -525.6     40.64    -18.57    10.817      27507    0    0    0    0    0
2021 11  5 22 45    -1.87     1.79     1.77    -525.6     40.43    -18.19    10.776      28029    0    0    0    0    0
2021 11  5 22 46    -1.84     1.82     1.74    -525.6     40.12    -17.95    10.807      28735    0    0    0    0    0
2021 11  5 22 47    -1.83     1.83     1.66    -526.2     39.86    -17.99    10.910      29484    0    0    0    0    0
2021 11  5 22 48    -1.84     1.76     1.63    -526.3     39.03    -19.42    10.518      30389    0    0    0    0    0
2021 11  5 22 49    -1.92     1.67     1.64    -525.3     38.99    -20.54    10.374      31636    0    0    0    0    0
2021 11  5 22 50    -1.96     1.57     1.68    -524.7     38.77    -20.90    10.250      32009    0    0    0    0    0
2021 11  5 22 51    -1.97     1.53     1.71    -524.5     37.78    -21.63    10.125      30989    0    0    0    0    0
2021 11  5 22 52    -1.97     1.69     1.87    -524.4     36.69    -22.80     9.947      28621    0    0    0    0    0
2021 11  5 22 53    -2.08     1.76     2.07    -524.7     36.10    -23.18     9.790      23941    0    1    1    1    0
2021 11  5 22 54    -2.14     1.74     2.37    -525.3     35.65    -23.43     9.876      22363    0    1    1    1    0
2021 11  5 22 55    -2.13     1.64     2.46    -525.9     21.60    -26.75    10.287      23280    0    1    1    1    0
2021 11  5 22 56    -2.02     1.73     2.23    -526.3     17.89    -27.45    10.382      25122    0    0    0    0    0
2021 11  5 22 57    -1.99     1.76     2.18    -526.6     17.94    -26.23    10.431      27185    0    0    0    0    0
2021 11  5 22 58    -1.99     1.69     2.17    -526.4     17.95    -25.27    10.417      27531    0    0    0    0    0
2021 11  5 22 59    -1.88     1.67     2.17    -523.2     17.71    -25.11    10.320      27092    0    0    0    0    0
2021 11  5 23  0    -1.76     1.67     2.16    -520.2     17.39    -25.20    10.320      26437    0    0    0    0    0
2021 11  5 23  1    -1.67     1.62     2.16    -518.6     16.91    -25.37    10.432      25446    0    0    0    0    0
2021 11  5 23  2    -1.73     1.47     2.27    -517.8     16.21    -25.48    10.486      24048    0    0    0    0    0
2021 11  5 23  3    -1.97     1.34     2.46    -516.3     15.66    -26.23    10.416      22613    0    0    0    0    0
2021 11  5 23  4    -2.18     1.34     2.57    -515.4     15.59    -29.63    10.112      20628    0    0    0    0    0
2021 11  5 23  5    -2.14     1.46     2.74    -515.2     15.61    -30.94     9.078      19732    0    0    0    0    0
2021 11  5 23  6    -1.79     1.47     2.78    -515.2     16.00    -31.77     8.797      18882    0    0    0    0    0
2021 11  5 23  7    -1.75     1.53     2.83    -515.0     17.65    -31.73     7.995      18438    0    0    0    0    0
2021 11  5 23  8    -1.68     1.54     2.84    -515.0     17.62    -31.20     8.072      18443    0    0    0    0    0
2021 11  5 23  9    -1.81     1.61     2.86    -515.1     17.23    -29.76     8.924      18497    0    0    0    0    0
2021 11  5 23 10    -1.94     1.82     2.91    -515.8     16.93    -29.71     9.020      18495    0    1    1    1    1
2021 11  5 23 11    -1.92     1.84     2.92    -516.0     17.84    -29.96     9.203      18476    0    1    2    2    2
2021 11  5 23 12    -1.81     1.99     2.99    -515.8     18.73    -30.20     9.495      18458    0    1    2    1    2
2021 11  5 23 13    -1.74     2.14     3.02    -515.7     19.64    -30.45    10.394      18440    0    1    2    1    2
2021 11  5 23 14    -1.72     2.08     3.03    -515.8     20.54    -30.70    10.364      18422    0    1    2    1    2
2021 11  5 23 15    -1.64     2.07     3.03    -516.0     21.45    -30.96     9.929      18403    0    1    1    1    1
2021 11  5 23 16    -1.60     1.94     3.11    -517.5     22.09    -31.20    10.104      17704    0    0    0    0    0
2021 11  5 23 17    -1.52     1.83     3.28    -518.2     21.38    -31.34    10.166      15606    0    0    0    0    0
2021 11  5 23 18    -1.46     1.83     3.30    -519.6     20.54    -31.51    10.014      15316    0    0    0    0    0
2021 11  5 23 19    -1.31     1.77     3.42    -521.5     20.29    -31.61     9.703      14859    0    0    0    0    0
2021 11  5 23 20    -1.24     1.72     3.51    -521.7     19.62    -31.10     9.850      14248    0    1    1    1    1
2021 11  5 23 21    -1.04     1.83     3.50    -521.5     18.57    -29.98    10.260      13084    0    1    2    2    2
2021 11  5 23 22    -1.00     1.98     3.47    -520.7     17.56    -28.88    10.657      12493    0    1    1    1    1
2021 11  5 23 23    -1.28     2.02     3.39    -519.5     16.46    -28.03    10.781      13082    0    0    0    0    0
2021 11  5 23 24    -1.43     2.00     3.31    -518.5     15.59    -27.61    10.597      14092    0    0    0    0    0
2021 11  5 23 25    -1.33     1.79     3.44    -518.6     15.61    -27.39    10.169      14239    0    1    1    1    1
2021 11  5 23 26    -0.89     1.46     3.73    -520.1     15.74    -27.04     8.809      14401    0    1    2    2    2
2021 11  5 23 27    -0.54     1.52     3.38    -521.7     15.87    -26.70     7.438      14564    0    1    2    2    2
2021 11  5 23 28     0.22     1.58     3.05    -524.0     16.01    -26.33     6.001      14735    0    1    2    2    2
2021 11  5 23 29     0.73     1.41     2.94    -525.5     16.14    -26.00     4.651      14896    0    1    2    2    2
2021 11  5 23 30     0.81     1.34     2.79    -526.3     16.27    -25.67     3.348      15051    0    1    2    2    2
2021 11  5 23 31     0.82     0.93     2.76    -526.5     16.39    -25.35     2.092      15201    0    1    2    2    2
2021 11  5 23 32     0.71     0.84     3.28    -525.4     16.51    -25.06     3.552      15340    0    1    2    1    2
2021 11  5 23 33     0.58     0.92     3.45    -524.5     16.62    -24.76     4.630      15480    0    1    2    0    2
2021 11  5 23 34     0.54     1.04     3.37    -524.2     16.74    -24.46     5.459      15626    0    1    2    0    2
2021 11  5 23 35     0.54     1.07     3.32    -524.2     16.86    -24.14     6.427      15774    0    1    2    1    2
2021 11  5 23 36     0.72     1.04     3.33    -524.1     16.98    -23.84     7.505      15920    0    1    2    2    2
2021 11  5 23 37     0.87     0.95     3.42    -524.1     17.10    -23.52     8.702      16068    0    1    1    1    1
2021 11  5 23 38     0.95     0.92     3.46    -524.1     17.59    -23.90    10.037      16266    0    0    0    0    0
2021 11  5 23 39     1.21     0.70     3.49    -524.4     18.72    -25.13    11.437      16496    0    0    0    0    0
2021 11  5 23 40     1.33     0.47     3.64    -524.6     19.20    -25.64    12.686      16964    0    0    0    0    0
2021 11  5 23 41     1.30     0.41     3.72    -524.1     19.27    -25.90    13.594      17537    0    1    1    1    1
2021 11  5 23 42     1.25     0.42     3.80    -523.9     19.31    -26.24    14.136      18125    0    1    2    1    2
2021 11  5 23 43     1.23     0.45     3.78    -523.9     19.36    -26.58    14.312      18718    0    1    2    1    2
2021 11  5 23 44     0.84     0.55     3.80    -524.4     19.41    -26.94    14.152      19326    0    1    1    1    1
2021 11  5 23 45     0.66     0.62     3.74    -524.6     19.02    -26.57    14.122      21117    0    0    0    0    0
2021 11  5 23 46     1.04     0.63     3.50    -524.6     18.85    -26.10    13.964      23032    0    0    0    0    0
2021 11  5 23 47     1.31     0.50     3.23    -525.0     18.98    -24.72    14.196      24876    0    0    0    0    0
2021 11  5 23 48     1.68     0.14     3.09    -525.4     19.32    -23.34    14.362      25569    0    0    0    0    0
2021 11  5 23 49     0.18     0.36     3.42    -534.2     17.07    -21.86    17.091      31057    0    0    0    0    0
2021 11  5 23 50    -0.18     0.53     3.51    -537.8     10.69    -21.83    24.658      42998    0    0    0    0    0
2021 11  5 23 51    -0.03     0.39     3.62    -537.8     15.35    -19.71    25.215      41621    0    0    0    0    0
2021 11  5 23 52    -1.44     1.42     3.68    -538.2     20.41    -17.71    26.695      38938    0    0    0    0    0
2021 11  5 23 53    -2.19     1.66     3.54    -539.7     20.23    -17.72    29.117      37778    0    0    0    0    0
2021 11  5 23 54    -1.57     1.35     3.47    -540.6     20.20    -17.85    31.320      40615    0    0    0    0    0
2021 11  5 23 55    -0.66     0.63     3.74    -541.4     20.01    -17.68    33.091      42115    0    0    0    0    0
2021 11  5 23 56     0.02    -0.09     3.84    -541.8     19.93    -17.65    34.683      42425    0    0    0    0    0
2021 11  5 23 57     0.21     0.07     2.78    -542.0     20.17    -18.63    36.480      44557    0    0    0    0    0
2021 11  5 23 58     0.70     0.40     3.00    -542.0     20.24    -20.67    37.563      46574    0    0    0    0    0
2021 11  5 23 59     0.84     0.48     3.86    -541.8     20.01    -22.18    37.760      46997    0    0    0    0    0
2021 11  6  0  0     0.77     0.48     4.36    -541.3     19.54    -22.62    36.796      45625    0    0    0    0    0
