MIDL 32Re, 2012-10 (nT, km/s, cm^-3, K)

#COORDINATES
GSM                     Earth orbital motion included

year month day hour minute Bx By Bz Ux Uy Uz rho T B_interp Ux_interp Uyz_interp rho_interp T_interp
#START
2012 10  7  6  0    -3.46     5.25     1.64    -312.7      5.15    -16.37     7.307      40966    0    0    0    0    0
2012 10  7  6  1    -3.39     5.28     1.58    -312.2      5.19    -17.10     7.279      42321    0    0    0    0    0
2012 10  7  6  2    -3.38     5.37     0.96    -316.1      5.24    -17.02     6.999      42248    0    0    0    0    0
2012 10  7  6  3    -3.35     5.30     0.72    -315.6      5.48    -16.31     7.113      41032    0    0    0    0    0
2012 10  7  6  4    -3.34     5.29     0.72    -313.8      5.90    -14.77     7.287      39770    0    0    0    0    0
2012 10  7  6  5    -3.36     5.27     0.71    -313.3      6.36    -14.78     7.298      39686    0    0    0    0    0
2012 10  7  6  6    -3.40     5.19     0.79    -312.5      7.01    -17.46     7.302      40030    0    0    0    0    0
2012 10  7  6  7    -3.40     5.09     1.32    -312.5      6.95    -19.52     7.336      41883    0    0    0    0    0
2012 10  7  6  8    -3.30     5.04     1.65    -314.1      8.05    -22.68     7.454      48190    0    0    0    0    0
2012 10  7  6  9    -3.26     4.80     1.75    -315.2     10.11    -23.82     7.601      58428    0    0    0    0    0
2012 10  7  6 10    -2.65     4.75     1.83    -318.3      9.25    -22.16     7.345      56106    0    0    0    0    0
2012 10  7  6 11    -1.69     5.30     2.18    -319.6      6.52    -21.15     7.295      51429    0    0    0    0    0
2012 10  7  6 12    -1.45     5.52     2.27    -318.9      5.59    -20.76     7.396      46753    0    0    0    0    0
2012 10  7  6 13    -1.42     5.54     2.12    -317.9      5.58    -19.97     7.546      44107    0    0    0    0    0
2012 10  7  6 14    -1.44     5.60     1.96    -319.0      5.95    -16.55     7.542      43538    0    0    0    0    0
2012 10  7  6 15    -1.35     5.49     2.02    -320.2      6.27    -15.01     7.445      45794    0    0    0    0    0
2012 10  7  6 16    -1.23     5.65     2.04    -320.5      5.71    -15.36     7.401      44439    0    0    0    0    0
2012 10  7  6 17    -1.06     5.62     1.91    -319.7      5.51    -16.34     7.350      41294    0    0    0    0    0
2012 10  7  6 18    -0.63     5.63     1.66    -317.7      5.28    -16.15     7.301      40325    0    0    0    0    0
2012 10  7  6 19     0.16     5.63     1.19    -316.2      4.35    -15.53     7.249      39938    0    0    0    0    0
2012 10  7  6 20     2.37     4.62     0.25    -321.7      5.91    -11.09     7.193      38634    0    0    0    0    0
2012 10  7  6 21     3.14     4.09    -0.07    -324.5      7.95     -9.51     7.186      38272    0    0    0    0    0
2012 10  7  6 22     3.19     4.01    -0.11    -324.1      8.27     -9.91     7.149      38270    0    0    0    0    0
2012 10  7  6 23     3.16     3.87    -0.10    -323.3      8.39     -8.80     7.030      38217    0    0    0    0    0
2012 10  7  6 24     3.22     3.98    -0.02    -323.9      8.38    -10.09     6.893      38075    0    0    0    0    0
2012 10  7  6 25     3.71     3.55     0.01    -327.5      9.27     -7.17     6.912      38860    0    0    0    0    0
2012 10  7  6 26     3.91     3.16    -0.13    -328.5      9.26     -6.54     6.888      39225    0    0    0    0    0
2012 10  7  6 27     4.09     3.05    -0.14    -328.6      9.21     -7.17     6.772      37953    0    0    0    0    0
2012 10  7  6 28     4.06     3.02    -0.03    -328.5      9.17     -7.42     6.552      36505    0    0    0    0    0
2012 10  7  6 29     3.65     3.61     0.36    -328.1      9.08     -9.28     6.318      36006    0    0    0    0    0
2012 10  7  6 30     2.76     4.38     0.91    -327.0      6.78    -11.84     6.290      35929    0    0    0    0    0
2012 10  7  6 31     1.76     4.82     1.58    -325.1      5.12    -14.01     6.346      36187    0    0    0    0    0
2012 10  7  6 32     0.77     4.80     2.35    -322.6      5.11    -15.55     6.440      36780    0    0    0    0    0
2012 10  7  6 33     0.27     4.76     2.76    -320.1      5.37    -17.12     6.551      37155    0    0    0    0    0
2012 10  7  6 34     0.27     4.71     2.81    -317.7      5.92    -18.71     6.681      37294    0    0    0    0    0
2012 10  7  6 35     0.31     4.62     2.90    -316.1      6.18    -20.04     6.796      37364    0    0    0    0    0
2012 10  7  6 36     0.28     4.42     3.04    -315.3      6.26    -20.76     6.884      37325    0    0    0    0    0
2012 10  7  6 37     0.09     4.09     3.15    -314.1      6.54    -20.79     6.950      37222    0    0    0    0    0
2012 10  7  6 38     0.08     3.99     3.18    -314.2      6.98    -20.21     6.961      37309    0    0    0    0    0
2012 10  7  6 39     0.12     3.85     3.29    -315.0      7.55    -20.30     7.029      38699    0    0    0    0    0
2012 10  7  6 40     0.11     3.73     3.42    -314.9      7.78    -20.64     7.132      38509    0    0    0    0    0
2012 10  7  6 41     0.12     3.67     3.42    -315.9      7.26    -19.31     7.128      37111    0    0    0    0    0
2012 10  7  6 42     0.05     3.75     3.46    -317.3      6.32    -16.78     7.141      36102    0    0    0    0    0
2012 10  7  6 43    -0.09     3.68     3.53    -316.9      6.38    -16.63     7.207      36521    0    0    0    0    0
2012 10  7  6 44    -0.16     3.61     3.58    -316.4      6.63    -16.64     7.239      37617    0    0    0    0    0
2012 10  7  6 45    -0.15     3.55     3.62    -316.1      6.92    -16.83     7.204      39623    0    0    0    0    0
2012 10  7  6 46    -0.02     3.48     3.62    -316.0      7.24    -17.42     7.222      42703    0    0    0    0    0
2012 10  7  6 47     0.02     3.53     3.53    -316.0      7.11    -17.85     7.575      48122    0    0    0    0    0
2012 10  7  6 48    -0.67     4.21     3.15    -316.6      6.06    -18.27     7.996      56339    0    0    0    0    0
2012 10  7  6 49    -2.26     5.35     2.11    -321.4      2.61    -23.41     7.866      58479    0    0    0    0    0
2012 10  7  6 50    -2.60     5.39     1.73    -323.0      1.69    -24.63     7.790      49997    0    0    0    0    0
2012 10  7  6 51    -2.65     5.39     1.60    -321.9      1.77    -24.89     7.801      39859    0    0    0    0    0
2012 10  7  6 52    -2.74     5.33     1.39    -320.3      2.13    -23.61     7.797      33577    0    0    0    0    0
2012 10  7  6 53    -2.93     5.19     1.07    -318.6      2.60    -20.25     7.772      32754    0    0    0    0    0
2012 10  7  6 54    -3.59     4.63    -0.15    -318.1      3.30    -19.52     7.661      31797    0    0    0    0    0
2012 10  7  6 55    -3.71     4.52    -0.29    -318.0      2.93    -19.44     7.640      31522    0    0    0    0    0
2012 10  7  6 56    -3.67     4.63     0.03    -316.6      2.76    -19.46     7.598      30929    0    0    0    0    0
2012 10  7  6 57    -3.67     4.72     0.30    -314.8      2.94    -19.46     7.495      29913    0    0    0    0    0
2012 10  7  6 58    -3.78     4.72     0.30    -313.0      3.81    -19.43     7.251      28026    0    0    0    0    0
2012 10  7  6 59    -4.09     4.50     0.17    -312.6      4.35    -19.44     7.171      27397    0    0    0    0    0
2012 10  7  7  0    -4.24     4.48    -0.06    -312.7      4.36    -17.69     7.293      27935    0    0    0    0    0
2012 10  7  7  1    -4.30     4.51    -0.16    -312.6      4.29    -17.30     7.333      28114    0    0    0    0    0
2012 10  7  7  2    -4.28     4.62    -0.04    -312.6      4.14    -18.03     7.338      27334    0    0    0    0    0
2012 10  7  7  3    -4.00     4.89     0.19    -313.5      3.37    -18.65     7.523      26225    0    0    0    0    0
2012 10  7  7  4    -3.82     4.94     0.15    -313.6      2.30    -19.06     7.542      25711    0    0    0    0    0
2012 10  7  7  5    -3.63     5.03     0.13    -313.5      0.92    -18.20     7.501      25673    0    0    0    0    0
2012 10  7  7  6    -3.10     5.03     0.21    -313.3      0.57    -18.78     7.463      25696    0    0    0    0    0
2012 10  7  7  7    -2.88     5.08     0.26    -314.2      0.48    -16.45     7.469      25683    0    0    0    0    0
2012 10  7  7  8    -2.09     5.33     1.03    -314.8      1.19    -20.25     7.611      25284    0    0    0    0    0
2012 10  7  7  9    -2.17     5.43     1.03    -314.7      3.05    -20.17     7.803      25372    0    0    0    0    0
2012 10  7  7 10    -3.41     5.42     0.07    -314.7      3.54    -19.26     7.875      25926    0    0    0    0    0
2012 10  7  7 11    -3.74     5.33    -0.50    -314.5      3.39    -16.40     7.884      26305    0    0    0    0    0
2012 10  7  7 12    -3.96     5.25    -0.55    -314.7      3.33    -15.72     7.881      26114    0    0    0    0    0
2012 10  7  7 13    -4.00     5.28    -0.55    -313.7      3.23    -16.01     7.869      25154    0    0    0    0    0
2012 10  7  7 14    -3.90     5.37    -0.53    -312.2      3.26    -16.00     7.672      24626    0    0    0    0    0
2012 10  7  7 15    -3.95     5.31    -0.52    -311.4      3.28    -16.01     7.557      24357    0    0    0    0    0
2012 10  7  7 16    -4.08     5.20    -0.62    -312.4      2.92    -16.62     7.689      24378    0    0    0    0    0
2012 10  7  7 17    -4.01     5.25    -0.67    -313.1      2.27    -16.92     7.921      24649    0    0    0    0    0
2012 10  7  7 18    -3.99     5.26    -0.68    -313.0      1.99    -17.88     8.067      24978    0    0    0    0    0
2012 10  7  7 19    -3.97     5.12    -0.77    -312.6      2.37    -17.17     8.098      25820    0    0    0    0    0
2012 10  7  7 20    -3.40     4.89     0.06    -312.2      3.01    -16.11     8.098      26452    0    0    0    0    0
2012 10  7  7 21    -2.96     4.77     0.60    -312.1      3.85    -15.21     8.090      26935    0    0    0    0    0
2012 10  7  7 22    -2.98     4.59     0.66    -312.9      4.15    -14.53     8.084      27117    0    0    0    0    0
2012 10  7  7 23    -3.06     4.49     0.56    -315.2      4.31    -12.54     8.046      28042    0    0    0    0    0
2012 10  7  7 24    -3.16     4.52     0.58    -315.2      4.19    -12.62     8.039      29120    0    0    0    0    0
2012 10  7  7 25    -3.12     4.55     0.64    -314.4      3.85    -12.90     8.038      29088    0    0    0    0    0
2012 10  7  7 26    -2.94     4.53     0.92    -313.8      4.22    -12.91     8.032      28763    0    0    0    0    0
2012 10  7  7 27    -2.93     4.60     0.87    -314.4      4.11    -14.79     7.836      26378    0    0    0    0    0
2012 10  7  7 28    -3.09     5.01     0.21    -320.9      2.63    -18.45     8.349      27030    0    0    0    0    0
2012 10  7  7 29    -3.23     5.01     0.05    -320.3      2.16    -18.56     8.330      26536    0    0    0    0    0
2012 10  7  7 30    -3.53     4.99    -0.23    -318.1      1.97    -18.40     8.292      25548    0    0    0    0    0
2012 10  7  7 31    -3.75     4.90    -0.89    -316.2      3.01    -15.17     8.159      24967    0    0    0    0    0
2012 10  7  7 32    -3.95     4.76    -1.62    -314.5      4.34    -11.31     8.012      24622    0    0    0    0    0
2012 10  7  7 33    -4.18     4.51    -1.79    -313.0      4.33    -11.32     8.013      24622    0    0    0    0    0
2012 10  7  7 34    -4.30     4.42    -1.88    -311.6      3.85    -12.36     8.036      24665    0    0    0    0    0
2012 10  7  7 35    -4.36     4.43    -1.89    -310.5      3.32    -13.41     8.102      24922    0    0    0    0    0
2012 10  7  7 36    -4.34     4.54    -1.72    -310.8      3.21    -13.50     8.212      25463    0    0    0    0    0
2012 10  7  7 37    -4.16     4.82    -1.43    -311.3      3.26    -13.30     8.200      25378    0    0    0    0    0
2012 10  7  7 38    -4.03     5.12    -1.18    -311.2      2.90    -13.13     8.186      25272    0    0    0    0    0
2012 10  7  7 39    -4.04     5.08    -1.01    -310.8      2.59    -12.89     8.242      26199    0    0    0    0    0
2012 10  7  7 40    -4.07     4.99    -1.09    -310.0      2.63    -12.04     8.348      28048    0    0    0    0    0
2012 10  7  7 41    -4.12     4.92    -1.52    -309.9      2.64    -13.01     8.333      28201    0    0    0    0    0
2012 10  7  7 42    -4.11     4.88    -1.67    -309.9      3.15    -12.69     8.180      28169    0    0    0    0    0
2012 10  7  7 43    -4.12     4.95    -1.51    -310.6      3.21    -12.20     7.824      27776    0    0    0    0    0
2012 10  7  7 44    -4.02     5.15    -1.13    -312.3      3.84    -11.19     7.709      27022    0    0    0    0    0
2012 10  7  7 45    -3.74     5.33    -1.10    -313.0      3.96    -11.81     7.937      26879    0    0    0    0    0
2012 10  7  7 46    -3.71     5.45    -0.75    -313.5      3.31    -13.26     7.983      26879    0    0    0    0    0
2012 10  7  7 47    -3.76     5.41    -0.72    -312.5      2.63    -13.80     7.829      25515    0    0    0    0    0
2012 10  7  7 48    -3.89     5.33    -0.89    -312.2      2.31    -13.85     7.744      24804    0    0    0    0    0
2012 10  7  7 49    -4.06     5.14    -1.14    -312.4      2.26    -13.77     7.739      24637    0    0    0    0    0
2012 10  7  7 50    -4.14     4.94    -1.45    -312.6      2.17    -13.56     7.805      24228    0    0    0    0    0
2012 10  7  7 51    -4.08     4.89    -1.66    -312.2      2.73    -10.37     7.906      24087    0    0    0    0    0
2012 10  7  7 52    -4.01     4.75    -1.98    -311.6      3.49     -7.56     8.044      24533    0    0    0    0    0
2012 10  7  7 53    -4.00     4.47    -2.33    -311.2      4.13     -6.45     8.122      24965    0    0    0    0    0
2012 10  7  7 54    -4.04     4.24    -2.53    -310.8      4.78     -5.48     8.031      24586    0    0    0    0    0
2012 10  7  7 55    -4.14     4.20    -2.57    -310.5      5.33     -4.24     7.879      23847    0    0    0    0    0
2012 10  7  7 56    -4.29     4.28    -2.36    -310.1      5.31     -4.36     7.864      23847    0    0    0    0    0
2012 10  7  7 57    -4.31     4.54    -2.26    -310.1      5.10     -5.11     7.798      23567    0    0    0    0    0
2012 10  7  7 58    -4.30     4.63    -2.13    -310.1      4.28     -6.24     7.589      22319    0    0    0    0    0
2012 10  7  7 59    -4.20     4.91    -1.81    -309.9      3.65     -6.66     7.556      22344    0    0    0    0    0
2012 10  7  8  0    -4.23     4.91    -1.76    -309.3      3.46     -7.65     7.566      22496    0    0    0    0    0
2012 10  7  8  1    -4.29     4.87    -1.76    -309.3      3.46     -6.76     7.791      23395    0    0    0    0    0
2012 10  7  8  2    -4.26     4.84    -1.83    -310.5      3.48     -7.21     8.002      24493    0    0    0    0    0
2012 10  7  8  3    -4.22     4.88    -1.84    -310.9      3.49     -6.71     8.007      24508    0    0    0    0    0
2012 10  7  8  4    -4.23     4.88    -1.79    -310.7      3.42     -8.02     7.937      24247    0    0    0    0    0
2012 10  7  8  5    -4.26     4.87    -1.58    -310.4      3.18     -9.30     7.816      23681    0    0    0    0    0
2012 10  7  8  6    -4.26     4.90    -1.41    -310.1      3.12     -9.25     7.829      23660    0    0    0    0    0
2012 10  7  8  7    -4.22     4.93    -1.44    -309.9      3.17     -8.88     7.871      23660    0    0    0    0    0
2012 10  7  8  8    -4.14     4.99    -1.55    -309.6      3.42     -8.80     7.856      23635    0    0    0    0    0
2012 10  7  8  9    -4.11     5.02    -1.61    -309.6      3.45     -7.12     7.732      23303    0    0    0    0    0
2012 10  7  8 10    -4.08     5.06    -1.66    -309.0      3.47     -7.98     7.735      23303    0    0    0    0    0
2012 10  7  8 11    -4.07     4.97    -1.70    -308.9      3.57     -8.01     7.795      23584    0    0    0    0    0
2012 10  7  8 12    -4.10     4.88    -1.91    -308.9      3.57     -8.00     7.800      23785    0    0    0    0    0
2012 10  7  8 13    -4.22     4.71    -2.13    -310.0      4.27     -5.62     7.820      24035    0    0    0    0    0
2012 10  7  8 14    -4.17     4.56    -2.39    -310.4      4.70     -5.12     7.917      24303    0    0    0    0    0
2012 10  7  8 15    -4.00     4.56    -2.64    -310.3      4.91     -4.85     8.042      24869    0    0    0    0    0
2012 10  7  8 16    -3.94     4.55    -2.68    -310.2      4.91     -4.25     8.213      26154    0    0    0    0    0
2012 10  7  8 17    -3.91     4.48    -2.64    -309.5      5.00     -4.12     8.304      26868    0    0    0    0    0
2012 10  7  8 18    -3.91     4.56    -2.53    -309.0      5.43     -4.39     8.405      27652    0    0    0    0    0
2012 10  7  8 19    -3.88     4.52    -2.42    -308.8      6.08     -2.78     8.740      28529    0    0    0    0    0
2012 10  7  8 20    -3.86     4.55    -2.38    -309.6      5.94     -4.48     8.759      28525    0    0    0    0    0
2012 10  7  8 21    -3.78     4.64    -2.23    -309.7      5.12     -4.57     8.663      27681    0    0    0    0    0
2012 10  7  8 22    -3.78     4.65    -2.19    -309.3      4.62     -5.83     8.663      27566    0    0    0    0    0
2012 10  7  8 23    -3.75     4.67    -2.22    -308.7      4.30     -5.93     8.663      27459    0    0    0    0    0
2012 10  7  8 24    -3.72     4.71    -2.23    -307.8      4.25     -5.89     8.576      27107    0    0    0    0    0
2012 10  7  8 25    -3.79     4.73    -2.31    -308.1      4.47     -5.84     8.421      26447    0    0    0    0    0
2012 10  7  8 26    -3.80     4.73    -2.43    -308.9      4.49     -2.56     8.371      26049    0    0    0    0    0
2012 10  7  8 27    -3.74     4.70    -2.53    -308.8      4.75     -2.29     8.403      26030    0    0    0    0    0
2012 10  7  8 28    -3.74     4.71    -2.41    -308.7      4.76     -2.64     8.409      26030    0    0    0    0    0
2012 10  7  8 29    -3.80     4.68    -2.42    -307.9      5.15     -3.30     8.349      25406    0    0    0    0    0
2012 10  7  8 30    -3.87     4.64    -2.47    -307.5      5.31     -3.55     8.283      24975    0    0    0    0    0
2012 10  7  8 31    -3.93     4.60    -2.57    -307.6      5.19     -3.57     8.219      24730    0    0    0    0    0
2012 10  7  8 32    -3.89     4.62    -2.58    -308.1      5.44     -3.76     8.099      24180    0    0    0    0    0
2012 10  7  8 33    -3.87     4.56    -2.57    -308.2      5.95     -3.49     8.062      24023    0    0    0    0    0
2012 10  7  8 34    -3.87     4.55    -2.57    -307.2      6.31     -3.61     8.078      24731    0    0    0    0    0
2012 10  7  8 35    -3.84     4.58    -2.53    -306.3      6.46     -3.94     8.394      26100    0    0    0    0    0
2012 10  7  8 36    -3.34     4.98    -2.26    -309.2      5.92     -4.52     9.049      27442    0    0    0    0    0
2012 10  7  8 37    -3.19     5.09    -2.24    -309.6      5.74     -4.59     9.049      27173    0    0    0    0    0
2012 10  7  8 38    -3.23     5.11    -2.25    -310.4      5.74     -5.25     9.041      25767    0    0    0    0    0
2012 10  7  8 39    -3.33     4.89    -2.34    -310.3      5.76     -5.33     9.018      24922    0    0    0    0    0
2012 10  7  8 40    -3.55     4.58    -2.54    -309.0      5.78     -4.46     8.962      24905    0    0    0    0    0
2012 10  7  8 41    -3.54     4.46    -2.55    -308.8      5.98     -2.53     8.892      24812    0    0    0    0    0
2012 10  7  8 42    -3.50     4.30    -2.64    -308.4      5.99     -3.55     8.886      23720    0    0    0    0    0
2012 10  7  8 43    -3.50     4.27    -2.64    -308.1      6.00     -3.68     8.898      23504    0    0    0    0    0
2012 10  7  8 44    -3.57     4.25    -2.63    -308.0      6.05     -4.04     8.988      23646    0    0    0    0    0
2012 10  7  8 45    -2.48     5.38    -2.15    -314.0      5.16     -5.26     9.111      24660    0    0    0    0    0
2012 10  7  8 46    -2.44     5.49    -1.87    -314.5      4.74     -6.49     9.018      23498    0    0    0    0    0
2012 10  7  8 47    -2.30     5.50    -1.83    -314.4      4.67     -5.89     8.970      22569    0    0    0    0    0
2012 10  7  8 48    -2.31     5.50    -1.82    -314.1      4.31     -6.08     8.973      21708    0    0    0    0    0
2012 10  7  8 49    -2.34     5.54    -1.72    -313.3      4.07     -6.52     9.006      21309    0    0    0    0    0
2012 10  7  8 50    -2.49     5.45    -1.72    -312.1      4.16     -6.60     9.081      21243    0    0    0    0    0
2012 10  7  8 51    -2.62     5.34    -1.73    -311.3      4.17     -6.76     9.413      22898    0    0    0    0    0
2012 10  7  8 52    -2.64     5.24    -1.72    -311.2      3.75     -6.16     9.845      25766    0    0    0    0    0
2012 10  7  8 53    -2.59     5.23    -1.60    -311.2      3.29     -4.89     9.944      26850    0    0    0    0    0
2012 10  7  8 54    -2.54     5.28    -1.43    -310.8      3.42     -4.63     9.771      26771    0    0    0    0    0
2012 10  7  8 55    -2.52     5.33    -1.30    -310.4      3.72     -4.86     9.435      26619    0    0    0    0    0
2012 10  7  8 56    -2.53     5.40    -1.16    -310.0      3.97     -5.51     9.424      26675    0    0    0    0    0
2012 10  7  8 57    -2.51     5.39    -1.17    -309.4      4.12     -5.26     9.433      26948    0    0    0    0    0
2012 10  7  8 58    -2.60     4.98    -1.76    -309.0      4.39     -3.52     9.434      26948    0    0    0    0    0
2012 10  7  8 59    -2.63     4.92    -1.98    -309.4      4.32     -3.56     9.437      26434    0    0    0    0    0
2012 10  7  9  0    -2.50     5.22    -1.57    -310.6      3.92     -7.55     9.687      26933    0    0    0    0    0
2012 10  7  9  1    -2.41     5.25    -1.17    -310.8      2.78     -8.48    10.057      28850    0    0    0    0    0
2012 10  7  9  2    -2.22     5.19    -0.76    -311.3      2.19     -6.96    10.332      30325    0    0    0    0    0
2012 10  7  9  3    -2.05     5.15    -0.91    -311.5      2.34     -3.97    10.389      30704    0    0    0    0    0
2012 10  7  9  4    -2.05     5.06    -1.21    -311.7      2.86     -1.72    10.436      31333    0    0    0    0    0
2012 10  7  9  5    -2.20     4.99    -1.26    -311.4      3.13     -2.47    10.603      31733    0    0    0    0    0
2012 10  7  9  6    -2.18     5.03    -1.13    -310.9      2.42     -4.53    10.897      31576    0    0    0    0    0
2012 10  7  9  7    -2.17     5.05    -1.12    -310.4      1.46     -4.73    11.236      31281    0    0    0    0    0
2012 10  7  9  8    -2.20     5.04    -1.08    -310.1      1.42     -4.41    11.412      31399    0    0    0    0    0
2012 10  7  9  9    -2.35     5.00    -1.06    -308.9      1.42     -5.08    11.422      31906    0    0    0    0    0
2012 10  7  9 10    -2.34     5.09    -0.82    -308.8      1.74     -4.83    11.378      32398    0    0    0    0    0
2012 10  7  9 11    -2.35     5.11    -0.49    -308.8      2.01     -4.66    11.296      32916    0    0    0    0    0
2012 10  7  9 12    -2.37     5.15    -0.33    -308.6      1.67     -4.36    11.419      33434    0    1    1    1    1
2012 10  7  9 13    -2.35     5.11     0.05    -308.6      1.17     -4.06    11.583      33974    0    1    1    2    2
2012 10  7  9 14    -2.37     5.00     0.17    -308.4      0.69     -3.77    11.743      34496    0    1    1    2    2
2012 10  7  9 15    -2.37     4.88     0.14    -308.1     -0.01     -3.30    11.896      34994    1    1    1    2    2
2012 10  7  9 16    -2.36     4.82     0.29    -307.9     -0.59     -3.20    12.052      35506    1    1    1    2    2
2012 10  7  9 17    -2.35     4.76     0.43    -307.9     -1.09     -2.76    12.217      36043    1    1    1    2    2
2012 10  7  9 18    -2.43     4.64     0.43    -308.2     -1.60     -1.75    12.392      36616    1    1    1    2    2
2012 10  7  9 19    -2.50     4.45     0.37    -308.1     -1.75     -1.29    12.553      37140    1    1    1    2    2
2012 10  7  9 20    -2.55     4.38     0.49    -307.8     -2.15     -0.68    12.711      37470    1    1    1    2    2
2012 10  7  9 21    -2.54     4.39     0.56    -307.6     -2.22     -0.51    12.683      37550    0    1    1    1    1
2012 10  7  9 22    -2.46     4.42     0.25    -307.2     -1.93     -0.13    12.476      37323    0    0    0    0    0
2012 10  7  9 23    -2.37     4.30    -0.37    -306.7     -1.60      0.48    12.324      37149    0    0    0    0    0
2012 10  7  9 24    -2.31     4.10    -0.90    -306.8     -1.18      1.00    12.447      37681    0    0    0    0    0
2012 10  7  9 25    -2.27     4.14    -0.98    -308.1     -0.93      1.32    12.646      38260    0    0    0    0    0
2012 10  7  9 26    -2.06     4.30    -0.97    -308.6     -1.38      0.90    12.565      33595    0    0    0    0    0
2012 10  7  9 27    -2.06     4.52    -0.95    -308.7      1.47     -0.77    11.235      25989    0    0    0    0    0
2012 10  7  9 28    -2.20     4.56    -1.53    -308.9      3.54     -2.70    10.218      20640    0    0    0    0    0
2012 10  7  9 29    -1.68     4.41    -0.80    -308.4      3.59     -2.62    10.283      20303    0    0    0    0    0
2012 10  7  9 30    -1.53     4.33    -0.61    -307.8      3.22     -2.18    10.569      22623    0    0    0    0    0
2012 10  7  9 31    -1.75     4.27    -0.98    -306.9      1.87     -0.20    11.187      30681    0    0    0    0    0
2012 10  7  9 32    -1.99     4.22    -1.20    -306.3      0.58      1.70    11.723      38390    0    0    0    0    0
2012 10  7  9 33    -1.99     4.31    -0.74    -307.1      0.32      2.03    11.681      39496    0    0    0    0    0
2012 10  7  9 34    -1.96     4.54    -0.23    -307.8      1.69      1.29    11.216      37781    0    0    0    0    0
2012 10  7  9 35    -1.68     4.87     0.44    -307.8      3.32      2.11    10.774      37077    0    0    0    0    0
2012 10  7  9 36    -1.00     4.72     1.69    -309.8      6.39      4.50    10.562      47807    0    0    0    0    0
2012 10  7  9 37    -0.53     4.16     2.77    -310.4      8.11      8.75    10.581      48428    0    0    0    0    0
2012 10  7  9 38     0.19     3.22     4.18    -310.4      9.01      7.06    10.808      50574    0    0    0    0    0
2012 10  7  9 39     0.29     2.89     4.45    -311.0      7.90      3.25    11.388      54615    0    0    0    0    0
2012 10  7  9 40    -0.10     3.23     3.75    -312.4      5.59     -3.03    11.412      51997    0    0    0    0    0
2012 10  7  9 41    -0.44     3.72     3.06    -312.5      5.71     -4.96    10.821      48898    0    0    0    0    0
2012 10  7  9 42    -0.65     3.91     2.88    -311.7      6.67     -4.48    10.062      48108    0    0    0    0    0
2012 10  7  9 43    -0.79     3.99     2.84    -310.5      7.32     -3.40     9.130      42151    0    0    0    0    0
2012 10  7  9 44    -0.83     4.09     2.79    -309.1      7.14     -1.71     7.956      26611    0    0    0    0    0
2012 10  7  9 45    -1.32     4.19     1.90    -308.9      7.45     -1.14     7.925      24339    0    0    0    0    0
2012 10  7  9 46    -1.60     4.68     0.98    -309.1      8.34     -0.87     7.991      22466    0    0    0    0    0
2012 10  7  9 47    -1.63     4.76     0.65    -310.8      8.96     -4.84     7.936      20061    0    0    0    0    0
2012 10  7  9 48    -1.66     4.87     0.51    -311.4      9.46     -5.74     7.624      18923    0    0    0    0    0
2012 10  7  9 49    -1.56     4.81     0.69    -311.1      9.50     -4.96     7.375      18839    0    0    0    0    0
2012 10  7  9 50    -1.43     4.73     0.84    -310.8      9.36     -3.61     7.398      18839    0    0    0    0    0
2012 10  7  9 51    -1.28     4.58     1.05    -310.3      8.94     -3.03     7.484      18623    0    0    0    0    0
2012 10  7  9 52    -1.13     4.25     1.55    -310.0      7.99     -2.49     7.622      17727    0    0    0    0    0
2012 10  7  9 53    -1.23     4.38     2.48    -312.2      8.90      1.28     7.259      16761    0    0    0    0    0
2012 10  7  9 54    -1.34     4.50     2.98    -313.0     10.18      2.21     7.162      17383    0    0    0    0    0
2012 10  7  9 55    -0.91     4.85     3.45    -317.8      9.12     -6.23     7.727      18323    0    0    0    0    0
2012 10  7  9 56    -0.02     3.83     4.43    -318.4      8.55     -8.10     7.705      17994    0    0    0    0    0
2012 10  7  9 57     0.24     3.84     4.65    -317.8      8.23     -8.17     7.559      17748    0    0    0    0    0
2012 10  7  9 58     0.28     4.55     4.88    -316.6      8.29     -7.25     7.519      17387    0    0    0    0    0
2012 10  7  9 59     0.18     5.18     5.04    -315.3      8.46     -5.91     7.519      17087    0    0    0    0    0
2012 10  7 10  0    -0.08     5.39     5.05    -314.0      8.62     -4.43     7.518      16955    0    0    0    0    0
2012 10  7 10  1    -0.26     5.39     5.09    -312.3      9.99     -2.81     7.497      16955    0    0    0    0    0
2012 10  7 10  2    -0.39     5.49     5.07    -311.5     11.14     -1.46     7.396      17073    0    0    0    0    0
2012 10  7 10  3    -0.39     5.60     5.01    -311.4     11.63     -1.06     7.284      17273    0    0    0    0    0
2012 10  7 10  4    -0.27     5.70     4.87    -311.9     10.94     -3.41     7.316      17385    0    0    0    0    0
2012 10  7 10  5    -0.37     5.82     4.77    -312.5     10.59     -4.99     7.448      17421    0    0    0    0    0
2012 10  7 10  6    -1.03     5.70     4.70    -314.7     11.21     -4.17     7.464      18205    0    0    0    0    0
2012 10  7 10  7    -0.92     5.60     4.82    -314.7     11.57     -3.48     7.386      18274    0    0    0    0    0
2012 10  7 10  8    -0.28     5.10     5.49    -314.5     11.62     -3.13     7.396      18376    0    0    0    0    0
2012 10  7 10  9    -0.31     5.15     5.48    -315.0     11.73     -2.95     7.450      18655    0    0    0    0    0
2012 10  7 10 10    -0.56     5.42     5.23    -316.4     12.03     -3.34     7.490      19481    0    0    0    0    0
2012 10  7 10 11    -0.92     5.92     4.70    -317.7     12.78     -3.79     7.396      21112    0    0    0    0    0
2012 10  7 10 12    -1.03     6.08     4.54    -318.4     13.21     -3.96     7.274      21433    0    0    0    0    0
2012 10  7 10 13    -1.21     6.10     4.54    -318.9     13.25     -4.06     7.186      20901    0    0    0    0    0
2012 10  7 10 14    -1.28     6.10     4.52    -319.1     13.09     -4.65     7.247      20046    0    0    0    0    0
2012 10  7 10 15    -1.10     6.08     4.54    -318.7     13.21     -7.22     7.500      19677    0    0    0    0    0
2012 10  7 10 16    -0.96     6.02     4.53    -318.7     13.20     -7.62     7.509      19479    0    0    0    0    0
2012 10  7 10 17    -0.94     6.15     4.25    -320.3     13.73     -6.45     7.535      18479    0    0    0    0    0
2012 10  7 10 18    -0.76     6.28     3.93    -321.7     13.94     -8.37     7.589      17797    0    0    0    0    0
2012 10  7 10 19    -0.50     6.18     4.37    -322.2     13.48     -8.87     7.587      17914    0    0    0    0    0
2012 10  7 10 20    -0.39     6.11     4.64    -322.4     13.49     -7.47     7.538      18029    0    0    0    0    0
2012 10  7 10 21    -0.34     6.09     4.74    -321.7     13.37     -6.41     7.532      18248    0    0    0    0    0
2012 10  7 10 22    -0.29     6.08     4.77    -321.5     13.06     -5.92     7.582      18397    0    0    0    0    0
2012 10  7 10 23    -0.28     6.08     4.76    -321.2     12.58     -5.92     7.617      17720    0    0    0    0    0
2012 10  7 10 24    -0.28     6.07     4.78    -320.7     12.17     -6.77     7.636      16586    0    0    0    0    0
2012 10  7 10 25    -0.31     6.06     4.81    -320.7     12.20     -7.84     7.784      15920    0    0    0    0    0
2012 10  7 10 26    -0.54     6.08     4.71    -320.9     12.74     -7.79     8.042      16202    0    0    0    0    0
2012 10  7 10 27    -0.78     6.23     4.39    -321.7     13.44    -10.05     8.177      16929    0    0    0    0    0
2012 10  7 10 28    -0.99     6.46     4.00    -323.5     13.34    -12.07     8.209      18711    0    0    0    0    0
2012 10  7 10 29    -1.74     6.58     3.46    -325.0     12.14    -14.63     8.051      19935    0    0    0    0    0
2012 10  7 10 30    -2.56     6.72     2.82    -330.3     11.60    -19.20     7.770      19969    0    0    0    0    0
2012 10  7 10 31    -2.42     6.68     3.12    -330.2     12.15    -20.90     7.924      20087    0    0    0    0    0
2012 10  7 10 32    -2.18     6.66     3.46    -329.8     12.76    -20.56     7.964      20006    0    0    0    0    0
2012 10  7 10 33    -2.01     6.67     3.53    -328.6     13.05    -22.09     7.341      19519    0    0    0    0    0
2012 10  7 10 34    -1.82     6.72     3.65    -327.6     13.34    -21.43     6.510      16350    0    0    0    0    0
2012 10  7 10 35    -1.58     6.72     3.90    -327.0     13.06    -20.39     6.337      14961    0    0    0    0    0
2012 10  7 10 36    -1.47     6.72     4.05    -326.8     12.48    -21.25     6.649      14871    0    0    0    0    0
2012 10  7 10 37    -1.60     6.83     3.82    -327.7     12.12    -22.45     6.950      15628    0    0    0    0    0
2012 10  7 10 38    -1.86     6.95     3.44    -328.6     11.93    -23.45     7.225      15927    0    0    0    0    0
2012 10  7 10 39    -1.95     6.94     3.35    -328.6     11.39    -22.75     7.409      15033    0    0    0    0    0
2012 10  7 10 40    -1.96     6.95     3.24    -328.4     11.00    -22.38     7.347      14813    0    0    0    0    0
2012 10  7 10 41    -2.00     6.98     3.24    -328.4     11.65    -23.14     7.257      14795    0    0    0    0    0
2012 10  7 10 42    -2.02     7.03     3.10    -328.4     12.77    -25.41     7.261      14861    0    0    0    0    0
2012 10  7 10 43    -2.13     7.12     2.68    -328.3     13.08    -26.96     7.283      14878    0    0    0    0    0
2012 10  7 10 44    -2.14     7.29     2.14    -329.4     13.76    -29.73     7.340      15145    0    0    0    0    0
2012 10  7 10 45    -2.16     7.34     1.83    -329.6     13.75    -32.13     7.447      15787    0    0    0    0    0
2012 10  7 10 46    -2.22     7.31     1.78    -330.0     13.43    -34.14     7.703      16004    0    0    0    0    0
2012 10  7 10 47    -2.11     7.17     2.17    -330.9     13.00    -32.79     8.052      16170    0    0    0    0    0
2012 10  7 10 48    -1.83     6.97     3.06    -330.5     12.73    -30.07     8.167      16551    0    0    0    0    0
2012 10  7 10 49    -1.51     6.87     4.10    -329.3     12.70    -24.14     8.156      17058    0    0    0    0    0
2012 10  7 10 50    -1.43     6.87     4.15    -328.7     12.45    -24.02     8.099      17058    0    0    0    0    0
2012 10  7 10 51    -1.62     6.95     3.91    -329.4     12.24    -25.00     7.867      16576    0    0    0    0    0
2012 10  7 10 52    -1.98     7.19     3.43    -330.9     12.22    -28.12     7.577      15330    0    0    0    0    0
2012 10  7 10 53    -2.02     7.30     3.18    -332.1     12.57    -30.97     7.464      14977    0    0    0    0    0
2012 10  7 10 54    -1.99     7.35     3.07    -333.1     12.67    -32.23     7.502      14893    0    0    0    0    0
2012 10  7 10 55    -1.97     7.34     3.04    -332.9     12.62    -32.09     7.617      14888    0    0    0    0    0
2012 10  7 10 56    -2.02     7.36     2.90    -332.5     12.58    -31.76     7.693      15392    0    0    0    0    0
2012 10  7 10 57    -2.07     7.37     2.77    -332.1     12.62    -31.61     7.701      16541    0    0    0    0    0
2012 10  7 10 58    -2.13     7.39     2.68    -331.9     12.84    -31.36     7.508      17214    0    0    0    0    0
2012 10  7 10 59    -2.18     7.43     2.61    -331.5     13.40    -30.96     7.168      16413    0    0    0    0    0
2012 10  7 11  0    -2.17     7.49     2.52    -331.3     14.04    -30.93     6.924      15250    0    0    0    0    0
2012 10  7 11  1    -2.12     7.55     2.37    -331.3     14.27    -31.40     6.891      14996    0    0    0    0    0
2012 10  7 11  2    -2.12     7.58     2.26    -331.2     14.15    -31.71     6.988      15097    0    0    0    0    0
2012 10  7 11  3    -2.10     7.56     2.30    -331.2     13.79    -30.90     7.095      15259    0    0    0    0    0
2012 10  7 11  4    -2.17     7.36     2.71    -331.7     13.60    -27.86     7.135      15226    0    0    0    0    0
2012 10  7 11  5    -2.81     6.84     2.93    -335.4     12.99    -23.58     7.370      15190    0    0    0    0    0
2012 10  7 11  6    -2.83     6.85     2.93    -335.5     12.19    -23.76     7.735      15158    0    0    0    0    0
2012 10  7 11  7    -2.68     6.90     3.03    -334.5     11.36    -25.46     8.036      15009    0    0    0    0    0
2012 10  7 11  8    -2.65     6.94     3.03    -333.3     10.81    -26.49     8.251      14948    0    0    0    0    0
2012 10  7 11  9    -2.70     6.95     3.07    -332.8     10.50    -27.37     8.366      14794    0    0    0    0    0
2012 10  7 11 10    -2.79     6.93     3.08    -332.6     10.50    -28.13     8.161      14727    0    0    0    0    0
2012 10  7 11 11    -2.74     7.15     2.91    -341.5     14.43    -37.52     6.317      34396    0    0    0    0    0
2012 10  7 11 12    -2.72     7.22     2.84    -341.1     14.50    -38.05     6.300      33375    0    0    0    0    0
2012 10  7 11 13    -2.74     7.22     2.68    -338.9     13.95    -37.71     6.598      29549    0    0    0    0    0
2012 10  7 11 14    -2.76     7.22     2.63    -336.8     13.08    -35.88     7.022      23949    0    0    0    0    0
2012 10  7 11 15    -2.78     7.22     2.64    -334.6     12.07    -33.30     7.508      17463    0    0    0    0    0
2012 10  7 11 16    -2.93     7.13     2.74    -333.1     11.47    -30.50     7.747      14687    0    0    0    0    0
2012 10  7 11 17    -3.02     7.09     2.76    -332.9     11.44    -28.42     7.850      13623    0    0    0    0    0
2012 10  7 11 18    -3.19     7.06     2.64    -333.6     12.18    -28.06     7.972      13792    0    0    0    0    0
2012 10  7 11 19    -3.23     7.06     2.56    -333.6     12.45    -28.94     8.078      13943    0    0    0    0    0
2012 10  7 11 20    -3.17     7.12     2.56    -333.7     12.34    -29.62     7.975      13968    0    0    0    0    0
2012 10  7 11 21    -2.99     7.18     2.56    -333.1     11.96    -30.25     7.870      13891    0    0    0    0    0
2012 10  7 11 22    -2.89     7.21     2.59    -333.0     11.51    -30.50     7.839      13671    0    0    0    0    0
2012 10  7 11 23    -3.09     7.15     2.48    -333.8     11.16    -30.13     7.838      13478    0    0    0    0    0
2012 10  7 11 24    -3.11     7.12     2.44    -334.6     11.04    -28.79     7.836      13460    0    0    0    0    0
2012 10  7 11 25    -3.04     7.14     2.52    -334.4     11.10    -27.33     7.853      13625    0    0    0    0    0
2012 10  7 11 26    -2.90     7.21     2.50    -333.6     11.06    -27.30     7.863      13630    0    0    0    0    0
2012 10  7 11 27    -2.88     7.25     2.46    -333.2     11.11    -27.81     7.853      13509    0    0    0    0    0
2012 10  7 11 28    -2.86     7.28     2.42    -332.9     11.14    -27.88     7.839      13471    0    0    0    0    0
2012 10  7 11 29    -2.83     7.30     2.40    -332.7     11.16    -27.76     7.854      13515    0    0    0    0    0
2012 10  7 11 30    -2.78     7.31     2.38    -332.7     11.22    -27.74     7.911      13747    0    0    0    0    0
2012 10  7 11 31    -2.97     7.17     2.28    -333.3     10.71    -28.17     8.360      14527    0    0    0    0    0
2012 10  7 11 32    -3.18     7.02     2.17    -334.1     10.13    -28.26     8.874      15000    0    0    0    0    0
2012 10  7 11 33    -3.25     6.97     2.11    -333.4     10.15    -28.49     8.927      15022    0    0    0    0    0
2012 10  7 11 34    -3.28     6.96     2.01    -332.0     10.28    -29.32     8.877      14803    0    0    0    0    0
2012 10  7 11 35    -3.31     6.95     1.88    -330.9     10.45    -29.94     8.802      14584    0    0    0    0    0
2012 10  7 11 36    -3.37     6.90     1.75    -332.2     10.69    -29.61     8.876      14522    0    0    0    0    0
2012 10  7 11 37    -3.44     6.84     1.73    -333.8     10.68    -27.70     9.160      15123    0    0    0    0    0
2012 10  7 11 38    -3.41     6.86     1.70    -333.6     10.82    -28.67     9.124      15288    0    1    1    1    1
2012 10  7 11 39    -3.39     6.87     1.69    -332.8     10.92    -28.72     9.001      15356    0    1    1    2    2
2012 10  7 11 40    -3.39     6.85     1.92    -332.4     10.98    -28.38     8.854      15381    0    1    1    2    2
2012 10  7 11 41    -3.40     6.83     2.23    -332.5     10.95    -27.30     8.636      15356    0    1    1    1    1
2012 10  7 11 42    -3.37     6.84     2.30    -332.5     10.77    -26.21     8.374      14990    0    0    0    0    0
2012 10  7 11 43    -3.34     6.85     2.26    -332.4     10.58    -25.95     8.131      14304    0    0    0    0    0
2012 10  7 11 44    -3.36     6.84     2.30    -332.3     10.54    -26.33     7.974      13485    0    0    0    0    0
2012 10  7 11 45    -3.41     6.82     2.31    -332.2     10.61    -27.10     7.939      13118    0    0    0    0    0
2012 10  7 11 46    -3.44     6.82     2.27    -332.1     10.65    -27.52     8.004      13510    0    0    0    0    0
2012 10  7 11 47    -3.42     6.84     2.24    -332.1     10.75    -27.62     8.230      14119    0    0    0    0    0
2012 10  7 11 48    -3.28     6.88     2.16    -332.1     11.15    -27.17     8.619      14419    0    0    0    0    0
2012 10  7 11 49    -3.10     6.94     2.00    -332.0     11.59    -27.96     8.918      14480    0    0    0    0    0
2012 10  7 11 50    -3.01     7.03     1.89    -331.6     11.69    -28.14     8.871      14249    0    0    0    0    0
2012 10  7 11 51    -3.05     7.13     1.78    -331.0     11.47    -27.00     8.553      13800    0    0    0    0    0
2012 10  7 11 52    -3.18     7.24     1.64    -330.9     11.17    -26.83     8.240      13488    0    0    0    0    0
2012 10  7 11 53    -3.29     7.30     1.66    -331.0     10.71    -27.38     8.182      13708    0    0    0    0    0
2012 10  7 11 54    -3.35     7.28     1.65    -331.1     10.15    -28.73     8.235      14215    0    0    0    0    0
2012 10  7 11 55    -3.38     7.23     1.64    -331.4     10.14    -29.01     8.254      14391    0    0    0    0    0
2012 10  7 11 56    -3.37     7.08     1.95    -331.3     10.02    -28.05     8.226      14445    0    0    0    0    0
2012 10  7 11 57    -3.29     6.92     2.40    -331.0     10.22    -26.49     8.252      14577    0    0    0    0    0
2012 10  7 11 58    -3.13     6.96     2.25    -330.6     10.39    -26.86     8.405      14751    0    0    0    0    0
2012 10  7 11 59    -3.05     7.03     2.07    -330.3     10.29    -28.12     8.642      14882    0    0    0    0    0
2012 10  7 12  0    -3.05     7.04     2.00    -330.0      9.51    -28.71     8.765      14850    0    0    0    0    0
2012 10  7 12  1    -3.03     7.07     1.80    -329.7      8.85    -28.74     8.774      14676    0    0    0    0    0
2012 10  7 12  2    -2.96     7.24     1.54    -329.2      9.03    -29.41     8.773      14683    0    0    0    0    0
2012 10  7 12  3    -2.77     7.31     1.12    -329.0      8.82    -29.08     8.762      15125    0    0    0    0    0
2012 10  7 12  4    -2.81     7.29     1.10    -329.0      8.70    -29.91     8.750      15139    0    0    0    0    0
2012 10  7 12  5    -2.97     7.27     1.29    -329.0      8.37    -29.83     8.749      14479    0    0    0    0    0
2012 10  7 12  6    -3.23     7.17     1.39    -329.7      8.50    -29.82     8.749      14477    0    0    0    0    0
2012 10  7 12  7    -3.38     7.14     1.43    -331.7      8.49    -29.03     8.811      14709    0    0    0    0    0
2012 10  7 12  8    -3.30     7.14     1.43    -331.1      8.55    -28.83     8.930      14481    0    0    0    0    0
2012 10  7 12  9    -3.15     7.13     1.52    -329.7      8.66    -29.37     9.045      14077    0    0    0    0    0
2012 10  7 12 10    -3.21     7.08     1.67    -329.1      9.28    -28.66     9.265      14077    0    0    0    0    0
2012 10  7 12 11    -3.38     6.90     1.74    -328.7      9.75    -30.06     9.533      14249    0    0    0    0    0
2012 10  7 12 12    -3.57     6.80     1.78    -329.1      9.78    -29.24     9.620      14455    0    0    0    0    0
2012 10  7 12 13    -3.60     6.72     1.77    -328.6      9.90    -29.45     9.636      14458    0    0    0    0    0
2012 10  7 12 14    -3.64     6.69     1.75    -328.3      9.98    -29.43     9.655      14399    0    0    0    0    0
2012 10  7 12 15    -3.64     6.70     1.71    -328.3      9.90    -29.41     9.719      14387    0    0    0    0    0
2012 10  7 12 16    -3.62     6.78     1.64    -328.9      9.84    -29.38     9.811      14448    0    0    0    0    0
2012 10  7 12 17    -3.45     6.86     1.61    -330.1     10.24    -29.81     9.585      18945    0    1    1    1    1
2012 10  7 12 18    -3.32     6.94     1.58    -331.7     11.28    -32.52     9.086      29688    0    1    1    2    2
2012 10  7 12 19    -3.43     6.92     1.56    -334.3     12.45    -35.04     8.481      34608    0    1    1    2    2
2012 10  7 12 20    -3.48     6.89     1.47    -332.4     11.46    -33.42     8.924      30366    0    1    1    1    1
2012 10  7 12 21    -3.53     6.86     1.39    -330.5     10.51    -31.77     9.387      24308    0    0    0    0    0
2012 10  7 12 22    -3.59     6.81     1.30    -328.8      9.74    -30.31     9.819      15366    0    0    0    0    0
2012 10  7 12 23    -3.68     6.81     1.28    -328.7      9.63    -28.61     9.873      14472    0    0    0    0    0
2012 10  7 12 24    -3.76     6.82     0.98    -328.5      9.67    -27.85     9.841      14472    0    0    0    0    0
2012 10  7 12 25    -3.77     6.86     0.90    -328.4     10.06    -27.87     9.765      14472    0    0    0    0    0
2012 10  7 12 26    -3.71     6.87     1.17    -329.1      9.97    -28.56     9.700      14363    0    0    0    0    0
2012 10  7 12 27    -3.69     6.88     1.11    -330.0     10.06    -29.50     9.671      14314    0    1    1    1    1
2012 10  7 12 28    -3.73     6.96     1.02    -330.5     10.03    -29.67     9.531      14325    0    1    1    2    2
2012 10  7 12 29    -3.74     6.99     1.08    -330.1     10.07    -30.72     9.325      14358    0    1    1    2    2
2012 10  7 12 30    -3.70     7.02     1.25    -329.0     10.10    -32.33     9.150      14358    0    1    1    2    2
2012 10  7 12 31    -3.69     6.99     1.56    -328.8      9.95    -32.23     8.862      14400    0    1    1    1    1
2012 10  7 12 32    -3.58     6.99     1.79    -328.8      9.72    -28.46     8.619      14545    0    0    0    0    0
2012 10  7 12 33    -3.44     7.04     2.00    -329.0      9.40    -27.68     8.642      15202    0    0    0    0    0
2012 10  7 12 34    -3.52     7.05     2.08    -329.2      9.50    -27.48     8.760      15889    0    0    0    0    0
2012 10  7 12 35    -3.58     7.07     1.87    -329.5      9.63    -27.61     8.787      15885    0    0    0    0    0
2012 10  7 12 36    -3.87     7.02     1.38    -329.6      9.91    -28.46     8.743      15827    0    0    0    0    0
2012 10  7 12 37    -4.14     7.00     0.95    -329.8      9.95    -28.64     8.606      15823    0    0    0    0    0
2012 10  7 12 38    -4.16     7.01     0.98    -329.8      9.87    -29.01     8.418      15732    0    0    0    0    0
2012 10  7 12 39    -4.16     7.01     1.06    -329.5      9.75    -27.64     8.327      15242    0    0    0    0    0
2012 10  7 12 40    -4.17     7.00     1.10    -329.1      9.76    -27.48     8.330      15134    0    0    0    0    0
2012 10  7 12 41    -4.19     6.95     1.08    -329.3      9.89    -26.26     8.425      15133    0    0    0    0    0
2012 10  7 12 42    -4.38     6.83     0.79    -330.2      9.98    -26.02     8.510      15174    0    0    0    0    0
2012 10  7 12 43    -4.36     6.84     0.79    -330.0     10.19    -25.65     8.445      15250    0    0    0    0    0
2012 10  7 12 44    -4.27     6.89     0.81    -329.0      9.99    -23.65     8.377      15250    0    0    0    0    0
2012 10  7 12 45    -4.22     6.93     0.99    -328.5      9.94    -24.45     8.374      15489    0    0    0    0    0
2012 10  7 12 46    -4.19     6.94     1.11    -328.3      9.94    -24.52     8.373      15526    0    0    0    0    0
2012 10  7 12 47    -4.24     6.92     1.17    -328.4      9.95    -24.67     8.346      15515    0    0    0    0    0
2012 10  7 12 48    -4.27     6.90     1.19    -328.6     10.02    -25.09     8.304      15466    0    0    0    0    0
2012 10  7 12 49    -4.39     6.87     1.08    -328.7     10.14    -24.99     8.347      15461    0    0    0    0    0
2012 10  7 12 50    -4.40     6.87     1.00    -329.2     10.53    -25.27     8.441      15644    0    0    0    0    0
2012 10  7 12 51    -4.30     6.89     0.98    -328.1     10.48    -24.77     8.472      15730    0    0    0    0    0
2012 10  7 12 52    -4.20     6.98     0.88    -327.5     10.55    -25.40     8.553      16038    0    0    0    0    0
2012 10  7 12 53    -4.15     7.03     0.81    -327.4     10.52    -25.29     8.658      16172    0    0    0    0    0
2012 10  7 12 54    -4.17     7.02     0.71    -327.4     10.57    -25.00     8.635      15908    0    0    0    0    0
2012 10  7 12 55    -4.22     7.00     0.58    -327.4     10.65    -24.50     8.525      15580    0    0    0    0    0
2012 10  7 12 56    -4.18     7.01     0.36    -327.4     10.70    -23.97     8.476      15482    0    0    0    0    0
2012 10  7 12 57    -4.13     7.02     0.18    -327.8     10.85    -23.59     8.456      15505    0    0    0    0    0
2012 10  7 12 58    -4.22     6.93     0.03    -328.2     11.53    -25.42     8.103      16801    0    0    0    0    0
2012 10  7 12 59    -4.12     6.77     0.53    -330.2     13.96    -26.91     7.102      19550    0    0    0    0    0
2012 10  7 13  0    -3.43     6.54     1.89    -330.4     14.52    -26.01     6.845      18423    0    0    0    0    0
2012 10  7 13  1    -3.13     6.47     2.60    -330.3     14.22    -23.36     6.901      14608    0    0    0    0    0
2012 10  7 13  2    -3.31     6.56     2.39    -329.3     13.32    -22.24     6.937      14667    0    0    0    0    0
2012 10  7 13  3    -3.53     6.67     2.12    -328.6     12.56    -21.97     6.903      16425    0    0    0    0    0
2012 10  7 13  4    -3.63     6.78     1.76    -328.5     12.32    -23.83     6.624      16925    0    0    0    0    0
2012 10  7 13  5    -3.64     6.99     1.42    -328.4     12.35    -23.85     6.283      17184    0    0    0    0    0
2012 10  7 13  6    -3.60     7.22     1.15    -328.7     12.25    -23.46     6.130      17263    0    0    0    0    0
2012 10  7 13  7    -3.44     7.31     1.00    -328.9     11.79    -22.13     6.083      17294    0    0    0    0    0
2012 10  7 13  8    -3.37     7.41     1.07    -327.6     11.51    -22.01     6.140      17295    0    0    0    0    0
2012 10  7 13  9    -3.43     7.44     1.08    -327.1     11.42    -21.91     6.258      17608    0    0    0    0    0
2012 10  7 13 10    -3.70     7.39     0.98    -328.2     11.74    -22.40     6.400      17823    0    0    0    0    0
2012 10  7 13 11    -3.79     7.36     0.86    -328.8     12.05    -22.03     6.473      17660    0    1    1    1    1
2012 10  7 13 12    -3.78     7.37     0.97    -329.0     12.33    -21.85     6.553      17384    0    1    1    2    2
2012 10  7 13 13    -3.78     7.36     0.98    -329.8     12.72    -21.69     6.642      17076    1    1    1    2    2
2012 10  7 13 14    -3.73     7.31     1.17    -329.9     13.06    -21.60     6.720      16803    1    1    1    2    2
2012 10  7 13 15    -3.72     7.24     1.48    -329.3     13.24    -21.98     6.790      16561    1    1    1    2    2
2012 10  7 13 16    -3.66     7.20     1.72    -329.5     13.60    -21.32     6.869      16285    0    1    1    2    2
2012 10  7 13 17    -3.62     7.22     1.70    -330.1     14.02    -22.12     6.944      15990    0    1    1    1    1
2012 10  7 13 18    -3.66     7.15     1.73    -330.8     14.31    -21.03     6.923      15748    0    0    0    0    0
2012 10  7 13 19    -3.69     6.99     1.85    -329.9     14.35    -20.60     6.843      15591    0    0    0    0    0
2012 10  7 13 20    -3.58     6.83     2.29    -330.3     14.63    -20.13     6.644      15441    0    0    0    0    0
2012 10  7 13 21    -3.29     6.66     3.27    -329.8     14.78    -20.40     6.548      15489    0    0    0    0    0
2012 10  7 13 22    -2.77     6.31     5.27    -331.7     15.86    -18.99     6.528      15834    0    0    0    0    0
2012 10  7 13 23    -2.67     6.31     5.32    -332.1     16.35    -19.24     6.473      15834    0    0    0    0    0
2012 10  7 13 24    -2.53     6.31     5.35    -332.1     16.56    -20.05     6.438      16504    0    0    0    0    0
2012 10  7 13 25    -2.57     6.21     5.44    -332.5     17.02    -22.95     6.556      17049    0    0    0    0    0
2012 10  7 13 26    -3.06     6.46     4.36    -332.9     17.56    -25.27     6.715      16187    0    0    0    0    0
2012 10  7 13 27    -3.28     6.62     3.69    -332.6     17.70    -23.48     6.704      15543    0    0    0    0    0
2012 10  7 13 28    -3.28     6.59     3.61    -331.7     17.06    -20.10     6.513      15062    0    0    0    0    0
2012 10  7 13 29    -3.12     6.38     3.92    -330.6     15.74    -17.34     6.225      13822    0    0    0    0    0
2012 10  7 13 30    -2.71     5.88     4.70    -330.0     14.04    -16.15     5.935      11531    0    0    0    0    0
2012 10  7 13 31    -2.41     5.44     5.14    -330.3     13.27    -14.40     5.827      10998    0    0    0    0    0
2012 10  7 13 32    -2.41     5.49     5.16    -330.7     13.67    -14.81     5.783      10417    0    0    0    0    0
2012 10  7 13 33    -2.40     5.64     5.21    -330.8     13.88    -15.18     5.625      10128    0    0    0    0    0
2012 10  7 13 34    -2.50     5.81     5.23    -331.6     13.96    -15.42     5.525       9501    0    0    0    0    0
2012 10  7 13 35    -2.59     5.87     5.18    -331.9     13.98    -15.57     5.536       9294    0    0    0    0    0
2012 10  7 13 36    -2.69     5.89     5.12    -332.1     13.81    -16.84     5.540       9039    0    0    0    0    0
2012 10  7 13 37    -2.88     5.85     4.99    -331.9     13.70    -18.29     5.561       8873    0    0    0    0    0
2012 10  7 13 38    -3.04     5.82     4.86    -331.4     13.80    -18.81     5.601       9311    0    0    0    0    0
2012 10  7 13 39    -3.01     5.84     4.85    -331.1     14.01    -19.07     5.630       9905    0    0    0    0    0
2012 10  7 13 40    -2.88     5.89     5.00    -331.4     13.98    -18.53     5.630       9553    0    0    0    0    0
2012 10  7 13 41    -2.74     5.84     5.18    -332.7     13.51    -18.47     5.565       8240    0    0    0    0    0
2012 10  7 13 42    -2.47     5.35     6.06    -332.2     13.17    -18.06     5.489       7814    0    0    0    0    0
2012 10  7 13 43    -1.92     4.32     7.31    -331.7     12.91    -18.94     5.446       7934    0    0    0    0    0
2012 10  7 13 44    -1.50     3.53     7.96    -332.1     12.67    -18.51     5.466       8490    0    0    0    0    0
2012 10  7 13 45    -1.48     3.41     7.93    -332.5     12.50    -16.97     5.586       9505    0    0    0    0    0
2012 10  7 13 46    -1.45     3.38     7.90    -332.8     12.60    -16.34     5.701       9912    0    0    0    0    0
2012 10  7 13 47    -1.48     3.43     7.89    -332.4     12.61    -16.53     5.717       9574    0    0    0    0    0
2012 10  7 13 48    -1.50     3.40     7.92    -332.6     12.70    -18.13     5.662       9347    0    0    0    0    0
2012 10  7 13 49    -1.58     3.26     7.96    -332.3     12.56    -18.93     5.573       9339    0    0    0    0    0
2012 10  7 13 50    -1.66     3.16     7.98    -332.3     12.58    -19.15     5.504       9524    0    0    0    0    0
2012 10  7 13 51    -1.64     3.33     7.86    -332.4     12.73    -18.19     5.486       9732    0    0    0    0    0
2012 10  7 13 52    -1.58     3.54     7.76    -332.5     12.76    -17.06     5.488       9802    0    0    0    0    0
2012 10  7 13 53    -1.58     3.68     7.71    -333.2     12.93    -16.97     5.518      10061    0    0    0    0    0
2012 10  7 13 54    -1.59     3.83     7.65    -333.6     13.33    -17.78     5.576      10676    0    0    0    0    0
2012 10  7 13 55    -1.66     3.91     7.58    -333.9     13.63    -18.70     5.620      10976    0    0    0    0    0
2012 10  7 13 56    -1.71     4.03     7.53    -333.9     13.74    -18.53     5.650      11247    0    0    0    0    0
2012 10  7 13 57    -1.71     4.07     7.52    -333.8     13.47    -17.26     5.664      11280    0    0    0    0    0
2012 10  7 13 58    -1.73     4.09     7.52    -332.7     12.89    -16.92     5.625      11060    0    0    0    0    0
2012 10  7 13 59    -1.78     4.12     7.51    -332.0     12.42    -17.44     5.576      10437    0    0    0    0    0
2012 10  7 14  0    -1.85     4.17     7.49    -331.9     12.42    -17.93     5.620       9932    0    0    0    0    0
2012 10  7 14  1    -1.92     4.24     7.41    -331.9     12.75    -17.87     5.744       9746    0    0    0    0    0
2012 10  7 14  2    -1.96     4.36     7.28    -331.8     13.03    -17.75     5.803       9374    0    0    0    0    0
2012 10  7 14  3    -1.92     4.56     7.14    -331.9     13.33    -18.80     5.854       9107    0    0    0    0    0
2012 10  7 14  4    -1.89     4.69     7.06    -331.7     13.62    -20.22     5.947       9075    0    0    0    0    0
2012 10  7 14  5    -1.90     4.75     7.00    -331.4     13.76    -20.66     6.000       9075    0    0    0    0    0
2012 10  7 14  6    -1.91     4.80     6.92    -331.6     13.96    -21.00     5.997       9033    0    0    0    0    0
2012 10  7 14  7    -1.92     4.82     6.88    -331.9     14.24    -20.09     5.958       8981    0    0    0    0    0
2012 10  7 14  8    -1.99     4.81     6.89    -332.6     14.17    -19.48     5.910       9180    0    0    0    0    0
2012 10  7 14  9    -2.05     4.76     6.92    -333.0     14.00    -19.97     5.877       9705    0    0    0    0    0
2012 10  7 14 10    -2.09     4.75     6.93    -333.0     13.97    -20.54     5.846       9997    0    0    0    0    0
2012 10  7 14 11    -2.11     4.86     6.86    -332.9     13.95    -20.75     5.829      10053    0    0    0    0    0
2012 10  7 14 12    -2.08     4.92     6.83    -332.4     13.87    -21.17     5.831      10078    0    0    0    0    0
2012 10  7 14 13    -2.06     4.92     6.83    -332.1     13.77    -20.28     5.856      10208    0    0    0    0    0
2012 10  7 14 14    -2.08     4.92     6.83    -332.0     13.70    -20.36     5.889      10305    0    0    0    0    0
2012 10  7 14 15    -2.11     4.93     6.83    -332.0     13.83    -20.25     5.862      10323    0    0    0    0    0
2012 10  7 14 16    -2.13     4.93     6.83    -332.3     13.86    -19.63     5.790      10498    0    0    0    0    0
2012 10  7 14 17    -2.20     4.83     6.87    -332.7     13.59    -19.82     5.757      10994    0    0    0    0    0
2012 10  7 14 18    -2.27     4.71     6.90    -332.3     13.40    -19.79     5.762      11284    0    0    0    0    0
2012 10  7 14 19    -2.33     4.67     6.92    -331.8     13.37    -20.51     5.806      11342    0    0    0    0    0
2012 10  7 14 20    -2.41     4.68     6.92    -331.4     13.45    -21.27     5.894      11331    0    0    0    0    0
2012 10  7 14 21    -2.49     4.67     6.90    -331.1     13.52    -21.29     6.000      11267    0    0    0    0    0
2012 10  7 14 22    -2.48     4.64     6.90    -330.8     13.63    -21.11     6.082      11137    0    0    0    0    0
2012 10  7 14 23    -2.46     4.64     6.89    -330.5     13.85    -20.45     6.116      11019    0    0    0    0    0
2012 10  7 14 24    -2.46     4.65     6.89    -330.8     13.85    -19.91     6.134      10923    0    0    0    0    0
2012 10  7 14 25    -2.48     4.73     6.85    -331.7     13.86    -19.98     6.168      10844    0    0    0    0    0
2012 10  7 14 26    -2.53     4.83     6.77    -331.6     13.97    -20.64     6.193      10812    0    0    0    0    0
2012 10  7 14 27    -2.55     4.91     6.69    -331.6     14.02    -21.36     6.231      10892    0    0    0    0    0
2012 10  7 14 28    -2.54     4.95     6.64    -331.6     14.01    -21.18     6.266      11271    0    0    0    0    0
2012 10  7 14 29    -2.50     4.89     6.69    -331.6     14.24    -20.77     6.280      12042    0    0    0    0    0
2012 10  7 14 30    -2.45     5.16     6.45    -331.5     14.94    -21.56     6.241      12731    0    0    0    0    0
2012 10  7 14 31    -2.40     5.74     5.94    -331.3     15.83    -22.87     6.095      12941    0    0    0    0    0
2012 10  7 14 32    -2.41     6.02     5.68    -331.1     16.62    -24.03     5.918      12730    0    0    0    0    0
2012 10  7 14 33    -2.48     5.94     5.68    -331.1     17.51    -26.33     5.850      12365    0    0    0    0    0
2012 10  7 14 34    -2.50     5.86     5.66    -331.1     18.31    -27.32     5.860      12396    0    0    0    0    0
2012 10  7 14 35    -2.47     5.92     5.59    -331.1     18.67    -27.73     5.896      12672    0    0    0    0    0
2012 10  7 14 36    -2.42     5.93     5.58    -331.1     18.91    -27.62     5.968      13456    0    0    0    0    0
2012 10  7 14 37    -2.35     5.88     5.60    -330.9     18.89    -26.56     6.024      14116    0    0    0    0    0
2012 10  7 14 38    -2.30     5.78     5.72    -330.5     18.34    -24.71     6.031      14129    0    0    0    0    0
2012 10  7 14 39    -2.25     5.45     6.21    -330.4     17.61    -23.08     5.997      14167    0    0    0    0    0
2012 10  7 14 40    -2.25     5.13     6.59    -330.5     16.67    -22.96     5.970      14167    0    0    0    0    0
2012 10  7 14 41    -2.29     5.09     6.60    -330.7     16.43    -24.06     5.937      14134    0    0    0    0    0
2012 10  7 14 42    -2.39     5.26     6.42    -330.5     16.62    -24.69     5.911      13990    0    0    0    0    0
2012 10  7 14 43    -2.43     5.64     6.02    -330.6     16.85    -25.44     5.904      13724    0    0    0    0    0
2012 10  7 14 44    -2.54     5.90     5.72    -331.3     17.24    -27.68     5.842      13513    0    0    0    0    0
2012 10  7 14 45    -2.68     6.21     5.38    -331.5     17.68    -29.52     5.695      13628    0    0    0    0    0
2012 10  7 14 46    -2.77     6.37     5.17    -331.6     18.02    -30.63     5.631      13776    0    0    0    0    0
2012 10  7 14 47    -2.84     6.34     5.16    -331.6     18.40    -31.87     5.614      13450    0    0    0    0    0
2012 10  7 14 48    -2.89     6.29     5.19    -332.0     18.36    -32.22     5.581      12922    0    0    0    0    0
2012 10  7 14 49    -2.88     6.15     5.37    -332.3     18.26    -32.29     5.616      12803    0    0    0    0    0
2012 10  7 14 50    -2.80     5.43     6.10    -333.5     16.90    -26.84     5.734      13316    0    0    0    0    0
2012 10  7 14 51    -2.86     5.19     6.26    -334.2     16.42    -24.29     5.787      13816    0    0    0    0    0
2012 10  7 14 52    -2.92     5.24     6.16    -333.4     17.17    -22.93     5.790      13845    0    0    0    0    0
2012 10  7 14 53    -2.93     5.37     6.05    -332.7     18.07    -24.32     5.765      13819    0    0    0    0    0
2012 10  7 14 54    -2.93     5.58     5.87    -332.3     18.60    -25.25     5.737      13410    0    0    0    0    0
2012 10  7 14 55    -2.92     5.91     5.56    -332.1     18.82    -27.12     5.736      13121    0    0    0    0    0
2012 10  7 14 56    -2.91     6.15     5.35    -332.6     19.40    -29.45     5.791      13395    0    0    0    0    0
2012 10  7 14 57    -2.93     6.24     5.24    -333.6     19.65    -30.36     5.984      14550    0    0    0    0    0
2012 10  7 14 58    -3.00     6.20     5.20    -334.3     19.53    -28.99     6.119      14768    0    0    0    0    0
2012 10  7 14 59    -3.00     6.14     5.25    -333.9     18.46    -28.28     6.061      14709    0    0    0    0    0
2012 10  7 15  0    -2.95     6.01     5.45    -333.6     18.20    -27.59     5.926      14409    0    0    0    0    0
2012 10  7 15  1    -2.89     5.86     5.63    -332.8     18.41    -27.54     5.853      14347    0    0    0    0    0
2012 10  7 15  2    -2.88     5.75     5.77    -332.3     18.53    -27.36     5.815      14747    0    0    0    0    0
2012 10  7 15  3    -2.83     5.66     5.83    -332.3     18.69    -27.71     5.791      15028    0    0    0    0    0
2012 10  7 15  4    -2.84     5.66     5.83    -332.8     18.92    -28.29     5.698      14861    0    0    0    0    0
2012 10  7 15  5    -2.85     5.84     5.62    -333.7     18.67    -27.81     5.599      14574    0    0    0    0    0
2012 10  7 15  6    -2.90     5.68     5.76    -333.9     18.28    -28.30     5.634      14535    0    0    0    0    0
2012 10  7 15  7    -2.86     5.53     5.87    -332.9     18.62    -30.02     5.660      14588    0    0    0    0    0
2012 10  7 15  8    -2.88     5.47     5.92    -332.4     18.62    -30.99     5.607      14612    0    0    0    0    0
2012 10  7 15  9    -2.93     5.46     5.98    -332.8     18.45    -30.99     5.526      14517    0    0    0    0    0
2012 10  7 15 10    -3.01     5.55     5.86    -332.9     17.58    -29.53     5.776      14472    0    0    0    0    0
2012 10  7 15 11    -3.05     5.56     5.76    -332.6     16.63    -28.91     6.140      14877    0    0    0    0    0
2012 10  7 15 12    -3.01     5.34     5.83    -333.0     16.16    -24.81     6.334      15110    0    0    0    0    0
2012 10  7 15 13    -2.97     5.05     6.08    -333.6     16.59    -23.99     6.357      14868    0    0    0    0    0
2012 10  7 15 14    -2.95     4.98     6.18    -335.0     16.64    -24.43     6.363      14552    0    0    0    0    0
2012 10  7 15 15    -2.90     5.02     6.21    -334.4     16.62    -25.26     6.429      14552    0    0    0    0    0
2012 10  7 15 16    -2.85     5.10     6.21    -333.5     16.90    -25.16     6.471      14968    0    0    0    0    0
2012 10  7 15 17    -2.83     5.18     6.17    -332.9     17.16    -25.18     6.480      15128    0    0    0    0    0
2012 10  7 15 18    -2.88     5.28     6.02    -332.7     17.37    -25.16     6.488      15241    0    0    0    0    0
2012 10  7 15 19    -3.01     5.27     5.92    -333.5     17.32    -25.60     6.498      15284    0    0    0    0    0
2012 10  7 15 20    -3.17     5.26     5.79    -334.6     17.63    -27.55     6.446      14830    0    0    0    0    0
2012 10  7 15 21    -3.18     5.21     5.79    -335.0     17.71    -28.18     6.388      14161    0    0    0    0    0
2012 10  7 15 22    -3.18     5.15     5.76    -334.9     17.58    -28.00     6.348      14182    0    0    0    0    0
2012 10  7 15 23    -3.20     5.22     5.66    -334.8     17.49    -27.56     6.303      14480    0    0    0    0    0
2012 10  7 15 24    -3.31     5.49     5.37    -334.4     17.37    -27.32     6.244      14480    0    0    0    0    0
2012 10  7 15 25    -3.45     5.57     5.23    -334.4     17.67    -24.44     6.218      13892    0    0    0    0    0
2012 10  7 15 26    -3.51     5.67     5.08    -334.4     17.51    -24.46     6.284      13871    0    0    0    0    0
2012 10  7 15 27    -3.51     5.83     4.89    -334.6     17.36    -27.21     6.440      13911    0    0    0    0    0
2012 10  7 15 28    -3.51     5.95     4.69    -334.5     17.36    -28.65     6.514      14325    0    0    0    0    0
2012 10  7 15 29    -3.48     6.00     4.63    -333.7     17.23    -29.09     6.520      14332    0    0    0    0    0
2012 10  7 15 30    -3.45     6.03     4.55    -333.0     17.13    -29.06     6.521      14293    0    0    0    0    0
2012 10  7 15 31    -3.47     6.00     4.59    -332.5     16.83    -28.70     6.536      14277    0    0    0    0    0
2012 10  7 15 32    -3.49     5.89     4.78    -332.5     16.77    -28.72     6.590      14277    0    0    0    0    0
2012 10  7 15 33    -3.47     5.80     4.90    -332.7     17.24    -30.82     6.641      14532    0    0    0    0    0
2012 10  7 15 34    -3.44     5.81     4.90    -333.5     17.48    -31.73     6.647      14861    0    0    0    0    0
2012 10  7 15 35    -3.45     5.74     4.91    -334.4     17.30    -29.63     6.642      16573    0    0    0    0    0
2012 10  7 15 36    -3.44     5.77     4.89    -335.2     17.47    -28.11     6.755      16565    0    0    0    0    0
2012 10  7 15 37    -3.36     5.90     4.81    -335.3     17.38    -28.35     6.846      15924    0    0    0    0    0
2012 10  7 15 38    -3.31     6.01     4.65    -335.2     17.14    -28.97     6.922      15928    0    0    0    0    0
2012 10  7 15 39    -3.35     6.03     4.61    -335.4     16.96    -30.86     6.964      16004    0    0    0    0    0
2012 10  7 15 40    -3.38     5.93     4.63    -335.8     17.34    -31.61     7.032      16307    0    0    0    0    0
2012 10  7 15 41    -3.47     5.86     4.65    -335.8     18.18    -32.90     7.086      16354    0    0    0    0    0
2012 10  7 15 42    -3.61     5.73     4.66    -335.9     18.15    -32.01     7.130      16381    0    0    0    0    0
2012 10  7 15 43    -3.67     5.74     4.68    -336.4     18.37    -34.47     7.229      16464    0    0    0    0    0
2012 10  7 15 44    -3.72     5.90     4.44    -337.0     18.19    -36.34     7.482      16324    0    0    0    0    0
2012 10  7 15 45    -3.78     6.00     4.11    -336.9     17.84    -38.15     7.679      16144    0    0    0    0    0
2012 10  7 15 46    -3.79     6.04     3.97    -335.9     17.37    -38.36     7.688      16217    0    0    0    0    0
2012 10  7 15 47    -3.80     6.06     3.93    -334.4     17.32    -38.54     7.556      16436    0    0    0    0    0
2012 10  7 15 48    -3.66     6.07     4.01    -333.3     17.04    -36.88     7.329      16546    0    0    0    0    0
2012 10  7 15 49    -3.54     6.05     4.15    -332.9     17.19    -36.11     7.173      16790    0    0    0    0    0
2012 10  7 15 50    -3.50     6.03     4.13    -332.6     17.62    -36.83     7.257      17173    0    0    0    0    0
2012 10  7 15 51    -3.49     6.02     4.11    -332.2     17.71    -37.14     7.468      17715    0    0    0    0    0
2012 10  7 15 52    -3.52     6.05     4.10    -331.8     17.40    -36.53     7.613      18013    0    0    0    0    0
2012 10  7 15 53    -3.58     6.11     4.04    -331.6     17.09    -35.64     7.609      17775    0    0    0    0    0
2012 10  7 15 54    -3.65     6.16     3.96    -331.5     16.93    -34.61     7.528      17496    0    0    0    0    0
2012 10  7 15 55    -3.73     6.23     3.82    -331.9     16.73    -33.83     7.495      17760    0    0    0    0    0
2012 10  7 15 56    -3.82     6.27     3.58    -332.2     16.52    -32.85     7.523      18013    0    0    0    0    0
2012 10  7 15 57    -3.89     6.33     3.33    -331.9     16.43    -32.12     7.548      17777    0    0    0    0    0
2012 10  7 15 58    -3.86     6.39     3.14    -331.6     16.60    -33.47     7.581      17548    0    0    0    0    0
2012 10  7 15 59    -3.74     6.45     3.03    -332.0     16.91    -35.16     7.644      17788    0    0    0    0    0
2012 10  7 16  0    -3.70     6.41     3.06    -332.5     16.90    -35.17     7.704      18732    0    0    0    0    0
2012 10  7 16  1    -3.77     6.36     3.06    -332.7     16.60    -35.22     7.574      19163    0    0    0    0    0
2012 10  7 16  2    -3.82     6.33     2.95    -332.8     16.18    -35.17     7.290      18582    0    0    0    0    0
2012 10  7 16  3    -3.71     6.39     2.92    -333.7     16.07    -35.09     7.126      16953    0    0    0    0    0
2012 10  7 16  4    -3.53     6.38     2.95    -334.1     15.96    -34.95     7.162      16693    0    0    0    0    0
2012 10  7 16  5    -3.63     6.31     2.94    -334.0     15.90    -34.87     7.198      16818    0    0    0    0    0
2012 10  7 16  6    -3.61     6.37     2.92    -333.5     15.88    -34.78     7.171      16967    0    0    0    0    0
2012 10  7 16  7    -3.57     6.35     2.92    -333.3     16.09    -35.48     7.108      17352    0    0    0    0    0
2012 10  7 16  8    -3.48     6.42     2.89    -333.8     16.29    -35.67     7.044      17740    0    0    0    0    0
2012 10  7 16  9    -3.40     6.42     2.91    -334.2     16.35    -35.40     7.000      17789    0    0    0    0    0
2012 10  7 16 10    -3.40     6.45     2.90    -333.9     15.74    -34.43     6.983      17290    0    0    0    0    0
2012 10  7 16 11    -3.43     6.44     2.88    -333.9     14.96    -33.49     6.981      17202    0    0    0    0    0
2012 10  7 16 12    -3.46     6.50     2.79    -333.2     14.67    -31.77     6.987      17200    0    0    0    0    0
2012 10  7 16 13    -3.48     6.61     2.71    -334.3     14.50    -30.68     7.022      17299    0    0    0    0    0
2012 10  7 16 14    -3.48     6.71     2.34    -333.5     14.76    -30.70     7.043      17303    0    0    0    0    0
2012 10  7 16 15    -3.36     6.78     2.13    -334.6     15.39    -31.57     6.984      17180    0    0    0    0    0
2012 10  7 16 16    -3.36     6.86     1.78    -334.5     15.85    -32.41     6.850      17069    0    0    0    0    0
2012 10  7 16 17    -3.35     6.90     1.73    -334.0     16.24    -32.41     6.702      16885    0    0    0    0    0
2012 10  7 16 18    -3.46     6.95     1.53    -333.0     16.47    -32.40     6.625      16666    0    0    0    0    0
2012 10  7 16 19    -3.48     6.99     1.43    -332.2     16.63    -32.17     6.636      16419    0    0    0    0    0
2012 10  7 16 20    -3.43     6.95     1.58    -331.7     16.74    -32.05     6.697      16202    0    0    0    0    0
2012 10  7 16 21    -3.51     6.79     1.94    -331.6     16.83    -31.98     6.734      16104    0    0    0    0    0
2012 10  7 16 22    -3.55     6.69     2.18    -331.6     16.88    -31.17     6.850      16370    0    0    0    0    0
2012 10  7 16 23    -3.36     6.71     2.23    -331.5     16.58    -29.40     7.126      17071    0    0    0    0    0
2012 10  7 16 24    -3.30     6.70     2.21    -331.4     15.89    -28.16     7.320      17559    0    0    0    0    0
2012 10  7 16 25    -3.41     6.81     1.82    -331.6     15.17    -27.78     7.382      17517    0    0    0    0    0
2012 10  7 16 26    -3.51     6.96     1.35    -332.1     14.48    -27.87     7.441      16783    0    0    0    0    0
2012 10  7 16 27    -3.51     6.95     1.36    -332.0     13.98    -27.72     7.440      16009    0    0    0    0    0
2012 10  7 16 28    -3.49     6.93     1.38    -331.6     13.98    -27.62     7.406      15824    0    0    0    0    0
2012 10  7 16 29    -3.44     6.93     1.34    -331.3     14.30    -28.22     7.406      15999    0    0    0    0    0
2012 10  7 16 30    -3.45     6.97     1.11    -331.4     14.60    -28.37     7.454      16296    0    0    0    0    0
2012 10  7 16 31    -3.50     7.03     0.74    -331.2     14.73    -28.65     7.481      16352    0    0    0    0    0
2012 10  7 16 32    -3.49     7.09     0.58    -331.1     14.77    -29.09     7.462      16257    0    0    0    0    0
2012 10  7 16 33    -3.57     7.10     0.66    -331.7     14.64    -28.80     7.385      16083    0    0    0    0    0
2012 10  7 16 34    -3.76     7.05     0.82    -332.3     14.30    -28.17     7.291      16130    0    0    0    0    0
2012 10  7 16 35    -3.87     7.02     0.82    -332.0     14.23    -27.79     7.226      16163    0    0    0    0    0
2012 10  7 16 36    -3.94     7.01     0.78    -331.3     14.34    -27.94     7.188      16151    0    0    0    0    0
2012 10  7 16 37    -4.02     6.99     0.77    -330.7     14.44    -28.25     7.185      16130    0    0    0    0    0
2012 10  7 16 38    -4.09     6.95     0.88    -330.7     14.36    -27.98     7.225      16120    0    0    0    0    0
2012 10  7 16 39    -4.11     6.89     1.11    -331.1     14.21    -27.23     7.258      16120    0    0    0    0    0
2012 10  7 16 40    -4.15     6.81     1.09    -331.1     14.35    -27.50     7.263      16228    0    0    0    0    0
2012 10  7 16 41    -4.20     6.76     1.03    -330.7     14.46    -28.39     7.254      16416    0    0    0    0    0
2012 10  7 16 42    -4.22     6.78     0.90    -330.8     14.47    -29.48     7.215      16161    0    0    0    0    0
2012 10  7 16 43    -4.19     6.82     0.76    -331.0     14.27    -29.70     7.185      15575    0    0    0    0    0
2012 10  7 16 44    -4.10     6.87     0.69    -331.2     14.09    -29.36     7.249      15604    0    0    0    0    0
2012 10  7 16 45    -3.94     6.95     0.71    -331.1     14.17    -28.97     7.412      15714    0    0    0    0    0
2012 10  7 16 46    -3.86     6.97     0.74    -330.3     14.46    -28.78     7.541      15848    0    0    0    0    0
2012 10  7 16 47    -3.88     6.94     0.74    -329.5     14.76    -28.68     7.607      15942    0    0    0    0    0
2012 10  7 16 48    -3.95     6.91     0.70    -329.5     14.91    -28.73     7.678      16259    0    0    0    0    0
2012 10  7 16 49    -4.00     6.88     0.63    -328.7     14.77    -29.45     7.668      16437    0    0    0    0    0
2012 10  7 16 50    -4.07     6.87     0.53    -328.6     14.79    -29.11     7.575      16455    0    0    0    0    0
2012 10  7 16 51    -4.23     6.82     0.17    -328.8     14.74    -28.05     7.338      16040    0    0    0    0    0
2012 10  7 16 52    -4.23     6.82    -0.04    -328.6     14.66    -27.15     7.178      15521    0    0    0    0    0
2012 10  7 16 53    -4.16     6.92    -0.10    -328.1     14.50    -26.18     7.160      15460    0    0    0    0    0
2012 10  7 16 54    -4.06     7.02    -0.11    -328.3     14.32    -25.96     7.222      15489    0    0    0    0    0
2012 10  7 16 55    -3.87     7.05     0.12    -328.6     14.17    -26.64     7.404      15908    0    0    0    0    0
2012 10  7 16 56    -3.85     7.05     0.15    -329.0     13.91    -26.49     7.591      16965    0    0    0    0    0
2012 10  7 16 57    -4.18     6.99    -0.05    -329.1     13.64    -25.34     7.651      17457    0    0    0    0    0
2012 10  7 16 58    -4.36     6.95     0.06    -328.8     13.45    -25.43     7.571      17465    0    0    0    0    0
2012 10  7 16 59    -4.40     6.94     0.28    -328.8     13.26    -25.97     7.432      16612    0    0    0    0    0
2012 10  7 17  0    -4.32     6.95     0.13    -329.8     13.18    -25.35     7.352      16192    0    0    0    0    0
2012 10  7 17  1    -4.34     6.84    -0.08    -329.9     13.47    -25.82     7.273      16235    0    0    0    0    0
2012 10  7 17  2    -4.34     6.82    -0.22    -329.3     13.64    -24.25     7.194      16518    0    0    0    0    0
2012 10  7 17  3    -4.38     6.82    -0.31    -328.6     14.07    -25.56     7.167      16677    0    0    0    0    0
2012 10  7 17  4    -4.42     6.81    -0.39    -328.8     14.02    -23.88     7.138      17013    0    0    0    0    0
2012 10  7 17  5    -4.23     7.00    -0.68    -328.9     14.13    -22.78     7.104      17037    0    0    0    0    0
2012 10  7 17  6    -4.12     7.08    -0.88    -329.4     14.08    -20.72     7.104      16959    0    0    0    0    0
2012 10  7 17  7    -4.09     7.06    -0.97    -329.5     13.80    -20.24     7.174      16959    0    0    0    0    0
2012 10  7 17  8    -4.01     7.05    -1.00    -329.5     13.42    -19.60     7.257      16961    0    0    0    0    0
2012 10  7 17  9    -3.85     7.04    -1.24    -329.5     14.01    -20.36     7.449      17027    0    0    0    0    0
2012 10  7 17 10    -3.87     7.06    -1.34    -329.9     14.29    -18.77     7.812      17456    0    0    0    0    0
2012 10  7 17 11    -3.99     7.04    -1.03    -330.8     14.15    -18.48     7.961      18001    0    0    0    0    0
2012 10  7 17 12    -4.05     7.07    -0.81    -331.0     13.81    -17.77     7.755      17369    0    0    0    0    0
2012 10  7 17 13    -4.02     7.05    -0.85    -331.1     13.52    -17.88     7.297      15851    0    0    0    0    0
2012 10  7 17 14    -4.00     7.02    -0.82    -330.7     13.40    -18.69     7.045      15302    0    0    0    0    0
2012 10  7 17 15    -4.00     7.01    -0.82    -329.7     13.40    -19.48     7.061      15302    0    0    0    0    0
2012 10  7 17 16    -4.03     7.00    -0.80    -328.6     13.34    -19.30     7.093      15302    0    0    0    0    0
2012 10  7 17 17    -4.31     6.83    -0.73    -328.6     13.49    -19.04     7.506      17377    0    0    0    0    0
2012 10  7 17 18    -4.33     6.72    -0.83    -328.9     13.44    -18.85     7.965      17960    0    0    0    0    0
2012 10  7 17 19    -4.31     6.68    -0.94    -328.3     13.83    -19.13     7.988      17979    0    0    0    0    0
2012 10  7 17 20    -4.29     6.67    -0.99    -327.8     14.13    -18.99     8.036      17525    0    0    0    0    0
2012 10  7 17 21    -4.24     6.71    -1.10    -327.5     14.27    -18.90     8.105      17370    0    0    0    0    0
2012 10  7 17 22    -4.20     6.74    -1.39    -327.7     14.03    -18.50     8.194      17397    0    0    0    0    0
2012 10  7 17 23    -4.21     6.76    -1.58    -327.9     13.65    -18.40     8.259      17709    0    0    0    0    0
2012 10  7 17 24    -4.20     6.72    -1.75    -328.1     13.57    -18.04     8.222      18398    0    1    1    1    1
2012 10  7 17 25    -3.86     6.79    -1.91    -328.3     13.60    -17.86     8.204      19199    0    1    1    2    2
2012 10  7 17 26    -3.65     6.99    -1.95    -329.7     14.17    -18.08     8.158      19233    0    1    1    1    1
2012 10  7 17 27    -3.76     7.15    -2.00    -330.5     14.16    -18.15     7.726      18351    0    0    0    0    0
2012 10  7 17 28    -3.80     7.15    -2.05    -330.5     14.17    -17.53     7.486      18074    0    0    0    0    0
2012 10  7 17 29    -3.69     7.11    -2.05    -330.6     14.65    -17.26     7.611      18257    0    0    0    0    0
2012 10  7 17 30    -3.68     6.99    -1.97    -331.4     14.91    -17.15     7.831      18849    0    0    0    0    0
2012 10  7 17 31    -3.48     6.98    -2.39    -331.7     14.90    -16.17     7.906      18986    0    0    0    0    0
2012 10  7 17 32    -3.12     6.98    -3.00    -332.3     14.79    -14.66     7.803      18951    0    0    0    0    0
2012 10  7 17 33    -3.03     6.96    -3.15    -332.7     14.61    -14.34     7.633      18846    0    0    0    0    0
2012 10  7 17 34    -3.15     6.89    -3.07    -332.9     14.29    -14.28     7.771      18804    0    0    0    0    0
2012 10  7 17 35    -3.55     6.66    -2.51    -332.7     14.01    -14.07     8.001      18804    0    0    0    0    0
2012 10  7 17 36    -3.80     6.52    -2.12    -332.5     13.94    -14.28     8.009      18628    0    0    0    0    0
2012 10  7 17 37    -3.85     6.44    -2.05    -332.2     13.84    -14.68     7.891      18290    0    0    0    0    0
2012 10  7 17 38    -3.88     6.38    -2.05    -331.9     13.61    -15.30     7.811      18116    0    0    0    0    0
2012 10  7 17 39    -3.92     6.38    -2.06    -331.7     13.15    -16.60     7.887      18295    0    0    0    0    0
2012 10  7 17 40    -3.91     6.39    -2.15    -331.4     12.78    -18.45     8.143      19099    0    0    0    0    0
2012 10  7 17 41    -3.87     6.42    -2.27    -330.8     12.74    -19.68     8.401      20325    0    0    0    0    0
2012 10  7 17 42    -3.87     6.47    -2.28    -330.0     12.72    -18.88     8.502      21163    0    0    0    0    0
2012 10  7 17 43    -3.87     6.46    -2.39    -329.5     12.89    -15.41     8.430      21045    0    0    0    0    0
2012 10  7 17 44    -3.89     6.39    -2.53    -330.0     12.88    -15.15     8.130      19541    0    0    0    0    0
2012 10  7 17 45    -3.88     6.27    -2.80    -330.1     12.70    -15.61     7.946      19610    0    0    0    0    0
2012 10  7 17 46    -3.88     6.16    -3.05    -329.9     12.49    -16.11     8.109      20172    0    0    0    0    0
2012 10  7 17 47    -3.91     6.03    -3.17    -329.9     12.44    -15.60     8.421      21418    0    0    0    0    0
2012 10  7 17 48    -4.04     5.89    -3.31    -330.7     11.98    -15.66     8.597      21028    0    0    0    0    0
2012 10  7 17 49    -4.04     5.86    -3.48    -331.3     11.49    -16.05     8.558      19893    0    0    0    0    0
2012 10  7 17 50    -3.95     5.99    -3.38    -331.6     11.45    -16.85     8.462      19408    0    0    0    0    0
2012 10  7 17 51    -3.89     6.14    -3.27    -331.4     11.46    -17.35     8.411      19191    0    0    0    0    0
2012 10  7 17 52    -3.83     6.21    -3.30    -331.1     11.26    -17.16     8.391      18957    0    0    0    0    0
2012 10  7 17 53    -3.80     6.25    -3.37    -330.6     11.28    -17.46     8.341      18624    0    0    0    0    0
2012 10  7 17 54    -3.80     6.23    -3.42    -330.9     11.26    -17.67     8.301      18598    0    0    0    0    0
2012 10  7 17 55    -3.82     6.21    -3.46    -331.2     11.44    -18.36     8.303      18614    0    0    0    0    0
2012 10  7 17 56    -3.83     6.18    -3.54    -331.5     11.85    -18.42     8.285      18640    0    0    0    0    0
2012 10  7 17 57    -3.83     6.09    -3.64    -331.2     12.23    -17.69     7.873      17798    0    0    0    0    0
2012 10  7 17 58    -3.87     5.92    -3.72    -330.6     12.35    -17.08     6.975      15711    0    0    0    0    0
2012 10  7 17 59    -3.93     5.79    -3.96    -329.7     12.53    -16.44     6.228      13598    0    0    0    0    0
2012 10  7 18  0    -3.99     5.62    -4.18    -328.7     12.81    -15.18     6.113      12411    0    0    0    0    0
2012 10  7 18  1    -3.98     5.47    -4.24    -328.5     13.19    -15.40     6.193      12292    0    0    0    0    0
2012 10  7 18  2    -3.93     5.52    -4.55    -328.8     13.35    -15.43     6.495      14196    0    0    0    0    0
2012 10  7 18  3    -3.89     5.61    -4.52    -329.7     13.13    -15.24     6.815      17102    0    0    0    0    0
2012 10  7 18  4    -3.89     5.63    -4.51    -329.9     13.13    -15.98     7.022      18969    0    0    0    0    0
2012 10  7 18  5    -3.90     5.61    -4.52    -329.8     13.37    -15.97     7.116      18780    0    0    0    0    0
2012 10  7 18  6    -3.89     5.64    -4.51    -329.9     13.20    -16.38     6.900      16965    0    0    0    0    0
2012 10  7 18  7    -3.81     5.64    -4.53    -329.0     13.01    -17.50     6.694      14166    0    0    0    0    0
2012 10  7 18  8    -3.73     5.52    -4.55    -330.3     12.82    -16.10     6.809      14409    0    0    0    0    0
2012 10  7 18  9    -3.63     5.59    -4.42    -331.0     12.77    -16.31     6.869      17039    0    0    0    0    0
2012 10  7 18 10    -3.65     5.83    -4.13    -331.8     12.91    -17.47     6.684      20334    0    0    0    0    0
2012 10  7 18 11    -3.64     5.87    -4.09    -333.3     13.18    -18.84     6.464      22532    0    0    0    0    0
2012 10  7 18 12    -3.61     5.84    -4.21    -332.8     13.19    -19.51     6.583      24787    0    0    0    0    0
2012 10  7 18 13    -3.60     5.86    -4.19    -332.0     13.05    -18.61     6.740      25643    0    0    0    0    0
2012 10  7 18 14    -3.63     5.89    -4.12    -331.4     13.08    -18.59     6.701      24830    0    0    0    0    0
2012 10  7 18 15    -3.68     5.80    -4.17    -331.3     13.08    -18.94     6.224      22060    0    0    0    0    0
2012 10  7 18 16    -3.69     5.59    -4.41    -330.7     12.69    -17.92     5.581      19500    0    0    0    0    0
2012 10  7 18 17    -3.69     5.39    -4.82    -329.6     12.35    -18.98     5.183      19830    0    0    0    0    0
2012 10  7 18 18    -3.70     5.32    -5.06    -327.9     12.04    -18.89     5.183      22307    0    0    0    0    0
2012 10  7 18 19    -3.70     5.27    -5.35    -327.1     11.74    -18.39     4.803      25920    0    0    0    0    0
2012 10  7 18 20    -3.69     5.16    -5.63    -327.0     10.66    -16.01     4.023      27628    0    0    0    0    0
2012 10  7 18 21    -3.69     5.10    -5.75    -326.5      8.78    -13.99     3.438      22433    0    0    0    0    0
2012 10  7 18 22    -3.72     5.13    -5.73    -326.1      6.57    -13.43     3.072      14355    0    0    0    0    0
2012 10  7 18 23    -3.73     5.15    -5.68    -326.9      4.57    -13.67     2.708       9545    0    0    0    0    0
2012 10  7 18 24    -3.55     5.18    -5.54    -328.6      4.68    -13.65     2.787       8795    0    0    0    0    0
2012 10  7 18 25    -3.54     5.22    -5.52    -328.4      5.25    -13.02     3.152      11864    0    0    0    0    0
2012 10  7 18 26    -3.56     5.25    -5.52    -327.5      5.40    -13.20     3.492      15497    0    0    0    0    0
2012 10  7 18 27    -3.48     5.26    -5.51    -326.7      5.46    -13.42     3.770      19437    0    0    0    0    0
2012 10  7 18 28    -3.44     5.23    -5.49    -326.5      5.50    -13.30     3.938      21759    0    0    0    0    0
2012 10  7 18 29    -3.43     5.18    -5.38    -327.7      8.42    -11.57     3.609      21826    0    0    0    0    0
2012 10  7 18 30    -3.45     5.20    -5.24    -329.6     14.04     -8.10     2.911      13817    0    0    0    0    0
2012 10  7 18 31    -3.42     5.05    -5.39    -330.1     14.69     -7.04     2.968      14245    0    0    0    0    0
2012 10  7 18 32    -3.43     5.08    -5.31    -334.8     16.02     -4.68     3.014      20953    0    0    0    0    0
2012 10  7 18 33    -3.46     4.85    -5.39    -335.9     16.36     -5.47     2.924      20508    0    1    1    1    1
2012 10  7 18 34    -3.59     4.88    -5.25    -335.8     15.31     -6.06     2.813      18819    0    1    1    2    2
2012 10  7 18 35    -3.68     4.93    -5.21    -335.1     13.98     -6.01     2.710      17395    0    1    1    2    2
2012 10  7 18 36    -3.58     5.02    -5.24    -334.1     12.88     -7.11     2.614      16076    0    1    1    2    2
2012 10  7 18 37    -3.39     5.05    -5.62    -333.1     11.91    -10.26     2.516      14729    0    1    1    2    2
2012 10  7 18 38    -3.28     5.03    -5.92    -331.8     11.23    -12.07     2.425      13993    0    1    1    2    2
2012 10  7 18 39    -3.24     4.96    -6.10    -330.3     10.59    -12.98     2.380      13692    0    1    1    1    1
2012 10  7 18 40    -3.25     4.88    -6.11    -328.6      9.71    -13.67     2.431      13692    0    1    1    1    1
2012 10  7 18 41    -3.22     4.79    -6.14    -327.7      9.51    -13.60     2.580      16760    0    0    0    0    0
2012 10  7 18 42    -3.28     4.72    -6.17    -326.9      9.17    -14.21     2.621      17939    0    0    0    0    0
2012 10  7 18 43    -3.40     4.81    -6.19    -326.8      8.94    -13.74     2.584      15048    0    0    0    0    0
2012 10  7 18 44    -3.87     5.00    -5.85    -330.5      9.97     -8.25     2.779      13125    0    0    0    0    0
2012 10  7 18 45    -3.73     4.90    -5.98    -332.3     13.61     -3.08     3.224      15469    0    0    0    0    0
2012 10  7 18 46    -3.55     4.76    -6.20    -332.2     13.42     -2.49     3.459      16122    0    0    0    0    0
2012 10  7 18 47    -3.52     4.72    -6.24    -331.4     11.37     -4.64     3.513      15830    0    0    0    0    0
2012 10  7 18 48    -3.52     4.80    -6.18    -330.6      9.34     -6.84     3.441      15416    0    1    1    1    0
2012 10  7 18 49    -3.47     4.92    -6.24    -330.7      8.33     -6.50     3.260      15452    0    1    1    2    0
2012 10  7 18 50    -3.38     4.80    -6.26    -332.1      9.21     -2.73     2.991      15489    0    1    1    2    0
2012 10  7 18 51    -3.39     4.49    -6.47    -332.2     10.52     -0.15     2.770      15525    0    1    1    2    0
2012 10  7 18 52    -3.37     4.28    -6.63    -331.7     11.44     -1.10     2.576      15562    0    1    1    2    0
2012 10  7 18 53    -3.25     4.10    -6.74    -331.0     11.96     -2.68     2.385      15598    0    1    1    2    0
2012 10  7 18 54    -3.18     4.02    -6.83    -331.1     12.68     -3.98     2.248      15635    0    1    1    1    0
2012 10  7 18 55    -3.23     4.23    -6.73    -331.0     14.50     -5.43     2.387      15671    0    0    0    0    0
2012 10  7 18 56    -3.12     4.16    -6.74    -329.9     15.76     -6.59     2.698      15708    0    0    0    0    0
2012 10  7 18 57    -3.55     4.17    -6.43    -330.0     14.85     -7.69     2.922      15744    0    1    1    0    0
2012 10  7 18 58    -3.23     3.94    -6.88    -338.3     13.09     -2.70     3.154      15781    0    1    1    0    0
2012 10  7 18 59    -3.13     3.99    -6.95    -337.8     14.12     -0.73     3.387      15817    0    0    0    0    0
2012 10  7 19  0    -3.25     4.13    -6.74    -336.2     14.94      0.05     3.522      18001    0    0    0    0    0
2012 10  7 19  1    -3.44     4.45    -6.34    -334.5     15.43      0.37     3.594      21032    0    0    0    0    0
2012 10  7 19  2    -3.57     4.56    -6.08    -333.4     13.39     -2.39     3.621      21082    0    0    0    0    0
2012 10  7 19  3    -3.58     4.68    -6.00    -332.2     11.51     -3.90     3.602      19419    0    0    0    0    0
2012 10  7 19  4    -3.49     4.58    -6.40    -332.8      8.43     -3.17     3.481      14858    0    0    0    0    0
2012 10  7 19  5    -3.55     4.47    -6.74    -333.7      9.83      0.81     3.353      13305    0    0    0    0    0
2012 10  7 19  6    -3.52     4.52    -6.85    -334.5      9.45      0.02     3.440      15492    0    0    0    0    0
2012 10  7 19  7    -3.54     4.37    -6.83    -333.4     10.20      0.13     3.527      16268    0    0    0    0    0
2012 10  7 19  8    -3.43     4.29    -6.76    -333.3     10.56     -1.12     3.549      16454    0    0    0    0    0
2012 10  7 19  9    -3.42     4.20    -6.74    -332.1     10.72     -1.42     3.544      16454    0    0    0    0    0
2012 10  7 19 10    -3.41     4.27    -6.75    -331.3     10.45     -1.27     3.537      16372    0    0    0    0    0
2012 10  7 19 11    -3.38     4.53    -6.73    -330.6      9.29     -1.82     3.481      15661    0    0    0    0    0
2012 10  7 19 12    -3.37     4.66    -6.64    -328.4      7.84     -3.44     3.361      14264    0    0    0    0    0
2012 10  7 19 13    -3.37     4.79    -6.52    -328.0      6.31     -5.40     2.964      11956    0    0    0    0    0
2012 10  7 19 14    -3.28     4.59    -6.71    -328.7      5.41     -6.22     2.595      10242    0    1    1    0    0
2012 10  7 19 15    -3.36     4.30    -6.77    -329.9      6.21     -5.08     2.547      10181    0    2    2    2    2
2012 10  7 19 16    -3.46     4.05    -6.79    -332.2      8.96     -1.93     2.546      10400    0    1    1    2    2
2012 10  7 19 17    -3.40     4.36    -6.59    -332.9      9.71     -1.21     2.473       9312    0    1    1    1    1
2012 10  7 19 18    -3.23     4.75    -6.40    -332.4      8.80     -1.95     2.389       8834    0    0    0    0    0
2012 10  7 19 19    -3.09     4.94    -6.29    -331.5      8.02     -2.81     2.382      10757    0    0    0    0    0
2012 10  7 19 20    -3.04     4.99    -6.23    -330.4      7.71     -3.44     2.465      14263    0    1    1    0    0
2012 10  7 19 21    -3.13     5.04    -6.16    -329.6      7.66     -3.53     2.673      17829    0    1    1    0    0
2012 10  7 19 22    -3.27     4.96    -6.24    -330.5      8.45     -2.38     3.474      22331    0    1    1    0    0
2012 10  7 19 23    -3.40     5.05    -6.04    -332.2      8.87     -1.15     4.206      25482    0    1    1    0    0
2012 10  7 19 24    -3.40     5.19    -5.75    -332.3      7.97     -1.61     4.125      23782    0    1    1    0    0
2012 10  7 19 25    -3.42     5.25    -5.80    -333.6      7.18     -1.01     3.650      19513    0    1    1    0    0
2012 10  7 19 26    -3.47     4.60    -6.51    -335.1      7.18     -0.26     3.423      15925    0    1    1    0    0
2012 10  7 19 27    -3.52     4.58    -6.46    -333.5      7.38     -1.98     3.772      15925    0    1    1    0    0
2012 10  7 19 28    -3.60     4.55    -6.39    -331.8      7.58     -3.60     4.113      17032    0    1    1    0    0
2012 10  7 19 29    -3.77     4.54    -6.27    -330.5      7.84     -4.63     4.371      18165    0    1    1    0    0
2012 10  7 19 30    -4.06     4.61    -6.08    -330.5      8.55     -3.67     4.363      17797    0    1    1    0    0
2012 10  7 19 31    -3.82     4.76    -6.16    -332.0     10.16     -0.73     4.158      16665    0    1    1    0    0
2012 10  7 19 32    -3.62     4.61    -6.35    -332.7     10.98      0.46     4.168      20181    0    1    1    0    0
2012 10  7 19 33    -3.42     4.42    -6.49    -332.1     11.63      0.40     4.308      21984    0    0    0    0    0
2012 10  7 19 34    -3.33     4.18    -6.63    -331.9     12.64      0.97     4.305      19902    0    0    0    0    0
2012 10  7 19 35    -3.42     4.14    -6.61    -331.8     12.81      0.61     3.963      16888    0    0    0    0    0
2012 10  7 19 36    -3.46     4.31    -6.51    -330.7     12.00     -1.29     3.558      15513    0    0    0    0    0
2012 10  7 19 37    -3.50     4.54    -6.50    -329.1     11.13     -3.28     3.251      14746    0    0    0    0    0
2012 10  7 19 38    -3.29     4.56    -6.58    -328.5     10.45     -3.27     3.339      12565    0    0    0    0    0
2012 10  7 19 39    -3.12     4.52    -6.70    -328.3     10.64     -2.81     3.570      12274    0    0    0    0    0
2012 10  7 19 40    -3.46     4.56    -6.51    -327.9     10.30     -2.68     3.855      13558    0    0    0    0    0
2012 10  7 19 41    -3.80     4.57    -6.29    -327.2     10.05     -2.19     4.050      16794    0    0    0    0    0
2012 10  7 19 42    -3.90     4.62    -6.24    -326.8     10.59     -1.30     4.130      18599    0    0    0    0    0
2012 10  7 19 43    -3.59     4.62    -6.41    -330.0     12.60      5.85     4.037      18578    0    0    0    0    0
2012 10  7 19 44    -3.59     4.65    -6.47    -328.8     13.23      5.35     3.922      17822    0    0    0    0    0
2012 10  7 19 45    -3.55     4.51    -6.49    -328.6     14.99     -0.02     3.941      17759    0    0    0    0    0
2012 10  7 19 46    -3.51     4.29    -6.60    -328.3     13.78     -1.27     4.016      17759    0    0    0    0    0
2012 10  7 19 47    -3.44     4.12    -6.62    -329.0      9.25     -3.06     3.815      16430    0    0    0    0    0
2012 10  7 19 48    -3.46     3.90    -6.74    -330.3      9.44     -1.61     3.125      12486    0    0    0    0    0
2012 10  7 19 49    -3.46     3.78    -6.81    -329.5     10.49     -2.51     2.920      11269    0    0    0    0    0
2012 10  7 19 50    -3.52     3.81    -6.73    -327.5     10.52     -3.82     2.982      11269    0    0    0    0    0
2012 10  7 19 51    -3.71     4.45    -6.06    -325.8     10.13     -5.70     3.238      12388    0    0    0    0    0
2012 10  7 19 52    -3.98     5.55    -4.98    -324.8      9.35     -7.99     3.703      14742    0    0    0    0    0
2012 10  7 19 53    -4.05     5.73    -4.85    -325.1      8.82     -8.81     4.145      17138    0    0    0    0    0
2012 10  7 19 54    -4.10     5.67    -4.70    -325.1      9.41     -8.01     4.202      17441    0    0    0    0    0
2012 10  7 19 55    -4.23     5.13    -5.19    -325.8     10.99     -4.24     4.293      17625    0    0    0    0    0
2012 10  7 19 56    -4.24     4.30    -6.08    -326.4     11.95      0.86     4.625      21118    0    0    0    0    0
2012 10  7 19 57    -4.19     4.12    -6.21    -326.7     12.48     -0.20     4.974      24912    0    0    0    0    0
2012 10  7 19 58    -4.14     4.15    -6.33    -327.3     12.81     -1.02     5.026      23021    0    0    0    0    0
2012 10  7 19 59    -3.66     4.19    -6.17    -331.1     12.00     -2.00     4.420      16148    0    0    0    0    0
2012 10  7 20  0    -3.75     4.43    -5.87    -331.2     10.58     -1.94     4.094      16279    0    0    0    0    0
2012 10  7 20  1    -4.01     4.78    -5.72    -330.4     11.49     -1.70     4.118      16581    0    0    0    0    0
2012 10  7 20  2    -4.34     4.86    -5.52    -328.4     12.45     -1.79     4.150      16823    0    0    0    0    0
2012 10  7 20  3    -4.45     4.84    -5.50    -326.4     13.23     -2.10     4.127      16875    0    0    0    0    0
2012 10  7 20  4    -4.50     4.82    -5.52    -324.5     13.78     -2.77     4.063      16875    0    0    0    0    0
2012 10  7 20  5    -4.55     4.95    -5.39    -324.2     12.82     -6.11     3.798      16973    0    0    0    0    0
2012 10  7 20  6    -4.58     4.88    -5.25    -324.4     12.42     -6.36     3.922      18652    0    0    0    0    0
2012 10  7 20  7    -4.52     4.80    -5.47    -322.1     12.42     -6.13     4.143      18715    0    0    0    0    0
2012 10  7 20  8    -4.39     4.69    -5.76    -320.5     12.18     -6.00     4.285      18756    0    0    0    0    0
2012 10  7 20  9    -4.07     4.58    -6.09    -320.7     10.96     -4.87     4.263      18271    0    0    0    0    0
2012 10  7 20 10    -3.91     4.70    -6.07    -324.7      9.35     -1.47     4.248      16666    0    0    0    0    0
2012 10  7 20 11    -3.94     4.68    -6.00    -329.7     10.34      3.54     4.162      15449    0    0    0    0    0
2012 10  7 20 12    -3.99     4.72    -6.00    -329.9     11.52      3.96     3.954      14939    0    0    0    0    0
2012 10  7 20 13    -4.10     4.78    -5.96    -329.1     11.02      0.81     3.878      14939    0    0    0    0    0
2012 10  7 20 14    -4.18     4.81    -5.96    -328.4     11.04      0.35     3.889      15893    0    0    0    0    0
2012 10  7 20 15    -4.12     4.90    -5.94    -326.7     10.57     -2.07     3.879      16579    0    0    0    0    0
2012 10  7 20 16    -4.05     4.97    -5.89    -324.6     10.22     -4.59     3.858      17142    0    0    0    0    0
2012 10  7 20 17    -4.08     4.95    -5.77    -322.1     10.54     -6.09     3.818      17492    0    0    0    0    0
2012 10  7 20 18    -4.04     4.89    -5.82    -325.0     10.49     -2.66     4.689      20648    0    0    0    0    0
2012 10  7 20 19    -3.55     4.85    -6.26    -328.1     10.05      0.42     5.468      24872    0    0    0    0    0
2012 10  7 20 20    -3.16     4.89    -6.39    -331.2      8.95      1.50     5.493      24208    0    0    0    0    0
2012 10  7 20 21    -2.97     4.89    -6.45    -331.9      8.22      1.06     5.453      22150    0    0    0    0    0
2012 10  7 20 22    -2.97     4.90    -6.47    -332.9      7.18      0.20     5.484      23600    0    0    0    0    0
2012 10  7 20 23    -2.87     5.23    -6.19    -335.8      5.07     -0.59     5.495      24039    0    0    0    0    0
2012 10  7 20 24    -2.88     5.27    -6.08    -336.8      4.54     -0.24     5.139      22649    0    0    0    0    0
2012 10  7 20 25    -2.93     5.27    -6.07    -336.6      5.10      1.02     4.902      21061    0    0    0    0    0
2012 10  7 20 26    -3.03     5.19    -6.01    -336.1      5.55      2.18     4.868      20303    0    0    0    0    0
2012 10  7 20 27    -3.18     5.29    -5.92    -335.5      4.63      0.67     4.954      20127    0    0    0    0    0
2012 10  7 20 28    -3.44     5.23    -5.77    -334.6      4.96      0.84     5.034      19959    0    0    0    0    0
2012 10  7 20 29    -3.63     5.34    -5.57    -333.6      5.28      0.86     4.773      19827    0    0    0    0    0
2012 10  7 20 30    -3.73     5.32    -5.56    -332.5      5.77      0.93     4.367      19127    0    0    0    0    0
2012 10  7 20 31    -3.75     5.27    -5.64    -332.1      5.98      1.31     4.159      18314    0    0    0    0    0
2012 10  7 20 32    -3.76     5.35    -5.61    -331.8      5.14      0.20     4.149      17406    0    1    1    0    0
2012 10  7 20 33    -3.83     5.47    -5.48    -330.8      3.94     -2.49     4.111      16180    0    1    1    0    0
2012 10  7 20 34    -3.92     5.52    -5.39    -329.3      3.02     -5.53     4.044      14702    0    1    1    0    0
2012 10  7 20 35    -4.00     5.56    -5.19    -327.9      2.17     -8.46     3.933      14702    0    1    1    0    0
2012 10  7 20 36    -3.96     5.65    -4.92    -327.9      2.09     -9.28     3.903      15751    0    0    0    0    0
2012 10  7 20 37    -4.01     5.67    -4.78    -328.3      2.28     -9.63     3.973      16841    0    1    1    1    1
2012 10  7 20 38    -3.94     5.52    -5.04    -328.3      3.07     -8.90     4.074      17812    0    1    1    2    2
2012 10  7 20 39    -3.73     5.16    -5.68    -329.1      3.79     -6.38     4.191      18767    0    1    1    2    2
2012 10  7 20 40    -3.56     5.15    -5.89    -330.8      4.27     -1.70     4.214      17615    0    0    0    0    0
2012 10  7 20 41    -3.56     5.32    -5.78    -333.0      4.98      0.03     3.729      12744    0    0    0    0    0
2012 10  7 20 42    -3.61     5.33    -5.68    -333.1      5.15     -0.72     3.659      11822    0    0    0    0    0
2012 10  7 20 43    -3.81     5.05    -5.89    -333.2      5.46     -1.96     3.602      13233    0    0    0    0    0
2012 10  7 20 44    -3.84     4.92    -6.04    -331.8      5.73     -1.79     3.574      14072    0    0    0    0    0
2012 10  7 20 45    -3.77     4.87    -6.12    -330.2      5.94     -1.19     3.606      14468    0    0    0    0    0
2012 10  7 20 46    -3.57     4.90    -6.11    -330.2      5.97     -0.71     3.818      16043    0    0    0    0    0
2012 10  7 20 47    -3.58     5.08    -5.98    -330.5      4.85     -1.88     4.134      22212    0    0    0    0    0
2012 10  7 20 48    -3.65     5.20    -5.80    -331.2      2.49     -5.34     4.057      21226    0    0    0    0    0
2012 10  7 20 49    -3.82     5.10    -5.80    -331.6      1.91     -6.09     3.927      19598    0    0    0    0    0
2012 10  7 20 50    -4.11     4.94    -5.75    -330.8      2.28     -5.93     3.867      19598    0    0    0    0    0
2012 10  7 20 51    -4.29     4.87    -5.62    -329.1      2.34     -6.34     3.861      19598    0    0    0    0    0
2012 10  7 20 52    -4.32     4.87    -5.58    -328.2      3.49     -6.37     3.908      18611    0    0    0    0    0
2012 10  7 20 53    -4.10     4.83    -5.62    -327.2      7.12     -3.86     4.107      17506    0    0    0    0    0
2012 10  7 20 54    -3.89     4.81    -5.78    -326.8     10.88     -0.79     4.295      16994    0    0    0    0    0
2012 10  7 20 55    -3.88     4.79    -5.96    -326.4     12.41      0.45     4.334      17492    0    0    0    0    0
2012 10  7 20 56    -4.00     4.68    -6.07    -326.1     12.65      0.45     4.264      18019    0    0    0    0    0
2012 10  7 20 57    -4.15     4.51    -6.10    -325.9     13.83      0.59     4.109      17125    0    0    0    0    0
2012 10  7 20 58    -4.09     4.36    -6.14    -326.7     16.65      0.95     3.759      15105    0    0    0    0    0
2012 10  7 20 59    -3.72     4.28    -6.22    -330.1     19.67      1.78     3.209      13494    0    0    0    0    0
2012 10  7 21  0    -3.73     4.40    -6.17    -330.9     14.69      1.03     3.199      13788    0    0    0    0    0
2012 10  7 21  1    -3.75     4.53    -6.02    -330.5     10.52      0.10     3.190      13703    0    0    0    0    0
2012 10  7 21  2    -3.77     4.61    -5.82    -328.9     10.58     -0.62     3.187      13470    0    0    0    0    0
2012 10  7 21  3    -3.81     4.62    -5.91    -328.3     11.22     -0.67     3.163      13451    0    1    1    1    1
2012 10  7 21  4    -3.93     4.54    -5.88    -327.6     12.30     -0.64     3.183      13765    0    1    1    2    2
2012 10  7 21  5    -3.92     4.38    -5.89    -327.0     13.70     -0.68     3.214      14164    0    1    1    2    2
2012 10  7 21  6    -4.05     4.26    -5.78    -326.4     15.27     -0.59     3.244      14348    0    1    1    2    2
2012 10  7 21  7    -4.23     4.14    -5.74    -325.8     16.37     -0.71     3.312      14508    0    1    1    1    1
2012 10  7 21  8    -4.38     3.96    -5.87    -325.0     16.59     -1.45     3.486      15494    0    0    0    0    0
2012 10  7 21  9    -4.89     3.90    -5.63    -323.8     16.49     -2.64     3.785      17957    0    0    0    0    0
2012 10  7 21 10    -4.89     3.73    -5.71    -322.7     17.62     -3.70     3.821      18039    0    0    0    0    0
2012 10  7 21 11    -4.88     3.70    -5.79    -321.2     18.63     -4.84     3.729      16731    0    0    0    0    0
2012 10  7 21 12    -4.78     3.68    -5.88    -320.4     19.29     -5.76     3.612      15231    0    0    0    0    0
2012 10  7 21 13    -4.43     4.08    -5.98    -323.6      9.76     -3.22     3.743      16283    0    0    0    0    0
2012 10  7 21 14    -3.99     4.92    -6.05    -323.9      8.66     -1.15     3.712      16353    0    0    0    0    0
2012 10  7 21 15    -3.82     5.15    -5.86    -325.0      8.02     -3.31     3.546      15285    0    0    0    0    0
2012 10  7 21 16    -3.78     5.21    -5.89    -324.8      7.97     -4.45     3.673      15788    0    0    0    0    0
2012 10  7 21 17    -3.77     5.31    -5.75    -324.4      8.19     -4.33     3.969      18667    0    0    0    0    0
2012 10  7 21 18    -3.67     5.25    -5.79    -323.4      9.40     -3.93     4.014      22583    0    0    0    0    0
2012 10  7 21 19    -3.53     5.27    -5.85    -330.6      5.20     -1.58     4.109      23763    0    0    0    0    0
2012 10  7 21 20    -3.57     5.47    -5.89    -330.8      2.59     -2.32     4.250      19603    0    1    1    1    1
2012 10  7 21 21    -3.59     5.42    -5.91    -328.5      2.70     -3.00     4.243      18866    0    1    1    1    1
2012 10  7 21 22    -3.73     5.27    -5.87    -328.6      3.16     -2.96     4.041      17593    0    1    1    2    2
2012 10  7 21 23    -3.80     5.30    -5.80    -330.0      3.09     -3.93     3.772      15954    0    1    1    1    1
2012 10  7 21 24    -3.02     6.10    -5.49    -335.2     -0.90     -6.48     3.721      13689    0    0    0    0    0
2012 10  7 21 25    -2.47     6.52    -5.34    -335.3     -0.96     -3.82     3.716      13864    0    0    0    0    0
2012 10  7 21 26    -2.37     6.52    -5.30    -334.9     -1.53     -6.77     3.713      14934    0    0    0    0    0
2012 10  7 21 27    -2.60     6.47    -5.32    -334.0     -1.62     -6.85     3.713      14942    0    0    0    0    0
2012 10  7 21 28    -2.87     6.31    -5.39    -333.3     -0.70     -6.67     3.676      14943    0    0    0    0    0
2012 10  7 21 29    -3.18     6.04    -5.57    -332.6      0.62     -6.88     3.639      14943    0    0    0    0    0
2012 10  7 21 30    -3.38     5.84    -5.68    -332.1      0.97     -6.06     3.669      15153    0    0    0    0    0
2012 10  7 21 31    -3.42     5.78    -5.71    -331.4      0.33     -7.03     3.749      15957    0    0    0    0    0
2012 10  7 21 32    -3.39     5.75    -5.75    -330.8     -0.36    -10.06     3.829      16887    0    1    1    1    1
2012 10  7 21 33    -3.38     5.64    -5.76    -330.7     -0.26    -11.32     3.908      17144    0    1    1    2    2
2012 10  7 21 34    -3.39     5.55    -5.75    -330.2      0.56    -10.18     3.998      17381    1    1    1    2    2
2012 10  7 21 35    -3.44     5.54    -5.80    -328.8      1.32     -8.01     4.071      17577    1    1    1    2    2
2012 10  7 21 36    -3.35     5.31    -6.04    -330.5      2.95     -4.75     4.201      17919    1    1    1    2    2
2012 10  7 21 37    -3.49     5.23    -6.07    -331.0      3.66     -2.21     4.296      18140    0    1    1    1    1
2012 10  7 21 38    -3.70     5.19    -5.99    -331.7      3.25     -2.90     4.336      18182    0    0    0    0    0
2012 10  7 21 39    -3.86     5.14    -5.96    -331.4      3.12     -3.63     4.342      18111    0    0    0    0    0
2012 10  7 21 40    -3.80     5.18    -5.99    -330.2      3.81     -3.82     4.344      17953    0    0    0    0    0
2012 10  7 21 41    -3.71     5.27    -6.01    -327.7      4.65     -4.32     4.342      17788    0    0    0    0    0
2012 10  7 21 42    -3.64     5.29    -6.02    -325.5      5.15     -4.54     4.288      17703    0    0    0    0    0
2012 10  7 21 43    -3.57     5.24    -6.02    -323.7      5.30     -4.47     4.178      17703    0    0    0    0    0
2012 10  7 21 44    -3.95     5.16    -5.93    -323.8      5.73     -6.67     3.772      19350    0    0    0    0    0
2012 10  7 21 45    -4.03     5.06    -5.88    -326.0      5.40     -5.01     3.676      33080    0    0    0    0    0
2012 10  7 21 46    -3.70     5.30    -5.65    -327.1      4.76     -4.92     3.817      28979    0    0    0    0    0
2012 10  7 21 47    -3.29     6.04    -5.21    -328.6      3.42     -5.38     3.970      18931    0    0    0    0    0
2012 10  7 21 48    -3.25     6.36    -5.01    -329.8      2.41     -5.83     3.713      13989    0    0    0    0    0
2012 10  7 21 49    -3.14     6.53    -4.83    -330.3      0.21     -7.17     3.292      11702    0    0    0    0    0
2012 10  7 21 50    -3.18     6.66    -4.50    -330.0     -0.41    -10.21     3.334      12196    0    0    0    0    0
2012 10  7 21 51    -3.33     6.61    -4.47    -328.1     -1.09    -10.68     3.414      14173    0    0    0    0    0
2012 10  7 21 52    -3.25     6.62    -4.54    -327.9     -0.61    -11.43     3.530      14766    0    0    0    0    0
2012 10  7 21 53    -3.02     6.57    -4.69    -329.4     -0.78    -13.01     3.460      12884    0    0    0    0    0
2012 10  7 21 54    -3.15     6.53    -4.63    -331.3     -1.53    -12.40     3.345      10007    0    0    0    0    0
2012 10  7 21 55    -3.10     6.56    -4.62    -332.1     -1.19    -10.76     3.466      11922    0    0    0    0    0
2012 10  7 21 56    -3.15     6.47    -4.51    -333.4      0.86     -8.96     3.785      15850    0    0    0    0    0
2012 10  7 21 57    -3.69     6.37    -4.60    -334.1      3.04      0.95     4.011      17147    0    0    0    0    0
2012 10  7 21 58    -3.71     6.29    -4.44    -333.4      2.52     -3.88     4.028      17512    0    0    0    0    0
2012 10  7 21 59    -3.62     6.33    -4.50    -331.3      3.11     -3.51     4.098      17598    0    0    0    0    0
2012 10  7 22  0    -3.51     6.39    -4.66    -328.9      4.18     -0.69     4.193      17598    0    0    0    0    0
2012 10  7 22  1    -3.53     6.46    -4.62    -327.4      3.13     -2.91     4.456      18331    0    0    0    0    0
2012 10  7 22  2    -3.58     6.39    -4.66    -326.3      3.01     -4.55     4.576      18690    0    0    0    0    0
2012 10  7 22  3    -3.64     6.27    -4.77    -325.9      3.45     -5.15     4.510      18309    0    0    0    0    0
2012 10  7 22  4    -3.40     6.38    -4.66    -329.8      2.07     -5.57     4.093      16518    0    0    0    0    0
2012 10  7 22  5    -3.35     6.44    -4.36    -330.2     -0.87     -7.97     4.065      16111    0    0    0    0    0
2012 10  7 22  6    -3.42     6.56    -4.23    -328.8     -2.78    -10.90     4.036      16111    0    0    0    0    0
2012 10  7 22  7    -3.42     6.58    -4.09    -326.7     -3.08    -13.76     4.034      16111    0    0    0    0    0
2012 10  7 22  8    -3.41     6.59    -4.00    -325.6     -3.50    -16.05     4.027      16176    0    0    0    0    0
2012 10  7 22  9    -3.47     6.57    -4.04    -325.4     -3.77    -15.78     3.998      16315    0    0    0    0    0
2012 10  7 22 10    -3.60     6.55    -4.02    -322.8     -3.15    -15.33     3.970      16315    0    0    0    0    0
2012 10  7 22 11    -3.69     6.54    -3.97    -320.7     -1.67    -14.40     3.958      16300    0    0    0    0    0
2012 10  7 22 12    -3.75     6.53    -3.91    -319.0      0.56    -12.95     3.959      16273    0    0    0    0    0
2012 10  7 22 13    -3.54     6.57    -4.25    -319.4      4.23     -7.39     3.963      16460    0    0    0    0    0
2012 10  7 22 14    -3.58     5.71    -5.19    -328.0      2.22     -2.71     3.102      12748    0    0    0    0    0
2012 10  7 22 15    -3.25     5.91    -5.09    -327.0      0.95     -5.38     2.899      10702    0    0    0    0    0
2012 10  7 22 16    -3.06     6.09    -4.99    -326.6      0.45     -6.20     2.953      11117    0    0    0    0    0
2012 10  7 22 17    -3.08     6.07    -5.02    -326.8      1.54     -6.78     3.232      12419    0    0    0    0    0
2012 10  7 22 18    -3.16     6.01    -5.10    -325.1      3.60     -6.73     3.500      13813    0    0    0    0    0
2012 10  7 22 19    -3.28     5.95    -5.19    -322.3      5.54     -5.06     3.676      15036    0    0    0    0    0
2012 10  7 22 20    -3.47     5.74    -5.29    -320.0      7.43     -3.62     3.875      16764    0    0    0    0    0
2012 10  7 22 21    -3.81     5.21    -5.41    -320.2      9.06     -2.66     4.162      19592    0    0    0    0    0
2012 10  7 22 22    -3.85     5.19    -5.54    -320.9      9.51     -2.04     4.444      20249    0    0    0    0    0
2012 10  7 22 23    -3.90     5.15    -5.52    -320.1      9.07     -3.58     4.588      20457    0    0    0    0    0
2012 10  7 22 24    -4.02     5.16    -5.46    -319.5      7.82     -6.62     4.618      20119    0    0    0    0    0
2012 10  7 22 25    -4.13     5.06    -5.43    -322.8      5.62     -8.23     4.102      17531    0    0    0    0    0
2012 10  7 22 26    -4.14     5.04    -5.43    -322.5      5.44     -8.28     4.039      18100    0    0    0    0    0
2012 10  7 22 27    -4.15     5.06    -5.34    -321.1      5.49     -8.33     4.124      18401    0    0    0    0    0
2012 10  7 22 28    -4.19     5.13    -5.21    -319.6      5.53     -8.57     4.248      18696    0    0    0    0    0
2012 10  7 22 29    -4.28     5.36    -5.09    -318.5      5.17    -10.13     4.405      19810    0    0    0    0    0
2012 10  7 22 30    -4.38     5.38    -5.06    -317.4      5.81    -11.26     4.468      21035    0    0    0    0    0
2012 10  7 22 31    -4.42     5.33    -5.11    -316.8      6.82    -11.22     4.636      22697    0    0    0    0    0
2012 10  7 22 32    -4.32     5.21    -5.22    -316.5      7.52     -9.37     4.761      23586    0    0    0    0    0
2012 10  7 22 33    -4.18     5.17    -5.26    -316.4      7.50     -8.30     4.763      23235    0    0    0    0    0
2012 10  7 22 34    -4.12     5.26    -5.14    -315.5      6.95     -9.18     4.717      22849    0    0    0    0    0
2012 10  7 22 35    -4.13     5.37    -4.96    -314.1      6.13    -10.48     4.645      22795    0    0    0    0    0
2012 10  7 22 36    -4.22     5.46    -4.90    -314.1      5.82    -10.39     4.648      22838    0    0    0    0    0
2012 10  7 22 37    -4.22     5.46    -4.81    -314.2      6.12     -9.51     4.684      24099    0    0    0    0    0
2012 10  7 22 38    -4.24     5.45    -4.76    -314.6      6.77     -6.40     4.815      24988    0    0    0    0    0
2012 10  7 22 39    -4.27     5.56    -4.61    -316.0      6.20     -6.51     4.597      22735    0    0    0    0    0
2012 10  7 22 40    -4.07     5.92    -4.32    -319.5      5.43     -7.65     4.444      19877    0    0    0    0    0
2012 10  7 22 41    -4.05     5.98    -4.25    -319.5      5.90     -7.74     4.677      22179    0    0    0    0    0
2012 10  7 22 42    -4.04     6.04    -4.27    -319.5      6.67     -7.08     4.746      22687    0    0    0    0    0
2012 10  7 22 43    -4.03     6.01    -4.29    -319.8      6.35     -6.39     4.793      23146    0    0    0    0    0
2012 10  7 22 44    -3.91     6.09    -4.20    -321.5      4.78     -7.53     4.758      23225    0    0    0    0    0
2012 10  7 22 45    -3.44     6.39    -4.14    -325.0      2.16     -8.37     4.751      23300    0    0    0    0    0
2012 10  7 22 46    -3.36     6.26    -4.18    -324.5      2.45     -7.60     4.769      23189    0    0    0    0    0
2012 10  7 22 47    -3.45     6.01    -4.37    -322.6      2.98     -6.70     4.767      22521    0    0    0    0    0
2012 10  7 22 48    -3.54     5.72    -4.57    -320.6      4.00     -5.59     4.763      22232    0    0    0    0    0
2012 10  7 22 49    -3.63     5.40    -4.79    -318.6      5.38     -4.32     4.758      22232    0    0    0    0    0
2012 10  7 22 50    -3.80     5.54    -4.69    -317.3      6.24     -4.50     4.795      23356    0    0    0    0    0
2012 10  7 22 51    -3.98     5.70    -4.40    -316.6      6.77     -4.63     4.997      25595    0    0    0    0    0
2012 10  7 22 52    -4.05     5.63    -4.31    -315.4      8.39     -3.62     5.407      28780    0    0    0    0    0
2012 10  7 22 53    -4.04     5.37    -4.52    -313.4     11.29     -1.66     5.912      32221    0    0    0    0    0
2012 10  7 22 54    -4.04     4.76    -5.07    -312.7     13.36     -0.58     6.123      32851    0    0    0    0    0
2012 10  7 22 55    -3.84     4.46    -5.42    -316.0     13.42      1.33     5.898      31581    0    1    1    2    2
2012 10  7 22 56    -3.87     4.48    -5.27    -315.0     12.78      0.32     5.725      30853    0    1    1    2    2
2012 10  7 22 57    -3.92     4.52    -5.12    -313.3     12.24     -1.34     5.584      30262    0    1    1    2    2
2012 10  7 22 58    -4.02     4.63    -4.98    -312.3     11.52     -2.17     5.419      29564    0    1    1    2    2
2012 10  7 22 59    -4.15     4.80    -4.81    -311.6     10.48     -1.58     5.322      29073    0    1    1    1    1
2012 10  7 23  0    -4.29     4.79    -4.63    -313.4     10.11     -0.43     5.339      28912    0    0    0    0    0
2012 10  7 23  1    -4.35     4.59    -4.68    -313.5     10.90     -0.21     5.416      28945    0    0    0    0    0
2012 10  7 23  2    -4.35     4.57    -4.71    -312.3     11.39     -0.02     5.442      28949    0    0    0    0    0
2012 10  7 23  3    -4.39     4.60    -4.69    -311.7     12.17      0.04     5.004      26197    0    0    0    0    0
2012 10  7 23  4    -4.38     4.81    -4.48    -311.8     12.49     -1.08     4.432      23518    0    0    0    0    0
2012 10  7 23  5    -4.41     4.91    -4.30    -312.5     13.10     -2.72     4.368      23279    0    0    0    0    0
2012 10  7 23  6    -4.59     4.62    -4.42    -312.8     14.25     -3.35     4.561      24368    0    0    0    0    0
2012 10  7 23  7    -4.65     4.44    -4.47    -312.5     14.87     -1.27     4.692      25318    0    0    0    0    0
2012 10  7 23  8    -4.71     4.34    -4.50    -311.4     14.69     -2.14     4.757      25745    0    0    0    0    0
2012 10  7 23  9    -4.78     4.24    -4.53    -310.2     14.35     -3.42     4.816      26132    0    0    0    0    0
2012 10  7 23 10    -4.81     4.09    -4.57    -310.1     14.96      0.20     4.947      27141    0    0    0    0    0
2012 10  7 23 11    -4.85     3.92    -4.75    -310.1     16.63      0.07     5.127      28231    0    0    0    0    0
2012 10  7 23 12    -4.89     3.76    -4.82    -310.8     16.79      2.90     5.346      28615    0    0    0    0    0
2012 10  7 23 13    -4.55     4.08    -4.51    -313.4     16.56      5.48     5.542      30827    0    0    0    0    0
2012 10  7 23 14    -4.16     4.60    -4.63    -315.2     15.17      5.28     5.669      30555    0    0    0    0    0
2012 10  7 23 15    -4.10     4.59    -4.67    -315.2     15.10      1.85     5.692      29030    0    0    0    0    0
2012 10  7 23 16    -4.23     4.58    -4.54    -315.2     14.65      1.65     5.639      29062    0    1    1    1    1
2012 10  7 23 17    -4.26     4.63    -4.56    -315.8     13.65      1.90     5.395      29316    0    1    1    2    2
2012 10  7 23 18    -4.04     4.81    -4.75    -316.5     12.51      2.24     5.095      29806    0    1    1    2    2
2012 10  7 23 19    -3.97     4.87    -4.94    -316.4     12.66      2.37     4.944      30429    0    1    1    1    1
2012 10  7 23 20    -3.93     4.73    -4.99    -315.7     14.39      2.69     4.928      31206    0    0    0    0    0
2012 10  7 23 21    -3.89     4.64    -4.94    -315.2     16.55      3.13     5.009      32057    0    0    0    0    0
2012 10  7 23 22    -3.86     4.61    -4.90    -314.9     17.05      3.26     5.238      32771    0    0    0    0    0
2012 10  7 23 23    -3.83     4.59    -4.90    -315.3     15.84      3.59     5.240      30650    0    0    0    0    0
2012 10  7 23 24    -3.77     4.56    -5.02    -315.8     14.18      3.26     4.766      22884    0    0    0    0    0
2012 10  7 23 25    -3.71     4.52    -5.16    -315.9     13.45      2.24     4.441      18428    0    0    0    0    0
2012 10  7 23 26    -3.84     4.55    -5.04    -315.0     13.15     -0.12     4.329      17014    0    0    0    0    0
2012 10  7 23 27    -4.12     4.69    -4.90    -314.7     14.11      0.14     4.319      16418    0    0    0    0    0
2012 10  7 23 28    -4.16     4.71    -4.87    -314.5     14.06      1.53     4.502      17265    0    0    0    0    0
2012 10  7 23 29    -4.16     4.68    -4.98    -315.2     14.13      3.78     5.288      26224    0    0    0    0    0
2012 10  7 23 30    -4.10     4.75    -4.96    -315.5     14.05      5.19     5.517      29973    0    0    0    0    0
2012 10  7 23 31    -3.91     4.85    -4.98    -315.5     15.82      4.36     5.367      28223    0    0    0    0    0
2012 10  7 23 32    -3.85     4.86    -4.97    -314.1     18.86      1.96     4.989      24143    0    0    0    0    0
2012 10  7 23 33    -3.97     4.56    -4.82    -312.2     20.49     -0.33     4.788      17653    0    0    0    0    0
2012 10  7 23 34    -3.73     4.65    -4.73    -321.6      9.50     -2.18     5.385      23922    0    0    0    0    0
2012 10  7 23 35    -2.76     5.92    -4.78    -328.1      2.19     -1.59     5.751      29956    0    0    0    0    0
2012 10  7 23 36    -2.44     6.22    -4.84    -327.5      2.33     -0.75     5.471      27833    0    0    0    0    0
2012 10  7 23 37    -2.41     6.12    -4.95    -326.5      3.61      0.76     5.074      24190    0    0    0    0    0
2012 10  7 23 38    -2.55     5.93    -5.05    -325.2      5.51      2.74     4.788      21358    0    0    0    0    0
2012 10  7 23 39    -2.87     5.70    -5.07    -323.8      7.39      4.72     4.809      21358    0    0    0    0    0
2012 10  7 23 40    -3.39     4.85    -5.40    -323.7     13.95      6.40     5.355      37319    0    0    0    0    0
2012 10  7 23 41    -3.53     4.86    -5.49    -323.8     13.63      7.23     5.934      38145    0    0    0    0    0
2012 10  7 23 42    -2.46     6.12    -5.06    -329.7      1.93     -1.70     5.846      31412    0    0    0    0    0
2012 10  7 23 43    -2.03     6.56    -4.70    -331.1     -0.71     -2.51     5.200      30092    0    0    0    0    0
2012 10  7 23 44    -2.03     6.60    -4.68    -331.5     -0.27     -1.04     4.964      29921    0    0    0    0    0
2012 10  7 23 45    -2.19     6.58    -4.69    -330.6      0.23     -0.13     4.910      29541    0    0    0    0    0
2012 10  7 23 46    -2.38     6.54    -4.68    -329.6      0.35     -0.51     4.782      28575    0    0    0    0    0
2012 10  7 23 47    -2.49     6.49    -4.70    -328.6      0.09     -1.38     4.583      27430    0    0    0    0    0
2012 10  7 23 48    -2.60     6.52    -4.67    -327.4      0.56     -1.58     4.474      27297    0    0    0    0    0
2012 10  7 23 49    -2.65     6.56    -4.58    -326.8      1.62     -1.17     4.503      28915    0    0    0    0    0
2012 10  7 23 50    -2.67     6.58    -4.53    -326.4      2.51     -0.80     4.762      30548    0    0    0    0    0
2012 10  7 23 51    -2.75     6.41    -4.70    -325.8      2.98     -0.93     5.084      30834    0    0    0    0    0
2012 10  7 23 52    -2.86     6.08    -5.02    -325.6      3.32     -1.27     5.189      30834    0    0    0    0    0
2012 10  7 23 53    -2.87     5.99    -5.17    -326.0      3.32     -1.48     4.941      29735    0    0    0    0    0
2012 10  7 23 54    -2.91     5.94    -5.24    -325.8      3.57     -1.07     4.790      28109    0    0    0    0    0
2012 10  7 23 55    -2.76     6.15    -5.05    -327.0      2.86     -0.37     4.911      30307    0    0    0    0    0
2012 10  7 23 56    -2.67     6.31    -4.84    -327.9      2.10     -0.36     5.091      31810    0    0    0    0    0
2012 10  7 23 57    -2.87     6.26    -4.90    -327.6      1.75     -0.54     5.046      29618    0    0    0    0    0
2012 10  7 23 58    -2.87     6.06    -5.01    -327.4      2.19     -0.35     4.858      28107    0    0    0    0    0
2012 10  7 23 59    -2.84     5.87    -5.19    -327.7      3.75      0.89     4.765      27821    0    0    0    0    0
2012 10  8  0  0    -2.81     5.68    -5.43    -328.9      5.98      3.21     4.800      32430    0    0    0    0    0
2012 10  8  0  1    -2.82     5.69    -5.48    -329.1      5.09      2.69     4.945      35333    0    0    0    0    0
2012 10  8  0  2    -2.77     5.76    -5.50    -327.7      4.33      1.90     5.043      35333    0    0    0    0    0
2012 10  8  0  3    -2.76     5.80    -5.48    -326.8      4.11      1.24     5.087      35309    0    0    0    0    0
2012 10  8  0  4    -2.76     5.83    -5.44    -326.2      4.27      0.97     5.014      33505    0    0    0    0    0
2012 10  8  0  5    -2.79     5.85    -5.41    -325.8      4.39      0.47     4.843      28759    0    0    0    0    0
2012 10  8  0  6    -2.86     5.82    -5.46    -325.0      4.32     -0.30     4.732      24531    0    0    0    0    0
2012 10  8  0  7    -2.89     5.76    -5.58    -324.1      4.31     -0.47     4.790      25173    0    0    0    0    0
2012 10  8  0  8    -2.98     5.76    -5.55    -323.7      4.41     -0.12     4.897      30493    0    0    0    0    0
2012 10  8  0  9    -2.98     5.81    -5.49    -323.5      4.53      0.19     4.866      30493    0    0    0    0    0
2012 10  8  0 10    -3.02     5.76    -5.54    -322.7      4.60      0.12     4.760      28526    0    0    0    0    0
2012 10  8  0 11    -3.05     5.68    -5.55    -321.6      4.73     -0.22     4.642      26164    0    0    0    0    0
2012 10  8  0 12    -3.10     5.60    -5.53    -321.0      5.01     -0.23     4.594      24892    0    0    0    0    0
2012 10  8  0 13    -3.13     5.57    -5.55    -321.0      5.15     -0.01     4.687      25422    0    0    0    0    0
2012 10  8  0 14    -3.27     5.54    -5.52    -320.7      5.03     -0.54     4.856      26006    0    0    0    0    0
2012 10  8  0 15    -3.49     5.49    -5.38    -320.4      4.45     -1.44     5.031      26006    0    0    0    0    0
2012 10  8  0 16    -3.51     5.48    -5.30    -320.6      3.30     -1.69     5.131      26102    0    0    0    0    0
2012 10  8  0 17    -3.31     5.44    -5.49    -322.0      2.77     -2.80     5.115      26589    0    0    0    0    0
2012 10  8  0 18    -3.05     5.30    -5.83    -323.5      2.21     -3.98     5.089      27388    0    0    0    0    0
2012 10  8  0 19    -2.92     5.42    -5.73    -324.1      2.15     -2.66     5.083      28787    0    0    0    0    0
2012 10  8  0 20    -2.92     5.66    -5.45    -324.8      2.90     -0.74     5.059      32293    0    0    0    0    0
2012 10  8  0 21    -2.93     5.94    -5.16    -325.0      3.68     -0.06     4.970      29676    0    0    0    0    0
2012 10  8  0 22    -3.03     6.16    -4.99    -328.9      1.19     -1.26     4.954      22752    0    0    0    0    0
2012 10  8  0 23    -3.05     6.16    -4.94    -328.7      0.97     -0.74     5.219      32191    0    0    0    0    0
2012 10  8  0 24    -3.05     6.13    -4.95    -328.2      1.48     -0.71     5.534      32348    0    1    1    0    0
2012 10  8  0 25    -3.06     5.93    -5.13    -327.7      2.05     -1.07     5.373      31248    0    1    1    0    0
2012 10  8  0 26    -3.13     5.81    -5.30    -327.1      2.47     -1.53     4.920      26665    0    1    1    0    0
2012 10  8  0 27    -3.43     5.41    -5.41    -326.4      2.88     -1.87     4.636      24486    0    1    1    0    0
2012 10  8  0 28    -3.72     5.07    -5.44    -325.6      3.37     -2.01     4.590      25176    0    1    1    0    0
2012 10  8  0 29    -3.65     5.28    -5.41    -325.4      3.64     -1.21     4.717      26355    0    0    0    0    0
2012 10  8  0 30    -3.20     5.85    -5.30    -326.0      3.25      0.22     4.950      26462    0    0    0    0    0
2012 10  8  0 31    -2.92     6.38    -4.89    -327.7      0.56     -2.19     5.037      26499    0    0    0    0    0
2012 10  8  0 32    -3.14     6.46    -4.68    -328.2     -0.93     -3.40     5.055      26653    0    0    0    0    0
2012 10  8  0 33    -3.16     6.46    -4.67    -328.1     -0.67     -4.66     5.121      26672    0    0    0    0    0
2012 10  8  0 34    -3.07     6.37    -4.70    -328.1     -1.89     -5.18     5.078      24999    0    0    0    0    0
2012 10  8  0 35    -2.93     6.43    -4.57    -326.9     -1.81     -5.25     4.905      24737    0    0    0    0    0
2012 10  8  0 36    -2.99     6.33    -4.67    -326.8     -2.34     -4.99     4.833      26084    0    0    0    0    0
2012 10  8  0 37    -3.08     6.22    -4.91    -326.2     -2.14     -4.51     5.020      28160    0    0    0    0    0
2012 10  8  0 38    -3.23     6.09    -5.08    -325.1     -0.38     -2.75     5.265      29862    0    0    0    0    0
2012 10  8  0 39    -3.59     5.76    -5.23    -324.7      2.55      0.96     5.494      31428    0    0    0    0    0
2012 10  8  0 40    -3.65     5.60    -5.33    -323.0      3.80      2.09     5.729      33147    0    0    0    0    0
2012 10  8  0 41    -3.67     5.50    -5.41    -322.5      4.44      2.34     5.982      34163    0    0    0    0    0
2012 10  8  0 42    -3.68     5.40    -5.51    -321.7      4.77      2.19     6.024      34363    0    0    0    0    0
2012 10  8  0 43    -3.80     5.27    -5.56    -320.3      5.22      1.53     5.917      33410    0    0    0    0    0
2012 10  8  0 44    -4.02     5.14    -5.56    -318.7      5.79      0.39     5.734      31569    0    0    0    0    0
2012 10  8  0 45    -4.06     5.10    -5.59    -318.1      5.74     -3.19     5.419      28177    0    0    0    0    0
2012 10  8  0 46    -4.07     5.04    -5.63    -317.8      5.90     -3.72     5.382      27696    0    0    0    0    0
2012 10  8  0 47    -4.02     4.82    -5.69    -317.0      6.53     -4.26     5.380      27680    0    0    0    0    0
2012 10  8  0 48    -4.02     4.76    -5.70    -315.5      6.48     -4.99     5.371      28699    0    0    0    0    0
2012 10  8  0 49    -4.07     4.81    -5.69    -313.5      5.99     -5.79     5.359      30351    0    0    0    0    0
2012 10  8  0 50    -4.39     4.81    -5.44    -312.0      5.27     -7.44     5.369      30461    0    0    0    0    0
2012 10  8  0 51    -4.65     4.76    -5.27    -310.9      4.83     -9.00     5.404      30216    0    0    0    0    0
2012 10  8  0 52    -4.84     4.60    -5.22    -310.6      4.86     -9.98     5.446      29869    0    0    0    0    0
2012 10  8  0 53    -4.82     4.64    -5.07    -311.9      4.14    -10.20     5.531      30450    0    0    0    0    0
2012 10  8  0 54    -4.42     5.26    -4.63    -314.1      0.57    -12.86     5.989      35399    0    0    0    0    0
2012 10  8  0 55    -4.38     5.23    -4.79    -312.5      0.49    -12.18     6.073      35877    0    0    0    0    0
2012 10  8  0 56    -4.25     5.13    -4.92    -311.9      0.68    -12.95     5.893      36052    0    0    0    0    0
2012 10  8  0 57    -4.09     5.03    -5.21    -314.9      1.33    -10.17     4.992      24101    0    0    0    0    0
2012 10  8  0 58    -4.16     4.94    -5.26    -314.4      1.97     -8.57     4.757      24462    0    0    0    0    0
2012 10  8  0 59    -4.11     4.66    -5.67    -321.1      3.84      0.63     5.180      30356    0    0    0    0    0
2012 10  8  1  0    -2.82     4.92    -6.28    -327.7      3.91      4.91     5.450      32481    0    0    0    0    0
2012 10  8  1  1    -3.08     4.75    -6.33    -326.0      3.98      3.33     5.491      33438    0    0    0    0    0
2012 10  8  1  2    -3.44     4.54    -6.33    -323.7      4.01      2.23     5.527      34338    0    0    0    0    1
2012 10  8  1  3    -3.74     4.36    -6.28    -320.2      4.16      2.62     5.491      34349    0    0    0    0    1
2012 10  8  1  4    -3.85     4.25    -6.24    -317.6      4.34      2.91     5.453      34361    0    0    0    0    2
2012 10  8  1  5    -3.97     4.14    -6.20    -315.0      4.54      3.20     5.416      34372    0    0    0    0    2
2012 10  8  1  6    -4.09     4.03    -6.16    -312.4      4.74      3.48     5.378      34383    0    0    0    0    2
2012 10  8  1  7    -3.98     4.10    -6.16    -312.4      4.82      5.23     5.340      34001    0    0    0    0    1
2012 10  8  1  8    -3.85     4.52    -6.08    -314.9      4.48     11.59     5.302      33468    0    0    0    0    0
2012 10  8  1  9    -3.08     6.08    -5.09    -330.3     -2.56     13.63     5.264      32935    0    0    0    0    0
2012 10  8  1 10    -2.98     6.08    -5.21    -331.0     -1.02      8.70     5.226      32402    1    1    1    1    1
2012 10  8  1 11    -3.01     5.64    -5.56    -327.9      1.91      4.14     5.188      31869    1    1    1    1    1
2012 10  8  1 12    -3.12     5.46    -5.69    -325.7      3.23      0.85     5.150      31336    1    1    1    1    1
2012 10  8  1 13    -3.26     5.46    -5.65    -324.4      3.38     -1.30     5.017      29556    0    0    0    0    0
2012 10  8  1 14    -3.31     5.50    -5.56    -324.4      3.04     -1.62     4.557      23300    0    0    0    0    0
2012 10  8  1 15    -3.26     5.62    -5.51    -323.1      2.36     -1.75     4.371      23300    0    0    0    0    0
2012 10  8  1 16    -3.44     5.38    -5.72    -321.1      3.16     -0.95     4.405      24449    0    0    0    0    0
2012 10  8  1 17    -3.61     5.14    -5.93    -319.3      4.13     -0.22     4.520      26442    0    0    0    0    0
2012 10  8  1 18    -3.54     5.15    -5.93    -319.4      4.30     -0.88     4.897      31306    0    0    0    0    0
2012 10  8  1 19    -3.67     5.18    -5.89    -320.3      3.15     -2.17     5.342      32114    0    0    0    0    0
2012 10  8  1 20    -3.72     5.22    -5.91    -321.4      2.39     -3.38     5.597      34318    0    0    0    0    0
2012 10  8  1 21    -3.53     5.19    -5.99    -322.6      3.57     -1.31     5.663      35384    0    0    0    0    0
2012 10  8  1 22    -3.44     5.27    -5.99    -324.3      4.55      3.42     5.734      35361    0    0    0    0    0
2012 10  8  1 23    -3.54     5.28    -5.88    -325.5      3.72      2.54     6.236      35883    0    0    0    0    0
2012 10  8  1 24    -3.55     5.38    -5.84    -325.5      2.04      0.19     6.298      36787    0    0    0    0    0
2012 10  8  1 25    -3.27     5.43    -5.81    -323.6      1.47     -2.00     6.204      36787    0    0    0    0    0
2012 10  8  1 26    -3.40     5.37    -5.68    -323.5      1.90     -1.97     5.479      30905    0    0    0    0    0
2012 10  8  1 27    -3.65     5.28    -5.66    -321.4      2.52     -2.10     5.404      29846    0    0    0    0    0
2012 10  8  1 28    -3.89     5.21    -5.68    -320.1      3.25     -2.22     5.343      29129    0    0    0    0    0
2012 10  8  1 29    -3.97     5.19    -5.74    -319.7      3.93     -2.62     5.306      29129    0    0    0    0    0
2012 10  8  1 30    -3.83     5.20    -5.72    -317.8      4.03     -3.61     5.295      29129    0    0    0    0    0
2012 10  8  1 31    -3.74     5.13    -5.83    -317.0      4.38     -0.51     5.177      28093    0    0    0    0    0
2012 10  8  1 32    -3.72     4.90    -5.95    -317.7      3.91     -1.40     4.915      26673    0    0    0    0    0
2012 10  8  1 33    -3.68     4.89    -5.99    -318.9      3.82     -2.12     4.659      26084    0    0    0    0    0
2012 10  8  1 34    -3.78     4.77    -5.98    -318.4      4.04     -5.24     4.602      24722    0    0    0    0    0
2012 10  8  1 35    -3.86     4.73    -5.92    -315.5      4.16     -5.96     4.624      24699    0    0    0    0    0
2012 10  8  1 36    -3.94     4.69    -5.86    -312.5      4.28     -6.64     4.646      24699    0    0    0    0    0
2012 10  8  1 37    -4.16     4.60    -5.74    -309.9      4.54     -7.09     4.669      24625    0    0    0    0    0
2012 10  8  1 38    -4.62     4.46    -5.55    -307.9      5.01     -7.19     4.690      24432    0    0    0    0    0
2012 10  8  1 39    -4.88     4.31    -5.44    -306.2      5.32     -8.27     4.573      23415    0    0    0    0    0
2012 10  8  1 40    -5.01     4.17    -5.43    -305.3      5.59     -9.15     4.331      21622    0    0    0    0    0
2012 10  8  1 41    -4.40     4.34    -5.74    -310.0      6.30     -4.76     4.129      20723    0    0    0    0    0
2012 10  8  1 42    -4.45     4.31    -5.70    -309.4      6.76     -5.28     4.528      24697    0    0    0    0    0
2012 10  8  1 43    -4.48     4.34    -5.69    -308.1      7.53     -5.98     4.908      30483    0    0    0    0    0
2012 10  8  1 44    -4.46     4.31    -5.79    -307.0      9.07     -3.35     4.941      31833    0    0    0    0    0
2012 10  8  1 45    -4.50     4.20    -5.76    -307.8     13.03     -1.36     4.618      26299    0    0    0    0    0
2012 10  8  1 46    -4.46     4.01    -5.75    -308.3     11.60     -0.34     4.505      23617    0    0    0    0    0
2012 10  8  1 47    -4.72     4.33    -5.56    -310.9      8.69     -1.51     4.686      24170    0    0    0    0    0
2012 10  8  1 48    -4.65     4.52    -5.55    -310.9      8.33     -1.74     4.633      25100    0    0    0    0    0
2012 10  8  1 49    -4.55     4.62    -5.56    -311.5      8.28     -1.52     4.016      25015    0    0    0    0    0
2012 10  8  1 50    -4.46     4.65    -5.66    -312.1      7.33     -1.26     3.921      24947    0    0    0    0    0
2012 10  8  1 51    -4.27     4.82    -5.70    -314.7      4.26     -2.60     5.173      27797    0    0    0    0    0
2012 10  8  1 52    -3.83     5.10    -5.94    -319.7      2.13     -1.64     6.169      33412    0    0    0    0    0
2012 10  8  1 53    -3.72     5.07    -5.89    -320.0      2.45     -0.69     5.605      30725    0    0    0    0    0
2012 10  8  1 54    -3.68     5.10    -5.87    -320.4      2.76     -0.37     4.987      28052    0    0    0    0    0
2012 10  8  1 55    -3.64     4.86    -6.01    -320.0      3.37     -0.62     4.862      27763    0    0    0    0    0
2012 10  8  1 56    -3.65     4.37    -6.32    -318.8      4.32     -1.05     4.986      27892    0    0    0    0    0
2012 10  8  1 57    -3.71     4.33    -6.31    -317.5      5.70     -1.13     5.186      29820    0    0    0    0    0
2012 10  8  1 58    -3.77     4.30    -6.34    -317.1      6.74     -0.39     5.416      31232    0    0    0    0    0
2012 10  8  1 59    -3.85     4.47    -6.20    -317.2      7.58      2.35     5.559      31809    0    0    0    0    0
2012 10  8  2  0    -3.91     4.44    -6.21    -316.4      7.07      1.38     5.523      32592    0    0    0    0    0
2012 10  8  2  1    -3.93     4.36    -6.26    -315.0      6.30     -0.18     5.393      33110    0    0    0    0    0
2012 10  8  2  2    -3.91     4.36    -6.25    -313.1      5.77     -0.66     5.201      33110    0    0    0    0    0
2012 10  8  2  3    -3.88     4.30    -6.25    -312.5      4.34     -1.63     4.845      27763    0    0    0    0    0
2012 10  8  2  4    -3.87     4.26    -6.24    -312.4      3.68     -1.37     4.396      23026    0    0    0    0    0
2012 10  8  2  5    -3.97     4.52    -6.08    -314.9      2.99     -1.84     4.028      21358    0    0    0    0    0
2012 10  8  2  6    -4.09     5.15    -5.57    -314.7      0.35     -4.28     4.299      21744    0    0    0    0    0
2012 10  8  2  7    -4.11     5.51    -5.21    -314.9     -0.88     -6.92     4.617      23889    0    0    0    0    0
2012 10  8  2  8    -4.03     5.75    -4.96    -315.4     -2.52     -8.34     4.664      26838    0    0    0    0    0
2012 10  8  2  9    -4.04     5.89    -4.68    -315.7     -4.63    -10.88     4.862      30458    0    0    0    0    0
2012 10  8  2 10    -4.02     5.93    -4.57    -316.2     -6.70    -12.99     5.012      32746    0    0    0    0    0
2012 10  8  2 11    -4.05     5.81    -4.70    -315.2     -5.84    -11.79     4.936      31113    0    0    0    0    0
2012 10  8  2 12    -4.13     5.55    -4.97    -313.0     -3.23     -8.91     4.806      28143    0    0    0    0    0
2012 10  8  2 13    -4.18     5.52    -5.02    -312.1     -2.32     -8.16     4.506      23742    0    0    0    0    0
2012 10  8  2 14    -4.19     5.59    -5.01    -313.9     -6.11    -10.27     4.518      22246    0    0    0    0    0
2012 10  8  2 15    -4.10     4.78    -5.45    -315.0     -4.26     -8.88     4.955      27760    0    0    0    0    0
2012 10  8  2 16    -4.19     4.17    -6.03    -314.6      1.59     -5.01     5.261      30089    0    0    0    0    0
2012 10  8  2 17    -4.18     4.12    -6.11    -312.4      1.27     -5.14     5.411      31694    0    0    0    0    0
2012 10  8  2 18    -4.18     4.13    -6.14    -310.8      1.12     -5.49     5.553      33764    0    0    0    0    0
2012 10  8  2 19    -4.18     4.52    -5.91    -311.2      0.73     -5.57     5.681      35623    0    0    0    0    0
2012 10  8  2 20    -4.09     4.71    -5.92    -314.0      2.69     -3.54     5.465      30844    0    0    0    0    0
2012 10  8  2 21    -3.99     4.48    -6.19    -314.9      3.78     -3.11     5.199      29047    0    0    0    0    0
2012 10  8  2 22    -3.99     4.34    -6.32    -314.4      4.37     -3.47     5.119      29215    0    0    0    0    0
2012 10  8  2 23    -3.96     4.37    -6.28    -313.8      3.65     -3.75     5.215      30203    0    0    0    0    0
2012 10  8  2 24    -3.98     4.67    -5.92    -312.2      0.60     -7.44     5.332      30842    0    0    0    0    0
2012 10  8  2 25    -4.05     4.93    -5.60    -311.0     -1.20     -9.81     5.374      31129    0    0    0    0    0
2012 10  8  2 26    -4.14     5.18    -5.28    -310.7     -2.65    -10.72     5.286      30343    0    0    0    0    0
2012 10  8  2 27    -4.11     5.53    -5.03    -313.8     -5.04    -14.09     4.927      28093    0    0    0    0    0
2012 10  8  2 28    -4.01     5.38    -5.14    -314.7     -5.31    -13.87     4.787      28113    0    0    0    0    0
2012 10  8  2 29    -3.81     5.03    -5.60    -314.6     -3.65    -11.69     4.754      28287    0    0    0    0    0
2012 10  8  2 30    -3.70     4.91    -5.90    -313.7     -1.14     -9.17     4.851      28713    0    0    0    0    0
2012 10  8  2 31    -3.70     4.89    -5.92    -312.7     -0.54     -9.87     5.047      29112    0    0    0    0    0
2012 10  8  2 32    -3.73     5.06    -5.80    -312.6     -1.52     -9.85     5.249      31641    0    0    0    0    0
2012 10  8  2 33    -3.82     5.34    -5.27    -313.2     -1.85    -13.22     5.353      35120    0    0    0    0    0
2012 10  8  2 34    -3.79     5.77    -5.00    -318.1     -4.61    -14.37     5.101      32475    0    0    0    0    0
2012 10  8  2 35    -3.66     5.96    -4.95    -317.5     -6.64    -15.35     4.872      27065    0    0    0    0    0
2012 10  8  2 36    -3.55     6.04    -4.89    -316.2     -8.10    -15.96     4.778      25562    0    0    0    0    0
2012 10  8  2 37    -3.45     6.02    -4.91    -316.3     -9.03    -16.56     4.841      26822    0    0    0    0    0
2012 10  8  2 38    -3.26     6.25    -4.66    -320.4     -8.37    -16.16     5.261      33832    0    0    0    0    0
2012 10  8  2 39    -3.30     6.19    -4.65    -320.7     -7.45    -14.53     5.375      34197    0    0    0    0    0
2012 10  8  2 40    -3.09     6.36    -4.82    -325.2    -11.03    -11.34     5.209      29204    0    0    0    0    0
2012 10  8  2 41    -3.07     6.62    -4.43    -325.1    -12.48    -12.75     4.974      27540    0    0    0    0    0
2012 10  8  2 42    -3.16     6.60    -4.41    -324.3    -12.35    -14.34     4.939      27863    0    0    0    0    0
2012 10  8  2 43    -3.46     6.38    -4.46    -321.8    -10.78    -13.82     5.165      29249    0    0    0    0    0
2012 10  8  2 44    -3.71     6.20    -4.54    -319.5     -9.39    -13.33     5.367      30219    0    0    0    0    0
2012 10  8  2 45    -3.87     6.12    -4.72    -317.4     -8.44    -12.94     5.514      30219    0    0    0    0    0
2012 10  8  2 46    -3.96     5.91    -4.93    -315.9     -6.38    -13.01     5.476      29047    0    0    0    0    0
2012 10  8  2 47    -3.93     5.49    -5.16    -315.8     -4.28    -13.10     5.291      27680    0    0    0    0    0
2012 10  8  2 48    -3.18     5.39    -5.79    -324.0     -6.05    -12.01     5.521      30245    0    0    0    0    0
2012 10  8  2 49    -3.26     5.41    -5.78    -323.4     -4.27     -9.74     5.707      33100    0    0    0    0    0
2012 10  8  2 50    -3.45     5.86    -5.08    -322.4     -9.11    -16.45     5.915      36277    0    0    0    0    0
2012 10  8  2 51    -3.55     6.17    -4.67    -320.9     -9.32    -17.64     6.021      37182    0    0    0    0    0
2012 10  8  2 52    -3.61     6.37    -4.44    -320.0     -9.46    -17.65     6.053      36910    0    0    0    0    0
2012 10  8  2 53    -3.53     6.47    -4.40    -320.7    -13.30    -19.55     5.594      33359    0    0    0    0    0
2012 10  8  2 54    -3.29     6.58    -4.38    -320.0    -12.80    -18.22     4.938      28675    0    0    0    0    0
2012 10  8  2 55    -3.14     6.52    -4.48    -319.5    -10.68    -15.96     4.707      26604    0    0    0    0    0
2012 10  8  2 56    -3.28     6.18    -4.84    -318.3     -8.47    -14.81     4.887      26416    0    0    0    0    0
2012 10  8  2 57    -3.38     5.97    -5.20    -319.0     -4.52     -9.56     5.069      26404    0    0    0    0    0
2012 10  8  2 58    -3.05     5.61    -5.66    -325.2     -1.96     -4.89     5.473      35206    0    0    0    0    0
2012 10  8  2 59    -3.07     4.96    -6.26    -325.6     -1.55     -3.89     5.522      33873    0    0    0    0    0
2012 10  8  3  0    -3.03     4.84    -6.30    -324.7     -2.86     -4.21     5.479      31730    0    0    0    0    0
2012 10  8  3  1    -3.05     5.03    -6.07    -324.1     -5.75     -6.26     5.488      32110    0    0    0    0    0
2012 10  8  3  2    -3.39     5.45    -5.83    -323.9     -8.01     -6.26     5.678      35830    0    0    0    0    0
2012 10  8  3  3    -3.38     5.56    -5.62    -323.9     -9.15     -7.21     5.781      38245    0    0    0    0    0
2012 10  8  3  4    -3.30     5.70    -5.50    -324.7     -9.78     -6.18     5.762      37485    0    0    0    0    0
2012 10  8  3  5    -3.18     5.71    -5.42    -323.4    -10.02     -6.56     5.646      34800    0    0    0    0    0
2012 10  8  3  6    -3.28     5.79    -5.28    -322.0     -9.64     -6.40     5.589      33688    0    0    0    0    0
2012 10  8  3  7    -3.48     5.86    -5.12    -320.2     -9.36     -7.63     5.560      33242    0    0    0    0    0
2012 10  8  3  8    -3.75     5.92    -4.94    -318.1     -9.18     -9.96     5.552      33242    0    0    0    0    0
2012 10  8  3  9    -3.86     5.97    -4.58    -317.5    -11.75    -12.57     5.550      34681    0    0    0    0    0
2012 10  8  3 10    -3.99     6.05    -4.32    -317.7    -13.66    -18.77     5.492      35076    0    0    0    0    0
2012 10  8  3 11    -3.62     6.01    -3.96    -319.9    -15.28    -24.82     5.430      33520    0    0    0    0    0
2012 10  8  3 12    -3.35     5.98    -3.98    -319.9    -12.17    -23.09     5.525      35045    0    0    0    0    0
2012 10  8  3 13    -3.10     6.09    -4.35    -320.8    -10.48    -21.45     6.034      41630    0    0    0    0    0
2012 10  8  3 14    -2.95     6.34    -4.34    -321.0    -10.69    -21.36     6.456      46514    0    0    0    0    0
2012 10  8  3 15    -2.93     6.30    -4.31    -321.2    -11.44    -20.51     6.599      48341    0    0    0    0    0
2012 10  8  3 16    -2.99     6.26    -4.28    -321.3    -11.92    -17.51     6.601      46306    0    0    0    0    0
2012 10  8  3 17    -2.93     6.43    -3.82    -321.0    -12.37    -15.57     6.587      44678    0    0    0    0    0
2012 10  8  3 18    -2.82     6.68    -3.38    -320.8    -12.90    -16.20     6.584      44678    0    0    0    0    0
2012 10  8  3 19    -2.79     6.71    -3.42    -320.8    -14.46    -16.78     6.301      40539    0    0    0    0    0
2012 10  8  3 20    -2.90     6.44    -3.65    -320.5    -16.17    -15.88     5.886      35025    0    0    0    0    0
2012 10  8  3 21    -3.12     6.09    -4.11    -319.9    -15.75    -15.18     5.774      34092    0    0    0    0    0
2012 10  8  3 22    -3.35     5.84    -4.46    -319.7    -14.39    -16.06     5.860      34755    0    0    0    0    0
2012 10  8  3 23    -3.43     5.78    -4.44    -319.2    -11.48    -19.22     6.090      37274    0    0    0    0    0
2012 10  8  3 24    -3.62     5.85    -4.28    -319.4    -11.19    -19.25     6.330      39496    0    0    0    0    0
2012 10  8  3 25    -3.59     5.86    -4.31    -319.5     -9.37    -18.34     6.367      39189    0    0    0    0    0
2012 10  8  3 26    -3.47     5.83    -4.52    -319.5    -10.74    -15.90     6.261      37823    0    0    0    0    0
2012 10  8  3 27    -3.47     5.80    -4.55    -319.6     -9.24    -13.26     6.160      37884    0    0    0    0    0
2012 10  8  3 28    -3.48     5.84    -4.44    -318.6    -11.18    -13.72     6.132      38158    0    0    0    0    0
2012 10  8  3 29    -3.61     5.82    -4.33    -316.7    -10.16    -14.64     6.145      39365    0    0    0    0    0
2012 10  8  3 30    -3.79     5.74    -4.24    -315.1     -9.84    -16.26     6.163      40110    0    0    0    0    0
2012 10  8  3 31    -4.03     5.60    -4.20    -313.8    -10.57    -18.82     6.190      40022    0    0    0    0    0
2012 10  8  3 32    -4.12     5.58    -4.17    -312.1    -10.00    -18.20     6.203      38263    0    0    0    0    0
2012 10  8  3 33    -4.21     5.61    -4.13    -311.3     -9.81    -17.76     6.211      36809    0    0    0    0    0
2012 10  8  3 34    -4.21     5.67    -4.12    -312.5    -11.31    -17.42     6.244      36245    0    0    0    0    0
2012 10  8  3 35    -4.11     5.68    -4.22    -313.8    -11.55    -16.91     6.294      36608    0    0    0    0    0
2012 10  8  3 36    -4.10     5.40    -4.58    -313.9    -10.74    -15.35     6.336      38596    0    0    0    0    0
2012 10  8  3 37    -4.04     5.23    -4.88    -314.6     -9.49    -13.69     6.382      40848    0    0    0    0    0
2012 10  8  3 38    -3.98     5.20    -4.97    -315.6    -10.00    -13.87     6.379      41425    0    0    0    0    0
2012 10  8  3 39    -3.95     5.16    -5.08    -315.6     -9.57    -14.15     6.358      40924    0    0    0    0    0
2012 10  8  3 40    -4.00     5.23    -5.02    -315.2     -8.64    -14.05     6.351      40173    0    0    0    0    0
2012 10  8  3 41    -4.05     5.34    -4.86    -314.3     -8.61    -13.68     6.365      40180    0    0    0    0    0
2012 10  8  3 42    -4.05     5.30    -4.85    -314.9     -7.40    -13.79     6.393      40369    0    1    1    1    1
2012 10  8  3 43    -3.87     4.62    -5.44    -317.6      1.78    -11.75     6.275      41221    0    1    1    2    2
2012 10  8  3 44    -3.61     2.78    -6.12    -320.4     13.10     -8.52     6.096      42095    0    1    1    2    2
2012 10  8  3 45    -3.38     1.98    -6.32    -320.6     18.26     -6.86     6.046      42831    0    1    1    1    1
2012 10  8  3 46    -3.39     1.55    -6.39    -319.1     18.82     -6.62     6.094      43514    0    0    0    0    0
2012 10  8  3 47    -3.67     1.46    -6.31    -317.2     18.77     -6.59     6.175      44117    0    0    0    0    0
2012 10  8  3 48    -3.90     1.47    -6.25    -315.6     18.76     -6.53     6.237      46056    0    0    0    0    0
2012 10  8  3 49    -4.05     1.56    -6.19    -314.6     18.86     -6.31     6.241      48482    0    0    0    0    0
2012 10  8  3 50    -4.06     1.55    -6.14    -314.4     19.15     -5.92     6.077      47101    0    0    0    0    0
2012 10  8  3 51    -4.02     1.03    -5.99    -314.3     18.94     -7.44     5.952      39275    0    0    0    0    0
2012 10  8  3 52    -4.04     0.60    -5.89    -313.8     19.28     -8.72     5.986      39311    0    0    0    0    0
2012 10  8  3 53    -3.91     0.56    -6.04    -314.2     22.02    -10.02     6.313      41335    0    0    0    0    0
2012 10  8  3 54    -3.85     0.65    -6.25    -316.7     22.21     -8.91     6.553      41654    0    0    0    0    0
2012 10  8  3 55    -3.98     0.62    -6.28    -317.1     22.35     -6.98     6.559      41654    0    0    0    0    0
2012 10  8  3 56    -3.93     0.82    -6.44    -316.8     21.37     -4.43     6.722      46190    0    0    0    0    0
2012 10  8  3 57    -3.83     1.04    -6.57    -317.7     17.73     -2.24     7.096      53686    0    0    0    0    0
2012 10  8  3 58    -3.53     1.06    -6.76    -318.5     12.85     -0.22     7.274      54782    0    0    0    0    0
2012 10  8  3 59    -3.44     1.81    -6.89    -320.0     11.69     -0.87     6.542      45525    0    0    0    0    0
2012 10  8  4  0    -3.47     1.95    -6.75    -318.6     11.63     -2.37     6.243      38422    0    0    0    0    0
2012 10  8  4  1    -3.56     2.11    -6.76    -318.0     11.19     -4.42     6.191      38422    0    0    0    0    0
2012 10  8  4  2    -3.61     1.98    -6.76    -317.8     11.17     -4.95     6.303      39966    0    0    0    0    0
2012 10  8  4  3    -3.72     1.92    -6.67    -316.8     10.90     -4.61     6.448      41758    0    0    0    0    0
2012 10  8  4  4    -3.73     2.02    -6.45    -316.9     11.30     -4.69     6.600      44947    0    0    0    0    0
2012 10  8  4  5    -3.88     2.10    -5.97    -317.4     11.80     -4.84     6.660      47676    0    0    0    0    0
2012 10  8  4  6    -3.92     2.09    -5.85    -317.9     12.41     -3.38     6.603      48137    0    0    0    0    0
2012 10  8  4  7    -2.93     1.66    -7.01    -318.1     12.71     -1.26     6.580      46701    0    0    0    0    0
2012 10  8  4  8    -2.91     1.50    -7.10    -321.6     14.21      1.10     6.496      44250    0    0    0    0    0
2012 10  8  4  9    -3.19     1.41    -7.04    -322.7     15.35     -2.89     6.407      43559    0    0    0    0    0
2012 10  8  4 10    -3.24     1.60    -7.07    -322.9     13.95     -3.90     6.515      44417    0    0    0    0    0
2012 10  8  4 11    -3.15     1.53    -7.10    -322.9     12.92     -3.95     6.566      44554    0    0    0    0    0
2012 10  8  4 12    -3.09     1.48    -7.29    -323.4     11.47     -3.83     6.421      42966    0    0    0    0    0
2012 10  8  4 13    -3.05     1.15    -7.47    -323.0     11.76     -2.43     6.330      42599    0    0    0    0    0
2012 10  8  4 14    -2.97     1.34    -7.52    -322.2     11.72     -3.56     6.045      39788    0    0    0    0    0
2012 10  8  4 15    -2.99     1.84    -7.26    -321.9     10.67     -3.77     5.634      36751    0    0    0    0    0
2012 10  8  4 16    -2.87     1.94    -7.11    -321.8     10.47     -3.46     5.415      35758    0    0    0    0    0
2012 10  8  4 17    -2.58     1.19    -7.57    -322.9     14.03     -2.06     5.378      38510    0    0    0    0    0
2012 10  8  4 18    -2.58     0.87    -7.63    -323.2     16.46     -0.57     6.006      42192    0    0    0    0    0
2012 10  8  4 19    -2.55     0.93    -7.62    -323.1     14.08     -1.38     6.290      42493    0    0    0    0    0
2012 10  8  4 20    -2.39     2.09    -7.58    -323.3      9.99     -3.08     6.314      42493    0    0    0    0    0
2012 10  8  4 21    -2.31     2.59    -7.44    -324.2      8.52     -2.38     6.450      45468    0    0    0    0    0
2012 10  8  4 22    -2.18     2.18    -7.56    -324.6      9.97     -1.68     6.450      45335    0    0    0    0    0
2012 10  8  4 23    -1.79     1.26    -7.84    -325.5     10.84      0.74     6.199      43010    0    0    0    0    0
2012 10  8  4 24    -1.29     0.82    -8.00    -326.8     11.80      3.28     5.835      39978    0    0    0    0    0
2012 10  8  4 25    -1.45     0.34    -7.93    -325.8     13.44      2.91     5.934      41236    0    0    0    0    0
2012 10  8  4 26    -1.72    -0.15    -7.82    -324.2     15.77      1.63     6.116      42925    0    0    0    0    0
2012 10  8  4 27    -1.99    -0.68    -7.76    -323.1     16.54     -3.61     6.203      42925    0    0    0    0    0
2012 10  8  4 28    -2.33    -0.84    -7.68    -323.1     16.42     -5.19     6.182      40821    0    0    0    0    0
2012 10  8  4 29    -2.53    -0.79    -7.56    -322.7     16.18     -5.11     6.124      40623    0    0    0    0    0
2012 10  8  4 30    -2.65    -0.87    -7.50    -322.8     15.50     -4.93     6.072      45522    0    0    0    0    0
2012 10  8  4 31    -2.67    -0.80    -7.50    -322.4     15.39     -6.69     6.054      47325    0    0    0    0    0
2012 10  8  4 32    -2.53    -0.78    -7.58    -323.4     16.26     -7.22     6.430      48555    0    0    0    0    0
2012 10  8  4 33    -2.65    -0.68    -7.69    -322.8     17.94     -4.06     6.669      53823    0    0    0    0    0
2012 10  8  4 34    -2.65    -0.84    -7.71    -322.7     18.92     -2.38     6.667      54814    0    0    0    0    0
2012 10  8  4 35    -2.71    -0.93    -7.66    -322.1     19.21     -1.19     6.581      46765    0    0    0    0    0
2012 10  8  4 36    -2.68    -0.95    -7.63    -321.4     19.40     -0.18     6.318      43223    0    0    0    0    0
2012 10  8  4 37    -2.43    -0.91    -7.68    -322.0     19.74      2.81     5.871      42993    0    0    0    0    0
2012 10  8  4 38    -2.36    -0.86    -7.69    -321.5     19.85      1.78     5.591      42099    0    0    0    0    0
2012 10  8  4 39    -2.39    -0.72    -7.65    -320.6     19.92     -0.77     5.363      41549    0    0    0    0    0
2012 10  8  4 40    -2.54    -0.47    -7.62    -319.9     19.93     -3.32     5.236      42542    0    0    0    0    0
2012 10  8  4 41    -2.88    -0.33    -7.59    -318.9     19.76     -6.45     5.416      45572    0    0    0    0    0
2012 10  8  4 42    -2.93    -0.77    -7.46    -318.2     21.40     -8.17     6.198      49154    0    0    0    0    0
2012 10  8  4 43    -3.11    -1.09    -7.25    -320.1     22.03     -7.57     7.039      55206    0    0    0    0    0
2012 10  8  4 44    -2.82    -0.97    -7.42    -324.6     20.81     -2.22     7.036      54809    0    0    0    0    0
2012 10  8  4 45    -2.72    -0.90    -7.56    -323.4     18.10     -1.76     6.995      50467    0    0    0    0    0
2012 10  8  4 46    -2.32    -0.69    -7.67    -323.4     14.47     -1.50     6.993      48095    0    0    0    0    0
2012 10  8  4 47    -1.72     0.30    -7.74    -325.6      7.58     -1.95     6.617      43957    0    0    0    0    0
2012 10  8  4 48    -1.48     1.25    -7.76    -326.1      5.00      0.09     6.327      43062    0    0    0    0    0
2012 10  8  4 49    -1.47     1.29    -7.79    -325.9      5.54      2.05     6.385      44059    0    0    0    0    0
2012 10  8  4 50    -1.30     0.83    -7.86    -329.8      9.47      3.32     6.829      46159    0    0    0    0    0
2012 10  8  4 51    -1.04     0.53    -7.91    -330.7     10.06      3.61     6.970      46159    0    0    0    0    0
2012 10  8  4 52    -1.18     0.52    -7.93    -329.6     10.01      3.76     6.951      47416    0    0    0    0    0
2012 10  8  4 53    -1.53     0.60    -7.93    -328.7     10.02      3.86     6.781      54276    0    0    0    0    0
2012 10  8  4 54    -1.79     0.80    -7.92    -328.1     11.05      4.67     6.696      54391    0    0    0    0    0
2012 10  8  4 55    -2.19     1.27    -7.79    -330.9     12.05      7.03     6.591      50710    0    0    0    0    0
2012 10  8  4 56    -2.53     1.95    -7.54    -330.2     11.78      6.62     6.492      47678    0    0    0    0    0
2012 10  8  4 57    -2.86     2.57    -7.36    -328.9     10.51      5.37     6.404      46655    0    0    0    0    0
2012 10  8  4 58    -2.91     2.59    -7.28    -326.9      9.45      2.95     6.380      46655    0    0    0    0    0
2012 10  8  4 59    -2.92     2.41    -7.28    -325.1      8.85      1.23     6.380      47142    0    0    0    0    0
2012 10  8  5  0    -2.88     1.94    -7.39    -323.6      8.91      0.48     6.413      48310    0    0    0    0    0
2012 10  8  5  1    -2.91     1.85    -7.38    -322.7      9.27      0.36     6.437      48310    0    0    0    0    0
2012 10  8  5  2    -2.96     1.87    -7.35    -322.3     10.08      0.28     6.328      46815    0    0    0    0    0
2012 10  8  5  3    -2.99     1.72    -7.16    -321.6     11.69     -0.69     6.206      46306    0    0    0    0    0
2012 10  8  5  4    -3.03     1.01    -7.00    -321.1     12.62     -2.69     6.153      47188    0    0    0    0    0
2012 10  8  5  5    -3.08     0.41    -7.04    -320.2     12.15     -4.02     6.121      48014    0    0    0    0    0
2012 10  8  5  6    -3.13     0.35    -7.18    -318.6     11.06     -4.09     6.057      48014    0    0    0    0    0
2012 10  8  5  7    -3.06     0.78    -7.04    -318.2      8.95     -0.83     5.811      41444    0    0    0    0    0
2012 10  8  5  8    -3.08     1.73    -7.14    -325.6      9.75     -0.11     6.267      47363    0    0    0    0    0
2012 10  8  5  9    -2.99     1.48    -7.37    -325.2     11.00     -0.08     7.070      56933    0    0    0    0    0
2012 10  8  5 10    -2.92     1.32    -7.48    -323.8     11.65     -0.15     7.328      56877    0    0    0    0    0
2012 10  8  5 11    -3.03     1.30    -7.48    -323.8     11.61     -1.74     7.303      55072    0    0    0    0    0
2012 10  8  5 12    -3.07     1.44    -7.37    -322.5      8.05     -3.10     6.934      49290    0    0    0    0    0
2012 10  8  5 13    -3.14     1.78    -7.19    -321.9      3.74     -6.98     6.643      47556    0    0    0    0    0
2012 10  8  5 14    -3.17     2.09    -7.04    -321.2      0.85    -10.00     6.653      48754    0    0    0    0    0
2012 10  8  5 15    -3.16     2.27    -6.94    -320.2     -0.57    -11.29     6.789      50545    0    0    0    0    0
2012 10  8  5 16    -3.15     2.53    -7.13    -323.2     -2.71    -11.34     7.880      59578    0    0    0    0    0
2012 10  8  5 17    -3.35     4.21    -9.23    -353.8    -17.45     -8.67    14.830     103897    0    0    0    0    0
2012 10  8  5 18    -4.11     4.51    -9.87    -357.8    -29.14    -24.56    13.273      82349    0    0    0    0    0
2012 10  8  5 19    -4.33     4.52    -9.91    -355.7    -32.94    -23.25    12.929      82349    0    0    0    0    0
2012 10  8  5 20    -4.47     4.52    -9.87    -353.6    -36.56    -23.10    12.824      83375    0    0    0    0    0
2012 10  8  5 21    -4.52     4.51    -9.76    -351.5    -40.01    -24.12    12.958      85426    0    0    0    0    0
2012 10  8  5 22    -4.91     5.49    -9.05    -350.4    -40.98    -31.43    14.108      88263    0    0    0    0    0
2012 10  8  5 23    -5.05     6.03    -7.56    -350.6    -41.19    -33.28    15.922      92946    0    0    0    0    0
2012 10  8  5 24    -6.47    12.40    -7.48    -352.6    -41.04    -34.89    15.872      94239    0    0    0    0    0
2012 10  8  5 25    -6.81    11.38    -8.97    -354.8    -42.31    -32.17    14.562      86900    0    0    0    0    0
2012 10  8  5 26    -6.59     8.08   -11.23    -370.8    -32.50    -12.90    14.255      89624    0    1    1    1    1
2012 10  8  5 27    -7.05     8.08   -11.24    -370.4    -32.65     -7.73    14.666      90211    0    1    1    1    1
2012 10  8  5 28    -7.22     7.51   -11.10    -369.4    -31.30     -3.13    14.142      90362    0    1    1    1    1
2012 10  8  5 29    -7.52     7.53   -10.72    -373.9    -34.97      2.95    15.142      94692    0    0    0    0    0
2012 10  8  5 30    -7.75     8.06   -10.08    -373.5    -40.15      2.65    15.817     100521    0    0    0    0    0
2012 10  8  5 31    -7.80     8.42   -10.05    -371.9    -41.01      1.16    15.433     106059    0    0    0    0    0
2012 10  8  5 32    -8.05     8.57    -9.76    -371.1    -42.34     -1.50    14.105     106028    0    0    0    0    0
2012 10  8  5 33    -8.04     8.55    -9.66    -370.9    -42.77     -1.44    13.891     105581    0    0    0    0    0
2012 10  8  5 34    -8.10     8.39    -9.66    -369.8    -41.30      0.95    15.223     105581    0    0    0    0    0
2012 10  8  5 35    -8.19     8.04   -10.01    -369.3    -39.23      2.48    15.078     105883    0    0    0    0    0
2012 10  8  5 36    -8.21     7.38   -10.26    -369.0    -34.64      3.63    14.373     108592    0    0    0    0    0
2012 10  8  5 37    -8.54     6.95   -10.13    -368.5    -34.13      4.65    14.122     110823    0    0    0    0    0
2012 10  8  5 38    -8.73     6.83   -10.07    -367.5    -33.97      3.84    14.236     111460    0    0    0    0    0
2012 10  8  5 39    -8.88     6.91    -9.67    -366.1    -35.36     -1.43    14.351     109773    0    0    0    0    0
2012 10  8  5 40    -9.14     7.19    -8.59    -364.5    -39.80    -11.16    14.280     106062    0    0    0    0    0
2012 10  8  5 41    -9.47     8.12    -7.09    -363.3    -42.42    -16.47    13.532     106062    0    0    0    0    0
2012 10  8  5 42    -9.68     8.86    -6.23    -363.1    -40.30    -16.82    13.984     106530    0    0    0    0    0
2012 10  8  5 43    -9.47     9.51    -5.01    -366.0    -39.06    -18.92    14.893     105354    0    0    0    0    0
2012 10  8  5 44    -9.26     9.73    -3.90    -365.9    -40.04    -19.63    14.192     102393    0    0    0    0    0
2012 10  8  5 45    -9.09     9.85    -3.36    -365.9    -40.73    -18.48    14.063     102762    0    0    0    0    0
2012 10  8  5 46    -5.23     4.99   -11.67    -378.8    -19.83      3.77    17.586     105018    0    1    1    0    1
2012 10  8  5 47    -4.67     4.57   -11.76    -378.8    -21.61      1.63    17.595     101857    0    1    1    0    1
2012 10  8  5 48    -4.22     4.18   -11.46    -379.6    -15.57     -4.85    18.167      99459    0    1    1    0    1
2012 10  8  5 49    -3.91     3.65   -11.08    -380.7     -9.88    -17.57    19.432     103155    0    0    0    0    0
2012 10  8  5 50    -3.91     3.46   -10.67    -380.9     -7.98    -20.21    20.394     111236    0    0    0    0    0
2012 10  8  5 51    -4.68     4.29    -9.66    -380.5    -11.87    -22.27    20.705     115146    0    1    1    1    1
2012 10  8  5 52    -6.31     6.29    -8.02    -379.4    -18.01    -18.93    20.377     113953    0    1    1    2    1
2012 10  8  5 53    -8.01     8.77    -6.05    -377.8    -24.52     -7.82    19.715     110448    0    1    1    2    1
2012 10  8  5 54    -8.00     9.90    -5.06    -376.0    -31.16     -8.64    19.081     108337    0    1    1    2    1
2012 10  8  5 55    -7.97    10.25    -4.60    -374.4    -37.64    -10.07    17.910     106672    0    1    1    1    1
2012 10  8  5 56    -7.75    10.64    -4.59    -372.9    -43.01    -12.08    17.173     105672    0    1    1    1    1
2012 10  8  5 57    -7.33    11.34    -4.86    -371.5    -46.63    -15.02    17.252     105294    0    0    0    0    0
2012 10  8  5 58    -7.16    11.11    -5.14    -370.6    -48.19    -20.89    17.010     104940    0    0    0    0    0
2012 10  8  5 59    -7.15    11.44    -2.44    -371.4    -48.77    -24.76    16.378     103478    0    0    0    0    0
2012 10  8  6  0    -7.51    11.51    -0.95    -369.9    -51.91    -31.02    15.510     103478    0    0    0    0    0
2012 10  8  6  1    -7.53    11.92    -0.47    -370.3    -56.23    -32.25    14.945     106890    0    0    0    0    0
2012 10  8  6  2    -6.64    12.14    -1.10    -375.7    -56.36    -26.38    15.538     111294    0    1    1    2    1
2012 10  8  6  3    -6.76    10.91    -2.23    -375.9    -54.63    -25.48    15.941     113696    0    1    1    1    1
2012 10  8  6  4    -6.60     9.52    -5.17    -376.4    -52.71    -24.97    14.663     114274    0    0    0    0    0
2012 10  8  6  5    -2.51     4.52   -12.36    -382.0    -18.14     14.55    14.711      99715    0    0    0    0    0
2012 10  8  6  6    -1.84     1.42   -13.77    -383.8    -11.70     19.71    15.316      96732    0    0    0    0    0
2012 10  8  6  7    -1.83     2.33   -13.75    -383.8    -13.03     20.05    15.384      89907    0    0    0    0    0
2012 10  8  6  8    -2.07     2.66   -13.47    -382.4    -15.61     18.58    15.150      87759    0    0    0    0    0
2012 10  8  6  9    -2.27     2.76   -13.31    -381.5    -17.02     17.91    14.308      85057    0    0    0    0    0
2012 10  8  6 10    -3.01     4.82   -10.21    -383.0    -20.54     14.62    13.652      83370    0    0    0    0    0
2012 10  8  6 11    -3.54     6.86    -8.55    -384.6    -12.37      5.87    13.737      85690    0    0    0    0    0
2012 10  8  6 12    -3.38     6.90    -8.61    -381.6     -9.97      4.28    13.808      89469    0    0    0    0    0
2012 10  8  6 13    -3.15     6.76    -8.81    -379.7     -7.06      1.57    14.080      92254    0    0    0    0    0
2012 10  8  6 14    -3.26     6.19    -9.27    -379.5     -2.85     -2.09    14.574      92254    0    0    0    0    0
2012 10  8  6 15    -4.08     5.62    -9.60    -377.4      0.70     -2.10    14.574      92254    0    0    0    0    0
2012 10  8  6 16    -4.07     5.06    -9.53    -379.2      6.80     -2.74    14.790      93178    0    0    0    0    0
2012 10  8  6 17    -3.73     4.18    -9.80    -381.6     10.13     -4.51    15.630      91477    0    0    0    0    0
2012 10  8  6 18    -3.57     3.37   -10.49    -381.7     10.78     -4.78    15.978      89261    0    0    0    0    0
2012 10  8  6 19    -2.82     2.07   -12.19    -382.5     10.56     -4.34    16.256      86384    0    1    1    1    1
2012 10  8  6 20    -2.42     1.23   -12.51    -382.3     10.70     -2.95    16.033      85618    0    1    2    1    1
2012 10  8  6 21    -2.37     0.82   -12.58    -381.6     11.25     -1.34    15.610      84706    0    1    2    1    1
2012 10  8  6 22    -2.18     0.87   -13.02    -380.8     11.70      0.25    15.046      83020    0    1    1    1    1
2012 10  8  6 23    -1.61    -0.38   -13.73    -380.2      9.81      2.13    14.508      81609    0    0    0    0    0
2012 10  8  6 24    -1.13    -2.98   -14.35    -379.2      5.68      3.85    14.352      81290    0    0    0    0    0
2012 10  8  6 25    -1.41    -2.95   -14.35    -376.5      4.32      4.35    14.384      81048    0    0    0    0    0
2012 10  8  6 26    -2.82    -0.90   -14.31    -375.6      3.96      4.60    14.551      80905    0    0    0    0    0
2012 10  8  6 27    -2.91    -0.31   -14.29    -381.3    -14.25     17.33    15.184      85927    0    0    0    0    0
2012 10  8  6 28    -2.18     0.34   -14.42    -382.3    -16.40     18.26    15.203      92914    0    0    0    0    0
2012 10  8  6 29    -1.45     0.55   -14.91    -384.1    -12.59     20.91    14.432      94116    0    0    0    0    0
2012 10  8  6 30    -0.92    -1.10   -15.10    -387.9     -9.68     23.21    12.449      86186    0    0    0    0    0
2012 10  8  6 31    -0.43    -1.93   -14.95    -388.8     -5.62     22.22    12.938      84930    0    0    0    0    0
2012 10  8  6 32    -0.40    -2.83   -14.58    -388.3     -0.66     21.45    13.971      85547    0    0    0    0    0
2012 10  8  6 33     0.12    -3.95   -13.99    -388.5      2.60     19.32    14.732      87337    0    0    0    0    0
2012 10  8  6 34     0.72    -4.51   -13.56    -390.6      2.74     17.32    14.948      88408    0    0    0    0    0
2012 10  8  6 35     0.55    -3.85   -13.95    -393.3     -0.64     15.29    13.137      82685    0    0    0    0    0
2012 10  8  6 36     0.05    -3.61   -13.99    -391.7     -2.74     14.01    13.584      82544    0    0    0    0    0
2012 10  8  6 37    -0.22    -3.13   -14.03    -388.7     -4.30     14.80    13.513      80743    0    0    0    0    0
2012 10  8  6 38    -0.64    -2.63   -14.06    -385.2     -6.10     15.73    13.434      79104    0    0    0    0    0
2012 10  8  6 39    -1.53    -2.12   -14.06    -380.2     -8.62     16.73    13.413      78215    0    0    0    0    0
2012 10  8  6 40    -2.29    -1.54   -14.05    -375.8    -11.28     17.98    13.387      77519    0    0    0    0    0
2012 10  8  6 41    -3.04    -0.95   -14.04    -371.5    -13.93     19.23    13.360      76823    0    0    0    0    0
2012 10  8  6 42    -3.80    -0.37   -14.03    -367.2    -16.58     20.48    13.333      76127    0    0    0    0    0
2012 10  8  6 43    -3.82     0.27   -14.03    -366.2    -18.41     22.29    13.320      78091    0    0    0    0    0
2012 10  8  6 44    -1.78    -2.53   -14.73    -380.2     -0.56     25.64    14.188      89405    0    0    0    0    0
2012 10  8  6 45    -1.51    -2.66   -14.99    -380.1     -0.31     24.04    14.596      85921    0    0    0    0    0
2012 10  8  6 46    -1.71    -2.37   -15.12    -379.2     -1.69     24.12    14.735      87556    0    0    0    0    0
2012 10  8  6 47    -1.90    -1.89   -15.27    -379.9     -4.29     23.76    15.106      92461    0    0    0    0    0
2012 10  8  6 48    -1.88    -1.88   -15.26    -380.2     -5.95     22.39    14.965      93592    0    0    0    0    0
2012 10  8  6 49    -1.88    -1.82   -15.25    -379.1     -6.95     22.63    14.486      95492    0    0    0    0    0
2012 10  8  6 50    -1.87    -1.71   -15.21    -377.2     -8.87     22.21    13.662      95492    0    0    0    0    0
2012 10  8  6 51    -2.13    -1.68   -15.15    -374.4    -11.03     21.48    13.556      91970    0    0    0    0    0
2012 10  8  6 52    -2.46    -1.60   -15.02    -371.5    -12.93     20.84    13.462      88642    0    0    0    0    0
2012 10  8  6 53    -2.92    -1.36   -14.61    -368.4    -13.86     20.46    13.235      86773    0    0    0    0    0
2012 10  8  6 54    -3.54    -1.25   -14.20    -366.8    -14.08     18.75    13.101      85558    0    0    0    0    0
2012 10  8  6 55    -2.70    -1.26   -14.03    -374.5    -10.58     17.03    13.853      86054    0    0    0    0    0
2012 10  8  6 56    -2.76    -0.48   -14.33    -376.0    -12.24     21.82    12.843      81586    0    0    0    0    0
2012 10  8  6 57    -3.56     0.68   -14.35    -374.8    -14.51     22.97    12.436      75649    0    0    0    0    0
2012 10  8  6 58    -4.16     1.45   -14.32    -372.2    -17.22     22.34    12.701      72566    0    0    0    0    0
2012 10  8  6 59    -4.47     1.78   -14.28    -368.5    -20.51     21.03    13.239      72566    0    0    0    0    0
2012 10  8  7  0    -4.75     1.96   -14.23    -365.6    -22.78     19.83    13.752      74026    0    0    0    0    0
2012 10  8  7  1    -4.92     1.79   -14.11    -364.5    -22.69     19.01    14.190      78761    0    0    0    0    0
2012 10  8  7  2    -5.03     1.96   -13.86    -365.0    -23.42     19.72    14.336      81219    0    0    0    0    0
2012 10  8  7  3    -4.95     2.35   -13.64    -366.1    -27.17     18.51    14.442      80363    0    0    0    0    0
2012 10  8  7  4    -4.28     3.28   -13.63    -372.2    -28.53     18.65    14.885      77805    0    0    0    0    0
2012 10  8  7  5    -3.65     3.25   -13.54    -373.1    -24.15     11.97    14.500      86095    0    0    0    0    0
2012 10  8  7  6    -3.71     3.02   -13.26    -372.6    -13.59      2.18    14.583      88802    0    0    0    0    0
2012 10  8  7  7    -3.89     2.54   -13.26    -371.2    -12.40      1.89    14.802      91228    0    0    0    0    0
2012 10  8  7  8    -4.02     2.13   -13.41    -371.1    -12.02      2.58    14.928      91123    0    0    0    0    0
2012 10  8  7  9    -3.87     1.97   -13.70    -371.7    -24.51     15.46    14.877      89750    0    0    0    0    0
2012 10  8  7 10    -3.78     1.54   -14.31    -372.0    -23.63     16.18    14.533      89401    0    0    0    0    0
2012 10  8  7 11    -3.33     1.68   -14.63    -372.4    -25.54     18.32    14.285      85921    0    0    0    0    0
2012 10  8  7 12    -3.20     1.68   -14.73    -372.1    -25.17     17.56    14.182      79528    0    0    0    0    0
2012 10  8  7 13    -3.39     1.69   -14.71    -370.9    -28.25     15.54    14.174      78622    0    0    0    0    0
2012 10  8  7 14    -4.13     1.86   -14.26    -369.3    -28.20     15.43    14.174      78114    0    0    0    0    0
2012 10  8  7 15    -4.62     1.78   -13.90    -367.4    -26.43     15.83    14.445      77988    0    0    0    0    0
2012 10  8  7 16    -5.04     1.23   -13.74    -366.9    -21.51     17.49    14.737      77988    0    0    0    0    0
2012 10  8  7 17    -3.72     0.25   -14.42    -372.1    -15.42     22.11    13.632      79220    0    0    0    0    0
2012 10  8  7 18    -3.45     0.38   -14.45    -371.6    -14.98     22.23    13.422      81360    0    0    0    0    0
2012 10  8  7 19    -2.30     2.16   -14.48    -378.2    -19.75     23.89    15.014      84485    0    0    0    0    0
2012 10  8  7 20    -2.31     2.27   -14.46    -377.6    -24.63     23.63    14.999      84481    0    0    0    0    0
2012 10  8  7 21    -2.50     2.17   -14.36    -374.4    -24.91     22.07    14.775      84254    0    0    0    0    0
2012 10  8  7 22    -2.78     1.97   -14.29    -371.3    -25.11     20.67    14.527      83556    0    0    0    0    0
2012 10  8  7 23    -3.76     1.07   -14.37    -369.4    -24.70     20.31    14.089      79301    0    0    0    0    0
2012 10  8  7 24    -4.08     0.84   -14.38    -368.5    -22.19     20.23    13.618      73144    0    0    0    0    0
2012 10  8  7 25    -4.11     0.86   -14.32    -367.6    -19.83     20.24    13.345      70747    0    0    0    0    0
2012 10  8  7 26    -4.03     0.90   -14.30    -366.9    -19.35     21.77    13.333      70782    0    0    0    0    0
2012 10  8  7 27    -3.87     1.03   -14.39    -367.7    -19.10     24.76    13.324      74115    0    0    0    0    0
2012 10  8  7 28    -3.06     0.73   -14.65    -370.6    -18.42     26.78    13.221      77396    0    0    0    0    0
2012 10  8  7 29    -2.93     0.64   -14.70    -371.8    -18.86     26.77    13.150      79882    0    0    0    0    0
2012 10  8  7 30    -2.89     0.53   -14.61    -372.1    -17.96     25.92    13.062      79659    0    0    0    0    0
2012 10  8  7 31    -2.98    -0.13   -14.50    -371.5    -14.52     25.68    13.043      78410    0    0    0    0    0
2012 10  8  7 32    -3.39    -0.28   -14.31    -371.2    -13.93     25.49    13.298      75434    0    0    0    0    0
2012 10  8  7 33    -3.53    -0.34   -14.36    -369.6    -13.65     24.25    14.165      73685    0    0    0    0    0
2012 10  8  7 34    -3.66    -0.58   -14.29    -368.2    -12.77     22.99    14.349      73336    0    0    0    0    0
2012 10  8  7 35    -3.63    -0.68   -14.28    -366.8    -11.83     22.83    14.240      73336    0    0    0    0    0
2012 10  8  7 36    -3.59    -0.62   -14.31    -365.5    -11.16     23.54    13.830      73362    0    0    0    0    0
2012 10  8  7 37    -3.75    -0.35   -14.30    -365.8    -12.13     24.57    13.092      74742    0    0    0    0    0
2012 10  8  7 38    -3.46     0.36   -14.54    -367.3    -14.98     27.05    13.548      78249    0    0    0    0    0
2012 10  8  7 39    -3.44     0.77   -14.69    -367.2    -15.40     27.86    13.634      78249    0    0    0    0    0
2012 10  8  7 40    -3.45     1.00   -14.67    -365.8    -15.82     27.52    13.604      78479    0    0    0    0    0
2012 10  8  7 41    -3.58     1.00   -14.64    -363.1    -16.36     26.74    13.540      78989    0    0    0    0    0
2012 10  8  7 42    -3.90     0.81   -14.51    -361.5    -16.58     25.68    13.556      79477    0    0    0    0    0
2012 10  8  7 43    -4.17     0.59   -14.35    -361.5    -13.85     25.43    13.629      83674    0    0    0    0    0
2012 10  8  7 44    -2.53     0.54   -14.41    -370.6     -9.69     27.70    13.460      87993    0    0    0    0    0
2012 10  8  7 45    -0.10    -0.49   -14.70    -386.6     -9.12     25.07    14.153      92533    0    0    0    0    0
2012 10  8  7 46     0.38    -0.59   -14.74    -386.1     -8.58     25.94    13.566      86923    0    0    0    0    0
2012 10  8  7 47     0.05    -0.41   -14.80    -383.7     -9.35     27.38    13.503      82969    0    0    0    0    0
2012 10  8  7 48    -0.11    -0.21   -14.92    -382.3    -10.35     29.23    13.139      79623    0    0    0    0    0
2012 10  8  7 49    -0.32    -0.06   -15.04    -380.6    -11.24     29.98    12.700      77570    0    0    0    0    0
2012 10  8  7 50    -0.64     0.08   -15.12    -378.5    -12.09     29.87    12.334      76122    0    0    0    0    0
2012 10  8  7 51    -1.13     0.31   -15.12    -376.4    -13.22     29.53    12.266      74048    0    0    0    0    0
2012 10  8  7 52    -2.10     0.46   -14.88    -373.6    -13.49     26.83    12.414      72382    0    0    0    0    0
2012 10  8  7 53    -3.21     0.59   -14.57    -370.6    -13.50     23.40    12.627      70840    0    0    0    0    0
2012 10  8  7 54    -3.75     0.29   -14.34    -367.7    -13.27     23.31    12.854      70814    0    0    0    0    0
2012 10  8  7 55    -4.20     0.04   -14.15    -365.4    -12.71     23.57    13.081      71919    0    0    0    0    0
2012 10  8  7 56    -4.29    -0.11   -14.16    -365.6    -10.97     24.86    13.266      77023    0    0    0    0    0
2012 10  8  7 57    -4.19    -0.70   -14.14    -366.8     -9.05     25.05    13.146      79133    0    0    0    0    0
2012 10  8  7 58    -4.30    -1.69   -13.94    -367.9     -6.97     21.87    12.740      74787    0    0    0    0    0
2012 10  8  7 59    -4.36    -2.61   -13.71    -367.0     -6.54     17.62    12.841      71035    0    0    0    0    0
2012 10  8  8  0    -4.30    -2.79   -13.59    -365.0     -7.26     14.51    13.147      69819    0    0    0    0    0
2012 10  8  8  1    -4.30    -1.87   -13.57    -364.0    -11.56     13.04    13.062      67375    0    0    0    0    0
2012 10  8  8  2    -4.44    -1.29   -13.80    -365.5    -10.57     14.09    11.915      67226    0    0    0    1    1
2012 10  8  8  3    -4.15    -0.68   -13.98    -365.5    -12.88     14.51    11.963      66051    0    0    0    1    1
2012 10  8  8  4    -3.95    -0.44   -13.97    -362.4    -17.94     13.94    11.970      63697    0    0    0    1    1
2012 10  8  8  5    -4.11    -0.06   -13.88    -359.6    -21.60     13.19    12.018      62442    0    0    0    0    0
2012 10  8  8  6    -4.68     0.48   -13.68    -357.2    -23.69     12.26    12.112      62442    0    0    0    0    0
2012 10  8  8  7    -5.45     1.75   -13.33    -354.5    -28.39     11.24    12.331      64389    0    0    0    0    0
2012 10  8  8  8    -6.25     3.04   -12.95    -352.0    -32.97     10.19    12.556      67294    0    0    0    0    0
2012 10  8  8  9    -6.94     3.53   -12.42    -350.4    -33.76      9.02    12.685      75183    0    0    0    0    0
2012 10  8  8 10    -7.41     3.55   -11.94    -348.9    -32.87      9.82    12.695      77155    0    0    0    0    0
2012 10  8  8 11    -7.67     3.38   -11.80    -348.4    -30.38     12.35    12.607      75035    0    0    0    0    0
2012 10  8  8 12    -7.23     2.27   -12.64    -351.7    -22.14     18.55    12.451      71252    0    0    0    0    0
2012 10  8  8 13    -5.88     1.88   -13.59    -356.0    -19.14     20.88    11.184      73167    0    0    0    0    0
2012 10  8  8 14    -5.76     1.69   -13.78    -356.3    -21.21     20.19    10.527      73894    0    0    0    0    0
2012 10  8  8 15    -5.48     1.47   -13.95    -356.1    -21.97     19.33    10.399      71259    0    0    0    0    0
2012 10  8  8 16    -4.32     0.89   -14.32    -359.5    -15.47     20.21    10.426      69235    0    0    0    0    0
2012 10  8  8 17    -4.39     0.07   -14.26    -362.9    -11.75     21.48    10.210      66457    0    0    0    0    0
2012 10  8  8 18    -1.63    -1.92   -14.30    -378.2     -4.24     21.42    11.403      64690    0    0    0    0    0
2012 10  8  8 19    -1.21    -2.15   -14.39    -377.2     -2.10     21.72    11.151      64690    0    0    0    0    0
2012 10  8  8 20    -1.40    -2.13   -14.52    -374.8     -1.34     21.89    11.447      66407    0    0    0    0    0
2012 10  8  8 21    -1.90    -2.09   -14.60    -373.1     -0.96     22.05    11.796      69555    0    0    0    0    0
2012 10  8  8 22    -2.48    -2.08   -14.62    -372.9     -0.62     22.11    12.226      73561    0    0    0    0    0
2012 10  8  8 23    -1.80    -3.08   -14.53    -377.8      9.41     18.82    12.876      74013    0    0    0    0    0
2012 10  8  8 24    -1.81    -3.09   -14.55    -377.4      8.78     19.93    12.156      71700    0    0    0    0    0
2012 10  8  8 25    -2.02    -3.03   -14.58    -375.4      5.79     20.99    12.973      70284    0    0    0    0    0
2012 10  8  8 26    -2.46    -2.62   -14.50    -373.4      0.22     21.34    12.995      68404    0    0    0    0    0
2012 10  8  8 27    -3.07    -1.80   -14.28    -371.2     -5.62     20.14    12.465      66155    0    0    0    0    0
2012 10  8  8 28    -3.61    -0.10   -13.68    -368.9     -0.57     12.32    12.429      63890    0    0    0    0    0
2012 10  8  8 29    -4.04     0.72   -13.42    -366.2     -5.12     12.31    12.166      62946    0    0    0    0    0
2012 10  8  8 30    -4.40     0.90   -13.42    -363.5    -16.50     17.87    11.743      62946    0    0    0    0    0
2012 10  8  8 31    -2.65    -0.10   -14.03    -371.0    -11.47     22.22    11.900      76895    0    0    0    0    0
2012 10  8  8 32    -2.21     0.80   -13.99    -372.0     -2.31      7.45    12.395      80031    0    0    0    0    0
2012 10  8  8 33    -2.43     1.39   -13.99    -370.6     -4.46      6.73    12.929      80394    0    0    0    0    0
2012 10  8  8 34    -2.82    -0.21   -14.11    -369.9    -14.57     19.64    13.504      83472    0    0    0    0    0
2012 10  8  8 35    -2.97    -0.81   -14.21    -369.8     -0.36     21.64    12.813      83888    0    0    0    0    0
2012 10  8  8 36    -1.59    -1.97   -14.27    -376.0     -0.97     22.54    11.686      82228    0    0    0    0    0
2012 10  8  8 37    -1.48    -0.69   -14.59    -375.0     -6.79     23.73    11.485      80267    0    0    0    0    0
2012 10  8  8 38    -1.47     0.26   -14.83    -373.7     -9.41     25.36    11.370      76819    0    0    0    0    0
2012 10  8  8 39    -1.61     0.22   -14.85    -372.7     -8.19     26.40    11.192      72503    0    0    0    0    0
2012 10  8  8 40    -2.04    -0.36   -14.79    -370.7     -5.79     25.91    10.844      69649    0    0    0    0    0
2012 10  8  8 41    -2.45    -2.11   -14.56    -369.6      1.14     22.98    11.678      67796    0    0    0    0    0
2012 10  8  8 42    -2.55    -3.82   -13.87    -369.4      4.29     19.33    11.872      67425    0    0    0    0    0
2012 10  8  8 43    -1.95    -4.57   -13.70    -369.6      4.78     17.12    11.427      67425    0    0    0    0    1
2012 10  8  8 44    -1.77    -4.22   -13.95    -367.8      4.76     16.83    11.067      64646    0    0    0    0    1
2012 10  8  8 45    -2.00    -3.83   -14.12    -365.7      4.78     17.99    10.586      62479    0    0    0    0    1
2012 10  8  8 46    -2.79    -3.69   -14.05    -363.7      4.94     21.30     9.805      62479    0    0    0    0    1
2012 10  8  8 47    -3.30    -2.83   -14.28    -364.4      7.23     21.93    11.099      64131    0    0    0    0    0
2012 10  8  8 48    -2.84    -2.96   -14.39    -369.0     11.46     16.79    12.450      74495    0    0    0    0    0
2012 10  8  8 49    -1.89    -4.18   -13.90    -373.4     12.69      9.21    12.915      84191    0    0    0    0    0
2012 10  8  8 50    -0.75    -4.07   -13.86    -378.2     15.12      9.53    11.903      84859    0    0    0    0    0
2012 10  8  8 51    -1.38    -3.14   -13.91    -374.5      8.37      9.50    11.619      82584    0    0    0    0    0
2012 10  8  8 52    -2.00    -2.22   -13.95    -370.8      1.66      9.52    11.329      80226    0    0    0    0    0
2012 10  8  8 53    -2.63    -1.40   -13.96    -368.6     -2.72     12.50    10.760      72961    0    0    0    0    0
2012 10  8  8 54    -3.03    -0.98   -13.94    -366.2     -5.96     15.21    10.488      67646    0    0    0    0    0
2012 10  8  8 55    -3.24    -0.90   -13.88    -363.5     -8.22     17.69    10.474      64036    0    0    0    0    0
2012 10  8  8 56    -3.55    -1.23   -13.85    -360.9     -9.30     17.00    10.558      61642    0    0    0    0    0
2012 10  8  8 57    -3.87    -1.81   -13.76    -358.7     -9.65     15.76    10.661      59766    0    0    0    0    0
2012 10  8  8 58    -4.24    -3.16   -13.36    -359.9     -6.56     15.32    10.778      59766    0    0    0    1    1
2012 10  8  8 59    -4.45    -3.63   -13.23    -360.1     -4.26     16.78    10.854      60037    0    0    0    1    1
2012 10  8  9  0    -4.40    -4.03   -13.09    -359.0     -3.59     16.74    10.947      60816    0    0    0    1    1
2012 10  8  9  1    -4.24    -4.16   -13.04    -359.0     -3.16     15.68    11.151      62342    0    0    0    1    1
2012 10  8  9  2    -4.34    -3.74   -13.22    -358.7     -3.10     14.22    11.315      63584    0    0    0    1    1
2012 10  8  9  3    -4.84    -1.13   -13.66    -357.7     -4.10     13.34    11.451      64191    0    0    0    1    1
2012 10  8  9  4    -4.80    -1.21   -13.89    -355.7     -7.10     15.95    11.587      64579    0    0    0    1    1
2012 10  8  9  5    -4.57    -1.47   -14.03    -355.2     -7.11     16.98    11.348      64754    0    0    0    0    0
2012 10  8  9  6    -4.44    -2.95   -14.03    -355.5     -2.06     16.92    11.116      63528    0    0    0    0    0
2012 10  8  9  7    -3.93    -3.87   -14.00    -361.1      0.31     16.40    11.404      63008    0    0    0    0    0
2012 10  8  9  8    -3.90    -3.85   -13.96    -360.7      1.14     15.12    11.640      63353    0    0    0    1    1
2012 10  8  9  9    -3.99    -3.99   -13.85    -359.5      2.24     14.28    11.830      64501    0    0    0    1    1
2012 10  8  9 10    -3.95    -4.49   -13.75    -361.2      4.43     16.74    11.980      68534    0    0    0    1    1
2012 10  8  9 11    -2.72    -5.59   -13.40    -366.8      9.24     18.22    11.899      75737    0    0    0    0    0
2012 10  8  9 12    -2.83    -6.45   -13.04    -366.0     11.60     16.65    11.936      75509    0    0    0    1    1
2012 10  8  9 13    -3.15    -6.40   -12.94    -363.9     11.26     14.31    11.984      74982    0    0    0    1    1
2012 10  8  9 14    -3.16    -5.37   -13.17    -365.1     -0.37     13.02    12.117      69902    0    0    0    1    1
2012 10  8  9 15    -3.37    -4.15   -13.38    -363.4     -6.00     11.51    12.234      67687    0    0    0    1    1
2012 10  8  9 16    -3.50    -1.79   -13.29    -362.9    -11.55     11.30    12.325      67391    0    0    0    1    1
2012 10  8  9 17    -4.10    -0.21   -13.23    -360.2    -15.50     11.37    12.307      68046    0    0    0    1    1
2012 10  8  9 18    -4.81     1.13   -13.19    -357.0    -19.04     11.45    12.264      68865    0    0    0    1    1
2012 10  8  9 19    -5.48     3.44   -12.67    -355.3    -32.39     11.60    12.497      72306    0    0    0    0    0
2012 10  8  9 20    -5.79     4.52   -12.28    -354.9    -36.79     12.85    12.639      76200    0    0    0    0    0
2012 10  8  9 21    -5.41     4.02   -12.41    -355.2    -33.28     14.18    12.636      78603    0    0    0    0    0
2012 10  8  9 22    -5.14     1.95   -13.03    -356.1    -27.63      7.83    12.629      79239    0    0    0    0    0
2012 10  8  9 23    -5.08     0.75   -13.61    -356.5    -19.96     14.31    12.767      76011    0    0    0    0    0
2012 10  8  9 24    -4.80    -0.31   -13.80    -356.7    -12.77     19.03    11.673      74095    0    0    0    0    0
2012 10  8  9 25    -4.71    -0.86   -13.96    -356.5     -9.12     19.83    10.936      68580    0    0    0    0    0
2012 10  8  9 26    -4.59    -1.14   -14.03    -357.2     -8.00     19.60    10.160      62792    0    0    0    0    0
2012 10  8  9 27    -4.84    -0.70   -13.90    -357.2     -7.96     18.69    11.035      60955    0    0    0    0    0
2012 10  8  9 28    -4.90    -0.47   -13.73    -356.6    -13.62     16.33    11.063      60851    0    0    0    0    0
2012 10  8  9 29    -4.87    -0.48   -13.68    -356.4    -13.91     14.18    11.203      60840    0    0    0    0    0
2012 10  8  9 30    -4.16    -1.08   -13.93    -358.2     -8.95     13.04    11.454      61289    0    0    0    0    0
2012 10  8  9 31    -4.01    -1.99   -13.83    -360.2      0.98     13.85    11.570      68981    0    0    0    0    0
2012 10  8  9 32    -4.06    -3.11   -13.57    -360.0      6.14      9.11    11.492      72571    0    0    0    0    0
2012 10  8  9 33    -4.06    -3.58   -13.60    -359.8     12.38     -2.71    11.628      72867    0    0    0    0    0
2012 10  8  9 34    -3.91    -3.54   -13.80    -360.0     13.09     -3.87    12.531      72867    0    0    0    0    0
2012 10  8  9 35    -3.64    -3.56   -13.85    -360.8     14.11     -5.99    13.131      73441    0    0    0    0    0
2012 10  8  9 36    -2.40    -4.15   -13.86    -366.0     14.29     -4.68    13.059      74624    0    0    0    0    0
2012 10  8  9 37    -1.79    -4.50   -13.83    -370.8      8.15      4.10    12.653      75005    0    0    0    0    0
2012 10  8  9 38    -1.91    -3.97   -14.08    -370.8      3.75      8.79    12.653      71531    0    0    0    0    0
2012 10  8  9 39    -2.23    -3.97   -14.04    -368.7      3.84     12.29    12.651      68453    0    0    0    0    0
2012 10  8  9 40    -2.48    -3.95   -14.04    -367.8      3.88     16.61    12.634      67171    0    0    0    0    0
2012 10  8  9 41    -2.58    -3.93   -14.04    -367.5      4.21     18.74    12.068      69079    0    0    0    0    0
2012 10  8  9 42    -2.60    -3.92   -14.06    -367.3      4.76     19.24    11.263      72113    0    0    0    0    0
2012 10  8  9 43    -2.61    -4.01   -14.08    -367.1      6.19     19.66    10.370      74958    0    0    0    0    0
2012 10  8  9 44    -2.50    -4.33   -13.94    -366.8      7.73     19.81     9.710      76784    0    0    0    0    0
2012 10  8  9 45    -2.36    -4.61   -13.76    -366.4      7.94     20.59    10.079      76990    0    0    0    0    0
2012 10  8  9 46    -2.56    -4.37   -13.76    -365.5      7.08     21.66    11.027      78423    0    0    0    0    0
2012 10  8  9 47    -3.26    -3.44   -13.73    -364.7      4.30     21.55    12.080      83333    0    0    0    0    0
2012 10  8  9 48    -3.53    -3.22   -13.69    -363.2      4.12     19.52    12.255      83333    0    0    0    0    0
2012 10  8  9 49    -3.61    -3.33   -13.57    -361.9      4.66     18.94    12.085      83148    0    0    0    0    0
2012 10  8  9 50    -3.61    -3.58   -13.48    -360.7      6.38     18.29    11.408      82740    0    0    0    0    0
2012 10  8  9 51    -3.44    -3.78   -13.44    -360.3      7.72     18.15    10.723      80886    0    0    0    0    0
2012 10  8  9 52    -3.19    -3.92   -13.48    -361.2      7.37     19.51    10.478      77040    0    0    0    1    1
2012 10  8  9 53    -3.17    -4.00   -13.58    -363.4      7.02     20.39    10.300      75190    0    0    0    1    1
2012 10  8  9 54    -3.22    -3.67   -13.58    -363.7      5.31     18.64    10.338      74894    0    0    0    1    1
2012 10  8  9 55    -3.78    -1.42   -13.55    -363.6     -3.33     17.86    11.786      72499    0    0    0    1    1
2012 10  8  9 56    -4.52    -0.60   -13.54    -363.5     -7.95     16.97    12.207      69866    0    0    0    0    1
2012 10  8  9 57    -4.25    -0.71   -13.56    -361.3     -6.49     14.49    12.104      68326    0    0    0    0    1
2012 10  8  9 58    -3.97    -0.91   -13.59    -359.7     -4.25     11.11    11.971      66511    0    0    0    0    1
2012 10  8  9 59    -3.82    -1.23   -13.64    -359.8     -0.90      6.24    11.897      64763    0    0    0    0    1
2012 10  8 10  0    -1.80    -4.72   -12.72    -369.0      9.90     -3.03    13.643      70521    0    0    0    0    1
2012 10  8 10  1    -1.12    -5.31   -13.24    -372.4     15.08     -4.40    12.582      73230    0    0    0    0    1
2012 10  8 10  2    -1.23    -4.28   -13.62    -374.1     14.58     -2.58    12.253      71674    0    0    0    0    1
2012 10  8 10  3    -1.42    -3.92   -13.59    -372.4     11.37      2.28    12.146      68944    0    0    0    0    1
2012 10  8 10  4    -1.68    -3.69   -13.53    -369.1      9.62      5.73    12.146      66430    0    0    0    0    1
2012 10  8 10  5    -1.92    -3.38   -13.52    -367.3      8.44     10.09    12.770      65340    0    0    0    0    1
2012 10  8 10  6    -1.84    -3.24   -13.50    -367.1      7.95     14.96    13.489      66895    0    0    0    0    1
2012 10  8 10  7    -1.80    -3.17   -13.45    -367.3      7.17     17.77    13.506      68680    0    0    0    0    1
2012 10  8 10  8    -2.23    -2.45   -13.02    -365.9      4.24     17.22    13.171      67409    0    0    0    0    1
2012 10  8 10  9    -2.72    -1.29   -12.21    -363.0     -0.05     15.33    12.745      64949    0    0    0    0    1
2012 10  8 10 10    -3.12    -0.34   -11.55    -359.5     -3.93     13.42    12.347      62960    0    0    0    1    1
2012 10  8 10 11    -3.49     0.54   -10.94    -355.8     -7.65     11.51    11.959      61157    0    0    0    1    1
2012 10  8 10 12    -3.85     1.25   -10.40    -352.3    -11.63      9.48    11.544      59805    0    0    0    1    1
2012 10  8 10 13    -4.20     1.51   -10.07    -349.3    -16.41      7.11    11.044      59805    0    0    0    1    1
2012 10  8 10 14    -4.55     1.69    -9.84    -347.2    -20.23      5.27    10.523      59820    0    0    0    1    1
2012 10  8 10 15    -4.51     1.34   -10.42    -354.2    -16.08      6.21    10.589      63683    0    0    0    1    1
2012 10  8 10 16    -4.64     1.09   -10.63    -355.6    -13.60      8.15    11.611      62958    0    0    0    1    1
2012 10  8 10 17    -4.83     1.11   -10.42    -356.3    -13.70      7.68    12.435      62595    0    0    0    0    1
2012 10  8 10 18    -4.95     1.30   -10.16    -356.4    -17.43      4.98    13.044      62899    0    0    0    0    1
2012 10  8 10 19    -5.19     1.64   -10.13    -355.8    -18.85      0.85    13.075      62976    0    0    0    0    1
2012 10  8 10 20    -5.20     1.72   -10.17    -355.2    -17.51     -1.29    12.835      60675    0    0    0    0    1
2012 10  8 10 21    -3.91     0.02    -9.99    -358.3    -14.69     -1.15    12.431      57090    0    0    0    0    1
2012 10  8 10 22    -3.48     0.28    -9.94    -361.1    -13.15      0.03    12.361      55648    0    0    0    0    1
2012 10  8 10 23    -2.93     0.40    -9.90    -361.2    -13.35      1.12    12.344      55504    0    0    0    0    1
2012 10  8 10 24    -3.47     0.30    -9.99    -360.5    -13.10      2.05    12.252      55503    0    0    0    0    1
2012 10  8 10 25    -4.17     0.17   -10.39    -360.0    -11.61      3.90    12.081      55178    0    0    0    0    1
2012 10  8 10 26    -4.22     0.17   -11.14    -360.3     -9.41      7.77    12.020      54616    0    0    0    0    1
2012 10  8 10 27    -4.17     0.18   -11.56    -360.8     -8.22      9.99    12.255      55591    0    0    0    0    1
2012 10  8 10 28    -4.70     1.19   -11.43    -360.0    -10.30      8.80    12.420      56912    0    0    0    0    1
2012 10  8 10 29    -5.85     2.95   -10.98    -358.2    -15.07      5.79    12.436      57500    0    0    0    0    1
2012 10  8 10 30    -6.89     3.51    -9.78    -355.2    -19.19      5.77    12.321      57896    0    0    0    0    1
2012 10  8 10 31    -7.63     3.78    -8.94    -352.8    -21.79      5.36    11.925      58322    0    0    0    1    1
2012 10  8 10 32    -7.48     3.20    -9.22    -351.8    -19.79      3.70    10.736      58977    0    0    0    1    1
2012 10  8 10 33    -7.09     3.15   -10.14    -352.9    -18.44      0.48    10.573      62173    0    0    0    1    1
2012 10  8 10 34    -6.73     3.29   -10.04    -354.1    -21.30     -2.61    10.620      63828    0    0    0    1    1
2012 10  8 10 35    -6.51     3.28    -9.88    -354.4    -23.56     -3.23    10.657      63990    0    0    0    1    1
2012 10  8 10 36    -6.41     3.02    -9.85    -354.7    -24.07     -3.21    10.637      64507    0    0    0    1    1
2012 10  8 10 37    -5.92     2.15   -10.07    -358.3    -18.89     -2.38    10.503      65822    0    0    0    1    1
2012 10  8 10 38    -5.63     1.12   -10.57    -359.1    -15.16     -1.19    10.480      66164    0    0    0    1    1
2012 10  8 10 39    -5.83     1.04   -10.58    -358.7    -14.85     -3.05    10.563      65929    0    0    0    1    1
2012 10  8 10 40    -5.93     1.04   -10.51    -358.5    -14.81     -5.03    11.074      64638    0    0    0    1    1
2012 10  8 10 41    -5.81     0.97   -10.62    -359.7    -14.76     -6.37    12.086      63664    0    0    0    1    1
2012 10  8 10 42    -5.67     0.68   -10.90    -361.3    -12.48     -7.36    13.475      64664    0    0    0    0    1
2012 10  8 10 43    -5.13     0.73   -10.20    -362.2    -10.60     -7.94    14.951      66476    0    0    0    0    1
2012 10  8 10 44    -4.45     0.15    -9.34    -362.4     -9.49     -7.59    16.370      66887    0    0    0    0    1
2012 10  8 10 45    -4.23    -0.11    -9.02    -362.4    -11.05     -8.76    16.855      65835    0    0    0    0    1
2012 10  8 10 46    -4.43    -0.06    -9.22    -362.2    -11.77     -8.71    16.679      62930    0    0    0    0    1
2012 10  8 10 47    -4.90     0.10    -9.82    -361.5    -12.37     -8.43    16.556      61894    0    0    0    0    1
2012 10  8 10 48    -5.29     0.20   -10.32    -360.2    -12.78     -7.10    16.541      61992    0    0    0    0    1
2012 10  8 10 49    -5.53     0.25   -10.57    -358.5    -13.20     -5.17    16.588      62331    0    0    0    0    1
2012 10  8 10 50    -5.70     0.38   -10.62    -356.3    -14.89     -4.91    16.758      63237    0    0    0    0    1
2012 10  8 10 51    -5.76     0.62   -10.44    -354.7    -15.94     -4.66    16.878      63605    0    0    0    0    1
2012 10  8 10 52    -5.79     0.89   -10.26    -353.7    -17.20     -4.82    16.890      63710    0    0    0    0    1
2012 10  8 10 53    -5.72     0.91   -10.61    -353.5    -17.87     -4.68    16.780      63824    0    1    1    0    1
2012 10  8 10 54    -5.49     0.76   -11.26    -354.3    -14.86     -2.32    16.699      65423    0    1    1    0    1
2012 10  8 10 55    -5.08     0.05   -11.05    -358.4     -7.00     -1.67    18.032      71325    0    1    1    0    0
2012 10  8 10 56    -4.47    -1.26   -10.45    -359.5     -3.87     -0.58    18.216      74895    0    0    0    0    0
2012 10  8 10 57    -4.45    -1.53   -10.53    -359.2     -4.45     -0.68    17.766      76828    0    0    0    0    0
2012 10  8 10 58    -4.71    -1.11   -10.85    -358.7     -6.22     -1.29    17.546      76141    0    0    0    0    0
2012 10  8 10 59    -4.76    -0.97   -10.96    -358.7     -7.32     -1.09    17.489      78146    0    1    1    0    0
2012 10  8 11  0    -4.53    -1.19   -11.12    -359.3     -6.27      1.83    17.295      87641    0    1    1    0    0
2012 10  8 11  1    -3.97    -1.62   -11.37    -359.9     -4.76      3.82    16.858      87634    0    1    1    0    0
2012 10  8 11  2    -3.59    -1.98   -11.52    -359.3     -3.53      5.68    16.302      87621    0    0    0    0    0
2012 10  8 11  3    -3.47    -2.06   -11.55    -357.1     -3.06      7.92    15.909      87621    0    0    0    0    0
2012 10  8 11  4    -3.49    -2.28   -11.67    -355.7     -1.58      8.12    15.726      89189    0    0    0    0    0
2012 10  8 11  5    -3.55    -2.39   -11.75    -354.7     -0.79      8.20    15.672      89913    0    0    0    0    0
2012 10  8 11  6    -3.55    -2.39   -11.79    -354.5     -0.70      8.14    15.682      89339    0    0    0    0    0
2012 10  8 11  7    -3.67    -2.43   -11.91    -356.1     -0.11      7.95    15.607      88724    0    0    0    0    0
2012 10  8 11  8    -3.73    -2.63   -11.96    -358.2      1.01      6.16    15.021      93878    0    0    0    0    0
2012 10  8 11  9    -3.71    -2.73   -11.88    -357.3      1.68      4.81    14.826      96292    0    0    0    0    0
2012 10  8 11 10    -3.31    -3.07   -11.78    -357.8      1.78      4.24    14.862      96442    0    0    0    0    2
2012 10  8 11 11    -3.01    -3.16   -11.54    -359.0      3.24      4.53    14.877      95798    0    0    0    0    2
2012 10  8 11 12    -3.16    -3.14   -11.20    -358.8      2.21      3.97    14.968      95276    0    0    0    0    2
2012 10  8 11 13    -3.24    -3.26   -11.09    -357.7      3.75      2.97    15.424      94836    0    0    0    0    2
2012 10  8 11 14    -3.04    -3.72   -11.18    -357.5      3.08      2.55    15.611      93981    0    0    0    0    1
2012 10  8 11 15    -2.92    -3.78   -11.23    -359.1      4.73      2.27    15.476      92060    0    0    0    0    0
2012 10  8 11 16    -2.28    -3.96   -11.24    -363.0      6.75      2.14    15.374      88855    0    0    0    0    0
2012 10  8 11 17    -1.62    -4.05   -10.49    -366.5      5.46      1.45    15.916     116648    0    0    0    0    0
2012 10  8 11 18    -1.00    -4.12   -10.11    -367.1      3.48      0.37    16.939     116026    0    0    0    0    1
2012 10  8 11 19    -0.72    -4.09    -9.79    -366.2      2.98     -0.18    17.804     114026    0    0    0    0    2
2012 10  8 11 20    -0.50    -4.32    -9.60    -365.1      2.86     -0.61    18.570     110606    0    0    0    0    2
2012 10  8 11 21    -0.43    -4.55    -9.41    -364.0      2.78     -0.70    18.737     107092    0    0    0    0    2
2012 10  8 11 22    -0.05    -5.12    -9.21    -364.1      2.98     -0.24    18.545     102780    0    0    0    0    2
2012 10  8 11 23     0.22    -5.09    -8.94    -365.6      5.05      1.15    18.395     102605    0    0    0    0    0
2012 10  8 11 24     0.30    -4.71    -9.05    -365.3      5.66      3.00    18.408     100963    0    0    0    0    0
2012 10  8 11 25     0.29    -4.45    -9.09    -364.2      6.52      3.23    18.545      94735    0    0    0    0    0
2012 10  8 11 26     0.21    -4.35    -9.13    -364.1      7.66      4.11    18.714      89496    0    0    0    0    1
2012 10  8 11 27     0.10    -4.24    -8.98    -363.9      7.96      3.56    18.871      85737    0    0    0    0    1
2012 10  8 11 28    -0.17    -4.24    -8.93    -363.8      7.86      3.18    19.531      81989    0    0    0    0    2
2012 10  8 11 29    -0.22    -4.51    -8.86    -363.7      7.82      1.52    19.707      81864    0    0    0    0    2
2012 10  8 11 30    -0.41    -5.97    -8.64    -363.9      6.91     -0.43    18.852      89365    0    0    0    0    1
2012 10  8 11 31    -0.53    -6.13    -8.61    -365.0      7.45     -2.57    18.720      88380    0    0    0    0    0
2012 10  8 11 32    -0.55    -6.10    -8.59    -365.6      7.69     -2.53    19.339      81046    0    0    0    0    0
2012 10  8 11 33    -0.57    -6.05    -8.52    -365.9      7.68     -2.23    19.939      82234    0    0    0    0    0
2012 10  8 11 34    -0.55    -5.94    -8.53    -365.6      7.31     -1.89    20.246      85810    0    0    0    0    0
2012 10  8 11 35    -0.48    -5.81    -8.59    -364.8      6.78     -3.10    20.259      87592    0    0    0    0    0
2012 10  8 11 36    -0.48    -5.53    -8.52    -364.5      5.81     -3.61    20.001      87926    0    0    0    0    0
2012 10  8 11 37    -0.46    -5.47    -8.41    -364.8      5.82     -2.98    19.474      94215    0    0    0    0    0
2012 10  8 11 38    -0.31    -5.80    -8.57    -365.4      5.43     -2.45    17.946     108186    0    0    0    0    0
2012 10  8 11 39    -0.19    -5.55    -9.05    -365.8      2.88     -2.01    17.647     112453    0    0    0    0    0
2012 10  8 11 40    -0.13    -4.92    -9.36    -365.7      0.70     -1.56    17.835     110923    0    0    0    0    0
2012 10  8 11 41    -0.07    -4.67    -9.34    -364.7      0.11     -0.85    18.433     105235    0    0    0    0    0
2012 10  8 11 42    -0.08    -4.60    -9.15    -364.7      0.70     -0.22    18.324      94171    0    0    0    0    0
2012 10  8 11 43    -0.04    -4.50    -9.33    -365.9      8.10      1.13    15.954      85390    0    0    0    0    0
2012 10  8 11 44     0.28    -4.99    -9.32    -366.2     12.85      3.14    15.865      88398    0    0    0    0    0
2012 10  8 11 45     0.45    -5.69    -9.07    -365.8     16.71      0.98    16.166      94715    0    0    0    0    0
2012 10  8 11 46     0.45    -6.03    -8.53    -364.9     23.52     -4.07    16.230      94081    0    0    0    0    0
2012 10  8 11 47     0.58    -6.71    -7.31    -365.8     23.70     -4.86    16.469      88143    0    0    0    0    0
2012 10  8 11 48     1.11    -6.69    -6.94    -369.3     21.59     -4.12    17.007      81316    0    0    0    0    0
2012 10  8 11 49     1.36    -6.65    -6.96    -369.5     21.39     -3.86    16.883      80745    0    0    0    0    0
2012 10  8 11 50     1.51    -6.59    -7.06    -369.5     21.31     -3.67    16.607      84493    0    0    0    0    0
2012 10  8 11 51     1.52    -6.60    -7.13    -369.5     21.00     -4.46    16.550      90968    0    0    0    0    0
2012 10  8 11 52     1.51    -6.61    -7.13    -369.5     20.65     -4.72    16.364      92113    0    0    0    0    0
2012 10  8 11 53     1.64    -6.69    -6.84    -369.5     20.88     -4.74    16.319      91291    0    0    0    0    0
2012 10  8 11 54     1.69    -6.82    -6.70    -368.8     21.45     -4.17    16.117      90342    0    0    0    0    0
2012 10  8 11 55     1.70    -6.92    -6.50    -368.3     22.29     -4.61    15.782      88386    0    0    0    0    0
2012 10  8 11 56     1.66    -6.99    -6.34    -368.1     22.57     -4.99    15.562      87442    0    0    0    0    0
2012 10  8 11 57     1.75    -7.05    -6.32    -368.3     21.90     -6.02    15.435      87442    0    0    0    0    0
2012 10  8 11 58     2.29    -7.36    -6.32    -368.8     21.01     -6.95    15.192      86977    0    0    0    0    0
2012 10  8 11 59     2.62    -7.52    -6.52    -371.1     20.88     -8.13    15.187      84438    0    0    0    0    0
2012 10  8 12  0     2.54    -7.60    -6.75    -372.3     21.71     -9.70    15.778      82094    0    0    0    0    0
2012 10  8 12  1     2.73    -7.68    -6.60    -373.4     22.05     -9.92    15.784      81556    0    0    0    0    0
2012 10  8 12  2     3.01    -7.79    -6.33    -373.4     22.62     -9.56    15.846      83683    0    0    0    0    0
2012 10  8 12  3     2.91    -7.35    -6.47    -373.5     23.18     -8.63    15.883      86875    0    0    0    0    0
2012 10  8 12  4     2.76    -6.75    -6.71    -373.1     23.65     -7.03    15.587      85722    0    0    0    0    0
2012 10  8 12  5     2.96    -6.90    -6.53    -373.0     24.74     -5.74    15.186      83626    0    0    0    0    0
2012 10  8 12  6     3.35    -7.14    -6.30    -373.8     26.03     -4.86    15.562      84687    0    0    0    0    0
2012 10  8 12  7     3.50    -7.01    -6.12    -375.4     27.18     -5.44    16.120      86666    0    0    0    0    0
2012 10  8 12  8     4.33    -7.08    -6.00    -380.4     25.19     -3.91    16.248      91499    0    0    0    0    0
2012 10  8 12  9     4.58    -7.00    -6.27    -380.5     24.18     -0.57    15.533      88861    0    0    0    0    0
2012 10  8 12 10     4.42    -7.03    -6.40    -379.1     23.60     -0.30    14.818      85317    0    0    0    0    0
2012 10  8 12 11     4.22    -6.94    -6.59    -377.5     23.39      0.06    14.925      85317    0    0    0    0    0
2012 10  8 12 12     3.95    -6.60    -6.82    -374.4     18.84     -1.23    16.438      95545    0    0    0    0    0
2012 10  8 12 13     3.67    -6.20    -7.00    -371.8     14.49     -2.60    17.800     104039    0    0    0    0    0
2012 10  8 12 14     3.35    -5.55    -6.93    -371.2     11.36     -4.15    18.340     104348    0    0    0    0    0
2012 10  8 12 15     3.56    -5.74    -6.39    -375.5     10.57     -6.95    19.254     112343    0    0    0    0    0
2012 10  8 12 16     3.83    -5.83    -5.87    -377.4     10.69    -10.23    21.841     125517    0    0    0    0    0
2012 10  8 12 17     3.84    -4.84    -3.69    -380.9     19.84     -5.35    25.530     118872    0    0    0    0    0
2012 10  8 12 18     4.11    -4.24    -3.13    -379.8     21.00     -3.57    25.366     108069    0    0    0    0    0
2012 10  8 12 19     4.49    -4.05    -3.14    -379.5     21.37     -2.91    25.010     100679    0    0    0    0    0
2012 10  8 12 20     4.61    -4.21    -3.22    -380.6     20.56     -4.25    25.056     101540    0    0    0    0    0
2012 10  8 12 21     4.94    -4.49    -3.24    -381.7     19.28     -7.09    25.113     102653    0    0    0    0    0
2012 10  8 12 22     5.94    -5.61    -2.35    -385.5     17.94     -9.86    24.849      97345    0    0    0    0    0
2012 10  8 12 23     6.11    -5.89    -2.10    -386.8     17.48    -14.88    24.932      96442    0    0    0    0    0
2012 10  8 12 24     5.95    -5.39    -1.15    -387.5     15.98    -19.61    25.393      98493    0    0    0    0    0
2012 10  8 12 25     5.11    -3.98     0.32    -387.2     14.32    -22.33    25.837     102985    0    0    0    0    0
2012 10  8 12 26     4.01    -2.83     1.05    -386.2     13.96    -23.51    25.708     105070    0    0    0    0    0
2012 10  8 12 27     3.78    -2.77     1.03    -384.8     13.83    -23.18    25.247     105060    0    0    0    0    0
2012 10  8 12 28     4.45    -3.33     0.45    -383.6     13.84    -23.27    24.781     104470    0    0    0    0    0
2012 10  8 12 29     4.79    -3.76     0.09    -382.2     12.44    -25.75    23.501      95764    0    0    0    0    0
2012 10  8 12 30     5.05    -4.05    -0.04    -380.3     11.90    -27.06    22.696      91202    0    0    0    0    0
2012 10  8 12 31     5.34    -4.20    -0.10    -378.3     12.28    -26.60    22.389      91267    0    0    0    0    0
2012 10  8 12 32     5.97    -4.20    -0.58    -376.9     12.97    -23.09    22.060      91755    0    0    0    0    0
2012 10  8 12 33     6.23    -4.58    -1.63    -376.6     14.36    -20.67    21.978      92680    0    0    0    0    0
2012 10  8 12 34     6.29    -4.64    -2.07    -376.3     14.52    -19.79    21.822      92827    0    0    0    0    0
2012 10  8 12 35     6.29    -4.80    -1.99    -376.3     13.37    -20.02    20.667      92323    0    0    0    0    0
2012 10  8 12 36     6.54    -5.27    -1.80    -377.8     13.09    -19.87    20.413      92210    0    0    0    0    0
2012 10  8 12 37     6.44    -5.41    -1.42    -378.1     13.18    -19.95    20.346      91949    0    0    0    0    0
2012 10  8 12 38     6.34    -5.19    -0.60    -380.4     12.84    -19.78    20.000      88817    0    0    0    0    0
2012 10  8 12 39     7.00    -4.77     0.06    -381.4     13.62    -20.40    20.400      91014    0    0    0    0    0
2012 10  8 12 40     7.47    -4.49     0.02    -381.8     14.32    -20.99    20.890      94702    0    0    0    0    0
2012 10  8 12 41     7.06    -4.56    -0.26    -380.9     14.26    -21.93    21.062      95906    0    0    0    0    0
2012 10  8 12 42     6.68    -4.60    -0.54    -379.7     14.14    -22.34    21.115      95772    0    0    0    0    0
2012 10  8 12 43     6.62    -4.39    -0.56    -379.0     14.04    -22.74    21.094      95263    0    0    0    0    0
2012 10  8 12 44     6.52    -3.78    -0.41    -378.4     14.29    -22.50    21.037      94411    0    0    0    0    0
2012 10  8 12 45     6.32    -3.68    -0.14    -377.8     14.53    -22.45    21.065      94060    0    0    0    0    0
2012 10  8 12 46     6.20    -3.68     0.16    -377.2     14.70    -21.66    21.308      94060    0    0    0    0    0
2012 10  8 12 47     6.18    -3.70     0.16    -377.5     14.63    -22.23    21.570      93672    0    0    0    0    0
2012 10  8 12 48     6.16    -2.80    -0.13    -379.1     14.54    -20.41    21.588      93375    0    0    0    0    0
2012 10  8 12 49     5.80    -1.70    -0.12    -380.0     14.38    -20.15    21.418      93297    0    0    0    0    0
2012 10  8 12 50     5.11    -1.79     0.24    -380.0     14.09    -21.22    21.098      93140    0    0    0    0    0
2012 10  8 12 51     4.72    -1.98     0.66    -378.5     13.39    -23.44    20.973      93069    0    0    0    0    0
2012 10  8 12 52     4.55    -1.94     0.84    -377.4     12.34    -24.22    20.847      92739    0    0    0    0    0
2012 10  8 12 53     3.62    -1.84     0.79    -375.3     12.23    -24.05    20.774      92728    0    0    0    0    0
2012 10  8 12 54     2.73    -1.78     0.66    -373.6     12.13    -23.96    20.745      92940    0    0    0    0    0
2012 10  8 12 55     2.05    -1.78     0.54    -372.8     11.97    -23.66    20.777      93413    0    0    0    0    0
2012 10  8 12 56     1.80    -1.62     0.61    -373.0     12.14    -22.90    20.853      94564    0    0    0    0    0
2012 10  8 12 57     1.79    -1.31     0.80    -373.5     12.76    -22.73    20.888      96756    0    0    0    0    0
2012 10  8 12 58     2.06    -1.40     0.93    -374.0     12.63    -22.94    20.900      97879    0    0    0    0    0
2012 10  8 12 59     2.67    -1.55     0.97    -375.0     12.70    -22.96    20.828      96502    0    0    0    0    0
2012 10  8 13  0     2.88    -1.44     0.89    -376.0     12.93    -22.22    20.725      94052    0    0    0    0    0
2012 10  8 13  1     1.72    -1.44     0.90    -375.8     12.28    -21.12    20.716      92880    0    0    0    0    0
2012 10  8 13  2     1.15    -0.75     1.11    -374.7     12.07    -21.17    20.794      92074    0    0    0    0    0
2012 10  8 13  3     0.99    -0.09     1.29    -373.5     12.10    -21.92    20.925      91657    0    0    0    0    0
2012 10  8 13  4     0.90     0.20     1.37    -372.9     12.24    -22.59    21.152      92288    0    0    0    0    0
2012 10  8 13  5     0.66     0.37     1.52    -373.0     12.46    -22.39    21.380      93549    0    0    0    0    0
2012 10  8 13  6     0.29     0.35     1.94    -373.7     12.81    -22.14    21.287      93505    0    0    0    0    0
2012 10  8 13  7     0.13     0.09     2.30    -375.0     13.44    -22.21    21.180      92852    0    0    0    0    0
2012 10  8 13  8     0.11    -0.10     2.35    -375.5     13.62    -21.83    21.205      92515    0    0    0    0    0
2012 10  8 13  9     0.15     0.03     2.15    -375.3     13.69    -20.16    21.439      93389    0    0    0    0    0
2012 10  8 13 10     0.14     0.18     1.96    -375.1     13.58    -19.44    21.676      93805    0    0    0    0    0
2012 10  8 13 11     0.09     0.61     1.97    -375.5     13.40    -18.39    21.896      93252    0    0    0    0    0
2012 10  8 13 12     0.27     1.14     1.99    -375.4     13.42    -17.47    22.475      92913    0    0    0    0    0
2012 10  8 13 13     0.26     1.56     1.96    -374.9     13.45    -16.00    23.215      92623    0    0    0    0    0
2012 10  8 13 14     0.23     1.91     1.90    -374.6     13.78    -15.22    23.654      90415    0    0    0    0    0
2012 10  8 13 15     0.27     2.04     1.85    -374.6     14.10    -15.69    23.858      88538    0    0    0    0    0
2012 10  8 13 16     0.33     1.76     1.97    -375.1     13.59    -16.57    23.940      88272    0    0    0    0    0
2012 10  8 13 17     0.36     1.44     2.12    -375.6     12.72    -18.19    23.862      89654    0    0    0    0    0
2012 10  8 13 18     0.64     0.95     2.54    -377.2     12.30    -18.71    23.655      91194    0    0    0    0    0
2012 10  8 13 19     1.17     0.65     2.74    -378.8     13.46    -18.81    23.634      91115    0    0    0    0    0
2012 10  8 13 20     3.96    -0.97     3.33    -382.1     13.90    -20.23    23.274      90543    0    0    0    0    0
2012 10  8 13 21     5.18    -1.94     4.08    -382.5     13.55    -21.51    22.945      91080    0    0    0    0    0
2012 10  8 13 22     5.51    -2.30     4.54    -383.0     12.69    -22.18    22.620      92671    0    0    0    0    0
2012 10  8 13 23     5.38    -2.32     4.62    -384.3     12.99    -24.03    21.784      94962    0    0    0    0    0
2012 10  8 13 24     5.34    -2.43     4.69    -384.7     15.64    -22.09    21.337      96243    0    0    0    0    0
2012 10  8 13 25     5.30    -2.38     4.96    -384.6     18.08    -21.92    21.316      97565    0    0    0    0    0
2012 10  8 13 26     5.33    -2.10     5.11    -384.3     19.39    -20.16    21.316      99641    0    0    0    0    0
2012 10  8 13 27     5.38    -2.08     5.13    -384.3     20.76    -19.62    21.187     103549    0    0    0    0    0
2012 10  8 13 28     5.32    -1.90     5.27    -384.5     21.30    -16.96    20.528     114392    0    0    0    0    0
2012 10  8 13 29     5.09    -1.29     5.85    -384.5     21.00    -17.18    20.516     115593    0    0    0    0    0
2012 10  8 13 30     4.84    -1.10     5.92    -384.0     20.41    -17.20    20.465     115611    0    0    0    0    0
2012 10  8 13 31     4.42    -0.98     6.28    -383.5     19.27    -18.54    20.174     115525    0    0    0    0    0
2012 10  8 13 32     4.30    -0.96     6.44    -383.1     19.39    -18.55    19.426     115508    0    0    0    0    0
2012 10  8 13 33     4.47    -0.97     6.62    -382.8     20.00    -17.82    16.918     129447    0    0    0    0    0
2012 10  8 13 34     4.84    -1.02     7.02    -382.4     20.81    -15.23    15.055     141511    0    0    0    0    0
2012 10  8 13 35     5.07    -1.23     7.37    -382.2     21.01    -12.47    14.584     150123    0    0    0    0    0
2012 10  8 13 36     5.08    -1.31     7.47    -382.4     20.43    -12.36    14.840     152790    0    0    0    0    0
2012 10  8 13 37     4.68    -1.69     7.55    -384.7     18.29    -14.68    16.689     147771    0    0    0    0    0
2012 10  8 13 38     4.59    -1.56     7.52    -385.2     17.29    -14.40    16.607     132711    0    0    0    0    0
2012 10  8 13 39     4.64    -1.51     7.53    -385.2     17.22    -13.36    16.266     131250    0    0    0    0    0
2012 10  8 13 40     4.73    -1.37     7.42    -385.2     18.27    -11.24    15.676     130280    0    0    0    0    0
2012 10  8 13 41     4.83    -1.02     7.39    -384.9     21.11    -10.42    14.868     130280    0    0    0    0    0
2012 10  8 13 42     4.86    -0.71     7.13    -384.6     21.10     -9.19    14.872     130280    0    0    0    0    0
2012 10  8 13 43     4.96    -0.73     7.07    -384.1     20.98     -9.22    14.892     130428    0    0    0    0    0
2012 10  8 13 44     4.98    -0.83     7.07    -384.0     21.24     -8.64    14.891     135079    0    0    0    0    0
2012 10  8 13 45     4.78    -0.79     7.38    -384.2     21.94     -8.43    14.737     141587    0    0    0    0    0
2012 10  8 13 46     3.73     0.13     7.56    -385.6     23.51     -9.53    13.873     158087    0    0    0    0    0
2012 10  8 13 47     2.11     1.72     7.90    -385.9     23.19    -10.11    13.851     170308    0    0    0    0    0
2012 10  8 13 48     2.35     1.57     8.21    -385.8     22.98    -10.24    13.660     167238    0    0    0    0    0
2012 10  8 13 49     3.14     1.33     8.17    -385.0     22.82    -10.23    13.191     149741    0    0    0    0    0
2012 10  8 13 50     3.86     0.48     8.09    -383.7     22.56    -10.07    13.252     149741    0    0    0    0    0
2012 10  8 13 51     4.71    -0.20     7.55    -383.3     20.38    -10.93    13.856     153047    0    0    0    0    0
2012 10  8 13 52     4.98    -0.32     7.31    -382.6     19.69    -12.33    14.559     158548    0    0    0    0    0
2012 10  8 13 53     5.14    -0.19     7.27    -382.5     19.66    -14.47    15.332     164721    0    0    0    0    0
2012 10  8 13 54     5.55    -0.29     6.95    -382.1     20.07    -15.20    15.959     166723    0    0    0    0    0
2012 10  8 13 55     5.69    -0.08     7.02    -385.1     21.37    -15.92    16.748     166126    0    0    0    0    0
2012 10  8 13 56     5.71     0.17     7.09    -389.3     26.74    -15.84    15.522     154266    0    0    0    0    0
2012 10  8 13 57     5.94     0.61     7.43    -395.4     25.59    -14.49    14.693     157427    0    0    0    0    0
2012 10  8 13 58     5.88    -0.80     7.07    -395.7     25.83    -13.32    14.555     155626    0    0    0    0    0
2012 10  8 13 59     5.62    -2.13     6.72    -395.5     25.74    -12.75    14.376     151897    0    0    0    0    0
2012 10  8 14  0     5.38    -3.30     6.16    -394.9     25.10    -12.58    14.189     149657    0    0    0    0    0
2012 10  8 14  1     5.41    -4.20     5.48    -394.2     23.89    -12.52    14.081     149964    0    0    0    0    0
2012 10  8 14  2     5.96    -4.60     5.40    -393.9     22.47    -12.63    13.977     153541    0    0    0    0    0
2012 10  8 14  3     7.02    -4.31     6.25    -394.0     21.92    -13.09    13.833     165296    0    0    0    0    0
2012 10  8 14  4     7.30    -3.80     6.78    -394.7     22.68    -13.96    13.733     176383    0    0    0    0    0
2012 10  8 14  5     7.70    -3.50     6.78    -395.2     23.06    -14.65    13.661     185219    0    0    0    0    0
2012 10  8 14  6     7.98    -3.17     6.69    -395.4     23.40    -13.98    13.637     192018    0    0    0    0    0
2012 10  8 14  7     8.06    -3.02     6.74    -396.1     24.44    -12.27    13.517     195880    0    0    0    0    0
2012 10  8 14  8     8.12    -2.99     6.84    -395.5     25.29    -11.78    13.369     194660    0    0    0    0    0
2012 10  8 14  9     8.22    -3.01     6.84    -394.4     25.68    -11.59    13.235     193135    0    0    0    0    0
2012 10  8 14 10     8.39    -2.99     6.69    -394.1     25.86    -11.69    13.097     195694    0    0    0    0    0
2012 10  8 14 11     8.52    -2.82     6.27    -394.6     25.81    -12.33    12.895     209758    0    0    0    0    0
2012 10  8 14 12     8.32    -2.53     6.01    -396.5     26.06    -10.39    12.293     224574    0    0    0    0    0
2012 10  8 14 13     8.24    -2.29     6.05    -400.0     26.50     -9.62    11.206     225404    0    0    0    0    0
2012 10  8 14 14     8.45    -2.02     6.08    -400.5     25.86     -8.68    10.604     226507    0    1    1    0    0
2012 10  8 14 15     8.46    -2.06     5.84    -400.0     25.45     -7.02    10.352     237645    0    1    1    0    0
2012 10  8 14 16     8.31    -2.21     5.29    -399.5     25.78     -6.62    10.184     251906    0    1    1    0    0
2012 10  8 14 17     8.33    -2.53     5.04    -398.5     25.01     -6.44    10.018     263086    0    1    1    0    0
2012 10  8 14 18     8.64    -3.40     4.71    -397.3     22.63     -6.54     9.896     271502    0    0    0    0    0
2012 10  8 14 19     8.78    -3.73     4.47    -396.1     20.29     -7.86    10.251     279480    0    0    0    0    0
2012 10  8 14 20     7.88    -2.86     4.85    -395.3     19.35     -9.90    11.412     288159    0    0    0    0    0
2012 10  8 14 21     6.69    -1.48     5.49    -396.6     23.53    -11.05    12.451     299714    0    0    0    0    0
2012 10  8 14 22     6.91    -1.23     5.60    -399.1     28.58     -8.63    12.116     312442    0    0    0    0    0
2012 10  8 14 23     7.30    -1.25     5.72    -399.5     29.33     -6.91    11.448     313244    0    0    0    0    0
2012 10  8 14 24     7.80    -1.71     5.57    -399.7     29.57     -6.06    10.895     307766    0    0    0    0    0
2012 10  8 14 25     8.40    -2.75     5.31    -399.7     28.18     -6.15    10.686     269182    0    0    0    0    0
2012 10  8 14 26     9.05    -3.17     5.09    -398.3     27.59     -5.07    10.686     268095    0    0    0    0    0
2012 10  8 14 27     9.31    -3.07     5.18    -397.3     26.68     -3.33    10.610     267138    0    0    0    0    0
2012 10  8 14 28     9.23    -2.95     5.47    -395.8     25.49     -2.62    10.360     266815    0    0    0    0    0
2012 10  8 14 29     9.11    -3.07     5.71    -393.9     24.34     -2.62    10.009     268017    0    0    0    0    1
2012 10  8 14 30     9.11    -3.54     5.78    -392.0     23.51     -2.74     9.623     271621    0    0    0    0    1
2012 10  8 14 31     9.49    -4.19     5.38    -391.2     23.61      0.38     9.395     276055    0    0    0    0    2
2012 10  8 14 32     9.67    -4.45     5.14    -391.1     25.80      0.33     9.365     281158    0    0    0    0    2
2012 10  8 14 33     9.34    -4.37     5.12    -391.4     29.08     -0.68     9.361     281766    0    0    0    0    1
2012 10  8 14 34     9.41    -4.11     5.14    -391.3     30.71     -0.21     9.339     273519    0    0    0    0    0
2012 10  8 14 35     9.81    -3.98     4.72    -391.2     30.94      0.68     9.314     271461    0    0    0    0    1
2012 10  8 14 36    10.07    -4.79     4.06    -390.9     30.84      2.36     9.280     270230    0    0    0    0    2
2012 10  8 14 37     9.91    -5.19     3.98    -390.7     30.87      5.70     9.198     269407    0    0    0    0    2
2012 10  8 14 38     9.81    -5.45     3.81    -390.1     30.76      8.19     9.066     269258    0    0    0    0    1
2012 10  8 14 39     9.72    -5.54     3.75    -389.3     31.00      9.74     8.706     269258    0    0    0    0    0
2012 10  8 14 40     9.86    -5.37     3.74    -388.3     31.11      9.40     8.261     268853    0    0    0    0    0
2012 10  8 14 41    10.11    -5.06     3.86    -388.0     31.08      8.48     8.013     268460    0    0    0    0    0
2012 10  8 14 42    10.23    -4.87     4.02    -388.2     31.02      7.52     8.108     275543    0    0    0    0    0
2012 10  8 14 43    10.14    -4.87     4.33    -389.2     31.74      6.95     8.643     283115    0    0    0    0    0
2012 10  8 14 44     9.74    -5.01     4.97    -392.8     36.74      8.49     9.357     277859    0    0    0    0    0
2012 10  8 14 45     9.31    -5.24     5.34    -396.3     38.63      3.53     9.921     288443    0    0    0    0    0
2012 10  8 14 46     8.79    -6.32     5.10    -400.7     35.74     -0.35    10.158     295285    0    0    0    0    0
2012 10  8 14 47     8.62    -7.20     4.89    -402.1     35.76     -0.97    10.286     283859    0    0    0    0    0
2012 10  8 14 48     8.40    -7.41     4.93    -402.7     34.95     -3.43    10.426     281781    0    0    0    0    0
2012 10  8 14 49     8.29    -7.74     4.65    -402.9     32.37     -7.00    10.471     281781    0    0    0    0    0
2012 10  8 14 50     8.11    -8.20     4.20    -402.8     29.76     -6.74    10.392     276078    0    0    0    0    0
2012 10  8 14 51     7.97    -8.58     3.64    -401.7     28.70     -5.69    10.210     259409    0    0    0    0    0
2012 10  8 14 52     7.91    -8.70     3.43    -400.2     29.33     -5.05    10.065     237839    0    0    0    0    0
2012 10  8 14 53     7.90    -8.52     3.35    -399.3     31.45     -4.16    10.054     237839    0    0    0    0    0
2012 10  8 14 54     8.03    -8.63     3.33    -398.8     32.83     -5.49    10.198     249935    0    0    0    0    0
2012 10  8 14 55     8.15    -8.78     2.94    -398.3     34.66     -4.19    10.414     251663    0    0    0    0    0
2012 10  8 14 56     8.17    -8.86     2.61    -396.7     36.53     -0.47    10.482     251921    0    0    0    0    0
2012 10  8 14 57     8.43    -8.24     3.08    -397.9     39.92      3.73    10.468     257868    0    0    0    0    0
2012 10  8 14 58     9.10    -6.93     4.67    -401.3     50.07      1.16    10.387     271109    0    0    0    0    0
2012 10  8 14 59     9.20    -6.87     4.57    -402.8     58.77     -0.75    10.420     271200    0    0    0    0    0
2012 10  8 15  0     9.08    -7.13     4.35    -403.2     64.51     -1.21    10.512     271469    0    0    0    0    0
2012 10  8 15  1     9.08    -7.20     4.27    -402.7     68.51      1.27    10.571     271719    0    0    0    0    0
2012 10  8 15  2     9.21    -7.14     4.22    -402.3     73.43      1.91    10.698     269551    0    0    0    0    0
2012 10  8 15  3     9.20    -7.11     4.04    -404.4     76.76     -3.61    11.216     265079    0    0    0    0    0
2012 10  8 15  4     9.09    -7.20     3.76    -405.4     76.61     -5.89    11.396     268539    0    0    0    0    0
2012 10  8 15  5     9.02    -7.24     3.60    -406.3     76.39     -5.89    11.437     277603    0    0    0    0    0
2012 10  8 15  6     8.81    -7.33     3.77    -406.2     80.12     -5.03    11.479     287310    0    0    0    0    0
2012 10  8 15  7     8.82    -7.34     3.98    -405.2     76.86     -2.71    11.417     295265    0    0    0    0    0
2012 10  8 15  8     8.89    -7.21     4.14    -404.0     71.82     -0.43    11.266     298051    0    0    0    0    0
2012 10  8 15  9     8.90    -7.01     4.39    -403.6     66.13      0.67    11.088     284506    0    0    0    0    0
2012 10  8 15 10     8.77    -7.00     4.50    -404.5     59.41     -0.76    11.057     269958    0    0    0    0    0
2012 10  8 15 11     8.47    -7.13     3.95    -406.7     51.79     -2.35    11.157     272923    0    0    0    0    0
2012 10  8 15 12     8.15    -7.48     3.37    -407.2     45.58     -2.94    11.125     282336    0    0    0    0    0
2012 10  8 15 13     8.19    -7.65     3.08    -407.8     42.40     -0.66    11.078     293102    0    0    0    0    0
2012 10  8 15 14     8.19    -8.05     2.61    -408.2     42.43      2.48    11.077     305931    0    0    0    0    0
2012 10  8 15 15     8.12    -8.62     1.70    -407.7     42.68      4.37    11.059     305931    0    0    0    0    0
2012 10  8 15 16     7.33    -9.42     0.58    -406.7     48.42      9.01    11.043     303581    0    0    0    0    0
2012 10  8 15 17     6.82    -9.80     0.15    -406.6     49.01      9.36    11.277     297617    0    0    0    0    0
2012 10  8 15 18     6.81    -9.72     0.07    -407.4     47.92      9.01    11.576     296737    0    0    0    0    0
2012 10  8 15 19     7.59    -8.86     0.94    -407.5     48.38      9.30    11.554     297355    0    0    0    0    0
2012 10  8 15 20     8.06    -8.34     1.33    -403.7     53.07     10.62    11.245     297377    0    0    0    0    0
2012 10  8 15 21     8.51    -7.84     1.71    -399.7     57.91     11.98    10.926     297377    0    0    0    0    0
2012 10  8 15 22     8.79    -6.86     2.92    -398.3     61.03     10.34    10.250     281090    0    0    0    0    0
2012 10  8 15 23     8.91    -6.34     4.54    -398.3     66.48     11.48     9.647     266946    0    0    0    0    0
2012 10  8 15 24     8.78    -6.69     5.37    -399.5     68.75     11.75     9.261     258949    0    0    0    0    0
2012 10  8 15 25     8.77    -6.89     5.31    -400.0     65.24      9.76     9.217     259659    0    0    0    0    0
2012 10  8 15 26     8.72    -7.30     4.86    -399.0     62.62      9.85     9.396     278455    0    0    0    0    0
2012 10  8 15 27     8.73    -7.34     4.75    -398.2     61.15     11.03     9.585     292389    0    0    0    0    0
2012 10  8 15 28     8.87    -6.85     5.20    -397.7     60.58     13.84     9.588     295290    0    0    0    0    0
2012 10  8 15 29     8.83    -6.66     5.54    -397.4     60.47     15.38     9.431     288146    0    0    0    0    0
2012 10  8 15 30     8.76    -6.51     5.58    -396.5     62.34     15.33     9.186     275743    0    0    0    0    0
2012 10  8 15 31     8.72    -6.44     5.35    -395.8     64.06     13.93     8.954     263035    0    0    0    0    0
2012 10  8 15 32     8.80    -6.51     4.93    -395.6     64.68     11.85     8.841     256062    0    0    0    0    0
2012 10  8 15 33     8.88    -6.54     4.73    -395.9     64.45     11.06     8.861     254493    0    0    0    0    0
2012 10  8 15 34     8.73    -6.46     4.90    -396.5     63.13     12.70     9.020     253883    0    0    0    0    0
2012 10  8 15 35     7.91    -7.18     5.11    -396.7     62.34     13.75     9.284     250489    0    0    0    0    0
2012 10  8 15 36     6.88    -7.73     5.20    -397.6     61.99     13.61     9.517     244388    0    0    0    0    0
2012 10  8 15 37     6.67    -7.74     4.75    -402.0     60.85     16.64     9.523     237563    0    0    0    0    0
2012 10  8 15 38     6.95    -7.96     3.80    -403.4     58.88     16.19     9.443     236285    0    0    0    0    0
2012 10  8 15 39     7.04    -8.39     2.96    -404.2     57.23     12.83     9.460     238953    0    0    0    0    0
2012 10  8 15 40     7.06    -8.69     2.51    -404.5     56.98     12.32     9.497     241018    0    0    0    0    0
2012 10  8 15 41     7.26    -8.63     2.67    -402.9     57.94     13.18     9.493     239835    0    0    0    0    0
2012 10  8 15 42     7.50    -8.47     3.07    -400.5     59.38     14.55     9.463     237609    0    0    0    0    0
2012 10  8 15 43     7.51    -8.49     2.88    -400.0     59.47     17.30     9.328     233117    0    0    0    0    0
2012 10  8 15 44     7.51    -8.54     2.62    -399.8     60.64     16.94     9.182     228889    0    0    0    0    0
2012 10  8 15 45     7.51    -8.54     1.99    -400.1     62.35     16.13     9.191     224657    0    0    0    0    0
2012 10  8 15 46     7.53    -8.47     1.51    -399.2     64.19     16.03     9.264     221771    0    0    0    0    0
2012 10  8 15 47     7.70    -8.31     1.47    -398.4     65.02     15.15     9.505     221531    0    0    0    0    0
2012 10  8 15 48     7.90    -7.96     1.13    -396.6     65.69     13.43     9.736     227746    0    0    0    0    0
2012 10  8 15 49     8.10    -7.60     1.00    -394.8     66.35     12.42     9.889     232019    0    0    0    0    0
2012 10  8 15 50     8.23    -7.17     1.72    -393.4     68.03     14.00     9.952     229583    0    0    0    0    0
2012 10  8 15 51     8.22    -6.31     4.41    -393.1     73.38     21.05     9.998     217709    0    0    0    0    0
2012 10  8 15 52     8.28    -6.08     5.06    -393.0     72.93     20.33    10.048     215337    0    0    0    0    0
2012 10  8 15 53     8.19    -5.85     5.32    -393.0     70.64     20.13    10.384     217869    0    0    0    0    0
2012 10  8 15 54     7.95    -5.88     5.41    -393.8     68.07     19.21    11.386     238763    0    0    0    0    0
2012 10  8 15 55     7.78    -5.52     5.81    -395.8     69.49     18.01    12.380     250256    0    0    0    0    0
2012 10  8 15 56     7.73    -5.22     6.26    -397.9     70.15     15.40    12.342     228762    0    0    0    0    0
2012 10  8 15 57     7.32    -4.14     7.10    -402.5     79.88     17.47    11.588     208215    0    0    0    0    0
2012 10  8 15 58     6.82    -3.36     7.55    -403.7     86.34     17.96    11.648     208895    0    0    0    0    0
2012 10  8 15 59     6.63    -2.47     7.83    -403.9     87.32     20.33    11.940     211065    0    0    0    0    0
2012 10  8 16  0     6.39    -1.15     8.67    -404.3     87.15     21.67    12.156     212415    0    0    0    0    0
2012 10  8 16  1     6.09    -0.41     9.25    -403.8     87.16     23.36    12.330     203295    0    0    0    0    0
2012 10  8 16  2     5.76    -0.84     8.98    -402.4     86.38     25.81    12.449     194421    0    0    0    0    0
2012 10  8 16  3     5.35    -1.87     8.22    -401.6     85.72     28.25    12.488     196830    0    0    0    0    0
2012 10  8 16  4     4.99    -2.35     7.99    -401.6     88.07     28.15    12.523     204919    0    0    0    0    0
2012 10  8 16  5     4.96    -1.91     7.94    -402.1     91.01     27.91    12.635     202162    0    0    0    0    0
2012 10  8 16  6     5.12    -1.04     7.81    -403.6     94.57     26.96    12.694     193741    0    0    0    0    0
2012 10  8 16  7     5.10    -0.78     7.77    -405.1     95.55     26.37    12.586     188931    0    0    0    0    0
2012 10  8 16  8     5.07    -0.67     7.96    -408.2     95.47     25.27    12.319     184198    0    0    0    0    0
2012 10  8 16  9     4.92    -0.51     8.14    -407.2     95.96     25.90    12.304     184198    0    0    0    0    0
2012 10  8 16 10     4.94    -0.48     8.24    -406.2     95.98     27.07    12.761     192432    0    0    0    0    0
2012 10  8 16 11     4.71    -0.47     8.47    -405.9     96.75     27.85    13.207     206377    0    0    0    0    0
2012 10  8 16 12     4.60    -0.30     8.63    -406.2     98.92     28.11    13.342     213038    0    0    0    0    0
2012 10  8 16 13     4.05    -0.03     8.59    -406.6    103.54     28.73    13.188     215933    0    0    0    0    0
2012 10  8 16 14     3.86     1.06     8.23    -406.4    108.19     26.67    13.009     216286    0    0    0    0    0
2012 10  8 16 15     4.16     1.65     7.90    -405.7    108.78     21.24    12.961     202447    0    0    0    0    0
2012 10  8 16 16     4.55     2.03     7.56    -404.8    108.09     15.79    13.054     182912    0    0    0    0    0
2012 10  8 16 17     4.86     2.04     7.60    -403.9    107.60     12.85    13.128     174345    0    0    0    0    0
2012 10  8 16 18     5.06     0.95     7.51    -403.5    107.16     12.06    13.142     174402    0    0    0    0    0
2012 10  8 16 19     5.01    -0.34     7.43    -405.4    106.21     18.14    13.025     174467    0    0    0    0    0
2012 10  8 16 20     4.77     1.02     8.81    -405.7    101.65     19.39    12.942     172871    0    0    0    0    0
2012 10  8 16 21     4.61     1.53     9.25    -405.2     99.32     18.86    12.428     172339    0    0    0    0    0
2012 10  8 16 22     4.68     1.16     8.91    -405.0    100.30     18.84    12.108     198273    0    0    0    0    0
2012 10  8 16 23     4.70     0.70     8.55    -404.9    103.77     18.85    12.056     257483    0    0    0    0    0
2012 10  8 16 24     4.84    -0.21     7.13    -405.6    107.91     10.95    12.049     282034    0    0    0    0    0
2012 10  8 16 25     5.35    -0.69     6.41    -406.3    112.21      4.19    12.211     275402    0    0    0    0    1
2012 10  8 16 26     5.46    -0.76     6.18    -405.9    115.66      2.17    12.325     267791    0    0    0    0    2
2012 10  8 16 27     5.18    -1.29     5.80    -406.3    115.63      1.75    12.355     259492    0    0    0    0    2
2012 10  8 16 28     4.93    -1.25     5.66    -404.8    112.90      5.62    12.266     253399    0    0    0    0    2
2012 10  8 16 29     4.78    -1.17     5.77    -403.0    109.95      9.76    12.181     247607    0    0    0    0    2
2012 10  8 16 30     4.70    -1.26     6.31    -401.7    107.62     12.55    12.142     241228    0    0    0    0    2
2012 10  8 16 31     4.59    -1.44     7.31    -401.5    106.88     12.54    12.185     233589    0    0    0    0    2
2012 10  8 16 32     4.59    -1.04     7.27    -402.0    108.79      9.70    12.284     224981    0    0    0    0    2
2012 10  8 16 33     4.89    -0.58     7.02    -402.9    114.75      4.43    12.354     212959    0    0    0    0    1
2012 10  8 16 34     4.96    -0.39     6.94    -402.9    116.34      2.58    12.370     197872    0    1    1    1    1
2012 10  8 16 35     4.65     0.24     7.10    -402.5    115.63      2.32    12.332     183320    0    1    2    2    2
2012 10  8 16 36     1.91     1.68     5.63    -453.7     91.93      1.76    10.874     177218    0    0    0    0    0
2012 10  8 16 37     2.02     1.70     5.66    -446.2     92.77      1.54    10.867     177218    0    0    0    0    0
2012 10  8 16 38     2.20     1.68     5.69    -438.9     93.58      1.33    10.861     177551    0    0    0    0    0
2012 10  8 16 39     2.39     1.66     5.73    -431.6     94.39      1.12    10.854     177885    0    0    0    0    0
2012 10  8 16 40     2.57     1.65     5.76    -424.3     95.21      0.91    10.847     178219    0    0    0    0    0
2012 10  8 16 41     2.75     1.63     5.80    -417.0     96.02      0.70    10.840     178553    0    0    0    0    0
2012 10  8 16 42     5.45     0.42     6.13    -417.2     95.79      1.27    10.818     191909    0    0    0    0    0
2012 10  8 16 43     7.81    -1.05     6.44    -415.7     95.44      3.60    10.655     205286    0    0    0    0    0
2012 10  8 16 44     8.10    -1.16     6.38    -413.2     94.74      6.22    10.062     205955    0    0    0    0    0
2012 10  8 16 45     8.53    -1.32     6.34    -410.8     94.31      9.09     9.444     199445    0    0    0    0    0
2012 10  8 16 46     9.13    -1.63     6.29    -408.5     94.15     12.38     8.787     186806    0    0    0    0    0
2012 10  8 16 47     9.35    -2.10     5.92    -405.7     93.95     16.87     7.924     173953    0    0    0    0    0
2012 10  8 16 48     9.71    -2.81     5.63    -403.6     91.43     19.69     7.502     168812    0    0    0    0    0
2012 10  8 16 49    10.01    -3.47     5.43    -402.7     88.76     22.01     7.528     173038    0    0    0    0    0
2012 10  8 16 50     9.87    -3.68     5.36    -403.0     88.62     24.24     7.950     182219    0    0    0    0    0
2012 10  8 16 51     9.47    -3.95     5.60    -403.8     87.80     26.32     8.723     191087    0    0    0    0    0
2012 10  8 16 52     7.09    -1.21     6.33    -448.7     94.65     12.80    12.290     189277    0    0    0    0    0
2012 10  8 16 53     6.67    -0.80     6.36    -445.5     95.27     11.67    12.569     177018    0    0    0    0    0
2012 10  8 16 54     6.44    -0.64     6.36    -438.0     95.22     11.88    12.569     164760    0    0    0    0    0
2012 10  8 16 55     6.18    -0.18     6.28    -431.6     95.33     12.21    12.568     152501    0    0    0    0    0
2012 10  8 16 56     5.92     0.28     6.21    -425.1     95.45     12.53    12.566     140243    0    0    0    0    0
2012 10  8 16 57     5.66     0.74     6.13    -418.7     95.56     12.85    12.565     127985    0    0    0    0    0
2012 10  8 16 58     5.41     1.20     6.05    -412.2     95.68     13.18    12.563     115726    0    0    0    0    0
2012 10  8 16 59     4.46     2.61     5.64    -412.6     94.95     13.20    12.363     103468    0    0    0    0    0
2012 10  8 17  0     3.36     2.98     5.60    -413.7     89.52      6.32    11.194      91210    0    0    0    0    0
2012 10  8 17  1     2.76     3.37     5.90    -412.4     83.27     -0.90    10.716      78951    0    0    0    0    0
2012 10  8 17  2     2.53     3.68     6.14    -411.2     78.25     -6.66    10.678      66693    0    0    0    0    0
2012 10  8 17  3     2.68     4.22     7.42    -414.1     77.79    -17.31    10.962      54434    0    0    0    0    0
2012 10  8 17  4     2.71     5.23    10.29    -420.7     75.79    -21.69     9.661      42176    0    0    0    0    0
2012 10  8 17  5     1.35     6.46    10.54    -422.9     77.93    -22.51     7.334      29918    0    0    0    0    0
2012 10  8 17  6     0.66     6.70    10.78    -423.9     79.33    -17.92     6.832      17659    0    0    0    0    0
2012 10  8 17  7     0.97     6.18    11.10    -425.9     85.90    -15.75     6.759      17616    0    0    0    0    0
2012 10  8 17  8     1.32     6.19    11.10    -426.4     85.67    -14.51     6.510      17719    0    0    0    0    0
2012 10  8 17  9     1.29     6.27    11.06    -426.4     84.76    -14.10     6.283      18178    0    0    0    0    0
2012 10  8 17 10     1.07     6.23    11.06    -426.5     83.60    -13.76     6.174      18147    0    0    0    0    0
2012 10  8 17 11     1.06     6.01    11.45    -427.9     82.24    -13.48     5.818      18023    0    0    0    0    0
2012 10  8 17 12     0.98     5.71    11.72    -432.4     83.20    -11.97     5.642      19660    0    0    0    0    0
2012 10  8 17 13     1.45     5.78    11.54    -432.5     83.68    -14.57     5.621      19977    0    0    0    0    0
2012 10  8 17 14     1.47     5.81    11.40    -431.2     84.32    -15.05     5.419      19939    0    0    0    0    0
2012 10  8 17 15     1.23     5.85    11.28    -428.9     85.67    -13.64     4.832      19645    0    0    0    0    0
2012 10  8 17 16     0.91     5.89    11.20    -426.4     86.96    -11.74     4.174      19300    0    0    0    0    0
2012 10  8 17 17     0.67     5.94    11.20    -425.5     86.65    -10.86     3.910      19226    0    0    0    0    0
2012 10  8 17 18     0.23     6.31    11.05    -425.7     84.55    -10.89     3.732      19153    0    0    0    0    0
2012 10  8 17 19    -0.17     6.42    10.73    -424.0     82.56    -10.81     3.618      19080    0    0    0    0    0
2012 10  8 17 20    -0.39     6.69    10.40    -424.3     77.27    -15.78     3.593      19007    0    0    0    0    0
2012 10  8 17 21    -1.46     7.40    10.11    -432.8     70.91    -21.76     3.722      18933    0    1    1    1    0
2012 10  8 17 22    -1.71     7.58    10.07    -432.0     67.73    -22.11     4.150      18860    0    1    1    2    0
2012 10  8 17 23    -1.75     7.53    10.04    -430.6     65.81    -22.09     4.588      18787    0    1    1    2    0
2012 10  8 17 24    -1.70     7.57     9.80    -429.3     64.10    -22.10     5.020      18714    0    1    1    2    0
2012 10  8 17 25    -1.61     7.62     9.63    -427.6     62.66    -22.68     5.434      18640    0    1    1    2    0
2012 10  8 17 26    -1.56     7.52     9.72    -425.7     61.55    -23.90     5.790      18567    0    1    1    1    0
2012 10  8 17 27    -2.07     7.43     9.57    -425.6     60.24    -23.83     5.779      18494    0    0    0    0    0
2012 10  8 17 28    -2.07     7.19     9.69    -425.9     62.79    -23.28     5.511      18421    0    0    0    0    0
2012 10  8 17 29    -1.96     7.24     9.59    -427.1     63.89    -22.46     5.880      17192    0    0    0    0    0
2012 10  8 17 30    -1.82     7.41     9.34    -428.6     61.53    -21.58     6.713      13602    0    0    0    0    0
2012 10  8 17 31    -2.10     7.40     9.02    -429.0     60.64    -21.51     7.723      15436    0    0    0    0    0
2012 10  8 17 32    -2.39     7.23     9.05    -428.7     62.21    -22.85     8.471      17447    0    0    0    0    0
2012 10  8 17 33    -2.42     6.86     9.29    -428.5     64.53    -24.54     9.093      15129    0    0    0    0    0
2012 10  8 17 34    -2.16     6.66     9.57    -426.6     69.30    -24.84     9.581      11902    0    0    0    0    0
2012 10  8 17 35    -1.61     6.77     9.55    -423.1     76.54    -25.16     9.904      11902    0    0    0    0    0
2012 10  8 17 36    -1.45     6.82     9.44    -420.3     78.77    -25.18    10.201      11947    0    0    0    0    0
2012 10  8 17 37    -1.47     6.78     9.31    -418.3     78.45    -25.52    10.418      12331    0    0    0    0    0
2012 10  8 17 38    -1.45     6.61     9.23    -417.6     76.88    -26.87    10.409      13458    0    0    0    0    0
2012 10  8 17 39    -1.09     6.39     9.15    -416.6     72.85    -27.56    10.209      14340    0    0    0    0    0
2012 10  8 17 40    -0.55     5.56     9.01    -414.8     69.34    -28.25    10.002      15139    0    0    0    0    0
2012 10  8 17 41     0.04     5.22     8.79    -413.1     68.72    -29.31     9.650      15740    0    0    0    0    0
2012 10  8 17 42     0.16     4.99     8.69    -412.2     68.41    -30.66     9.433      16361    0    0    0    0    0
2012 10  8 17 43    -3.63     7.00     8.05    -428.8     74.11    -30.78    10.860      17733    0    0    0    0    0
2012 10  8 17 44    -3.38     7.60     8.31    -432.8     75.03    -29.67    10.958      15769    0    0    0    0    0
2012 10  8 17 45    -2.84     7.29     8.92    -432.7     66.26    -28.08    10.923      12909    0    0    0    0    0
2012 10  8 17 46    -2.50     7.18     9.09    -431.5     66.38    -27.34    10.816      12385    0    0    0    0    0
2012 10  8 17 47    -2.42     7.00     9.18    -430.3     68.88    -27.68    10.778      12071    0    0    0    0    0
2012 10  8 17 48    -2.49     6.56     9.50    -431.0     71.19    -29.25    10.776      11915    0    0    0    0    0
2012 10  8 17 49    -2.61     6.25     9.70    -431.9     73.12    -31.18    10.854      11601    0    0    0    0    0
2012 10  8 17 50    -2.65     5.62     9.79    -431.1     73.90    -31.65    10.954      11517    0    0    0    0    0
2012 10  8 17 51    -2.67     5.37     9.80    -429.6     74.61    -29.95    11.000      11089    0    0    0    0    0
2012 10  8 17 52    -2.98     5.53     9.75    -428.5     74.67    -30.62    10.925      10604    0    0    0    0    0
2012 10  8 17 53    -3.69     6.18     9.53    -429.0     74.24    -35.87    10.639      10373    0    0    0    0    0
2012 10  8 17 54    -4.07     6.63     9.23    -429.1     73.34    -40.64    10.398      10208    0    0    0    0    0
2012 10  8 17 55    -3.87     6.11     9.05    -427.8     74.54    -44.49    10.341      10113    0    0    0    0    0
2012 10  8 17 56    -3.33     5.07     8.90    -426.1     78.75    -47.99    10.368      10121    0    0    0    0    0
2012 10  8 17 57    -2.97     4.68     8.95    -424.8     78.43    -51.17    10.539      10163    0    0    0    0    0
2012 10  8 17 58    -3.15     4.48    10.12    -424.8     73.62    -55.20    10.771      10163    0    0    0    0    0
2012 10  8 17 59    -4.14     6.19    10.02    -424.8     68.51    -59.34    10.986      10160    0    0    0    0    0
2012 10  8 18  0    -4.57     6.43     9.76    -422.8     64.67    -63.43    11.030       9963    0    0    0    0    0
2012 10  8 18  1    -7.53     7.82     8.46    -422.9     63.37    -60.19    10.892       9907    0    0    0    0    0
2012 10  8 18  2    -8.62     8.23     7.49    -424.2     63.10    -59.09    10.299      10141    0    0    0    0    0
2012 10  8 18  3    -8.84     8.18     6.91    -429.4     64.40    -69.77     8.484      10443    0    0    0    0    0
2012 10  8 18  4    -8.95     8.53     6.99    -428.5     64.58    -69.62     7.770      10744    0    0    0    0    0
2012 10  8 18  5    -9.03     9.02     7.23    -426.4     62.96    -69.34     7.518      11046    0    0    0    0    0
2012 10  8 18  6    -9.18     9.22     7.23    -423.4     57.93    -71.12     7.302      11348    0    0    0    0    0
2012 10  8 18  7    -8.83     9.41     5.96    -420.1     54.51    -65.22     6.844      11650    0    1    1    1    0
2012 10  8 18  8    -8.34     9.61     4.34    -416.6     51.38    -57.23     6.300      11952    0    1    1    2    0
2012 10  8 18  9    -7.99     9.72     2.90    -413.3     46.63    -51.60     5.642      12253    0    1    1    2    0
2012 10  8 18 10    -7.68     9.77     1.85    -410.3     42.36    -45.24     4.954      12555    0    1    1    2    0
2012 10  8 18 11    -7.40     9.73     1.25    -407.6     38.63    -38.02     4.233      12857    0    1    1    2    0
2012 10  8 18 12    -7.26     9.69     0.97    -405.2     32.21    -33.25     3.491      13159    0    1    1    2    0
2012 10  8 18 13    -6.99     9.54     0.23    -403.2     25.78    -29.80     2.749      13461    0    1    1    1    0
2012 10  8 18 14    -5.98     8.59    -2.31    -404.9     28.65    -26.73     2.076      13762    0    0    0    0    0
2012 10  8 18 15    -5.31     7.70    -3.62    -406.5     41.22    -24.95     1.756      14064    0    0    0    0    0
2012 10  8 18 16    -5.27     7.69    -3.64    -404.6     38.45    -24.37     1.561      14366    0    0    0    0    0
2012 10  8 18 17    -5.42     7.85    -3.43    -401.9     28.53    -24.04     1.466      14668    0    0    0    0    0
2012 10  8 18 18    -5.73     8.09    -3.03    -398.6     12.97    -23.87     1.466      14970    0    0    0    0    0
2012 10  8 18 19    -6.03     8.75    -2.32    -395.3     11.23    -25.17     1.598      15271    0    0    0    0    0
2012 10  8 18 20    -6.33     9.55    -1.51    -392.0     14.12    -26.95     1.773      15573    0    0    0    0    0
2012 10  8 18 21    -6.46    10.20    -1.00    -390.6     10.84    -30.52     1.855      15875    0    0    0    0    0
2012 10  8 18 22    -6.52    10.46    -0.80    -390.1      9.55    -35.51     1.816      16177    0    0    0    0    0
2012 10  8 18 23    -6.49    10.35    -0.69    -390.4      8.57    -38.47     1.508      16479    0    0    0    0    0
2012 10  8 18 24    -6.43    10.21    -0.83    -390.2      9.50    -43.73     1.315      16780    0    0    0    0    0
2012 10  8 18 25    -6.24    10.28    -0.98    -391.0     10.70    -49.15     1.278      17082    0    0    0    0    0
2012 10  8 18 26    -6.14    10.28    -1.05    -392.2     11.28    -49.64     1.263      17637    0    0    0    0    0
2012 10  8 18 27    -6.12     9.97    -1.13    -394.1     13.00    -49.26     1.158      19292    0    0    0    0    0
2012 10  8 18 28    -6.17     9.79    -1.09    -395.4     12.80    -47.00     1.020      20399    0    0    0    0    0
2012 10  8 18 29    -6.13     9.65    -1.15    -395.8     12.31    -46.57     1.014      20295    0    0    0    0    0
2012 10  8 18 30    -6.12     9.46    -1.17    -396.3     11.54    -47.04     1.049      19235    0    0    0    0    0
2012 10  8 18 31    -6.21     9.35    -1.35    -396.9      8.75    -46.36     1.079      16945    0    0    0    0    0
2012 10  8 18 32    -6.26     9.94    -2.46    -397.4      7.68    -45.37     1.077      16050    0    0    0    0    0
2012 10  8 18 33    -5.99    10.47    -4.10    -397.3      5.38    -44.91     1.069      16262    0    0    0    0    0
2012 10  8 18 34    -5.59    10.61    -6.31    -395.9      5.15    -45.11     1.066      16355    0    0    0    0    0
2012 10  8 18 35    -5.30    10.68    -8.07    -393.4      5.05    -46.37     1.072      16660    0    0    0    0    0
2012 10  8 18 36    -5.22    10.85    -8.41    -389.9      2.67    -49.52     1.094      17575    0    0    0    0    0
2012 10  8 18 37    -5.12    10.94    -8.76    -386.4     -0.39    -52.03     1.164      18063    0    0    0    0    0
2012 10  8 18 38    -4.98    10.94    -9.12    -383.1     -4.20    -53.84     1.290      18063    0    0    0    0    0
2012 10  8 18 39    -4.92    10.99    -9.64    -380.6     -7.76    -54.73     1.460      19098    0    0    0    0    0
2012 10  8 18 40    -4.83    10.96   -10.25    -378.9    -11.41    -54.59     1.680      20399    0    0    0    0    0
2012 10  8 18 41    -4.54    10.67   -10.74    -377.3    -15.75    -53.41     1.945      20399    0    0    0    0    0
2012 10  8 18 42    -4.10    10.38   -11.06    -379.3    -16.66    -49.55     2.409      17661    0    0    0    0    0
2012 10  8 18 43    -3.11     9.34   -11.69    -381.5    -13.26    -42.30     2.653      16225    0    0    0    0    0
2012 10  8 18 44    -3.30     9.38   -11.94    -380.1    -11.29    -33.45     2.796      15738    0    0    0    0    0
2012 10  8 18 45    -3.63     9.61   -12.05    -376.1    -11.88    -27.37     2.873      15569    0    0    0    0    0
2012 10  8 18 46    -3.90     9.80   -12.03    -372.1    -12.90    -22.45     2.916      14658    0    0    0    0    0
2012 10  8 18 47    -4.13     9.93   -11.88    -368.2    -14.35    -18.68     2.924      13004    0    0    0    0    0
2012 10  8 18 48    -4.33    10.07   -11.73    -364.7    -15.81    -15.33     2.980      11285    0    0    0    0    0
2012 10  8 18 49    -4.39    10.26   -11.64    -364.1    -17.31    -15.74     3.452       9566    0    0    0    0    0
2012 10  8 18 50    -4.81    10.52   -11.02    -361.4    -17.32    -15.75     3.769       7848    0    0    0    0    0
2012 10  8 18 51    -2.24     6.79   -13.03    -373.0     -0.24     -4.53     4.374       6129    0    0    0    0    0
2012 10  8 18 52    -2.07     6.55   -13.17    -375.6      1.10     -0.02     4.401       5001    0    0    0    0    0
2012 10  8 18 53    -2.37     6.82   -13.00    -373.3      0.73     -1.40     4.374       5000    0    0    0    0    0
2012 10  8 18 54    -2.76     7.14   -12.76    -370.1      0.30     -3.59     4.336       5000    0    0    0    0    0
2012 10  8 18 55    -2.94     7.43   -12.65    -369.5     -1.21     -6.01     4.174       5866    0    0    0    0    0
2012 10  8 18 56    -2.68     7.43   -12.74    -369.7     15.14     -5.44     4.029       6907    0    0    0    0    0
2012 10  8 18 57    -2.43     7.30   -12.95    -371.9     20.50     -6.10     4.024       7048    0    0    0    0    0
2012 10  8 18 58    -2.16     7.12   -13.03    -374.5     24.99     -6.59     3.948       6585    0    0    0    0    0
2012 10  8 18 59    -1.73     6.54   -13.30    -377.4     25.11     -5.26     3.646       5046    0    0    0    0    0
2012 10  8 19  0    -1.45     6.19   -13.34    -377.9     20.42     -3.31     3.295       5120    0    0    0    0    0
2012 10  8 19  1    -1.60     6.26   -13.34    -375.8     16.95     -2.67     3.066       6652    0    0    0    0    0
2012 10  8 19  2    -1.80     6.45   -13.32    -373.6     13.63     -3.33     2.904       8556    0    0    0    0    0
2012 10  8 19  3    -2.02     6.75   -13.30    -371.5     10.19     -4.20     2.821      10380    0    0    0    0    0
2012 10  8 19  4    -2.28     7.17   -13.38    -371.0      5.28     -1.93     3.020      10143    0    0    0    0    0
2012 10  8 19  5    -2.07     6.52   -13.45    -371.4     -0.53     -2.00     3.353       5868    0    0    0    0    0
2012 10  8 19  6    -1.81     6.05   -13.47    -371.5     -4.56     -4.57     3.322       5965    0    0    0    0    0
2012 10  8 19  7    -2.02     6.50   -13.18    -370.6     -3.59     -4.87     3.225       6692    0    0    0    0    0
2012 10  8 19  8    -2.34     7.02   -13.03    -369.3     -5.49     -5.59     3.068       8122    0    0    0    0    0
2012 10  8 19  9    -2.73     7.50   -12.98    -368.2     -7.30     -6.38     2.915       8504    0    0    0    0    0
2012 10  8 19 10    -1.61     6.98   -14.51    -377.6      2.45      1.57     2.783       6803    0    0    0    0    0
2012 10  8 19 11    -1.41     6.83   -14.63    -376.8      1.37      1.59     2.914       7915    0    0    0    0    0
2012 10  8 19 12    -1.36     6.68   -14.77    -376.9      1.45      1.77     2.933       9344    0    0    0    0    0
2012 10  8 19 13    -1.25     5.84   -15.14    -378.4      2.59      0.81     2.942      10969    0    1    1    0    0
2012 10  8 19 14    -0.68     5.41   -15.36    -379.2      3.18     -1.47     2.967      11267    0    1    1    0    0
2012 10  8 19 15    -0.32     5.11   -15.47    -379.4      3.62     -3.95     2.968      11468    0    1    1    0    0
2012 10  8 19 16    -0.50     5.06   -15.46    -379.9      5.31     -5.48     2.988      10828    0    1    1    0    0
2012 10  8 19 17    -0.34     4.48   -15.57    -384.4     11.20     -6.12     3.106       9584    0    1    1    0    0
2012 10  8 19 18     0.27     3.67   -15.78    -386.7     12.69     -9.10     2.951       9354    0    1    1    0    0
2012 10  8 19 19     0.79     3.13   -15.86    -386.9     13.37    -11.83     2.705       9263    0    1    1    0    0
2012 10  8 19 20     1.38     2.62   -15.90    -387.2     13.78    -13.99     2.537       9035    0    1    1    0    0
2012 10  8 19 21     1.33     2.66   -15.91    -387.9     14.38    -15.96     2.595       8913    0    1    1    0    0
2012 10  8 19 22     1.14     2.89   -15.88    -389.5     15.82    -18.37     3.008       8824    0    1    1    0    0
2012 10  8 19 23     1.09     3.30   -15.84    -390.0     17.28    -19.98     3.204       9150    0    1    1    0    0
2012 10  8 19 24     1.02     3.48   -15.78    -390.0     18.48    -20.99     3.252       9272    0    1    1    0    0
2012 10  8 19 25     1.00     3.57   -15.77    -390.2     19.53    -22.44     3.270       8869    0    1    1    0    0
2012 10  8 19 26     1.17     3.55   -15.77    -390.8     20.45    -24.18     3.313       8431    0    1    1    0    0
2012 10  8 19 27     1.27     3.53   -15.78    -391.5     20.55    -25.85     3.424       8230    0    1    1    0    0
2012 10  8 19 28     1.42     4.46   -15.56    -391.8     19.47    -27.23     3.494       8219    0    1    1    0    0
2012 10  8 19 29     1.40     4.90   -15.44    -392.6     18.95    -27.54     3.367       8435    0    0    0    0    0
2012 10  8 19 30     0.94     5.24   -15.39    -392.0     18.06    -24.96     3.234       9279    0    0    0    0    0
2012 10  8 19 31     0.76     5.47   -15.32    -389.0      9.19    -24.97     3.232       9386    0    0    0    0    0
2012 10  8 19 32     0.58     5.70   -15.25    -386.0      1.73    -25.24     3.217       9454    0    0    0    0    0
2012 10  8 19 33     0.41     5.93   -15.16    -383.3     -1.87    -26.03     3.163       9454    0    0    0    0    0
2012 10  8 19 34     0.08     6.18   -15.03    -380.5     -3.11    -26.95     3.103       8825    0    0    0    0    0
2012 10  8 19 35    -0.31     6.45   -14.88    -377.7     -3.44    -27.98     3.042       7937    0    0    0    0    0
2012 10  8 19 36    -0.56     6.55   -14.83    -377.1     -8.71    -31.17     3.048       7937    0    0    0    0    0
2012 10  8 19 37    -0.78     6.66   -14.78    -374.9    -10.48    -32.59     3.061       8182    0    0    0    0    0
2012 10  8 19 38    -1.04     6.76   -14.71    -372.2    -12.04    -33.39     3.073       8604    0    0    0    0    0
2012 10  8 19 39    -1.33     6.84   -14.61    -368.8    -13.65    -33.46     3.084       9249    0    0    0    0    0
2012 10  8 19 40    -1.75     6.98   -14.44    -365.4    -14.58    -33.61     3.095       9897    0    0    0    0    0
2012 10  8 19 41    -2.31     7.19   -14.19    -362.0    -14.66    -33.86     3.105      10550    0    0    0    0    0
2012 10  8 19 42    -2.79     7.35   -14.01    -359.3    -15.28    -33.24     3.140      11203    0    0    0    0    0
2012 10  8 19 43    -2.97     7.45   -13.96    -359.2    -16.70    -30.82     3.221      11737    0    0    0    0    0
2012 10  8 19 44    -2.88     7.70   -13.94    -360.0    -17.66    -29.40     3.002      10565    0    0    0    0    0
2012 10  8 19 45    -2.89     7.64   -14.00    -358.9    -19.74    -28.60     2.611       8596    0    0    0    0    0
2012 10  8 19 46    -2.87     7.48   -14.08    -356.5    -20.30    -28.87     2.597       8596    0    0    0    0    0
2012 10  8 19 47    -3.00     7.58   -14.03    -360.3    -17.44    -29.89     3.098       9424    0    0    0    0    0
2012 10  8 19 48    -2.80     8.37   -13.59    -365.8    -21.76    -27.12     3.249       9103    0    0    0    0    0
2012 10  8 19 49    -2.06     7.72   -14.02    -375.3     -3.12     -4.97     3.378       9467    0    0    0    0    0
2012 10  8 19 50    -1.52     7.03   -14.47    -377.4     -2.07     -2.73     3.399       8547    0    0    0    0    0
2012 10  8 19 51    -1.03     6.78   -14.66    -381.4     -1.50    -10.74     3.386       7822    0    0    0    0    0
2012 10  8 19 52    -0.94     6.74   -14.70    -379.6     -4.61    -14.27     3.365       7606    0    0    0    0    0
2012 10  8 19 53    -0.95     6.63   -14.70    -376.2    -10.16    -16.75     3.347       7606    0    0    0    0    0
2012 10  8 19 54    -1.11     6.49   -14.73    -374.6    -10.50    -20.54     3.385       8778    0    0    0    0    0
2012 10  8 19 55    -1.21     6.39   -14.76    -375.5     -6.76    -25.97     3.500      12660    0    0    0    0    0
2012 10  8 19 56    -0.69     6.28   -14.87    -377.0      1.81    -27.29     3.539      14333    0    0    0    0    0
2012 10  8 19 57    -0.46     6.17   -14.94    -377.1      2.24    -27.05     3.474      14675    0    0    0    0    0
2012 10  8 19 58    -0.37     6.07   -15.00    -377.5      1.21    -26.27     3.288      14697    0    0    0    0    0
2012 10  8 19 59    -0.57     6.11   -14.98    -376.4     -1.93    -26.31     3.126      14680    0    0    0    0    0
2012 10  8 20  0    -1.16     6.78   -14.46    -377.7     -6.16    -24.93     2.963      13326    0    0    0    0    0
2012 10  8 20  1    -1.31     6.93   -14.36    -375.3     -9.00    -24.43     2.963      11925    0    0    0    0    0
2012 10  8 20  2    -1.60     7.02   -14.18    -376.9    -10.64    -23.64     2.939       9817    0    0    0    0    0
2012 10  8 20  3    -1.66     7.02   -14.18    -374.2     -8.61    -23.93     2.910       9632    0    0    0    0    0
2012 10  8 20  4    -1.69     7.03   -14.18    -376.7     -6.75    -26.35     2.907       9591    0    0    0    0    0
2012 10  8 20  5    -1.25     7.09   -14.25    -379.1    -10.47    -27.17     2.952       9549    0    0    0    0    0
2012 10  8 20  6    -1.17     7.14   -14.25    -379.1    -10.99    -27.35     2.940       9222    0    0    0    0    0
2012 10  8 20  7    -1.24     7.23   -14.17    -378.4    -11.10    -27.92     2.928       8575    0    1    1    0    0
2012 10  8 20  8    -1.38     7.30   -14.08    -377.5    -10.20    -28.65     2.931       8575    0    1    1    0    0
2012 10  8 20  9    -1.71     7.36   -13.84    -376.9     -7.49    -28.19     3.028       9892    0    1    1    0    0
2012 10  8 20 10    -1.54     6.98   -13.91    -376.1     -3.66    -27.40     3.294      11255    0    1    1    0    0
2012 10  8 20 11    -1.47     6.78   -13.94    -374.9     -0.70    -26.80     3.630      12293    0    1    1    0    0
2012 10  8 20 12    -1.22     6.84   -13.91    -378.6     -1.46    -30.65     4.416      16243    0    0    0    0    0
2012 10  8 20 13    -1.17     6.92   -13.89    -380.9     -3.34    -31.46     4.567      15149    0    0    0    0    0
2012 10  8 20 14    -1.31     7.07   -13.83    -380.0      1.47    -24.64     4.396      13461    0    0    0    0    0
2012 10  8 20 15    -1.51     7.32   -13.66    -379.1     14.52    -12.81     4.181      12578    0    0    0    0    0
2012 10  8 20 16    -1.83     7.56   -13.41    -378.0     18.49    -14.54     4.103      12641    0    0    0    0    0
2012 10  8 20 17    -1.82     7.54   -13.42    -374.9     13.22    -15.52     4.289      13185    0    0    0    0    0
2012 10  8 20 18    -1.69     7.47   -13.45    -378.1     -8.70    -14.76     4.654      13529    0    0    0    0    0
2012 10  8 20 19    -1.60     7.49   -13.43    -379.7      0.04    -13.05     4.461      13253    0    0    0    0    0
2012 10  8 20 20    -1.12     7.49   -13.61    -382.5      5.79     -8.34     4.374      13037    0    0    0    0    0
2012 10  8 20 21    -0.97     7.45   -13.75    -383.4      6.81     -6.52     4.401      12608    0    0    0    0    0
2012 10  8 20 22    -0.97     7.41   -13.77    -381.4      7.34     -5.49     4.386      12463    0    0    0    0    0
2012 10  8 20 23    -0.78     7.07   -14.03    -383.5      8.02     -3.87     4.402      12884    0    0    0    0    0
2012 10  8 20 24    -0.21     6.38   -14.62    -388.5      8.47     -5.91     4.519      13531    0    0    0    0    0
2012 10  8 20 25     0.17     6.03   -14.94    -387.6      8.19    -10.96     4.633      13318    0    0    0    0    0
2012 10  8 20 26     0.28     5.85   -15.07    -387.5      4.29    -16.16     4.743      12918    0    0    0    0    0
2012 10  8 20 27     0.26     5.98   -15.03    -388.4      0.14    -21.31     4.827      12785    0    0    0    0    0
2012 10  8 20 28     0.23     6.09   -14.93    -388.4      1.42    -23.27     4.842      12927    0    0    0    0    0
2012 10  8 20 29     0.18     6.22   -14.83    -387.8      2.93    -20.95     4.832      13064    0    0    0    0    0
2012 10  8 20 30     0.15     6.42   -14.73    -386.8      5.07    -15.96     4.834      13066    0    0    0    0    0
2012 10  8 20 31     0.08     6.58   -14.65    -386.9      5.11     -9.84     4.875      13126    0    0    0    0    0
2012 10  8 20 32     0.34     6.37   -14.66    -388.7      5.30     -5.72     4.947      14311    0    0    0    0    0
2012 10  8 20 33     1.16     5.90   -14.65    -390.2     -2.52    -18.53     4.970      15379    0    0    0    0    0
2012 10  8 20 34     1.74     5.41   -14.72    -390.4     -2.34    -21.35     4.867      15791    0    0    0    0    0
2012 10  8 20 35     1.52     5.31   -14.84    -392.5      0.54    -22.39     4.611      18303    0    0    0    0    0
2012 10  8 20 36     1.56     4.95   -15.11    -392.4      0.50    -22.12     4.492      18472    0    0    0    0    0
2012 10  8 20 37     1.48     5.01   -15.11    -391.7      4.28    -21.12     4.450      18472    0    0    0    0    0
2012 10  8 20 38     1.54     5.07   -15.10    -393.0      3.36    -20.29     4.384      14943    0    0    0    0    0
2012 10  8 20 39     1.46     5.16   -15.05    -393.7      0.09    -19.94     4.196      15772    0    0    0    0    0
2012 10  8 20 40     1.20     5.30   -15.02    -392.9     -0.94    -20.17     3.966      18732    0    0    0    0    0
2012 10  8 20 41     0.94     5.64   -14.84    -390.9     -2.03    -21.79     3.681      18732    0    0    0    0    0
2012 10  8 20 42     0.52     5.99   -14.74    -388.3     -3.71    -23.50     3.399      17045    0    0    0    0    0
2012 10  8 20 43     0.07     6.34   -14.67    -386.0     -5.11    -24.77     3.173      14685    0    0    0    0    0
2012 10  8 20 44    -0.31     6.63   -14.61    -385.3     -4.75    -24.05     3.160      11818    0    0    0    0    0
2012 10  8 20 45    -0.24     6.25   -14.83    -384.4     -4.46    -22.45     3.081      11818    0    0    0    0    0
2012 10  8 20 46    -0.20     6.17   -14.91    -384.1      2.28    -21.97     2.897      15085    0    0    0    0    0
2012 10  8 20 47    -0.20     6.16   -14.93    -383.7      3.03    -23.65     2.888      15366    0    0    0    0    0
2012 10  8 20 48    -0.17     6.32   -14.86    -383.8      1.18    -24.45     2.921      14977    0    0    0    0    0
2012 10  8 20 49    -0.28     6.36   -14.81    -383.8      1.05    -21.98     2.978      14925    0    0    0    0    0
2012 10  8 20 50    -0.18     6.34   -14.83    -382.5      1.26    -22.12     2.987      18028    0    0    0    0    0
2012 10  8 20 51    -0.18     6.28   -14.84    -381.1     -0.57    -23.11     2.991      19316    0    0    0    0    0
2012 10  8 20 52    -0.15     6.18   -14.87    -380.3     -2.34    -23.80     3.006      18711    0    0    0    0    0
2012 10  8 20 53     0.03     6.03   -14.94    -380.3     -3.44    -23.42     3.064      17292    0    0    0    0    0
2012 10  8 20 54     0.15     5.93   -14.95    -380.3     -5.33    -22.96     3.122      16524    0    0    0    0    0
2012 10  8 20 55     0.14     5.91   -14.94    -380.1     -5.76    -23.28     3.085      18005    0    0    0    0    0
2012 10  8 20 56     0.16     5.84   -14.94    -379.9     -6.38    -23.57     2.895      24637    0    0    0    0    0
2012 10  8 20 57     0.36     5.57   -15.02    -379.8     -7.72    -22.89     2.470      32548    0    0    0    0    0
2012 10  8 20 58     0.73     5.15   -15.16    -379.0    -10.23    -22.04     2.143      32367    0    0    0    0    0
2012 10  8 20 59     0.98     4.86   -15.22    -376.9    -12.26    -20.20     2.182      31731    0    0    0    0    0
2012 10  8 21  0     0.95     4.86   -15.18    -376.4    -13.02    -19.39     2.476      24010    0    0    0    0    0
2012 10  8 21  1     0.54     5.19   -15.04    -379.2     -4.91    -15.99     2.996      15679    0    0    0    0    0
2012 10  8 21  2    -0.07     5.71   -14.91    -380.8     -0.32    -15.58     2.938      18619    0    0    0    0    0
2012 10  8 21  3    -0.30     5.91   -14.84    -380.3     -0.25    -15.34     2.906      22048    0    0    0    0    0
2012 10  8 21  4    -0.19     5.83   -14.88    -380.1     -0.59    -17.94     3.051      21122    0    0    0    0    0
2012 10  8 21  5     0.05     5.65   -14.95    -380.2     -0.63    -23.28     3.291      17913    0    0    0    0    0
2012 10  8 21  6     0.18     5.59   -14.98    -380.1     -0.83    -22.08     3.394      14916    0    0    0    0    0
2012 10  8 21  7     0.12     5.63   -14.94    -379.3     -1.25    -17.16     3.463      14396    0    0    0    0    0
2012 10  8 21  8    -0.04     5.76   -14.87    -377.7     -2.14    -12.12     3.479      14396    0    0    0    0    0
2012 10  8 21  9    -0.53     6.18   -14.66    -375.9     -6.63    -17.32     3.552      14396    0    0    0    0    0
2012 10  8 21 10    -0.71     6.36   -14.58    -374.9     -9.61    -15.18     3.552      14589    0    0    0    0    0
2012 10  8 21 11    -0.77     6.44   -14.54    -374.3    -10.97    -13.45     3.391      14711    0    0    0    0    0
2012 10  8 21 12    -0.81     6.51   -14.51    -373.7    -13.91    -14.21     3.167      14318    0    0    0    0    0
2012 10  8 21 13    -0.92     6.58   -14.45    -374.2    -17.22    -15.49     3.051      13832    0    0    0    0    0
2012 10  8 21 14    -1.04     6.61   -14.39    -375.2    -16.53    -15.74     3.092      15296    0    0    0    0    0
2012 10  8 21 15    -0.66     6.44   -14.49    -377.0    -15.10    -10.50     3.188      16047    0    0    0    0    0
2012 10  8 21 16    -0.62     6.37   -14.56    -376.6    -11.29    -10.28     3.222      14648    0    0    0    0    0
2012 10  8 21 17    -0.58     6.36   -14.63    -376.1     -7.38    -12.71     3.204      13356    0    0    0    0    0
2012 10  8 21 18    -0.38     6.35   -14.71    -376.1     -6.21    -16.03     3.059      12526    0    0    0    0    0
2012 10  8 21 19    -0.28     6.40   -14.75    -376.9     -6.76    -16.18     3.078      12386    0    0    0    0    0
2012 10  8 21 20    -0.44     6.40   -14.74    -379.0    -13.39    -13.41     3.427      12988    0    0    0    0    0
2012 10  8 21 21    -0.43     6.35   -14.76    -379.0    -15.08    -13.50     3.600      12776    0    0    0    0    0
2012 10  8 21 22    -0.41     6.22   -14.83    -379.1    -13.59    -13.70     3.672      11811    0    0    0    0    0
2012 10  8 21 23    -0.35     6.11   -14.88    -379.0     -8.90    -13.57     3.672      11327    0    0    0    0    0
2012 10  8 21 24    -0.28     6.10   -14.89    -378.4     -9.22    -13.02     3.673      11349    0    0    0    0    0
2012 10  8 21 25    -0.18     6.12   -14.89    -376.4    -10.20    -13.16     3.675      11468    0    0    0    0    0
2012 10  8 21 26    -0.43     6.35   -14.80    -378.4    -14.33    -14.56     3.656      11721    0    0    0    0    0
2012 10  8 21 27    -0.47     6.35   -14.82    -378.0    -12.87    -19.38     3.561      11563    0    0    0    0    0
2012 10  8 21 28    -0.49     6.38   -14.81    -377.6    -18.10    -20.06     3.337       9697    0    0    0    0    0
2012 10  8 21 29    -0.51     6.49   -14.77    -375.6    -18.17    -20.23     3.337       9697    0    0    0    0    0
2012 10  8 21 30    -0.60     6.53   -14.75    -373.9    -18.56    -20.18     3.338      10079    0    0    0    0    0
2012 10  8 21 31    -0.66     6.51   -14.75    -372.7    -19.20    -19.97     3.340      10504    0    0    0    0    0
2012 10  8 21 32    -0.57     6.43   -14.78    -371.5    -19.08    -19.80     3.339      10469    0    0    0    0    0
2012 10  8 21 33    -0.61     6.47   -14.77    -369.3    -14.79    -20.15     3.334      10258    0    0    0    0    0
2012 10  8 21 34    -0.82     6.66   -14.67    -368.4    -13.47    -20.65     3.274      10191    0    0    0    0    0
2012 10  8 21 35    -1.27     6.97   -14.49    -368.1    -21.89    -21.56     3.237      11132    0    0    0    0    0
2012 10  8 21 36    -1.49     7.21   -14.37    -368.1    -27.36    -21.93     3.234      11727    0    0    0    0    0
2012 10  8 21 37    -0.19     6.48   -14.67    -374.1    -22.10    -20.99     3.148       9030    0    0    0    0    0
2012 10  8 21 38     0.29     6.05   -14.75    -376.8    -14.82    -22.98     3.186       7680    0    0    0    0    0
2012 10  8 21 39     0.23     6.10   -14.64    -376.9    -17.45    -22.52     3.101       8123    0    0    0    0    0
2012 10  8 21 40     0.06     6.27   -14.60    -377.3    -19.91    -20.07     2.815       8709    0    0    0    0    0
2012 10  8 21 41    -0.20     6.45   -14.56    -374.9    -22.79    -19.45     2.614       9162    0    0    0    0    0
2012 10  8 21 42    -0.45     6.61   -14.52    -372.3    -25.41    -19.14     2.423       9423    0    0    0    0    0
2012 10  8 21 43    -0.65     6.76   -14.49    -369.5    -27.61    -19.13     2.241       9423    0    0    0    0    0
2012 10  8 21 44    -0.73     6.85   -14.46    -368.4    -28.35    -19.39     1.945       9031    0    0    0    0    0
2012 10  8 21 45    -0.74     6.89   -14.44    -368.6    -28.19    -19.02     1.804       8830    0    0    0    0    0
2012 10  8 21 46    -0.75     6.95   -14.44    -369.4    -28.23    -18.46     1.893       8830    0    0    0    0    0
2012 10  8 21 47    -0.75     6.96   -14.48    -370.3    -29.40    -15.19     1.922       8168    0    0    0    0    0
2012 10  8 21 48    -0.33     6.63   -14.64    -369.4    -29.63    -14.48     1.855       7633    0    0    0    0    0
2012 10  8 21 49    -0.06     6.40   -14.71    -368.3    -30.41    -16.67     1.833       7520    0    0    0    0    0
2012 10  8 21 50     0.07     6.23   -14.76    -367.5    -31.03    -18.28     1.869       7520    0    0    0    0    0
2012 10  8 21 51     0.14     6.14   -14.80    -366.5    -32.51    -18.64     1.968       7803    0    0    0    0    0
2012 10  8 21 52     0.26     6.07   -14.84    -365.2    -34.56    -18.56     2.092       8407    0    0    0    0    0
2012 10  8 21 53     0.52     5.84   -14.95    -366.7    -33.53    -17.54     2.163       9166    0    0    0    0    0
2012 10  8 21 54     0.52     5.83   -14.95    -365.9    -33.48    -17.42     2.167       9603    0    0    0    0    0
2012 10  8 21 55     0.51     5.85   -14.96    -363.7    -33.71    -17.33     2.167       9793    0    0    0    0    0
2012 10  8 21 56     0.33     6.10   -14.88    -363.9    -37.38    -15.13     2.206       9809    0    0    0    0    0
2012 10  8 21 57     0.42     5.94   -14.99    -364.0    -38.29    -13.51     2.253       9809    0    0    0    0    0
2012 10  8 21 58     0.43     5.88   -15.00    -361.3    -37.67    -13.84     2.288      11901    0    0    0    0    0
2012 10  8 21 59     0.48     5.81   -15.04    -359.1    -37.74    -13.69     2.325      13468    0    0    0    0    0
2012 10  8 22  0     0.69     5.66   -15.17    -358.7    -38.80    -12.60     2.372      13493    0    0    0    0    0
2012 10  8 22  1     1.01     5.63   -15.14    -363.5    -27.42    -16.27     2.414      12245    0    0    0    0    0
2012 10  8 22  2    -0.02     6.50   -14.98    -372.4    -12.33    -10.06     1.738      11163    0    0    0    0    0
2012 10  8 22  3    -0.42     6.86   -14.86    -371.9    -10.43    -12.27     1.816      11106    0    0    0    0    0
2012 10  8 22  4    -0.62     7.03   -14.79    -370.3    -12.35    -14.55     2.020      10878    0    0    0    0    0
2012 10  8 22  5    -0.77     7.13   -14.72    -366.6    -15.44    -16.86     2.290      10862    0    0    0    0    0
2012 10  8 22  6    -0.92     7.23   -14.66    -362.9    -18.63    -19.17     2.565      10862    0    0    0    0    0
2012 10  8 22  7    -1.15     7.34   -14.58    -360.0    -22.51    -23.08     2.721      11145    0    0    0    0    0
2012 10  8 22  8    -1.42     7.45   -14.48    -357.8    -27.00    -28.18     2.776      11700    0    0    0    0    0
2012 10  8 22  9    -1.23     7.23   -14.58    -357.0    -32.30    -30.38     2.749      13432    0    0    0    0    0
2012 10  8 22 10    -0.85     7.16   -14.64    -357.3    -36.19    -32.56     2.691      13634    0    0    0    0    0
2012 10  8 22 11    -0.78     7.14   -14.60    -363.0    -35.42    -31.87     2.990      15824    0    0    0    0    0
2012 10  8 22 12    -0.32     6.74   -14.75    -363.2    -31.70    -25.80     3.155      16236    0    0    0    0    0
2012 10  8 22 13     1.34     5.71   -15.11    -369.3    -23.03    -16.12     3.208      14447    0    0    0    0    0
2012 10  8 22 14     1.52     5.44   -15.09    -368.9    -21.84    -15.83     3.227      14081    0    0    0    0    0
2012 10  8 22 15     1.58     5.34   -15.08    -367.0    -23.97    -18.62     3.231      14576    0    0    0    0    0
2012 10  8 22 16     1.62     5.34   -15.09    -364.5    -26.88    -22.26     3.229      15388    0    0    0    0    0
2012 10  8 22 17     1.71     5.28   -15.13    -362.5    -27.63    -22.61     3.206      17284    0    0    0    0    0
2012 10  8 22 18     1.70     5.25   -15.15    -361.8    -28.46    -17.43     3.175      19258    0    0    0    0    0
2012 10  8 22 19     1.71     5.22   -15.20    -361.6    -23.09    -15.07     3.092      19964    0    0    0    0    0
2012 10  8 22 20     1.70     5.16   -15.25    -361.2    -20.17    -15.40     2.985      19366    0    0    0    0    0
2012 10  8 22 21     1.66     5.13   -15.27    -360.3    -23.26    -15.04     2.633      16571    0    0    0    0    0
2012 10  8 22 22     1.59     5.16   -15.29    -358.7    -28.12    -15.26     2.180      13085    0    0    0    0    0
2012 10  8 22 23     1.37     5.24   -15.32    -356.6    -32.63    -18.18     2.072      12254    0    0    0    0    0
2012 10  8 22 24     1.29     5.20   -15.37    -355.1    -37.84    -18.62     2.165      12046    0    0    0    0    0
2012 10  8 22 25     1.30     5.17   -15.40    -354.0    -43.18    -17.56     2.285      12707    0    0    0    0    0
2012 10  8 22 26     1.37     5.18   -15.38    -354.0    -47.32    -15.93     2.292      14723    0    0    0    0    0
2012 10  8 22 27     1.40     5.19   -15.36    -354.2    -49.81    -15.60     2.142      16253    0    0    0    0    0
2012 10  8 22 28     1.39     5.20   -15.36    -352.7    -52.80    -15.85     2.018      15939    0    0    0    0    0
2012 10  8 22 29     1.36     5.20   -15.36    -350.6    -55.42    -15.79     1.939      14894    0    0    0    0    0
2012 10  8 22 30     1.44     5.19   -15.36    -351.8    -53.00    -16.63     1.926      11802    0    1    1    0    0
2012 10  8 22 31     2.02     4.96   -15.38    -354.3    -48.17    -21.92     2.205      11734    0    1    1    0    0
2012 10  8 22 32     2.06     4.87   -15.38    -355.2    -44.67    -27.16     2.440      13489    0    1    1    0    0
2012 10  8 22 33     1.76     4.92   -15.36    -354.8    -42.39    -31.00     2.525      14640    0    0    0    0    0
2012 10  8 22 34     1.36     5.11   -15.30    -353.6    -41.86    -32.98     2.541      13916    0    0    0    0    0
2012 10  8 22 35     0.73     5.55   -15.12    -352.3    -43.20    -32.96     2.473      12250    0    0    0    0    0
2012 10  8 22 36    -0.72     6.68   -14.60    -351.4    -45.89    -31.43     2.171      10616    0    0    0    0    0
2012 10  8 22 37    -0.88     6.92   -14.48    -350.2    -47.72    -29.06     1.757      10588    0    0    0    0    0
2012 10  8 22 38    -0.98     6.98   -14.45    -349.3    -49.15    -28.40     1.677      11293    0    0    0    0    0
2012 10  8 22 39    -0.83     6.90   -14.53    -348.3    -49.77    -28.60     1.747      12436    0    0    0    0    0
2012 10  8 22 40    -0.58     6.78   -14.66    -347.7    -50.34    -29.75     1.865      14039    0    0    0    0    0
2012 10  8 22 41    -0.43     6.64   -14.76    -348.9    -50.11    -32.07     2.055      15490    0    0    0    0    0
2012 10  8 22 42    -0.30     6.50   -14.81    -349.1    -47.91    -33.60     2.209      15850    0    0    0    0    0
2012 10  8 22 43    -0.26     6.38   -14.84    -348.6    -45.85    -33.72     2.250      16672    0    0    0    0    0
2012 10  8 22 44    -0.23     6.25   -14.89    -347.4    -44.46    -33.11     2.215      17297    0    0    0    0    0
2012 10  8 22 45    -0.22     6.11   -14.96    -345.3    -43.81    -32.68     2.159      17297    0    0    0    0    0
2012 10  8 22 46    -0.13     6.07   -14.99    -344.2    -42.77    -32.15     2.031      15084    0    0    0    0    0
2012 10  8 22 47     0.51     5.52   -15.24    -343.0    -44.80    -30.89     1.920      12763    0    0    0    0    0
2012 10  8 22 48     0.95     5.09   -15.41    -341.6    -46.91    -28.45     1.877      11527    0    0    0    0    0
2012 10  8 22 49     0.86     5.07   -15.39    -340.1    -47.73    -25.16     1.918      11837    0    0    0    0    0
2012 10  8 22 50     0.03     5.57   -15.05    -340.1    -48.62    -25.78     2.300      17728    0    0    0    0    0
2012 10  8 22 51     0.22     5.77   -14.99    -340.4    -46.03    -33.10     2.581      17442    0    0    0    0    0
2012 10  8 22 52     0.36     5.83   -14.95    -342.5    -47.03    -32.88     2.518      14721    0    0    0    0    0
2012 10  8 22 53     1.25     5.16   -15.14    -345.3    -47.45    -33.07     2.454      14162    0    0    0    0    0
2012 10  8 22 54     1.26     5.13   -15.14    -344.7    -41.01    -38.02     2.636      14599    0    0    0    0    0
2012 10  8 22 55     1.20     5.31   -15.12    -343.9    -38.41    -39.90     2.907      15891    0    0    0    0    0
2012 10  8 22 56     1.12     5.40   -15.10    -342.7    -37.58    -40.50     3.088      16378    0    0    0    0    0
2012 10  8 22 57     1.13     5.48   -15.06    -342.5    -37.89    -40.50     3.318      15999    0    0    0    0    0
2012 10  8 22 58     1.44     5.54   -15.02    -344.1    -38.34    -40.47     3.568      15014    0    0    0    0    0
2012 10  8 22 59     1.52     5.51   -15.01    -344.2    -38.47    -40.39     3.494      13498    0    0    0    0    0
2012 10  8 23  0     0.76     5.78   -14.93    -343.2    -41.64    -37.89     3.345      13111    0    0    0    0    0
2012 10  8 23  1    -0.02     6.15   -14.79    -341.6    -45.06    -35.32     3.226      14845    0    0    0    0    0
2012 10  8 23  2    -0.60     6.53   -14.59    -339.6    -47.84    -33.41     3.145      18311    0    0    0    0    0
2012 10  8 23  3    -0.68     6.73   -14.51    -339.4    -50.26    -33.53     2.913      20302    0    0    0    0    0
2012 10  8 23  4    -0.27     6.63   -14.60    -339.5    -51.93    -33.93     2.557      20520    0    0    0    0    0
2012 10  8 23  5    -0.10     6.67   -14.62    -339.7    -52.41    -36.16     2.471      20525    0    0    0    0    0
2012 10  8 23  6     0.18     6.68   -14.62    -341.0    -53.05    -36.65     2.479      20126    0    0    0    0    0
2012 10  8 23  7     0.14     6.71   -14.61    -341.1    -53.23    -36.67     2.483      19529    0    0    0    0    0
2012 10  8 23  8     0.06     6.77   -14.61    -340.6    -53.98    -36.54     2.485      18164    0    0    0    0    0
2012 10  8 23  9     0.04     6.81   -14.61    -338.6    -55.57    -34.89     2.480      17070    0    0    0    0    0
2012 10  8 23 10    -0.05     6.82   -14.61    -337.8    -56.03    -35.08     2.455      15753    0    0    0    0    0
2012 10  8 23 11    -0.17     6.79   -14.60    -337.5    -54.99    -36.88     2.437      14782    0    0    0    0    0
2012 10  8 23 12    -0.26     6.79   -14.58    -336.7    -53.97    -38.04     2.393      14301    0    1    1    1    1
2012 10  8 23 13    -0.32     6.81   -14.58    -335.3    -53.46    -38.32     2.322      13970    0    1    1    2    2
2012 10  8 23 14    -0.37     6.81   -14.59    -333.5    -52.97    -38.60     2.247      13672    0    1    1    2    2
2012 10  8 23 15    -0.39     6.84   -14.59    -332.2    -52.68    -38.82     2.162      13336    0    1    1    2    2
2012 10  8 23 16    -0.37     6.89   -14.57    -331.9    -52.92    -38.29     2.063      12952    0    1    1    1    2
2012 10  8 23 17    -0.31     6.98   -14.52    -332.5    -53.06    -38.10     1.949      12786    0    0    0    0    1
2012 10  8 23 18    -0.40     7.10   -14.47    -332.7    -53.99    -37.35     1.836      13084    0    0    0    0    1
2012 10  8 23 19    -0.51     7.17   -14.45    -333.5    -53.38    -38.46     1.772      13577    0    0    0    0    2
2012 10  8 23 20    -0.32     7.10   -14.41    -344.1    -49.87    -29.77     1.535      14339    0    0    0    0    0
2012 10  8 23 21    -0.14     7.09   -14.40    -347.8    -47.81    -24.73     1.882      16336    0    0    0    0    0
2012 10  8 23 22    -0.14     7.28   -14.34    -349.5    -45.60    -23.93     2.068      19937    0    0    0    0    0
2012 10  8 23 23    -0.28     7.53   -14.27    -351.3    -43.45    -24.65     2.094      21503    0    0    0    0    0
2012 10  8 23 24    -0.33     7.59   -14.25    -351.6    -42.82    -24.64     2.111      21759    0    0    0    0    0
2012 10  8 23 25    -0.30     7.58   -14.26    -349.9    -42.72    -24.78     2.040      23629    0    0    0    0    0
2012 10  8 23 26    -0.28     7.69   -14.23    -348.6    -43.60    -24.72     1.974      24315    0    0    0    0    0
2012 10  8 23 27    -0.28     7.83   -14.20    -347.9    -44.97    -24.78     1.947      23256    0    0    0    0    0
2012 10  8 23 28    -0.31     7.98   -14.15    -348.0    -46.42    -25.19     1.983      20913    0    0    0    0    0
2012 10  8 23 29    -0.38     8.12   -14.11    -348.1    -46.84    -26.28     1.994      19571    0    0    0    0    0
2012 10  8 23 30    -0.46     8.14   -14.09    -347.7    -46.88    -26.87     1.965      19062    0    0    0    0    0
2012 10  8 23 31    -0.54     8.15   -14.08    -347.0    -47.94    -25.81     1.973      18834    0    0    0    0    0
2012 10  8 23 32    -0.63     8.15   -14.08    -346.6    -46.83    -25.54     2.083      19054    0    0    0    0    0
2012 10  8 23 33    -0.77     8.19   -14.03    -347.3    -46.79    -25.15     2.310      20619    0    0    0    0    0
2012 10  8 23 34    -0.78     8.20   -14.01    -347.6    -46.79    -25.91     2.455      22547    0    0    0    0    0
2012 10  8 23 35    -0.57     7.84   -14.21    -349.2    -45.64    -27.26     2.212      27746    0    0    0    0    0
2012 10  8 23 36    -0.46     7.42   -14.45    -350.8    -42.61    -29.26     1.779      30181    0    0    0    0    0
2012 10  8 23 37    -0.49     7.52   -14.42    -349.1    -42.44    -29.66     1.734      28715    0    0    0    0    0
2012 10  8 23 38    -0.54     7.62   -14.39    -348.5    -42.02    -29.74     1.673      23962    0    0    0    0    0
2012 10  8 23 39    -0.56     7.64   -14.41    -351.3    -32.49    -30.62     1.577      20188    0    0    0    0    0
2012 10  8 23 40    -0.59     6.99   -14.76    -350.9    -32.30    -30.20     1.787      28804    0    0    0    0    0
2012 10  8 23 41    -0.72     7.25   -14.52    -350.4    -29.89    -27.93     2.094      33042    0    0    0    0    0
2012 10  8 23 42    -0.72     8.70   -13.49    -350.8    -25.63    -23.82     2.253      35302    0    0    0    0    1
2012 10  8 23 43    -0.75     8.79   -13.37    -353.1    -20.02    -10.26     2.309      37794    0    0    0    0    2
2012 10  8 23 44    -0.73     8.60   -13.53    -353.7    -15.50     -8.48     2.337      39053    0    0    0    0    2
2012 10  8 23 45    -0.65     8.64   -13.57    -354.3    -12.63     -9.13     2.382      35184    0    0    0    0    1
2012 10  8 23 46    -0.57     8.72   -13.60    -354.4    -13.13    -12.46     2.372      26846    0    0    0    0    0
2012 10  8 23 47    -0.47     8.34   -13.78    -355.9    -27.05    -24.98     2.321      22782    0    0    0    0    0
2012 10  8 23 48    -0.43     8.01   -13.99    -356.2    -32.61    -29.23     2.260      26011    0    0    0    0    0
2012 10  8 23 49    -0.42     8.02   -14.13    -356.4    -30.68    -29.39     2.160      29362    0    0    0    0    0
2012 10  8 23 50    -0.40     7.99   -14.22    -356.6    -28.77    -29.54     1.980      30908    0    0    0    0    0
2012 10  8 23 51    -0.41     7.96   -14.28    -356.3    -26.13    -30.40     1.903      31405    0    0    0    0    0
2012 10  8 23 52    -0.42     7.95   -14.31    -355.3    -25.30    -30.35     1.911      31576    0    0    0    0    0
2012 10  8 23 53    -0.41     7.91   -14.32    -354.4    -25.79    -29.59     1.958      31627    0    0    0    0    0
2012 10  8 23 54    -0.39     7.84   -14.34    -353.9    -27.62    -27.91     2.031      30984    0    0    0    0    0
2012 10  8 23 55    -0.39     7.89   -14.29    -353.4    -29.66    -26.23     2.095      29977    0    0    0    0    0
2012 10  8 23 56    -0.42     8.07   -14.15    -352.3    -30.02    -25.97     2.117      29977    0    0    0    0    0
2012 10  8 23 57    -0.37     7.97   -14.24    -352.2    -29.83    -25.24     2.116      29664    0    0    0    0    0
2012 10  8 23 58    -0.40     7.94   -14.25    -352.3    -32.31    -23.29     2.116      26903    0    0    0    0    0
2012 10  8 23 59    -0.37     7.85   -14.31    -352.2    -33.06    -24.15     2.129      27346    0    0    0    0    0
2012 10  9  0  0    -0.38     7.83   -14.30    -351.1    -29.61    -25.99     2.229      30885    0    0    0    0    0
2012 10  9  0  1    -0.29     7.62   -14.40    -350.4    -29.75    -27.39     2.292      30941    0    0    0    0    0
2012 10  9  0  2    -0.28     7.36   -14.54    -352.1    -30.54    -25.73     2.289      29524    0    0    0    0    0
2012 10  9  0  3    -0.32     7.35   -14.53    -352.5    -30.35    -19.74     2.286      26579    0    0    0    0    0
2012 10  9  0  4    -0.30     7.70   -14.32    -353.4    -19.16     -2.97     2.305      28941    0    0    0    0    0
2012 10  9  0  5    -0.07     6.87   -14.70    -359.7     16.26      2.80     2.305      39334    0    0    0    0    0
2012 10  9  0  6     0.19     5.97   -14.97    -362.2     20.83      3.64     2.253      33856    0    0    0    0    0
2012 10  9  0  7     0.20     6.21   -14.68    -362.3     23.23      1.61     1.994      26656    0    0    0    0    0
2012 10  9  0  8     0.00     6.12   -14.60    -360.9     26.65      0.81     1.738      21939    0    0    0    0    0
2012 10  9  0  9    -0.22     5.95   -14.61    -359.7     28.74      1.70     1.560      18971    0    0    0    0    0
2012 10  9  0 10     2.20    -1.11   -15.66    -392.5     63.93     -2.38     2.274      31447    0    0    0    0    0
2012 10  9  0 11     2.40    -1.67   -15.49    -396.9     78.64      2.01     3.497      59081    0    0    0    0    0
2012 10  9  0 12     2.42    -2.01   -15.32    -398.1     87.22      3.65     4.203      86714    0    0    0    0    0
2012 10  9  0 13     2.65    -2.49   -15.14    -399.9    101.60      3.39     4.392      87436    0    0    0    0    0
2012 10  9  0 14     2.94    -2.88   -14.84    -401.1    102.81      1.10     4.597      86079    0    0    0    0    0
2012 10  9  0 15     2.93    -3.31   -14.58    -401.4    105.40      2.18     4.836      82197    0    0    0    0    0
2012 10  9  0 16     2.88    -3.53   -14.54    -400.9    105.24      4.30     5.072      76673    0    0    0    0    0
2012 10  9  0 17     2.76    -3.66   -14.53    -398.7    104.87      3.93     5.278      71148    0    0    0    0    0
2012 10  9  0 18     2.56    -3.77   -14.50    -395.6    103.13      2.38     5.451      65624    0    0    0    0    0
2012 10  9  0 19     2.38    -3.87   -14.44    -392.7    100.18     -1.61     5.634      60099    0    0    0    0    0
2012 10  9  0 20     2.32    -3.91   -14.33    -390.8     93.16    -14.78     5.878      54575    0    0    0    0    0
2012 10  9  0 21     2.33    -4.02   -14.32    -388.3     90.54    -21.33     6.076      49051    0    0    0    0    0
2012 10  9  0 22     2.33    -4.21   -14.37    -386.2     88.42    -25.57     6.173      43526    0    0    0    0    0
2012 10  9  0 23     2.30    -4.50   -14.51    -385.5     85.92    -26.83     5.976      38002    0    0    0    0    0
2012 10  9  0 24     2.30    -4.64   -14.59    -384.8     85.21    -27.57     5.547      32477    0    0    0    0    0
2012 10  9  0 25     2.47    -4.98   -14.62    -384.8     85.76    -28.10     5.354      26953    0    0    0    0    0
2012 10  9  0 26     2.51    -5.41   -14.67    -385.0     83.93    -28.69     4.772      21428    0    0    0    0    0
2012 10  9  0 27     2.58    -5.66   -14.84    -384.0     77.29    -31.28     3.704      17837    0    0    0    0    0
2012 10  9  0 28     2.67    -5.59   -14.97    -384.0     75.08    -31.31     3.473      14815    0    0    0    0    0
2012 10  9  0 29     2.62    -5.53   -15.03    -384.1     75.54    -31.28     3.267      14715    0    0    0    0    0
2012 10  9  0 30     2.58    -5.33   -15.06    -384.4     76.15    -30.87     2.982      15725    0    0    0    0    0
2012 10  9  0 31     2.59    -5.18   -15.16    -384.5     75.12    -32.17     2.784      18087    0    0    0    0    0
2012 10  9  0 32     2.60    -5.15   -15.17    -384.1     73.30    -32.32     2.797      18387    0    0    0    0    0
2012 10  9  0 33     2.67    -5.04   -15.22    -384.1     73.24    -32.01     2.887      20798    0    0    0    0    0
2012 10  9  0 34     2.72    -5.16   -15.24    -384.1     73.05    -32.03     2.968      20881    0    0    0    0    0
2012 10  9  0 35     2.88    -5.38   -15.18    -383.9     72.23    -31.16     2.990      20309    0    0    0    0    0
2012 10  9  0 36     2.95    -5.48   -15.14    -383.9     69.04    -32.86     2.994      18041    0    0    0    0    0
2012 10  9  0 37     2.97    -5.51   -15.13    -383.1     69.99    -32.15     3.010      16104    0    0    0    0    0
2012 10  9  0 38     3.01    -5.53   -15.12    -382.3     69.90    -33.01     3.018      15628    0    0    0    0    0
2012 10  9  0 39     3.02    -5.69   -15.04    -382.0     69.57    -33.30     3.087      15424    0    0    0    0    0
2012 10  9  0 40     3.00    -5.80   -14.99    -382.1     69.39    -33.01     3.415      14956    0    0    0    0    0
2012 10  9  0 41     2.99    -5.70   -15.02    -382.2     69.20    -32.03     3.546      14782    0    0    0    0    0
2012 10  9  0 42     3.04    -5.55   -15.05    -382.1     68.63    -31.81     3.566      14974    0    0    0    0    0
2012 10  9  0 43     3.03    -5.40   -15.10    -381.6     68.43    -32.64     3.701      16239    0    0    0    0    0
2012 10  9  0 44     2.98    -5.19   -15.16    -380.9     67.82    -34.26     3.872      18225    0    0    0    0    0
2012 10  9  0 45     2.92    -5.03   -15.19    -380.6     66.55    -35.41     4.124      19351    0    0    0    0    0
2012 10  9  0 46     2.91    -5.30   -15.03    -380.5     65.43    -34.06     5.343      18646    0    0    0    0    0
2012 10  9  0 47     2.99    -5.81   -14.62    -380.6     64.26    -32.08     7.099      15717    0    0    0    0    0
2012 10  9  0 48     3.18    -6.00   -14.39    -381.7     65.56    -30.47     7.682      12405    0    0    0    0    0
2012 10  9  0 49     3.42    -5.86   -14.54    -382.7     65.96    -31.54     7.337      10758    0    0    0    0    0
2012 10  9  0 50     3.55    -5.81   -14.57    -382.4     66.65    -29.80     7.194      10285    0    0    0    0    0
2012 10  9  0 51     3.61    -6.02   -14.50    -381.3     65.14    -27.58     7.545      10092    0    0    0    0    0
2012 10  9  0 52     3.66    -6.15   -14.44    -379.8     63.17    -26.02     7.968       9921    0    0    0    0    0
2012 10  9  0 53     3.65    -5.99   -14.52    -378.1     62.03    -26.74     8.235       9789    0    0    0    0    1
2012 10  9  0 54     3.43    -5.25   -15.04    -376.6     61.64    -35.39     8.260       9778    0    0    0    0    1
2012 10  9  0 55     3.70    -6.09   -14.69    -374.8     61.60    -34.23     8.290       9775    0    0    0    0    2
2012 10  9  0 56     4.33    -6.59   -14.08    -375.6     63.59    -29.78     8.319       9767    0    0    0    0    1
2012 10  9  0 57     4.47    -7.94   -13.27    -376.0     64.17    -28.79     8.349       9755    0    0    0    0    0
2012 10  9  0 58     4.19    -8.20   -13.13    -376.0     63.64    -29.27     8.378       9742    0    0    0    0    0
2012 10  9  0 59     3.58    -8.00   -13.44    -376.0     63.00    -29.82     8.408       9730    0    0    0    0    0
2012 10  9  1  0     3.45    -7.48   -13.75    -375.9     62.89    -29.92     8.438       9718    0    0    0    0    0
2012 10  9  1  1     2.91    -6.46   -14.35    -376.7     63.06    -32.34     8.467       9706    0    0    0    0    0
2012 10  9  1  2     3.39    -5.91   -14.57    -380.0     67.91    -26.33     8.497       9693    1    1    1    2    2
2012 10  9  1  3     3.39    -5.81   -14.62    -380.6     67.65    -27.49     8.699      10056    0    1    1    1    1
2012 10  9  1  4     3.28    -5.89   -14.66    -381.8     67.61    -27.71     9.625      10916    0    0    0    0    0
2012 10  9  1  5     3.07    -5.62   -14.76    -382.4     68.64    -26.69    11.518      11776    0    0    0    0    0
2012 10  9  1  6     2.73    -4.72   -15.10    -382.6     70.33    -26.37    12.589      12636    0    0    0    0    0
2012 10  9  1  7     2.50    -3.94   -15.31    -382.7     70.91    -26.45    12.811      13495    0    0    0    0    0
2012 10  9  1  8     2.56    -3.12   -15.55    -384.8     64.78    -23.80     4.970      14355    0    0    0    0    0
2012 10  9  1  9     2.61    -3.13   -15.49    -385.0     62.86    -23.33     2.790      15215    0    1    1    1    0
2012 10  9  1 10     2.63    -3.33   -15.40    -385.6     66.42    -23.64     5.746      16075    0    1    1    2    0
2012 10  9  1 11     2.55    -3.46   -15.31    -386.7     71.02    -23.90     9.586      16935    0    1    1    2    0
2012 10  9  1 12     2.15    -4.79   -14.88    -388.0     72.21    -26.15    11.628      17795    0    1    1    1    0
2012 10  9  1 13     1.92    -5.83   -14.59    -388.8     71.63    -27.33    11.428      18654    0    0    0    0    0
2012 10  9  1 14     2.03    -5.59   -14.65    -388.3     71.11    -27.54    11.408      19514    0    0    0    0    0
2012 10  9  1 15     2.14    -5.42   -14.69    -387.4     67.62    -26.51     9.346      20374    0    0    0    0    0
2012 10  9  1 16     2.04    -6.10   -14.42    -387.0     61.84    -25.05     6.262      21234    0    0    0    0    0
2012 10  9  1 17     1.71    -7.77   -13.83    -388.2     58.36    -25.13     6.047      22094    0    0    0    0    0
2012 10  9  1 18     1.55    -8.22   -13.73    -388.8     57.56    -24.79     6.238      22954    0    0    0    0    0
2012 10  9  1 19     1.52    -8.20   -13.76    -388.9     56.91    -24.76     6.247      23813    0    0    0    0    0
2012 10  9  1 20     1.56    -8.11   -13.82    -388.9     55.76    -25.06     6.195      24673    0    0    0    0    0
2012 10  9  1 21     1.63    -8.02   -13.87    -389.4     55.43    -25.07     6.163      24888    0    0    0    0    0
2012 10  9  1 22     1.61    -7.92   -13.91    -390.2     53.69    -26.21     6.252      23778    0    0    0    0    0
2012 10  9  1 23     1.56    -7.76   -14.02    -390.5     54.27    -26.29     6.277      23500    0    0    0    0    0
2012 10  9  1 24     1.52    -7.56   -14.12    -390.6     53.40    -26.21     6.277      23500    0    0    0    0    0
2012 10  9  1 25     1.64    -7.43   -14.19    -392.5     52.70    -25.91     6.244      21225    0    0    0    0    0
2012 10  9  1 26     1.65    -7.44   -14.16    -392.2     52.59    -25.55     6.098      21278    0    0    0    0    0
2012 10  9  1 27     1.59    -7.54   -14.11    -392.2     53.45    -25.08     5.671      22012    0    0    0    0    0
2012 10  9  1 28     1.80    -7.45   -14.14    -391.9     52.46    -25.09     5.680      21996    0    0    0    0    0
2012 10  9  1 29     2.00    -7.39   -14.15    -391.7     51.32    -24.98     5.787      21507    0    0    0    0    0
2012 10  9  1 30     2.00    -7.39   -14.14    -390.3     50.76    -25.05     5.769      21394    0    0    0    0    0
2012 10  9  1 31     1.96    -7.43   -14.10    -389.6     50.96    -24.37     5.525      20773    0    0    0    0    0
2012 10  9  1 32     1.70    -7.65   -14.03    -390.0     50.83    -24.99     5.037      20541    0    0    0    0    0
2012 10  9  1 33     1.69    -7.68   -14.02    -390.1     50.96    -26.24     4.049      19883    0    0    0    0    0
2012 10  9  1 34     1.68    -7.62   -14.05    -389.4     51.02    -27.16     3.814      19705    0    0    0    0    0
2012 10  9  1 35     1.67    -7.58   -14.07    -389.1     50.33    -28.79     3.908      19441    0    0    0    0    0
2012 10  9  1 36     1.63    -7.57   -14.07    -389.0     51.01    -29.17     3.995      19302    0    0    0    0    0
2012 10  9  1 37     1.69    -7.57   -14.06    -388.9     51.49    -28.99     4.016      19727    0    0    0    0    0
2012 10  9  1 38     1.77    -7.57   -14.06    -388.4     51.27    -28.54     3.988      20321    0    0    0    0    0
2012 10  9  1 39     1.81    -7.53   -14.07    -387.4     51.11    -28.07     3.965      20644    0    0    0    0    0
2012 10  9  1 40     1.84    -7.44   -14.11    -386.4     51.33    -27.85     3.965      20706    0    0    0    0    0
2012 10  9  1 41     1.85    -7.31   -14.16    -385.8     51.98    -27.42     3.964      20526    0    0    0    0    0
2012 10  9  1 42     1.83    -7.27   -14.19    -385.7     52.26    -26.98     3.959      19671    0    0    0    0    0
2012 10  9  1 43     1.84    -7.13   -14.26    -385.7     51.82    -27.73     3.947      18908    0    0    0    0    0
2012 10  9  1 44     1.96    -7.01   -14.29    -385.8     51.96    -28.46     3.913      18713    0    0    0    0    0
2012 10  9  1 45     2.16    -7.02   -14.26    -385.7     52.04    -29.05     3.912      18070    0    0    0    0    0
2012 10  9  1 46     2.31    -7.06   -14.24    -385.3     51.98    -28.94     3.927      17696    0    0    0    0    0
2012 10  9  1 47     2.35    -7.12   -14.16    -385.4     51.67    -27.94     4.017      17759    0    0    0    0    0
2012 10  9  1 48     2.49    -7.20   -14.08    -385.9     52.20    -26.90     4.023      18092    0    0    0    0    0
2012 10  9  1 49     2.44    -7.19   -14.09    -385.8     51.93    -27.22     4.021      17903    0    0    0    0    0
2012 10  9  1 50     2.35    -7.10   -14.14    -385.1     53.22    -26.68     3.992      17058    0    0    0    0    0
2012 10  9  1 51     2.32    -7.04   -14.14    -384.0     54.58    -26.23     3.836      15973    0    0    0    0    0
2012 10  9  1 52     2.32    -7.05   -14.13    -382.0     55.67    -25.33     3.812      15247    0    0    0    0    0
2012 10  9  1 53     2.31    -7.14   -14.11    -380.8     56.76    -24.79     4.018      14940    0    0    0    0    0
2012 10  9  1 54     2.26    -7.22   -14.10    -380.4     57.88    -24.61     4.353      15805    0    0    0    0    0
2012 10  9  1 55     2.11    -7.19   -14.10    -381.2     57.95    -25.28     4.538      16826    0    0    0    0    0
2012 10  9  1 56     1.96    -7.22   -14.10    -382.1     57.54    -25.81     4.408      16208    0    0    0    0    0
2012 10  9  1 57     1.71    -7.31   -14.10    -383.8     56.73    -25.07     4.304      14837    0    0    0    0    0
2012 10  9  1 58     1.39    -7.52   -14.03    -384.2     56.58    -24.69     4.456      14466    0    0    0    0    0
2012 10  9  1 59     1.08    -7.60   -13.98    -385.2     56.19    -24.55     4.793      14684    0    0    0    0    0
2012 10  9  2  0     1.00    -7.57   -13.99    -385.7     55.77    -25.63     5.087      16434    0    0    0    0    0
2012 10  9  2  1     1.04    -7.48   -14.02    -385.0     55.72    -25.72     5.230      17622    0    0    0    0    0
2012 10  9  2  2     1.20    -7.42   -14.09    -384.1     55.41    -25.74     5.235      17622    0    0    0    0    0
2012 10  9  2  3     1.29    -7.41   -14.11    -384.5     54.87    -25.87     5.228      16059    0    0    0    0    0
2012 10  9  2  4     1.30    -7.41   -14.12    -384.2     54.87    -25.69     5.228      14647    0    0    0    0    0
2012 10  9  2  5     1.36    -7.44   -14.11    -383.5     54.65    -25.14     5.248      13558    0    0    0    0    0
2012 10  9  2  6     1.43    -7.45   -14.10    -382.2     54.61    -25.02     5.311      12579    0    0    0    0    0
2012 10  9  2  7     1.62    -7.44   -14.07    -381.0     54.80    -25.12     5.381      11747    0    0    0    0    0
2012 10  9  2  8     1.76    -7.47   -14.03    -380.9     54.52    -25.79     5.498      11328    0    0    0    0    0
2012 10  9  2  9     1.76    -7.50   -14.02    -381.8     54.09    -26.30     5.624      11628    0    0    0    0    0
2012 10  9  2 10     1.75    -7.54   -14.00    -382.1     54.99    -26.54     5.662      12208    0    0    0    0    0
2012 10  9  2 11     1.60    -7.58   -13.99    -382.3     55.85    -26.00     5.540      12513    0    0    0    0    0
2012 10  9  2 12     1.52    -7.57   -14.01    -382.3     56.87    -25.19     5.347      12558    0    0    0    0    0
2012 10  9  2 13     1.80    -7.37   -14.15    -382.8     58.38    -23.52     5.183      11355    0    0    0    0    0
2012 10  9  2 14     1.91    -7.25   -14.23    -383.3     58.71    -23.04     5.138      10019    0    0    0    0    0
2012 10  9  2 15     1.95    -7.19   -14.23    -385.1     56.68    -19.76     5.579       9884    0    0    0    0    0
2012 10  9  2 16     1.92    -7.19   -14.22    -385.0     57.14    -19.24     5.615      10140    0    0    0    0    0
2012 10  9  2 17     1.55    -7.20   -14.21    -383.4     58.69    -18.80     5.335      10140    0    0    0    0    0
2012 10  9  2 18     1.37    -7.26   -14.20    -382.3     60.24    -18.02     5.118       9977    0    0    0    0    0
2012 10  9  2 19     1.32    -7.27   -14.22    -381.4     60.75    -17.25     4.921       9618    0    0    0    0    0
2012 10  9  2 20     1.37    -7.29   -14.21    -381.1     59.05    -16.50     4.806       9419    0    0    0    0    0
2012 10  9  2 21     1.35    -7.58   -14.06    -381.0     56.75    -16.68     4.782       9676    0    0    0    0    0
2012 10  9  2 22     1.27    -8.02   -13.81    -381.3     56.91    -17.00     4.969       9880    0    0    0    0    0
2012 10  9  2 23     1.26    -8.18   -13.71    -381.9     53.55    -16.18     5.304       9647    0    0    0    0    0
2012 10  9  2 24     1.33    -8.16   -13.73    -383.6     47.44    -21.09     5.904       9534    0    0    0    0    0
2012 10  9  2 25     1.17    -8.05   -13.87    -383.2     46.89    -21.96     6.318       9534    0    0    0    0    0
2012 10  9  2 26     1.06    -8.14   -13.78    -383.9     44.23    -22.10     6.390       9508    0    0    0    0    0
2012 10  9  2 27     1.13    -8.54   -13.54    -383.2     44.06    -21.96     6.287       9506    0    0    0    0    0
2012 10  9  2 28     1.00    -8.65   -13.48    -387.4     40.67    -21.32     4.787       9970    0    0    0    0    0
2012 10  9  2 29     0.89    -8.24   -13.74    -388.0     39.65    -20.88     3.983       9912    0    0    0    0    0
2012 10  9  2 30     0.92    -7.80   -14.01    -387.7     40.90    -21.02     3.696       9856    0    0    0    0    0
2012 10  9  2 31     0.96    -7.79   -14.03    -386.6     43.02    -21.45     3.784       9942    0    0    0    0    0
2012 10  9  2 32     0.93    -7.86   -13.99    -386.7     41.50    -21.57     4.129      10160    0    0    0    0    0
2012 10  9  2 33     0.90    -7.95   -13.92    -387.4     38.56    -20.50     4.520      10234    0    0    0    0    0
2012 10  9  2 34     0.91    -7.91   -13.91    -388.0     38.77    -20.84     4.623      10234    0    0    0    0    0
2012 10  9  2 35     0.74    -8.02   -13.84    -387.7     39.04    -21.54     4.745      10410    0    0    0    0    0
2012 10  9  2 36     0.56    -8.19   -13.74    -386.7     38.73    -21.45     4.885      10903    0    0    0    0    0
2012 10  9  2 37     0.56    -8.22   -13.70    -385.6     37.83    -20.11     5.023      11519    0    0    0    0    0
2012 10  9  2 38     0.62    -8.24   -13.68    -384.4     37.53    -18.17     5.154      11630    0    0    0    0    0
2012 10  9  2 39     0.59    -8.26   -13.66    -384.0     37.74    -18.02     5.172      11630    0    0    0    0    0
2012 10  9  2 40     0.70    -8.24   -13.66    -383.9     38.20    -16.49     5.172      11630    0    0    0    0    0
2012 10  9  2 41     0.83    -8.20   -13.73    -383.2     42.41    -18.91     5.698      11601    0    0    0    0    0
2012 10  9  2 42     0.87    -8.10   -13.79    -381.1     43.76    -18.61     5.834      11562    0    0    0    0    0
2012 10  9  2 43     0.91    -8.02   -13.82    -379.6     44.29    -18.56     5.859      11533    0    0    0    0    0
2012 10  9  2 44     0.99    -8.03   -13.80    -380.0     43.13    -19.24     5.763      11204    0    0    0    0    0
2012 10  9  2 45     1.02    -8.00   -13.82    -381.3     41.91    -18.94     5.563      10739    0    0    0    0    0
2012 10  9  2 46     1.05    -7.97   -13.81    -382.3     44.17    -19.67     4.944      11841    0    0    0    0    0
2012 10  9  2 47     0.80    -8.08   -13.74    -382.4     46.49    -20.01     4.652      13315    0    0    0    0    0
2012 10  9  2 48     0.70    -8.20   -13.64    -381.7     48.26    -18.27     4.774      13980    0    0    0    0    0
2012 10  9  2 49     0.65    -8.27   -13.59    -381.1     48.87    -16.70     4.888      14145    0    0    0    0    0
2012 10  9  2 50     0.60    -8.28   -13.63    -381.1     48.73    -16.25     4.910      13502    0    0    0    0    0
2012 10  9  2 51     0.52    -8.30   -13.66    -381.2     48.77    -16.74     4.965      12439    0    0    0    0    0
2012 10  9  2 52     0.33    -8.32   -13.59    -381.4     47.11    -16.80     5.020      11953    0    0    0    0    0
2012 10  9  2 53     0.24    -8.35   -13.53    -381.8     46.94    -16.57     4.930      11895    0    0    0    0    0
2012 10  9  2 54     0.25    -8.33   -13.56    -382.2     48.61    -16.45     4.737      12757    0    0    0    0    0
2012 10  9  2 55     0.25    -8.13   -13.67    -383.8     50.60    -16.67     4.645      13945    0    0    0    0    0
2012 10  9  2 56     0.22    -7.97   -13.73    -386.4     53.72    -14.08     4.703      13666    0    0    0    0    0
2012 10  9  2 57     0.27    -7.83   -13.83    -385.6     57.63    -14.70     4.791      12863    0    0    0    0    0
2012 10  9  2 58     0.50    -7.82   -13.84    -383.1     57.49    -16.74     4.812      12863    0    0    0    0    0
2012 10  9  2 59     0.68    -7.55   -13.92    -386.6     42.25    -14.10     3.913      13231    0    0    0    0    0
2012 10  9  3  0     0.24    -7.72   -13.82    -384.9     29.12     -6.50     3.800      13455    0    0    0    0    0
2012 10  9  3  1    -0.20    -7.75   -13.64    -383.8     28.26     -6.06     3.771      13711    0    0    0    0    0
2012 10  9  3  2    -0.23    -7.73   -13.61    -382.9     27.21     -5.56     3.769      14267    0    0    0    0    0
2012 10  9  3  3    -0.28    -7.64   -13.61    -381.3     33.06    -11.84     3.838      14598    0    0    0    0    0
2012 10  9  3  4    -0.30    -7.53   -13.62    -380.3     36.98    -15.89     3.892      14884    0    0    0    0    0
2012 10  9  3  5    -0.30    -7.43   -13.64    -380.3     36.53    -11.25     3.930      15079    0    0    0    0    0
2012 10  9  3  6    -0.25    -7.33   -13.69    -380.7     34.15     -6.55     3.990      15304    0    0    0    0    0
2012 10  9  3  7    -0.20    -7.18   -13.75    -380.9     29.55     -8.00     4.014      15501    0    0    0    0    0
2012 10  9  3  8    -0.31    -7.12   -13.79    -380.6     30.80    -10.09     3.994      15494    0    0    0    0    0
2012 10  9  3  9    -0.43    -7.12   -13.82    -380.4     37.10    -14.09     3.731      15487    0    0    0    0    0
2012 10  9  3 10    -0.38    -6.74   -14.05    -381.7     42.86    -17.95     3.451      15598    0    0    0    0    0
2012 10  9  3 11    -0.34    -6.56   -14.27    -382.5     46.65    -23.82     3.474      17297    0    0    0    0    0
2012 10  9  3 12    -0.34    -6.69   -14.22    -383.4     43.27    -23.18     4.002      17819    0    0    0    0    0
2012 10  9  3 13    -0.61    -7.07   -14.09    -385.0     42.61    -21.98     4.154      15708    0    0    0    0    0
2012 10  9  3 14    -0.68    -7.34   -13.99    -384.7     43.19    -21.99     4.315      15035    0    0    0    0    0
2012 10  9  3 15    -0.49    -7.64   -13.99    -383.0     44.73    -22.99     4.910      15035    0    0    0    0    0
2012 10  9  3 16     0.11    -7.35   -14.12    -380.4     46.96    -23.42     5.389      15468    0    0    0    0    0
2012 10  9  3 17     0.78    -6.89   -14.30    -377.8     49.31    -23.82     5.835      16611    0    0    0    0    0
2012 10  9  3 18     1.08    -6.37   -14.56    -376.0     51.08    -25.42     6.300      22139    0    0    0    0    0
2012 10  9  3 19     1.04    -6.12   -14.68    -375.6     52.46    -26.22     6.666      23337    0    0    0    0    0
2012 10  9  3 20     0.97    -6.15   -14.62    -375.5     52.76    -26.44     6.795      18561    0    0    0    0    0
2012 10  9  3 21     1.19    -6.29   -14.51    -376.4     46.94    -26.93     6.798      17108    0    0    0    0    0
2012 10  9  3 22     1.37    -6.67   -14.28    -376.4     45.06    -27.06     6.670      16712    0    0    0    0    0
2012 10  9  3 23     1.42    -6.87   -14.18    -375.2     45.12    -26.73     6.571      14962    0    0    0    0    0
2012 10  9  3 24     1.49    -6.78   -14.18    -374.6     46.07    -24.94     6.465      14289    0    0    0    0    0
2012 10  9  3 25     1.55    -6.10   -14.46    -376.8     58.89    -21.67     6.237      15786    0    0    0    0    0
2012 10  9  3 26     1.66    -5.31   -14.79    -377.2     60.63    -21.92     5.960      15866    0    0    0    0    0
2012 10  9  3 27     1.62    -4.73   -15.00    -376.8     60.62    -22.62     5.700      15866    0    0    0    0    0
2012 10  9  3 28     1.62    -4.52   -15.09    -376.4     60.71    -23.47     5.501      15925    0    0    0    0    0
2012 10  9  3 29     1.44    -5.00   -15.00    -376.8     60.51    -23.83     5.323      15931    0    0    0    0    0
2012 10  9  3 30     1.20    -5.27   -14.91    -376.4     60.87    -24.66     5.265      16458    0    0    0    0    0
2012 10  9  3 31     1.10    -5.28   -14.88    -376.0     60.08    -27.15     5.864      19191    0    0    0    0    0
2012 10  9  3 32     0.92    -5.24   -14.87    -376.5     60.56    -28.94     6.387      19695    0    0    0    0    0
2012 10  9  3 33     0.80    -5.19   -14.90    -378.2     60.24    -28.65     6.369      15411    0    1    1    2    2
2012 10  9  3 34     0.72    -4.92   -15.02    -382.6     60.00    -26.38     6.190      10916    0    1    1    2    2
2012 10  9  3 35     0.16    -5.18   -14.91    -388.1     57.90    -25.18     5.843      11763    0    0    0    0    0
2012 10  9  3 36    -0.24    -5.23   -14.90    -387.8     57.79    -25.92     5.611      14427    0    0    0    0    1
2012 10  9  3 37    -0.21    -5.20   -14.91    -387.6     57.88    -26.75     5.400      17418    0    0    0    0    2
2012 10  9  3 38     0.02    -5.03   -14.98    -387.9     58.34    -27.23     5.551      20707    0    0    0    0    2
2012 10  9  3 39     0.12    -4.84   -15.03    -387.6     59.65    -26.30     5.747      22299    0    0    0    0    2
2012 10  9  3 40     0.12    -4.78   -15.05    -386.9     60.54    -24.92     5.525      22156    0    0    0    0    1
2012 10  9  3 41    -0.08    -4.76   -15.07    -386.9     59.91    -24.76     5.102      21090    0    0    0    0    0
2012 10  9  3 42    -0.48    -4.72   -15.11    -386.9     60.20    -23.35     4.872      19603    0    0    0    0    0
2012 10  9  3 43    -0.63    -4.68   -15.15    -387.2     60.46    -22.44     5.107      19603    0    0    0    0    0
2012 10  9  3 44    -0.73    -4.55   -15.19    -387.8     61.28    -21.46     5.465      19489    0    0    0    0    0
2012 10  9  3 45    -0.79    -4.34   -15.24    -388.3     61.66    -21.67     5.437      18384    0    0    0    0    0
2012 10  9  3 46    -0.83    -4.05   -15.33    -389.7     61.60    -22.25     5.221      16410    0    0    0    0    1
2012 10  9  3 47    -0.83    -3.92   -15.39    -390.1     61.93    -22.29     5.151      14810    0    0    0    0    2
2012 10  9  3 48    -0.72    -3.98   -15.44    -390.1     63.70    -20.14     5.136      13267    0    0    0    0    2
2012 10  9  3 49    -0.64    -4.08   -15.46    -389.2     64.96    -19.12     5.357      12957    0    0    0    0    2
2012 10  9  3 50    -0.56    -4.13   -15.50    -388.8     65.37    -19.11     5.699      13854    0    0    0    0    1
2012 10  9  3 51    -0.52    -4.04   -15.51    -388.4     65.09    -19.27     5.857      14428    0    0    0    0    0
2012 10  9  3 52    -0.58    -3.86   -15.53    -388.3     64.51    -19.11     5.733      14078    0    0    0    0    0
2012 10  9  3 53    -1.06    -3.44   -15.58    -388.7     64.14    -18.81     5.624      13794    0    0    0    0    0
2012 10  9  3 54    -1.37    -3.17   -15.61    -390.4     60.79    -21.89     5.622      14101    0    0    0    0    0
2012 10  9  3 55    -1.35    -3.08   -15.61    -390.7     60.61    -22.78     5.599      14428    0    0    0    0    0
2012 10  9  3 56    -1.37    -2.96   -15.61    -391.2     61.71    -23.97     5.520      14765    0    0    0    0    0
2012 10  9  3 57    -1.49    -2.89   -15.61    -390.1     63.42    -23.48     5.351      21581    0    0    0    0    0
2012 10  9  3 58    -1.54    -2.89   -15.61    -387.6     65.48    -23.74     5.070      28188    0    0    0    0    0
2012 10  9  3 59    -1.54    -2.93   -15.60    -384.8     67.49    -24.26     4.793      33863    0    0    0    0    0
2012 10  9  4  0    -1.49    -3.06   -15.57    -382.6     68.45    -24.58     4.831      33863    0    0    0    0    0
2012 10  9  4  1    -1.48    -3.40   -15.51    -383.0     66.03    -25.38     5.468      33571    0    0    0    0    0
2012 10  9  4  2    -1.46    -3.85   -15.35    -391.0     57.72    -27.29     8.037      19214    0    0    0    0    0
2012 10  9  4  3    -1.32    -3.80   -15.35    -391.1     57.32    -27.76     8.103      16726    0    0    0    0    0
2012 10  9  4  4    -1.09    -3.66   -15.42    -391.1     57.63    -28.52     8.055      14238    0    0    0    0    0
2012 10  9  4  5    -1.01    -3.62   -15.44    -390.7     58.22    -28.62     8.051      11749    0    0    0    0    0
2012 10  9  4  6    -0.96    -3.38   -15.52    -390.1     60.36    -26.80     8.074      11726    0    0    0    0    0
2012 10  9  4  7    -0.93    -3.30   -15.55    -389.7     61.10    -26.37     8.081      11803    0    0    0    0    0
2012 10  9  4  8    -0.90    -3.27   -15.56    -389.4     62.00    -25.61     8.076      11832    0    0    0    0    0
2012 10  9  4  9    -0.78    -3.33   -15.55    -389.2     62.34    -25.25     7.997      11747    0    0    0    0    0
2012 10  9  4 10    -0.57    -3.63   -15.40    -389.0     61.77    -25.83     7.937      11707    0    0    0    0    0
2012 10  9  4 11    -0.48    -3.77   -15.33    -388.9     61.58    -26.20     7.949      12524    0    0    0    0    0
2012 10  9  4 12    -0.56    -3.76   -15.33    -388.9     61.71    -26.24     8.013      13895    0    0    0    0    0
2012 10  9  4 13    -0.64    -3.77   -15.30    -389.5     62.07    -25.42     8.227      14415    0    0    0    0    0
2012 10  9  4 14    -0.73    -3.69   -15.26    -390.2     60.68    -26.48     8.300      14415    0    0    0    0    0
2012 10  9  4 15    -0.82    -3.68   -15.26    -390.3     59.52    -26.94     8.179      14976    0    0    0    0    0
2012 10  9  4 16    -0.95    -3.54   -15.30    -390.3     59.33    -27.41     7.694      15099    0    0    0    0    0
2012 10  9  4 17    -1.21    -3.32   -15.34    -390.3     59.89    -27.95     7.133      13582    0    0    0    0    0
2012 10  9  4 18    -1.35    -3.24   -15.47    -392.3     60.66    -30.09     6.354      12455    0    0    0    0    0
2012 10  9  4 19    -1.49    -2.94   -15.50    -392.2     60.35    -31.30     5.715      12467    0    0    0    0    0
2012 10  9  4 20    -1.59    -2.85   -15.47    -391.5     58.14    -31.89     4.842      12607    0    0    0    0    0
2012 10  9  4 21    -1.81    -2.82   -15.48    -391.0     58.06    -31.94     4.828      13453    0    0    0    0    0
2012 10  9  4 22    -1.77    -2.99   -15.48    -391.4     56.81    -32.14     4.826      14552    0    0    0    0    0
2012 10  9  4 23    -1.97    -2.89   -15.54    -393.2     56.86    -30.49     4.742      19374    0    0    0    0    0
2012 10  9  4 24    -2.10    -2.13   -15.59    -396.2     59.01    -29.30     4.730      21062    0    0    0    0    0
2012 10  9  4 25    -2.34    -2.06   -15.53    -396.7     59.05    -29.54     4.627      21664    0    1    1    1    1
2012 10  9  4 26    -2.39    -2.19   -15.46    -396.1     58.56    -30.05     4.408      20824    0    1    1    2    1
2012 10  9  4 27    -2.23    -2.44   -15.43    -395.1     58.38    -30.44     4.152      19983    0    1    1    2    0
2012 10  9  4 28    -1.90    -2.72   -15.43    -393.9     58.53    -30.63     3.902      19143    0    1    1    2    0
2012 10  9  4 29    -1.55    -2.88   -15.45    -392.5     58.49    -30.92     3.663      18303    0    1    1    1    0
2012 10  9  4 30    -1.14    -3.18   -15.43    -390.3     57.39    -31.81     3.451      17462    0    1    1    1    0
2012 10  9  4 31    -0.69    -3.66   -15.34    -389.4     59.39    -31.18     3.245      16622    0    0    0    0    0
2012 10  9  4 32    -0.08    -4.18   -15.15    -388.7     58.80    -31.79     3.178      15781    0    0    0    0    0
2012 10  9  4 33     0.51    -4.55   -14.94    -386.2     57.36    -30.65     3.221      14941    0    0    0    0    0
2012 10  9  4 34     1.04    -4.79   -14.74    -382.4     56.61    -27.51     3.293      14101    0    0    0    0    0
2012 10  9  4 35     1.50    -5.04   -14.55    -379.2     55.51    -24.77     3.398      13260    0    0    0    0    0
2012 10  9  4 36     1.87    -5.28   -14.37    -376.9     53.96    -22.50     3.542      12420    0    0    0    0    0
2012 10  9  4 37     1.94    -5.59   -14.17    -377.1     51.92    -20.93     3.810      11580    0    0    0    0    0
2012 10  9  4 38     1.87    -5.99   -14.02    -377.5     52.04    -19.27     4.097      10739    0    0    0    0    0
2012 10  9  4 39     1.78    -5.99   -14.03    -377.4     50.17    -20.18     4.367      10606    0    0    0    0    0
2012 10  9  4 40     1.56    -5.92   -14.10    -377.2     49.93    -19.21     4.487      10387    0    0    0    0    0
2012 10  9  4 41     1.42    -5.83   -14.18    -376.9     50.73    -17.63     4.304       9424    0    0    0    0    0
2012 10  9  4 42     1.41    -5.83   -14.20    -376.6     51.09    -17.22     4.159       9375    0    0    0    0    0
2012 10  9  4 43     1.46    -5.81   -14.23    -375.8     50.08    -17.96     4.532      10618    0    0    0    0    0
2012 10  9  4 44     1.60    -5.82   -14.16    -374.9     48.80    -18.97     4.937      12473    0    0    0    0    0
2012 10  9  4 45     1.71    -5.83   -14.06    -374.6     47.76    -19.93     5.037      13208    0    0    0    0    0
2012 10  9  4 46     1.72    -5.78   -14.02    -375.0     47.84    -19.47     4.949      12872    0    0    0    0    0
2012 10  9  4 47     1.66    -5.78   -14.02    -375.3     47.50    -19.89     4.923      12660    0    0    0    0    0
2012 10  9  4 48     1.65    -5.80   -14.04    -375.4     47.09    -19.29     4.357      10961    0    0    0    0    0
2012 10  9  4 49     1.58    -5.74   -14.07    -375.3     48.05    -17.47     3.529       8590    0    0    0    0    0
2012 10  9  4 50     1.51    -5.70   -14.12    -375.1     48.86    -17.02     3.316       7936    0    1    1    1    1
2012 10  9  4 51     1.42    -5.65   -14.19    -374.8     48.97    -17.26     3.379       7916    0    1    1    2    2
2012 10  9  4 52     1.28    -5.39   -14.33    -374.6     48.52    -18.01     3.465       7896    0    1    1    2    2
2012 10  9  4 53     1.07    -4.96   -14.50    -375.2     47.41    -19.29     3.562       7873    0    1    1    2    2
2012 10  9  4 54     0.91    -4.83   -14.58    -375.5     46.98    -20.25     3.616       7358    0    1    1    1    1
2012 10  9  4 55     0.97    -4.78   -14.58    -375.7     47.16    -21.43     3.609       5962    0    0    0    0    0
2012 10  9  4 56     1.02    -4.96   -14.40    -375.6     47.86    -22.24     3.641       5638    0    0    0    0    0
2012 10  9  4 57     1.05    -5.20   -14.16    -374.7     47.52    -22.56     3.803       5854    0    1    1    1    1
2012 10  9  4 58     1.09    -5.33   -14.01    -374.4     47.90    -22.11     4.123       6550    0    1    1    2    2
2012 10  9  4 59     1.19    -5.39   -13.92    -374.6     47.49    -22.28     4.519       7511    0    1    1    2    2
2012 10  9  5  0     1.21    -5.36   -13.87    -374.7     46.82    -22.54     4.915       8325    0    1    1    2    2
2012 10  9  5  1     1.21    -5.26   -13.93    -374.6     46.59    -22.68     5.145       8572    0    1    1    1    1
2012 10  9  5  2     1.15    -5.24   -14.05    -374.2     46.02    -23.04     5.077       8224    0    0    0    0    0
2012 10  9  5  3     1.04    -5.28   -14.09    -373.8     45.59    -23.49     4.813       7976    0    0    0    0    0
2012 10  9  5  4     1.03    -5.38   -14.10    -373.6     45.44    -23.81     4.551       8091    0    0    0    0    0
2012 10  9  5  5     1.13    -5.64   -14.06    -373.4     46.28    -23.16     4.434       8398    0    0    0    0    0
2012 10  9  5  6     1.23    -5.91   -13.97    -373.6     47.41    -22.25     4.413       8622    0    0    0    0    0
2012 10  9  5  7     1.26    -5.90   -13.95    -373.3     47.46    -21.86     4.335       8663    0    0    0    0    0
2012 10  9  5  8     1.26    -5.80   -14.00    -372.5     46.95    -22.03     4.145       8725    0    0    0    0    0
2012 10  9  5  9     1.27    -5.76   -14.08    -372.1     45.63    -22.66     3.860       8795    0    0    0    0    0
2012 10  9  5 10     1.40    -5.86   -14.10    -371.0     45.27    -20.86     3.706       8948    0    0    0    0    0
2012 10  9  5 11     1.89    -6.44   -13.84    -367.6     45.06    -20.72     3.737       9028    0    0    0    0    0
2012 10  9  5 12     2.52    -7.11   -13.51    -364.4     44.85    -20.35     3.789       9095    0    0    0    0    0
2012 10  9  5 13     3.97    -8.32   -12.82    -362.6     44.57    -18.60     3.965       9095    0    0    0    0    0
2012 10  9  5 14     4.31    -8.50   -12.72    -360.2     45.89    -18.19     4.113       8804    0    0    0    0    0
2012 10  9  5 15     4.29    -8.35   -12.81    -358.2     47.73    -17.58     4.240       8382    0    0    0    0    0
2012 10  9  5 16     4.10    -8.10   -13.03    -358.3     49.65    -13.85     4.282       7815    0    0    0    0    0
2012 10  9  5 17     4.10    -8.08   -13.03    -357.7     50.81    -13.92     4.302       7865    0    0    0    0    0
2012 10  9  5 18     4.07    -8.12   -13.01    -357.7     50.68    -15.55     4.298       8565    0    1    1    1    1
2012 10  9  5 19     4.09    -8.16   -12.96    -357.6     48.36    -15.29     4.237       8565    0    1    1    2    2
2012 10  9  5 20     4.04    -8.23   -12.94    -357.3     46.27    -12.29     4.112       8560    0    1    1    2    2
2012 10  9  5 21     3.95    -8.30   -12.94    -355.6     46.27    -10.74     4.016       8556    0    1    1    2    2
2012 10  9  5 22     3.89    -8.27   -12.95    -354.7     49.33     -9.45     3.926       8554    0    1    1    1    1
2012 10  9  5 23     3.82    -8.15   -13.03    -354.4     51.58     -8.97     3.864       8661    0    0    0    0    0
2012 10  9  5 24     3.77    -8.05   -13.10    -353.7     51.94     -8.88     3.816       9014    0    0    0    0    0
2012 10  9  5 25     3.73    -7.95   -13.18    -353.1     52.17     -9.05     3.722       9550    0    0    0    0    0
2012 10  9  5 26     3.49    -7.59   -13.44    -359.4     48.10    -15.71     3.191      10431    0    0    0    0    2
2012 10  9  5 27     3.47    -7.56   -13.47    -359.2     48.03    -18.76     3.072      10815    0    1    1    1    2
2012 10  9  5 28     3.45    -7.53   -13.47    -358.1     48.11    -19.20     3.083      11134    0    1    1    2    2
2012 10  9  5 29     3.45    -7.32   -13.56    -357.8     46.71    -20.06     3.116      11505    0    1    1    2    2
2012 10  9  5 30     3.34    -7.13   -13.66    -358.6     47.67    -23.58     3.155      11941    0    1    1    2    2
2012 10  9  5 31     3.20    -7.15   -13.68    -358.5     46.51    -26.72     3.190      12327    0    1    1    2    2
2012 10  9  5 32     3.07    -7.04   -13.73    -358.6     46.11    -26.59     3.225      12640    0    1    1    1    1
2012 10  9  5 33     2.97    -6.96   -13.77    -358.1     45.64    -27.34     3.253      12603    0    1    1    0    0
2012 10  9  5 34     2.95    -6.96   -13.77    -356.8     45.86    -24.82     3.273      12386    0    1    1    0    0
2012 10  9  5 35     2.94    -6.87   -13.81    -355.5     46.09    -21.91     3.284      12145    0    1    1    0    0
2012 10  9  5 36     2.94    -6.76   -13.85    -354.1     46.33    -18.98     3.274      11882    0    1    1    0    0
2012 10  9  5 37     2.94    -6.66   -13.89    -353.1     46.14    -17.81     3.243      11573    0    0    0    0    0
2012 10  9  5 38     2.93    -6.61   -13.91    -352.6     46.51    -17.98     3.203      11184    0    0    0    0    0
2012 10  9  5 39     2.92    -6.58   -13.91    -351.7     49.50    -13.64     3.185      10724    0    0    0    0    0
2012 10  9  5 40     2.84    -6.55   -13.95    -353.2     45.25    -12.76     3.193       9940    0    0    0    0    0
2012 10  9  5 41     2.71    -6.55   -13.98    -355.3     43.81    -16.62     3.243       9521    0    0    0    0    0
2012 10  9  5 42     2.64    -6.58   -13.97    -354.7     43.66    -20.08     3.330      10194    0    0    0    0    0
2012 10  9  5 43     2.60    -6.60   -13.94    -353.4     45.01    -21.18     3.430      11285    0    0    0    0    0
2012 10  9  5 44     2.58    -6.62   -13.89    -351.9     47.27    -21.20     3.544      12677    0    0    0    0    0
2012 10  9  5 45     2.54    -6.68   -13.82    -351.8     47.30    -21.55     3.716      15002    0    0    0    0    0
2012 10  9  5 46     2.53    -6.69   -13.79    -352.8     47.01    -18.73     3.849      16610    0    0    0    0    0
2012 10  9  5 47     2.51    -6.68   -13.75    -352.4     46.66    -19.69     3.936      16998    0    0    0    0    0
2012 10  9  5 48     2.53    -6.55   -13.79    -351.9     45.79    -21.89     4.048      17484    0    0    0    0    0
2012 10  9  5 49     2.53    -6.38   -13.85    -351.5     46.07    -22.70     4.122      18708    0    0    0    0    0
2012 10  9  5 50     2.51    -6.41   -13.84    -351.2     44.34    -22.35     4.130      19798    0    0    0    0    0
2012 10  9  5 51     2.45    -6.69   -13.69    -351.3     44.47    -21.22     4.137      19711    0    0    0    0    0
2012 10  9  5 52     2.31    -6.76   -13.70    -351.9     43.21    -20.74     4.011      16734    0    0    0    0    0
2012 10  9  5 53     2.19    -6.59   -13.88    -352.9     35.99    -18.70     3.671      11316    0    0    0    0    0
2012 10  9  5 54     1.95    -6.39   -14.00    -353.2     34.10    -25.43     3.376       9800    0    0    0    0    0
2012 10  9  5 55     1.70    -6.17   -14.18    -351.8     29.26    -29.30     3.228       9991    0    0    0    0    0
2012 10  9  5 56     1.41    -5.90   -14.35    -349.8     24.68    -35.50     3.229      11134    0    0    0    0    0
2012 10  9  5 57     1.24    -5.76   -14.44    -348.9     23.13    -38.00     3.230      12346    0    0    0    0    0
2012 10  9  5 58     1.14    -5.71   -14.46    -348.8     23.47    -37.71     3.230      12958    0    0    0    0    1
2012 10  9  5 59     0.71    -5.42   -14.59    -349.3     26.67    -37.00     3.227      13195    0    0    0    0    2
2012 10  9  6  0     0.24    -5.06   -14.71    -350.1     28.02    -37.06     3.247      13448    0    0    0    0    2
