MIDL 32Re, 2015-06 (nT, km/s, cm^-3, K)

#COORDINATES
GSM                     Earth orbital motion included

year month day hour minute Bx By Bz Ux Uy Uz rho T B_interp Ux_interp Uyz_interp rho_interp T_interp
#START
2015  6 21  9  0    -2.62     1.45    -0.20    -282.2      9.27    -15.22     9.658       9539    0    0    0    0    0
2015  6 21  9  1    -2.57     1.30    -0.20    -282.8      9.92    -15.47     9.666       9191    0    0    0    0    0
2015  6 21  9  2    -2.47     1.29    -0.19    -282.8     10.22    -15.50     9.692       9007    0    0    0    0    0
2015  6 21  9  3    -2.29     1.27    -0.17    -282.9     10.22    -15.51     9.712       9064    0    0    0    0    0
2015  6 21  9  4    -2.22     1.19    -0.13    -283.3     10.24    -15.54     9.724       9347    0    0    0    0    0
2015  6 21  9  5    -2.23     1.14    -0.06    -283.4     10.20    -15.53     9.701       9582    0    0    0    0    0
2015  6 21  9  6    -2.26     1.15    -0.02    -283.2      9.87    -15.34     9.668       9607    0    0    0    0    0
2015  6 21  9  7    -2.27     1.19    -0.07    -282.9      9.40    -15.08     9.657       9658    0    0    0    0    0
2015  6 21  9  8    -2.27     1.26    -0.16    -282.7      9.15    -14.91     9.657       9730    0    0    0    0    0
2015  6 21  9  9    -2.26     1.28    -0.21    -282.7      9.10    -14.80     9.668       9678    0    0    0    0    0
2015  6 21  9 10    -2.25     1.33    -0.24    -282.5      8.81    -14.71     9.751       9534    0    0    0    0    0
2015  6 21  9 11    -2.24     1.38    -0.28    -282.5      8.58    -14.82     9.938       9451    0    0    0    0    0
2015  6 21  9 12    -2.23     1.42    -0.26    -282.4      8.14    -14.89     9.931       9378    0    0    0    0    0
2015  6 21  9 13    -2.24     1.44    -0.26    -282.0      7.65    -14.98     9.861       9340    0    0    0    0    0
2015  6 21  9 14    -2.20     1.61    -0.26    -282.2      8.17    -15.06     9.514       9461    0    0    0    0    0
2015  6 21  9 15    -1.89     1.61    -0.25    -282.4     10.55    -15.45     9.601      10240    0    0    0    0    0
2015  6 21  9 16    -1.37     1.24    -0.25    -284.1     13.05    -15.77    10.392      11183    0    0    0    0    0
2015  6 21  9 17    -1.18     0.88    -0.25    -284.8     12.83    -15.71    10.633      11422    0    0    0    0    0
2015  6 21  9 18    -1.21     0.80    -0.16    -285.2     13.28    -15.71    10.475      11439    0    0    0    0    0
2015  6 21  9 19    -1.23     0.76    -0.16    -285.2     13.79    -15.96    10.466      11493    0    0    0    0    0
2015  6 21  9 20    -1.22     0.76    -0.22    -285.2     13.83    -16.03    10.574      11496    0    0    0    0    0
2015  6 21  9 21    -1.13     0.76    -0.26    -284.6     14.17    -16.09    10.800      11490    0    0    0    0    0
2015  6 21  9 22    -1.08     0.77    -0.29    -284.2     14.06    -16.09    11.099      11488    0    0    0    0    0
2015  6 21  9 23    -1.06     0.75    -0.32    -283.8     14.14    -15.90    11.212      11489    0    0    0    0    0
2015  6 21  9 24    -1.07     0.70    -0.33    -283.6     14.25    -15.79    11.203      11489    0    0    0    0    0
2015  6 21  9 25    -1.18     0.55    -0.32    -283.6     14.34    -15.82    11.146      11404    0    0    0    0    0
2015  6 21  9 26    -1.26     0.44    -0.31    -283.7     14.42    -15.85    11.103      11330    0    0    0    0    0
2015  6 21  9 27    -1.27     0.42    -0.29    -283.4     14.45    -15.86    11.296      11281    0    0    0    0    0
2015  6 21  9 28    -1.24     0.44    -0.26    -282.9     14.35    -15.85    11.517      11225    0    0    0    0    0
2015  6 21  9 29    -1.16     0.52    -0.24    -282.8     14.05    -15.76    11.402      11195    0    0    0    0    0
2015  6 21  9 30    -1.16     0.56    -0.21    -282.7     13.93    -15.61    11.153      11132    0    0    0    0    0
2015  6 21  9 31    -1.17     0.67    -0.20    -282.7     14.11    -15.51    11.159      11162    0    0    0    0    0
2015  6 21  9 32    -1.17     0.67    -0.15    -282.9     14.62    -15.55    11.173      11235    0    0    0    0    0
2015  6 21  9 33    -1.16     0.70    -0.16    -283.5     14.67    -15.78    11.165      11224    0    0    0    0    0
2015  6 21  9 34    -1.15     0.66    -0.20    -283.9     14.35    -16.18    11.157      11213    0    0    0    0    0
2015  6 21  9 35    -1.17     0.61    -0.25    -283.9     13.75    -16.39    11.216      11641    0    0    0    0    0
2015  6 21  9 36    -1.19     0.62    -0.28    -283.9     13.59    -16.66    11.253      11906    0    0    0    0    0
2015  6 21  9 37    -1.16     0.76    -0.21    -283.8     13.70    -16.95    11.098      11684    0    0    0    0    0
2015  6 21  9 38    -1.14     0.88    -0.16    -283.6     13.82    -17.06    10.984      11522    0    0    0    0    0
2015  6 21  9 39    -1.16     0.85    -0.17    -283.0     14.30    -16.91    10.995      11564    0    0    0    0    0
2015  6 21  9 40    -1.20     0.77    -0.21    -282.2     14.90    -16.66    11.019      11665    0    0    0    0    0
2015  6 21  9 41    -1.21     0.74    -0.22    -281.9     14.78    -16.58    11.066      11839    0    0    0    0    0
2015  6 21  9 42    -1.26     0.65    -0.22    -281.7     15.11    -16.34    11.195      12025    0    0    0    0    0
2015  6 21  9 43    -1.27     0.58    -0.31    -281.5     15.11    -16.10    11.282      12133    0    0    0    0    0
2015  6 21  9 44    -1.27     0.57    -0.34    -281.7     15.11    -16.10    11.285      12134    0    1    1    1    1
2015  6 21  9 45    -1.23     0.58    -0.38    -281.9     15.14    -15.95    11.288      12049    0    1    1    2    2
2015  6 21  9 46    -1.23     0.60    -0.39    -282.0     14.98    -15.96    11.291      11965    0    1    1    2    2
2015  6 21  9 47    -1.24     0.59    -0.40    -282.3     14.72    -15.79    11.294      11891    0    1    1    1    1
2015  6 21  9 48    -1.25     0.61    -0.42    -282.1     14.47    -15.62    11.296      11922    0    0    0    0    0
2015  6 21  9 49    -1.30     0.65    -0.41    -281.9     14.37    -15.37    11.299      12161    0    0    0    0    0
2015  6 21  9 50    -1.33     0.71    -0.39    -281.5     14.22    -15.38    11.303      12424    0    0    0    0    0
2015  6 21  9 51    -1.36     0.70    -0.36    -281.8     13.70    -15.79    11.300      12428    0    0    0    0    0
2015  6 21  9 52    -1.36     0.70    -0.34    -281.8     13.53    -15.78    11.226      12410    0    0    0    0    0
2015  6 21  9 53    -1.27     0.75    -0.31    -281.7     13.33    -15.40    11.144      12383    0    0    0    0    0
2015  6 21  9 54    -1.27     0.80    -0.31    -281.3     12.28    -15.37    10.835      12107    0    0    0    0    0
2015  6 21  9 55    -1.34     0.81    -0.28    -280.9     12.26    -15.40    10.780      12079    0    0    0    0    0
2015  6 21  9 56    -1.41     0.86    -0.29    -280.7     12.27    -15.41    10.775      12550    0    0    0    0    0
2015  6 21  9 57    -1.43     0.88    -0.29    -281.2     12.49    -15.74    11.029      12704    0    0    0    0    0
2015  6 21  9 58    -1.28     0.85    -0.23    -281.7     12.37    -15.85    11.258      12422    0    0    0    0    0
2015  6 21  9 59    -1.22     0.79    -0.15    -281.8     12.10    -15.82    11.258      12422    0    0    0    0    0
2015  6 21 10  0    -1.18     0.78    -0.14    -281.9     12.16    -15.88    11.266      12398    0    0    0    0    0
2015  6 21 10  1    -1.18     0.68    -0.14    -282.3     13.07    -16.64    11.367      12093    0    0    0    0    0
2015  6 21 10  2    -1.18     0.63    -0.17    -282.3     13.40    -16.53    11.282      12259    0    0    0    0    0
2015  6 21 10  3    -1.17     0.72    -0.19    -282.2     12.61    -15.98    10.882      13013    0    0    0    0    0
2015  6 21 10  4    -1.10     1.23    -0.22    -282.0     12.15    -15.64    10.787      12997    0    0    0    0    0
2015  6 21 10  5    -1.09     1.22    -0.22    -281.8     11.51    -15.40    10.699      12854    0    0    0    0    0
2015  6 21 10  6    -1.06     1.21    -0.22    -281.8     11.34    -15.40    10.704      12714    0    0    0    0    0
2015  6 21 10  7    -0.98     1.20    -0.23    -281.9     11.17    -15.45    10.793      12714    0    0    0    0    0
2015  6 21 10  8    -0.95     1.18    -0.23    -281.9     11.11    -15.38    10.786      12690    0    0    0    0    0
2015  6 21 10  9    -0.95     1.19    -0.23    -281.9     10.25    -15.19    10.689      12343    0    0    0    0    0
2015  6 21 10 10    -0.95     1.29    -0.23    -281.7      9.23    -14.85    10.436      11300    0    0    0    0    0
2015  6 21 10 11    -1.07     1.48    -0.30    -281.4      8.32    -14.55    10.187      10320    0    0    0    0    0
2015  6 21 10 12    -1.07     1.49    -0.30    -281.0      8.33    -14.54    10.110       9728    0    0    0    0    0
2015  6 21 10 13    -1.05     1.51    -0.34    -280.9      8.35    -14.54    10.098       9595    0    0    0    0    0
2015  6 21 10 14    -1.06     1.51    -0.34    -280.6      7.65    -14.74    10.133       9389    0    0    0    0    0
2015  6 21 10 15    -1.10     1.53    -0.30    -280.6      7.10    -14.80    10.196       9319    0    0    0    0    0
2015  6 21 10 16    -1.14     1.57    -0.27    -280.5      6.98    -14.81    10.266       9319    0    0    0    0    0
2015  6 21 10 17    -1.14     1.58    -0.26    -280.4      7.12    -15.02    10.544       9654    0    0    0    0    0
2015  6 21 10 18    -1.13     1.56    -0.26    -280.4      7.27    -15.12    10.660       9806    0    0    0    0    0
2015  6 21 10 19    -1.18     1.53    -0.27    -280.1      7.39    -14.54    10.410       9290    0    0    0    0    0
2015  6 21 10 20    -1.29     1.52    -0.31    -280.0      7.44    -14.07    10.239       8873    0    0    0    0    0
2015  6 21 10 21    -1.34     1.52    -0.32    -280.1      7.51    -13.91    10.277       8772    0    0    0    0    0
2015  6 21 10 22    -1.27     1.58    -0.31    -280.1      7.27    -14.02    10.439       8736    0    0    0    0    0
2015  6 21 10 23    -1.14     1.64    -0.29    -280.1      7.23    -14.18    10.530       8736    0    0    0    0    0
2015  6 21 10 24    -1.09     1.66    -0.29    -279.7      7.24    -14.16    10.432       8679    0    0    0    0    0
2015  6 21 10 25    -1.12     1.68    -0.30    -279.3      7.46    -14.08    10.331       8621    0    0    0    0    0
2015  6 21 10 26    -1.17     1.69    -0.33    -279.4      7.94    -14.04    10.363       8621    0    0    0    0    0
2015  6 21 10 27    -1.18     1.69    -0.35    -279.2      8.00    -13.82    10.463       8622    0    0    0    0    0
2015  6 21 10 28    -1.17     1.68    -0.37    -278.8      8.08    -13.38    10.578       8619    0    0    0    0    0
2015  6 21 10 29    -1.19     1.65    -0.38    -278.6      7.86    -13.23    10.634       8597    0    0    0    0    0
2015  6 21 10 30    -1.19     1.55    -0.44    -278.6      7.67    -13.31    10.686       8541    0    0    0    0    0
2015  6 21 10 31    -1.20     1.56    -0.45    -278.6      7.57    -13.47    10.712       8545    0    0    0    0    0
2015  6 21 10 32    -1.20     1.57    -0.40    -278.6      7.59    -13.71    10.762       8571    0    0    0    0    0
2015  6 21 10 33    -1.21     1.56    -0.38    -278.6      7.62    -13.75    10.948       8589    0    0    0    0    0
2015  6 21 10 34    -1.25     1.54    -0.40    -278.4      7.42    -13.53    11.242       8575    0    0    0    0    0
2015  6 21 10 35    -1.30     1.55    -0.43    -278.4      7.50    -13.74    11.226       8479    0    0    0    0    0
2015  6 21 10 36    -1.27     1.57    -0.42    -278.4      7.93    -13.77    11.061       8390    0    0    0    0    0
2015  6 21 10 37    -1.25     1.60    -0.41    -278.2      8.54    -14.05    10.615       8395    0    0    0    0    0
2015  6 21 10 38    -1.26     1.61    -0.40    -278.3      8.94    -14.30    10.380       8436    0    0    0    0    0
2015  6 21 10 39    -1.33     1.59    -0.40    -278.7      8.88    -14.20    10.299       8425    0    0    0    0    0
2015  6 21 10 40    -1.37     1.57    -0.40    -278.7      8.44    -13.84    10.219       8382    0    0    0    0    0
2015  6 21 10 41    -1.37     1.58    -0.39    -278.7      8.40    -13.80    10.142       8364    0    0    0    0    0
2015  6 21 10 42    -1.38     1.57    -0.40    -278.9      8.35    -13.90    10.178       8284    0    0    0    0    0
2015  6 21 10 43    -1.38     1.54    -0.39    -279.0      8.32    -14.19    10.282       8101    0    0    0    0    0
2015  6 21 10 44    -1.36     1.55    -0.38    -279.0      8.52    -14.28    10.315       8082    0    0    0    0    0
2015  6 21 10 45    -1.33     1.55    -0.37    -278.7      8.59    -14.30    10.338       8087    0    0    0    0    0
2015  6 21 10 46    -1.31     1.55    -0.35    -278.7      8.96    -14.36    10.339       8118    0    0    0    0    0
2015  6 21 10 47    -1.33     1.55    -0.32    -278.8      9.28    -14.49    10.478       8235    0    0    0    0    0
2015  6 21 10 48    -1.28     1.52    -0.26    -279.0      9.17    -14.55    10.925       8480    0    0    0    0    0
2015  6 21 10 49    -1.25     1.50    -0.27    -279.0      8.76    -14.48    11.012       8515    0    0    0    0    0
2015  6 21 10 50    -1.23     1.48    -0.31    -279.0      8.45    -14.30    11.089       8548    0    0    0    0    0
2015  6 21 10 51    -1.21     1.49    -0.38    -278.9      8.50    -14.18    11.131       8613    0    0    0    0    0
2015  6 21 10 52    -1.18     1.49    -0.44    -278.9      8.90    -14.17    10.986       8776    0    0    0    0    0
2015  6 21 10 53    -1.15     1.48    -0.46    -278.9      9.34    -14.38    10.587       9068    0    0    0    0    0
2015  6 21 10 54    -1.12     1.46    -0.49    -279.0      9.61    -14.52    10.564       9736    0    1    1    1    1
2015  6 21 10 55    -1.09     1.40    -0.47    -279.2      9.80    -14.76    10.505      10461    0    1    1    2    2
2015  6 21 10 56    -1.03     1.27    -0.43    -279.5     10.15    -14.91    10.444      11207    0    1    1    2    2
2015  6 21 10 57    -0.99     1.15    -0.39    -279.7     10.86    -15.31    10.385      11741    0    1    1    1    1
2015  6 21 10 58    -1.04     1.17    -0.38    -279.7     10.79    -15.32    10.283      11889    0    0    0    0    0
2015  6 21 10 59    -1.10     1.25    -0.40    -279.4     10.05    -14.84    10.202      11731    0    0    0    0    0
2015  6 21 11  0    -1.11     1.30    -0.46    -279.1      9.03    -14.37    10.262      10940    0    0    0    0    0
2015  6 21 11  1    -1.08     1.30    -0.52    -279.1      8.07    -14.20    10.456       9515    0    0    0    0    0
2015  6 21 11  2    -1.03     1.31    -0.55    -279.0      7.58    -14.01    10.638       8767    0    0    0    0    0
2015  6 21 11  3    -1.02     1.34    -0.57    -278.9      7.54    -13.61    10.734       8105    0    0    0    0    0
2015  6 21 11  4    -1.02     1.35    -0.61    -278.9      7.50    -13.53    10.714       7667    0    0    0    0    0
2015  6 21 11  5    -1.01     1.35    -0.66    -278.9      7.73    -13.53    10.658       7271    0    0    0    0    0
2015  6 21 11  6    -1.00     1.36    -0.69    -278.8      8.26    -13.69    10.743       7055    0    0    0    0    0
2015  6 21 11  7    -1.00     1.36    -0.69    -278.8      8.37    -13.84    11.016       7108    0    0    0    0    0
2015  6 21 11  8    -1.05     1.33    -0.69    -278.7      8.55    -13.88    11.118       7274    0    0    0    0    0
2015  6 21 11  9    -1.07     1.29    -0.69    -278.7      8.36    -13.80    11.029       7284    0    0    0    0    0
2015  6 21 11 10    -1.07     1.25    -0.71    -278.7      8.39    -13.71    10.704       7239    0    0    0    0    0
2015  6 21 11 11    -1.07     1.25    -0.73    -278.6      8.50    -13.75    10.677       7085    0    0    0    0    0
2015  6 21 11 12    -1.07     1.26    -0.73    -278.5      8.62    -13.86    10.685       7094    0    0    0    0    0
2015  6 21 11 13    -1.06     1.27    -0.73    -278.4      8.67    -13.82    10.724       7135    0    0    0    0    0
2015  6 21 11 14    -1.05     1.27    -0.72    -278.2      8.61    -13.57    10.724       7135    0    0    0    0    0
2015  6 21 11 15    -1.05     1.27    -0.71    -278.1      8.47    -13.36    10.728       7203    0    0    0    0    0
2015  6 21 11 16    -1.08     1.23    -0.70    -277.7      8.55    -13.36    10.777       8224    0    0    0    0    0
2015  6 21 11 17    -1.08     1.20    -0.68    -278.1      9.19    -13.76    10.779       8275    0    0    0    0    0
2015  6 21 11 18    -1.08     1.20    -0.66    -278.3      9.08    -13.84    10.756       8289    0    0    0    0    0
2015  6 21 11 19    -1.05     1.21    -0.67    -278.3      8.86    -13.78    10.698       8400    0    0    0    0    0
2015  6 21 11 20    -1.01     1.22    -0.67    -278.3      8.80    -13.92    10.698       8400    0    0    0    0    0
2015  6 21 11 21    -0.94     1.23    -0.70    -278.3      8.88    -14.11    10.704       8508    0    0    0    0    0
2015  6 21 11 22    -0.90     1.21    -0.70    -278.4      9.60    -14.34    10.770       9467    0    0    0    0    0
2015  6 21 11 23    -0.90     1.09    -0.65    -278.6     10.18    -14.56    10.926       9614    0    0    0    0    0
2015  6 21 11 24    -0.92     1.06    -0.63    -278.5      9.86    -14.68    11.169       9546    0    0    0    0    0
2015  6 21 11 25    -0.90     1.01    -0.63    -278.4      9.71    -14.88    11.123       9128    0    0    0    0    0
2015  6 21 11 26    -0.95     1.01    -0.61    -278.3      9.22    -14.13    10.846       8929    0    0    0    0    0
2015  6 21 11 27    -0.98     1.08    -0.60    -278.3      9.08    -14.35    10.820       8946    0    0    0    0    0
2015  6 21 11 28    -1.00     1.09    -0.60    -278.3      8.83    -14.34    10.784       9083    0    0    0    0    0
2015  6 21 11 29    -1.00     1.10    -0.60    -278.3      8.90    -14.25    10.685       9167    0    0    0    0    0
2015  6 21 11 30    -1.00     1.10    -0.60    -277.8      9.53    -14.12    10.680       9388    0    0    0    0    0
2015  6 21 11 31    -1.02     1.08    -0.61    -277.7      9.63    -14.06    10.680       9391    0    0    0    0    0
2015  6 21 11 32    -1.03     1.08    -0.67    -277.5      9.66    -14.02    10.727       9251    0    0    0    0    0
2015  6 21 11 33    -1.03     1.09    -0.69    -277.6      8.94    -14.01    10.733       8799    0    0    0    0    0
2015  6 21 11 34    -1.01     1.19    -0.75    -277.8      9.71    -14.05    10.723       7632    0    0    0    0    0
2015  6 21 11 35    -1.02     1.19    -0.75    -278.1      9.76    -14.26    10.706       7596    0    0    0    0    0
2015  6 21 11 36    -1.04     1.24    -0.65    -277.9     10.27    -14.32    10.706       7695    0    0    0    0    0
2015  6 21 11 37    -1.05     1.21    -0.58    -277.7     10.28    -14.42    10.765       8178    0    0    0    0    0
2015  6 21 11 38    -1.06     1.20    -0.62    -277.5     10.21    -14.42    10.769       8210    0    0    0    0    0
2015  6 21 11 39    -1.12     1.26    -0.68    -277.4      9.83    -14.44    10.837       8012    0    0    0    0    0
2015  6 21 11 40    -1.11     1.22    -0.71    -277.4      9.20    -14.39    11.127       7978    0    0    0    0    0
2015  6 21 11 41    -1.10     1.18    -0.69    -277.4      9.08    -14.37    11.233       7978    0    0    0    0    0
2015  6 21 11 42    -1.07     1.17    -0.71    -277.5      9.59    -14.52    11.243       7961    0    0    0    0    0
2015  6 21 11 43    -1.07     1.21    -0.75    -278.0      9.61    -14.16    10.954       7786    0    0    0    0    0
2015  6 21 11 44    -1.06     1.23    -0.76    -278.3      9.65    -14.15    10.957       7416    0    0    0    0    0
2015  6 21 11 45    -1.05     1.23    -0.80    -278.5     10.02    -14.32    10.983       7353    0    0    0    0    0
2015  6 21 11 46    -1.04     1.22    -0.81    -278.5      9.88    -14.26    10.980       7011    0    0    0    0    0
2015  6 21 11 47    -1.03     1.22    -0.85    -278.2      9.58    -14.00    10.959       6836    0    0    0    0    0
2015  6 21 11 48    -1.04     1.21    -0.90    -278.2      9.37    -13.96    10.884       6785    0    0    0    0    0
2015  6 21 11 49    -1.03     1.17    -0.91    -278.0      8.90    -13.99    10.880       6793    0    0    0    0    0
2015  6 21 11 50    -1.08     1.09    -0.85    -277.7      8.90    -14.19    10.880       7329    0    0    0    0    0
2015  6 21 11 51    -1.06     1.09    -0.82    -277.8      9.52    -14.22    10.880       7356    0    0    0    0    0
2015  6 21 11 52    -1.09     1.12    -0.73    -277.8      9.55    -14.21    10.932       6838    0    0    0    0    0
2015  6 21 11 53    -1.12     1.15    -0.73    -277.8      9.22    -14.21    10.933       6829    0    0    0    0    0
2015  6 21 11 54    -1.13     1.18    -0.73    -277.8      9.21    -14.02    10.984       6955    0    0    0    0    0
2015  6 21 11 55    -1.14     1.26    -0.72    -277.8      9.29    -13.98    10.986       6960    0    0    0    0    0
2015  6 21 11 56    -1.14     1.33    -0.72    -277.8      9.65    -14.11    10.986       6895    0    0    0    0    0
2015  6 21 11 57    -1.05     1.40    -0.77    -278.1      8.83    -14.84    11.480       6918    0    0    0    0    0
2015  6 21 11 58    -1.05     1.49    -0.71    -277.7      8.60    -14.84    11.480       7307    0    0    0    0    0
2015  6 21 11 59    -0.96     1.68    -0.74    -277.6      8.58    -14.83    11.049       7517    0    0    0    0    0
2015  6 21 12  0    -0.82     1.82    -0.76    -278.0      8.14    -14.72    10.921       7533    0    0    0    0    0
2015  6 21 12  1    -0.78     1.84    -0.79    -277.9      8.16    -14.93    10.838       7533    0    0    0    0    0
2015  6 21 12  2    -0.81     1.84    -0.79    -277.3      8.47    -14.95    10.656       7520    0    0    0    0    0
2015  6 21 12  3    -0.92     1.79    -0.78    -277.2      8.86    -15.06    10.620       7518    0    0    0    0    0
2015  6 21 12  4    -0.95     1.78    -0.75    -277.4      8.90    -15.12    10.620       7518    0    0    0    0    0
2015  6 21 12  5    -0.95     1.83    -0.70    -277.8      8.89    -15.21    10.479       9697    0    0    0    0    0
2015  6 21 12  6    -0.90     1.75    -0.70    -277.9      9.49    -15.00    10.183      10981    0    0    0    0    0
2015  6 21 12  7    -0.72     1.76    -0.69    -278.3      9.81    -14.76     9.879      11347    0    0    0    0    0
2015  6 21 12  8    -0.38     1.97    -0.98    -280.7     10.03    -14.53     9.797      10657    0    0    0    0    0
2015  6 21 12  9    -0.38     1.98    -1.11    -281.0      9.84    -15.03     9.875       9114    0    0    0    0    0
2015  6 21 12 10    -0.49     1.97    -1.08    -281.1      9.80    -15.11     9.890       8867    0    0    0    0    0
2015  6 21 12 11    -0.50     1.95    -1.04    -281.7     10.01    -15.14     9.903       8882    0    0    0    0    0
2015  6 21 12 12    -0.48     1.86    -0.98    -281.8     11.12    -16.04    10.311       8897    0    0    0    0    0
2015  6 21 12 13    -0.47     1.70    -0.93    -282.0     11.94    -16.27    10.604       9107    0    0    0    0    0
2015  6 21 12 14    -0.32     1.54    -0.86    -283.0     12.96    -17.22    10.467      10653    0    0    0    0    0
2015  6 21 12 15    -0.21     1.34    -0.83    -282.9     14.43    -17.65    10.209      10811    0    0    0    0    0
2015  6 21 12 16    -0.28     1.26    -0.73    -282.6     15.72    -18.59    10.166      11329    0    0    0    0    0
2015  6 21 12 17    -0.45     1.25    -0.63    -282.2     16.65    -19.16    10.218      12690    0    0    0    0    0
2015  6 21 12 18    -0.45     1.26    -0.62    -281.6     17.22    -19.07    10.474      13715    0    0    0    0    0
2015  6 21 12 19    -0.16     1.26    -0.58    -281.7     17.85    -19.73    10.572      13703    0    0    0    0    0
2015  6 21 12 20    -0.10     1.22    -0.58    -281.5     17.93    -19.73    10.572      13340    0    0    0    0    0
2015  6 21 12 21    -0.09     1.19    -0.58    -281.3     17.88    -19.72    10.572      12977    0    0    0    0    0
2015  6 21 12 22    -0.06     1.04    -0.54    -281.1     17.31    -19.46    10.691      12697    0    0    0    0    0
2015  6 21 12 23    -0.02     0.98    -0.55    -281.1     17.26    -19.43    10.808      12661    0    0    0    0    0
2015  6 21 12 24    -0.04     0.97    -0.55    -280.9     17.60    -19.72    10.823      12639    0    0    0    0    0
2015  6 21 12 25    -0.11     0.98    -0.53    -281.0     17.55    -19.61    10.803      12634    0    0    0    0    0
2015  6 21 12 26    -0.26     0.98    -0.52    -281.0     17.57    -19.55    10.779      11956    0    0    0    0    0
2015  6 21 12 27    -0.78     0.87    -0.30    -280.5     17.18    -19.44    10.723      11747    0    0    0    0    0
2015  6 21 12 28    -1.10     0.53    -0.04    -280.0     16.81    -19.34    10.700      11667    0    0    0    0    0
2015  6 21 12 29    -1.18     0.23     0.15    -279.8     16.09    -19.22    10.812      11617    0    0    0    0    0
2015  6 21 12 30    -1.17     0.14     0.20    -280.0     15.56    -19.04    10.924      11473    0    0    0    0    0
2015  6 21 12 31    -1.14     0.14     0.19    -280.1     15.63    -19.09    10.727      11221    0    0    0    0    0
2015  6 21 12 32    -1.12     0.15     0.21    -280.2     15.67    -19.10    10.575      11035    0    0    0    0    0
2015  6 21 12 33    -1.13     0.19     0.24    -280.0     15.34    -18.97    10.563      10910    0    0    0    0    0
2015  6 21 12 34    -1.14     0.22     0.26    -280.0     14.93    -18.64    10.578      10723    0    0    0    0    0
2015  6 21 12 35    -1.14     0.22     0.21    -280.1     14.76    -18.35    10.589      10608    0    0    0    0    0
2015  6 21 12 36    -1.13     0.22     0.16    -280.2     15.06    -18.29    10.589      10582    0    0    0    0    0
2015  6 21 12 37    -1.14     0.21     0.15    -280.3     15.42    -18.46    10.637      10528    0    0    0    0    0
2015  6 21 12 38    -1.16     0.23     0.14    -280.2     15.73    -18.64    10.664      10504    0    0    0    0    0
2015  6 21 12 39    -1.16     0.25     0.13    -280.1     16.04    -18.82    10.658      10504    0    0    0    0    0
2015  6 21 12 40    -1.15     0.26     0.15    -280.1     16.16    -18.88    10.636      10432    0    0    0    0    0
2015  6 21 12 41    -1.13     0.27     0.18    -280.0     15.94    -18.66    10.624      10382    0    0    0    0    0
2015  6 21 12 42    -1.13     0.28     0.20    -279.9     15.54    -18.46    10.637      10434    0    0    0    0    0
2015  6 21 12 43    -1.14     0.30     0.21    -279.9     15.46    -18.40    10.649      10494    0    0    0    0    0
2015  6 21 12 44    -1.14     0.27     0.20    -280.1     15.54    -18.55    10.649      10508    0    0    0    0    0
2015  6 21 12 45    -1.15     0.24     0.20    -280.1     15.49    -18.78    10.853      10372    0    0    0    0    0
2015  6 21 12 46    -1.15     0.22     0.23    -279.8     15.36    -18.62    10.995      10270    0    0    0    0    0
2015  6 21 12 47    -1.16     0.19     0.25    -279.6     15.34    -18.27    10.813      10218    0    0    0    0    0
2015  6 21 12 48    -1.18     0.18     0.25    -279.6     15.40    -18.19    10.577      10166    0    0    0    0    0
2015  6 21 12 49    -1.15     0.22     0.24    -279.7     15.40    -18.31    10.518      10120    0    0    0    0    0
2015  6 21 12 50    -1.11     0.24     0.21    -279.8     15.53    -18.48    10.457      10033    0    0    0    0    0
2015  6 21 12 51    -1.09     0.21     0.20    -279.8     15.66    -18.54    10.426       9998    0    0    0    0    0
2015  6 21 12 52    -1.08     0.21     0.20    -279.7     15.65    -18.53    10.434      10068    0    0    0    0    0
2015  6 21 12 53    -1.08     0.21     0.20    -279.8     15.66    -18.57    10.518      10204    0    0    0    0    0
2015  6 21 12 54    -1.10     0.20     0.20    -280.0     15.65    -18.79    10.668      10337    0    0    0    0    0
2015  6 21 12 55    -1.13     0.09     0.19    -280.1     15.71    -18.97    10.787      10441    0    0    0    0    0
2015  6 21 12 56    -1.19    -0.05     0.17    -280.3     15.73    -18.78    10.882      10472    0    0    0    0    0
2015  6 21 12 57    -1.22    -0.15     0.13    -280.4     15.79    -18.38    11.052      10292    0    0    0    0    0
2015  6 21 12 58    -1.24    -0.20     0.09    -280.3     15.84    -18.20    11.115      10208    0    0    0    0    0
2015  6 21 12 59    -1.25    -0.22     0.08    -280.2     15.72    -18.24    11.103      10223    0    0    0    0    0
2015  6 21 13  0    -1.28    -0.20     0.08    -280.5     15.65    -18.44    11.052      10232    0    0    0    0    0
2015  6 21 13  1    -1.30    -0.16     0.16    -280.6     15.65    -18.53    11.033      10232    0    0    0    0    0
2015  6 21 13  2    -1.31    -0.12     0.21    -280.5     15.45    -18.50    11.311      10246    0    0    0    0    0
2015  6 21 13  3    -1.31    -0.10     0.23    -280.4     15.35    -18.49    11.434      10252    0    0    0    0    0
2015  6 21 13  4    -1.31    -0.09     0.18    -280.4     15.43    -18.33    11.180      10237    0    0    0    0    0
2015  6 21 13  5    -1.32    -0.10     0.16    -280.3     15.77    -18.40    11.033      10180    0    0    0    0    0
2015  6 21 13  6    -1.33    -0.11     0.19    -280.5     15.83    -18.22    11.017      10115    0    0    0    0    0
2015  6 21 13  7    -1.32    -0.12     0.22    -280.5     15.80    -18.16    11.016      10062    0    0    0    0    0
2015  6 21 13  8    -1.32    -0.13     0.22    -280.5     15.65    -18.19    11.011       9953    0    0    0    0    0
2015  6 21 13  9    -1.32    -0.13     0.21    -280.4     15.52    -18.20    11.009       9914    0    0    0    0    0
2015  6 21 13 10    -1.32    -0.11     0.17    -280.2     15.34    -18.27    11.030      10175    0    0    0    0    0
2015  6 21 13 11    -1.33    -0.10     0.15    -280.1     15.26    -18.30    11.056      10366    0    0    0    0    0
2015  6 21 13 12    -1.34    -0.10     0.17    -280.0     15.26    -18.26    11.081      10439    0    0    0    0    0
2015  6 21 13 13    -1.33    -0.10     0.17    -280.1     15.32    -18.25    11.115      10589    0    0    0    0    0
2015  6 21 13 14    -1.33    -0.10     0.17    -280.2     15.27    -18.09    11.155      10772    0    0    0    0    0
2015  6 21 13 15    -1.32    -0.10     0.17    -280.2     15.24    -18.10    11.191      10834    0    0    0    0    0
2015  6 21 13 16    -1.32    -0.11     0.16    -280.0     15.34    -18.20    11.204      10762    0    0    0    0    0
2015  6 21 13 17    -1.32    -0.11     0.16    -279.9     15.41    -18.21    11.204      10709    0    0    0    0    0
2015  6 21 13 18    -1.31    -0.11     0.16    -280.0     15.33    -18.52    11.374      10799    0    0    0    0    0
2015  6 21 13 19    -1.30    -0.10     0.12    -280.2     15.09    -18.57    11.498      10864    0    0    0    0    0
2015  6 21 13 20    -1.29    -0.10     0.09    -280.0     15.25    -18.58    11.194      10452    0    0    0    0    0
2015  6 21 13 21    -1.28    -0.09     0.06    -279.8     15.45    -18.71    10.976      10132    0    0    0    0    0
2015  6 21 13 22    -1.25    -0.07     0.06    -279.7     15.53    -18.84    10.976      10087    0    0    0    0    0
2015  6 21 13 23    -1.23    -0.06     0.08    -279.6     15.57    -18.92    10.957      10025    0    0    0    0    0
2015  6 21 13 24    -1.21    -0.06     0.09    -279.7     15.83    -18.77    10.912       9943    0    0    0    0    0
2015  6 21 13 25    -1.20    -0.06     0.12    -279.6     15.74    -18.62    10.872       9893    0    0    0    0    0
2015  6 21 13 26    -1.19    -0.06     0.13    -279.2     15.41    -18.61    10.853       9872    0    0    0    0    0
2015  6 21 13 27    -1.18    -0.05     0.16    -279.3     15.54    -18.80    10.841       9842    0    0    0    0    0
2015  6 21 13 28    -1.16    -0.03     0.19    -279.5     15.51    -19.23    10.837       9811    0    0    0    0    0
2015  6 21 13 29    -1.16    -0.04     0.18    -279.8     15.63    -19.38    10.860       9782    0    0    0    0    0
2015  6 21 13 30    -1.16    -0.11     0.13    -279.9     15.00    -19.00    10.904       9770    0    0    0    0    0
2015  6 21 13 31    -1.18    -0.19     0.08    -279.8     14.47    -18.65    10.932       9773    0    0    0    0    0
2015  6 21 13 32    -1.19    -0.23     0.06    -279.7     14.47    -18.66    10.935       9790    0    0    0    0    0
2015  6 21 13 33    -1.19    -0.24     0.03    -279.6     14.81    -19.11    10.994       9876    0    0    0    0    0
2015  6 21 13 34    -1.19    -0.24     0.00    -279.7     14.79    -19.60    11.278      10024    0    0    0    0    0
2015  6 21 13 35    -1.20    -0.25    -0.06    -279.8     14.35    -19.53    11.554      10127    0    0    0    0    0
2015  6 21 13 36    -1.22    -0.26    -0.12    -279.8     14.34    -19.46    11.597      10159    0    0    0    0    0
2015  6 21 13 37    -1.23    -0.26    -0.12    -279.9     14.42    -19.11    11.397      10118    0    0    0    0    0
2015  6 21 13 38    -1.23    -0.23    -0.12    -279.8     14.39    -18.80    11.212      10062    0    0    0    0    0
2015  6 21 13 39    -1.24    -0.14    -0.12    -279.6     14.30    -18.66    11.113       9992    0    0    0    0    0
2015  6 21 13 40    -1.24    -0.05    -0.13    -279.6     14.20    -18.51    10.974       9889    0    0    0    0    0
2015  6 21 13 41    -1.22    -0.01    -0.15    -279.5     14.12    -18.40    10.918       9828    0    0    0    0    0
2015  6 21 13 42    -1.20     0.02    -0.14    -279.4     14.15    -18.33    10.918       9817    0    0    0    0    0
2015  6 21 13 43    -1.18     0.03    -0.14    -279.1     14.21    -18.37    10.915       9805    0    0    0    0    0
2015  6 21 13 44    -1.17    -0.02    -0.18    -278.9     14.43    -18.41    10.887       9771    0    0    0    0    0
2015  6 21 13 45    -1.12    -0.10    -0.22    -279.1     14.74    -18.57    10.825       9715    0    0    0    0    0
2015  6 21 13 46    -1.12    -0.08    -0.21    -279.3     14.71    -18.62    10.804       9725    0    0    0    0    0
2015  6 21 13 47    -1.11    -0.02    -0.17    -279.1     14.61    -18.54    10.819       9740    0    0    0    0    0
2015  6 21 13 48    -1.08     0.03    -0.17    -278.8     14.18    -18.58    10.868       9689    0    0    0    0    0
2015  6 21 13 49    -1.06     0.00    -0.25    -278.7     13.18    -18.79    10.933       9537    0    0    0    0    0
2015  6 21 13 50    -1.04     0.00    -0.29    -278.7     13.18    -18.81    10.939       9545    0    1    1    1    1
2015  6 21 13 51    -1.05     0.04    -0.30    -278.7     13.30    -18.90    10.946       9582    0    1    1    2    2
2015  6 21 13 52    -1.07     0.05    -0.32    -278.8     13.72    -18.87    10.954       9619    1    1    1    2    2
2015  6 21 13 53    -1.13     0.04    -0.24    -278.8     13.81    -18.80    10.962       9656    1    1    1    2    2
2015  6 21 13 54    -1.16     0.08    -0.11    -278.8     13.83    -18.79    10.969       9693    1    1    1    2    2
2015  6 21 13 55    -1.20     0.12    -0.06    -278.9     13.84    -18.83    10.977       9730    1    1    1    2    2
2015  6 21 13 56    -1.22     0.12    -0.08    -278.9     13.67    -18.75    10.985       9767    0    1    1    2    2
2015  6 21 13 57    -1.21     0.09    -0.11    -278.9     13.24    -18.56    10.992       9803    0    1    1    2    2
2015  6 21 13 58    -1.16     0.04    -0.18    -278.9     13.34    -18.51    11.000       9840    1    1    1    2    2
2015  6 21 13 59    -1.09    -0.05    -0.29    -279.1     13.61    -18.51    11.008       9878    1    1    1    2    2
2015  6 21 14  0    -1.06    -0.06    -0.24    -279.2     13.50    -18.55    11.015       9915    0    1    1    1    1
2015  6 21 14  1    -1.10    -0.06    -0.19    -279.3     13.22    -18.57    11.010       9950    0    0    0    0    0
2015  6 21 14  2    -1.14    -0.08    -0.26    -279.4     13.07    -18.59    10.966      10027    0    0    0    0    0
2015  6 21 14  3    -1.20    -0.08    -0.26    -279.2     13.09    -18.62    10.923      10121    0    0    0    0    0
2015  6 21 14  4    -1.22    -0.07    -0.24    -279.4     13.35    -18.80    10.923      10092    0    0    0    0    0
2015  6 21 14  5    -1.22    -0.04    -0.31    -279.7     13.46    -18.87    10.959       9942    0    0    0    0    0
2015  6 21 14  6    -1.21    -0.01    -0.38    -279.6     13.33    -18.82    11.003       9828    0    0    0    0    0
2015  6 21 14  7    -1.21     0.01    -0.39    -279.4     13.42    -18.77    11.140       9833    0    0    0    0    0
2015  6 21 14  8    -1.23     0.05    -0.41    -279.4     13.51    -18.81    11.385       9840    0    0    0    0    0
2015  6 21 14  9    -1.21     0.08    -0.44    -279.3     13.55    -18.47    11.468       9774    0    0    0    0    0
2015  6 21 14 10    -1.18     0.06    -0.33    -278.9     13.55    -17.72    11.447       9670    0    0    0    0    0
2015  6 21 14 11    -1.17    -0.01    -0.05    -278.3     13.56    -17.08    11.383       9686    0    0    0    0    0
2015  6 21 14 12    -1.17    -0.02    -0.01    -278.3     13.61    -17.04    11.359       9805    0    0    0    0    0
2015  6 21 14 13    -1.18     0.00    -0.03    -278.4     13.64    -17.13    11.370       9793    0    1    1    1    1
2015  6 21 14 14    -1.25    -0.02    -0.06    -278.5     13.74    -17.32    11.354       9693    0    1    1    2    2
2015  6 21 14 15    -1.32    -0.06     0.09    -278.6     14.10    -17.60    11.339       9599    0    1    1    1    1
2015  6 21 14 16    -1.32    -0.09     0.13    -278.8     14.22    -17.73    11.326       9548    0    0    0    0    0
2015  6 21 14 17    -1.34    -0.13     0.18    -278.8     14.25    -17.67    11.369       9557    0    0    0    0    0
2015  6 21 14 18    -1.36    -0.11     0.20    -278.7     14.11    -17.45    11.526       9583    0    0    0    0    0
2015  6 21 14 19    -1.36    -0.08     0.20    -278.8     13.92    -17.27    11.598       9528    0    0    0    0    0
2015  6 21 14 20    -1.32    -0.17     0.19    -278.8     13.78    -17.13    11.575       9314    0    0    0    0    0
2015  6 21 14 21    -1.30    -0.22     0.17    -278.8     13.36    -17.09    11.431       9153    0    0    0    0    0
2015  6 21 14 22    -1.29    -0.23     0.14    -278.5     12.87    -17.26    11.042       9104    0    0    0    0    0
2015  6 21 14 23    -1.26    -0.17     0.10    -278.3     12.56    -17.23    10.994       9074    0    0    0    0    0
2015  6 21 14 24    -1.20    -0.17     0.06    -278.2     12.07    -17.17    11.058       9116    0    0    0    0    0
2015  6 21 14 25    -1.19    -0.17    -0.01    -278.1     11.81    -17.52    11.670       9520    0    0    0    0    0
2015  6 21 14 26    -1.16    -0.11    -0.07    -277.8     11.72    -17.64    11.670       9687    0    0    0    0    0
2015  6 21 14 27    -1.06    -0.25    -0.08    -277.6     11.58    -18.00    11.453       9742    0    0    0    0    0
2015  6 21 14 28    -1.04    -0.31    -0.08    -277.6     11.44    -18.01    11.434       9746    0    0    0    0    0
2015  6 21 14 29    -1.05    -0.31    -0.09    -278.0     11.45    -17.96    11.449       9769    0    0    0    0    0
2015  6 21 14 30    -1.12    -0.24    -0.03    -278.4     12.09    -17.82    11.487      10500    0    0    0    0    0
2015  6 21 14 31    -1.17    -0.14     0.02    -278.7     12.89    -17.80    11.463      11290    0    0    0    0    0
2015  6 21 14 32    -1.18    -0.02     0.03    -278.7     13.45    -17.72    11.379      11278    0    0    0    0    0
2015  6 21 14 33    -1.18     0.04     0.03    -278.6     13.88    -17.47    11.374      11103    0    0    0    0    0
2015  6 21 14 34    -1.18     0.04     0.06    -278.5     13.91    -17.46    11.350      10537    0    0    0    0    0
2015  6 21 14 35    -1.19    -0.12     0.05    -278.6     14.06    -17.50    11.240      10206    0    0    0    0    0
2015  6 21 14 36    -1.20    -0.28    -0.02    -278.6     13.95    -17.41    11.157       9861    0    0    0    0    0
2015  6 21 14 37    -1.17    -0.33    -0.01    -278.9     13.85    -17.08    11.117       9379    0    0    0    0    0
2015  6 21 14 38    -1.16    -0.36     0.07    -279.0     13.39    -16.88    11.120       9360    0    0    0    0    0
2015  6 21 14 39    -1.16    -0.40     0.18    -278.8     13.29    -16.50    11.195       9343    0    0    0    0    0
2015  6 21 14 40    -1.16    -0.41     0.17    -278.7     13.27    -16.14    11.256       9309    0    0    0    0    0
2015  6 21 14 41    -1.16    -0.46     0.10    -278.6     13.23    -16.15    11.287       9215    0    1    1    1    1
2015  6 21 14 42    -1.14    -0.51     0.03    -278.5     13.18    -16.31    11.440       9122    0    1    1    2    2
2015  6 21 14 43    -1.14    -0.53     0.00    -278.6     12.75    -16.58    11.595       9044    0    1    1    1    1
2015  6 21 14 44    -1.18    -0.53     0.02    -278.6     13.02    -16.82    11.737       9122    0    0    0    0    0
2015  6 21 14 45    -1.26    -0.51     0.00    -278.7     12.83    -16.80    11.805       9455    0    0    0    0    0
2015  6 21 14 46    -1.30    -0.49    -0.04    -278.7     12.96    -16.86    11.771       9455    0    0    0    0    0
2015  6 21 14 47    -1.30    -0.43    -0.01    -278.6     13.21    -16.87    11.619       9460    0    0    0    0    0
2015  6 21 14 48    -1.26    -0.36     0.11    -278.5     13.56    -16.92    11.490       9484    0    0    0    0    0
2015  6 21 14 49    -1.20    -0.31     0.10    -278.3     13.64    -16.91    11.398       9514    0    0    0    0    0
2015  6 21 14 50    -1.19    -0.43    -0.01    -278.4     13.75    -16.99    11.311       9512    0    0    0    0    0
2015  6 21 14 51    -1.08    -0.62    -0.14    -278.2     13.81    -16.92    11.281       9499    0    0    0    0    0
2015  6 21 14 52    -1.05    -0.70    -0.11    -278.2     13.50    -16.88    11.265       9519    0    0    0    0    0
2015  6 21 14 53    -1.05    -0.70    -0.04    -278.2     13.27    -16.82    11.271       9759    0    0    0    0    0
2015  6 21 14 54    -1.09    -0.66     0.12    -278.5     13.27    -16.85    11.345       9912    0    0    0    0    0
2015  6 21 14 55    -1.07    -0.67     0.14    -278.4     13.33    -17.12    11.416       9979    0    0    0    0    0
2015  6 21 14 56    -1.05    -0.68     0.22    -278.4     14.03    -17.32    11.495       9968    0    0    0    0    0
2015  6 21 14 57    -1.04    -0.68     0.22    -278.3     13.94    -17.19    11.559       9904    0    0    0    0    0
2015  6 21 14 58    -1.05    -0.71     0.17    -278.3     13.92    -17.05    11.561       9901    0    0    0    0    0
2015  6 21 14 59    -1.16    -0.62     0.18    -278.3     13.95    -16.45    11.557       9898    0    0    0    0    0
2015  6 21 15  0    -1.23    -0.25     0.20    -278.8     13.34    -16.03    11.598       9899    0    0    0    0    0
2015  6 21 15  1    -1.23    -0.16     0.24    -278.9     13.15    -15.91    11.627       9899    0    0    0    0    0
2015  6 21 15  2    -1.23    -0.08     0.29    -278.7     12.77    -15.88    11.632       9868    0    0    0    0    0
2015  6 21 15  3    -1.22    -0.10     0.40    -278.4     12.81    -16.09    11.626       9729    0    0    0    0    0
2015  6 21 15  4    -1.19    -0.40     0.44    -278.3     13.22    -16.24    11.482       9593    0    0    0    0    0
2015  6 21 15  5    -1.19    -0.43     0.46    -278.5     13.35    -16.11    11.545       9569    0    0    0    0    0
2015  6 21 15  6    -1.20    -0.45     0.45    -278.6     13.71    -16.12    11.684       9606    0    0    0    0    0
2015  6 21 15  7    -1.20    -0.42     0.43    -278.6     14.34    -16.13    11.733       9784    0    0    0    0    0
2015  6 21 15  8    -1.22    -0.38     0.39    -278.6     14.27    -16.17    11.740       9923    0    0    0    0    0
2015  6 21 15  9    -1.22    -0.38     0.42    -278.6     13.83    -16.09    11.740       9921    0    0    0    0    0
2015  6 21 15 10    -1.22    -0.40     0.41    -278.6     13.85    -15.95    11.778       9898    0    0    0    0    0
2015  6 21 15 11    -1.24    -0.40     0.46    -278.6     13.66    -15.88    11.956       9832    0    0    0    0    0
2015  6 21 15 12    -1.25    -0.36     0.47    -278.5     13.62    -15.84    11.984       9832    0    0    0    0    0
2015  6 21 15 13    -1.20    -0.33     0.50    -278.3     13.57    -15.82    12.050       9817    0    0    0    0    0
2015  6 21 15 14    -1.18    -0.32     0.50    -278.2     13.59    -15.83    12.369       9708    0    0    0    0    0
2015  6 21 15 15    -1.18    -0.32     0.50    -278.1     13.66    -15.87    12.328       9712    0    0    0    0    0
2015  6 21 15 16    -1.18    -0.41     0.46    -278.7     13.84    -15.97    11.661       9801    0    0    0    0    0
2015  6 21 15 17    -1.20    -0.42     0.45    -278.9     13.58    -15.79    11.557       9911    0    0    0    0    0
2015  6 21 15 18    -1.23    -0.38     0.41    -279.0     13.91    -15.70    11.589      10055    0    0    0    0    0
2015  6 21 15 19    -1.24    -0.37     0.43    -279.1     14.64    -15.76    11.730      10197    0    0    0    0    0
2015  6 21 15 20    -1.25    -0.33     0.46    -279.1     14.53    -15.80    11.886      10183    0    0    0    0    0
2015  6 21 15 21    -1.26    -0.25     0.47    -279.2     14.30    -15.83    11.936      10156    0    0    0    0    0
2015  6 21 15 22    -1.31    -0.23     0.47    -279.2     14.21    -15.66    12.055      10171    0    0    0    0    0
2015  6 21 15 23    -1.32    -0.18     0.46    -279.2     14.33    -15.40    12.130      10254    0    0    0    0    0
2015  6 21 15 24    -1.31    -0.12     0.45    -279.1     14.64    -15.47    12.130      10361    0    0    0    0    0
2015  6 21 15 25    -1.31    -0.11     0.43    -279.2     14.22    -15.65    12.190      10320    0    0    0    0    0
2015  6 21 15 26    -1.33    -0.11     0.42    -279.5     14.04    -15.59    12.294      10211    0    0    0    0    0
2015  6 21 15 27    -1.33    -0.11     0.44    -279.6     13.62    -15.48    12.283      10120    0    0    0    0    0
2015  6 21 15 28    -1.31    -0.12     0.46    -279.6     13.52    -15.50    12.247       9842    0    0    0    0    0
2015  6 21 15 29    -1.30    -0.18     0.47    -279.7     13.67    -15.52    12.222       9528    0    0    0    0    0
2015  6 21 15 30    -1.27    -0.23     0.44    -279.7     14.01    -15.45    12.222       9466    0    0    0    0    0
2015  6 21 15 31    -1.25    -0.24     0.43    -279.8     14.50    -15.37    12.196       9515    0    0    0    0    0
2015  6 21 15 32    -1.25    -0.25     0.41    -279.8     14.61    -15.23    11.902       9563    0    0    0    0    0
2015  6 21 15 33    -1.26    -0.26     0.34    -279.9     14.75    -15.09    11.656       9681    0    0    0    0    0
2015  6 21 15 34    -1.26    -0.29     0.27    -279.8     15.02    -14.82    11.652       9886    0    0    0    0    0
2015  6 21 15 35    -1.25    -0.28     0.20    -279.6     15.20    -14.63    11.652      10192    0    0    0    0    0
2015  6 21 15 36    -1.29    -0.15     0.23    -279.5     15.13    -14.60    11.689      10435    0    0    0    0    0
2015  6 21 15 37    -1.34     0.01     0.33    -279.4     14.86    -14.78    11.776      10448    0    0    0    0    0
2015  6 21 15 38    -1.35     0.09     0.33    -279.5     14.56    -15.10    11.851      10430    0    0    0    0    0
2015  6 21 15 39    -1.36     0.18     0.32    -279.4     14.04    -14.98    11.939      10380    0    0    0    0    0
2015  6 21 15 40    -1.36     0.26     0.33    -279.3     13.41    -14.60    12.076      10318    0    0    0    0    0
2015  6 21 15 41    -1.34     0.33     0.36    -279.2     13.20    -14.41    12.160      10236    0    0    0    0    0
2015  6 21 15 42    -1.33     0.37     0.40    -279.4     13.31    -14.58    12.205      10116    0    0    0    0    0
2015  6 21 15 43    -1.30     0.37     0.42    -279.8     13.15    -14.77    12.308       9988    0    0    0    0    0
2015  6 21 15 44    -1.28     0.37     0.38    -280.0     13.02    -14.88    12.340       9855    0    0    0    0    0
2015  6 21 15 45    -1.26     0.41     0.32    -280.1     12.98    -14.95    12.334       9732    0    0    0    0    0
2015  6 21 15 46    -1.25     0.46     0.26    -280.1     13.00    -14.97    12.328       9686    0    0    0    0    0
2015  6 21 15 47    -1.23     0.49     0.24    -280.0     13.04    -14.95    12.311       9701    0    1    1    1    1
2015  6 21 15 48    -1.20     0.53     0.22    -279.9     13.03    -14.86    12.288       9726    0    1    1    2    2
2015  6 21 15 49    -1.20     0.53     0.20    -279.6     13.01    -14.79    12.266       9751    0    1    1    2    2
2015  6 21 15 50    -1.22     0.48     0.16    -279.4     12.82    -14.77    12.243       9765    0    1    1    1    1
2015  6 21 15 51    -1.24     0.45     0.14    -279.3     12.49    -14.70    12.212       9753    0    0    0    0    0
2015  6 21 15 52    -1.23     0.46     0.19    -279.3     12.45    -14.67    12.185       9736    0    0    0    0    0
2015  6 21 15 53    -1.21     0.45     0.25    -279.5     12.56    -14.57    12.338       9810    0    0    0    0    0
2015  6 21 15 54    -1.24     0.41     0.19    -279.6     12.61    -14.49    12.583       9909    0    0    0    0    0
2015  6 21 15 55    -1.27     0.41     0.16    -279.7     12.49    -14.56    12.630       9853    0    0    0    0    0
2015  6 21 15 56    -1.27     0.41     0.16    -279.6     12.43    -14.60    12.563       9792    0    0    0    0    0
2015  6 21 15 57    -1.30     0.32     0.14    -279.4     12.47    -14.63    12.388       9797    0    0    0    0    0
2015  6 21 15 58    -1.34     0.21     0.10    -279.4     12.54    -14.65    12.228       9854    0    0    0    0    0
2015  6 21 15 59    -1.34     0.18     0.08    -279.5     12.65    -14.67    12.190      10072    0    0    0    0    0
2015  6 21 16  0    -1.37     0.21     0.11    -279.8     12.65    -14.76    12.243      10311    0    0    0    0    0
2015  6 21 16  1    -1.39     0.22     0.15    -279.7     12.41    -14.84    12.335      10370    0    0    0    0    0
2015  6 21 16  2    -1.32     0.20     0.19    -279.8     12.05    -14.72    12.493      10268    0    1    1    1    1
2015  6 21 16  3    -1.23     0.34     0.22    -279.9     11.95    -14.61    12.729      10062    0    1    1    2    2
2015  6 21 16  4    -1.21     0.62     0.20    -280.1     12.12    -14.63    12.970       9851    0    1    1    2    2
2015  6 21 16  5    -1.21     0.70     0.15    -280.3     12.20    -14.64    13.210       9657    0    1    1    1    1
2015  6 21 16  6    -1.23     0.67     0.14    -280.4     12.21    -14.67    13.393       9597    0    0    0    0    0
2015  6 21 16  7    -1.25     0.64     0.16    -280.5     12.24    -14.52    13.645       9728    0    0    0    0    0
2015  6 21 16  8    -1.24     0.64     0.09    -280.5     12.10    -14.34    13.886       9914    0    0    0    0    0
2015  6 21 16  9    -1.26     0.68     0.02    -280.5     12.19    -14.29    13.980      10030    0    0    0    0    0
2015  6 21 16 10    -1.29     0.71    -0.02    -280.4     11.97    -14.29    13.920      10109    0    0    0    0    0
2015  6 21 16 11    -1.27     0.71    -0.02    -280.1     12.00    -14.26    13.852      10142    0    0    0    0    0
2015  6 21 16 12    -1.24     0.68     0.01    -279.9     12.14    -14.23    13.839      10146    0    0    0    0    0
2015  6 21 16 13    -1.23     0.61     0.06    -280.1     12.25    -14.40    13.846      10102    0    0    0    0    0
2015  6 21 16 14    -1.21     0.42     0.04    -280.4     12.49    -14.61    13.580       9996    0    0    0    0    0
2015  6 21 16 15    -1.22     0.29    -0.07    -280.4     12.74    -14.62    13.460       9960    0    0    0    0    0
2015  6 21 16 16    -1.13     0.09    -0.22    -281.3     14.12    -13.86    14.062      10846    0    0    0    0    0
2015  6 21 16 17    -1.11    -0.49    -0.41    -281.5     14.25    -13.84    14.185      10932    0    0    0    0    0
2015  6 21 16 18    -1.10    -0.54    -0.42    -281.5     14.21    -13.74    14.215      10834    0    0    0    0    0
2015  6 21 16 19    -1.23    -0.23    -0.28    -281.4     13.89    -13.88    14.233      10833    0    0    0    0    0
2015  6 21 16 20    -1.30    -0.15    -0.30    -281.0     13.58    -13.97    14.212      10957    0    1    1    1    1
2015  6 21 16 21    -1.32    -0.14    -0.33    -280.8     13.24    -14.09    14.188      11100    0    1    1    2    2
2015  6 21 16 22    -1.34    -0.19    -0.31    -280.5     13.33    -14.35    14.164      11241    0    1    1    2    2
2015  6 21 16 23    -1.34    -0.22    -0.29    -280.3     13.16    -14.50    14.140      11384    0    1    1    2    2
2015  6 21 16 24    -1.32    -0.18    -0.26    -280.2     12.48    -14.59    14.115      11436    0    1    1    1    1
2015  6 21 16 25    -1.25     0.03    -0.15    -280.2     12.04    -14.78    14.149      11205    0    0    0    0    0
2015  6 21 16 26    -1.21     0.43     0.20    -280.4     11.74    -15.01    14.276      10741    0    0    0    0    0
2015  6 21 16 27    -1.22     0.64     0.42    -280.8     10.69    -15.05    14.356      10595    0    0    0    0    0
2015  6 21 16 28    -1.24     0.66     0.46    -280.8     10.42    -15.18    14.401      10637    0    0    0    0    0
2015  6 21 16 29    -1.24     0.61     0.46    -280.5     10.58    -15.16    14.445      10698    0    0    0    0    0
2015  6 21 16 30    -1.23     0.57     0.59    -280.5     10.68    -15.12    14.526      10766    0    1    1    1    1
2015  6 21 16 31    -1.25     0.49     0.65    -280.5     10.76    -15.03    14.624      10836    0    1    1    2    2
2015  6 21 16 32    -1.27     0.43     0.64    -280.5     10.82    -14.82    14.721      10906    0    1    1    2    2
2015  6 21 16 33    -1.23     0.45     0.70    -280.5     10.90    -14.67    14.819      10927    0    1    1    1    1
2015  6 21 16 34    -1.21     0.55     0.63    -280.5     10.86    -14.62    14.847      10900    0    0    0    0    0
2015  6 21 16 35    -1.24     0.67     0.48    -280.8     10.72    -14.42    14.764      10807    0    1    1    1    1
2015  6 21 16 36    -1.24     0.72     0.41    -280.5     10.59    -14.38    14.668      10711    0    1    1    2    2
2015  6 21 16 37    -1.23     0.74     0.39    -280.4     10.07    -14.51    14.566      10609    0    1    1    2    2
2015  6 21 16 38    -1.25     0.71     0.41    -280.4     10.02    -14.58    14.460      10504    0    1    1    1    1
2015  6 21 16 39    -1.25     0.70     0.45    -280.5      9.96    -14.57    14.427      10464    0    0    0    0    0
2015  6 21 16 40    -1.28     0.67     0.44    -280.6     10.31    -14.51    14.445      10455    0    1    1    1    1
2015  6 21 16 41    -1.28     0.66     0.43    -280.4     10.59    -14.33    14.468      10447    0    1    1    2    2
2015  6 21 16 42    -1.29     0.62     0.37    -280.5     10.50    -14.11    14.493      10437    1    1    1    2    2
2015  6 21 16 43    -1.26     0.68     0.30    -280.5     10.39    -14.01    14.518      10428    1    1    1    2    2
2015  6 21 16 44    -1.23     0.69     0.33    -280.5     10.11    -14.02    14.542      10425    0    1    1    1    1
2015  6 21 16 45    -1.24     0.66     0.39    -280.5     10.07    -14.10    14.562      10877    0    0    0    0    0
2015  6 21 16 46    -1.26     0.61     0.42    -280.5     10.24    -14.33    14.567      11436    0    0    0    0    0
2015  6 21 16 47    -1.27     0.58     0.37    -280.6      9.87    -14.48    14.551      11966    0    0    0    0    0
2015  6 21 16 48    -1.29     0.55     0.39    -280.9      9.93    -14.40    14.545      12522    0    0    0    0    0
2015  6 21 16 49    -2.54     1.36     1.07    -314.4     -3.09    -16.95    21.758      17023    0    0    0    0    0
2015  6 21 16 50    -2.60     2.14     0.76    -314.9     -5.54    -16.15    23.156      17614    0    0    0    0    0
2015  6 21 16 51    -2.65     2.23     0.61    -314.8     -5.88    -15.89    24.466      18154    0    0    0    0    0
2015  6 21 16 52    -2.69     2.22     0.37    -314.7     -5.94    -16.02    25.704      18671    0    0    0    0    0
2015  6 21 16 53    -2.72     2.19     0.34    -314.6     -6.35    -16.53    27.049      19184    0    1    1    0    1
2015  6 21 16 54    -2.70     2.21     0.12    -314.7     -6.85    -16.29    28.269      19704    0    1    1    0    1
2015  6 21 16 55    -2.67     2.32     0.10    -313.9     -7.30    -16.27    28.908      20124    0    1    1    0    1
2015  6 21 16 56    -2.61     2.37     0.17    -313.2    -10.71    -16.27    28.693      21149    0    1    1    0    1
2015  6 21 16 57    -2.56     2.41     0.22    -313.0    -13.33    -16.43    28.756      22377    0    0    0    0    0
2015  6 21 16 58    -2.51     2.55     0.33    -312.8    -13.56    -16.75    29.218      23694    0    0    0    0    0
2015  6 21 16 59    -2.54     2.69     0.44    -312.4    -13.67    -17.43    29.448      24990    0    0    0    0    0
2015  6 21 17  0    -2.63     2.75     0.48    -312.6    -13.44    -18.29    29.488      25967    0    0    0    0    0
2015  6 21 17  1    -2.63     2.20     1.61    -312.9    -12.53    -18.37    27.900      26866    0    0    0    0    0
2015  6 21 17  2    -2.56     1.41     2.71    -313.1    -11.85    -17.85    26.401      27781    0    0    0    0    0
2015  6 21 17  3    -2.49     1.19     2.07    -314.0    -10.98    -17.22    27.610      28863    0    0    0    0    0
2015  6 21 17  4    -2.37     1.10     1.55    -315.8    -11.37    -15.94    33.772      30219    0    0    0    0    0
2015  6 21 17  5    -2.29     1.11     1.78    -316.3    -11.70    -15.91    33.633      31331    0    0    0    0    0
2015  6 21 17  6    -1.78     0.97     1.95    -326.9    -18.19    -20.10    32.929      34203    0    0    0    0    0
2015  6 21 17  7    -0.85     0.67     1.83    -343.6    -27.65    -26.64    32.168      37924    0    0    0    0    0
2015  6 21 17  8    -0.12     0.21     1.63    -344.3    -26.06    -27.29    32.332      38589    0    0    0    0    0
2015  6 21 17  9     0.07    -0.05     0.90    -344.4    -24.97    -27.85    32.262      39145    0    0    0    0    0
2015  6 21 17 10    -0.12     0.07     0.79    -344.5    -24.22    -27.98    33.285      39708    0    0    0    0    0
2015  6 21 17 11    -0.27     0.48     0.71    -344.7    -25.23    -27.43    34.809      40321    0    0    0    0    0
2015  6 21 17 12    -0.03     1.11     0.73    -345.6    -25.19    -27.32    36.132      41771    0    0    0    0    0
2015  6 21 17 13     0.03     1.07     0.74    -346.0    -23.92    -28.38    36.261      41946    0    0    0    0    0
2015  6 21 17 14     0.03     0.35     0.66    -346.1    -23.88    -28.60    37.048      41871    0    0    0    0    0
2015  6 21 17 15    -0.03    -0.13     0.66    -346.1    -24.09    -28.58    37.330      40237    0    0    0    0    0
2015  6 21 17 16    -0.37    -0.09     1.46    -345.5    -24.62    -27.79    38.930      38082    0    0    0    0    0
2015  6 21 17 17    -0.43    -0.33     1.80    -344.9    -24.89    -27.65    39.176      37277    0    0    0    0    0
2015  6 21 17 18     0.05    -0.60     2.19    -344.8    -25.02    -27.65    38.564      35072    0    0    0    0    0
2015  6 21 17 19     0.27    -0.76     2.34    -344.2    -25.05    -28.06    37.364      34066    0    0    0    0    0
2015  6 21 17 20     0.44    -0.84     2.35    -343.9    -25.51    -27.91    36.258      33896    0    0    0    0    0
2015  6 21 17 21     0.65    -0.87     2.21    -343.3    -26.16    -27.27    36.317      34482    0    0    0    0    0
2015  6 21 17 22     0.87    -0.71     1.93    -342.7    -26.46    -26.66    36.466      35836    0    0    0    0    0
2015  6 21 17 23     1.09    -0.46     1.53    -342.5    -25.77    -26.09    34.512      37050    0    0    0    0    0
2015  6 21 17 24     1.42    -0.75     0.98    -342.3    -24.34    -25.36    31.723      37904    0    0    0    0    0
2015  6 21 17 25     1.99    -1.64     0.38    -342.7    -24.01    -24.48    31.723      40038    0    0    0    0    0
2015  6 21 17 26     2.03    -1.84    -0.10    -344.3    -24.41    -23.19    31.852      37662    0    0    0    0    0
2015  6 21 17 27     1.51    -1.63     1.29    -345.0    -25.61    -22.14    33.053      36382    0    0    0    0    0
2015  6 21 17 28     1.10    -1.38     2.28    -345.0    -25.71    -21.70    33.348      36998    0    0    0    0    0
2015  6 21 17 29     0.92    -1.07     2.45    -345.0    -24.53    -21.65    33.217      37397    0    0    0    0    0
2015  6 21 17 30     0.83    -1.16     2.32    -344.9    -23.09    -22.45    33.180      38308    0    0    0    0    0
2015  6 21 17 31     1.06    -1.61     1.93    -345.0    -21.71    -23.46    33.049      39825    0    0    0    0    0
2015  6 21 17 32     1.48    -2.11     1.71    -345.2    -21.42    -23.68    32.358      40182    0    0    0    0    0
2015  6 21 17 33     1.86    -2.20     1.47    -345.3    -21.26    -23.73    31.330      40182    0    0    0    0    0
2015  6 21 17 34     1.83    -2.45     1.43    -346.5    -20.65    -23.59    31.040      40885    0    0    0    0    0
2015  6 21 17 35     1.85    -2.83     1.32    -346.6    -20.68    -23.05    31.040      43464    0    0    0    0    0
2015  6 21 17 36     2.32    -3.74     0.88    -347.2    -21.08    -21.55    30.204      43945    0    0    0    0    0
2015  6 21 17 37     2.86    -4.00     0.69    -346.6    -21.60    -21.52    26.305      43871    0    1    1    0    1
2015  6 21 17 38     2.86    -3.97     0.53    -346.8    -22.08    -21.56    26.377      42705    0    1    1    0    1
2015  6 21 17 39     2.41    -3.49     0.40    -348.1    -22.13    -21.53    28.091      41026    1    1    1    0    1
2015  6 21 17 40     2.66    -3.62     1.10    -348.2    -21.61    -21.53    30.500      39631    1    1    1    0    1
2015  6 21 17 41     2.95    -4.04     1.98    -348.3    -21.96    -21.59    30.546      37974    1    1    1    0    1
2015  6 21 17 42     3.31    -4.48     2.41    -348.2    -22.70    -21.78    30.277      36290    0    1    1    0    1
2015  6 21 17 43     3.55    -4.92     2.16    -347.6    -24.20    -21.84    28.418      36085    0    0    0    0    0
2015  6 21 17 44     3.61    -5.06     2.10    -347.0    -25.07    -21.62    24.701      36187    0    0    0    0    0
2015  6 21 17 45     3.86    -5.17     1.97    -346.0    -24.80    -21.27    24.701      36800    0    0    0    0    0
2015  6 21 17 46     3.68    -5.38     1.53    -346.2    -24.01    -20.41    24.912      36835    0    0    0    0    0
2015  6 21 17 47     3.68    -5.39     1.55    -346.8    -22.43    -19.86    26.217      38059    0    0    0    0    0
2015  6 21 17 48     3.69    -5.48     1.76    -347.0    -21.97    -19.90    27.281      38387    0    0    0    0    0
2015  6 21 17 49     4.02    -5.84     1.59    -347.5    -21.61    -20.27    27.147      38330    0    0    0    0    0
2015  6 21 17 50     4.76    -6.30     0.89    -347.4    -21.77    -20.15    26.666      38127    0    0    0    0    0
2015  6 21 17 51     4.91    -6.45     0.74    -347.1    -21.82    -19.83    26.708      38167    0    0    0    0    0
2015  6 21 17 52     4.81    -6.59     0.72    -345.6    -22.08    -20.20    26.902      38352    0    0    0    0    0
2015  6 21 17 53     4.43    -6.34     0.90    -346.5    -21.85    -19.68    26.894      38364    0    0    0    0    0
2015  6 21 17 54     4.14    -6.38     0.88    -346.3    -21.87    -19.65    25.784      37883    0    0    0    0    0
2015  6 21 17 55     4.14    -6.38     0.88    -346.1    -21.71    -19.75    25.784      37462    0    0    0    0    0
2015  6 21 17 56     4.26    -6.17     0.98    -346.1    -20.53    -20.10    25.963      37455    0    0    0    0    0
2015  6 21 17 57     4.34    -5.67     1.12    -345.2    -19.61    -20.92    25.969      37455    0    0    0    0    0
2015  6 21 17 58     4.45    -5.52     0.97    -344.9    -19.42    -21.32    25.874      38023    0    0    0    0    0
2015  6 21 17 59     4.72    -5.44     0.73    -344.4    -19.40    -21.38    24.311      38329    0    0    0    0    0
2015  6 21 18  0     5.03    -5.47     0.68    -343.6    -19.02    -21.58    23.578      40702    0    0    0    0    0
2015  6 21 18  1     5.29    -5.88     0.76    -343.1    -18.60    -21.52    23.608      42767    0    0    0    0    0
2015  6 21 18  2     5.58    -6.72     0.20    -343.1    -18.38    -21.35    23.789      41616    0    0    0    1    1
2015  6 21 18  3     5.82    -7.24    -0.90    -342.9    -18.22    -21.30    24.106      39126    0    0    0    2    1
2015  6 21 18  4     5.87    -7.26    -1.34    -342.7    -18.14    -21.31    24.417      37332    0    0    0    1    1
2015  6 21 18  5     6.12    -7.17    -1.24    -342.6    -18.05    -21.90    24.788      36489    0    0    0    0    0
2015  6 21 18  6     6.29    -6.91    -0.94    -342.7    -17.93    -22.07    25.215      36155    0    0    0    0    0
2015  6 21 18  7     6.12    -6.91    -0.70    -342.2    -18.56    -22.39    25.420      36218    0    0    0    0    0
2015  6 21 18  8     6.08    -6.94    -0.60    -340.7    -20.25    -22.48    25.406      36450    0    0    0    0    0
2015  6 21 18  9     5.88    -6.77    -0.60    -340.3    -20.17    -22.35    24.555      40709    0    0    0    0    0
2015  6 21 18 10     5.13    -6.76    -1.02    -340.2    -20.16    -21.70    24.513      42346    0    0    0    0    0
2015  6 21 18 11     4.93    -6.71    -1.06    -339.9    -20.25    -21.63    25.316      42470    0    0    0    0    0
2015  6 21 18 12     5.19    -6.60    -0.33    -340.0    -20.29    -21.64    25.448      42470    0    0    0    0    0
2015  6 21 18 13     5.48    -6.28     0.09    -342.1    -19.83    -21.71    25.964      44723    0    0    0    0    0
2015  6 21 18 14     5.47    -5.52     0.15    -342.8    -18.47    -21.77    25.964      44442    0    0    0    0    0
2015  6 21 18 15     5.43    -5.41     0.05    -342.9    -18.87    -21.73    25.496      43048    0    0    0    0    0
2015  6 21 18 16     5.24    -5.62    -0.03    -342.7    -19.59    -21.62    24.794      40650    0    0    0    0    0
2015  6 21 18 17     4.97    -6.19     0.11    -341.9    -19.93    -21.43    24.831      38715    0    0    0    0    0
2015  6 21 18 18     4.82    -6.63     0.14    -340.4    -19.85    -21.52    24.955      38103    0    0    0    0    0
2015  6 21 18 19     4.59    -6.42    -0.02    -340.3    -19.56    -21.51    25.372      38062    0    0    0    0    0
2015  6 21 18 20     4.84    -6.06     0.22    -341.1    -19.32    -21.48    27.234      39966    0    0    0    0    0
2015  6 21 18 21     4.96    -5.98     1.39    -341.1    -19.43    -21.60    27.047      40316    0    0    0    0    0
2015  6 21 18 22     4.88    -6.06     1.88    -341.4    -18.59    -21.55    25.063      43541    0    0    0    0    0
2015  6 21 18 23     4.56    -5.99     2.31    -342.2    -18.36    -21.89    25.063      44138    0    0    0    0    0
2015  6 21 18 24     5.13    -6.04     2.49    -342.8    -18.95    -22.21    25.222      44671    0    0    0    0    0
2015  6 21 18 25     5.64    -6.53     1.98    -343.7    -19.88    -22.50    24.606      45228    0    0    0    0    0
2015  6 21 18 26     5.55    -7.38     0.95    -344.1    -17.99    -21.52    24.634      44467    0    0    0    0    0
2015  6 21 18 27     5.48    -7.76     0.56    -344.1    -15.89    -20.89    25.083      42956    0    0    0    0    0
2015  6 21 18 28     5.67    -7.67     0.57    -344.1    -15.05    -20.98    25.083      42085    0    0    0    0    0
2015  6 21 18 29     6.14    -7.32     0.28    -344.3    -14.61    -21.25    25.461      41945    0    0    0    0    0
2015  6 21 18 30     6.66    -5.77    -0.92    -346.1    -14.53    -21.71    28.564      43800    0    0    0    0    0
2015  6 21 18 31     6.98    -5.68    -0.97    -346.2    -14.63    -21.85    28.637      45300    0    0    0    0    0
2015  6 21 18 32     6.91    -5.68    -1.03    -345.2    -14.02    -22.16    27.032      45879    0    0    0    0    0
2015  6 21 18 33     6.82    -6.22    -0.96    -344.1    -14.02    -22.55    25.545      46660    0    0    0    0    0
2015  6 21 18 34     6.61    -6.47    -0.80    -343.1    -14.18    -22.87    24.222      47055    0    0    0    0    0
2015  6 21 18 35     6.38    -6.28    -0.68    -342.4    -14.26    -23.02    23.409      47002    0    0    0    0    0
2015  6 21 18 36     6.22    -5.93    -0.66    -342.9    -14.19    -22.91    23.874      46211    0    0    0    0    0
2015  6 21 18 37     6.03    -5.81    -0.58    -344.0    -13.89    -22.62    25.118      45213    0    0    0    0    0
2015  6 21 18 38     5.98    -5.85    -0.50    -344.1    -13.46    -22.44    25.999      45565    0    0    0    0    0
2015  6 21 18 39     5.96    -5.60    -0.61    -344.2    -13.19    -22.49    27.385      46183    0    0    0    0    0
2015  6 21 18 40     5.81    -5.07    -0.75    -344.3    -12.71    -23.07    28.005      46406    0    0    0    0    0
2015  6 21 18 41     5.70    -4.95    -0.82    -344.1    -12.07    -23.69    27.992      45349    0    0    0    0    0
2015  6 21 18 42     5.67    -4.78    -0.81    -344.4    -11.59    -24.04    27.508      43446    0    0    0    0    0
2015  6 21 18 43     5.87    -5.16    -0.61    -344.5    -12.89    -24.31    24.893      42762    0    0    0    0    0
2015  6 21 18 44     5.96    -5.44    -0.36    -343.0    -13.83    -24.62    23.777      42727    0    0    0    0    0
2015  6 21 18 45     5.95    -5.52    -0.14    -341.0    -14.30    -24.92    23.670      42743    0    0    0    0    0
2015  6 21 18 46     5.81    -5.50    -0.14    -340.5    -14.80    -25.09    23.282      42980    0    0    0    0    0
2015  6 21 18 47     5.53    -5.05    -0.10    -339.4    -17.85    -25.06    24.059      43701    0    0    0    0    0
2015  6 21 18 48     5.42    -5.49     0.16    -338.7    -18.73    -25.24    23.453      43911    0    0    0    0    0
2015  6 21 18 49     5.21    -5.99     0.68    -338.3    -17.53    -25.85    22.940      43368    0    0    0    0    0
2015  6 21 18 50     5.06    -6.15     0.97    -338.2    -16.62    -26.21    22.479      42896    0    0    0    0    0
2015  6 21 18 51     6.01    -6.34     0.51    -338.8    -16.61    -26.09    22.129      42844    0    0    0    0    0
2015  6 21 18 52     6.30    -6.07     0.33    -340.9    -17.11    -25.97    23.975      43978    0    0    0    0    0
2015  6 21 18 53     5.87    -4.98     0.50    -341.5    -16.72    -25.91    24.958      44550    0    0    0    0    0
2015  6 21 18 54     6.00    -4.91     0.71    -343.3    -15.87    -25.36    25.071      43781    0    0    0    0    0
2015  6 21 18 55     5.86    -4.51     0.70    -345.9    -13.87    -24.87    25.071      42464    0    0    0    0    0
2015  6 21 18 56     5.54    -4.39     0.84    -347.0    -13.86    -24.20    26.275      42405    0    0    0    0    0
2015  6 21 18 57     5.25    -4.28     0.61    -347.1    -13.88    -23.55    25.742      42221    0    0    0    0    0
2015  6 21 18 58     5.32    -4.32     0.42    -347.0    -12.64    -23.50    26.108      42879    0    0    0    0    0
2015  6 21 18 59     5.55    -4.35     0.09    -347.3    -11.51    -23.85    26.443      46942    0    0    0    0    0
2015  6 21 19  0     5.82    -4.13    -0.27    -347.4    -10.22    -23.74    28.183      47036    0    0    0    0    0
2015  6 21 19  1     6.14    -4.11    -0.40    -347.5     -9.71    -23.70    29.491      46887    0    0    0    0    0
2015  6 21 19  2     6.33    -4.09    -0.59    -347.4     -9.34    -23.48    30.225      46623    0    0    0    0    0
2015  6 21 19  3     6.31    -4.06    -0.65    -347.2     -9.52    -22.81    29.824      45848    0    0    0    0    0
2015  6 21 19  4     6.14    -3.99    -0.53    -346.8     -9.78    -22.68    29.709      45521    0    0    0    0    0
2015  6 21 19  5     5.87    -3.62    -0.38    -346.7    -10.45    -22.60    28.573      45523    0    0    0    0    0
2015  6 21 19  6     5.84    -3.58    -0.74    -345.7    -12.05    -22.43    27.631      45544    0    0    0    0    0
2015  6 21 19  7     5.52    -3.56    -1.26    -344.9    -12.21    -22.39    27.515      45546    0    0    0    0    0
2015  6 21 19  8     5.42    -3.58    -1.68    -344.0    -12.12    -22.07    27.124      44032    0    0    0    0    0
2015  6 21 19  9     5.29    -3.74    -2.33    -343.0    -12.21    -22.31    26.870      42137    0    0    0    0    0
2015  6 21 19 10     5.27    -4.08    -2.55    -342.0    -12.61    -23.19    26.895      40892    0    0    0    0    0
2015  6 21 19 11     5.82    -4.44    -1.16    -341.2    -13.25    -24.04    27.011      40961    0    0    0    0    0
2015  6 21 19 12     5.93    -4.39    -0.53    -341.0    -13.32    -24.01    27.382      41609    0    0    0    0    0
2015  6 21 19 13     5.83    -4.08    -0.53    -341.0    -13.45    -23.86    27.391      41474    0    0    0    0    0
2015  6 21 19 14     5.85    -3.94    -0.62    -341.1    -14.08    -23.95    27.515      39606    0    0    0    0    0
2015  6 21 19 15     5.82    -3.86    -0.62    -340.6    -14.39    -24.23    27.515      39497    0    0    0    0    0
2015  6 21 19 16     5.56    -3.82    -0.39    -340.7    -14.45    -24.51    28.702      38699    0    0    0    0    0
2015  6 21 19 17     5.46    -3.80     0.15    -340.7    -13.67    -24.49    29.849      38699    0    0    0    0    0
2015  6 21 19 18     5.44    -3.93     0.69    -341.3    -13.17    -24.02    31.795      38788    0    0    0    0    0
2015  6 21 19 19     5.44    -3.95     0.80    -341.3    -13.13    -23.61    31.477      39538    0    0    0    0    0
2015  6 21 19 20     5.45    -3.83     0.79    -341.0    -13.13    -23.60    31.477      40146    0    0    0    0    0
2015  6 21 19 21     5.54    -3.84     0.65    -341.0    -12.95    -23.71    31.484      40236    0    0    0    0    0
2015  6 21 19 22     5.61    -3.78     0.55    -340.8    -13.11    -23.69    31.594      40415    0    0    0    0    0
2015  6 21 19 23     5.54    -3.65     0.47    -340.3    -13.14    -23.50    31.810      40787    0    0    0    0    0
2015  6 21 19 24     5.55    -3.54     0.39    -340.3    -13.15    -23.46    31.825      40812    0    0    0    0    0
2015  6 21 19 25     5.55    -3.62     0.14    -340.3    -12.98    -23.78    32.371      41109    0    0    0    0    0
2015  6 21 19 26     5.24    -3.30    -0.19    -341.0    -12.20    -23.50    32.410      41034    0    0    0    0    0
2015  6 21 19 27     5.56    -3.07    -0.63    -340.9    -11.52    -22.88    32.322      39662    0    0    0    0    0
2015  6 21 19 28     5.81    -3.09    -0.63    -340.8    -11.21    -22.41    30.596      39672    0    0    0    0    0
2015  6 21 19 29     5.77    -3.29    -0.79    -340.3    -11.24    -22.52    30.473      40308    0    0    0    0    0
2015  6 21 19 30     5.69    -3.62    -0.67    -340.1    -12.18    -22.39    30.464      40704    0    0    0    0    0
2015  6 21 19 31     4.41    -3.66    -2.25    -340.1    -12.56    -22.77    29.428      40742    0    0    0    0    0
2015  6 21 19 32     4.26    -4.02    -2.13    -339.6    -13.12    -23.21    28.078      41396    0    0    0    0    0
2015  6 21 19 33     4.20    -4.44    -1.82    -338.9    -13.25    -23.56    27.777      41553    0    0    0    0    0
2015  6 21 19 34     4.23    -4.64    -1.31    -338.2    -13.25    -23.72    27.780      41534    0    0    0    1    1
2015  6 21 19 35     4.37    -4.66    -0.95    -337.8    -13.83    -23.24    27.788      41447    0    0    0    2    1
2015  6 21 19 36     4.52    -4.70    -0.91    -337.8    -14.47    -22.68    27.796      41349    0    0    0    2    1
2015  6 21 19 37     4.56    -4.83    -0.87    -338.0    -13.42    -22.44    27.805      41325    0    0    0    2    1
2015  6 21 19 38     4.57    -4.87    -0.82    -338.2    -12.28    -22.15    27.814      42382    0    0    0    2    1
2015  6 21 19 39     4.60    -4.86    -0.81    -338.3    -12.36    -22.07    27.823      44368    0    0    0    2    1
2015  6 21 19 40     4.61    -4.84    -0.56    -338.1    -12.87    -22.12    27.831      45612    0    0    0    2    1
2015  6 21 19 41     4.51    -4.91    -0.05    -337.3    -13.20    -21.76    27.838      45967    0    0    0    2    1
2015  6 21 19 42     4.40    -5.03     0.70    -336.4    -12.95    -21.02    27.845      45924    0    0    0    2    1
2015  6 21 19 43     4.51    -4.97     1.82    -337.5    -10.96    -20.86    27.855      44757    0    0    0    2    1
2015  6 21 19 44     4.60    -4.83     1.82    -340.3     -9.53    -20.87    27.868      41118    0    0    0    2    1
2015  6 21 19 45     4.79    -4.91     2.18    -339.1     -9.39    -20.32    27.875      40692    0    0    0    2    1
2015  6 21 19 46     4.89    -5.17     2.20    -337.8     -9.98    -20.37    27.881      40586    0    0    0    2    1
2015  6 21 19 47     4.81    -5.41     2.03    -336.9    -11.08    -20.86    27.888      40644    0    0    0    2    1
2015  6 21 19 48     4.55    -5.40     1.91    -336.8    -12.03    -21.40    27.897      41370    0    0    0    2    1
2015  6 21 19 49     4.48    -5.34     1.95    -337.0    -11.29    -21.27    27.905      43543    0    0    0    2    1
2015  6 21 19 50     4.27    -5.06     1.81    -337.3     -9.48    -20.50    27.914      44975    0    0    0    2    1
2015  6 21 19 51     4.06    -4.73     1.53    -337.1     -8.93    -19.64    27.923      44992    0    0    0    2    1
2015  6 21 19 52     3.94    -4.57     1.41    -337.0     -9.13    -19.40    27.931      44894    0    0    0    2    1
2015  6 21 19 53     3.93    -4.78     1.26    -336.9     -9.55    -19.44    27.939      44462    0    0    0    2    1
2015  6 21 19 54     4.10    -5.44     1.61    -337.0     -9.44    -19.60    27.948      43862    0    0    0    2    1
2015  6 21 19 55     4.31    -5.83     1.98    -337.2     -9.19    -19.80    27.957      43720    0    0    0    2    1
2015  6 21 19 56     4.53    -5.56     1.92    -336.9     -9.24    -20.20    27.965      44251    0    0    0    2    1
2015  6 21 19 57     4.65    -4.95     1.54    -335.9     -9.62    -20.93    27.972      45459    0    0    0    2    1
2015  6 21 19 58     4.75    -4.98     1.54    -335.3    -10.28    -21.22    27.979      45508    0    0    0    2    1
2015  6 21 19 59     4.62    -6.71     1.72    -335.8    -10.74    -21.20    27.989      45508    0    0    0    2    1
2015  6 21 20  0     4.50    -6.86     2.19    -336.4    -12.01    -21.21    27.998      45922    0    0    0    2    1
2015  6 21 20  1     4.55    -7.51     2.99    -336.7    -13.08    -21.45    28.007      47440    0    0    0    2    1
2015  6 21 20  2     4.99    -8.11     4.78    -336.6    -11.57    -22.01    28.015      46438    0    0    0    2    1
2015  6 21 20  3     5.14    -8.42     5.60    -336.6    -10.07    -23.40    28.024      43434    0    0    0    2    1
2015  6 21 20  4     5.19    -8.48     5.51    -336.5    -10.12    -24.02    28.032      42800    0    0    0    2    1
2015  6 21 20  5     5.17    -8.49     5.19    -336.2    -10.34    -24.39    28.040      42544    0    0    0    2    1
2015  6 21 20  6     5.06    -8.50     4.97    -336.2    -10.22    -24.56    28.049      42582    0    0    0    2    1
2015  6 21 20  7     4.99    -8.53     4.69    -336.4     -9.68    -24.73    28.057      42868    0    0    0    2    1
2015  6 21 20  8     4.80    -8.48     4.20    -337.3     -8.83    -25.54    27.861      43859    0    0    0    1    1
2015  6 21 20  9     4.75    -8.34     3.89    -337.9     -7.75    -26.84    27.620      44826    0    0    0    1    1
2015  6 21 20 10     4.68    -8.03     3.42    -338.4     -6.59    -27.38    27.828      44853    0    0    0    1    1
2015  6 21 20 11     4.60    -7.75     3.17    -339.2     -5.05    -27.61    27.989      43972    0    0    0    1    1
2015  6 21 20 12     4.56    -7.70     2.19    -339.4     -4.58    -27.20    28.023      43632    0    0    0    1    1
2015  6 21 20 13     4.02    -7.06     0.20    -339.3     -2.09    -26.55    27.883      42895    0    0    0    1    1
2015  6 21 20 14     3.94    -7.10     0.02    -341.4      3.83    -26.23    28.125      42469    0    0    0    2    1
2015  6 21 20 15     4.47    -7.69     2.49    -341.4      5.83    -26.04    28.133      41511    0    0    0    2    1
2015  6 21 20 16     4.44    -7.55     3.37    -341.2      5.81    -25.51    28.141      41477    0    0    0    2    1
2015  6 21 20 17     4.42    -7.66     3.90    -340.4      5.44    -25.52    28.149      41477    0    0    0    2    1
2015  6 21 20 18     3.99    -7.53     4.10    -339.5      4.92    -27.74    28.375      42018    0    0    0    1    1
2015  6 21 20 19     3.77    -7.41     4.54    -338.7      5.05    -28.34    28.453      42163    0    0    0    1    1
2015  6 21 20 20     3.70    -7.33     4.80    -337.6      5.60    -28.18    28.478      42170    0    0    0    1    1
2015  6 21 20 21     3.55    -6.97     5.12    -336.7      5.24    -28.23    28.569      42179    0    0    0    1    1
2015  6 21 20 22     3.12    -6.13     5.79    -336.2      2.81    -29.19    28.809      42190    0    0    0    1    1
2015  6 21 20 23     3.12    -6.01     5.71    -334.9      1.68    -30.20    29.017      42190    0    0    0    1    1
2015  6 21 20 24     3.17    -6.07     5.38    -334.9      1.11    -31.03    29.134      41676    0    0    0    1    1
2015  6 21 20 25     3.61    -6.39     4.38    -335.9      0.83    -31.09    29.146      41658    0    0    0    1    1
2015  6 21 20 26     3.79    -6.38     4.16    -335.9     -1.12    -31.21    29.029      41834    0    0    0    1    1
2015  6 21 20 27     4.17    -6.34     4.16    -335.7     -1.83    -31.24    28.226      42098    0    0    0    2    1
2015  6 21 20 28     4.09    -6.43     4.08    -334.4     -2.37    -31.39    28.232      42168    0    0    0    2    1
2015  6 21 20 29     4.07    -6.37     3.48    -334.9     -1.35    -32.65    28.242      42182    0    0    0    2    1
2015  6 21 20 30     4.01    -6.18     3.62    -334.7     -0.12    -32.41    28.250      42112    0    0    0    2    1
2015  6 21 20 31     3.88    -5.92     3.46    -335.0      0.52    -31.95    28.259      42033    0    0    0    2    1
2015  6 21 20 32     2.98    -4.80     1.06    -334.7      1.48    -25.20    28.267      42029    0    0    0    2    1
2015  6 21 20 33     2.49    -3.91     0.49    -334.6      2.80    -22.96    29.495      42658    0    0    0    2    1
2015  6 21 20 34     2.56    -3.43     0.49    -336.5      4.36    -21.94    31.314      44379    0    0    0    1    1
2015  6 21 20 35     2.86    -3.70     2.24    -337.7      5.11    -21.82    32.686      46960    0    0    0    0    1
2015  6 21 20 36     2.95    -3.28     3.74    -338.7      6.18    -22.48    33.785      49571    0    0    0    0    1
2015  6 21 20 37     2.88    -2.70     4.79    -338.4      6.50    -23.59    33.953      51246    0    0    0    0    0
2015  6 21 20 38     2.88    -2.06     5.10    -337.6      6.07    -24.67    33.127      52593    0    0    0    0    0
2015  6 21 20 39     2.93    -1.47     5.21    -336.6      5.27    -25.30    32.146      53073    0    0    0    0    0
2015  6 21 20 40     3.07    -1.50     5.22    -336.4      4.41    -25.15    32.146      51901    0    0    0    0    0
2015  6 21 20 41     3.17    -1.82     5.14    -337.1      3.80    -25.06    31.805      54599    0    0    0    0    0
2015  6 21 20 42     3.52    -2.01     4.85    -338.4      4.94    -25.85    31.151      59789    0    0    0    0    0
2015  6 21 20 43     3.68    -1.98     4.53    -338.2      5.47    -26.86    31.391      59371    0    0    0    0    0
2015  6 21 20 44     3.71    -1.84     4.33    -337.5      4.84    -27.29    31.971      57962    0    0    0    0    0
2015  6 21 20 45     3.66    -1.53     4.37    -336.8      3.53    -27.38    32.753      56543    0    0    0    0    0
2015  6 21 20 46     3.44    -0.96     4.56    -336.6      2.33    -27.58    33.873      57974    0    0    0    0    0
2015  6 21 20 47     3.65    -0.80     4.52    -336.6      2.17    -28.00    35.493      62232    0    0    0    0    0
2015  6 21 20 48     3.88    -0.80     4.47    -336.9      2.24    -28.53    36.237      62888    0    0    0    0    0
2015  6 21 20 49     3.99    -0.86     3.97    -337.6      2.03    -29.16    36.458      60301    0    0    0    0    0
2015  6 21 20 50     4.02    -0.92     3.35    -338.6      1.49    -30.41    36.458      54883    0    0    0    0    0
2015  6 21 20 51     4.12    -1.08     3.12    -339.0      0.63    -31.01    36.622      53716    0    0    0    0    0
2015  6 21 20 52     4.28    -1.19     2.86    -339.4      0.33    -31.08    36.773      54473    0    0    0    0    0
2015  6 21 20 53     4.30    -1.24     2.53    -339.3      0.20    -30.99    36.877      55456    0    0    0    0    0
2015  6 21 20 54     4.33    -1.21     2.36    -338.1      0.13    -30.65    36.928      55900    0    0    0    0    0
2015  6 21 20 55     4.35    -1.09     2.23    -337.1      0.11    -30.25    36.949      56191    0    0    0    0    0
2015  6 21 20 56     4.38    -0.92     1.90    -337.1      0.53    -29.94    36.942      56415    0    0    0    0    0
2015  6 21 20 57     4.44    -0.85     1.50    -337.3      1.49    -29.92    36.870      56394    0    0    0    0    0
2015  6 21 20 58     4.53    -0.96     1.48    -337.1      1.28    -29.95    36.725      56232    0    0    0    0    0
2015  6 21 20 59     4.83    -1.60     1.76    -336.4      0.41    -29.84    36.422      55250    0    0    0    0    0
2015  6 21 21  0     5.57    -3.02     2.82    -337.0      0.08    -29.41    35.342      52453    0    0    0    0    0
2015  6 21 21  1     5.94    -3.14     2.53    -339.3      1.03    -28.65    33.936      51982    0    0    0    0    0
2015  6 21 21  2     6.56    -3.42     2.18    -339.3      2.78    -28.56    33.703      52104    0    0    0    0    0
2015  6 21 21  3     6.94    -4.46     1.45    -340.3      2.76    -28.67    33.703      52958    0    0    0    0    0
2015  6 21 21  4     7.29    -5.53     1.45    -341.8      2.86    -28.60    29.949      53850    0    0    0    0    0
2015  6 21 21  5     7.33    -5.91     1.62    -341.3      2.78    -28.36    30.291      53850    0    0    0    0    0
2015  6 21 21  6     6.99    -5.98     1.44    -340.3      2.25    -27.72    32.570      53850    0    0    0    0    0
2015  6 21 21  7     6.84    -6.12     1.12    -339.9      2.20    -27.65    33.394      55589    0    0    0    0    0
2015  6 21 21  8     6.91    -6.22     0.88    -339.8      2.20    -27.64    34.048      57158    0    0    0    0    0
2015  6 21 21  9     6.73    -6.49     1.36    -339.1      3.27    -27.55    34.145      57385    0    0    0    0    0
2015  6 21 21 10     6.80    -6.56     1.49    -338.8      3.61    -27.51    33.666      54906    0    0    0    0    0
2015  6 21 21 11     6.71    -6.52     1.47    -338.9      3.27    -27.09    32.932      51107    0    0    0    0    0
2015  6 21 21 12     6.64    -6.49     1.00    -339.4      3.13    -26.63    32.709      49095    0    0    0    0    0
2015  6 21 21 13     6.54    -6.43     0.72    -339.4      3.22    -26.23    32.730      48849    0    0    0    0    0
2015  6 21 21 14     6.20    -6.02    -0.30    -339.4      3.10    -25.48    32.926      49314    0    0    0    0    0
2015  6 21 21 15     6.10    -5.90    -0.60    -339.2      3.07    -25.29    32.984      49984    0    0    0    0    0
2015  6 21 21 16     6.23    -5.66    -0.89    -339.0      3.04    -25.33    32.984      50179    0    0    0    0    0
2015  6 21 21 17     6.32    -5.54    -1.02    -338.8      2.91    -25.36    33.056      49912    0    0    0    0    0
2015  6 21 21 18     6.36    -5.51    -1.16    -338.7      3.08    -25.58    33.094      49768    0    0    0    0    0
2015  6 21 21 19     6.18    -5.46    -1.16    -338.8      3.40    -26.20    32.750      52307    0    0    0    0    0
2015  6 21 21 20     6.24    -5.60    -0.77    -339.1      4.25    -26.69    30.722      53644    0    0    0    0    0
2015  6 21 21 21     6.22    -5.72    -0.50    -339.6      4.55    -27.17    28.354      50736    0    0    0    0    0
2015  6 21 21 22     6.02    -5.73    -0.46    -339.4      4.37    -27.19    27.944      48711    0    0    0    0    0
2015  6 21 21 23     5.92    -5.79    -0.61    -340.0      3.34    -26.18    28.344      48309    0    0    0    0    0
2015  6 21 21 24     5.50    -5.63    -0.83    -339.8      2.75    -25.86    30.846      47765    0    0    0    0    0
2015  6 21 21 25     1.65    -2.97     0.24    -345.1     -1.76    -39.55    31.607      43540    0    0    0    0    0
2015  6 21 21 26    -0.42    -1.45     0.44    -347.0     -0.97    -40.61    30.006      41095    0    0    0    0    0
2015  6 21 21 27    -0.39    -1.50     0.68    -348.6     10.92    -25.67    28.978      39894    0    0    0    0    0
2015  6 21 21 28    -0.04    -1.83     1.01    -349.2     12.07    -24.80    29.163      40241    0    0    0    0    0
2015  6 21 21 29     0.40    -2.10     0.88    -349.5     12.63    -23.94    29.895      40157    0    0    0    0    0
2015  6 21 21 30     0.68    -2.42     0.79    -349.6     12.94    -22.91    30.474      39913    0    0    0    0    0
2015  6 21 21 31     0.92    -2.69     1.17    -349.7     13.05    -22.00    29.645      39790    0    0    0    0    0
2015  6 21 21 32     0.99    -2.74     1.51    -350.3     14.10    -21.72    28.932      40327    0    0    0    0    0
2015  6 21 21 33     0.71    -2.45     1.59    -350.6     14.63    -21.91    27.668      41591    0    0    0    0    0
2015  6 21 21 34     0.58    -2.35     1.57    -350.0     13.93    -21.84    27.296      41917    0    0    0    0    0
2015  6 21 21 35     0.56    -2.27     1.34    -349.4     13.15    -21.46    27.296      41592    0    0    0    0    0
2015  6 21 21 36     0.55    -2.15     1.16    -349.2     12.67    -21.20    27.460      41315    0    0    0    0    0
2015  6 21 21 37     0.50    -2.12     1.34    -349.5     12.65    -21.19    27.760      41313    0    0    0    0    0
2015  6 21 21 38     0.40    -2.19     2.18    -350.0     12.73    -20.76    27.871      41294    0    0    0    0    0
2015  6 21 21 39     0.29    -2.22     2.56    -350.2     12.72    -20.29    27.241      40479    0    0    0    0    0
2015  6 21 21 40     0.37    -2.11     2.59    -349.9     12.69    -20.22    26.949      40077    0    0    0    0    0
2015  6 21 21 41     0.37    -2.05     2.53    -349.9     12.19    -20.56    27.227      40062    0    0    0    0    0
2015  6 21 21 42     0.33    -2.25     2.25    -350.4     11.92    -21.10    27.386      40547    0    0    0    0    0
2015  6 21 21 43     0.30    -2.35     1.75    -350.5     11.82    -21.35    27.368      40835    0    0    0    0    0
2015  6 21 21 44     0.23    -2.16     1.21    -350.4     11.31    -21.49    27.363      41116    0    0    0    0    0
2015  6 21 21 45    -0.27    -1.66     1.13    -350.4     10.62    -21.49    27.363      42427    0    0    0    0    0
2015  6 21 21 46    -0.88    -1.60     0.96    -350.4     10.42    -21.25    25.217      45452    0    0    0    0    0
2015  6 21 21 47    -1.11    -1.64     0.85    -349.8     11.31    -21.05    21.899      46971    0    0    0    0    0
2015  6 21 21 48    -1.14    -1.45     0.67    -349.6     12.39    -21.14    20.405      47281    0    0    0    0    0
2015  6 21 21 49    -1.08    -1.30     0.33    -350.1     12.94    -21.71    20.439      47281    0    0    0    0    0
2015  6 21 21 50    -0.91    -0.94     0.09    -350.3     14.04    -21.79    22.595      47144    0    0    0    0    0
2015  6 21 21 51    -1.04    -1.49     0.64    -350.3     14.56    -21.72    23.821      47088    0    0    0    0    0
2015  6 21 21 52    -1.47    -1.48     1.22    -350.3     13.18    -21.20    25.276      47108    0    0    0    0    0
2015  6 21 21 53    -1.98    -1.25     1.56    -351.2     13.03    -19.66    25.874      54570    0    0    0    0    0
2015  6 21 21 54    -2.34     0.22     0.37    -352.3     14.96    -18.47    25.763      55538    0    0    0    2    1
2015  6 21 21 55    -6.72     4.10     1.85    -353.6     15.89    -16.89    25.625      53635    0    0    0    2    1
2015  6 21 21 56    -6.54     4.21     1.32    -352.4     14.27    -16.90    25.535      53638    0    0    0    2    1
2015  6 21 21 57    -6.80     4.17     1.91    -351.7     13.94    -17.09    25.438      53672    0    0    0    2    1
2015  6 21 21 58    -7.00     4.25     3.20    -351.5     13.99    -18.69    25.328      54179    0    0    0    2    1
2015  6 21 21 59    -7.02     4.09     3.85    -351.5     14.16    -18.83    25.216      54290    0    0    0    2    1
2015  6 21 22  0    -6.99     3.37     4.89    -352.1     16.25    -16.98    25.092      54279    0    0    0    2    1
2015  6 21 22  1    -6.32     3.30     5.68    -352.7     17.08    -15.80    24.968      53404    0    0    0    2    1
2015  6 21 22  2    -6.24     3.11     5.80    -353.0     16.95    -15.36    24.850      53584    0    0    0    2    1
2015  6 21 22  3    -6.29     3.15     5.73    -353.2     15.11    -15.45    24.732      54434    0    0    0    2    1
2015  6 21 22  4    -6.33     3.82     5.63    -353.0     15.48    -16.09    24.624      54433    0    0    0    2    1
2015  6 21 22  5    -6.43     3.76     5.63    -352.2     15.10    -16.35    24.528      54428    0    0    0    2    1
2015  6 21 22  6    -6.47     3.73     5.67    -352.2     15.86    -15.77    24.416      54428    0    0    0    2    1
2015  6 21 22  7    -7.16     3.73     5.02    -352.1     17.77    -14.57    24.305      54419    0    0    0    2    1
2015  6 21 22  8    -7.34     3.81     4.75    -353.1     18.65    -14.47    24.174      53985    0    0    0    2    1
2015  6 21 22  9    -7.28     3.96     4.53    -353.0     18.50    -14.51    24.064      53985    0    0    0    2    1
2015  6 21 22 10    -7.01     4.16     4.51    -352.3     17.49    -14.59    23.965      53972    0    0    0    2    1
2015  6 21 22 11    -6.61     4.21     5.16    -351.6     15.40    -15.28    23.866      53719    0    0    0    2    1
2015  6 21 22 12    -6.10     4.67     5.22    -351.5     16.00    -16.12    23.755      53698    0    0    0    2    1
2015  6 21 22 13    -5.41     5.50     5.00    -353.7     14.33    -16.47    23.602      55409    0    0    0    2    1
2015  6 21 22 14    -5.23     5.58     4.80    -352.5     13.76    -17.17    23.512      56721    0    0    0    2    1
2015  6 21 22 15    -5.02     5.97     4.80    -351.0     13.62    -17.17    23.427      57651    0    0    0    2    1
2015  6 21 22 16    -4.81     6.10     4.81    -350.1     13.57    -17.31    23.332      58227    0    0    0    2    1
2015  6 21 22 17    -4.83     6.04     4.97    -349.9     12.95    -17.37    23.224      58611    0    0    0    2    1
2015  6 21 22 18    -5.09     5.94     5.22    -349.7     11.83    -17.24    23.116      58726    0    0    0    2    1
2015  6 21 22 19    -5.30     5.90     5.45    -349.1     11.31    -17.52    23.015      58312    0    0    0    2    1
2015  6 21 22 20    -5.50     5.85     5.63    -348.3     11.95    -18.14    22.917      57899    0    0    0    2    1
2015  6 21 22 21    -5.77     5.68     5.81    -347.8     13.13    -18.53    22.816      58456    0    0    0    2    1
2015  6 21 22 22    -6.05     5.43     6.02    -348.6     15.04    -17.85    22.687      59985    0    0    0    2    1
2015  6 21 22 23    -6.01     5.43     5.85    -350.2     18.38    -16.75    22.544      60084    0    0    0    2    1
2015  6 21 22 24    -5.72     5.12     6.18    -351.1     18.82    -16.22    22.414      60652    0    0    0    2    1
2015  6 21 22 25    -5.67     5.12     6.11    -352.7     18.61    -15.60    22.272      61324    0    0    0    2    1
2015  6 21 22 26    -5.79     5.00     6.15    -354.1     17.96    -14.17    22.131      61163    0    0    0    2    1
2015  6 21 22 27    -6.05     4.72     6.25    -354.0     16.92    -13.54    22.021      60878    0    0    0    2    1
2015  6 21 22 28    -6.39     4.10     6.77    -353.3     14.94    -14.47    21.922      61211    0    0    0    2    1
2015  6 21 22 29    -6.55     4.13     6.70    -352.4     14.88    -16.98    21.875      62373    0    0    0    1    1
2015  6 21 22 30    -6.85     4.68     6.68    -352.0     13.95    -21.22    22.457      62371    0    0    0    1    1
2015  6 21 22 31    -6.97     4.68     6.77    -348.7     13.62    -22.86    22.104      62264    0    0    0    1    1
2015  6 21 22 32    -7.09     4.64     6.93    -346.1     13.39    -24.00    21.827      62033    0    0    0    2    1
2015  6 21 22 33    -7.21     4.60     7.09    -343.6     13.16    -25.15    21.550      61802    0    0    0    2    1
2015  6 21 22 34    -7.32     4.49     7.29    -343.2     13.52    -24.66    21.446      61533    0    0    0    2    1
2015  6 21 22 35    -7.38     4.52     7.22    -342.9     13.94    -23.19    21.340      63058    0    0    0    2    1
2015  6 21 22 36    -7.37     4.64     6.95    -344.2     12.07    -20.99    21.200      65288    0    0    0    2    1
2015  6 21 22 37    -6.94     5.61     6.56    -345.6      7.73    -19.97    21.061      65073    0    0    0    2    1
2015  6 21 22 38    -6.70     5.93     6.28    -346.4      5.43    -18.92    20.932      63519    0    0    0    2    1
2015  6 21 22 39    -6.79     5.94     6.12    -345.1      5.31    -18.45    20.846      63519    0    0    0    2    1
2015  6 21 22 40    -6.71     6.03     6.13    -344.7      5.58    -18.37    20.139      66341    0    0    0    1    1
2015  6 21 22 41    -6.67     5.92     6.38    -345.6      7.74    -19.10    19.945      68177    0    0    0    1    1
2015  6 21 22 42    -5.78     5.91     6.62    -345.1      8.19    -19.14    19.906      68269    0    0    0    1    1
2015  6 21 22 43    -5.29     6.22     6.71    -343.9      7.98    -19.07    19.809      67446    0    0    0    1    1
2015  6 21 22 44    -5.09     6.51     6.68    -343.1      7.25    -18.65    19.722      66257    0    0    0    1    1
2015  6 21 22 45    -5.14     6.59     6.61    -342.9      6.15    -17.70    19.636      65509    0    0    0    1    1
2015  6 21 22 46    -5.65     6.28     6.63    -343.2      5.08    -17.25    19.532      65499    0    0    0    1    1
2015  6 21 22 47    -6.08     5.89     6.54    -343.5      4.53    -17.71    19.427      65488    0    0    0    1    1
2015  6 21 22 48    -5.87     5.83     6.43    -343.9      5.01    -19.38    19.623      64042    0    0    0    1    1
2015  6 21 22 49    -5.78     5.44     7.06    -344.5      6.18    -20.44    19.735      63024    0    0    0    2    1
2015  6 21 22 50    -5.32     5.32     7.49    -346.7      9.01    -19.76    19.085      67560    0    0    0    1    1
2015  6 21 22 51    -5.37     5.40     7.42    -345.9     11.31    -17.86    19.169      67560    0    0    0    1    1
2015  6 21 22 52    -5.79     5.40     7.23    -345.9     11.43    -16.75    19.266      66982    0    0    0    1    1
2015  6 21 22 53    -6.06     5.40     7.04    -345.9     11.23    -16.58    19.397      66466    0    0    0    1    1
2015  6 21 22 54    -5.98     5.43     6.87    -345.2     10.82    -16.90    19.357      66017    0    0    0    1    1
2015  6 21 22 55    -5.96     5.44     6.85    -343.4      9.54    -18.43    18.131      65286    0    0    0    1    1
2015  6 21 22 56    -5.99     5.44     6.87    -341.7      8.00    -20.00    16.915      64550    0    0    0    0    1
2015  6 21 22 57    -6.10     5.44     6.91    -341.5      6.53    -20.48    16.915      64020    0    0    0    0    1
2015  6 21 22 58    -6.00     5.46     6.85    -341.2      6.33    -20.90    16.739      63073    0    0    0    0    0
2015  6 21 22 59    -6.16     5.62     6.66    -341.2      5.60    -22.40    15.119      61149    0    0    0    0    0
2015  6 21 23  0    -6.35     5.86     6.88    -340.9      5.97    -21.97    14.786      61162    0    0    0    0    0
2015  6 21 23  1    -6.38     5.87     6.98    -341.2      7.59    -20.88    14.814      61825    0    0    0    0    0
2015  6 21 23  2    -6.41     5.95     7.14    -341.4      8.16    -18.88    15.056      65596    0    0    0    0    0
2015  6 21 23  3    -6.63     6.13     7.12    -342.3      6.10    -24.37    15.250      66382    0    0    0    0    0
2015  6 21 23  4    -6.70     5.82     7.34    -343.9     -1.50    -36.82    15.876      68170    0    0    0    0    0
2015  6 21 23  5    -6.61     5.50     7.63    -344.2     -1.50    -36.78    16.649      70184    0    0    0    0    0
2015  6 21 23  6    -6.60     5.46     7.48    -344.8     -1.36    -36.56    17.311      74455    0    0    0    0    0
2015  6 21 23  7    -6.69     5.46     7.11    -345.0     -1.29    -36.50    17.722      77753    0    0    0    0    0
2015  6 21 23  8    -6.82     5.49     6.98    -344.1     -0.94    -37.74    17.835      79254    0    0    0    0    0
2015  6 21 23  9    -6.99     5.50     6.90    -343.6     -0.52    -38.58    18.132      82706    0    0    0    0    0
2015  6 21 23 10    -7.14     5.53     6.84    -343.5      5.90    -30.20    18.538      85363    0    0    0    0    0
2015  6 21 23 11    -6.00     5.73     6.82    -344.2     13.04    -21.20    18.680      83965    0    0    0    0    0
2015  6 21 23 12    -5.32     5.85     6.82    -344.1     14.54    -20.58    18.680      79381    0    0    0    0    0
2015  6 21 23 13    -5.99     5.69     7.05    -345.5     15.17    -19.52    18.541      76886    0    0    0    0    0
2015  6 21 23 14    -6.31     5.46     7.47    -345.7     14.72    -18.84    18.522      76851    0    0    0    0    0
2015  6 21 23 15    -6.11     5.21     7.62    -344.7     15.21    -17.86    18.337      76645    0    0    0    0    0
2015  6 21 23 16    -5.98     5.10     7.66    -343.6     15.51    -16.85    18.267      73902    0    0    0    0    0
2015  6 21 23 17    -6.00     5.10     7.61    -342.5     12.37    -22.24    18.267      69951    0    0    0    0    0
2015  6 21 23 18    -6.18     5.16     7.45    -341.4      5.52    -33.97    18.255      66759    0    0    0    0    0
2015  6 21 23 19    -6.44     5.17     7.02    -341.1      2.39    -34.28    18.171      66857    0    0    0    0    0
2015  6 21 23 20    -6.61     5.41     6.84    -341.3      4.00    -33.94    18.022      68065    0    0    0    0    0
2015  6 21 23 21    -7.10     6.09     5.94    -342.8     17.34    -21.42    18.343      69043    0    0    0    0    0
2015  6 21 23 22    -7.14     6.17     5.96    -343.2     18.64    -21.95    18.833      68374    0    0    0    0    0
2015  6 21 23 23    -7.12     6.21     6.02    -343.0     11.10    -30.00    18.747      66997    0    0    0    0    0
2015  6 21 23 24    -7.14     5.99     6.13    -342.7      0.84    -40.08    18.537      66106    0    0    0    0    0
2015  6 21 23 25    -7.18     5.64     6.20    -342.2      0.68    -40.09    18.305      65906    0    0    0    0    0
2015  6 21 23 26    -7.19     5.60     6.16    -341.0      0.60    -40.06    18.059      65184    0    0    0    0    0
2015  6 21 23 27    -7.33     5.60     6.10    -341.3      0.43    -39.60    17.100      57861    0    0    0    0    0
2015  6 21 23 28    -7.35     5.72     5.97    -341.0     -0.12    -38.47    15.998      57861    0    0    0    0    0
2015  6 21 23 29    -7.51     5.74     6.07    -341.5      2.76    -33.77    14.668      57691    0    0    0    0    0
2015  6 21 23 30    -7.70     6.02     6.61    -344.8     20.37    -17.81    12.366      55924    0    0    0    0    0
2015  6 21 23 31    -7.62     6.09     6.85    -345.9     19.17    -16.18    12.033      55640    0    0    0    0    0
2015  6 21 23 32    -7.44     5.99     6.91    -346.2     18.53    -16.62    12.094      55997    0    0    0    0    0
2015  6 21 23 33    -7.53     6.03     6.72    -345.6     18.43    -16.64    12.151      56329    0    0    0    0    0
2015  6 21 23 34    -7.59     6.06     6.11    -345.4     18.42    -16.88    12.378      57085    0    0    0    0    0
2015  6 21 23 35    -7.63     6.18     5.73    -344.5     18.83    -16.81    12.415      57790    0    0    0    0    0
2015  6 21 23 36    -7.75     6.50     5.60    -343.8     18.85    -16.92    12.103      58293    0    0    0    0    0
2015  6 21 23 37    -7.73     6.71     5.65    -343.3     18.73    -17.04    11.858      58481    0    0    0    0    0
2015  6 21 23 38    -7.72     6.58     5.66    -343.1     19.47    -17.27    11.858      58444    0    0    0    0    0
2015  6 21 23 39    -8.14     6.29     5.52    -345.5     22.03    -18.28    11.777      58395    0    0    0    0    0
2015  6 21 23 40    -8.06     6.28     5.62    -345.9     23.01    -18.30    11.765      59294    0    0    0    0    0
2015  6 21 23 41    -7.67     6.01     6.18    -344.7     22.58    -18.31    13.851      73449    0    0    0    0    0
2015  6 21 23 42    -7.27     5.28     6.69    -344.2     23.03    -18.46    14.671      78985    0    0    0    0    0
2015  6 21 23 43    -7.12     4.92     6.82    -344.4     22.73    -18.95    14.534      74174    0    0    0    0    0
2015  6 21 23 44    -7.53     5.86     6.09    -346.7     22.64    -19.36    12.997      68478    0    0    0    0    0
2015  6 21 23 45    -7.65     6.33     5.82    -347.3     22.50    -17.53    12.042      67307    0    0    0    0    0
2015  6 21 23 46    -7.81     6.36     5.64    -347.4     21.91    -15.73    11.657      63439    0    0    0    0    0
2015  6 21 23 47    -8.05     6.46     5.38    -346.1     21.91    -15.50    11.479      56074    0    0    0    0    0
2015  6 21 23 48    -8.09     7.12     4.62    -346.3     23.76    -15.70    11.473      48816    0    0    0    0    0
2015  6 21 23 49    -8.20     7.34     4.37    -345.8     24.14    -15.58    11.159      48370    0    0    0    0    0
2015  6 21 23 50    -8.24     7.50     3.71    -345.3     24.67    -13.71    11.128      48325    0    0    0    0    0
2015  6 21 23 51    -8.27     7.34     3.45    -344.9     25.58    -13.35    10.768      47951    0    0    0    0    0
2015  6 21 23 52    -8.25     7.36     3.09    -344.8     25.42    -17.48    10.648      46694    0    0    0    0    0
2015  6 21 23 53    -8.20     7.30     1.63    -344.3     25.29    -19.11    10.636      45687    0    0    0    0    0
2015  6 21 23 54    -8.09     7.24     0.85    -343.0     23.97    -19.30    10.632      45366    0    0    0    0    0
2015  6 21 23 55    -7.99     7.19     0.75    -341.4     21.98    -19.38    10.665      45724    0    0    0    0    0
2015  6 21 23 56    -8.01     7.06     0.77    -341.2     20.91    -19.23    10.873      48124    0    0    0    0    0
2015  6 21 23 57    -7.94     6.88     0.62    -341.6     21.25    -18.67    10.989      50543    0    0    0    0    0
2015  6 21 23 58    -7.84     6.74     0.88    -343.7     22.54    -19.02    10.921      51307    0    0    0    0    0
2015  6 21 23 59    -7.82     6.55     1.03    -342.9     21.66    -17.55    10.819      51748    0    0    0    0    0
2015  6 22  0  0    -7.95     7.39     3.34    -344.7     23.23    -18.70    10.125      48672    0    0    0    0    0
2015  6 22  0  1    -7.90     7.58     2.76    -344.4     24.86    -17.47    10.199      47049    0    0    0    0    0
2015  6 22  0  2    -7.94     7.71     2.43    -345.1     26.21    -18.27    10.237      46381    0    0    0    0    0
2015  6 22  0  3    -7.99     7.71     2.36    -345.0     24.51    -17.38    10.321      45788    0    0    0    0    0
2015  6 22  0  4    -8.08     7.63     2.36    -346.3     22.05    -13.11    10.381      45388    0    0    0    0    0
2015  6 22  0  5    -8.11     7.48     2.57    -346.2     18.81     -8.59    10.785      50558    0    0    0    0    0
2015  6 22  0  6    -8.26     6.89     2.93    -346.7     17.83     -6.91    11.141      55383    0    0    0    0    0
2015  6 22  0  7    -8.43     6.54     3.07    -347.4     17.46     -9.12    11.036      53177    0    0    0    0    0
2015  6 22  0  8    -8.30     6.20     3.26    -348.9     21.57    -10.84    10.733      47953    0    0    0    0    0
2015  6 22  0  9    -8.37     6.04     4.10    -351.0     29.23    -11.06    10.743      47884    0    0    0    0    0
2015  6 22  0 10    -8.41     5.86     4.22    -351.2     29.59    -10.68    10.884      50050    0    0    0    0    0
2015  6 22  0 11    -8.41     5.42     4.35    -350.9     29.92     -9.56    11.024      53966    0    0    0    0    0
2015  6 22  0 12    -8.35     4.75     4.68    -350.9     29.30     -7.85    10.960      52610    0    0    0    0    0
2015  6 22  0 13    -8.31     4.33     4.90    -350.0     29.32     -8.22    10.712      47726    0    0    0    0    0
2015  6 22  0 14    -8.31     4.26     4.66    -349.3     30.59     -9.26    10.527      47726    0    0    0    0    0
2015  6 22  0 15    -8.27     4.59     4.23    -349.0     30.19     -9.27    10.361      49614    0    0    0    0    0
2015  6 22  0 16    -8.22     5.55     1.02    -349.0     29.37     -9.31    10.195      58307    0    0    0    0    0
2015  6 22  0 17    -7.24     6.91    -2.49    -348.1     28.80     -8.85    10.063      66616    0    0    0    0    0
2015  6 22  0 18    -6.82     7.22    -3.58    -344.9     26.16     -7.67     9.982      69392    0    0    0    0    0
2015  6 22  0 19    -6.58     7.22    -3.94    -341.1     22.90     -6.27     9.916      70498    0    0    0    0    0
2015  6 22  0 20    -6.37     7.46    -3.43    -338.5     20.10     -5.21     9.866      71252    0    0    0    0    0
2015  6 22  0 21    -6.35     8.00    -1.54    -338.4     19.09     -4.99     9.839      71570    0    0    0    0    0
2015  6 22  0 22    -6.69     8.16    -0.12    -339.5     21.77     -5.37     9.788      75836    0    0    0    0    0
2015  6 22  0 23    -7.09     8.10     0.61    -340.7     24.37     -6.09     9.675      79763    0    0    0    0    0
2015  6 22  0 24    -7.25     8.02     1.03    -341.4     24.49     -6.58     9.407      79424    0    0    0    0    0
2015  6 22  0 25    -7.45     7.81     1.98    -341.4     24.45     -4.93     9.238      79330    0    0    0    0    0
2015  6 22  0 26    -7.09     7.89     1.89    -342.3     25.00     -3.60     9.209      81423    0    0    0    0    0
2015  6 22  0 27    -6.92     7.77     1.66    -341.9     24.92     -1.22     9.786      82014    0    0    0    0    0
2015  6 22  0 28    -5.31     7.69     3.80    -350.4     28.18     -3.92    10.085      65878    0    0    0    0    0
2015  6 22  0 29    -5.52     7.52     4.12    -350.5     27.92     -4.80    10.548      60010    0    0    0    0    0
2015  6 22  0 30    -6.04     6.75     5.00    -348.4     27.92     -5.46    10.092      55946    0    0    0    0    0
2015  6 22  0 31    -6.47     6.08     5.50    -348.9     29.07     -5.68     9.675      54062    0    0    0    0    0
2015  6 22  0 32    -6.60     6.04     5.53    -348.8     30.96     -5.96     8.935      53973    0    0    0    0    0
2015  6 22  0 33    -6.93     6.55     4.68    -348.2     29.99     -4.08     8.934      56934    0    0    0    0    0
2015  6 22  0 34    -7.10     6.74     4.15    -346.9     28.50     -3.04     9.138      59192    0    0    0    0    0
2015  6 22  0 35    -7.16     6.83     3.88    -346.4     28.25     -2.47     9.319      60698    0    0    0    0    0
2015  6 22  0 36    -7.00     6.86     3.98    -347.4     29.52     -2.39     9.374      61139    0    0    0    0    0
2015  6 22  0 37    -6.38     6.93     3.93    -352.2     30.46     -3.25     8.969      58332    0    0    0    0    0
2015  6 22  0 38    -6.42     7.05     3.46    -350.9     30.61     -3.12     9.033      60643    0    0    0    0    0
2015  6 22  0 39    -6.72     7.23     3.00    -347.7     30.50     -2.50     9.187      66189    0    0    0    0    0
2015  6 22  0 40    -6.86     7.32     2.78    -346.2     30.45     -2.43     9.261      68870    0    0    0    0    0
2015  6 22  0 41    -6.85     7.17     2.78    -346.0     30.82     -6.69     9.288      66401    0    0    0    0    0
2015  6 22  0 42    -7.21     6.38     4.33    -346.1     31.21    -10.86     9.271      62813    0    0    0    0    0
2015  6 22  0 43    -7.58     5.60     6.14    -346.9     31.06    -10.87     9.281      61773    0    0    0    0    0
2015  6 22  0 44    -7.65     5.50     6.24    -347.4     32.75    -12.87     9.316      62195    0    0    0    0    0
2015  6 22  0 45    -7.51     4.74     6.90    -348.1     35.53    -16.27     9.249      63172    0    0    0    0    0
2015  6 22  0 46    -7.45     4.24     7.18    -347.4     37.35    -16.68     9.151      67189    0    0    0    0    0
2015  6 22  0 47    -7.57     3.84     7.24    -347.6     38.35    -14.45     9.230      73918    0    0    0    0    0
2015  6 22  0 48    -7.58     3.57     7.34    -349.0     38.66    -11.33     9.404      77435    0    0    0    0    0
2015  6 22  0 49    -7.26     3.59     7.46    -350.1     37.20    -12.21     9.508      77461    0    0    0    0    0
2015  6 22  0 50    -7.09     4.14     7.46    -351.6     33.53    -10.71     9.544      76769    0    1    1    1    1
2015  6 22  0 51    -6.98     4.59     6.44    -350.9     27.41     -7.09     9.697      77535    1    1    1    1    1
2015  6 22  0 52    -7.05     5.37     4.10    -348.0     17.75     -9.08     9.780      79532    1    1    1    1    1
2015  6 22  0 53    -6.76     7.45    -0.77    -347.6      8.85     -0.37    10.012      80366    1    1    1    1    1
2015  6 22  0 54    -6.42     8.17    -3.11    -347.3      6.48      3.85     9.485      80392    0    0    0    0    1
2015  6 22  0 55    -6.15     7.42     3.11    -354.6     24.19    -24.52     8.208      77128    0    0    0    0    0
2015  6 22  0 56    -5.78     3.85     8.56    -355.6     31.72    -28.20     8.799      92695    0    0    0    0    0
2015  6 22  0 57    -5.67     3.53     8.98    -354.8     32.20    -26.66     8.978      94148    0    0    0    0    0
2015  6 22  0 58    -5.70     4.21     8.58    -352.5     27.72    -22.22     9.006      89982    0    0    0    0    0
2015  6 22  0 59    -5.85     5.19     7.89    -350.1     21.87    -17.13     9.006      85091    0    0    0    0    0
2015  6 22  1  0    -6.76     6.83     5.89    -354.5     16.46    -13.98     9.588      91952    0    0    0    0    0
2015  6 22  1  1    -5.69     6.40     7.77    -357.9     19.77    -15.87     9.782      96556    0    0    0    0    0
2015  6 22  1  2    -5.69     6.35     7.79    -357.4     19.69    -16.45     9.783      95297    0    0    0    0    0
2015  6 22  1  3    -5.70     6.16     7.88    -354.9     19.34    -16.46     9.791      89897    0    0    0    0    0
2015  6 22  1  4    -5.70     6.10     7.86    -353.1     19.04    -16.27     9.793      84141    0    0    0    0    0
2015  6 22  1  5    -6.15     5.97     7.45    -353.6     25.65     -7.70     9.771      75464    0    0    0    0    0
2015  6 22  1  6    -6.68     5.95     6.82    -354.8     29.45     -1.82     9.845      71837    0    0    0    0    0
2015  6 22  1  7    -6.71     5.98     6.66    -355.9     28.98     -0.51     9.892      69068    0    0    0    0    0
2015  6 22  1  8    -6.86     5.88     6.58    -354.3     27.55      1.18     9.877      68958    0    0    0    0    0
2015  6 22  1  9    -7.11     5.67     6.46    -353.4     27.07      2.45     9.763      69846    0    0    0    0    0
2015  6 22  1 10    -7.33     5.55     6.19    -352.8     27.58      2.73     9.672      70460    0    0    0    0    0
2015  6 22  1 11    -7.46     5.62     5.96    -352.4     28.47      2.38     9.618      70136    0    0    0    0    0
2015  6 22  1 12    -7.37     5.79     6.06    -352.7     28.40      1.36     9.559      69658    0    0    0    0    0
2015  6 22  1 13    -6.50     6.30     6.33    -356.4     27.56     -0.62     9.554      69371    0    0    0    0    0
2015  6 22  1 14    -6.40     6.38     6.53    -356.6     26.93     -0.79     9.588      69377    0    0    0    0    0
2015  6 22  1 15    -6.17     6.37     6.64    -356.2     26.86     -1.48     9.497      69467    0    0    0    0    0
2015  6 22  1 16    -5.67     6.48     6.74    -356.6     28.15     -0.48     9.575      72082    0    0    0    0    0
2015  6 22  1 17    -5.73     6.58     6.45    -356.5     28.13     -0.50     9.586      72079    0    0    0    0    0
2015  6 22  1 18    -6.25     6.44     6.27    -354.9     27.10     -0.87     9.783      72016    0    0    0    0    0
2015  6 22  1 19    -6.42     6.58     6.00    -353.8     26.82     -1.02     9.836      69520    0    0    0    0    0
2015  6 22  1 20    -6.66     6.52     5.78    -353.2     26.86     -1.03     9.806      68168    0    0    0    0    0
2015  6 22  1 21    -6.79     6.36     5.71    -353.3     26.83      0.21     9.758      67701    0    0    0    0    0
2015  6 22  1 22    -6.70     6.47     5.68    -352.9     26.31      1.08     9.654      67214    0    0    0    0    0
2015  6 22  1 23    -6.64     6.62     5.56    -351.5     27.57      0.63     9.541      67071    0    0    0    0    0
2015  6 22  1 24    -6.67     6.63     5.37    -350.0     31.33     -0.30     9.470      67105    0    0    0    0    0
2015  6 22  1 25    -6.98     6.27     5.57    -349.4     31.38     -0.34     9.466      67445    0    0    0    0    0
2015  6 22  1 26    -7.05     5.97     5.88    -350.7     32.11     -0.46     9.832      69962    0    0    0    0    0
2015  6 22  1 27    -7.04     6.00     5.91    -350.7     31.24     -0.22     9.870      69962    0    0    0    0    0
2015  6 22  1 28    -6.86     6.31     5.59    -350.8     29.36      0.68     9.930      69748    0    0    0    0    0
2015  6 22  1 29    -6.39     7.24     5.02    -351.5     26.53      2.33    10.082      68929    0    0    0    0    0
2015  6 22  1 30    -6.17     7.50     4.85    -351.6     24.68      2.88    10.229      68985    0    0    0    0    0
2015  6 22  1 31    -6.38     7.12     5.01    -351.6     24.92      2.76    10.329      69239    0    0    0    0    0
2015  6 22  1 32    -6.39     7.20     4.99    -351.7     24.90      2.96    10.439      69959    0    0    0    0    0
2015  6 22  1 33    -6.39     7.52     4.69    -351.6     24.27      3.68    10.452      70839    0    0    0    0    0
2015  6 22  1 34    -6.44     7.43     4.69    -351.1     24.06      3.94    10.351      70642    0    0    0    0    0
2015  6 22  1 35    -6.67     7.09     4.86    -350.3     24.30      3.90    10.284      69856    0    0    0    0    0
2015  6 22  1 36    -6.72     6.81     5.11    -349.6     25.29      3.75    10.065      68871    0    0    0    0    0
2015  6 22  1 37    -6.72     6.75     5.11    -349.1     26.07      3.21    10.281      68871    0    0    0    0    0
2015  6 22  1 38    -6.73     6.80     4.70    -350.6     29.21      3.83    10.338      76079    0    0    0    0    0
2015  6 22  1 39    -6.95     6.55     4.58    -350.3     29.55      3.94    10.312      77862    0    0    0    0    0
2015  6 22  1 40    -7.41     6.27     4.38    -349.5     29.45      4.20    10.102      79669    0    0    0    0    0
2015  6 22  1 41    -7.58     6.01     4.32    -349.3     29.72      5.08    10.060      81226    0    0    0    0    0
2015  6 22  1 42    -7.81     5.57     4.31    -347.8     32.87      7.80    10.027      86593    0    0    0    0    0
2015  6 22  1 43    -7.94     5.44     4.09    -347.3     34.07      8.57    10.059      88223    0    0    0    0    0
2015  6 22  1 44    -7.96     5.46     4.04    -346.7     34.19      7.82    10.107      86074    0    0    0    0    0
2015  6 22  1 45    -8.01     5.40     4.14    -346.0     34.72      7.35    10.126      84659    0    0    0    0    0
2015  6 22  1 46    -8.08     5.19     4.23    -345.5     35.47      7.53    10.083      85176    0    0    0    0    0
2015  6 22  1 47    -8.10     4.99     4.27    -346.1     35.70      8.66    10.026      85901    0    0    0    0    0
2015  6 22  1 48    -8.04     5.23     4.07    -346.8     34.95      9.82    10.039      84483    0    0    0    0    0
2015  6 22  1 49    -7.93     5.52     3.78    -346.9     32.73     10.40     9.964      82694    0    0    0    0    0
2015  6 22  1 50    -7.86     5.73     3.67    -347.3     30.90     10.21     9.867      81712    0    1    1    1    1
2015  6 22  1 51    -7.62     5.82     3.71    -348.1     30.97      8.59     9.777      80857    0    1    1    1    1
2015  6 22  1 52    -7.44     5.71     4.41    -348.7     30.93      4.25     9.443      79534    0    1    1    1    1
2015  6 22  1 53    -7.29     5.49     4.78    -350.0     31.45      3.22     9.371      78504    0    1    1    1    1
2015  6 22  1 54    -7.15     5.37     4.97    -350.5     31.64      2.73     9.338      76981    0    0    0    0    0
2015  6 22  1 55    -7.06     5.39     5.07    -350.2     30.90      2.23     9.304      72849    0    0    0    0    0
2015  6 22  1 56    -6.99     5.50     5.07    -348.8     27.80      1.80     9.310      69161    0    0    0    0    0
2015  6 22  1 57    -6.48     6.36     4.78    -349.7     25.24      4.71     9.551      68778    0    0    0    0    0
2015  6 22  1 58    -6.68     6.33     4.84    -350.5     26.59      6.00     9.509      69740    0    0    0    0    0
2015  6 22  1 59    -6.72     6.18     5.09    -350.3     28.05      5.47     9.631      71103    0    0    0    0    0
2015  6 22  2  0    -6.69     6.18     5.15    -349.9     28.95      4.11     9.780      74402    0    0    0    0    0
2015  6 22  2  1    -6.68     6.11     5.27    -350.4     30.63      3.10     9.755      74848    0    0    0    0    0
2015  6 22  2  2    -6.67     5.83     5.04    -350.4     32.75      4.68     9.545      76624    0    0    0    0    0
2015  6 22  2  3    -6.92     5.63     4.89    -349.7     34.67      5.59     9.506      80990    0    0    0    0    0
2015  6 22  2  4    -7.29     5.55     4.56    -348.6     34.43      5.77     9.303      80990    0    0    0    0    0
2015  6 22  2  5    -7.46     5.44     4.32    -347.0     34.28      6.67     9.296      79513    0    0    0    0    0
2015  6 22  2  6    -7.60     5.27     4.22    -346.1     34.61      6.89     9.326      78703    0    0    0    0    0
2015  6 22  2  7    -7.66     5.12     4.35    -346.4     35.28      5.90     9.431      79061    0    0    0    0    0
2015  6 22  2  8    -7.44     5.08     4.83    -346.7     35.54      4.91     9.505      79360    0    0    0    0    0
2015  6 22  2  9    -7.09     5.07     5.26    -347.5     34.78      3.36     9.416      75196    0    0    0    0    0
2015  6 22  2 10    -7.03     5.24     5.27    -348.2     34.41      1.78     9.317      71670    0    0    0    0    0
2015  6 22  2 11    -7.17     5.47     4.94    -348.5     34.45      0.35     9.297      70843    0    0    0    0    0
2015  6 22  2 12    -7.14     5.38     5.14    -348.8     34.14      0.17     9.326      70487    0    0    0    0    0
2015  6 22  2 13    -6.60     5.30     5.84    -350.4     33.67      0.07     9.417      66495    0    0    0    0    0
2015  6 22  2 14    -5.71     6.33     6.00    -356.8     28.76      1.94     9.307      63029    0    0    0    0    0
2015  6 22  2 15    -5.78     6.53     5.73    -356.1     28.45      1.95     8.940      61305    0    0    0    0    0
2015  6 22  2 16    -5.99     6.58     5.40    -354.5     28.64      1.49     8.807      61276    0    0    0    0    0
2015  6 22  2 17    -6.34     6.35     5.34    -353.3     28.88      1.63     8.911      61751    0    0    0    0    0
2015  6 22  2 18    -6.63     6.05     5.37    -353.0     29.22      1.99     9.332      65306    0    0    0    0    0
2015  6 22  2 19    -6.60     5.97     5.38    -352.6     30.41      1.68     9.644      68221    0    0    0    0    0
2015  6 22  2 20    -6.42     5.96     5.48    -352.2     31.65      1.13     9.676      68368    0    0    0    0    0
2015  6 22  2 21    -6.34     5.92     5.61    -352.0     31.87      1.30     9.592      68283    0    0    0    0    0
2015  6 22  2 22    -6.53     5.97     5.41    -351.3     31.96      1.81     9.499      68149    0    0    0    0    0
2015  6 22  2 23    -6.96     6.05     4.85    -351.4     32.43      1.36     9.613      69154    0    0    0    0    0
2015  6 22  2 24    -6.84     6.11     4.74    -353.3     33.30     -1.77     9.811      72023    0    0    0    0    0
2015  6 22  2 25    -6.24     6.09     5.55    -354.8     33.32     -3.23     9.680      72375    0    0    0    0    0
2015  6 22  2 26    -6.03     6.08     5.72    -355.0     33.01     -3.30     9.493      68996    0    0    0    0    0
2015  6 22  2 27    -6.23     6.12     5.51    -353.6     31.55     -1.25     9.480      68292    0    0    0    0    0
2015  6 22  2 28    -6.50     6.15     5.01    -352.7     30.55      0.71     9.648      68813    0    0    0    0    0
2015  6 22  2 29    -6.65     6.18     4.59    -352.7     29.86      2.34     9.780      70434    0    0    0    0    0
2015  6 22  2 30    -6.78     6.15     4.43    -351.9     29.74      4.16     9.651      71535    0    0    0    0    0
2015  6 22  2 31    -7.00     6.05     4.18    -350.5     30.42      5.90     9.449      70852    0    0    0    0    0
2015  6 22  2 32    -7.10     6.04     4.00    -350.3     30.19      6.34     9.278      67095    0    0    0    0    0
2015  6 22  2 33    -6.93     6.04     4.41    -352.8     28.54      3.01     9.336      67625    0    0    0    0    0
2015  6 22  2 34    -6.70     6.17     4.52    -353.3     27.62      3.22     9.621      69806    0    0    0    0    0
2015  6 22  2 35    -6.49     6.52     4.33    -353.6     27.20      4.01     9.893      71566    0    0    0    0    0
2015  6 22  2 36    -6.33     6.45     4.49    -354.1     27.17      4.33    10.005      71885    0    0    0    0    0
2015  6 22  2 37    -6.17     5.64     5.31    -354.2     28.92      4.52     9.946      71606    0    0    0    0    0
2015  6 22  2 38    -6.08     5.35     5.78    -353.2     30.80      4.30     9.595      69681    0    0    0    0    0
2015  6 22  2 39    -6.19     5.32     5.65    -351.9     32.02      5.50     9.282      68266    0    0    0    0    0
2015  6 22  2 40    -6.57     5.24     4.95    -351.1     32.48      8.24     9.162      68229    0    0    0    0    0
2015  6 22  2 41    -7.12     5.04     4.15    -351.0     32.43      9.57     9.130      68229    0    0    0    0    0
2015  6 22  2 42    -7.32     5.06     3.88    -351.0     32.54     10.29     9.007      67146    0    0    0    0    0
2015  6 22  2 43    -7.21     5.28     3.64    -351.4     32.17      8.90     8.757      63820    0    0    0    0    0
2015  6 22  2 44    -7.23     5.42     3.42    -351.4     30.98      6.86     8.889      65448    0    0    0    0    0
2015  6 22  2 45    -7.49     5.41     2.74    -350.0     30.33      7.37     9.290      70474    0    0    0    0    0
2015  6 22  2 46    -7.66     5.54     2.01    -347.6     29.60      8.37     9.667      78820    0    0    0    0    0
2015  6 22  2 47    -7.80     5.53     1.65    -346.5     28.76      8.78     9.828      82297    0    0    0    0    0
2015  6 22  2 48    -7.85     5.47     1.67    -346.4     28.28      8.30     9.833      82297    0    0    0    0    0
2015  6 22  2 49    -7.76     5.56     1.83    -347.6     27.25      7.85     9.921      82749    0    0    0    0    0
2015  6 22  2 50    -7.56     5.79     1.95    -350.4     24.97      8.09     9.876      81631    0    0    0    0    0
2015  6 22  2 51    -7.03     6.13     2.18    -351.9     25.24      4.33     9.850      74160    0    0    0    0    0
2015  6 22  2 52    -7.01     5.98     2.80    -351.9     25.32      5.20    10.386      73285    0    0    0    0    0
2015  6 22  2 53    -7.05     5.64     2.80    -351.9     26.45      5.01    10.678      73613    0    0    0    0    0
2015  6 22  2 54    -7.04     5.61     3.03    -353.1     27.93      3.04    10.338      75997    0    0    0    0    0
2015  6 22  2 55    -6.89     5.63     3.27    -354.5     30.68      1.54     9.951      80317    0    0    0    0    0
2015  6 22  2 56    -6.80     5.64     2.96    -354.3     31.27      1.13     9.907      81291    0    0    0    0    0
2015  6 22  2 57    -6.67     5.61     2.86    -353.8     31.26      0.48     9.784      79777    0    0    0    0    0
2015  6 22  2 58    -6.69     5.58     2.73    -353.2     30.71      1.18     9.737      78725    0    0    0    0    0
2015  6 22  2 59    -6.76     5.48     2.93    -352.8     29.88      3.10     9.751      78372    0    0    0    0    0
2015  6 22  3  0    -6.66     5.25     3.73    -351.9     28.65      5.59     9.703      77226    0    0    0    0    0
2015  6 22  3  1    -6.34     4.85     5.04    -352.8     28.05      4.52     9.467      69978    0    0    0    0    0
2015  6 22  3  2    -6.27     4.70     5.31    -354.8     31.02      1.58     9.343      64258    0    0    0    0    0
2015  6 22  3  3    -6.33     4.75     5.16    -355.1     31.75      3.48     9.447      64530    0    0    0    0    0
2015  6 22  3  4    -6.51     4.79     4.80    -355.2     31.77      5.43     9.571      65159    0    0    0    0    0
2015  6 22  3  5    -6.59     4.85     4.63    -355.0     29.39      5.65     9.651      65492    0    0    0    0    0
2015  6 22  3  6    -6.41     5.14     4.51    -354.5     28.15      5.93     9.645      65542    0    0    0    0    0
2015  6 22  3  7    -6.16     5.23     4.38    -354.2     28.24      6.24     9.544      62408    0    0    0    0    0
2015  6 22  3  8    -5.93     5.41     4.30    -355.6     27.29     10.47     9.379      61092    0    0    0    0    0
2015  6 22  3  9    -6.01     5.68     3.49    -355.4     26.93     11.25     9.414      61091    0    0    0    0    0
2015  6 22  3 10    -6.43     5.83     2.60    -354.5     26.56     11.94     9.506      61945    0    0    0    0    0
2015  6 22  3 11    -6.82     5.86     2.00    -353.5     25.95     13.99     9.614      67850    0    0    0    0    0
2015  6 22  3 12    -6.97     5.89     1.57    -352.9     25.44     15.23     9.725      71383    0    0    0    0    0
2015  6 22  3 13    -6.86     5.99     1.34    -352.8     25.55     14.40     9.851      70847    0    0    0    0    0
2015  6 22  3 14    -6.55     5.80     2.46    -353.2     26.87      6.76     9.822      70310    0    0    0    0    0
2015  6 22  3 15    -6.39     5.30     4.28    -353.3     28.57     -2.79     9.686      72523    0    0    0    0    0
2015  6 22  3 16    -6.50     4.87     4.97    -353.2     29.83     -5.11     9.670      74604    0    0    0    0    0
2015  6 22  3 17    -6.64     4.67     5.00    -353.3     30.91     -4.51     9.704      76275    0    0    0    0    0
2015  6 22  3 18    -6.64     4.63     5.12    -353.6     31.47     -4.56     9.913      79305    0    0    0    0    0
2015  6 22  3 19    -6.57     4.64     5.25    -354.1     31.30     -4.23    10.057      80585    0    0    0    0    0
2015  6 22  3 20    -6.53     4.60     5.38    -353.9     31.04     -3.43    10.046      80494    0    0    0    0    0
2015  6 22  3 21    -6.59     4.62     5.38    -353.0     30.07     -1.79     9.823      80448    0    0    0    0    0
2015  6 22  3 22    -6.69     4.52     5.23    -352.2     29.89     -0.48     9.618      80474    0    0    0    0    0
2015  6 22  3 23    -6.87     4.13     5.06    -353.8     32.08     -2.28     9.789      81987    0    0    0    0    0
2015  6 22  3 24    -7.01     3.72     5.16    -354.1     33.38     -3.93     9.890      83159    0    0    0    0    0
2015  6 22  3 25    -7.15     3.78     4.78    -353.2     31.82     -2.69     9.803      83555    0    0    0    0    0
2015  6 22  3 26    -7.42     3.34     4.07    -352.3     30.48     -1.45     9.699      83743    0    0    0    0    0
2015  6 22  3 27    -7.71     2.57     3.48    -351.3     31.08     -1.17     9.616      85022    0    0    0    0    0
2015  6 22  3 28    -7.87     2.69     3.22    -350.4     32.62     -0.77     9.534      88912    0    0    0    0    0
2015  6 22  3 29    -7.88     3.73     3.10    -350.1     33.18     -0.13     9.464      92732    0    0    0    0    0
2015  6 22  3 30    -7.95     3.74     3.09    -349.7     32.45      3.00     9.259      92704    0    0    0    0    0
2015  6 22  3 31    -8.03     3.91     2.81    -349.3     31.71      3.89     9.116      92148    0    0    0    0    0
2015  6 22  3 32    -7.75     4.52     2.82    -349.4     28.55      4.58    10.407      85358    0    0    0    0    0
2015  6 22  3 33    -6.75     5.97     3.03    -349.1     25.70      4.09    10.635      75389    0    0    0    0    0
2015  6 22  3 34    -6.36     6.35     2.84    -350.5     25.88      5.19    10.838      73069    0    0    0    0    0
2015  6 22  3 35    -6.65     6.18     2.37    -350.1     26.13      6.25    10.708      73553    0    0    0    0    0
2015  6 22  3 36    -6.98     6.01     2.21    -349.1     26.41      6.75     9.989      77181    0    0    0    0    0
2015  6 22  3 37    -7.05     5.96     2.04    -348.2     27.36      7.08    11.009      77363    0    0    0    0    0
2015  6 22  3 38    -6.97     6.02     2.02    -348.1     27.55      7.82    11.250      73304    0    0    0    0    0
2015  6 22  3 39    -6.94     5.97     1.83    -348.9     27.08      9.06    11.250      72355    0    0    0    0    0
2015  6 22  3 40    -6.97     5.95     1.66    -349.1     26.86      9.71    11.216      75331    0    0    0    0    0
2015  6 22  3 41    -7.03     5.90     1.65    -348.9     26.69      9.71    11.079      77301    0    0    0    0    0
2015  6 22  3 42    -6.94     5.96     1.58    -349.2     25.52      8.45    11.077      77460    0    0    0    0    0
2015  6 22  3 43    -6.74     6.18     1.72    -349.3     24.93      8.46    11.137      73871    0    0    0    0    0
2015  6 22  3 44    -6.60     6.23     1.63    -349.6     23.45     10.11    11.120      72266    0    0    0    0    0
2015  6 22  3 45    -6.49     6.51     0.91    -350.7     21.65     13.20    10.783      72332    0    0    0    0    0
2015  6 22  3 46    -6.49     6.66     0.48    -351.7     20.52     13.89     9.998      74553    0    0    0    0    0
2015  6 22  3 47    -6.58     6.56     0.50    -351.6     20.73     13.77    10.174      78602    0    0    0    0    0
2015  6 22  3 48    -6.67     6.51     0.64    -352.1     20.64     13.12    10.221      79033    0    0    0    0    0
2015  6 22  3 49    -6.56     6.65     0.75    -352.6     20.28     13.29    10.157      78100    0    0    0    0    0
2015  6 22  3 50    -6.49     6.70     0.85    -352.8     20.30     12.95     9.983      76777    0    0    0    0    0
2015  6 22  3 51    -6.61     6.55     0.90    -352.8     21.03     12.62     9.872      76492    0    0    0    0    0
2015  6 22  3 52    -6.79     6.37     0.91    -352.7     21.47     12.30     9.856      76492    0    0    0    0    0
2015  6 22  3 53    -6.86     6.37     0.79    -352.4     21.47     12.03     9.891      76825    0    0    0    0    0
2015  6 22  3 54    -6.89     6.34     0.40    -351.8     21.33     12.16     9.945      77227    0    0    0    0    0
2015  6 22  3 55    -6.90     6.36    -0.02    -351.1     21.28     12.13     9.918      77487    0    0    0    0    0
2015  6 22  3 56    -6.77     6.62     0.21    -351.6     20.94     11.52     9.783      78267    0    0    0    0    0
2015  6 22  3 57    -6.55     6.89     0.86    -352.9     20.22     10.54     9.656      77542    0    0    0    0    0
2015  6 22  3 58    -6.60     6.75     1.07    -352.7     20.00     10.76     9.632      76841    0    0    0    0    0
2015  6 22  3 59    -6.67     6.27     1.60    -352.5     21.81     10.06     9.574      77087    0    0    0    0    0
2015  6 22  4  0    -6.67     5.86     2.16    -352.5     23.84      8.46     9.483      77379    0    0    0    0    0
2015  6 22  4  1    -6.68     5.97     1.97    -353.0     23.87      7.76     9.428      75266    0    0    0    0    0
2015  6 22  4  2    -6.71     6.08     1.75    -352.3     24.39      8.97     9.372      73379    0    0    0    0    0
2015  6 22  4  3    -6.80     6.04     1.57    -350.6     25.11     10.67     9.304      73758    0    0    0    0    0
2015  6 22  4  4    -7.05     5.77     1.14    -349.6     25.05     11.37     9.224      75524    0    0    0    0    0
2015  6 22  4  5    -7.01     5.82     0.65    -348.6     26.05     13.21     9.223      77894    0    0    0    0    0
2015  6 22  4  6    -7.04     5.72     0.60    -348.2     26.68      9.00     9.188      78210    0    0    0    0    0
2015  6 22  4  7    -6.98     5.34     2.58    -348.5     27.68      2.28     8.830      75852    0    0    0    0    0
2015  6 22  4  8    -6.86     5.24     3.05    -349.8     25.78      1.25     8.772      71627    0    0    0    0    0
2015  6 22  4  9    -6.33     5.11     3.49    -351.5     24.57      1.88     8.905      68039    0    0    0    0    0
2015  6 22  4 10    -6.03     5.25     3.41    -352.1     22.96      2.76     9.012      67615    0    0    0    0    0
2015  6 22  4 11    -5.95     5.39     3.20    -351.9     22.71      3.05     9.008      66572    0    0    0    0    0
2015  6 22  4 12    -5.95     5.44     3.00    -351.3     22.73      3.34     8.823      64757    0    0    0    0    0
2015  6 22  4 13    -6.03     5.53     2.73    -350.7     23.04      3.62     8.799      64820    0    0    0    0    0
2015  6 22  4 14    -6.08     5.59     2.66    -350.7     22.81      3.21     8.788      65556    0    0    0    0    0
2015  6 22  4 15    -6.07     5.70     2.55    -351.6     22.03      0.64     8.964      69080    0    0    0    0    0
2015  6 22  4 16    -5.87     5.73     3.05    -352.9     22.70     -2.06     9.149      72196    0    0    0    0    0
2015  6 22  4 17    -5.68     5.60     3.57    -352.7     23.26     -3.20     9.207      72171    0    0    0    0    0
2015  6 22  4 18    -5.60     5.54     3.77    -351.8     23.75     -3.30     9.165      70685    0    0    0    0    0
2015  6 22  4 19    -5.67     5.46     3.79    -350.6     24.24     -2.98     9.080      67999    0    0    0    0    0
2015  6 22  4 20    -5.91     5.28     3.66    -349.1     24.39     -2.94     9.392      67999    0    0    0    0    0
2015  6 22  4 21    -6.24     5.17     3.17    -347.9     24.41     -3.72     8.569      70769    0    0    0    0    0
2015  6 22  4 22    -6.56     5.17     2.98    -348.3     24.41     -5.48     8.465      75978    0    0    0    0    0
2015  6 22  4 23    -5.54     5.11     3.43    -356.4     29.32     -6.42     9.524      86793    0    0    0    0    0
2015  6 22  4 24    -5.04     5.23     3.24    -356.7     28.82     -4.82     9.781      90403    0    0    0    0    0
2015  6 22  4 25    -5.32     5.68     3.53    -356.9     28.76     -7.17    10.008      90095    0    0    0    0    0
2015  6 22  4 26    -5.42     5.40     3.60    -356.9     27.97     -8.65     9.980      87200    0    0    0    0    0
2015  6 22  4 27    -5.39     5.12     3.74    -356.7     27.10     -9.93     9.641      85622    0    0    0    0    0
2015  6 22  4 28    -5.23     5.18     3.75    -355.6     24.29     -9.68     9.098      80128    0    0    0    0    0
2015  6 22  4 29    -5.16     5.19     3.57    -353.3     23.20     -9.70     8.807      76173    0    0    0    0    0
2015  6 22  4 30    -5.39     5.16     3.36    -351.4     22.70     -9.97     8.608      73587    0    0    0    0    0
2015  6 22  4 31    -6.04     5.10     3.19    -351.1     23.30    -10.90     8.545      73806    0    0    0    0    0
2015  6 22  4 32    -6.13     5.01     3.18    -351.1     24.09    -11.65     8.494      75873    0    0    0    0    0
2015  6 22  4 33    -6.18     4.79     3.23    -351.7     23.58    -10.84     8.533      80047    0    0    0    0    0
2015  6 22  4 34    -6.30     4.46     3.32    -351.1     23.76    -11.23     8.673      80060    0    0    0    0    0
2015  6 22  4 35    -6.33     4.38     3.36    -350.1     23.95    -12.35     8.875      80027    0    0    0    0    0
2015  6 22  4 36    -5.96     4.34     3.82    -350.8     24.85    -14.44     8.704      79234    0    0    0    0    0
2015  6 22  4 37    -5.37     4.14     4.71    -352.0     26.07    -13.62     8.427      75013    0    0    0    0    0
2015  6 22  4 38    -5.29     4.11     4.79    -351.7     26.49    -11.08     8.186      72567    0    0    0    0    0
2015  6 22  4 39    -5.25     4.09     4.58    -351.1     26.51     -7.93     7.980      70329    0    0    0    0    0
2015  6 22  4 40    -5.32     3.95     4.16    -351.0     27.08     -5.56     7.759      66038    0    0    0    0    0
2015  6 22  4 41    -5.78     4.06     3.80    -351.1     27.46     -5.43     7.735      67515    0    0    0    0    0
2015  6 22  4 42    -6.34     4.24     3.16    -350.6     27.52     -5.10     7.830      74420    0    0    0    0    0
2015  6 22  4 43    -6.88     4.47     2.35    -350.7     26.71     -5.24     8.245      87306    0    0    0    0    0
2015  6 22  4 44    -7.08     4.54     1.95    -349.7     26.11     -5.64     8.416      87287    0    0    0    0    0
2015  6 22  4 45    -7.14     4.54     1.53    -347.7     26.14     -5.36     8.410      86998    0    0    0    0    0
2015  6 22  4 46    -7.16     4.52     0.56    -346.9     26.42     -5.42     8.462      86891    0    0    0    0    0
2015  6 22  4 47    -6.84     4.32     0.15    -347.0     26.57     -4.32     8.495      86891    0    0    0    0    0
2015  6 22  4 48    -6.61     4.18     0.08    -347.8     25.55     -2.62     9.339      84668    0    0    0    0    0
2015  6 22  4 49    -6.39     3.97    -0.67    -348.1     25.62     -0.30     9.717      84002    0    0    0    0    0
2015  6 22  4 50    -6.35     3.62    -1.22    -348.4     29.50      4.62    10.530      86038    0    0    0    0    0
2015  6 22  4 51    -6.36     3.22    -1.19    -348.4     32.69      2.94    10.754      89688    0    0    0    0    0
2015  6 22  4 52    -6.46     3.07    -1.03    -348.3     33.70      1.62    10.708      90268    0    0    0    0    0
2015  6 22  4 53    -6.52     3.05    -0.99    -348.0     34.41      0.47    10.441      90281    0    0    0    0    0
2015  6 22  4 54    -6.66     2.98    -0.83    -347.0     33.87      0.47    10.342      87893    0    0    0    0    0
2015  6 22  4 55    -6.80     3.01    -0.74    -346.4     33.45      0.93    10.143      83420    0    0    0    0    0
2015  6 22  4 56    -6.90     3.09    -0.63    -346.1     33.57      2.08     9.983      79978    0    0    0    0    0
2015  6 22  4 57    -7.00     3.10    -0.59    -345.8     33.68      3.13     9.983      79133    0    0    0    0    0
2015  6 22  4 58    -7.15     2.98    -0.70    -345.5     34.56      3.08     9.985      79210    0    0    0    0    0
2015  6 22  4 59    -7.20     2.60    -0.75    -346.8     36.06      0.49    10.025      84652    0    0    0    0    0
2015  6 22  5  0    -5.59     2.83    -0.43    -353.5     39.15     -3.01     9.739      93684    0    0    0    0    0
2015  6 22  5  1    -5.74     2.29    -0.19    -355.6     42.48     -2.60    10.021      96340    0    0    0    0    0
2015  6 22  5  2    -5.33     2.13    -0.04    -355.2     43.19     -3.05     9.994      96597    0    0    0    0    0
2015  6 22  5  3    -5.24     2.12    -0.04    -354.0     39.67     -3.38    10.116      94323    0    0    0    0    0
2015  6 22  5  4    -5.45     2.09    -0.86    -354.2     33.20     -2.69    10.131      92627    0    0    0    0    0
2015  6 22  5  5    -5.54     3.14    -2.81    -353.6     26.76      9.07    10.164      92388    0    0    0    0    0
2015  6 22  5  6    -5.60     4.21    -3.67    -352.9     23.93     15.85    10.385      92388    0    0    0    0    0
2015  6 22  5  7    -5.71     4.69    -3.38    -352.2     23.93     15.05    10.529      92186    0    0    0    0    0
2015  6 22  5  8    -5.81     4.87    -3.00    -351.4     24.22     13.54    10.403      91896    0    0    0    0    0
2015  6 22  5  9    -5.87     4.96    -2.72    -351.6     24.41     11.52    10.158      91896    0    0    0    0    0
2015  6 22  5 10    -6.00     4.77    -2.51    -351.4     24.58      9.46    10.040      91896    0    0    0    0    0
2015  6 22  5 11    -6.23     4.48    -2.32    -350.1     25.35      9.24     9.914      91113    0    0    0    0    0
2015  6 22  5 12    -6.40     4.43    -2.23    -348.2     26.27      9.59     9.894      86417    0    0    0    0    0
2015  6 22  5 13    -6.50     4.40    -2.13    -347.2     27.95     10.14     9.750      85243    0    0    0    0    0
2015  6 22  5 14    -6.75     4.10    -2.21    -346.8     27.71      9.50     9.617      85681    0    0    0    0    0
2015  6 22  5 15    -6.87     4.20    -1.95    -347.9     27.02      6.87     9.581      94733    0    0    0    0    0
2015  6 22  5 16    -6.49     4.57    -1.46    -355.2     35.32      5.33     9.800     100235    0    0    0    0    0
2015  6 22  5 17    -6.33     4.37    -1.48    -354.9     35.83      5.56     9.946      95716    0    0    0    0    0
2015  6 22  5 18    -6.14     4.09    -2.36    -354.5     32.15      6.97     9.637      89741    0    0    0    0    0
2015  6 22  5 19    -5.76     3.81    -2.79    -354.0     30.87      9.27     9.376      88092    0    0    0    0    0
2015  6 22  5 20    -4.43     3.13    -5.16    -360.1     37.89     21.21    10.016      94391    0    0    0    0    0
2015  6 22  5 21    -4.54     2.90    -5.18    -359.6     38.26     18.90     9.876      94812    0    0    0    0    0
2015  6 22  5 22    -4.75     2.86    -4.72    -358.7     37.22     16.17     9.682      97789    0    0    0    0    0
2015  6 22  5 23    -4.95     2.88    -4.13    -357.8     35.55     16.07     9.605     103442    0    0    0    0    0
2015  6 22  5 24    -5.59     3.22    -3.37    -357.3     36.11     16.39     9.597     107365    0    0    0    0    0
2015  6 22  5 25    -5.52     3.61    -2.63    -357.0     34.13     13.24     9.491     109598    0    0    0    0    0
2015  6 22  5 26    -5.75     3.78    -2.09    -357.1     33.56     12.23     8.839     116084    0    0    0    0    0
2015  6 22  5 27    -5.11     3.82    -1.91    -357.7     32.81     11.27     8.218     116437    0    0    0    0    0
2015  6 22  5 28    -3.47     3.94    -2.97    -357.0     32.68     11.28     9.108     116209    0    0    0    0    0
2015  6 22  5 29    -3.31     4.10    -3.11    -355.1     32.77     10.76     9.308     114691    0    0    0    0    0
2015  6 22  5 30    -0.72     3.57    -5.49    -364.3     35.58     24.19    10.058      95050    0    0    0    0    0
2015  6 22  5 31    -0.57     3.52    -5.77    -365.3     34.70     24.81    10.477      85500    0    0    0    0    0
2015  6 22  5 32    -1.57     3.80    -5.66    -364.3     33.53     25.49    10.761      85359    0    0    0    0    0
2015  6 22  5 33    -2.82     4.22    -5.04    -362.6     31.71     24.59    10.897      85359    0    0    0    0    0
2015  6 22  5 34    -3.59     4.59    -4.39    -360.9     29.95     23.27    10.669      87007    0    0    0    0    0
2015  6 22  5 35    -3.95     4.76    -4.01    -359.5     28.31     19.02    10.494      89461    0    0    0    0    0
2015  6 22  5 36    -3.98     5.00    -2.86    -358.7     27.13     13.43    10.383      91303    0    0    0    0    0
2015  6 22  5 37    -3.90     5.40    -0.97    -358.2     26.57     10.80    10.250      90851    0    0    0    0    0
2015  6 22  5 38    -3.80     5.38    -1.13    -357.1     26.01     10.57    10.153      89652    0    0    0    0    0
2015  6 22  5 39    -4.03     5.25    -1.75    -357.1     25.77      9.58    10.044      90148    0    0    0    0    0
2015  6 22  5 40    -4.71     4.52    -0.87    -357.0     28.13      5.00     9.831      93757    0    0    0    0    0
2015  6 22  5 41    -5.94     3.51     0.98    -355.2     32.88      2.18     9.656      93757    0    0    0    0    0
2015  6 22  5 42    -6.36     2.84     1.18    -353.7     33.71      3.30     9.616      93129    0    0    0    0    0
2015  6 22  5 43    -6.51     2.58     0.98    -352.7     34.41      4.22     9.763      92770    0    0    0    0    0
2015  6 22  5 44    -6.52     2.77     0.46    -352.7     35.18      4.21     9.978      92872    0    0    0    0    0
2015  6 22  5 45    -6.02     3.59    -0.15    -358.6     32.14      4.46    10.503      97184    0    0    0    0    0
2015  6 22  5 46    -4.65     4.41    -0.27    -361.5     30.58      5.12    10.201      99285    0    0    0    0    0
2015  6 22  5 47    -4.22     4.76    -0.39    -361.8     31.37      6.90    11.110      98686    0    0    0    0    0
2015  6 22  5 48    -4.17     3.83    -1.60    -362.0     31.91      8.70    11.336      98513    0    0    0    0    0
2015  6 22  5 49    -6.83     9.57     0.14    -421.4      2.57      7.59    17.776     144989    0    0    0    0    0
2015  6 22  5 50    -7.12     9.67    -0.25    -423.9      2.74      9.51    19.556     145601    0    0    0    0    0
2015  6 22  5 51    -6.88     9.63    -1.57    -422.7      2.37      9.81    20.694     146094    0    0    0    0    0
2015  6 22  5 52    -6.92     9.18    -1.77    -422.7      0.72      9.38    22.375     148035    0    0    0    0    0
2015  6 22  5 53    -7.45     9.20    -0.50    -417.6     -0.77     -0.41    22.380     148408    0    0    0    0    0
2015  6 22  5 54    -8.64     9.38     1.63    -414.9     -3.13     -4.26    22.403     152402    0    0    0    0    0
2015  6 22  5 55    -9.83     9.57     3.76    -412.1     -5.50     -8.11    22.427     156396    0    0    0    0    0
2015  6 22  5 56    -9.93    10.10     5.70    -413.1     -5.84     -1.95    23.419     168442    0    0    0    0    0
2015  6 22  5 57    -9.59    10.10     4.61    -412.7     -3.11     -1.97    23.986     170472    0    0    0    0    0
2015  6 22  5 58    -9.83     9.70     4.41    -412.1     -1.73      0.91    24.238     170632    0    0    0    0    0
2015  6 22  5 59    -9.89     9.92     3.76    -411.7     -2.50      4.50    24.318     171396    0    0    0    0    0
2015  6 22  6  0   -10.07    10.66     4.01    -410.7     -3.45      4.15    24.036     171367    0    0    0    0    0
2015  6 22  6  1    -9.74    11.02     4.12    -409.1     -4.42      3.87    24.389     171324    0    0    0    0    0
2015  6 22  6  2    -9.97    11.15     3.49    -408.2     -5.37      4.03    25.118     167383    0    0    0    0    0
2015  6 22  6  3   -10.36    11.20     2.50    -408.2     -5.87      5.15    25.592     158871    0    0    0    0    0
2015  6 22  6  4   -10.10    10.30     1.62    -413.0     -0.66     10.59    25.651     154555    0    0    0    0    0
2015  6 22  6  5    -9.15     9.76    -3.36    -414.3     -0.33     17.24    25.771     160991    0    0    0    0    0
2015  6 22  6  6    -8.13     9.01    -4.83    -413.2     -2.10     16.72    25.453     162904    0    0    0    0    0
2015  6 22  6  7    -7.88     9.12    -4.77    -413.5     -5.82     12.63    23.347     164446    0    0    0    0    0
2015  6 22  6  8    -7.67     9.45    -4.59    -411.7     -8.84      8.55    23.412     164446    0    0    0    0    0
2015  6 22  6  9    -8.78    10.39    -4.18    -409.7    -10.36      7.25    22.934     157176    0    0    0    0    0
2015  6 22  6 10    -9.46    11.11    -3.25    -408.3     -9.92      7.56    22.895     151224    0    0    0    0    0
2015  6 22  6 11    -9.45    11.39    -2.74    -408.1     -8.54      9.37    23.124     148978    0    0    0    0    0
2015  6 22  6 12    -8.95    10.76    -3.77    -410.3     -6.50     11.84    23.293     160789    0    0    0    0    0
2015  6 22  6 13    -8.17     9.69    -4.74    -411.3     -3.69     12.98    24.706     165831    0    0    0    0    0
2015  6 22  6 14    -6.13     7.84    -8.90    -411.7     -0.79     15.74    25.587     165959    0    0    0    0    0
2015  6 22  6 15    -5.00     6.93   -10.66    -418.3      2.05     22.10    26.791     155963    0    0    0    0    0
2015  6 22  6 16    -4.78     6.74   -11.16    -416.8     -0.53     22.47    27.334     157554    0    0    0    0    0
2015  6 22  6 17    -4.92     6.81   -10.93    -414.5     -3.84     22.86    27.561     160606    0    0    0    0    0
2015  6 22  6 18    -5.61     7.32    -9.73    -412.6     -3.42     23.47    27.533     164636    0    0    0    0    0
2015  6 22  6 19    -5.82     7.34    -9.09    -411.0     -3.40     25.18    25.894     170714    0    0    0    0    0
2015  6 22  6 20    -5.83     6.83    -9.07    -410.5     -1.11     26.49    25.362     176514    0    0    0    0    0
2015  6 22  6 21    -5.65     7.11    -9.17    -411.9     -2.98     26.51    27.198     179812    0    0    0    0    0
2015  6 22  6 22    -5.54     7.10    -8.53    -413.1     -3.41     25.83    28.206     180001    0    0    0    0    0
2015  6 22  6 23    -6.56     8.36    -7.31    -413.1     -3.94     24.05    28.221     176586    0    0    0    0    0
2015  6 22  6 24    -6.58     8.55    -6.91    -412.2     -4.36     24.01    28.432     166413    0    0    0    0    0
2015  6 22  6 25    -7.15     8.62    -6.25    -411.5     -4.10     23.80    28.460     165566    0    0    0    0    0
2015  6 22  6 26    -7.28     8.59    -6.07    -410.9     -4.05     23.45    28.050     166286    0    0    0    0    0
2015  6 22  6 27    -7.13     8.78    -6.51    -412.1     -3.88     22.81    27.928     168516    0    0    0    0    0
2015  6 22  6 28    -7.11     8.92    -6.18    -413.2     -3.93     23.25    28.399     171795    0    0    0    0    0
2015  6 22  6 29    -8.01     9.46    -4.91    -413.7     -5.20     23.06    28.134     172531    0    0    0    0    0
2015  6 22  6 30    -8.28    10.27    -3.89    -413.8     -8.77     20.34    26.028     172260    0    0    0    0    0
2015  6 22  6 31    -8.14    10.80    -3.73    -414.9     -8.83     20.23    26.013     166445    0    0    0    0    0
2015  6 22  6 32    -7.69    11.42    -3.93    -415.7     -9.09     21.87    25.958     153711    0    0    0    0    0
2015  6 22  6 33    -7.74    11.70    -4.58    -414.9     -9.78     23.73    25.854     151417    0    0    0    0    0
2015  6 22  6 34    -7.87    11.06    -6.01    -413.3    -11.79     26.81    25.556     151114    0    0    0    0    0
2015  6 22  6 35    -7.88    11.12    -6.07    -412.5    -12.69     27.15    25.437     150582    0    0    0    0    0
2015  6 22  6 36    -7.72    11.16    -6.03    -415.0    -12.46     25.98    26.036     140150    0    0    0    0    0
2015  6 22  6 37    -7.75    11.38    -5.64    -414.2    -11.96     26.13    28.142     131443    0    0    0    0    0
2015  6 22  6 38    -8.44    12.18    -4.46    -413.6    -10.94     26.73    28.436     129392    0    0    0    0    0
2015  6 22  6 39    -8.86    12.26    -3.74    -413.5     -9.24     31.17    30.579     129564    0    0    0    0    0
2015  6 22  6 40    -8.77    12.29    -3.78    -414.5     -8.84     29.72    30.425     133107    0    0    0    0    0
2015  6 22  6 41    -8.70    12.48    -2.59    -416.5     -9.52     24.68    28.244     139658    0    0    0    0    0
2015  6 22  6 42    -8.52    11.95    -2.60    -416.4    -10.25     20.92    25.474     138267    0    0    0    0    0
2015  6 22  6 43    -8.48    10.90    -3.79    -415.0     -9.89     21.23    25.035     133598    0    0    0    0    0
2015  6 22  6 44    -8.65    10.97    -3.79    -413.8     -9.96     22.38    24.950     125788    0    0    0    0    0
2015  6 22  6 45    -9.60    11.88    -3.71    -412.6    -10.66     24.16    24.939     125788    0    0    0    0    0
2015  6 22  6 46    -9.65    11.92    -3.72    -411.7     -8.90     24.76    25.257     130910    0    0    0    0    0
2015  6 22  6 47    -9.58    12.03    -3.54    -410.8     -8.54     24.64    25.301     132008    0    0    0    0    0
2015  6 22  6 48    -9.56    11.97    -2.93    -409.9     -9.36     20.74    25.179     132125    0    0    0    0    0
2015  6 22  6 49    -9.77    11.90    -1.37    -408.9     -9.97     16.18    24.797     132125    0    0    0    0    0
2015  6 22  6 50    -9.95    11.99     0.59    -409.4    -11.10     13.40    24.199     129886    0    0    0    0    0
2015  6 22  6 51    -9.88    11.95     1.41    -410.4    -11.74     12.44    23.694     128542    0    0    0    0    0
2015  6 22  6 52    -9.81    11.81     0.93    -410.5     -8.97     13.76    22.759     129093    0    0    0    0    0
2015  6 22  6 53    -9.79    11.56    -0.10    -412.2     -5.21     14.16    22.434     134961    0    0    0    0    0
2015  6 22  6 54    -8.32    10.25    -5.50    -414.3     -0.13     19.83    22.611     135736    0    0    0    0    0
2015  6 22  6 55    -7.92    10.28    -4.86    -414.4     -1.28     14.46    23.391     137732    0    0    0    0    0
2015  6 22  6 56    -7.85    10.50    -4.99    -415.4     -1.85     13.53    22.894     140352    0    0    0    0    0
2015  6 22  6 57    -7.80    10.69    -5.40    -415.6     -3.72     11.02    21.833     138807    0    0    0    0    0
2015  6 22  6 58    -7.81    10.57    -5.33    -414.7     -7.80      6.53    21.309     134906    0    0    0    0    0
2015  6 22  6 59    -7.82     9.93    -4.50    -414.5     -8.68      5.02    21.287     135213    0    0    0    0    0
2015  6 22  7  0    -8.05     8.67    -3.47    -414.8     -8.12      5.76    21.477     136709    0    0    0    0    0
2015  6 22  7  1    -7.94     8.99    -3.37    -414.7     -7.57      6.98    21.896     137586    0    0    0    0    0
2015  6 22  7  2    -7.79     9.68    -3.63    -415.3     -3.80      7.56    22.277     146479    0    0    0    0    0
2015  6 22  7  3    -7.61     9.72    -5.10    -416.9      6.41      8.09    23.446     168720    0    0    0    0    0
2015  6 22  7  4    -7.39     9.72    -6.87    -416.8      6.99      8.71    25.104     180124    0    0    0    0    0
2015  6 22  7  5    -7.02     9.49    -7.47    -417.9      8.66     12.86    25.778     191529    0    0    0    0    0
2015  6 22  7  6    -6.10     9.16    -8.83    -423.5     12.37     23.87    25.956     194186    0    0    0    0    0
2015  6 22  7  7    -4.69     9.01   -10.33    -427.5     11.72     20.21    24.622     181316    0    0    0    0    0
2015  6 22  7  8    -5.18    10.06    -7.63    -426.5      7.06     13.97    22.897     180716    0    0    0    0    0
2015  6 22  7  9    -5.92    11.39    -3.07    -425.1      3.62      6.60    21.453     181280    0    0    0    0    0
2015  6 22  7 10    -6.36    10.71    -0.29    -425.7      7.07      0.75    21.274     182861    0    0    0    1    1
2015  6 22  7 11    -6.28     9.41     0.15    -426.1     11.36      2.58    21.116     181889    0    0    0    1    1
2015  6 22  7 12    -6.22     8.70     0.23    -425.7     10.52      2.73    20.869     179260    0    0    0    1    1
2015  6 22  7 13    -6.23     8.31     0.16    -425.2      9.79      2.26    20.792     177360    0    0    0    1    1
2015  6 22  7 14    -6.08     7.69     0.35    -425.2     11.67      1.57    20.508     178541    0    0    0    1    1
2015  6 22  7 15    -5.70     6.82     0.77    -426.0     17.27      1.54    19.517     183041    0    0    0    2    1
2015  6 22  7 16    -5.20     6.23    -0.53    -428.9     21.55      3.23    19.126     186151    0    0    0    2    1
2015  6 22  7 17    -5.15     6.68    -2.33    -428.9     18.75      6.49    18.864     186721    0    0    0    2    1
2015  6 22  7 18    -5.26     7.30    -3.30    -426.8     13.69      8.67    18.678     188273    0    0    0    2    1
2015  6 22  7 19    -5.72     8.00    -3.40    -424.2      8.93      6.60    18.496     190351    0    0    0    1    1
2015  6 22  7 20    -7.48     9.09    -1.38    -421.0      7.35     -6.82    18.261     191112    0    0    0    1    1
2015  6 22  7 21    -8.06     9.57     2.78    -419.3      6.98    -11.73    17.831     201344    0    0    0    0    0
2015  6 22  7 22    -8.08     9.64     4.48    -419.6      8.03    -14.25    17.777     207364    0    0    0    0    0
2015  6 22  7 23    -6.33     9.80     4.50    -425.1      9.86    -14.09    19.760     207491    0    0    0    0    0
2015  6 22  7 24    -5.44     9.86     3.84    -425.5      9.77    -15.55    20.316     204138    0    0    0    0    0
2015  6 22  7 25    -5.38     9.93     3.42    -424.5      9.39    -17.96    21.267     197239    0    0    0    0    0
2015  6 22  7 26    -5.62     9.68     1.78    -424.9      9.98    -11.88    22.911     191733    0    0    0    0    0
2015  6 22  7 27    -5.57     9.35     0.61    -424.2     11.46     -5.28    23.268     185544    0    0    0    0    0
2015  6 22  7 28    -5.73     9.14     0.93    -425.7     15.81     -9.82    22.380     176415    0    0    0    0    0
2015  6 22  7 29    -5.95     9.45     2.00    -425.7     17.49    -12.87    21.927     176041    0    0    0    0    0
2015  6 22  7 30    -6.23     9.58     3.18    -424.6     17.38    -12.81    21.965     175078    0    0    0    0    0
2015  6 22  7 31    -6.57     9.35     4.39    -423.7     16.84    -13.57    22.068     174402    0    0    0    0    0
2015  6 22  7 32    -7.13     9.12     5.55    -422.6     15.21    -16.24    22.084     174363    0    0    0    0    0
2015  6 22  7 33    -7.06     9.49     6.21    -421.9     11.53    -19.56    21.995     172069    0    0    0    0    0
2015  6 22  7 34    -6.78     9.53     7.04    -422.8     12.26    -19.14    21.849     172105    0    0    0    1    1
2015  6 22  7 35    -5.82     8.39     7.71    -426.9     15.25    -17.12    20.573     176458    0    0    0    2    1
2015  6 22  7 36    -3.85     8.43     5.79    -432.3     21.64    -11.87    20.887     174679    0    0    0    1    1
2015  6 22  7 37    -4.22     9.31     4.61    -430.2     20.06    -10.81    20.740     174637    0    0    0    1    1
2015  6 22  7 38    -4.63     9.72     5.29    -427.8     18.06    -12.67    20.684     175116    0    0    0    1    1
2015  6 22  7 39    -5.01     9.81     6.34    -426.6     18.65    -15.55    20.861     178331    0    0    0    0    0
2015  6 22  7 40    -5.17     8.83     6.84    -427.9     21.77    -16.88    21.870     184267    0    0    0    0    0
2015  6 22  7 41    -5.01     7.95     6.82    -427.5     22.30    -16.72    21.721     189180    0    0    0    0    0
2015  6 22  7 42    -4.85     7.74     6.60    -425.6     22.72    -16.36    20.638     192381    0    0    0    0    0
2015  6 22  7 43    -4.87     7.53     6.76    -423.4     23.24    -15.82    19.884     192381    0    0    0    0    0
2015  6 22  7 44    -5.07     7.88     6.77    -422.9     24.30    -14.46    19.286     192146    0    0    0    0    0
2015  6 22  7 45    -5.47     8.18     6.69    -422.4     24.10    -12.85    19.286     187457    0    0    0    0    0
2015  6 22  7 46    -6.11     8.93     6.19    -422.0     23.64    -11.01    19.205     187137    0    0    0    0    0
2015  6 22  7 47    -6.78     9.17     5.68    -421.9     22.51     -8.96    18.918     186860    0    0    0    0    0
2015  6 22  7 48    -6.82     9.60     4.90    -422.0     19.87     -8.10    18.755     185921    0    0    0    0    0
2015  6 22  7 49    -6.77     9.76     4.54    -422.7     18.14     -6.93    18.872     183601    0    0    0    0    0
2015  6 22  7 50    -6.88     9.83     4.40    -422.3     18.35     -6.66    19.142     181780    0    0    0    0    0
2015  6 22  7 51    -7.42    10.16     3.57    -421.8     19.31     -5.36    19.147     181750    0    0    0    0    0
2015  6 22  7 52    -7.51    10.31     2.51    -420.9     18.88     -3.50    19.286     183212    0    0    0    0    0
2015  6 22  7 53    -6.67    10.43     0.55    -420.3     16.22     -0.41    19.916     183504    0    0    0    0    0
2015  6 22  7 54    -6.52    10.65    -0.30    -418.6     15.17      0.90    20.375     181749    0    0    0    0    0
2015  6 22  7 55    -6.60    10.80    -0.67    -417.3     15.91      1.72    20.497     177336    0    0    0    0    0
2015  6 22  7 56    -6.35    10.98    -0.86    -418.4     17.32      3.69    20.590     172572    0    0    0    0    0
2015  6 22  7 57    -5.80    11.25    -0.85    -419.4     17.37      5.07    21.602     169360    0    0    0    0    0
2015  6 22  7 58    -5.15    11.53    -0.88    -420.1     16.45      6.01    22.495     166678    0    0    0    0    0
2015  6 22  7 59    -4.23    11.56    -1.29    -421.9     16.02      7.87    22.838     162858    0    0    0    0    0
2015  6 22  8  0    -3.69    11.12    -1.91    -422.9     16.01      9.06    22.812     162224    0    0    0    0    0
2015  6 22  8  1    -2.33    11.42    -2.75    -425.2     14.94      8.56    22.778     162879    0    0    0    0    0
2015  6 22  8  2    -0.50    12.50    -3.26    -427.3     14.47      7.39    22.414     167855    0    0    0    0    0
2015  6 22  8  3     0.04    13.07    -3.42    -428.2     14.92      7.95    22.096     171284    0    0    0    0    0
2015  6 22  8  4     0.24    13.32    -3.58    -427.7     15.76      9.59    22.070     167016    0    0    0    0    0
2015  6 22  8  5    -0.07    13.34    -3.68    -426.3     16.17     10.47    22.198     162761    0    0    0    0    0
2015  6 22  8  6    -0.70    13.31    -3.82    -424.5     16.04     10.48    22.285     161510    0    0    0    0    0
2015  6 22  8  7    -1.29    13.30    -3.88    -423.3     15.44     10.26    22.275     158596    0    0    0    0    0
2015  6 22  8  8    -2.53    13.12    -3.99    -422.7     14.61     10.63    22.328     155511    0    0    0    0    0
2015  6 22  8  9    -2.69    12.98    -4.39    -422.0     14.91     12.38    23.623     154859    0    0    0    0    0
2015  6 22  8 10    -3.00    12.99    -5.33    -421.0     14.91     13.37    22.972     154816    0    0    0    0    0
2015  6 22  8 11    -3.29    12.93    -5.68    -420.7     14.35     13.35    22.636     161891    0    0    0    0    0
2015  6 22  8 12    -3.65    12.70    -5.82    -420.7     13.00     13.73    22.647     170660    0    0    0    0    0
2015  6 22  8 13    -3.51    12.09    -6.68    -421.4     13.11     15.76    22.656     172920    0    0    0    0    0
2015  6 22  8 14    -2.46    11.52    -8.47    -422.5     15.48     18.98    22.722     172999    0    0    0    0    0
2015  6 22  8 15    -1.91    10.92    -8.74    -423.0     17.60     18.24    22.884     164709    0    0    0    0    0
2015  6 22  8 16    -1.54    10.62    -9.10    -423.9     17.71     17.06    22.578     160197    0    0    0    0    0
2015  6 22  8 17    -1.22    10.33    -9.50    -423.5     17.50     17.15    22.085     160469    0    0    0    0    0
2015  6 22  8 18    -1.55    10.09    -9.75    -422.2     17.13     17.08    22.107     162802    0    0    0    0    0
2015  6 22  8 19    -2.27    10.16    -9.21    -420.0     16.99     17.62    23.231     166137    0    0    0    0    0
2015  6 22  8 20    -2.40    10.08    -9.02    -417.9     16.29     17.60    23.329     167260    0    0    0    0    0
2015  6 22  8 21    -2.23     9.97    -9.02    -416.7     13.71     17.06    23.036     163019    0    0    0    0    0
2015  6 22  8 22    -1.65     9.51    -9.24    -416.2     10.49     16.54    22.509     155686    0    0    0    0    0
2015  6 22  8 23    -0.70     8.60    -9.69    -415.8     11.01     16.85    21.616     153826    0    0    0    0    0
2015  6 22  8 24    -0.87     7.92    -9.93    -418.5     16.17     17.52    21.902     156731    0    0    0    0    0
2015  6 22  8 25    -1.45     4.67   -11.85    -422.5     24.91     17.36    22.499     171270    0    0    0    0    0
2015  6 22  8 26    -0.58     3.69   -11.88    -422.3     27.06     17.34    22.395     176597    0    0    0    0    0
2015  6 22  8 27    -0.03     3.88   -11.98    -421.0     27.16     18.05    22.241     176686    0    0    0    0    0
2015  6 22  8 28     0.05     3.65   -11.95    -419.8     27.63     19.50    22.180     173425    0    0    0    0    0
2015  6 22  8 29    -1.00     3.70   -11.58    -419.1     28.41     22.12    22.401     172227    0    0    0    0    0
2015  6 22  8 30    -3.67     4.17    -8.98    -419.8     29.88     20.48    21.014     176556    0    0    0    0    0
2015  6 22  8 31    -6.61     4.62    -4.65    -419.8     27.59     17.08    19.982     180906    0    0    0    0    0
2015  6 22  8 32    -7.65     4.99    -3.06    -420.2     27.19     16.07    19.606     189415    0    0    0    0    0
2015  6 22  8 33    -6.15     4.89    -2.89    -423.2     32.62     16.36    19.549     194902    0    0    0    0    0
2015  6 22  8 34    -5.33     3.53    -3.06    -425.6     35.47     17.47    19.855     193471    0    0    0    0    0
2015  6 22  8 35    -5.36     3.83    -3.52    -424.6     35.41     18.84    20.052     190392    0    0    0    0    0
2015  6 22  8 36    -5.54     4.43    -4.14    -422.5     33.99     21.04    20.424     190392    0    0    0    0    0
2015  6 22  8 37    -5.53     6.06    -3.75    -420.6     30.89     21.65    20.672     194839    0    0    0    0    0
2015  6 22  8 38    -5.38     8.37    -0.99    -419.7     30.16     23.84    22.266     195951    0    0    0    0    0
2015  6 22  8 39    -4.96     9.06    -0.67    -419.8     30.99     26.84    23.380     194237    0    0    0    0    0
2015  6 22  8 40    -4.84     8.14    -0.91    -419.6     33.43     28.71    22.997     193584    0    0    0    0    0
2015  6 22  8 41    -4.85     4.51    -3.63    -419.2     34.27     30.27    22.693     193800    0    0    0    0    0
2015  6 22  8 42    -5.19     2.77    -5.04    -417.9     35.26     30.98    22.808     196182    0    0    0    0    0
2015  6 22  8 43    -5.82     3.37    -4.74    -416.1     36.69     31.90    23.828     198224    0    0    0    0    0
2015  6 22  8 44    -6.56     4.95    -3.97    -414.3     37.66     33.57    25.736     197958    0    0    0    0    0
2015  6 22  8 45    -7.05     6.12    -3.52    -413.6     36.99     34.09    26.287     195949    0    0    0    0    0
2015  6 22  8 46    -7.20     6.13    -3.71    -412.6     36.85     34.68    25.605     191362    0    0    0    0    0
2015  6 22  8 47    -7.58     6.58    -3.55    -410.6     33.23     34.40    24.485     189624    0    0    0    0    0
2015  6 22  8 48    -8.12     7.28    -3.32    -409.5     30.74     34.10    23.957     189104    0    0    0    0    0
2015  6 22  8 49    -8.47     7.66    -3.16    -409.6     30.29     33.90    24.106     192683    0    0    0    0    0
2015  6 22  8 50    -7.30     7.58    -4.25    -414.8     29.52     32.65    23.913     198120    0    0    0    0    0
2015  6 22  8 51    -6.82     7.47    -4.17    -415.9     27.61     27.82    22.082     201312    0    0    0    0    0
2015  6 22  8 52    -7.08     7.61    -2.62    -417.6     27.74     27.69    22.723     203911    0    0    0    0    0
2015  6 22  8 53    -7.53     7.21    -2.11    -419.8     29.51     26.70    22.643     206983    0    0    0    0    0
2015  6 22  8 54    -7.83     7.08    -2.14    -419.2     28.32     25.36    22.175     207351    0    0    0    0    0
2015  6 22  8 55    -8.11     7.54    -1.21    -418.2     27.35     24.17    22.067     205538    0    0    0    0    0
2015  6 22  8 56    -8.28     8.11    -0.49    -417.5     26.35     23.51    22.090     201075    0    0    0    0    0
2015  6 22  8 57    -8.25     8.32    -0.95    -416.4     24.96     23.92    22.592     196382    0    0    0    0    0
2015  6 22  8 58    -8.11     8.32    -1.94    -415.1     24.54     25.44    23.420     193891    0    0    0    0    0
2015  6 22  8 59    -7.75     8.27    -2.99    -416.0     25.08     27.75    23.763     194835    0    0    0    0    0
2015  6 22  9  0    -7.43     8.32    -2.86    -417.3     24.71     27.70    24.133     199991    0    0    0    0    0
2015  6 22  9  1    -7.20     8.61    -1.83    -418.2     24.63     26.56    23.639     203765    0    0    0    0    0
2015  6 22  9  2    -6.98     8.68    -0.12    -418.6     23.08     22.68    21.678     198187    0    0    0    0    0
2015  6 22  9  3    -6.47     8.34     1.51    -420.3     22.78     20.43    20.542     194414    0    0    0    0    0
2015  6 22  9  4    -5.07     6.46     3.74    -423.3     28.18     16.03    20.501     195695    0    0    0    1    1
2015  6 22  9  5    -4.28     6.81     3.84    -422.6     27.91     13.34    20.322     195596    0    0    0    1    1
2015  6 22  9  6    -4.18     6.90     4.00    -420.8     27.29     12.92    19.660     189681    0    0    0    1    1
2015  6 22  9  7    -4.94     6.87     4.27    -419.0     27.26     12.20    19.388     188400    0    0    0    1    1
2015  6 22  9  8    -5.64     6.48     4.43    -417.2     29.50     11.85    19.276     190360    0    0    0    1    1
2015  6 22  9  9    -6.31     5.80     4.75    -415.9     34.67     11.11    19.225     195805    0    0    0    1    1
2015  6 22  9 10    -7.16     5.28     5.17    -415.5     40.00      9.92    19.340     203460    0    0    0    1    1
2015  6 22  9 11    -7.26     5.88     4.10    -415.1     37.32     12.22    19.769     205905    0    0    0    1    1
2015  6 22  9 12    -6.71     7.37     2.20    -414.7     30.97     17.05    20.105     205414    0    0    0    0    0
2015  6 22  9 13    -6.94     7.45     1.30    -413.4     29.83     19.21    19.951     203253    0    0    0    0    0
2015  6 22  9 14    -6.72     6.97     0.99    -413.3     31.09     20.05    19.451     203141    0    0    0    0    0
2015  6 22  9 15    -6.91     6.20     2.13    -414.8     32.92     16.89    19.040     205465    0    0    0    0    0
2015  6 22  9 16    -6.27     4.98     5.96    -420.1     38.38      9.56    19.399     210145    0    0    0    0    0
2015  6 22  9 17    -3.63     4.18    10.00    -428.2     40.02      0.76    20.035     201759    0    0    0    0    0
2015  6 22  9 18    -3.65     4.32     9.46    -425.8     39.40      1.67    20.292     201702    0    0    0    0    0
2015  6 22  9 19    -3.91     4.39     8.66    -422.4     39.30      2.99    20.773     201702    0    0    0    0    0
2015  6 22  9 20    -5.60     4.28     5.54    -421.4     38.11      8.76    22.810     222916    0    0    0    0    0
2015  6 22  9 21    -5.82     4.39     4.93    -420.7     35.60     10.83    24.110     225792    0    0    0    0    0
2015  6 22  9 22    -5.96     5.47     4.12    -417.3     31.41     16.55    24.260     216562    0    0    0    0    0
2015  6 22  9 23    -6.14     6.71     3.10    -413.3     27.07     22.99    24.156     205602    0    0    0    0    0
2015  6 22  9 24    -6.15     6.55     1.20    -413.3     27.14     23.14    24.168     205599    0    0    0    0    0
2015  6 22  9 25    -4.41     5.78    -1.78    -413.9     29.24     21.68    24.559     206150    0    0    0    0    0
2015  6 22  9 26    -3.97     5.59    -1.73    -416.2     21.91      6.81    26.091     210829    0    0    0    0    0
2015  6 22  9 27    -3.91     5.92    -1.01    -417.0     20.31      6.04    26.413     215601    0    0    0    0    0
2015  6 22  9 28    -4.42     6.42    -0.02    -417.1     18.14      4.41    26.388     231847    0    0    0    0    0
2015  6 22  9 29    -4.90     6.94     0.22    -416.5     18.81      3.77    26.268     263978    0    1    1    0    1
2015  6 22  9 30    -4.87     7.51    -0.24    -414.8     20.44      4.04    26.070     302276    0    1    2    0    1
2015  6 22  9 31    -4.64     7.73    -0.36    -413.1     22.05      4.31    25.844     328530    0    1    1    0    1
2015  6 22  9 32    -4.68     6.07     0.30    -411.8     23.76      4.61    25.728     328530    0    1    1    0    1
2015  6 22  9 33    -5.17     5.18     0.89    -416.4     27.46     15.60    25.349     204439    0    0    0    0    0
2015  6 22  9 34    -5.78     6.20     0.31    -415.7     34.03     28.72    24.933     204580    0    0    0    0    0
2015  6 22  9 35    -6.17     7.42    -1.58    -415.4     32.02     32.64    24.737     206734    0    0    0    0    0
2015  6 22  9 36    -6.42     8.37    -2.36    -414.8     31.69     32.11    24.380     212684    0    0    0    0    0
2015  6 22  9 37    -6.71     8.35    -2.10    -414.3     31.28     32.74    23.470     216030    0    0    0    0    0
2015  6 22  9 38    -6.71     8.35    -2.13    -412.6     32.54     33.10    21.464     216030    0    0    0    0    0
2015  6 22  9 39    -6.15     7.40    -1.21    -412.6     32.86     26.70    19.677     215612    0    0    0    0    0
2015  6 22  9 40    -6.02     6.63     0.92    -413.1     34.40     25.80    19.014     214587    0    0    0    0    0
2015  6 22  9 41    -6.04     5.64     1.94    -414.5     35.30     27.06    18.499     211036    0    0    0    0    0
2015  6 22  9 42    -5.87     4.77     2.18    -414.9     36.38     27.00    17.069     201413    0    0    0    0    0
2015  6 22  9 43    -5.75     5.18     1.85    -414.7     37.66     26.87    17.100     199012    0    0    0    0    0
2015  6 22  9 44    -5.20     5.32     1.64    -415.2     38.61     26.26    17.749     193626    0    0    0    0    0
2015  6 22  9 45    -5.22     5.46     1.74    -415.3     38.96     25.63    18.631     192814    0    0    0    0    0
2015  6 22  9 46    -5.25     5.34     2.06    -415.3     39.45     24.59    18.253     192865    0    0    0    0    0
2015  6 22  9 47    -4.90     5.53     1.74    -415.2     39.19     24.20    18.183     194033    0    0    0    0    0
2015  6 22  9 48    -3.95     6.47     0.31    -414.7     37.64     25.10    18.334     197658    0    0    0    0    0
2015  6 22  9 49    -3.88     7.59    -1.79    -414.6     34.82     29.27    19.036     200283    0    0    0    0    0
2015  6 22  9 50    -3.80     7.47    -2.94    -414.4     34.08     30.92    19.461     202754    0    0    0    0    0
2015  6 22  9 51    -4.20     6.77    -3.19    -413.9     34.60     30.79    18.563     209041    0    0    0    0    0
2015  6 22  9 52    -4.25     6.71    -3.08    -411.7     32.34     29.68    19.635     211184    0    0    0    0    0
2015  6 22  9 53    -5.34     6.68    -0.82    -409.2     30.44     28.62    20.052     218626    0    0    0    0    0
2015  6 22  9 54    -6.24     6.64     2.58    -408.2     30.05     24.36    20.219     223302    0    0    0    0    0
2015  6 22  9 55    -6.78     6.76     4.25    -408.0     31.90     17.72    19.399     221021    0    0    0    0    0
2015  6 22  9 56    -7.23     6.75     4.20    -407.1     33.46     14.10    18.377     217222    0    0    0    0    0
2015  6 22  9 57    -7.39     6.35     4.74    -406.4     34.16     12.70    18.063     214978    0    0    0    0    0
2015  6 22  9 58    -7.53     5.82     5.27    -405.4     34.65     11.13    17.774     214697    0    0    0    0    0
2015  6 22  9 59    -7.64     4.63     5.66    -404.3     33.53     11.90    17.758     214099    0    0    0    0    0
2015  6 22 10  0    -8.13     4.10     5.46    -403.7     34.29     12.12    17.916     214099    0    0    0    0    0
2015  6 22 10  1    -8.22     3.84     5.44    -402.2     34.69     13.61    17.929     214099    0    0    0    0    0
2015  6 22 10  2    -8.31     3.27     5.87    -401.6     37.65     11.85    17.797     214099    0    0    0    0    0
2015  6 22 10  3    -7.98     2.69     7.29    -404.3     41.63      6.53    18.744     214563    0    0    0    1    1
2015  6 22 10  4    -7.02     3.53     7.07    -405.3     40.68      4.03    18.526     216267    0    0    0    1    1
2015  6 22 10  5    -7.05     4.70     5.07    -405.0     35.00      8.79    17.735     218120    0    0    0    1    1
2015  6 22 10  6    -7.41     5.57     4.48    -403.4     34.26      9.86    17.536     218701    0    0    0    1    1
2015  6 22 10  7    -8.22     6.07     3.50    -402.1     35.01     13.90    17.335     218720    0    0    0    1    1
2015  6 22 10  8    -8.76     6.17     1.58    -402.1     35.65     18.22    17.131     219299    0    0    0    1    1
2015  6 22 10  9    -8.83     6.53     0.60    -403.1     35.13     20.12    18.339     222051    0    0    0    0    0
2015  6 22 10 10    -8.73     6.58     0.64    -403.9     33.03     20.21    18.406     229543    0    0    0    0    0
2015  6 22 10 11    -7.92     6.39     1.80    -405.5     31.42     15.91    18.452     229540    0    0    0    0    0
2015  6 22 10 12    -7.30     5.35     2.59    -408.3     31.88     15.88    19.559     229527    0    0    0    0    0
2015  6 22 10 13     0.37     1.55    -0.17    -425.6     22.45     13.97    20.424     223279    0    0    0    0    0
2015  6 22 10 14     0.17     1.16    -0.62    -425.1     17.66     17.71    20.450     220250    0    0    0    0    0
2015  6 22 10 15    -0.40     0.89    -0.79    -423.4     13.53     20.66    20.576     218493    0    0    0    0    0
2015  6 22 10 16    -1.57     0.45    -1.11    -420.1     13.30     21.18    21.001     208786    0    0    0    0    0
2015  6 22 10 17    -2.56     0.16    -1.39    -417.2     13.21     21.36    21.379     204354    0    0    0    0    0
2015  6 22 10 18    -3.39    -0.03    -1.66    -414.6     13.35     21.03    21.886     203298    0    0    0    0    0
2015  6 22 10 19    -3.98    -0.19    -1.94    -412.4     14.00     19.62    22.906     203298    0    0    0    0    0
2015  6 22 10 20    -4.18    -0.26    -2.18    -411.4     19.41     19.53    24.416     205553    0    0    0    0    0
2015  6 22 10 21    -4.37    -0.30    -2.26    -411.5     24.52     19.55    24.476     208462    0    0    0    0    0
2015  6 22 10 22    -4.88     0.12    -1.48    -410.9     28.81     19.56    23.840     211990    0    0    0    0    0
2015  6 22 10 23    -6.11     1.25    -0.39    -409.2     32.17     17.95    23.119     219125    0    0    0    0    0
2015  6 22 10 24    -7.15     3.37     1.04    -408.4     35.51     16.67    21.522     223228    0    0    0    0    0
2015  6 22 10 25    -7.84     5.33     1.86    -408.9     39.06     15.21    19.458     220420    0    0    0    0    0
2015  6 22 10 26    -8.14     6.20     2.36    -409.5     42.55     13.58    18.781     218314    0    0    0    0    0
2015  6 22 10 27    -8.09     6.63     3.36    -410.1     41.43     11.86    18.614     219777    0    0    0    0    0
2015  6 22 10 28    -8.11     7.49     3.81    -411.8     40.42     10.42    18.382     220415    0    0    0    0    0
2015  6 22 10 29    -8.00     7.73     3.80    -412.8     40.61     10.22    18.078     220415    0    0    0    0    0
2015  6 22 10 30    -7.35     7.45     3.74    -417.6     44.52     10.99    18.079     235000    0    0    0    0    0
2015  6 22 10 31    -6.67     7.29     3.85    -418.1     45.49     11.44    18.076     240580    0    0    0    0    0
2015  6 22 10 32    -6.42     7.08     4.04    -416.8     45.37     10.80    17.702     245022    0    0    0    0    0
2015  6 22 10 33    -6.59     6.87     4.13    -415.1     45.63      9.25    17.233     246278    0    0    0    0    0
2015  6 22 10 34    -6.77     6.34     4.27    -414.2     44.79      5.53    17.466     251620    0    0    0    0    0
2015  6 22 10 35    -6.78     5.90     3.95    -414.0     30.47     -4.25    17.495     258150    0    0    0    0    0
2015  6 22 10 36    -6.83     5.58     3.65    -414.0     32.90     -2.46    17.682     258150    0    0    0    0    0
2015  6 22 10 37    -6.76     4.22     3.69    -414.7     50.16     10.50    17.835     258160    0    0    0    0    0
2015  6 22 10 38    -6.62     4.92     3.83    -415.9     48.60     11.60    17.722     258199    0    0    0    0    0
2015  6 22 10 39    -6.46     6.20     3.58    -417.3     46.19     12.96    17.617     256088    0    0    0    0    0
2015  6 22 10 40    -5.99     6.64     3.51    -418.2     45.86     13.32    17.457     252882    0    0    0    0    0
2015  6 22 10 41    -5.56     6.44     4.19    -418.7     35.10      1.82    17.271     242347    0    0    0    0    0
2015  6 22 10 42    -6.65     5.58     5.20    -418.8     28.05     -5.57    17.307     236057    0    0    0    0    0
2015  6 22 10 43    -7.42     4.59     5.73    -417.9     28.56     -5.24    17.167     236814    0    0    0    0    0
2015  6 22 10 44    -7.50     3.88     5.91    -417.0     29.42     -5.80    16.955     239353    0    0    0    0    0
2015  6 22 10 45    -7.10     3.32     6.18    -416.6     29.63     -8.11    17.029     245839    0    0    0    0    0
2015  6 22 10 46    -5.51     2.79     6.48    -417.1     29.46    -10.99    17.283     254687    0    0    0    0    0
2015  6 22 10 47    -4.06     2.76     6.71    -418.3     29.95    -12.46    17.326     257785    0    0    0    0    0
2015  6 22 10 48    -3.85     2.82     6.67    -420.1     30.31    -12.46    17.211     250740    0    0    0    0    0
2015  6 22 10 49    -3.77     2.72     6.77    -420.8     30.88    -11.56    17.117     244732    0    0    0    1    1
2015  6 22 10 50    -4.07     2.97     7.01    -421.5     31.00    -11.37    17.005     243970    0    0    0    1    1
2015  6 22 10 51    -4.42     4.13     7.46    -422.3     31.75     -8.86    16.808     244466    0    0    0    1    1
2015  6 22 10 52    -4.17     4.20     7.68    -423.5     32.51     -5.85    16.694     245517    0    0    0    1    1
2015  6 22 10 53    -4.16     3.93     7.65    -424.5     32.46     -6.18    16.642     247020    0    0    0    1    1
2015  6 22 10 54    -4.66     4.16     7.08    -424.0     32.27     -7.54    16.616     251574    0    0    0    1    1
2015  6 22 10 55    -5.25     3.99     6.30    -422.1     32.27     -7.55    16.671     252764    0    0    0    1    1
2015  6 22 10 56    -5.98     4.44     6.08    -420.3     33.55     -6.52    16.751     252824    0    0    0    0    0
2015  6 22 10 57    -6.52     4.05     5.53    -419.4     38.71     -3.98    16.873     251065    0    0    0    0    0
2015  6 22 10 58    -7.01     4.32     4.53    -418.8     45.13      4.64    17.059     250266    0    0    0    0    0
2015  6 22 10 59    -7.01     3.90     4.25    -420.0     52.40      9.74    17.884     262272    0    0    0    0    0
2015  6 22 11  0    -6.36     3.47     4.50    -421.1     56.95      8.64    18.066     266275    0    0    0    0    0
2015  6 22 11  1    -5.91     3.70     5.05    -421.8     52.80      5.66    16.877     250859    0    0    0    0    0
2015  6 22 11  2    -5.95     4.47     4.98    -422.0     50.09      4.76    16.791     245643    0    0    0    0    0
2015  6 22 11  3    -6.37     4.78     4.67    -421.9     49.44      4.60    16.836     240858    0    0    0    0    0
2015  6 22 11  4    -6.09     6.17     4.36    -424.8     50.61      0.86    17.102     241936    0    0    0    0    0
2015  6 22 11  5    -5.66     6.41     3.90    -426.0     50.54      0.63    17.716     246601    0    0    0    0    0
2015  6 22 11  6    -5.51     6.47     3.12    -425.8     50.13      1.83    17.281     247101    0    0    0    0    0
2015  6 22 11  7    -5.91     6.94     2.54    -425.3     49.09      5.45    16.481     248301    0    0    0    0    0
2015  6 22 11  8    -6.90     6.95     2.65    -426.2     48.91      8.13    16.513     251459    0    0    0    0    0
2015  6 22 11  9    -7.27     6.64     2.67    -428.6     51.52     11.27    17.227     256057    0    0    0    0    0
2015  6 22 11 10    -7.51     7.06     2.66    -430.9     54.07     13.33    17.962     255792    0    0    0    0    0
2015  6 22 11 11    -7.73     7.17     2.62    -430.4     54.45     14.09    18.220     254850    0    0    0    0    0
2015  6 22 11 12    -7.76     6.99     2.31    -429.5     54.61     14.62    18.624     253365    0    0    0    0    0
2015  6 22 11 13    -7.61     6.96     1.96    -429.5     54.88     14.65    18.975     251136    0    0    0    0    0
2015  6 22 11 14    -7.41     7.31     1.62    -430.4     55.04     13.14    18.663     249996    0    0    0    0    0
2015  6 22 11 15    -7.17     7.71     2.36    -431.1     50.76     10.36    17.924     249876    0    0    0    0    0
2015  6 22 11 16    -7.00     7.99     2.79    -431.4     45.43      5.33    16.884     250940    0    0    0    0    0
2015  6 22 11 17    -7.06     8.00     2.85    -431.6     45.15      4.70    16.636     254007    0    0    0    0    0
2015  6 22 11 18    -6.98     7.75     2.95    -431.2     45.44      4.94    16.895     254283    0    0    0    0    0
2015  6 22 11 19    -6.92     7.20     2.96    -432.2     48.44      4.23    17.623     252929    0    0    0    0    0
2015  6 22 11 20    -6.29     7.22     2.85    -433.9     53.77      4.06    17.980     252041    0    0    0    0    0
2015  6 22 11 21    -5.44     7.95     1.37    -437.8     54.42      6.36    17.372     248544    0    0    0    0    0
2015  6 22 11 22    -5.11     8.36     1.78    -438.6     57.40      5.93    16.946     248075    0    0    0    0    0
2015  6 22 11 23    -4.81     8.35     2.64    -439.4     58.97      5.84    16.848     248516    0    0    0    0    0
2015  6 22 11 24    -4.69     8.24     3.04    -439.4     59.39      4.87    16.918     249564    0    1    1    1    1
2015  6 22 11 25    -5.30     7.84     3.11    -438.9     60.49      3.46    16.978     251025    0    1    1    1    1
2015  6 22 11 26    -6.22     7.18     3.21    -438.4     49.91      2.92    17.150     252389    0    1    1    1    1
2015  6 22 11 27    -6.62     6.59     3.84    -438.0     42.06      1.61    17.381     252941    0    1    1    1    1
2015  6 22 11 28    -6.40     6.28     4.91    -438.3     42.65     -0.08    17.506     252047    0    0    0    0    0
2015  6 22 11 29    -6.17     6.06     5.51    -439.3     42.39     -1.55    17.550     251326    0    0    0    0    0
2015  6 22 11 30    -6.05     5.65     5.81    -439.8     44.29     -4.34    16.713     253257    0    0    0    0    0
2015  6 22 11 31    -5.87     4.93     6.26    -439.4     45.14     -5.31    16.070     254126    0    0    0    0    0
2015  6 22 11 32    -5.53     3.94     6.86    -438.7     45.14     -5.31    15.463     254115    0    0    0    0    0
2015  6 22 11 33    -5.21     3.06     7.46    -438.7     45.87     -7.60    14.910     247172    0    0    0    0    0
2015  6 22 11 34    -5.12     2.69     7.76    -438.8     47.99    -11.03    14.803     238164    0    0    0    0    0
2015  6 22 11 35    -5.24     2.51     7.80    -438.7     49.78    -14.02    14.871     235422    0    0    0    0    0
2015  6 22 11 36    -5.46     2.23     7.92    -438.6     54.26    -15.50    14.713     236954    0    0    0    0    0
2015  6 22 11 37    -5.68     1.82     7.91    -438.5     60.84    -16.17    14.471     238093    0    0    0    0    0
2015  6 22 11 38    -6.02     1.63     8.22    -438.0     66.60    -16.81    14.220     236006    0    0    0    0    0
2015  6 22 11 39    -5.99     1.42     8.61    -437.6     72.04    -16.64    14.219     234103    0    0    0    0    0
2015  6 22 11 40    -5.46     0.86     8.75    -437.8     75.61    -16.07    15.069     234103    0    0    0    0    0
2015  6 22 11 41    -4.92     0.31     9.01    -438.1     76.17    -16.04    15.785     232564    0    0    0    0    0
2015  6 22 11 42    -4.69     0.15     9.14    -438.2     75.86    -16.20    15.179     231224    0    0    0    0    0
2015  6 22 11 43    -4.94     0.49     8.93    -437.6     75.09    -16.59    14.513     230872    0    0    0    0    0
2015  6 22 11 44    -5.15     0.83     8.76    -437.1     74.43    -16.94    14.494     230076    0    0    0    0    0
2015  6 22 11 45    -4.89     0.72     9.04    -437.2     74.55    -17.34    14.676     228103    0    0    0    0    0
2015  6 22 11 46    -4.59     0.63     9.34    -437.7     74.80    -17.80    15.336     226333    0    0    0    0    0
2015  6 22 11 47    -4.57     0.41     9.35    -438.2     75.08    -17.59    15.457     227681    0    0    0    0    0
2015  6 22 11 48    -4.66    -0.20     9.26    -438.3     75.87    -17.42    15.039     229481    0    0    0    0    0
2015  6 22 11 49    -4.62    -0.86     9.22    -437.9     76.72    -17.77    14.807     230033    0    0    0    0    0
2015  6 22 11 50    -4.64    -1.30     9.09    -437.7     77.56    -18.80    14.471     229080    0    0    0    0    0
2015  6 22 11 51    -4.78    -1.54     8.85    -436.8     78.26    -19.71    14.295     227961    0    0    0    0    0
2015  6 22 11 52    -4.82    -1.84     8.63    -435.3     78.57    -20.16    14.142     227716    0    0    0    0    0
2015  6 22 11 53    -4.74    -2.27     8.40    -434.3     79.22    -20.63    13.882     227513    0    0    0    0    0
2015  6 22 11 54    -4.66    -2.93     8.27    -434.5     81.33    -21.30    13.629     227220    0    0    0    0    0
2015  6 22 11 55    -4.61    -3.07     7.90    -434.4     81.49    -21.80    13.525     229184    0    0    0    0    0
2015  6 22 11 56    -4.72    -2.54     7.32    -434.0     80.69    -20.69    13.566     239319    0    0    0    0    0
2015  6 22 11 57    -4.97    -1.56     6.79    -433.7     79.26    -18.73    14.080     244977    0    0    0    0    0
2015  6 22 11 58    -5.47    -0.39     5.74    -432.5     76.47    -11.92    15.070     244977    0    0    0    0    0
2015  6 22 11 59    -5.47     0.78     3.65    -430.8     70.85     -2.78    16.564     241342    0    0    0    0    0
2015  6 22 12  0    -5.38     1.81     1.75    -429.7     64.70      1.82    17.254     232851    0    0    0    0    0
2015  6 22 12  1    -5.10     2.01     0.67    -430.2     63.49      4.29    17.724     229945    0    0    0    0    0
2015  6 22 12  2    -4.44     1.66    -0.39    -430.8     66.30      5.84    18.093     235753    0    0    0    0    0
2015  6 22 12  3    -3.32     1.67    -0.63    -436.1     64.76      7.15    18.399     236860    0    0    0    0    0
2015  6 22 12  4    -3.51     1.92    -0.70    -436.6     63.31      6.44    18.180     236213    0    0    0    0    0
2015  6 22 12  5    -4.11     1.70    -1.03    -434.8     62.99      5.88    17.859     235585    0    0    0    0    0
2015  6 22 12  6    -5.14     0.62    -0.95    -433.8     63.34      4.69    17.556     235671    0    0    0    0    0
2015  6 22 12  7    -5.56     0.14     0.11    -432.4     65.68      2.91    17.080     236321    0    0    0    0    0
2015  6 22 12  8    -5.78    -0.13     2.06    -432.1     71.28     -0.21    16.483     236332    0    0    0    0    0
2015  6 22 12  9    -6.32    -0.83     2.77    -432.4     75.13     -4.25    15.813     234992    0    0    0    0    0
2015  6 22 12 10    -6.06    -0.31     2.73    -433.4     74.56     -5.32    14.505     231278    0    0    0    0    0
2015  6 22 12 11    -6.45    -0.21     2.68    -434.2     72.82     -6.22    14.454     231603    0    0    0    0    0
2015  6 22 12 12    -6.50     0.14     3.73    -433.7     71.66     -7.77    15.130     233841    0    0    0    0    0
2015  6 22 12 13    -6.24     0.60     4.06    -433.4     68.55     -6.59    15.344     237909    0    0    0    0    0
2015  6 22 12 14    -6.45     1.20     3.88    -431.9     67.50     -5.19    16.254     237909    0    0    0    0    0
2015  6 22 12 15    -7.09     1.21     3.47    -429.8     68.72     -4.01    16.412     239762    0    0    0    0    0
2015  6 22 12 16    -7.95     1.23     2.77    -429.8     68.71     -1.90    16.572     240462    0    0    0    0    0
2015  6 22 12 17    -7.86     2.18     2.49    -430.5     68.13     -1.54    17.151     240434    0    0    0    0    0
2015  6 22 12 18    -6.83     3.71     2.76    -432.8     66.75     -2.83    17.350     237439    0    0    0    0    0
2015  6 22 12 19    -6.00     3.35     2.93    -434.4     68.28     -4.76    17.149     234728    0    0    0    0    0
2015  6 22 12 20    -5.86     1.61     3.42    -434.8     69.00     -7.58    17.036     235107    0    0    0    0    0
2015  6 22 12 21    -6.25     0.92     4.10    -433.0     70.64     -9.60    17.010     237159    0    0    0    0    0
2015  6 22 12 22    -6.39     0.95     4.21    -431.2     72.44     -9.64    17.051     249346    0    0    0    0    0
2015  6 22 12 23    -6.41     0.89     4.26    -430.3     73.89     -9.26    17.323     256024    0    0    0    0    0
2015  6 22 12 24    -6.45     0.06     4.05    -430.1     77.00     -7.44    17.396     257325    0    0    0    0    0
2015  6 22 12 25    -7.01    -1.36     3.96    -430.0     79.82     -3.20    17.336     249523    0    1    1    1    1
2015  6 22 12 26    -7.19    -2.33     3.58    -429.6     80.46     -0.98    17.320     245693    0    1    1    1    1
2015  6 22 12 27    -7.41    -2.49     3.32    -428.7     80.10      0.29    17.395     245178    0    1    1    1    1
2015  6 22 12 28    -7.80    -1.93     2.79    -427.1     74.83      1.28    17.441     246410    0    1    1    1    1
2015  6 22 12 29    -8.31     0.78     1.85    -425.8     67.44      2.12    17.422     248713    0    1    1    1    1
2015  6 22 12 30    -8.79     5.00     0.98    -425.9     63.21      4.17    17.346     250896    0    0    0    0    0
2015  6 22 12 31    -8.81     5.06     1.04    -426.1     61.68      6.79    17.170     251877    0    0    0    0    0
2015  6 22 12 32    -8.81     5.18     1.26    -426.0     61.25      6.54    16.900     252293    0    0    0    0    0
2015  6 22 12 33    -8.71     5.38     1.32    -425.9     58.92      6.21    16.793     251012    0    0    0    0    0
2015  6 22 12 34    -8.67     5.71     1.22    -425.8     58.33      6.07    16.824     248171    0    0    0    0    0
2015  6 22 12 35    -8.80     5.63     0.58    -425.6     58.26      8.18    16.718     247352    0    0    0    0    0
2015  6 22 12 36    -8.98     5.63    -0.57    -424.7     58.90     12.02    16.546     247408    0    0    0    0    0
2015  6 22 12 37    -9.24     5.52    -0.23    -422.7     59.99     11.65    16.478     247705    0    0    0    0    0
2015  6 22 12 38    -9.76     4.66    -0.23    -420.4     62.48     10.46    16.435     250873    0    0    0    0    0
2015  6 22 12 39   -10.03     3.91    -0.10    -419.0     63.66      9.46    16.447     251823    0    0    0    0    0
2015  6 22 12 40   -10.13     3.60     0.22    -418.4     64.04      8.83    16.462     250632    0    0    0    0    0
2015  6 22 12 41   -10.24     3.66     0.63    -418.7     64.40      6.96    16.591     249738    0    0    0    0    0
2015  6 22 12 42   -10.00     3.12     1.23    -420.6     64.42      6.49    16.981     252243    0    0    0    0    0
2015  6 22 12 43    -9.82     2.96     1.18    -422.2     62.75     11.07    17.196     261250    0    0    0    0    0
2015  6 22 12 44    -8.82     5.63    -0.61    -422.6     56.04     12.20    17.357     261442    0    0    0    0    0
2015  6 22 12 45    -8.61     5.58    -1.23    -421.4     50.39      9.93    17.654     252881    0    0    0    0    0
2015  6 22 12 46    -8.56     5.39    -2.53    -420.0     46.71     16.00    18.373     234888    0    0    0    0    0
2015  6 22 12 47    -8.88     4.51    -3.24    -418.1     46.28     18.33    18.623     228731    0    0    0    0    0
2015  6 22 12 48    -9.44     3.46    -3.49    -417.4     46.67     19.75    18.626     232038    0    0    0    0    0
2015  6 22 12 49    -9.75     3.07    -3.30    -419.3     46.13     16.86    18.982     236497    0    0    0    0    0
2015  6 22 12 50    -7.75     5.35    -3.14    -423.4     43.45     13.34    17.305     237999    0    0    0    0    0
2015  6 22 12 51    -7.66     5.75    -3.13    -423.3     37.57     13.43    17.193     244634    0    0    0    0    0
2015  6 22 12 52    -7.44     5.75    -3.24    -422.0     35.57     14.35    17.367     244634    0    0    0    0    0
2015  6 22 12 53    -7.78     4.16    -3.76    -421.1     36.09     15.31    18.890     241480    0    0    0    0    0
2015  6 22 12 54    -7.77     3.20    -3.98    -420.2     40.58     16.73    19.426     234900    0    0    0    0    0
2015  6 22 12 55    -8.10     2.28    -4.50    -420.1     43.38     19.76    20.687     232992    0    0    0    0    0
2015  6 22 12 56    -8.22     2.34    -5.26    -420.9     43.83     21.99    20.995     234780    0    0    0    0    0
2015  6 22 12 57    -7.47     4.79    -5.21    -422.0     59.03     27.87    19.964     238211    0    0    0    0    0
2015  6 22 12 58    -7.24     5.76    -4.97    -422.1     58.77     27.61    19.621     238392    0    0    0    0    0
2015  6 22 12 59    -7.11     6.59    -5.07    -421.7     58.00     27.26    18.639     224557    0    0    0    0    0
2015  6 22 13  0    -7.56     5.40    -4.97    -421.5     60.02     26.65    18.065     223344    0    0    0    0    0
2015  6 22 13  1    -7.73     4.88    -4.62    -420.9     60.70     26.53    17.856     223344    0    0    0    0    0
2015  6 22 13  2    -7.96     4.80    -4.47    -420.1     60.65     26.60    17.927     223555    0    0    0    0    0
2015  6 22 13  3    -7.04     5.49    -2.05    -429.8     56.64     15.34    16.573     227389    0    0    0    0    0
2015  6 22 13  4    -5.33     6.68     0.39    -433.2     52.42     11.17    16.315     228988    0    0    0    0    0
2015  6 22 13  5    -5.29     7.53     0.49    -431.1     50.59     12.45    16.508     230120    0    0    0    0    0
2015  6 22 13  6    -5.39     7.63     0.04    -429.6     50.51     12.94    17.619     235430    0    0    0    0    0
2015  6 22 13  7    -5.59     6.91    -0.89    -428.3     53.96     13.92    18.448     240580    0    0    0    0    0
2015  6 22 13  8    -5.92     5.73    -1.78    -426.8     48.80     14.59    18.815     244805    0    0    0    0    0
2015  6 22 13  9    -6.24     4.87    -2.23    -425.1     41.45     14.11    19.020     247388    0    0    0    0    0
2015  6 22 13 10    -6.41     4.96    -2.15    -423.1     48.01     12.92    19.078     246990    0    0    0    0    0
2015  6 22 13 11    -6.58     5.72    -1.51    -423.1     43.91     15.71    16.202     241287    0    0    0    0    0
2015  6 22 13 12    -6.66     5.76    -1.80    -422.7     47.94     11.65    17.550     239472    0    0    0    0    0
2015  6 22 13 13    -6.91     5.42    -2.77    -422.8     48.26     21.53    17.550     239111    0    0    0    0    0
2015  6 22 13 14    -6.15     5.20    -3.99    -423.7     44.84     14.35    17.894     228207    0    0    0    0    0
2015  6 22 13 15    -6.43     5.19    -2.70    -424.8     50.64     17.81    17.841     216762    0    0    0    0    0
2015  6 22 13 16    -6.40     5.39     0.75    -427.3     53.74     13.22    17.083     210087    0    0    0    0    0
2015  6 22 13 17    -6.28     5.47     1.62    -427.7     58.30     10.09    15.956     214481    0    0    0    0    0
2015  6 22 13 18    -6.54     5.57     1.22    -426.8     59.26      8.67    15.511     223205    0    0    0    0    0
2015  6 22 13 19    -6.97     5.63     0.39    -424.9     57.68      7.96    15.522     231335    0    0    0    0    0
2015  6 22 13 20    -7.28     5.56    -0.59    -422.4     56.53     11.62    15.591     236898    0    0    0    0    0
2015  6 22 13 21    -7.14     6.44    -1.43    -422.8     56.49     15.70    15.840     236990    0    0    0    0    0
2015  6 22 13 22    -6.85     6.82    -0.62    -426.8     55.38     14.53    15.608     228420    0    0    0    0    0
2015  6 22 13 23    -6.91     7.26     0.10    -427.6     52.96     13.06    15.635     217401    0    0    0    0    0
2015  6 22 13 24    -7.03     7.22    -0.10    -426.4     51.60     12.73    15.681     218210    0    0    0    0    0
2015  6 22 13 25    -7.01     7.30    -0.08    -424.6     51.74     12.96    15.683     219436    0    0    0    0    0
2015  6 22 13 26    -6.90     7.49     0.33    -422.9     52.12     13.40    15.651     219574    0    0    0    0    0
2015  6 22 13 27    -6.82     7.79     0.77    -421.7     54.07     13.83    15.505     222328    0    0    0    0    0
2015  6 22 13 28    -7.02     7.55     0.53    -421.6     54.23     15.53    15.666     222557    0    0    0    0    0
2015  6 22 13 29    -7.55     6.97    -1.03    -420.9     54.46     19.79    16.217     223144    0    0    0    0    0
2015  6 22 13 30    -7.75     6.74    -1.65    -418.7     57.69     23.69    16.326     223264    0    0    0    0    0
2015  6 22 13 31    -7.90     5.91    -2.70    -417.2     58.89     27.86    16.833     221733    0    0    0    0    0
2015  6 22 13 32    -8.05     4.87    -3.80    -416.3     57.55     29.10    16.890     217677    0    0    0    0    0
2015  6 22 13 33    -8.23     4.77    -3.71    -414.5     57.03     26.39    16.072     213567    0    0    0    0    0
2015  6 22 13 34    -8.61     5.25    -2.85    -412.7     56.87     25.43    16.948     212933    0    0    0    0    0
2015  6 22 13 35    -9.11     5.37    -2.12    -410.4     58.24     24.92    16.763     205941    0    0    0    0    0
2015  6 22 13 36    -9.51     5.23    -1.91    -409.4     59.47     25.00    16.678     202744    0    0    0    0    0
2015  6 22 13 37    -9.79     5.04    -2.21    -409.6     60.17     26.61    16.165     199453    0    0    0    0    0
2015  6 22 13 38   -10.00     4.75    -2.46    -409.9     61.34     28.24    17.036     197293    0    0    0    0    0
2015  6 22 13 39   -10.32     4.32    -2.55    -409.5     62.68     29.38    17.884     194589    0    1    1    0    1
2015  6 22 13 40   -10.61     3.72    -2.76    -409.1     63.48     30.45    18.361     191837    0    1    1    0    1
2015  6 22 13 41   -10.79     2.82    -2.79    -408.8     63.89     30.94    19.060     190880    1    1    1    0    1
2015  6 22 13 42   -11.07     1.89    -2.07    -410.9     66.33     30.81    20.270     200747    1    1    1    0    1
2015  6 22 13 43   -11.33     0.89    -1.19    -411.3     67.96     28.57    20.509     203438    1    1    1    0    1
2015  6 22 13 44   -11.42    -0.04    -0.82    -410.2     68.42     27.93    20.512     200947    1    1    1    0    1
2015  6 22 13 45   -11.42    -1.14    -0.80    -409.1     58.86     23.62    20.808     193977    1    1    1    0    1
2015  6 22 13 46   -11.20    -2.03    -0.88    -407.9     52.49     20.50    21.052     189890    0    1    2    0    1
2015  6 22 13 47   -10.89    -2.69    -0.65    -406.9     53.09     20.11    20.688     189947    0    1    2    0    1
2015  6 22 13 48   -10.65    -3.17    -0.07    -406.4     53.74     19.71    19.795     190251    0    1    2    0    1
2015  6 22 13 49   -10.26    -3.20     0.14    -406.7     54.45     19.25    19.301     190821    0    1    2    0    1
2015  6 22 13 50    -9.08    -4.31    -1.67    -411.4     55.48     18.59    18.653     191036    0    1    1    0    1
2015  6 22 13 51    -7.39    -6.55    -2.55    -416.8     57.61     20.35    18.039     183710    0    1    1    0    1
2015  6 22 13 52    -7.26    -6.32    -3.00    -418.9     63.58     25.76    18.738     182227    0    1    2    0    1
2015  6 22 13 53    -7.63    -4.65    -4.10    -418.1     73.80     34.42    19.634     182009    0    1    1    0    1
2015  6 22 13 54    -8.26    -2.28    -5.86    -418.5     80.76     41.50    20.630     182577    1    1    1    0    1
2015  6 22 13 55    -7.12    -3.19    -7.69    -422.0     83.12     44.17    21.012     182976    1    1    1    0    1
2015  6 22 13 56    -5.25    -5.93    -8.29    -422.9     83.53     44.93    21.874     183937    0    0    0    0    0
2015  6 22 13 57    -4.32    -6.80    -8.90    -428.3     89.77     46.36    21.922     183819    0    0    0    0    0
2015  6 22 13 58    -4.35    -6.91    -8.90    -427.9     90.24     46.11    22.011     182946    0    1    1    0    1
2015  6 22 13 59    -4.44    -7.21    -8.83    -426.9     90.68     45.71    21.980     181685    0    1    1    0    1
2015  6 22 14  0    -4.59    -7.58    -8.46    -425.7     91.32     44.81    21.647     180920    0    1    1    0    1
2015  6 22 14  1    -4.73    -7.90    -7.62    -424.5     92.59     43.23    21.156     181029    0    1    1    0    1
2015  6 22 14  2    -4.87    -8.06    -6.39    -422.3     94.74     41.12    21.059     181435    0    1    1    0    1
2015  6 22 14  3    -4.82    -8.25    -6.41    -422.0     95.23     41.44    20.991     181442    0    0    0    0    0
2015  6 22 14  4    -3.04    -8.32    -7.98    -428.2     93.78     45.39    19.953     180283    0    0    0    0    0
2015  6 22 14  5    -1.93    -7.66    -8.73    -432.8     91.94     46.85    20.001     179747    0    1    1    0    1
2015  6 22 14  6    -1.61    -7.24    -9.03    -432.3     91.04     46.25    20.001     184380    0    1    1    0    1
2015  6 22 14  7    -1.52    -6.73    -9.27    -431.4     90.95     45.52    20.296     188492    0    1    1    0    1
2015  6 22 14  8    -1.67    -6.42    -9.51    -431.0     90.73     45.22    21.034     190722    0    1    1    0    1
2015  6 22 14  9    -1.90    -6.54    -9.69    -431.7     90.34     44.65    21.800     192778    0    1    1    0    1
2015  6 22 14 10    -1.75    -6.08   -10.04    -431.7     84.99     44.47    21.750     198818    0    0    0    0    0
2015  6 22 14 11    -1.70    -5.35   -10.22    -434.7     84.47     39.81    21.491     205850    0    0    0    0    0
2015  6 22 14 12    -1.49    -5.26   -10.31    -434.3     84.87     43.85    21.327     204931    0    0    0    0    0
2015  6 22 14 13    -1.37    -5.07   -10.48    -432.6     85.44     43.70    21.096     200333    0    0    0    0    0
2015  6 22 14 14    -1.86    -4.78   -10.59    -429.5     89.44     43.72    21.086     195637    0    0    0    0    0
2015  6 22 14 15    -2.54    -3.88   -10.69    -427.9     90.90     44.40    20.994     193602    0    0    0    0    0
2015  6 22 14 16    -3.00    -3.03   -10.79    -427.3     88.61     45.95    20.671     194211    0    0    0    0    0
2015  6 22 14 17    -3.03    -2.91   -10.84    -426.9     86.22     48.23    20.196     194859    0    0    0    0    0
2015  6 22 14 18    -2.80    -3.11   -10.77    -427.6     87.08     50.33    20.035     193252    0    0    0    0    0
2015  6 22 14 19    -0.35    -5.27   -10.10    -431.1     91.99     51.02    20.704     191768    0    0    0    0    0
2015  6 22 14 20     0.35    -5.38    -9.51    -435.5     93.38     49.94    21.218     195267    0    0    0    0    0
2015  6 22 14 21    -0.03    -5.15    -9.14    -434.5     93.51     48.79    21.084     194518    0    0    0    0    0
2015  6 22 14 22    -0.20    -5.19    -8.95    -431.0     93.89     47.86    20.831     191710    0    0    0    0    0
2015  6 22 14 23    -0.42    -5.41    -8.83    -428.8     92.39     47.74    20.364     190504    0    0    0    0    0
2015  6 22 14 24    -0.94    -5.52    -8.74    -426.8     91.03     46.80    19.816     190160    0    0    0    0    0
2015  6 22 14 25    -1.55    -5.58    -8.61    -425.3     90.45     45.55    19.484     190160    0    0    0    0    0
2015  6 22 14 26    -1.69    -5.87    -8.24    -425.2     90.30     45.71    19.692     190110    0    1    1    0    1
2015  6 22 14 27    -1.40    -6.41    -7.91    -425.4     90.02     45.94    19.852     189926    0    1    1    0    1
2015  6 22 14 28    -0.35    -6.72    -8.05    -427.1     90.92     46.42    20.349     189371    1    1    1    0    1
2015  6 22 14 29     0.65    -6.88    -7.97    -428.8     92.56     46.69    20.667     182702    1    1    1    0    1
2015  6 22 14 30     1.12    -7.33    -7.53    -430.4     93.07     46.31    20.685     177425    1    1    1    0    1
2015  6 22 14 31     1.01    -7.59    -7.15    -432.1     89.18     45.80    20.662     175247    1    1    1    0    1
2015  6 22 14 32     0.67    -7.53    -6.06    -432.0     81.85     45.36    20.517     175177    0    1    1    0    1
2015  6 22 14 33     0.45    -6.53    -5.62    -431.6     74.43     34.97    20.509     179734    0    0    0    0    0
2015  6 22 14 34    -0.85    -0.92    -3.58    -430.5     65.62     29.40    20.226     188755    0    0    0    0    0
2015  6 22 14 35    -2.08     1.42    -2.86    -428.1     59.68     25.97    19.975     197729    0    0    0    0    0
2015  6 22 14 36    -3.20     2.44    -3.10    -424.8     56.64     27.97    19.803     206133    0    0    0    0    0
2015  6 22 14 37    -4.23     3.18    -4.14    -421.0     56.77     37.92    19.729     213874    0    0    0    0    0
2015  6 22 14 38    -4.54     3.07    -5.31    -420.2     60.59     43.02    19.711     215809    0    0    0    0    0
2015  6 22 14 39    -5.08     2.98    -6.09    -420.6     65.50     45.61    19.745     213511    0    0    0    0    0
2015  6 22 14 40    -5.36     2.41    -6.88    -421.3     64.90     45.21    20.266     206838    0    1    1    0    1
2015  6 22 14 41    -5.54     2.17    -6.98    -421.4     64.25     43.87    20.345     201967    0    1    1    0    1
2015  6 22 14 42    -5.58     2.21    -6.98    -421.3     64.30     42.39    20.661     195723    0    1    1    0    1
2015  6 22 14 43    -4.59     3.19    -4.35    -422.0     59.16     40.65    20.714     190525    0    1    1    0    1
2015  6 22 14 44    -3.55     5.61    -1.55    -423.1     57.14     28.28    20.669     185631    0    1    1    0    1
2015  6 22 14 45    -1.86     7.98     2.24    -431.6     52.45     22.55    16.135     179162    0    1    1    0    1
2015  6 22 14 46    -2.59     8.19     1.52    -432.1     53.54     22.60    14.862     178967    0    0    0    0    0
2015  6 22 14 47    -2.86     8.08     1.14    -431.7     53.50     24.56    15.478     195399    0    0    0    0    0
2015  6 22 14 48    -3.28     7.87     0.15    -429.7     53.60     27.22    15.657     197129    0    0    0    0    0
2015  6 22 14 49    -4.19     7.49    -1.31    -427.0     54.42     31.08    16.205     197129    0    0    0    0    0
2015  6 22 14 50    -5.26     6.83    -2.89    -423.9     55.41     35.18    17.084     197263    0    0    0    0    0
2015  6 22 14 51    -5.98     5.46    -4.15    -420.8     55.63     37.79    18.367     197932    0    0    0    0    0
2015  6 22 14 52    -6.28     4.13    -5.33    -419.0     58.56     40.14    18.748     198099    0    1    1    0    1
2015  6 22 14 53    -6.16     2.91    -6.16    -417.7     64.94     42.66    19.232     197418    0    1    1    0    1
2015  6 22 14 54    -5.77     2.20    -6.58    -417.5     70.38     45.65    20.401     193948    1    1    1    0    1
2015  6 22 14 55    -4.67     2.98    -6.52    -417.6     71.80     48.79    21.201     188865    1    1    1    1    1
2015  6 22 14 56    -3.24     3.63    -6.34    -417.9     73.40     51.48    21.105     185157    0    1    1    2    1
2015  6 22 14 57    -2.93     2.24    -7.20    -419.6     74.54     54.30    20.863     181715    0    1    1    2    1
2015  6 22 14 58    -3.41     0.31    -7.86    -420.7     75.05     57.20    20.631     178958    0    1    1    1    1
2015  6 22 14 59    -3.55    -0.46    -8.08    -419.1     76.54     58.46    20.410     177369    0    0    0    0    0
2015  6 22 15  0    -3.65    -0.95    -8.06    -418.4     78.86     58.35    20.102     174635    0    0    0    0    0
2015  6 22 15  1    -3.60    -1.18    -7.61    -420.5     81.38     57.45    19.891     173104    0    0    0    0    0
2015  6 22 15  2    -2.46     1.65    -7.18    -427.8     70.75     58.57    22.170     183834    0    0    0    0    0
2015  6 22 15  3    -0.10    -0.74    -9.68    -433.2     75.72     60.72    22.807     178650    0    0    0    0    0
2015  6 22 15  4    -0.33    -2.09    -9.67    -432.9     81.51     60.95    22.413     174484    0    0    0    0    0
2015  6 22 15  5    -0.75    -2.64    -9.55    -431.7     83.08     61.56    22.239     173332    0    0    0    0    0
2015  6 22 15  6    -1.07    -2.73    -9.50    -430.2     81.45     61.80    22.221     172740    0    0    0    0    0
2015  6 22 15  7    -0.69    -2.56    -9.54    -429.0     79.62     62.20    22.368     171838    0    0    0    0    0
2015  6 22 15  8    -0.45    -1.91    -9.62    -431.1     78.59     64.32    22.712     170909    0    0    0    0    0
2015  6 22 15  9     0.02    -0.71    -9.81    -434.1     78.16     63.50    22.287     167555    0    0    0    0    1
2015  6 22 15 10     0.48    -1.07    -9.99    -435.6     81.48     62.65    21.927     163814    0    0    0    0    1
2015  6 22 15 11     0.20    -1.55   -10.01    -433.4     83.55     62.50    21.944     157851    0    0    0    0    1
2015  6 22 15 12    -0.30    -2.44   -10.07    -430.8     83.95     62.62    21.855     157851    0    0    0    0    1
2015  6 22 15 13    -0.88    -3.09   -10.14    -428.6     84.31     62.70    21.601     160091    0    0    0    0    1
2015  6 22 15 14    -1.10    -3.38   -10.20    -427.6     85.11     62.72    21.349     162320    0    0    0    0    1
2015  6 22 15 15    -0.95    -3.69   -10.32    -427.3     87.00     63.75    20.797     163084    0    0    0    0    1
2015  6 22 15 16    -0.96    -3.62   -10.44    -427.2     88.09     65.24    19.837     163008    0    0    0    0    1
2015  6 22 15 17    -1.14    -2.20   -10.38    -427.5     85.99     66.16    19.826     162922    0    0    0    0    1
2015  6 22 15 18    -0.88    -0.52   -10.18    -427.5     80.99     66.23    21.564     163729    0    0    0    0    1
2015  6 22 15 19    -0.56     0.16   -10.02    -427.8     77.91     65.30    23.021     164536    0    0    0    0    1
2015  6 22 15 20    -0.80     0.02    -9.94    -426.0     79.69     63.75    23.189     163783    0    0    0    0    1
2015  6 22 15 21    -1.22    -0.17    -9.89    -422.3     82.67     61.76    23.123     162455    0    0    0    0    1
2015  6 22 15 22    -1.99    -0.54    -9.77    -418.9     84.96     60.00    22.911     162388    0    0    0    0    1
2015  6 22 15 23    -3.32    -1.59    -9.04    -416.4     86.41     58.68    22.789     163105    0    0    0    0    0
2015  6 22 15 24    -4.89    -3.13    -7.76    -415.5     87.33     58.16    22.825     165448    0    0    0    0    0
2015  6 22 15 25    -5.03    -3.69    -7.31    -415.8     89.49     58.96    22.879     168482    0    0    0    0    0
2015  6 22 15 26    -4.21    -4.17    -7.92    -417.9     91.11     60.56    22.143     168482    0    0    0    0    0
2015  6 22 15 27    -3.31    -4.77    -8.51    -419.2     93.17     59.71    21.086     164698    0    0    0    0    0
2015  6 22 15 28    -3.21    -5.06    -8.55    -418.6     94.12     59.12    20.676     160467    0    0    0    0    0
2015  6 22 15 29    -3.23    -5.17    -8.50    -418.4     93.56     59.12    20.033     157436    0    1    1    0    1
2015  6 22 15 30    -2.78    -5.55    -8.52    -419.0     92.56     59.17    19.580     156356    0    1    1    0    1
2015  6 22 15 31    -2.61    -6.06    -8.11    -419.4     95.06     58.10    19.385     159323    0    1    1    0    1
2015  6 22 15 32    -2.80    -6.45    -7.96    -419.1     98.66     57.67    19.252     168062    0    0    0    0    0
2015  6 22 15 33    -2.78    -6.44    -8.13    -419.2    100.14     58.02    19.198     175549    0    0    0    0    0
2015  6 22 15 34    -2.47    -6.64    -7.92    -420.5    100.98     59.26    19.255     179566    0    1    1    0    1
2015  6 22 15 35    -2.34    -6.90    -7.80    -420.9    102.01     60.02    19.218     182147    0    1    1    0    1
2015  6 22 15 36    -2.15    -7.15    -7.82    -420.8    103.20     60.68    19.207     182550    0    1    1    0    1
2015  6 22 15 37    -2.01    -7.29    -7.94    -421.4    103.99     61.02    19.140     182382    0    0    0    0    0
2015  6 22 15 38    -1.74    -7.13    -7.90    -421.8    104.16     61.08    19.061     176341    0    0    0    0    1
2015  6 22 15 39    -1.72    -7.02    -8.18    -422.2    104.08     61.61    19.593     173895    0    1    1    0    1
2015  6 22 15 40    -1.67    -6.92    -8.28    -422.5    104.05     62.32    19.786     169015    0    1    1    0    1
2015  6 22 15 41    -1.86    -6.86    -8.07    -422.3    103.94     62.69    19.786     164789    0    1    1    0    1
2015  6 22 15 42    -2.20    -6.80    -8.08    -422.0    104.23     62.49    19.916     164719    0    0    0    0    0
2015  6 22 15 43    -2.30    -6.97    -7.83    -420.9    104.58     62.40    20.238     165117    0    0    0    0    1
2015  6 22 15 44    -2.29    -7.04    -7.80    -420.3    104.80     62.17    20.299     165194    0    0    0    0    1
2015  6 22 15 45    -2.21    -7.07    -7.78    -421.5    104.53     62.80    20.293     164762    0    0    0    0    1
2015  6 22 15 46    -2.20    -7.19    -7.64    -422.1    104.87     63.15    20.267     164715    0    0    0    0    1
2015  6 22 15 47    -2.20    -7.57    -6.73    -423.7    105.01     64.06    20.239     169178    0    1    1    0    1
2015  6 22 15 48    -1.99    -7.46    -7.09    -425.4    104.66     65.47    20.130     168732    0    1    1    0    1
2015  6 22 15 49    -1.72    -7.27    -7.47    -426.1    104.61     66.24    20.059     167672    0    0    0    0    1
2015  6 22 15 50    -1.93    -7.37    -7.24    -425.7    104.38     65.89    20.109     167672    0    1    1    0    1
2015  6 22 15 51    -2.27    -7.39    -7.04    -425.1    103.70     65.15    20.352     167645    0    1    1    0    1
2015  6 22 15 52    -2.27    -7.35    -6.91    -424.5    102.98     64.81    20.714     167532    0    1    1    0    1
2015  6 22 15 53    -2.28    -7.24    -6.87    -423.6    102.31     64.65    20.506     167397    0    1    1    0    1
2015  6 22 15 54    -1.70    -7.05    -6.70    -424.7    101.23     64.09    20.512     167271    0    0    0    0    1
2015  6 22 15 55    -1.17    -7.03    -6.72    -425.4    101.28     63.51    20.562     166836    0    0    0    0    0
2015  6 22 15 56    -1.37    -6.93    -6.56    -426.3    101.53     62.88    20.767     167574    0    0    0    0    0
2015  6 22 15 57    -1.68    -6.72    -5.46    -426.4     98.24     62.89    21.216     169947    0    0    0    0    0
2015  6 22 15 58    -1.68    -6.70    -4.20    -426.6     97.25     61.12    21.915     172047    0    0    0    0    0
2015  6 22 15 59    -2.11    -6.76    -3.76    -425.4     99.76     56.97    22.244     172408    0    0    0    0    0
2015  6 22 16  0    -3.03    -6.79    -2.77    -423.4    102.13     53.45    22.108     171973    0    0    0    0    0
2015  6 22 16  1    -3.31    -6.64    -1.28    -420.8    102.79     51.62    21.838     168251    0    0    0    0    0
2015  6 22 16  2    -3.80    -6.56    -0.91    -418.4    103.43     49.74    21.468     166315    0    0    0    0    0
2015  6 22 16  3    -4.53    -6.58    -1.06    -416.5    103.22     48.28    21.203     165577    0    0    0    0    0
2015  6 22 16  4    -5.33    -6.77    -1.48    -415.9    103.28     46.25    20.998     167257    0    0    0    0    0
2015  6 22 16  5    -5.22    -7.48    -1.76    -419.4    107.60     41.90    20.319     177708    0    0    0    0    0
2015  6 22 16  6    -4.73    -8.05    -1.63    -421.1    109.02     40.90    20.203     183602    0    0    0    0    0
2015  6 22 16  7    -4.64    -8.43    -1.95    -422.5    109.90     40.93    20.330     187282    0    1    1    0    1
2015  6 22 16  8    -4.15    -8.33    -3.24    -425.1    109.76     44.38    21.185     191374    0    1    1    0    1
2015  6 22 16  9    -3.31    -8.10    -4.32    -427.2    109.06     47.42    20.971     187011    0    0    0    0    0
2015  6 22 16 10    -3.02    -8.14    -3.92    -427.0    109.94     46.80    20.745     181588    0    0    0    0    0
2015  6 22 16 11    -2.82    -8.27    -2.99    -427.5    110.65     44.20    20.639     180827    0    0    0    0    0
2015  6 22 16 12    -2.75    -8.43    -2.29    -428.0    110.86     41.73    20.499     180827    0    0    0    0    0
2015  6 22 16 13    -2.74    -8.70    -1.82    -427.8    110.66     40.61    20.399     177267    0    0    0    0    0
2015  6 22 16 14    -2.81    -9.06    -1.24    -427.5    110.98     39.75    20.387     173777    0    0    0    0    0
2015  6 22 16 15    -2.89    -9.28    -0.76    -427.3    112.75     37.43    20.311     173416    0    0    0    0    0
2015  6 22 16 16    -2.92    -9.34    -0.33    -427.2    114.16     35.19    19.985     173997    0    0    0    0    0
2015  6 22 16 17    -2.84    -9.38     0.23    -427.7    114.26     33.00    19.557     174638    0    0    0    0    0
2015  6 22 16 18    -2.51    -9.23     1.41    -428.2    113.94     30.01    19.410     171732    0    0    0    0    0
2015  6 22 16 19    -2.36    -8.50     3.22    -427.6    112.24     27.47    19.368     169509    0    0    0    0    0
2015  6 22 16 20    -2.43    -7.93     4.31    -427.0    110.72     25.27    19.185     169952    0    0    0    0    0
2015  6 22 16 21    -2.49    -7.87     4.50    -426.7    109.92     23.78    18.754     174138    0    0    0    0    0
2015  6 22 16 22    -2.39    -7.68     4.95    -427.1    108.72     21.82    17.772     180126    0    0    0    0    0
2015  6 22 16 23    -2.32    -7.28     5.52    -427.8    108.09     18.77    16.585     181357    0    0    0    0    0
2015  6 22 16 24    -2.19    -6.93     6.12    -428.6    108.16     16.90    16.046     181484    0    1    1    0    1
2015  6 22 16 25    -1.44    -7.62     5.60    -429.5    108.71     17.05    16.151     174826    0    1    1    0    1
2015  6 22 16 26    -0.47    -9.46     4.12    -430.1    109.49     18.59    15.994     171154    0    1    1    0    1
2015  6 22 16 27    -0.32    -9.88     3.90    -430.6    109.61     18.67    15.618     170241    0    1    1    0    1
2015  6 22 16 28    -0.38    -9.62     4.35    -431.2    108.69     17.93    14.141     169478    0    1    1    1    1
2015  6 22 16 29    -0.63    -9.12     5.08    -431.3    107.91     16.04    13.673     169225    1    1    1    1    1
2015  6 22 16 30    -0.90    -8.63     5.90    -431.2    107.85     13.85    13.533     169204    1    1    1    1    1
2015  6 22 16 31    -0.95    -8.41     6.27    -431.3    107.22     12.79    13.410     169945    0    1    1    1    1
2015  6 22 16 32    -1.10    -7.71     6.84    -430.6    104.46     11.82    13.281     170045    0    0    0    0    0
2015  6 22 16 33    -1.47    -6.93     7.34    -430.2    101.47     10.44    13.222     173928    0    0    0    0    0
2015  6 22 16 34    -1.57    -6.75     7.47    -430.2    100.51     10.29    13.289     179933    0    0    0    0    0
2015  6 22 16 35    -1.59    -6.92     7.49    -430.1    100.77     10.55    13.359     181408    0    0    0    0    0
2015  6 22 16 36    -1.71    -7.24     7.35    -429.8    102.65     10.86    13.451     179140    0    0    0    0    0
2015  6 22 16 37    -1.79    -7.42     6.84    -428.7    104.00     13.19    13.568     176883    0    0    0    0    0
2015  6 22 16 38    -1.90    -7.45     6.49    -427.2    104.18     14.60    13.494     174594    0    0    0    0    0
2015  6 22 16 39    -2.36    -7.34     6.40    -426.1    103.62     14.07    13.244     172759    0    0    0    0    0
2015  6 22 16 40    -2.96    -7.20     6.32    -426.0    103.43     13.04    13.018     171981    0    0    0    0    0
2015  6 22 16 41    -2.81    -7.46     6.09    -426.1    104.10     13.60    12.910     171216    0    0    0    0    0
2015  6 22 16 42    -2.70    -7.88     5.75    -426.8    103.90     14.97    12.870     171216    0    0    0    0    0
2015  6 22 16 43    -2.70    -7.83     5.79    -427.4    103.78     15.53    12.970     171072    0    0    0    0    0
2015  6 22 16 44    -2.64    -7.68     5.89    -427.6    104.80     16.08    13.431     168038    0    0    0    0    0
2015  6 22 16 45    -2.67    -7.46     6.25    -427.7    104.80     14.78    13.786     160936    0    0    0    0    0
2015  6 22 16 46    -2.71    -7.19     6.66    -427.8    103.74     12.55    13.551     156983    0    1    1    1    1
2015  6 22 16 47    -2.82    -7.03     6.89    -427.1    102.12     10.35    12.905     159158    0    1    1    1    1
2015  6 22 16 48    -2.91    -6.69     7.26    -426.8     98.81      8.19    12.386     162496    0    1    1    1    1
2015  6 22 16 49    -2.70    -5.93     7.72    -428.3     95.29      6.94    12.357     166877    1    1    1    1    1
2015  6 22 16 50    -2.22    -5.03     8.05    -429.7     94.11      6.40    12.299     171105    1    1    1    1    1
2015  6 22 16 51    -2.34    -4.88     7.99    -429.6     93.71      6.94    12.231     175362    0    0    0    0    0
2015  6 22 16 52    -2.81    -5.00     7.94    -428.4     93.80      7.46    12.244     176874    0    0    0    0    0
2015  6 22 16 53    -3.19    -5.05     7.98    -426.6     94.27      7.85    12.267     176874    0    0    0    0    0
2015  6 22 16 54    -3.37    -5.03     7.99    -425.1     94.76      8.34    12.304     177761    0    0    0    0    0
2015  6 22 16 55    -2.88    -4.97     7.62    -435.6     94.30     12.20    12.564     184697    0    0    0    0    0
2015  6 22 16 56    -1.69    -4.92     7.57    -437.3     93.87     12.50    12.771     184384    0    0    0    0    0
2015  6 22 16 57    -1.33    -5.11     7.31    -437.8     95.48     11.44    12.691     184006    0    0    0    0    0
2015  6 22 16 58    -1.16    -5.26     7.03    -437.0     96.90     10.59    12.629     184580    0    0    0    0    0
2015  6 22 16 59    -1.36    -5.24     6.85    -434.6     97.45     10.25    12.631     185345    0    0    0    0    0
2015  6 22 17  0    -2.02    -5.19     6.80    -430.4     96.99      9.59    12.778     185345    0    0    0    0    0
2015  6 22 17  1    -2.83    -4.92     6.75    -428.8     96.83      9.24    12.952     184947    0    0    0    0    0
2015  6 22 17  2    -3.19    -5.06     7.27    -428.6     97.40      9.55    13.058     179391    0    0    0    0    0
2015  6 22 17  3    -3.06    -5.71     7.38    -428.9     94.87     11.50    13.238     175849    0    0    0    0    0
2015  6 22 17  4    -2.16    -6.58     5.89    -431.0     89.55     12.65    15.316     174100    0    0    0    0    0
2015  6 22 17  5    -1.98    -6.72     5.34    -429.2     90.10     13.35    15.758     171192    0    0    0    0    0
2015  6 22 17  6    -2.13    -6.77     4.58    -428.2     92.57     13.81    15.805     169908    0    0    0    0    0
2015  6 22 17  7    -2.38    -6.96     4.25    -428.0     98.07     17.93    15.855     171349    0    0    0    0    0
2015  6 22 17  8    -2.21    -8.37     3.18    -429.9    106.82     25.54    16.015     176318    0    0    0    0    0
2015  6 22 17  9    -1.69    -9.05     2.39    -430.9    113.77     27.17    16.148     178307    0    0    0    0    0
2015  6 22 17 10    -1.17    -9.18     2.04    -431.6    115.57     27.37    16.368     179177    0    0    0    0    0
2015  6 22 17 11    -0.62    -8.83     2.41    -435.0    115.90     27.42    16.583     187605    0    0    0    0    0
2015  6 22 17 12    -0.52    -8.52     3.01    -440.0    116.24     26.28    17.175     191577    0    0    0    0    0
2015  6 22 17 13    -0.58    -8.53     2.88    -439.4    112.82     28.54    17.565     187660    0    0    0    0    0
2015  6 22 17 14     0.84    -6.79     0.00    -445.2    105.62     35.68    19.883     182717    0    0    0    0    0
2015  6 22 17 15     2.04    -5.31    -1.81    -449.5     99.23     43.60    21.352     179021    0    0    0    0    0
2015  6 22 17 16     2.02    -4.83    -1.98    -449.1     97.25     50.89    21.128     177688    0    0    0    0    0
2015  6 22 17 17     1.75    -4.62    -3.10    -448.4     96.85     57.76    20.511     177689    0    0    0    0    0
2015  6 22 17 18     1.61    -4.22    -5.38    -447.5     98.36     62.30    20.024     178111    0    0    0    0    1
2015  6 22 17 19     1.37    -3.91    -7.06    -446.1    101.84     63.29    19.897     180142    0    0    0    0    1
2015  6 22 17 20     0.64    -4.97    -6.39    -443.7    103.37     61.05    19.517     184079    0    0    0    0    1
2015  6 22 17 21    -0.51    -6.51    -5.47    -440.3    106.68     59.08    19.173     184079    0    0    0    0    1
2015  6 22 17 22    -1.25    -7.37    -4.94    -436.8    108.35     56.94    18.905     180308    0    0    0    0    0
2015  6 22 17 23    -1.72    -7.73    -4.70    -433.6    108.87     54.86    18.702     174650    0    0    0    0    0
2015  6 22 17 24    -2.03    -7.72    -4.66    -432.8    108.78     54.33    18.610     174653    0    0    0    0    0
2015  6 22 17 25    -1.95    -6.93    -4.94    -432.6    106.15     53.97    18.085     174722    0    0    0    0    0
2015  6 22 17 26    -1.59    -5.96    -6.14    -433.2    104.54     59.97    18.602     184240    0    0    0    0    0
2015  6 22 17 27    -1.40    -5.88    -6.54    -433.0    104.64     63.96    19.327     183955    0    0    0    0    0
2015  6 22 17 28    -0.94    -6.36    -6.84    -435.0    107.73     65.30    19.579     176231    0    0    0    0    0
2015  6 22 17 29    -0.38    -6.96    -6.90    -436.3    109.76     63.85    19.528     171611    0    0    0    0    0
2015  6 22 17 30    -0.21    -7.24    -6.95    -437.1    111.66     62.68    19.387     167003    0    0    0    0    0
2015  6 22 17 31    -0.17    -7.45    -6.81    -438.9    113.38     62.27    19.455     164276    0    0    0    0    0
2015  6 22 17 32     0.78    -7.49    -5.80    -443.5    115.78     60.49    19.631     164335    0    0    0    0    0
2015  6 22 17 33     1.74    -8.12    -4.96    -446.6    114.69     60.59    19.880     171975    0    0    0    0    0
2015  6 22 17 34     2.37    -5.80    -5.71    -447.8    105.72     64.04    20.623     171107    0    0    0    0    0
2015  6 22 17 35     2.43    -2.82    -5.75    -448.6     92.35     66.25    20.910     169146    0    0    0    0    0
2015  6 22 17 36     2.45    -1.71    -5.32    -448.8     81.01     66.81    20.849     165123    0    0    0    0    0
2015  6 22 17 37     2.80    -0.37    -5.64    -448.7     75.32     66.80    20.654     162080    0    0    0    0    0
2015  6 22 17 38     3.53     0.00    -6.40    -448.5     81.31     66.56    20.503     162061    0    1    1    0    1
2015  6 22 17 39     4.14    -0.96    -6.49    -448.7     88.93     66.23    19.786     162313    0    1    1    0    1
2015  6 22 17 40     4.40    -1.32    -6.18    -448.8     90.06     66.29    19.072     165352    0    1    1    0    1
2015  6 22 17 41     3.82    -3.24    -5.43    -447.8     93.79     65.59    19.084     168352    1    1    1    0    1
2015  6 22 17 42     2.29    -6.16    -4.34    -445.4     99.61     63.80    19.173     168871    1    1    1    0    1
2015  6 22 17 43     0.65    -7.96    -3.22    -441.6    102.45     61.31    19.190     168871    1    1    1    0    1
2015  6 22 17 44    -0.16    -8.77    -2.81    -438.2    104.50     59.21    19.191     168651    0    1    1    0    1
2015  6 22 17 45    -0.69    -9.02    -2.67    -435.4    105.97     57.78    19.182     168460    0    1    1    0    1
2015  6 22 17 46    -0.95    -8.43    -2.84    -433.8    106.48     57.74    19.159     168687    1    1    1    0    1
2015  6 22 17 47    -0.35    -6.40    -4.29    -432.3    105.91     58.52    19.127     170393    1    1    1    0    1
2015  6 22 17 48     0.59    -4.79    -5.39    -431.7    105.51     60.27    19.233     170450    1    1    1    0    1
2015  6 22 17 49     0.42    -4.43    -6.34    -431.3    104.51     63.05    19.683     168909    0    1    1    0    1
2015  6 22 17 50     0.09    -4.13    -6.96    -430.9    104.87     65.52    20.304     168338    0    1    1    0    1
2015  6 22 17 51    -0.52    -4.83    -6.78    -427.5    107.94     62.81    20.009     168219    0    0    0    0    0
2015  6 22 17 52    -1.45    -5.92    -6.18    -423.8    111.17     58.82    19.603     167738    0    0    0    0    0
2015  6 22 17 53    -3.65    -7.88    -4.23    -422.4    112.79     53.64    19.580     165161    0    0    0    0    0
2015  6 22 17 54    -4.25    -8.00    -2.97    -421.2    114.10     50.17    19.062     165118    0    0    0    0    0
2015  6 22 17 55    -4.34    -8.19    -2.42    -422.3    114.61     48.46    18.973     168094    0    0    0    0    0
2015  6 22 17 56    -3.86    -8.49    -1.83    -424.3    115.35     46.75    18.256     167566    0    0    0    0    0
2015  6 22 17 57    -3.53    -8.56    -1.46    -424.7    116.51     43.62    17.786     164522    0    0    0    0    0
2015  6 22 17 58    -3.53    -8.68    -1.18    -424.9    116.30     41.98    17.511     163529    0    0    0    0    0
2015  6 22 17 59    -3.55    -8.64    -1.16    -424.0    115.53     44.03    17.610     163504    0    0    0    0    0
2015  6 22 18  0    -3.68    -8.50    -1.54    -422.1    115.36     47.07    17.995     163504    0    0    0    0    0
2015  6 22 18  1    -3.96    -8.23    -1.79    -422.2    113.90     48.53    18.827     163839    0    0    0    0    0
2015  6 22 18  2    -3.70    -8.48    -2.15    -425.1    115.11     47.60    20.018     163985    0    0    0    0    0
2015  6 22 18  3    -3.39    -8.54    -1.58    -427.1    114.33     44.78    19.710     163935    0    0    0    0    0
2015  6 22 18  4    -3.28    -8.21    -0.79    -427.7    110.40     45.37    18.727     164822    0    0    0    0    0
2015  6 22 18  5    -3.66    -7.54    -0.59    -426.3    106.20     46.49    17.960     169496    0    0    0    0    0
2015  6 22 18  6    -4.36    -6.84    -0.68    -423.7    103.89     46.52    17.677     176698    0    0    0    0    0
2015  6 22 18  7    -5.26    -6.50    -1.03    -422.4    102.71     46.54    17.412     181301    0    0    0    0    0
2015  6 22 18  8    -5.17    -6.81    -1.08    -422.3    102.62     49.10    17.578     181378    0    0    0    0    0
2015  6 22 18  9    -4.88    -6.96    -1.29    -422.6    105.54     50.70    18.439     173539    0    0    0    0    0
2015  6 22 18 10    -4.85    -7.13    -1.32    -423.7    106.32     50.86    18.659     172546    0    0    0    0    0
2015  6 22 18 11    -4.30    -7.47    -0.98    -426.6    105.50     49.96    18.558     172397    0    0    0    0    0
2015  6 22 18 12    -3.67    -7.93    -0.66    -427.5    107.18     48.69    18.494     169070    0    0    0    0    0
2015  6 22 18 13    -3.39    -8.02    -0.35    -427.8    109.59     47.60    18.483     165668    0    0    0    0    0
2015  6 22 18 14    -3.21    -7.99    -0.21    -425.5    109.65     47.30    18.350     165339    0    0    0    0    0
2015  6 22 18 15    -3.24    -7.97    -0.15    -420.8    108.74     47.42    18.114     165339    0    0    0    0    0
2015  6 22 18 16    -4.56    -7.48    -0.61    -419.4    108.34     49.11    17.799     165711    0    0    0    0    0
2015  6 22 18 17    -5.37    -7.20    -0.95    -420.3    108.81     49.90    17.658     167828    0    0    0    0    0
2015  6 22 18 18    -5.30    -7.08    -0.94    -419.8    108.44     47.87    17.468     169181    0    0    0    0    0
2015  6 22 18 19    -5.28    -7.01    -0.09    -419.1    107.67     45.23    17.384     169492    0    0    0    0    0
2015  6 22 18 20    -5.51    -7.01     0.66    -418.0    108.51     42.99    17.387     168503    0    0    0    0    0
2015  6 22 18 21    -5.69    -7.06     1.03    -417.3    109.75     41.77    17.396     167644    0    0    0    0    0
2015  6 22 18 22    -5.66    -7.04     1.21    -417.8    109.87     41.29    17.293     166494    0    0    0    0    0
2015  6 22 18 23    -5.56    -6.63     1.24    -419.0    108.28     40.08    16.879     165383    0    0    0    0    0
2015  6 22 18 24    -5.34    -5.78     2.36    -419.6    107.18     39.11    16.282     163316    0    0    0    0    0
2015  6 22 18 25    -4.86    -5.31     3.41    -420.2    108.42     38.91    16.039     161001    0    0    0    0    0
2015  6 22 18 26    -5.15    -6.25     2.49    -422.1    108.79     38.86    16.339     157607    0    0    0    0    0
2015  6 22 18 27    -5.32    -6.41     1.32    -422.1    108.82     40.13    16.348     157482    0    0    0    0    0
2015  6 22 18 28    -5.32    -6.12     1.57    -420.2    108.99     40.48    16.248     159155    0    0    0    0    0
2015  6 22 18 29    -2.73    -7.41     1.08    -428.7    111.01     46.73    20.089     163237    0    0    0    0    0
2015  6 22 18 30    -2.03    -8.35     0.02    -433.4    112.31     48.11    20.726     158066    0    0    0    0    0
2015  6 22 18 31    -2.08    -8.70     0.09    -433.5    112.10     47.45    20.038     156123    0    0    0    0    0
2015  6 22 18 32    -2.23    -8.53     0.80    -433.5    111.77     45.74    19.528     156156    0    0    0    0    0
2015  6 22 18 33    -2.50    -8.43     0.96    -433.3    111.97     45.79    19.432     156627    0    0    0    0    0
2015  6 22 18 34    -2.52    -8.76     0.48    -433.6    113.00     47.56    19.577     159139    0    0    0    0    0
2015  6 22 18 35    -2.28    -8.83     0.09    -433.1    114.13     49.16    20.051     163294    0    0    0    0    0
2015  6 22 18 36     3.26    -7.85   -20.02    -650.3     50.51     19.49    51.077     194167    0    0    0    0    0
2015  6 22 18 37     8.79   -20.49   -24.00    -654.8     51.89     27.07    52.044     417105    0    0    0    0    0
2015  6 22 18 38     5.51   -21.54   -25.06    -659.4     48.21     34.31    48.410     640044    0    0    0    0    1
2015  6 22 18 39     3.80   -20.53   -24.31    -664.6     43.56     33.36    46.312     862982    0    0    0    0    1
2015  6 22 18 40     3.05   -19.39   -21.45    -661.4     36.26     26.97    50.320     872276    0    0    0    0    0
2015  6 22 18 41     0.95   -18.12   -17.97    -657.4     29.90     21.16    53.225     879573    0    0    0    0    1
2015  6 22 18 42    -2.20   -17.00   -13.81    -662.4     25.84     21.44    53.537     852340    0    0    0    0    1
2015  6 22 18 43    -8.06   -16.62   -15.44    -686.7     13.81     29.32    52.294     781534    0    0    0    0    1
2015  6 22 18 44   -10.49   -14.61   -20.96    -681.1     12.61     35.81    51.276     811212    0    0    0    0    1
2015  6 22 18 45    -7.79   -13.37   -20.87    -667.3     12.69     40.01    52.009     853609    0    0    0    0    1
2015  6 22 18 46    -0.17   -10.78   -22.63    -677.7     13.19     54.16    52.409     860810    0    0    0    0    0
2015  6 22 18 47     3.27   -13.89   -21.69    -685.9     13.29     64.93    53.308     768879    0    0    0    0    0
2015  6 22 18 48     9.28   -17.48   -20.76    -689.4     21.10     69.01    54.495     735991    0    0    0    0    0
2015  6 22 18 49    11.78   -17.13   -20.98    -689.4     20.96     68.02    53.292     752822    0    0    0    0    0
2015  6 22 18 50    10.00   -15.74   -22.29    -689.6     14.88     66.75    50.946     761885    0    0    0    0    0
2015  6 22 18 51     8.39   -10.57   -24.42    -691.6     13.17     60.48    50.945     699617    0    0    0    0    0
2015  6 22 18 52     7.93    -7.84   -25.54    -693.0     12.87     55.91    56.053     672682    0    0    0    0    0
2015  6 22 18 53     8.48   -10.14   -26.11    -694.6     15.10     59.27    58.493     671886    0    0    0    0    0
2015  6 22 18 54     9.22    -8.85   -24.53    -695.5     22.37     62.53    58.183     785075    0    0    0    0    0
2015  6 22 18 55     0.62    10.10   -18.99    -695.7     30.31     64.94    55.570     800611    0    0    0    0    0
2015  6 22 18 56    -0.53    12.57   -18.29    -697.0     38.46     59.78    52.186     776377    0    0    0    0    0
2015  6 22 18 57     9.35    -3.47   -22.62    -697.9     48.80     59.92    46.296     732545    0    0    0    0    0
2015  6 22 18 58    14.48   -10.04   -23.23    -695.9     48.38     53.63    44.706     698082    0    0    0    0    0
2015  6 22 18 59    15.51   -14.99   -21.48    -692.8     47.14     46.15    43.084     684813    0    0    0    0    0
2015  6 22 19  0    15.35   -16.05   -21.17    -691.3     47.43     43.03    42.251     682183    0    0    0    0    0
2015  6 22 19  1    15.23   -15.76   -21.10    -690.7     47.66     43.61    42.303     682183    0    0    0    0    0
2015  6 22 19  2    14.94   -14.94   -22.09    -690.0     44.27     40.48    42.684     672256    0    0    0    0    0
2015  6 22 19  3    14.62   -13.54   -23.44    -687.0     39.69     35.98    42.328     644941    0    0    0    0    0
2015  6 22 19  4    13.37   -12.19   -25.38    -684.7     34.99     31.88    41.344     626899    0    0    0    0    0
2015  6 22 19  5    11.48   -10.53   -27.16    -684.1     30.00     27.83    40.500     626827    0    0    0    0    0
2015  6 22 19  6     9.24    -7.21   -27.64    -682.7     27.44     26.59    39.237     630239    0    0    0    0    0
2015  6 22 19  7     6.19    -3.18   -28.30    -681.8     27.47     28.29    36.894     635561    0    0    0    0    0
2015  6 22 19  8     5.37    -2.26   -29.93    -682.1     27.56     28.35    35.085     649636    0    0    0    0    0
2015  6 22 19  9     5.76    -3.97   -32.05    -682.5     29.60     33.34    34.178     694495    0    0    0    0    1
2015  6 22 19 10     4.95    -3.67   -33.73    -683.5     30.66     48.31    34.258     751077    0    0    0    0    1
2015  6 22 19 11     3.33     0.68   -33.83    -683.8     31.48     64.85    34.744     782748    0    0    0    0    1
2015  6 22 19 12    -0.64     7.07   -33.75    -681.8     33.35     74.23    34.560     783224    0    0    0    0    0
2015  6 22 19 13    -3.69    11.61   -33.81    -679.3     36.57     75.22    33.115     777243    0    0    0    0    0
2015  6 22 19 14    -3.81    11.69   -34.12    -677.2     38.62     73.61    32.294     760357    0    0    0    0    0
2015  6 22 19 15    -3.72    11.36   -34.27    -673.4     35.56     70.16    32.378     760681    0    0    0    0    0
2015  6 22 19 16    -2.68    10.87   -34.85    -672.9     39.29     65.36    32.378     780125    0    0    0    0    0
2015  6 22 19 17     1.45     6.63   -35.43    -673.2     39.93     63.55    31.335     874586    0    0    0    0    0
2015  6 22 19 18     2.33     4.94   -36.15    -675.1     42.20     61.33    29.997     970117    0    0    0    0    0
2015  6 22 19 19     1.44     4.80   -35.98    -677.7     41.86     60.89    29.658    1003300    0    0    0    0    0
2015  6 22 19 20     1.22     3.71   -35.86    -678.2     38.40     60.02    31.985     993635    0    0    0    0    1
2015  6 22 19 21     0.23     7.00   -35.96    -679.0     33.68     57.53    33.140     943336    0    0    0    0    1
2015  6 22 19 22    -0.43    12.12   -36.85    -677.3     29.43     53.96    32.403     885993    0    0    0    0    1
2015  6 22 19 23    -0.37    10.46   -38.22    -677.0     24.82     49.04    33.126     817590    0    0    0    0    1
2015  6 22 19 24     0.38     8.84   -39.04    -676.7     24.40     47.19    34.670     730911    0    0    0    0    0
2015  6 22 19 25     2.89     5.05   -38.59    -676.8     21.73     45.59    39.582     653655    0    0    0    0    0
2015  6 22 19 26     4.85     0.84   -37.67    -677.5     20.16     40.07    42.114     599380    0    0    0    0    0
2015  6 22 19 27     5.13    -0.78   -36.77    -678.3     20.64     36.12    41.479     554550    0    0    0    0    0
2015  6 22 19 28     5.53    -2.20   -36.56    -678.4     23.06     37.36    38.920     541091    0    0    0    0    0
2015  6 22 19 29     5.97    -1.89   -36.66    -678.1     24.43     38.37    36.522     542329    0    0    0    0    0
2015  6 22 19 30     6.16    -1.51   -36.62    -674.9     23.56     39.53    36.265     547413    0    0    0    0    0
2015  6 22 19 31     6.19    -1.56   -35.92    -675.7     22.43     39.83    37.229     549759    0    0    0    0    0
2015  6 22 19 32     6.25    -2.32   -35.54    -675.7     21.00     39.53    37.304     547001    0    0    0    0    0
2015  6 22 19 33     7.68    -2.53   -34.98    -673.0     20.66     39.67    37.132     526318    0    0    0    0    0
2015  6 22 19 34     8.71    -2.60   -34.53    -670.9     19.32     40.85    36.045     507308    0    0    0    0    0
2015  6 22 19 35     9.94    -3.63   -34.43    -666.7     15.80     44.13    35.935     500027    0    0    0    0    0
2015  6 22 19 36    10.37    -3.94   -34.49    -663.6     13.90     43.51    38.237     493647    0    0    0    0    0
2015  6 22 19 37     9.92    -3.53   -34.65    -661.6     13.87     40.45    41.421     483914    0    0    0    0    0
2015  6 22 19 38     9.79    -4.34   -33.96    -660.2     13.76     34.78    42.971     464434    0    0    0    0    0
2015  6 22 19 39    10.80    -7.19   -31.63    -658.3     13.23     25.47    43.174     439701    0    0    0    0    0
2015  6 22 19 40    12.31   -10.57   -29.00    -654.6     12.16     15.93    44.053     423331    0    0    0    0    0
2015  6 22 19 41    13.56   -13.59   -27.72    -649.0      8.81     10.07    45.882     419174    0    0    0    0    0
2015  6 22 19 42    13.69   -14.00   -27.79    -648.3      6.32     10.57    49.140     405442    0    0    0    0    0
2015  6 22 19 43    13.81   -14.43   -26.95    -647.6      5.72      7.89    49.042     376365    0    0    0    0    0
2015  6 22 19 44    15.85   -17.74   -20.17    -645.9      5.87      5.58    48.527     374898    0    0    0    0    0
2015  6 22 19 45    18.05   -19.79   -21.18    -644.1      6.46      5.26    48.139     394622    0    0    0    0    0
2015  6 22 19 46    18.53   -21.50   -16.24    -641.7      6.92      5.83    47.643     460183    0    0    0    0    0
2015  6 22 19 47    17.23   -20.86   -12.36    -640.8      7.68      7.33    47.826     505816    0    0    0    0    0
2015  6 22 19 48     3.43    -7.23    -6.95    -640.9      9.09      8.17    47.603     515800    0    0    0    0    0
2015  6 22 19 49    -2.97    -1.42    -5.01    -640.3     10.25      7.29    47.828     514322    0    0    0    0    0
2015  6 22 19 50    -7.17     2.59    -3.07    -638.5      9.30      8.62    46.490     462536    0    0    0    0    0
2015  6 22 19 51   -16.49    13.95    -0.72    -634.8      7.15     11.68    45.325     389145    0    0    0    0    0
2015  6 22 19 52   -25.58    26.57     0.45    -630.3      4.22     15.02    45.357     338276    0    0    0    0    0
2015  6 22 19 53   -25.58    28.07     2.48    -628.1     -1.68     19.28    44.064     338293    0    0    0    0    0
2015  6 22 19 54   -25.57    28.84     3.80    -626.6     -7.89     19.01    43.029     338500    0    0    0    0    0
2015  6 22 19 55   -25.98    28.55     3.96    -627.5    -14.23      1.57    42.684     341727    0    0    0    0    0
2015  6 22 19 56   -26.68    26.49     3.80    -630.5    -14.66     -7.64    42.221     345703    0    0    0    0    0
2015  6 22 19 57   -26.83    26.29     3.40    -631.0    -14.58    -10.43    41.919     350304    0    0    0    0    0
2015  6 22 19 58   -27.24    25.81     4.76    -627.7    -13.70      4.04    41.075     359682    0    0    0    0    0
2015  6 22 19 59   -27.45    25.37     7.47    -627.2     -7.65      4.38    40.544     359351    0    0    0    0    0
2015  6 22 20  0   -27.47    26.00     9.64    -627.9     -1.06      6.05    40.762     349498    0    0    0    0    0
2015  6 22 20  1   -27.33    27.19    11.35    -630.4      5.75      6.75    40.844     341252    0    0    0    0    0
2015  6 22 20  2   -26.55    28.36    10.90    -632.6      8.89      7.79    41.625     334871    0    0    0    0    0
2015  6 22 20  3   -26.78    28.46    10.63    -634.2     10.62      9.11    42.562     326996    0    0    0    0    0
2015  6 22 20  4   -27.04    28.60    10.31    -634.4      9.65      9.63    41.708     322414    0    0    0    0    0
2015  6 22 20  5   -26.81    29.39     8.53    -633.6      9.09      9.36    41.242     320391    0    0    0    0    0
2015  6 22 20  6   -26.29    30.54     5.39    -631.6      9.66      8.54    41.605     318881    0    0    0    0    0
2015  6 22 20  7   -26.91    30.36     5.21    -629.4     10.80      6.19    41.554     314560    0    0    0    0    0
2015  6 22 20  8   -27.60    28.95     7.49    -628.9     10.20      3.28    40.339     313704    0    0    0    0    0
2015  6 22 20  9   -27.92    26.82     7.97    -627.3      9.01      3.28    40.317     313706    0    0    0    0    0
2015  6 22 20 10   -28.90    26.10    10.40    -626.5     10.13      3.29    40.049     313731    0    0    0    0    0
2015  6 22 20 11   -27.65    26.35    12.42    -624.7     12.16     -2.06    38.859     313731    0    0    0    0    0
2015  6 22 20 12   -27.92    24.97    13.98    -626.0     13.54     -7.53    38.561     298867    0    0    0    0    0
2015  6 22 20 13   -27.18    24.97    14.02    -626.4     13.70     -0.65    38.558     289833    0    0    0    0    0
2015  6 22 20 14   -25.80    27.59     9.17    -625.9     15.74      0.34    38.487     289833    0    0    0    0    0
2015  6 22 20 15   -25.80    27.86     7.98    -625.3     17.51     -1.87    37.517     294544    0    0    0    0    0
2015  6 22 20 16   -27.46    26.78    13.43    -626.4     16.91      2.66    37.543     296867    0    0    0    0    0
2015  6 22 20 17   -27.46    24.96    16.50    -625.0     16.91      2.56    40.422     296867    0    0    0    0    0
2015  6 22 20 18   -26.81    24.02    17.23    -622.7     17.37     -3.13    43.061     287715    0    0    0    0    0
2015  6 22 20 19   -26.18    24.04    17.56    -621.7     17.32     -4.40    44.089     285754    0    0    0    0    0
2015  6 22 20 20   -25.57    23.87    18.55    -622.2     16.34     -5.33    43.900     290835    0    0    0    0    0
2015  6 22 20 21   -25.45    21.48    18.85    -622.2     18.67     -5.13    41.686     301181    0    0    0    0    0
2015  6 22 20 22   -26.60    20.11    18.03    -620.5     19.41     -4.33    41.098     303417    0    0    0    0    0
2015  6 22 20 23   -27.14    19.45    17.65    -619.3     21.32     -3.43    40.052     301191    0    0    0    0    0
2015  6 22 20 24   -27.26    19.63    18.88    -618.5     24.20     -1.51    39.406     300051    0    0    0    0    0
2015  6 22 20 25   -26.01    17.66    20.31    -617.5     26.32     -1.01    39.431     303767    0    0    0    0    0
2015  6 22 20 26   -24.75    15.63    22.09    -616.7     26.56     -2.07    39.039     307789    0    0    0    0    0
2015  6 22 20 27   -23.67    14.84    23.82    -616.0     26.10     -4.16    40.263     309169    0    0    0    0    0
2015  6 22 20 28   -22.79    14.51    24.49    -616.8     26.51     -5.73    39.945     310197    0    0    0    0    0
2015  6 22 20 29   -21.43    12.89    24.89    -619.1     25.19     -4.66    39.707     311362    0    0    0    0    0
2015  6 22 20 30   -18.34    12.40    24.55    -619.5     19.06     -0.21    39.125     316100    0    0    0    0    0
2015  6 22 20 31   -17.05    13.45    24.28    -618.6     16.23      3.12    38.453     321392    0    0    0    0    0
2015  6 22 20 32   -18.22    13.33    24.00    -618.5     19.19      5.89    34.715     339327    0    0    0    0    0
2015  6 22 20 33   -20.19    13.78    24.01    -618.8     21.22      5.45    32.321     349145    0    0    0    0    0
2015  6 22 20 34   -20.72    14.49    24.75    -616.3     17.19      4.27    32.850     336031    0    0    0    0    0
2015  6 22 20 35   -20.09    15.99    25.85    -613.2     12.29      1.62    33.474     316903    0    0    0    0    0
2015  6 22 20 36   -19.08    18.08    26.44    -612.2     13.47     -2.31    32.606     305058    0    0    0    0    0
2015  6 22 20 37   -18.29    17.82    25.49    -614.9     22.02     -0.03    29.788     310158    0    0    0    0    0
2015  6 22 20 38   -17.36    17.37    23.71    -617.0     25.38      3.14    28.815     348570    0    0    0    0    0
2015  6 22 20 39   -16.74    18.64    20.27    -617.6     25.57      7.19    29.401     396263    0    0    0    0    0
2015  6 22 20 40   -18.05    25.47    20.81    -620.5     23.12     12.94    30.180     414824    0    0    0    0    0
2015  6 22 20 41   -22.35    29.13    21.36    -628.5     26.42     14.16    29.600     416948    0    0    0    0    0
2015  6 22 20 42   -22.58    30.97    20.56    -629.0     26.02     12.94    28.687     426776    0    0    0    0    0
2015  6 22 20 43   -22.71    30.54    20.54    -628.4     25.21     13.45    28.093     450103    0    0    0    0    0
2015  6 22 20 44   -22.63    26.29    20.36    -626.1     26.36     16.78    27.196     476175    0    0    0    0    0
2015  6 22 20 45   -22.63    26.22    18.29    -626.1     29.37     17.74    27.428     523682    0    0    0    0    0
2015  6 22 20 46   -14.35    24.45    13.39    -622.7     29.41     17.48    29.696     565960    0    0    0    0    0
2015  6 22 20 47   -12.67    24.36    11.99    -623.5     26.09     16.18    31.796     615855    0    0    0    0    0
2015  6 22 20 48   -12.79    22.87    12.00    -629.5     21.18     15.96    30.969     672089    0    0    0    0    0
2015  6 22 20 49   -12.39    20.09    11.87    -629.6     18.01     17.39    30.619     708760    0    0    0    0    0
2015  6 22 20 50   -11.10    20.08    10.80    -629.5     16.73     20.62    29.475     743136    0    0    0    0    0
2015  6 22 20 51    -9.96    21.35     6.67    -635.1     22.49     32.54    31.732     763212    0    0    0    0    0
2015  6 22 20 52    -8.66    20.01     5.52    -639.4     25.38     33.48    32.707     789748    0    0    0    0    0
2015  6 22 20 53    -6.43    18.34     4.86    -643.0     26.55     33.28    33.658     825628    0    0    0    0    0
2015  6 22 20 54    -6.92    18.11     1.94    -642.8     23.98     31.88    34.313     831464    0    0    0    0    0
2015  6 22 20 55    -8.34    18.80     2.55    -637.5     21.91     39.68    34.755     824717    0    0    0    0    0
2015  6 22 20 56    -9.68    20.62     4.03    -632.4     19.79     47.28    34.988     809632    0    0    0    0    0
2015  6 22 20 57   -10.27    24.25     3.98    -633.7     15.45     44.96    33.631     786703    0    0    0    0    0
2015  6 22 20 58   -10.72    24.36     1.12    -639.5     17.90     48.27    31.671     842542    0    0    0    0    0
2015  6 22 20 59   -11.99    23.59    -3.63    -641.9     17.04     38.97    32.174     908639    0    0    0    0    0
2015  6 22 21  0   -12.86    22.54    -6.12    -641.4      9.27     31.86    32.420     920406    0    0    0    0    0
2015  6 22 21  1   -13.15    22.87    -6.68    -639.2      3.36     31.07    32.399     914451    0    0    0    0    0
2015  6 22 21  2   -13.08    23.86    -7.13    -636.0      0.99     32.80    32.189     909525    0    0    0    0    0
2015  6 22 21  3   -13.05    23.71    -8.59    -633.3      1.90     36.22    30.979     876372    0    0    0    0    0
2015  6 22 21  4   -13.64    22.23   -10.53    -632.5      5.75     41.41    28.794     806785    0    0    0    0    0
2015  6 22 21  5   -14.68    22.97   -11.04    -631.9     12.35     50.59    28.795     811152    0    0    0    0    0
2015  6 22 21  6   -14.51    25.22    -9.90    -630.4     18.08     59.51    28.790     830722    0    0    0    0    0
2015  6 22 21  7   -13.86    26.51    -9.25    -628.1     21.91     67.70    28.713     860906    0    0    0    0    0
2015  6 22 21  8   -13.82    25.73   -10.64    -628.1     26.74     75.75    28.141     857058    0    0    0    0    0
2015  6 22 21  9   -13.52    24.80   -12.72    -628.6     26.58     72.69    28.028     804665    0    0    0    0    0
2015  6 22 21 10   -13.52    24.85   -12.48    -629.0     22.10     66.13    27.882     800835    0    0    0    0    0
2015  6 22 21 11   -13.84    25.18   -10.69    -626.7     19.08     57.92    28.431     800835    0    0    0    0    0
2015  6 22 21 12   -12.72    25.28    -8.66    -625.0     15.39     48.56    28.160     800835    0    0    0    0    0
2015  6 22 21 13   -12.23    25.16    -4.31    -625.2     11.47     38.17    29.871     806784    0    0    0    0    0
2015  6 22 21 14   -10.48    24.47    -2.54    -628.2     14.05     29.73    30.545     811954    0    0    0    0    0
2015  6 22 21 15   -10.51    23.69    -1.50    -629.8     12.50     28.93    30.319     838808    0    0    0    0    0
2015  6 22 21 16   -11.12    22.42    -1.60    -631.2     16.77     39.87    30.299     861645    0    0    0    0    0
2015  6 22 21 17   -11.70    22.33    -2.36    -639.1     21.62     49.55    30.056     875803    0    0    0    0    0
2015  6 22 21 18   -10.63    22.49    -3.85    -646.6     25.89     58.88    29.943     858930    0    0    0    0    1
2015  6 22 21 19    -6.68    22.44    -4.98    -646.6     29.82     53.69    30.008     856969    0    1    1    1    1
2015  6 22 21 20    -8.46    18.43     1.62    -648.1     30.28     47.32    29.890     864106    0    1    1    2    2
2015  6 22 21 21   -11.98    17.00     4.40    -646.5     26.29     38.83    29.767     864370    0    1    1    2    1
2015  6 22 21 22   -13.46    18.19     6.32    -648.9     21.96     28.83    29.622     853772    0    1    0    2    1
2015  6 22 21 23   -13.43    22.06    11.84    -650.1     19.02     20.65    30.895     848903    0    0    0    0    0
2015  6 22 21 24   -13.33    21.37    13.18    -647.8     18.44     15.11    31.055     844742    0    0    0    0    0
2015  6 22 21 25   -14.65    20.51    12.96    -642.8     18.74     11.96    29.779     844534    0    0    0    0    0
2015  6 22 21 26   -14.95    20.18    12.24    -640.7     26.61      9.88    29.144     834632    0    0    0    0    0
2015  6 22 21 27   -14.75    19.71    11.86    -641.8     38.17     15.70    28.981     809154    0    0    0    0    0
2015  6 22 21 28   -15.80    13.79    17.44    -646.9     42.53     25.80    29.420     800255    0    0    0    0    0
2015  6 22 21 29   -15.90    12.55    18.22    -649.0     42.64     26.48    31.483     817596    0    0    0    0    0
2015  6 22 21 30   -15.80    16.81    18.64    -654.7     37.32     23.01    31.521     852233    0    0    0    0    0
2015  6 22 21 31   -13.65    18.25    18.64    -665.9     35.09     16.58    31.619     861690    0    0    0    0    0
2015  6 22 21 32   -11.49    19.04    16.74    -669.6     32.51     21.09    33.134     861633    0    0    0    0    0
2015  6 22 21 33   -10.97    21.28    15.95    -664.5     27.29     31.98    33.042     854936    0    0    0    0    0
2015  6 22 21 34   -11.93    22.06    15.13    -660.1     24.82     37.19    32.433     851528    0    0    0    0    0
2015  6 22 21 35   -14.56    21.56    15.43    -658.3     24.82     36.79    31.350     851528    0    0    0    0    0
2015  6 22 21 36   -16.85    21.45    16.92    -658.4     24.04     35.11    30.160     835194    0    0    0    0    0
2015  6 22 21 37   -15.10    22.06    14.74    -658.3     21.78     33.57    30.365     800263    0    0    0    0    0
2015  6 22 21 38   -14.14    21.81    11.24    -658.4     19.17     34.70    32.035     784266    0    0    0    0    0
2015  6 22 21 39   -16.57    19.34    11.21    -659.3     14.58     43.52    34.380     797003    0    0    0    0    0
2015  6 22 21 40   -15.64    17.48    11.80    -660.3     10.24     54.64    36.143     826810    0    0    0    0    0
2015  6 22 21 41   -14.86    16.57    13.35    -661.2     11.89     53.79    36.904     841445    0    0    0    0    0
2015  6 22 21 42   -15.13    13.73    17.78    -660.9     14.62     49.28    38.501     836035    0    0    0    0    0
2015  6 22 21 43   -15.35    11.49    21.21    -659.0     18.35     47.77    39.366     799677    0    0    0    0    0
2015  6 22 21 44   -16.31    14.15    21.51    -656.9     24.70     48.08    39.011     754572    0    0    0    0    0
2015  6 22 21 45   -16.98    17.71    20.49    -657.9     31.41     53.35    37.684     746129    0    0    0    0    0
2015  6 22 21 46   -13.79    14.10    18.03    -661.2     35.31     62.74    37.070     752942    0    0    0    0    0
2015  6 22 21 47   -12.17    12.71    17.02    -663.6     37.48     59.59    37.653     759025    0    0    0    0    0
2015  6 22 21 48    -9.91    12.37    14.98    -664.6     35.91     56.67    38.301     759552    0    0    0    0    0
2015  6 22 21 49    -7.35    13.48    11.54    -664.4     31.94     49.27    38.828     759822    0    0    0    0    0
2015  6 22 21 50    -6.27    15.83     7.93    -663.2     32.11     40.68    38.736     759822    0    0    0    0    0
2015  6 22 21 51    -6.01    18.45     5.12    -661.7     33.15     37.67    37.977     747495    0    0    0    0    0
2015  6 22 21 52    -5.48    19.75     3.60    -660.4     32.12     39.28    37.598     737282    0    0    0    0    0
2015  6 22 21 53    -5.26    19.87     3.15    -660.2     30.23     42.54    38.296     737282    0    0    0    0    0
2015  6 22 21 54    -6.45    19.97     3.97    -661.6     29.35     45.73    38.789     739558    0    0    0    0    0
2015  6 22 21 55    -7.60    19.91     5.21    -663.4     29.35     48.66    38.492     749174    0    0    0    0    0
2015  6 22 21 56    -4.20    18.69     3.23    -667.0     29.90     53.79    37.789     755270    0    0    0    0    0
2015  6 22 21 57    -1.84    16.93     2.97    -664.0     30.18     55.17    37.487     755663    0    0    0    0    0
2015  6 22 21 58    -0.52    13.69     5.02    -660.4     31.25     55.32    37.063     751624    0    0    0    0    0
2015  6 22 21 59     0.57    10.39     6.90    -658.8     32.95     55.66    36.387     736456    0    0    0    0    0
2015  6 22 22  0     1.16     9.28     5.71    -658.6     33.81     55.99    36.273     716504    0    0    0    0    0
2015  6 22 22  1     0.34     9.29     3.99    -659.0     33.82     54.66    36.417     709311    0    0    0    0    0
2015  6 22 22  2    -1.37     8.88     5.53    -658.2     33.83     50.14    36.740     711864    0    0    0    0    0
2015  6 22 22  3    -3.54     6.65     8.57    -654.8     34.58     44.20    37.727     717907    0    0    0    0    0
2015  6 22 22  4    -7.28     2.25    11.15    -650.0     37.49     38.65    37.494     724492    0    0    0    0    0
2015  6 22 22  5    -6.99    -1.98    14.15    -648.7     50.46     31.84    36.500     726277    0    0    0    0    0
2015  6 22 22  6    -6.60    -2.04    15.75    -649.1     50.62     31.73    35.880     733633    0    0    0    0    1
2015  6 22 22  7    -3.56    -1.49    17.64    -649.8     47.05     31.50    36.344     735380    0    0    0    0    1
2015  6 22 22  8    -2.03    -0.67    18.82    -650.8     42.64     24.52    35.374     735616    0    0    0    0    1
2015  6 22 22  9    -1.64    -0.76    19.65    -651.3     43.72     16.84    35.178     734979    0    0    0    0    1
2015  6 22 22 10    -5.76    -4.01    19.62    -651.2     53.60     14.38    34.265     728643    0    0    0    0    0
2015  6 22 22 11    -7.86    -5.80    19.63    -651.5     55.52     11.89    35.346     722848    0    0    0    0    0
2015  6 22 22 12    -7.54    -5.59    19.34    -653.1     57.27      8.24    33.614     720202    0    0    0    0    0
2015  6 22 22 13    -6.49    -5.43    18.05    -653.1     57.58      8.36    33.171     719506    0    0    0    0    0
2015  6 22 22 14    -5.54    -5.71    18.40    -652.6     57.83      9.41    32.869     714531    0    0    0    0    0
2015  6 22 22 15    -4.10    -6.68    19.00    -650.3     57.77     12.28    32.423     693380    0    0    0    0    1
2015  6 22 22 16    -2.99    -9.78    20.40    -649.4     56.88     14.91    33.479     659570    0    0    0    0    1
2015  6 22 22 17    -4.07    -9.94    20.50    -646.8     53.13     15.29    32.223     629757    0    0    0    0    1
2015  6 22 22 18    -4.52   -10.39    19.90    -646.0     52.75     15.33    33.397     609056    0    0    0    0    1
2015  6 22 22 19    -4.62   -10.28    19.60    -645.7     51.00     11.22    34.387     589755    0    0    0    0    1
2015  6 22 22 20    -4.35   -10.05    19.82    -645.2     49.03      6.61    34.748     570504    0    0    0    0    1
2015  6 22 22 21    -4.00    -9.67    19.88    -645.0     41.90      3.94    35.324     551825    0    0    0    0    1
2015  6 22 22 22    -3.84    -6.96    19.51    -644.6     35.03      3.56    35.213     544144    0    0    0    0    1
2015  6 22 22 23    -3.78    -6.24    18.40    -641.9     33.26      1.98    33.872     543043    0    0    0    0    0
2015  6 22 22 24    -3.17    -5.79    17.04    -640.6     33.07      0.67    33.387     559720    0    0    0    0    1
2015  6 22 22 25    -2.81    -4.82    15.98    -640.5     33.07     -0.42    34.357     579886    0    0    0    0    1
2015  6 22 22 26    -2.90    -4.34    15.06    -639.7     34.93     -0.86    34.414     597553    0    0    0    0    1
2015  6 22 22 27    -3.89    -3.64    14.74    -638.0     36.21     -0.77    34.094     626774    0    0    0    0    1
2015  6 22 22 28    -4.58    -3.02    14.84    -636.9     32.39      0.25    34.465     653249    0    0    0    0    0
2015  6 22 22 29    -3.72    -2.23    14.96    -637.2     27.24      1.77    35.083     677264    0    0    0    0    0
2015  6 22 22 30    -2.97     0.27    14.55    -638.3     25.57      3.90    35.876     704556    0    0    0    0    0
2015  6 22 22 31    -4.02     2.35    13.44    -639.1     25.10      6.42    35.102     713356    0    0    0    0    0
2015  6 22 22 32    -6.31     2.57    13.06    -639.0     25.78      8.39    33.272     713061    0    0    0    0    0
2015  6 22 22 33    -7.41    -0.12    13.22    -639.0     27.70      9.23    31.785     712841    0    0    0    0    0
2015  6 22 22 34    -7.35    -1.94    13.21    -639.1     32.99     10.07    31.017     723575    0    0    0    0    0
2015  6 22 22 35    -7.20    -2.40    13.79    -639.0     40.42     10.72    30.080     731783    0    0    0    0    0
2015  6 22 22 36    -6.80    -3.62    14.28    -637.6     46.22      6.84    30.117     728442    0    0    0    0    0
2015  6 22 22 37    -5.04    -6.78    13.84    -636.2     48.73      2.36    29.449     716836    0    0    0    0    0
2015  6 22 22 38    -2.95   -10.96    13.94    -636.2     46.36     -0.85    27.769     700146    0    0    0    0    0
2015  6 22 22 39    -2.64   -12.66    14.76    -636.5     40.84     -3.76    27.746     686984    0    0    0    0    0
2015  6 22 22 40    -2.80   -12.67    14.88    -637.9     37.86     -6.46    27.794     680647    0    0    0    0    0
2015  6 22 22 41    -3.43   -10.90    15.02    -641.2     34.51     -8.97    28.248     686959    0    0    0    0    0
2015  6 22 22 42    -4.04    -4.14    15.09    -642.3     32.84     -8.72    28.909     701595    0    0    0    0    0
2015  6 22 22 43    -4.62     1.04    15.56    -641.7     20.88     -3.37    30.814     719093    0    0    0    0    0
2015  6 22 22 44    -5.65     9.60    15.57    -641.3     12.86      4.24    30.951     744080    0    0    0    0    0
2015  6 22 22 45    -6.05    14.72    14.09    -641.1      9.86     11.97    30.552     763440    0    0    0    0    0
2015  6 22 22 46    -5.94    16.38    11.57    -642.9      8.99     14.67    29.988     785491    0    0    0    0    0
2015  6 22 22 47    -6.82    17.97     9.19    -643.8      9.75     13.80    27.703     799319    0    0    0    0    0
2015  6 22 22 48    -8.16    20.03     7.20    -643.9     10.71     10.97    26.223     815956    0    0    0    0    0
2015  6 22 22 49    -8.20    21.18     6.90    -643.0     15.62     10.26    25.732     834516    0    0    0    0    0
2015  6 22 22 50    -8.02    22.48     6.89    -642.9     21.92     10.26    25.683     846256    0    0    0    0    0
2015  6 22 22 51    -8.15    23.73     6.18    -649.6     29.94      1.65    25.877     850207    0    0    0    0    0
2015  6 22 22 52    -9.08    23.92     5.46    -649.8     30.69      1.60    25.823     849514    0    0    0    0    0
2015  6 22 22 53    -8.81    23.93     5.53    -649.1     31.46      1.62    25.625     835769    0    0    0    1    1
2015  6 22 22 54    -7.69    24.52     5.13    -647.6     36.04      3.58    25.533     829157    0    0    0    1    1
2015  6 22 22 55    -6.79    25.19     4.32    -647.0     40.91      5.71    25.756     824834    0    0    0    2    1
2015  6 22 22 56    -5.89    26.43     4.56    -645.5     47.39      5.89    26.770     820877    0    0    0    1    2
2015  6 22 22 57    -5.75    27.24     5.32    -645.2     48.38      4.59    26.659     816736    0    0    0    1    2
2015  6 22 22 58    -6.32    27.35     6.01    -644.2     48.38      2.49    26.346     812655    0    0    0    1    2
2015  6 22 22 59    -6.59    27.35     6.16    -644.1     48.44     -1.57    26.381     808321    0    0    0    1    2
2015  6 22 23  0    -6.71    27.65     5.87    -644.5     49.13     -2.75    26.587     803942    0    0    0    1    2
2015  6 22 23  1    -6.88    28.31     5.34    -647.9     50.09     -2.81    26.884     798895    0    0    0    1    2
2015  6 22 23  2    -7.36    28.32     4.75    -648.4     51.38      0.36    27.016     794555    0    0    0    1    2
2015  6 22 23  3    -7.24    27.37     4.53    -648.3     54.43     -2.45    27.138     794484    0    0    0    1    1
2015  6 22 23  4    -5.73    21.57     6.94    -650.2     52.05     -5.17    28.055     860500    0    0    0    1    1
2015  6 22 23  5     0.35     3.14    16.17    -650.3     54.00     -4.18    28.293     932002    0    0    0    0    0
2015  6 22 23  6     0.62     1.28    17.81    -647.9     55.08     -2.72    28.101     976997    0    0    0    0    0
2015  6 22 23  7     0.84     0.36    19.52    -647.9     54.08     -3.51    26.702     979246    0    0    0    0    0
2015  6 22 23  8     2.75     1.64    20.19    -648.6     58.16      1.97    25.983     971270    0    0    0    0    1
2015  6 22 23  9     2.53     1.84    20.29    -648.5     60.71      7.29    25.815     922481    0    0    0    0    1
2015  6 22 23 10     1.49     2.42    20.74    -647.5     68.08      2.64    25.456     899951    0    0    0    0    1
2015  6 22 23 11     1.57     3.44    20.72    -645.2     53.04     -2.27    25.268     880880    0    0    0    0    1
2015  6 22 23 12     2.49     9.99    20.14    -645.9     52.02     -7.91    24.491     857075    0    0    0    0    1
2015  6 22 23 13     2.78    12.89    18.67    -646.9     52.31    -13.76    23.995     833066    0    0    0    0    1
2015  6 22 23 14     2.35    14.19    14.86    -647.3     52.31    -14.41    23.504     810737    0    0    0    0    1
2015  6 22 23 15     0.91    16.92    10.26    -646.7     52.77    -11.57    23.357     807510    0    0    0    0    0
2015  6 22 23 16    -1.03    21.18     7.65    -646.4     55.77    -11.26    23.223     801679    0    0    0    0    1
2015  6 22 23 17    -1.24    22.09     7.15    -646.1     59.11      5.10    23.180     793223    0    0    0    0    1
2015  6 22 23 18    -1.34    22.00     7.27    -646.1     63.60      4.38    23.043     771576    0    0    0    0    1
2015  6 22 23 19    -1.97    21.34     8.65    -646.5     68.57     -0.63    22.489     758385    0    0    0    0    1
2015  6 22 23 20    -2.21    21.28     9.75    -648.6     69.66     -3.35    20.505     749525    0    0    0    0    1
2015  6 22 23 21    -2.28    21.34    10.17    -647.3     69.83     -3.31    21.171     739834    0    0    0    0    1
2015  6 22 23 22    -3.19    20.73     9.88    -645.2     69.47     -3.08    23.775     728499    0    0    0    0    1
2015  6 22 23 23    -4.20    19.89     9.13    -641.9     69.61     -3.67    23.441     713173    0    0    0    0    1
2015  6 22 23 24    -4.61    19.51     8.94    -640.4     68.73     -5.07    22.660     699119    0    0    0    0    1
2015  6 22 23 25    -4.88    20.01     9.53    -640.2     65.73     -7.00    22.327     688468    0    0    0    0    1
2015  6 22 23 26    -5.16    20.22    10.09    -640.5     64.88     -8.47    21.384     681554    0    0    0    0    1
2015  6 22 23 27    -5.41    19.72    11.65    -640.8     64.94     -9.59    20.905     678062    0    0    0    0    1
2015  6 22 23 28    -5.89    19.46    12.63    -642.4     70.05     -9.92    20.299     675391    0    0    0    0    1
2015  6 22 23 29    -6.06    19.23    12.02    -643.4     75.60     -9.60    19.852     668911    0    0    0    0    1
2015  6 22 23 30    -5.44    19.18    11.38    -644.3     73.37     -9.03    19.958     667115    0    0    0    0    0
2015  6 22 23 31    -4.68    18.94    13.13    -645.8     69.68     -7.17    20.451     665002    0    0    0    0    1
2015  6 22 23 32    -3.71    17.54    14.08    -647.2     69.68    -10.55    21.818     664700    0    0    0    0    1
2015  6 22 23 33    -4.72    19.25    16.07    -649.2     69.59     -9.57    23.221     657184    0    0    0    0    1
2015  6 22 23 34    -3.91    14.62    16.07    -647.3     69.34     -9.15    23.482     637959    0    0    0    0    1
2015  6 22 23 35    -1.64     8.25    13.45    -643.8     68.80     -9.13    24.346     632959    0    0    0    0    1
2015  6 22 23 36    -0.84     6.18    12.30    -642.1     68.37     -5.32    25.581     619781    0    0    0    0    1
2015  6 22 23 37    -0.48     6.69    12.25    -640.9     71.49     -3.47    25.852     605244    0    0    0    0    1
2015  6 22 23 38    -0.55     7.37    12.98    -638.6     71.76     -4.33    25.003     597758    0    0    0    0    1
2015  6 22 23 39    -1.08     7.51    13.96    -634.3     72.06     -7.24    23.779     595724    0    0    0    0    1
2015  6 22 23 40    -2.28     6.54    14.87    -629.6     74.84    -11.10    22.725     598784    0    0    0    0    0
2015  6 22 23 41    -5.69     2.21    15.79    -629.5     75.14    -11.55    22.740     616982    0    0    0    0    0
2015  6 22 23 42    -5.40     2.52    16.33    -629.4     70.86     -9.74    22.825     621652    0    0    0    0    0
2015  6 22 23 43    -3.50     4.59    15.88    -629.7     66.52     -7.93    22.792     634351    0    0    0    0    0
2015  6 22 23 44    -2.90     5.77    16.29    -630.6     61.85     -9.83    22.591     663858    0    0    0    0    1
2015  6 22 23 45    -3.32     5.02    15.62    -633.3     56.71    -21.91    22.390     697400    0    0    0    0    1
2015  6 22 23 46    -2.51     5.04    15.43    -634.0     52.62    -18.42    21.945     726988    0    0    0    0    1
2015  6 22 23 47    -1.07     6.84    16.85    -635.5     48.14    -19.82    21.377     753418    0    0    0    0    1
2015  6 22 23 48     0.39    10.50    18.27    -639.6     44.12    -11.38    21.632     771623    0    0    0    0    1
2015  6 22 23 49     0.74    11.24    18.47    -642.1     44.56     -5.97    21.734     792519    0    0    0    0    1
2015  6 22 23 50     0.06    10.21    19.50    -641.9     46.83     -7.97    21.565     815634    0    0    0    0    1
2015  6 22 23 51     0.23     8.62    20.76    -640.3     52.67     -8.53    21.499     843633    0    0    0    0    1
2015  6 22 23 52     1.17     6.93    21.65    -639.6     56.95     -7.54    21.510     869136    0    0    0    0    1
2015  6 22 23 53     2.05     5.16    21.46    -639.2     53.59     -3.86    21.639     888008    0    0    0    0    0
2015  6 22 23 54     2.59     3.97    19.74    -639.9     49.78     -1.41    21.995     909095    0    0    0    0    0
2015  6 22 23 55     2.41     4.27    19.06    -640.1     49.36     -1.75    21.951     918045    0    0    0    0    0
2015  6 22 23 56     2.31     4.72    20.24    -638.8     48.51     -2.82    21.314     897962    0    0    0    0    0
2015  6 22 23 57     2.04     5.01    21.34    -638.0     51.88     -3.83    20.911     856532    0    0    0    0    1
2015  6 22 23 58     1.89     5.25    21.89    -638.0     58.93     -4.66    20.887     806952    0    0    0    0    1
2015  6 22 23 59     2.06     4.71    21.94    -636.7     65.43     -5.10    20.778     762790    0    0    0    0    1
2015  6 23  0  0     2.57     1.15    21.25    -638.3     70.55     -3.10    20.633     712712    0    0    0    1    1
2015  6 23  0  1     3.29    -1.88    20.57    -641.2     71.80     -2.10    20.779     693716    0    0    0    2    1
2015  6 23  0  2     1.46    -4.98    20.24    -640.6     71.13     -1.98    21.016     703617    0    0    0    2    1
2015  6 23  0  3     0.47    -6.28    19.74    -640.0     70.53     -1.43    21.252     717580    0    0    0    2    2
2015  6 23  0  4     0.44    -6.20    19.44    -638.9     71.01     -0.89    21.479     731103    0    0    0    2    2
2015  6 23  0  5     1.45    -3.94    20.11    -637.2     72.98     -0.70    21.696     744102    0    0    0    2    2
2015  6 23  0  6     1.94    -0.93    21.71    -636.0     78.33      3.10    22.388     757471    0    0    0    1    2
2015  6 23  0  7     1.44     1.31    24.42    -635.6     73.62      2.24    22.675     771537    0    0    0    1    2
2015  6 23  0  8     1.16     2.26    26.23    -635.8     63.24     -0.51    22.403     785936    0    0    0    2    2
2015  6 23  0  9     0.94     1.90    25.16    -635.3     63.04      4.14    22.632     794915    0    0    0    1    1
2015  6 23  0 10     0.76     1.49    23.66    -633.7     62.93      7.09    22.788     797585    0    0    0    0    1
2015  6 23  0 11     0.56     0.99    22.93    -632.8     60.22      9.81    22.860     800038    0    0    0    0    1
2015  6 23  0 12     0.49     1.21    21.63    -633.9     54.84     11.57    24.089     804122    0    0    0    0    1
2015  6 23  0 13     0.40     1.96    18.97    -633.4     54.23     12.43    26.654     809423    0    0    0    0    1
2015  6 23  0 14     0.30     2.36    17.14    -631.3     53.54     13.95    27.840     813721    0    0    0    0    1
2015  6 23  0 15     0.09     2.20    17.23    -628.8     52.74     16.53    27.670     816721    0    0    0    0    1
2015  6 23  0 16    -0.13     3.98    13.66    -629.3     54.08     16.48    26.665     821002    0    0    0    0    1
2015  6 23  0 17    -1.52     8.12    11.79    -633.2     62.20     15.37    26.237     828753    0    0    0    0    1
2015  6 23  0 18    -2.56    11.65    11.57    -635.9     68.30     12.56    25.009     837831    0    0    0    0    1
2015  6 23  0 19    -2.25    12.32    13.13    -636.9     73.01      4.76    24.149     841173    0    0    0    0    0
2015  6 23  0 20    -1.65    12.37    14.38    -635.6     74.71     -1.11    23.994     828883    0    0    0    0    1
2015  6 23  0 21    -0.84    11.85    15.18    -633.3     70.80      0.71    23.724     811234    0    0    0    0    1
2015  6 23  0 22     0.49     9.86    17.13    -632.2     63.59      4.44    22.852     801291    0    0    0    0    1
2015  6 23  0 23     1.96     6.46    18.36    -631.7     63.07      5.52    20.518     790565    0    0    0    0    1
2015  6 23  0 24     2.83     3.03    17.63    -632.7     65.52      2.68    18.421     784047    0    0    0    0    0
2015  6 23  0 25     4.26    -0.54    22.42    -634.4     70.59     -3.00    17.526     776509    0    0    0    0    1
2015  6 23  0 26     5.91    -3.55    28.87    -634.0     70.92     -2.25    17.528     771162    0    0    0    0    1
2015  6 23  0 27     6.65    -5.59    30.20    -633.7     70.13     -1.74    17.549     786732    0    1    1    0    1
2015  6 23  0 28     6.80    -6.11    29.93    -636.6     67.42     -3.77    18.980     824454    1    1    2    1    1
2015  6 23  0 29     7.16    -6.95    30.20    -639.7     64.69     -5.81    19.792     862973    1    1    1    1    2
2015  6 23  0 30     7.32    -7.36    30.36    -641.2     64.57     -9.00    18.577     900500    0    0    0    0    2
2015  6 23  0 31     7.30    -7.04    31.24    -645.3     64.94    -16.40    18.211     942598    0    0    0    0    2
2015  6 23  0 32     4.35    -4.40    30.48    -645.7     64.95    -17.12    21.279     978700    0    0    0    0    2
2015  6 23  0 33     4.08    -3.66    31.35    -644.3     62.92    -16.90    21.558    1009209    0    0    0    0    2
2015  6 23  0 34     4.31    -3.57    31.82    -642.7     60.72    -15.10    20.875     983285    0    0    0    0    2
2015  6 23  0 35     5.69    -4.84    31.90    -641.4     60.20    -12.29    18.956     947552    0    0    0    0    2
2015  6 23  0 36     6.42    -6.59    31.42    -637.6     60.20    -11.39    16.742     916267    0    0    0    0    1
2015  6 23  0 37     6.41    -7.74    30.49    -634.9     59.21    -10.00    15.577     882939    0    0    0    0    1
2015  6 23  0 38     6.14    -7.50    28.82    -635.6     57.92     -7.89    16.682     843602    0    0    0    0    1
2015  6 23  0 39     5.73    -6.21    27.22    -636.7     60.06     -7.56    18.458     803921    0    0    0    0    1
2015  6 23  0 40     5.04    -6.50    27.74    -639.5     65.05     -7.95    18.958     785387    0    0    0    0    1
2015  6 23  0 41     4.29    -5.54    24.34    -641.3     68.32     -8.40    18.815     785097    0    0    0    0    1
2015  6 23  0 42     3.78    -4.96    19.92    -648.3     70.19    -13.08    18.306     788578    0    0    0    0    1
2015  6 23  0 43     3.85    -5.31    18.67    -652.5     75.23    -16.42    18.243     795193    0    0    0    0    1
2015  6 23  0 44     4.05    -4.90    17.43    -660.8     81.60    -15.62    17.331     795339    0    0    0    0    1
2015  6 23  0 45     3.72    -3.15    16.29    -664.8     86.82    -10.78    16.057     794174    0    0    0    0    1
2015  6 23  0 46     3.13    -3.34    17.74    -668.7     88.04     -6.69    15.316     793279    0    0    0    0    1
2015  6 23  0 47    -2.08     6.18     7.07    -669.3     89.21     -1.44    14.464     770361    0    0    0    0    1
2015  6 23  0 48    -7.26    15.58    -3.30    -669.9     89.80      5.60    13.450     758254    0    0    0    0    1
2015  6 23  0 49    -7.79    14.79   -11.81    -677.3     90.47     29.03    12.975     650143    0    0    0    0    0
2015  6 23  0 50    -7.42    12.60   -15.83    -680.0     90.33     37.56    12.887     643706    0    0    0    0    0
2015  6 23  0 51    -7.13    10.99   -17.43    -681.6     84.82     40.42    12.939     644855    0    0    0    0    0
2015  6 23  0 52    -7.08    10.07   -18.73    -682.2     76.13     36.13    12.595     646653    0    0    0    0    0
2015  6 23  0 53    -7.09     8.75   -19.45    -683.3     72.26     35.59    13.150     640422    0    0    0    0    0
2015  6 23  0 54    -7.41     9.09   -19.53    -683.9     65.85     36.19    13.617     629939    0    0    0    0    0
2015  6 23  0 55    -7.89     9.78   -19.97    -683.4     63.57     37.41    13.717     626425    0    0    0    1    1
2015  6 23  0 56    -8.12    10.10   -20.16    -683.4     62.18     38.06    13.592     627021    0    0    0    2    1
2015  6 23  0 57    -7.99    10.93   -19.86    -685.4     60.86     37.69    13.403     631122    0    0    0    2    1
2015  6 23  0 58    -7.74    11.90   -19.71    -687.9     59.96     36.81    13.210     634054    0    0    0    2    1
2015  6 23  0 59    -7.63    12.39   -19.66    -689.0     59.43     35.81    13.028     631923    0    0    0    2    1
2015  6 23  1  0    -7.40    12.83   -19.56    -688.3     60.13     35.47    12.857     623808    0    0    0    2    1
2015  6 23  1  1    -7.25    12.57   -19.68    -687.9     60.50     34.84    12.686     617439    0    0    0    2    1
2015  6 23  1  2    -7.11    13.26   -19.36    -688.9     59.04     33.38    12.506     613961    0    0    0    2    1
2015  6 23  1  3    -6.90    14.16   -19.06    -691.5     58.30     32.82    12.308     610706    0    0    0    2    1
2015  6 23  1  4    -6.80    13.98   -19.49    -693.1     58.97     39.67    12.121     607528    0    0    0    2    1
2015  6 23  1  5    -7.16    12.46   -20.15    -693.3     59.11     41.32    11.947     603680    0    0    0    2    1
2015  6 23  1  6    -7.26    11.95   -20.26    -693.8     56.33     41.35    11.769     603015    0    0    0    2    1
2015  6 23  1  7    -7.60    11.96   -19.68    -697.5     54.75     35.23    11.563     604997    0    0    0    2    1
2015  6 23  1  8    -7.60    13.01   -19.18    -696.6     54.76     35.22    11.401     613557    0    0    0    2    1
2015  6 23  1  9    -6.99    14.29   -17.72    -700.2     56.69     41.37    11.204     617454    0    0    0    2    1
2015  6 23  1 10    -6.55    14.31   -17.69    -700.3     56.75     41.82    11.031     618787    0    0    0    2    1
2015  6 23  1 11    -5.75    13.34   -18.07    -700.3     57.26     41.00    10.869     619769    0    0    0    1    1
2015  6 23  1 12    -5.48    13.16   -17.90    -700.4     61.44     33.31    10.668     628610    0    0    0    0    0
2015  6 23  1 13    -5.88    13.49   -17.31    -700.1     61.78     29.64     9.404     628262    0    0    0    0    0
2015  6 23  1 14    -7.00    13.16   -16.74    -698.6     62.18     28.72     9.347     624530    0    0    0    0    0
2015  6 23  1 15    -7.46    13.22   -16.26    -697.4     64.23     28.71     9.346     616015    0    0    0    0    0
2015  6 23  1 16    -7.33    14.23   -15.68    -698.2     64.86     28.42     9.263     616067    0    0    0    0    0
2015  6 23  1 17    -6.99    15.06   -14.63    -702.2     64.31     11.70    10.262     621046    0    0    0    0    0
2015  6 23  1 18    -7.35    15.85   -13.11    -701.4     63.95     -2.69     9.505     632339    0    0    0    0    0
2015  6 23  1 19    -8.18    17.82    -6.69    -701.7     76.96     -6.33     9.215     631698    0    0    0    0    0
2015  6 23  1 20    -8.65    17.85    -3.75    -704.7     80.26    -21.16     8.826     621340    0    0    0    0    0
2015  6 23  1 21    -8.63    17.79    -2.71    -706.7     81.05    -21.49     9.040     602284    0    0    0    0    0
2015  6 23  1 22    -8.04    18.39    -2.85    -708.0     79.33    -21.03     9.588     600485    0    0    0    0    0
2015  6 23  1 23    -7.90    18.75    -4.15    -707.8     77.16    -20.08     9.831     599513    0    0    0    0    0
2015  6 23  1 24    -8.13    18.83    -4.62    -706.3     74.72    -20.18    10.046     584658    0    0    0    0    0
2015  6 23  1 25    -7.84    18.92    -3.23    -705.5     72.94    -20.67    10.529     554241    0    0    0    0    0
2015  6 23  1 26    -7.57    19.07    -0.49    -706.8     71.90    -20.28    11.584     553243    0    0    0    0    0
2015  6 23  1 27    -7.04    18.84     1.70    -707.5     69.73    -17.71    12.212     550469    0    0    0    0    0
2015  6 23  1 28    -6.53    17.53     5.96    -708.1     66.92    -12.18    12.637     549901    0    0    0    0    0
2015  6 23  1 29    -5.52    15.29     9.76    -709.3     65.30     -9.78    12.922     549237    0    0    0    0    0
2015  6 23  1 30    -4.54    13.04    12.19    -710.4     61.93     -7.81    13.050     538417    0    0    0    0    0
2015  6 23  1 31    -3.81     9.12    15.62    -711.0     59.98     -5.99    13.139     523644    0    0    0    0    0
2015  6 23  1 32    -3.12     5.85    18.74    -711.2     58.00     -2.11    12.947     508654    0    0    0    0    0
2015  6 23  1 33    -2.23     3.61    20.90    -712.1     53.27     -3.66    12.535     488120    0    0    0    0    0
2015  6 23  1 34    -1.64     1.69    22.67    -714.0     49.97     -8.50    12.127     454841    0    0    0    0    0
2015  6 23  1 35    -1.49     1.18    23.81    -715.3     45.93     -9.07    11.754     439118    0    0    0    0    0
2015  6 23  1 36    -1.44     1.40    23.91    -715.5     47.55     -4.96    11.250     442513    0    0    0    0    0
2015  6 23  1 37    -1.39     2.19    23.50    -715.4     47.59      1.66    10.902     468956    0    0    0    0    0
2015  6 23  1 38    -1.11     3.11    22.96    -715.6     45.01      3.74    10.372     482211    0    0    0    0    0
2015  6 23  1 39    -0.81     3.79    22.05    -716.2     43.37      3.53    11.403     482175    0    0    0    0    0
2015  6 23  1 40    -0.73     4.06    21.51    -715.2     40.00      0.96    11.857     480356    0    0    0    0    0
2015  6 23  1 41    -0.75     4.12    21.55    -714.4     39.31     -0.48    11.665     478869    0    0    0    0    0
2015  6 23  1 42    -0.92     4.17    21.67    -714.0     51.42      4.47    11.550     477585    0    0    0    0    0
2015  6 23  1 43    -0.93     4.32    21.66    -717.3     57.08      0.61    11.504     470185    0    0    0    0    0
2015  6 23  1 44    -0.28     7.81    19.05    -718.0     57.32     -2.29    11.393     465828    0    0    0    0    1
2015  6 23  1 45    -0.07     9.38    18.13    -717.8     58.37     -2.58    11.084     465249    0    0    0    0    1
2015  6 23  1 46    -0.88     8.21    19.17    -716.9     56.54     -3.07    10.802     469990    0    0    0    0    1
2015  6 23  1 47    -1.44     7.29    20.31    -715.7     53.04     -3.20    10.573     472038    0    0    0    0    1
2015  6 23  1 48    -1.55     6.96    20.87    -717.6     50.46      0.60    10.494     470994    0    0    0    0    1
2015  6 23  1 49    -1.41     6.90    21.16    -718.9     49.61      2.05    10.548     463468    0    0    0    0    0
2015  6 23  1 50    -1.31     6.35    21.42    -720.0     48.55      4.02     9.791     455203    0    0    0    0    1
2015  6 23  1 51    -1.26     5.39    21.46    -720.5     52.61      5.89     9.657     446879    0    0    0    0    1
2015  6 23  1 52    -1.15     4.14    21.46    -722.0     58.16      6.85     9.755     436800    0    0    0    0    1
2015  6 23  1 53    -1.06     3.57    20.98    -724.5     59.33      7.85    11.445     424895    0    0    0    0    1
2015  6 23  1 54    -0.98    12.07     8.14    -727.2     81.49     11.44    10.053     394687    0    0    0    1    2
2015  6 23  1 55    -1.01    19.95   -11.39    -727.9     97.31     15.67    10.370     388230    0    0    0    2    1
2015  6 23  1 56    -1.32    19.87   -16.74    -727.7     86.91     24.67    10.136     390347    0    0    0    2    1
2015  6 23  1 57    -1.22    19.31   -17.65    -725.8     81.10     28.40     9.922     415872    0    0    0    2    1
2015  6 23  1 58     0.03    17.69   -17.70    -722.8     87.96     17.71     9.727     448616    0    0    0    2    1
2015  6 23  1 59     1.00    16.76   -16.85    -719.9     92.78     28.97     8.866     452861    0    0    0    1    1
2015  6 23  2  0     2.01    16.52   -16.57    -717.1     96.12     39.36     8.579     453094    0    0    0    1    1
2015  6 23  2  1     3.21    12.52   -22.08    -719.4     99.93     54.48     8.879     430279    0    0    0    1    1
2015  6 23  2  2     3.33    10.90   -24.24    -719.1    104.51     66.59     8.771     409497    0    0    0    1    1
2015  6 23  2  3     2.74     9.02   -24.43    -716.9    111.41     73.28     7.756     405309    0    0    0    0    1
2015  6 23  2  4     2.50     8.13   -24.44    -714.5    119.86     74.31     7.170     410057    0    0    0    0    0
2015  6 23  2  5     2.32     7.80   -24.53    -713.1    128.13     72.01     6.949     413024    0    0    0    0    0
2015  6 23  2  6     2.20     7.83   -24.95    -711.4    133.50     70.08     6.829     406841    0    0    0    0    1
2015  6 23  2  7     2.32     8.81   -25.18    -709.9    139.93     66.58     6.745     356519    0    0    0    0    1
2015  6 23  2  8     2.53    10.67   -24.52    -710.4    141.83     62.80     6.559     302572    0    0    0    0    1
2015  6 23  2  9     2.77    11.86   -23.77    -710.8    134.68     62.14     6.523     305751    0    0    0    0    1
2015  6 23  2 10     2.87    12.01   -23.60    -712.4    125.39     56.19     6.791     309149    0    0    0    0    0
2015  6 23  2 11     2.83    11.47   -23.57    -716.1    110.88     49.59     7.234     300875    0    0    0    0    1
2015  6 23  2 12     2.31    11.47   -23.36    -721.1    104.09     38.93     7.641     296968    0    0    0    0    1
2015  6 23  2 13     2.08    12.16   -22.42    -724.2     99.68     36.44     7.523     302755    0    0    0    0    1
2015  6 23  2 14     1.86    12.29   -22.25    -726.5     99.11     36.90     7.409     309233    0    0    0    0    1
2015  6 23  2 15     1.86    12.26   -22.12    -719.7    100.35     47.15     7.325     313182    0    0    0    0    1
2015  6 23  2 16     1.72    12.63   -22.06    -718.2    103.72     49.82     7.032     324143    0    0    0    0    1
2015  6 23  2 17     1.65    13.36   -21.81    -718.6    108.99     50.18     6.717     328367    0    0    0    0    1
2015  6 23  2 18     1.52    13.79   -21.73    -718.5    114.45     51.89     6.647     328631    0    0    0    0    1
2015  6 23  2 19     1.35    13.73   -21.74    -716.5    116.87     52.56     6.731     328631    0    0    0    0    1
2015  6 23  2 20     1.28    13.61   -21.73    -714.5    117.49     52.61     6.801     330182    0    0    0    0    0
2015  6 23  2 21     1.25    13.06   -21.89    -714.5    117.36     52.51     6.736     331136    0    0    0    0    1
2015  6 23  2 22     1.19    12.74   -21.91    -715.6    111.80     49.54     6.567     329655    0    0    0    0    1
2015  6 23  2 23     1.16    12.36   -21.99    -721.2    104.55     48.87     6.310     327103    0    0    0    0    1
2015  6 23  2 24     1.56    12.48   -21.67    -724.3    102.72     48.88     6.076     324774    0    0    0    0    1
2015  6 23  2 25     2.25    11.37   -22.17    -728.2     96.57     37.03     6.166     309214    0    0    0    0    1
2015  6 23  2 26     2.20    11.66   -22.06    -725.7     90.41     35.64     5.938     309241    0    0    0    0    1
2015  6 23  2 27     1.50    13.69   -20.57    -725.5     90.41     35.62     6.428     310810    0    0    0    0    1
2015  6 23  2 28     0.77    15.27   -19.08    -724.1    100.08     28.16     6.241     310810    0    0    0    0    1
2015  6 23  2 29    -0.23    15.75   -18.70    -717.4     99.86     17.73     6.058     301202    0    0    0    0    0
2015  6 23  2 30     0.30    15.53   -18.61    -711.8     95.09     10.05     5.875     290479    0    0    0    0    1
2015  6 23  2 31     1.73    14.46   -19.56    -711.7     89.49     11.23     5.650     279601    0    0    0    0    1
2015  6 23  2 32     2.96    13.04   -21.24    -717.3     87.99     21.23     5.378     268396    0    0    0    0    1
2015  6 23  2 33     4.20    11.01   -22.43    -728.6     86.71     25.10     5.033     267645    0    0    0    0    0
2015  6 23  2 34     4.00    11.02   -22.46    -721.3     85.44     20.02     4.809     282305    0    0    0    0    0
2015  6 23  2 35     2.37    11.73   -21.92    -710.7     80.47     19.25     4.620     290542    0    0    0    0    0
2015  6 23  2 36     0.65    12.52   -21.31    -700.2     74.58     19.44     4.429     296719    0    0    0    0    0
2015  6 23  2 37     0.65    12.75   -21.19    -695.9     67.92     19.57     4.168     298217    0    0    0    0    0
2015  6 23  2 38     1.56    12.54   -22.27    -695.6     66.36     22.11     3.973     298316    0    0    0    0    1
2015  6 23  2 39     2.59    12.56   -22.41    -697.1     64.63     22.16     3.527     271640    0    0    0    0    1
2015  6 23  2 40     2.49    12.93   -22.15    -695.6     62.70     20.38     3.924     267348    0    0    0    0    1
2015  6 23  2 41     3.27    13.07   -22.09    -693.3     59.75     16.66     4.162     265416    0    0    0    0    1
2015  6 23  2 42     2.99    13.08   -21.91    -690.3     57.89     12.51     4.411     261743    0    0    0    0    1
2015  6 23  2 43     3.06    13.10   -21.86    -689.8     55.41      8.42     4.666     252375    0    0    0    0    1
2015  6 23  2 44     3.39    12.38   -22.21    -692.0     51.19      2.83     4.760     243959    0    0    0    0    1
2015  6 23  2 45     3.45    12.13   -22.30    -691.6     47.33     -1.93     4.597     242649    0    0    0    0    1
2015  6 23  2 46     3.45    12.26   -21.97    -691.4     47.08     -5.57     4.357     242649    0    0    0    0    0
2015  6 23  2 47     2.93    12.53   -21.78    -692.4     44.52     -8.11     4.083     245205    0    0    0    0    1
2015  6 23  2 48     3.17    12.06   -22.17    -696.9     44.73     -5.95     3.780     249511    0    0    0    0    1
2015  6 23  2 49     4.30    11.00   -22.63    -703.8     44.93     -1.99     3.628     249258    0    0    0    0    0
2015  6 23  2 50     4.85    10.99   -22.94    -711.0     40.84     -0.95     3.662     244265    0    0    0    0    0
2015  6 23  2 51     4.99    11.02   -22.92    -712.2     35.78     -0.43     3.676     239280    0    0    0    0    0
2015  6 23  2 52     4.98    11.04   -22.80    -708.8     39.52      1.77     3.597     238440    0    0    0    0    0
2015  6 23  2 53     4.89    11.09   -22.70    -705.0     49.53      2.20     3.425     240115    0    0    0    0    0
2015  6 23  2 54     4.51    10.98   -22.66    -705.9     53.65      1.67     3.481     244939    0    0    0    0    0
2015  6 23  2 55     4.16    11.02   -22.48    -706.5     47.68      1.73     3.546     245909    0    0    0    0    0
2015  6 23  2 56     4.61    11.13   -22.66    -708.1     49.40      2.77     3.539     242656    0    0    0    0    0
2015  6 23  2 57     5.19    10.96   -22.86    -710.9     49.48      2.85     3.561     235784    0    0    0    0    0
2015  6 23  2 58     5.50    10.98   -22.75    -713.1     49.57      5.96     3.565     233868    0    0    0    0    0
2015  6 23  2 59     5.61    11.06   -22.66    -713.8     53.07     13.24     3.563     234512    0    0    0    0    0
2015  6 23  3  0     5.63    11.15   -22.55    -713.5     64.94     17.50     3.373     234954    0    0    0    0    0
2015  6 23  3  1     5.65    11.49   -22.40    -713.1     72.20     19.63     3.236     230390    0    0    0    0    0
2015  6 23  3  2     5.71    11.76   -22.34    -712.6     63.81     21.45     3.312     226900    0    0    0    0    0
2015  6 23  3  3     5.62    11.61   -22.28    -712.4     55.25     23.74     3.387     229872    0    0    0    0    0
2015  6 23  3  4     5.56    11.30   -22.23    -713.6     54.05     20.34     3.384     253750    0    0    0    0    0
2015  6 23  3  5     5.59    11.17   -22.41    -718.5     67.18     21.75     3.322     280606    0    0    0    0    0
2015  6 23  3  6     5.71    11.54   -22.20    -719.8     83.29     19.65     3.223     284357    0    0    0    0    1
2015  6 23  3  7     5.87    11.62   -22.02    -720.5     77.42     14.96     3.132     282833    0    0    0    0    1
2015  6 23  3  8     5.81    11.32   -22.04    -720.6     73.22      9.71     3.231     282515    0    0    0    0    1
2015  6 23  3  9     5.92    10.83   -22.12    -720.4     71.47      2.17     3.380     288496    0    0    0    0    0
2015  6 23  3 10     6.15    10.74   -22.11    -720.5     71.19     -3.78     3.516     293805    0    0    0    0    0
2015  6 23  3 11     7.02    10.63   -21.95    -720.5     74.75      0.24     3.540     294620    0    0    0    0    0
2015  6 23  3 12     7.17    10.91   -21.76    -723.5     75.46      6.70     3.536     279839    0    0    0    0    0
2015  6 23  3 13     7.03    11.54   -21.44    -725.0     68.42     28.53     3.537     229031    0    0    0    0    0
2015  6 23  3 14     7.81    13.71   -19.62    -726.2     65.62     28.86     3.479     227713    0    0    0    0    0
2015  6 23  3 15     7.70    13.64   -19.66    -726.1     65.65     26.92     3.402     222714    0    0    0    0    0
2015  6 23  3 16     7.58    12.92   -20.33    -726.3     67.34     25.75     3.309     219683    0    0    0    0    0
2015  6 23  3 17     7.46    11.77   -21.12    -728.9     67.34     24.34     3.243     221615    0    0    0    0    0
2015  6 23  3 18     7.40    11.27   -21.35    -731.5     68.14     22.80     3.106     237071    0    0    0    0    0
2015  6 23  3 19     7.28    10.66   -21.63    -733.2     72.42     21.38     3.192     236107    0    0    0    0    0
2015  6 23  3 20     7.69    10.36   -21.45    -733.9     82.01     24.32     3.260     226798    0    0    0    0    0
2015  6 23  3 21     9.32    10.24   -20.60    -737.7     95.55     30.12     3.465     210570    0    0    0    0    0
2015  6 23  3 22    10.18    10.08   -20.16    -741.8     93.92     27.14     3.572     218850    0    0    0    0    0
2015  6 23  3 23     9.98     9.82   -20.35    -742.9     93.82     27.15     3.523     230388    0    0    0    0    0
2015  6 23  3 24     9.83     9.24   -20.66    -743.5     94.18     28.53     3.421     233860    0    0    0    0    0
2015  6 23  3 25     9.85     8.73   -20.81    -745.5     93.16     28.43     3.306     231599    0    0    0    0    0
2015  6 23  3 26    10.12     8.48   -20.69    -746.2     90.32     26.68     3.177     230498    0    0    0    0    0
2015  6 23  3 27    10.12     8.32   -20.73    -744.1     88.85     27.54     3.124     234335    0    0    0    0    0
2015  6 23  3 28     9.78     7.95   -20.95    -741.2     87.33     30.81     3.112     241018    0    0    0    0    0
2015  6 23  3 29     8.81     7.50   -21.41    -739.4     86.07     33.48     3.116     247632    0    0    0    0    1
2015  6 23  3 30     7.33     7.13   -21.94    -740.3     86.73     34.82     3.117     253056    0    0    0    0    1
2015  6 23  3 31     6.68     6.68   -22.14    -743.3     92.52     38.15     3.176     255396    0    0    0    0    1
2015  6 23  3 32     7.06     6.68   -21.89    -745.9     97.25     43.09     3.353     251713    0    0    0    0    1
2015  6 23  3 33     7.44     6.88   -21.53    -749.1     97.45     46.41     3.342     249622    0    0    0    0    1
2015  6 23  3 34     7.63     7.22   -21.38    -749.2     93.53     48.51     3.411     247829    0    0    0    0    0
2015  6 23  3 35     7.16     7.53   -21.36    -747.5     91.33     51.60     3.516     242565    0    0    0    0    0
2015  6 23  3 36     6.62     8.37   -21.13    -746.7     91.79     54.18     3.572     236734    0    0    0    0    0
2015  6 23  3 37     6.28     8.84   -20.96    -745.6     92.15     55.91     3.566     225779    0    0    0    0    0
2015  6 23  3 38     6.39     8.50   -20.92    -745.1     91.75     55.62     3.512     221436    0    0    0    0    0
2015  6 23  3 39     7.07     7.73   -20.96    -746.9     88.09     54.16     3.442     237565    0    0    0    0    0
2015  6 23  3 40     8.23     6.98   -21.13    -746.6     83.49     54.19     3.371     251645    0    0    0    0    0
2015  6 23  3 41     8.53     6.64   -21.29    -742.8     79.69     55.46     3.358     256519    0    0    0    0    1
2015  6 23  3 42     7.91     7.01   -21.31    -738.8     74.90     57.19     3.236     256425    0    0    0    0    1
2015  6 23  3 43     6.93     7.60   -21.28    -737.0     71.69     58.87     3.071     250074    0    0    0    0    1
2015  6 23  3 44     6.39     7.43   -21.46    -742.1     74.24     59.16     3.010     240889    0    0    0    0    0
2015  6 23  3 45     5.82     7.07   -21.83    -746.0     75.54     56.43     2.972     233661    0    0    0    0    1
2015  6 23  3 46     5.49     6.61   -21.95    -744.2     72.87     54.87     3.068     215358    0    0    0    0    1
2015  6 23  3 47     5.44     6.27   -22.02    -735.9     70.41     54.09     3.124     205295    0    0    0    0    1
2015  6 23  3 48     5.47     6.06   -22.11    -723.8     68.90     53.23     3.126     203772    0    0    0    0    1
2015  6 23  3 49     7.88     5.65   -21.91    -720.8     67.55     52.33     3.109     203620    0    0    0    0    0
2015  6 23  3 50    10.45     5.62   -21.14    -723.6     65.59     49.78     3.091     207329    0    0    0    0    0
2015  6 23  3 51    10.62     6.13   -20.53    -724.5     65.74     46.12     3.244     207557    0    0    0    0    0
2015  6 23  3 52    10.28     6.43   -20.49    -725.9     71.17     45.66     3.385     207368    0    0    0    0    0
2015  6 23  3 53     9.07     6.56   -21.18    -725.2     79.01     49.43     3.426     196070    0    0    0    0    0
2015  6 23  3 54     8.96     7.01   -21.09    -724.6     85.99     51.46     3.471     187175    0    0    0    0    0
2015  6 23  3 55     8.81     6.91   -21.08    -719.4     87.89     51.35     3.473     184728    0    0    0    0    0
2015  6 23  3 56     8.65     6.94   -21.08    -715.8     86.97     48.58     3.282     185757    0    0    0    0    0
2015  6 23  3 57     8.76     7.02   -21.05    -715.1     83.66     46.31     3.199     186568    0    0    0    0    0
2015  6 23  3 58     8.85     7.04   -20.98    -717.0     81.27     46.55     3.207     188525    0    0    0    0    0
2015  6 23  3 59     8.97     6.88   -20.98    -717.5     80.16     47.74     3.145     197335    0    0    0    0    0
2015  6 23  4  0     9.17     7.07   -20.89    -716.1     79.88     48.98     3.116     214293    0    0    0    0    0
2015  6 23  4  1     9.27     7.25   -20.86    -712.5     80.38     49.18     3.065     221650    0    0    0    0    0
2015  6 23  4  2     9.06     7.36   -21.00    -709.7     80.77     48.33     2.969     222210    0    0    0    0    0
2015  6 23  4  3     8.63     7.53   -21.22    -709.0     80.15     46.71     2.881     222290    0    0    0    0    0
2015  6 23  4  4     8.43     7.63   -21.35    -710.1     76.50     44.80     2.862     222148    0    0    0    0    0
2015  6 23  4  5     8.48     7.81   -21.11    -711.2     71.42     45.72     2.913     221976    0    0    0    0    0
2015  6 23  4  6     8.51     8.06   -20.72    -708.8     70.30     48.34     3.043     224356    0    0    0    0    0
2015  6 23  4  7     8.40     8.12   -20.53    -705.9     72.73     50.73     3.196     233081    0    0    0    0    0
2015  6 23  4  8     8.23     8.05   -20.56    -703.4     76.66     54.14     3.301     245213    0    0    0    0    0
2015  6 23  4  9     7.66     8.08   -20.73    -697.9     77.50     54.87     3.436     245203    0    0    0    0    0
2015  6 23  4 10     7.20     8.08   -20.78    -694.5     79.63     52.09     3.613     244614    0    0    0    0    0
2015  6 23  4 11     8.02     8.06   -20.61    -705.1     84.31     44.17     3.262     215112    0    0    0    0    0
2015  6 23  4 12     8.23     7.61   -20.74    -706.2     86.63     42.79     2.987     215174    0    0    0    0    0
2015  6 23  4 13     8.43     7.15   -21.01    -699.1     85.64     45.55     2.908     215408    0    0    0    0    0
2015  6 23  4 14     8.07     7.21   -21.08    -698.7     84.90     46.97     2.910     217235    0    0    0    0    0
2015  6 23  4 15     7.70     7.18   -21.15    -697.3     83.53     49.44     2.950     217257    0    0    0    0    0
2015  6 23  4 16     7.35     7.12   -21.18    -696.0     80.53     51.17     3.008     222722    0    0    0    0    0
2015  6 23  4 17     7.18     7.44   -21.13    -695.4     79.34     50.20     3.128     225302    0    0    0    0    1
2015  6 23  4 18     7.14     7.42   -21.07    -690.2     75.55     47.41     3.206     225499    0    0    0    0    1
2015  6 23  4 19     7.13     7.40   -21.02    -687.0     71.58     46.43     3.221     221536    0    0    0    0    1
2015  6 23  4 20     7.14     7.28   -20.99    -685.8     66.90     47.73     3.202     218894    0    0    0    0    1
2015  6 23  4 21     7.25     7.05   -20.99    -684.1     63.28     50.09     3.140     220904    0    0    0    0    0
2015  6 23  4 22     7.44     6.77   -21.00    -682.1     62.33     52.18     3.085     223039    0    0    0    0    1
2015  6 23  4 23     7.60     6.44   -20.99    -681.2     63.42     53.78     3.086     212851    0    0    0    0    1
2015  6 23  4 24     7.82     6.29   -20.86    -683.8     66.17     55.80     3.069     185680    0    0    0    0    1
2015  6 23  4 25     7.96     6.33   -20.78    -686.8     67.94     57.11     3.021     164242    0    0    0    0    1
2015  6 23  4 26     7.86     6.38   -20.83    -683.4     65.01     56.95     2.898     154825    0    0    0    1    1
2015  6 23  4 27     7.75     6.43   -20.91    -678.6     61.57     55.21     2.774     152201    0    0    0    1    2
2015  6 23  4 28     7.80     6.53   -20.89    -677.9     60.47     50.21     2.783     153141    0    0    0    1    2
2015  6 23  4 29     7.89     6.92   -20.73    -677.3     56.38     46.17     2.805     156912    0    0    0    1    2
2015  6 23  4 30     7.89     7.03   -20.59    -676.6     55.33     46.04     2.801     160670    0    0    0    1    2
2015  6 23  4 31     7.97     7.01   -20.58    -677.5     57.80     48.19     2.763     164250    0    0    0    1    1
2015  6 23  4 32     8.61     6.99   -20.58    -684.7     65.25     54.24     2.692     166063    0    0    0    1    1
2015  6 23  4 33     9.14     6.98   -20.48    -686.2     62.43     59.29     2.655     165100    0    0    0    1    1
2015  6 23  4 34     9.43     7.15   -20.33    -682.1     56.95     60.16     2.637     164039    0    0    0    1    1
2015  6 23  4 35     9.56     7.49   -20.16    -675.3     50.88     58.81     2.619     163302    0    0    0    1    1
2015  6 23  4 36     9.89     7.83   -19.93    -675.0     50.02     62.54     2.568     161842    0    0    0    1    1
2015  6 23  4 37    10.00     7.64   -19.92    -676.1     48.49     63.44     2.500     162392    0    0    0    1    1
2015  6 23  4 38    10.69     4.89   -19.81    -681.2     43.56     62.15     2.462     167044    0    0    0    1    1
2015  6 23  4 39    11.07     2.72   -19.92    -685.1     38.86     53.03     2.451     172638    0    0    0    1    1
2015  6 23  4 40    11.36     2.69   -19.85    -687.3     34.85     45.19     2.483     176993    0    0    0    1    1
2015  6 23  4 41    12.12     4.34   -19.40    -700.5     35.46     45.99     2.561     183912    0    0    0    1    1
2015  6 23  4 42    12.37     4.99   -18.98    -702.0     42.10     52.34     2.570     189459    0    0    0    1    1
2015  6 23  4 43    12.34     5.47   -18.84    -697.3     47.26     67.87     2.572     191829    0    0    0    1    1
2015  6 23  4 44    12.14     5.66   -18.72    -690.4     51.61     64.78     2.583     193748    0    0    0    1    1
2015  6 23  4 45    12.02     5.84   -18.64    -687.5     56.81     64.28     2.602     196179    0    0    0    1    1
2015  6 23  4 46    12.08     6.08   -18.50    -687.2     59.57     65.13     2.612     199648    0    0    0    1    1
2015  6 23  4 47    12.18     6.31   -18.39    -687.8     59.91     65.47     2.612     201241    0    0    0    1    1
2015  6 23  4 48    12.23     6.38   -18.32    -688.1     58.40     63.47     2.576     202871    0    0    0    1    1
2015  6 23  4 49    12.30     6.35   -18.21    -686.9     55.27     61.61     2.557     203763    0    0    0    1    1
2015  6 23  4 50    12.32     6.31   -18.17    -685.7     53.62     60.78     2.572     209676    0    0    0    1    1
2015  6 23  4 51    12.30     6.18   -18.23    -682.8     54.47     61.51     2.584     219129    0    0    0    1    1
2015  6 23  4 52    12.20     6.02   -18.39    -678.6     55.89     63.34     2.584     225848    0    0    0    1    1
2015  6 23  4 53    11.87     6.04   -18.68    -676.8     56.15     64.68     2.577     227726    0    0    0    1    1
2015  6 23  4 54    11.40     6.13   -18.93    -677.4     54.65     63.22     2.556     226801    0    0    0    1    1
2015  6 23  4 55    11.00     6.13   -19.21    -680.9     53.00     58.25     2.559     223607    0    0    0    1    1
2015  6 23  4 56    10.95     6.18   -19.26    -681.4     52.28     58.05     2.578     224376    0    0    0    1    1
2015  6 23  4 57    11.03     6.28   -19.21    -685.3     51.83     55.19     2.626     232218    0    0    0    1    1
2015  6 23  4 58    11.12     6.46   -19.13    -688.5     52.13     49.96     2.647     241027    0    0    0    1    1
2015  6 23  4 59    11.21     6.86   -19.02    -688.9     53.52     47.23     2.637     242590    0    0    0    1    1
2015  6 23  5  0    11.44     7.09   -18.68    -692.5     56.24     47.12     2.626     237978    0    0    0    1    1
2015  6 23  5  1    11.48     7.02   -18.52    -693.2     55.88     47.45     2.626     236853    0    0    0    1    1
2015  6 23  5  2    11.84     6.86   -18.42    -693.5     54.93     51.75     2.752     250685    0    0    0    1    1
2015  6 23  5  3    11.98     6.88   -18.27    -692.6     53.73     51.05     2.880     254943    0    0    0    1    1
2015  6 23  5  4    12.05     6.65   -17.77    -692.9     52.68     46.21     2.906     255496    0    0    0    1    1
2015  6 23  5  5    12.37     6.52   -17.62    -692.5     52.52     44.19     2.888     257255    0    0    0    1    1
2015  6 23  5  6    12.55     6.36   -17.53    -691.3     52.97     42.69     2.842     260025    0    0    0    1    1
2015  6 23  5  7    12.55     6.13   -16.92    -687.6     53.37     36.31     2.831     311613    0    0    0    1    1
2015  6 23  5  8    12.57     6.22   -16.58    -685.6     53.53     32.43     2.903     342124    0    0    0    1    1
2015  6 23  5  9    12.77     6.38   -16.69    -689.3     52.49     38.88     2.997     319960    0    0    0    1    1
2015  6 23  5 10    12.92     6.16   -17.22    -692.2     51.12     42.57     3.014     292111    0    0    0    1    1
2015  6 23  5 11    12.79     6.02   -17.79    -695.1     50.92     42.59     3.017     281356    0    0    0    1    1
2015  6 23  5 12    12.68     5.87   -18.01    -702.3     54.60     40.91     2.986     278666    0    0    0    1    1
2015  6 23  5 13    12.96     5.92   -17.98    -702.3     58.68     39.72     2.989     278666    0    0    0    1    1
2015  6 23  5 14    13.27     5.83   -17.83    -699.8     62.17     40.35     2.987     278473    0    0    0    1    1
2015  6 23  5 15    13.17     5.59   -17.94    -693.6     63.42     40.06     2.954     276549    0    0    0    1    1
2015  6 23  5 16    13.02     5.52   -18.12    -691.7     63.06     39.06     2.834     273684    0    0    0    1    1
2015  6 23  5 17    12.94     5.46   -18.19    -691.8     62.66     33.44     2.694     255035    0    0    0    1    1
2015  6 23  5 18    13.04     5.98   -17.62    -691.6     62.52     31.22     2.638     249969    0    0    0    1    1
2015  6 23  5 19    13.76     6.22   -15.96    -696.6     63.59     31.78     2.738     265271    0    0    0    1    1
2015  6 23  5 20    13.81     5.54   -16.01    -700.2     62.34     36.54     2.828     281817    0    0    0    1    1
2015  6 23  5 21    13.55     5.62   -17.63    -701.9     62.00     43.30     2.841     286719    0    0    0    1    1
2015  6 23  5 22    13.18     5.53   -17.70    -700.4     62.91     43.90     2.862     301703    0    0    0    1    1
2015  6 23  5 23    12.17     4.74   -17.82    -694.2     65.72     42.59     2.901     385584    0    0    0    1    1
2015  6 23  5 24    12.00     4.61   -17.84    -687.8     69.57     36.58     2.975     441489    0    0    0    1    1
2015  6 23  5 25    12.38     4.77   -17.00    -683.3     72.30     30.94     3.141     466973    0    0    0    1    1
2015  6 23  5 26    13.27     4.97   -15.27    -680.2     73.65     24.53     3.422     456615    0    1    1    1    1
2015  6 23  5 27    13.94     4.34   -11.51    -676.3     75.79     15.24     3.752     429325    0    1    1    2    2
2015  6 23  5 28    13.18     1.51    -0.84    -672.8     81.01      6.30     4.091     397702    0    1    1    1    1
2015  6 23  5 29    11.84     0.19     5.92    -669.0     83.40     -2.93     4.419     379643    0    1    1    1    1
2015  6 23  5 30    11.37     1.67    -0.25    -675.5     82.07     -2.88     4.723     374500    0    0    0    0    0
2015  6 23  5 31    11.10     1.80     0.04    -690.5     88.71      3.58     4.634     374500    0    0    0    0    0
2015  6 23  5 32    10.68     1.87     0.28    -690.1     91.56      4.78     4.168     371876    0    0    0    0    0
2015  6 23  5 33    10.41     2.30     0.48    -692.4     81.99      2.35     3.708     370858    0    0    0    0    0
2015  6 23  5 34    10.03     2.32     0.66    -691.4     80.05     -1.14     3.458     372914    0    0    0    0    0
2015  6 23  5 35     9.35     2.63     0.96    -691.9     80.10     -7.51     3.406     373530    0    0    0    0    0
2015  6 23  5 36     8.47     1.53     1.22    -692.0     77.57    -17.34     3.425     318459    0    0    0    0    0
2015  6 23  5 37     8.05     1.72     1.10    -691.7     69.87     -9.28     3.925     253788    0    0    0    0    0
2015  6 23  5 38     7.95     2.07     0.45    -689.5     73.12     -6.21     4.061     195934    0    0    0    0    0
2015  6 23  5 39     7.83     2.15     0.07    -688.2     75.06     -6.36     3.824     177171    0    0    0    0    0
2015  6 23  5 40     7.04     1.67    -0.17    -687.8     74.93     -7.89     3.339     177596    0    0    0    0    0
2015  6 23  5 41     3.31     1.10    -0.40    -687.2     64.42     -9.57     3.135     306400    0    0    0    0    0
2015  6 23  5 42     1.23     0.92    -0.48    -687.1     69.04    -10.21     3.135     387597    0    0    0    0    0
2015  6 23  5 43     1.56     1.08     0.10    -687.1     76.14    -10.36     3.134     369098    0    0    0    0    0
2015  6 23  5 44     1.78     1.71     1.34    -689.2     69.94    -11.70     3.005     356765    0    0    0    0    0
2015  6 23  5 45     1.91     1.91     2.12    -689.2     66.86    -13.58     2.830     356765    0    1    1    0    0
2015  6 23  5 46     2.11     1.18     6.43    -688.9     73.69    -15.32     2.763     324204    0    1    1    0    0
2015  6 23  5 47     2.02    -0.50    11.23    -689.7     81.26    -13.89     2.741     307924    0    1    1    0    0
2015  6 23  5 48    -0.96    -2.99    14.73    -690.1     86.82    -14.09     2.863     342588    0    1    1    0    0
2015  6 23  5 49    -2.96    -4.35    15.96    -689.1     87.12    -13.73     2.818     357730    0    0    0    0    0
2015  6 23  5 50    -3.72    -4.69    16.12    -686.6     85.66    -12.17     2.719     358398    0    0    0    0    0
2015  6 23  5 51    -4.21    -4.68    16.15    -684.6     85.52    -11.54     2.689     387317    0    0    0    0    0
2015  6 23  5 52    -4.83    -4.71    16.18    -686.3     81.01    -17.65     2.713     415332    0    0    0    0    0
2015  6 23  5 53    -5.05    -4.95    16.23    -687.6     78.01    -21.93     2.752     411747    0    0    0    0    0
2015  6 23  5 54    -4.70    -5.17    16.22    -684.0     78.72    -18.23     2.756     390289    0    0    0    0    0
2015  6 23  5 55    -4.34    -5.50    16.42    -680.2     79.65    -14.26     2.673     369898    0    0    0    0    0
2015  6 23  5 56    -4.60    -6.03    17.08    -679.6     80.63    -12.73     2.522     380145    0    0    0    0    0
2015  6 23  5 57    -5.28    -6.31    17.35    -679.6     79.34    -13.66     2.500     405663    0    0    0    0    0
2015  6 23  5 58    -5.82    -6.32    16.61    -680.6     75.90    -22.35     2.571     413014    0    0    0    0    0
2015  6 23  5 59    -7.03    -6.36    15.89    -684.5     72.22    -19.78     2.695     412429    0    0    0    0    0
2015  6 23  6  0    -7.57    -6.52    15.86    -686.4     71.95    -16.55     2.675     409211    0    0    0    0    0
2015  6 23  6  1    -7.63    -6.97    16.27    -685.0     73.39    -15.49     2.622     404288    0    0    0    0    0
2015  6 23  6  2    -7.49    -7.49    16.75    -682.5     73.80    -14.97     2.612     401584    0    0    0    0    0
2015  6 23  6  3    -7.20    -7.83    16.99    -680.7     73.80    -15.00     2.583     406430    0    0    0    0    0
2015  6 23  6  4    -6.91    -8.24    16.65    -680.0     74.79    -17.27     2.597     415642    0    0    0    0    0
2015  6 23  6  5    -6.13    -8.87    15.26    -679.2     77.19    -21.87     2.764     416075    0    0    0    0    0
2015  6 23  6  6    -7.23    -8.29    14.48    -680.8     78.01    -21.88     2.895     405902    0    0    0    0    0
2015  6 23  6  7   -11.77    -7.26    16.23    -679.7     77.56    -20.48     3.103     387977    0    0    0    0    0
2015  6 23  6  8   -11.34    -7.36    16.32    -676.4     76.63    -16.98     3.376     388695    0    0    0    0    0
2015  6 23  6  9   -11.03    -7.52    16.34    -675.5     76.34    -14.39     3.585     392591    0    0    0    0    0
2015  6 23  6 10   -10.79    -7.67    16.37    -673.5     74.74    -14.48     3.635     397205    0    0    0    0    0
2015  6 23  6 11   -10.76    -7.66    16.33    -676.5     74.74    -14.45     3.654     390217    0    0    0    0    0
2015  6 23  6 12   -10.71    -7.61    16.28    -674.5     74.76     -9.95     3.621     383955    0    0    0    0    0
2015  6 23  6 13   -10.71    -7.54    16.28    -669.0     74.90     -6.33     3.568     383814    0    0    0    0    0
2015  6 23  6 14   -10.71    -7.14    16.41    -663.6     84.40     -1.27     3.413     368445    0    0    0    1    1
2015  6 23  6 15    -5.52    -3.79     7.23    -661.3     87.57      5.99     3.211     357200    0    0    0    1    1
2015  6 23  6 16    -1.23    -0.90    -0.29    -666.2     80.18     16.59     3.056     347435    0    0    0    1    1
2015  6 23  6 17    -0.80    -0.20    -0.33    -670.6     70.29     27.16     2.975     339421    0    0    0    1    1
2015  6 23  6 18    -0.60    -0.01    -0.30    -671.4     68.21     27.41     2.933     336474    0    0    0    1    1
2015  6 23  6 19    -0.52     0.05    -0.30    -671.4     68.17     27.77     2.907     335987    0    0    0    1    1
2015  6 23  6 20    -0.40     0.02    -0.26    -669.7     70.36     28.45     2.893     331792    0    0    0    1    1
2015  6 23  6 21    -0.28    -0.10    -0.26    -667.9     73.40     29.83     2.861     328855    0    0    0    1    1
2015  6 23  6 22    -0.24    -0.35    -0.28    -667.7     76.05     30.85     2.806     324397    0    0    0    1    1
2015  6 23  6 23     0.00    -0.38    -0.22    -669.1     77.59     30.77     2.742     317204    0    0    0    1    1
2015  6 23  6 24     0.35    -0.30    -0.03    -670.7     80.09     25.12     2.677     308536    0    0    0    1    1
2015  6 23  6 25     0.63    -0.21     0.12    -671.3     81.06     25.33     2.626     296933    0    0    0    1    1
2015  6 23  6 26     0.64     0.02     0.18    -668.3     82.18     25.59     2.558     286223    0    0    0    1    1
2015  6 23  6 27     0.57     0.05     0.19    -665.4     80.24     26.49     2.517     279604    0    0    0    1    1
2015  6 23  6 28     0.14    -0.25    -0.08    -661.6     78.84     24.05     2.480     273734    0    0    0    1    1
2015  6 23  6 29    -0.51    -0.37    -0.42    -658.1     76.59     20.23     2.446     267805    0    0    0    1    1
2015  6 23  6 30    -1.22    -0.20    -0.67    -656.3     74.20     16.75     2.413     261218    0    0    0    1    1
2015  6 23  6 31    -1.64    -0.11    -0.82    -656.6     75.88     14.91     2.374     253347    0    0    0    1    1
2015  6 23  6 32    -1.63    -0.12    -0.87    -657.7     79.04     16.41     2.334     244646    0    0    0    1    1
2015  6 23  6 33    -1.17    -0.26    -0.74    -661.3     80.17     17.44     2.279     235113    0    0    0    1    1
2015  6 23  6 34    -0.59    -0.29    -0.54    -663.6     79.74     12.90     2.220     227008    0    0    0    1    1
2015  6 23  6 35    -0.32    -0.14    -0.37    -665.4     77.40      6.87     2.162     218711    0    0    0    1    1
2015  6 23  6 36    -0.29    -0.01    -0.43    -668.7     77.00      8.94     2.098     207118    0    0    0    1    1
2015  6 23  6 37    -0.29    -0.96    -0.39    -671.3     79.03     14.25     2.035     193266    0    0    0    1    1
2015  6 23  6 38     0.07    -1.59    -0.23    -672.5     69.52     11.10     1.992     176741    0    0    0    1    1
2015  6 23  6 39    -0.40    -1.68     0.16    -671.8     78.14      6.42     1.966     165488    0    0    0    1    1
2015  6 23  6 40    -0.44    -1.65     0.23    -666.4     77.40      3.23     1.975     165488    0    0    0    1    1
2015  6 23  6 41    -0.45    -1.43     0.06    -659.1     78.48      3.75     2.087     176391    0    0    0    0    0
2015  6 23  6 42    -0.45    -1.01    -0.24    -652.6     79.48      5.98     2.233     188437    0    0    0    0    0
2015  6 23  6 43    -0.47    -0.30    -0.69    -651.4     77.93      8.18     2.332     191408    0    0    0    0    0
2015  6 23  6 44    -0.50    -0.35    -1.28    -648.2     78.06      6.31     2.330     204798    0    0    0    0    0
2015  6 23  6 45    -0.68    -0.13    -1.58    -647.5     80.72      9.27     2.339     208389    0    0    0    0    0
2015  6 23  6 46    -0.75    -0.17    -1.64    -645.3     86.21      2.91     2.382     225682    0    0    0    0    0
2015  6 23  6 47    -0.67    -0.22    -1.67    -642.8     87.07      0.20     2.430     233615    0    0    0    0    0
2015  6 23  6 48    -0.59    -0.39    -2.01    -643.4     87.87     -2.62     2.483     250249    0    0    0    1    1
2015  6 23  6 49    -0.43    -0.76    -2.20    -646.2     93.62      1.39     2.509     257666    0    0    0    1    1
2015  6 23  6 50    -0.42    -0.96    -1.93    -649.8     96.32      4.76     2.501     270924    0    0    0    1    1
2015  6 23  6 51    -0.44    -1.17    -1.69    -659.2     94.06     11.21     2.396     264871    0    0    0    1    1
2015  6 23  6 52    -0.50    -1.40    -1.22    -663.0     87.83     17.01     2.328     258439    0    0    0    1    1
2015  6 23  6 53    -0.60    -1.50    -0.61    -658.5     81.64     12.52     2.460     267782    0    0    0    1    0
2015  6 23  6 54    -0.74    -1.46     0.22    -652.7     77.28      5.24     2.598     282789    0    0    0    1    0
2015  6 23  6 55    -0.80    -1.27     1.30    -647.1     76.21      5.22     2.615     296371    0    0    0    1    0
2015  6 23  6 56    -0.81    -1.18     1.67    -646.2     73.21      9.59     2.566     321369    0    0    0    0    0
2015  6 23  6 57    -2.20    -1.94     2.65    -651.1     74.76     -1.66     2.824     351682    0    0    0    0    0
2015  6 23  6 58   -11.02    -5.43    15.10    -687.3     67.35     -1.05     2.996     384406    0    0    0    0    0
2015  6 23  6 59   -11.28    -5.42    14.85    -686.7     62.50      0.04     2.977     380027    0    0    0    0    0
2015  6 23  7  0   -10.96    -5.19    13.46    -680.5     60.43      1.10     2.963     354213    0    0    0    0    0
2015  6 23  7  1   -10.19    -4.83    11.09    -670.8     60.43      2.14     2.962     314383    0    0    0    0    0
2015  6 23  7  2   -10.53    -4.69    11.94    -663.5     64.15      2.17     2.929     338023    0    0    0    0    0
2015  6 23  7  3   -11.41    -4.74    14.05    -681.1     67.57      5.66     2.739     366253    0    0    0    0    0
2015  6 23  7  4   -11.73    -4.80    14.95    -689.8     65.29      7.28     2.689     381730    0    0    0    0    0
2015  6 23  7  5   -11.69    -4.80    15.02    -681.6     58.31      4.05     2.615     390027    0    0    0    0    0
2015  6 23  7  6   -11.65    -4.80    15.05    -670.4     49.99     -0.66     2.487     397136    0    0    0    0    0
2015  6 23  7  7    -6.06    -4.05     7.22    -661.5     49.16     -1.70     2.380     407647    0    0    0    0    0
2015  6 23  7  8    -1.79    -3.45     1.42    -655.1     49.16     -2.12     2.300     421993    0    0    0    1    1
2015  6 23  7  9    -1.34    -3.21     0.97    -653.4     47.79     -1.91     2.252     444220    0    0    0    1    2
2015  6 23  7 10    -1.49    -2.80     0.44    -655.7     43.47     -0.52     2.177     472935    0    0    0    1    2
2015  6 23  7 11     0.04    -2.27    -0.90    -666.4     54.91      0.74     2.275     509957    0    0    0    1    2
2015  6 23  7 12    -1.75    -2.43     4.06    -667.3     69.34    -10.91     2.459     536488    0    0    0    1    2
2015  6 23  7 13     5.38    -0.88    -4.10    -661.2     76.31    -16.55     2.576     556122    0    0    0    1    2
2015  6 23  7 14    11.42     0.93   -11.27    -661.7     81.98    -16.05     2.629     587063    0    0    0    1    2
2015  6 23  7 15    11.44     2.00   -11.35    -673.3     82.99     -6.72     2.612     593603    0    0    0    0    0
2015  6 23  7 16    10.89     2.48   -11.40    -674.8     81.19    -16.55     2.623     644116    0    0    0    0    0
2015  6 23  7 17    10.65     3.09   -11.01    -671.8     80.47    -12.66     2.717     647043    0    0    0    0    0
2015  6 23  7 18    10.56     4.04   -10.08    -667.8     81.74    -12.68     2.726     648635    0    0    0    0    0
2015  6 23  7 19    10.14     4.17    -9.91    -661.4     83.36    -15.78     2.617     693697    0    0    0    0    0
2015  6 23  7 20     9.93     3.80    -9.98    -653.2     85.85    -22.12     2.515     725726    0    0    0    0    0
2015  6 23  7 21    10.09     3.01   -10.17    -643.1     89.46    -32.02     2.463     725848    0    0    0    0    0
2015  6 23  7 22    10.40     2.74   -10.20    -637.1     93.34    -40.92     2.343     726187    0    0    0    0    1
2015  6 23  7 23    10.63     2.83   -10.33    -633.0     97.30    -45.65     2.243     726595    0    0    0    0    1
2015  6 23  7 24    10.48     2.75   -10.64    -630.3    100.82    -47.32     2.239     727920    0    0    0    0    1
2015  6 23  7 25     9.80     2.06   -10.53    -636.8    101.12    -55.67     2.619     729049    0    0    0    0    1
2015  6 23  7 26     9.46     4.65    -9.97    -639.1     99.97    -63.95     2.965     716648    0    0    0    0    0
2015  6 23  7 27     8.50     6.08    -8.89    -633.8     92.56    -71.13     2.976     709399    0    0    0    0    0
2015  6 23  7 28     7.12     6.11    -7.59    -625.5     80.97    -77.17     2.941     707457    0    0    0    0    0
2015  6 23  7 29     6.64     5.96    -6.58    -614.0     80.81    -77.59     2.734     707381    0    0    0    0    0
2015  6 23  7 30     6.50     5.59    -5.82    -608.9     80.62    -77.30     2.520     702893    0    1    2    0    1
2015  6 23  7 31     6.37     5.22    -5.05    -603.8     80.43    -77.02     2.306     698405    0    1    1    0    1
2015  6 23  7 32     3.43     2.01     4.33    -622.8     80.03    -74.82     2.484     670340    0    1    2    1    1
2015  6 23  7 33     3.10     2.32     0.82    -616.6     79.88    -74.00     2.641     634335    0    1    2    1    1
2015  6 23  7 34     2.80     2.70    -2.11    -608.9     79.74    -73.29     2.742     606905    0    1    2    1    1
2015  6 23  7 35     2.19     2.71    -2.02    -601.7     79.60    -72.56     2.739     597679    0    1    2    1    1
2015  6 23  7 36     1.60     2.72    -2.09    -595.5     79.46    -71.79     2.747     589603    0    1    2    1    1
2015  6 23  7 37     1.06     2.79    -1.92    -591.5     79.29    -70.88     2.761     581402    0    1    2    2    2
2015  6 23  7 38     0.65     3.00    -1.36    -591.3     79.07    -69.74     2.772     571519    0    1    2    2    2
2015  6 23  7 39     0.79     3.24    -1.32    -591.5     78.86    -68.60     2.753     559940    0    2    2    2    2
2015  6 23  7 40     1.58     3.33    -1.49    -591.9     78.64    -67.44     2.701     548119    0    2    2    2    2
2015  6 23  7 41     1.72     3.26    -1.41    -592.2     78.43    -66.27     2.620     536212    0    2    2    2    2
2015  6 23  7 42     1.66     3.39    -1.62    -592.6     78.21    -65.11     2.515     524206    0    2    2    2    2
2015  6 23  7 43     1.15     3.62    -1.80    -592.9     77.99    -63.95     2.443     512068    0    2    2    2    2
2015  6 23  7 44     0.28     3.41    -1.28    -593.3     77.77    -62.77     2.446     499723    0    2    2    2    2
2015  6 23  7 45    -0.64     3.00    -0.95    -593.7     77.55    -61.60     2.449     487233    0    2    2    2    2
2015  6 23  7 46    -0.97     3.07    -0.44    -594.0     77.34    -60.44     2.453     474719    0    2    2    2    2
2015  6 23  7 47    -1.85     3.09     1.25    -594.4     77.12    -59.27     2.523     462042    0    2    2    2    2
2015  6 23  7 48    -3.93     1.80     5.61    -595.4     76.89    -58.07     2.662     449791    0    1    2    2    2
2015  6 23  7 49    -5.28    -0.28    10.55    -599.0     76.64    -56.72     2.814     437954    0    1    2    1    1
2015  6 23  7 50    -5.43    -1.29    11.60    -600.1     76.42    -55.51     2.955     426473    0    1    2    1    1
2015  6 23  7 51    -4.68    -2.68    13.18    -600.0     76.21    -54.38     3.015     414497    0    1    2    1    1
2015  6 23  7 52    -4.95    -3.20    13.51    -600.2     75.99    -53.23     2.994     408225    0    1    2    1    1
2015  6 23  7 53    -6.31    -1.75    12.31    -604.5     75.73    -51.82     2.961     399662    0    1    2    0    1
2015  6 23  7 54    -6.45    -1.50    10.70    -611.6     82.09    -50.29     2.672     378476    0    1    1    0    1
2015  6 23  7 55    -4.52    -3.50    10.02    -618.7     87.06    -46.77     2.223     348981    0    0    0    0    0
2015  6 23  7 56     1.00    -1.27    -1.88    -632.5     79.46    -24.26     2.351     335049    0    0    0    0    0
2015  6 23  7 57     2.13    -0.77    -1.17    -638.6     74.01    -19.51     2.229     286949    0    0    0    0    0
2015  6 23  7 58     2.25    -0.73    -0.35    -639.1     67.31    -30.14     2.028     262632    0    0    0    0    0
2015  6 23  7 59     2.44    -1.01     0.07    -639.7     58.97    -32.88     1.924     245387    0    0    0    0    0
2015  6 23  8  0     2.58    -1.01     0.14    -639.9     51.14    -23.20     1.812     226872    0    0    0    0    1
2015  6 23  8  1     9.54     0.12   -10.01    -640.4     43.88    -15.67     1.732     211318    0    0    0    0    1
2015  6 23  8  2     8.90     2.51   -12.62    -643.2     41.00     -6.07     1.666     198868    0    1    1    1    1
2015  6 23  8  3     8.17     2.94   -12.01    -649.3     42.51      6.34     1.615     186268    0    1    2    1    1
2015  6 23  8  4     9.19     2.39   -12.94    -653.8     46.30     18.23     1.524     168625    0    1    2    1    1
2015  6 23  8  5    10.80     2.28   -14.14    -655.1     50.53     26.03     1.390     154039    0    1    1    1    1
2015  6 23  8  6    10.99     2.26   -15.15    -655.5     54.80     26.26     1.258     152027    0    0    0    0    0
2015  6 23  8  7    11.23     2.27   -15.05    -654.2     60.42     23.43     1.214     160656    0    0    0    0    0
2015  6 23  8  8    11.69     1.80   -14.71    -653.3     68.47     21.69     1.215     182709    0    0    0    0    0
2015  6 23  8  9    12.78     0.33   -13.92    -653.3     74.24     23.68     1.271     182044    0    0    0    0    0
2015  6 23  8 10    13.22     0.05   -13.65    -671.6     92.41      6.73     1.475     146184    0    0    0    0    0
2015  6 23  8 11    13.22     0.03   -13.66    -670.0     91.03      6.82     1.454     135246    0    0    0    0    0
2015  6 23  8 12    13.18     0.17   -13.76    -668.4     87.08      8.81     1.379     111543    0    0    0    0    0
2015  6 23  8 13    12.68     0.45   -14.06    -666.9     84.60     11.79     1.365     108261    0    0    0    0    0
2015  6 23  8 14    12.32     0.77   -14.31    -667.8     84.28      9.26     1.359     111718    0    0    0    0    0
2015  6 23  8 15    12.11     0.94   -14.46    -668.2     81.86      8.45     1.366     113755    0    0    0    0    0
2015  6 23  8 16    12.12     1.09   -14.43    -667.6     81.88     10.29     1.420     116962    0    0    0    0    0
2015  6 23  8 17    12.23     1.40   -14.30    -664.8     82.80     13.02     1.440     120336    0    0    0    0    0
2015  6 23  8 18    12.46     1.52   -13.95    -661.2     78.79     14.79     1.395     125447    0    0    0    0    0
2015  6 23  8 19    12.48     1.46   -13.83    -660.5     73.89     16.10     1.360     132885    0    0    0    0    0
2015  6 23  8 20    11.74     0.91   -14.79    -677.3     72.98      9.88     1.377     147324    0    0    0    0    0
2015  6 23  8 21    11.67     0.99   -14.83    -680.3     72.37      7.40     1.405     154272    0    0    0    0    0
2015  6 23  8 22    11.72     1.12   -14.77    -678.0     70.84      5.28     1.401     153656    0    0    0    0    0
2015  6 23  8 23    11.88     1.11   -14.60    -674.3     70.53      3.59     1.375     151734    0    0    0    0    0
2015  6 23  8 24    12.25     1.03   -14.24    -670.4     68.81      4.05     1.366     151734    0    0    0    0    0
2015  6 23  8 25    12.59     1.16   -13.96    -665.0     67.07      6.28     1.351     151734    0    0    0    0    0
2015  6 23  8 26    13.13     1.25   -13.46    -658.1     65.04     10.20     1.339     153051    0    0    0    0    0
2015  6 23  8 27    13.69     1.32   -12.91    -651.2     62.84     14.81     1.331     156214    0    0    0    0    0
2015  6 23  8 28    13.87     1.45   -12.70    -647.6     60.60     18.79     1.331     164444    0    0    0    0    0
2015  6 23  8 29    13.70     1.38   -12.77    -653.4     55.06     12.38     1.402     199618    0    0    0    0    0
2015  6 23  8 30    13.50     1.45   -12.85    -661.4     54.63     10.10     1.489     202982    0    0    0    0    0
2015  6 23  8 31    13.52     0.97   -12.96    -664.6     52.31     11.63     1.386     175879    0    0    0    0    0
2015  6 23  8 32    13.69     0.90   -12.83    -663.4     53.56     14.58     1.323     164761    0    0    0    0    0
2015  6 23  8 33    14.13     1.14   -12.30    -660.5     53.88     18.63     1.365     168321    0    0    0    0    0
2015  6 23  8 34    14.57     1.37   -11.78    -657.6     53.63     23.20     1.402     171303    0    0    0    0    0
2015  6 23  8 35    14.76     1.55   -11.59    -655.8     55.77     26.46     1.392     171303    0    0    0    0    0
2015  6 23  8 36    14.77     1.79   -11.60    -657.8     60.68     26.46     1.392     171978    0    0    0    0    0
2015  6 23  8 37    14.66     2.17   -11.61    -661.7     63.31     24.04     1.387     182827    0    0    0    0    0
2015  6 23  8 38    14.47     2.26   -11.68    -662.3     54.06     16.99     1.365     212571    0    0    0    0    0
2015  6 23  8 39    14.45     1.99   -11.71    -661.4     48.31     13.34     1.330     239371    0    0    0    0    0
2015  6 23  8 40    14.32     1.94   -11.87    -659.4     48.65     13.69     1.299     253263    0    0    0    0    0
2015  6 23  8 41    14.17     2.11   -12.07    -656.7     55.42     14.21     1.188     270742    0    0    0    0    0
2015  6 23  8 42    14.27     2.20   -12.03    -653.7     65.61     15.43     1.017     291179    0    0    0    0    0
2015  6 23  8 43    14.47     2.22   -11.76    -651.1     64.78     18.33     0.964     291179    0    1    1    0    1
2015  6 23  8 44    14.54     2.32   -11.81    -652.2     63.23     23.19     0.928     291199    0    1    1    0    1
2015  6 23  8 45    14.67     2.43   -11.81    -652.6     62.35     26.64     0.903     291286    0    1    1    0    1
2015  6 23  8 46    14.64     2.60   -11.79    -653.2     60.42     25.34     0.894     291006    0    1    1    0    1
2015  6 23  8 47    14.53     2.76   -11.82    -653.3     58.38     25.22     0.889     289535    0    1    1    0    1
2015  6 23  8 48    14.36     2.89   -11.92    -653.3     58.48     25.24     0.885     286625    0    1    1    0    1
2015  6 23  8 49    14.25     3.11   -11.99    -653.2     58.64     25.05     0.876     280746    0    1    1    0    1
2015  6 23  8 50    14.15     3.26   -12.07    -653.0     58.59     24.62     0.877     270334    0    1    1    1    1
2015  6 23  8 51    14.07     3.36   -12.11    -653.1     58.83     24.39     0.889     257908    0    1    1    1    1
2015  6 23  8 52    14.02     3.49   -12.12    -653.3     60.44     24.70     0.899     248271    0    1    1    1    1
2015  6 23  8 53    14.09     3.54   -11.96    -653.5     62.98     26.17     0.884     251603    0    1    1    1    1
2015  6 23  8 54    14.17     3.52   -11.78    -653.7     63.67     28.06     0.866     261599    0    1    1    0    1
2015  6 23  8 55    14.10     3.53   -11.80    -654.0     63.64     28.06     0.878     261422    0    1    1    0    1
2015  6 23  8 56    13.82     3.92   -11.87    -655.6     64.56     27.47     0.891     256337    0    1    1    0    1
2015  6 23  8 57    13.54     4.46   -11.86    -656.7     59.10     24.58     0.884     247373    0    1    1    0    1
2015  6 23  8 58    13.53     4.67   -11.75    -655.7     47.34     20.43     0.871     248315    0    1    2    0    1
2015  6 23  8 59    13.62     4.80   -11.62    -653.2     47.23     20.54     0.858     251264    0    1    2    0    1
2015  6 23  9  0    13.57     4.78   -11.69    -649.8     48.76     21.45     0.859     255197    0    1    1    0    1
2015  6 23  9  1    13.12     4.61   -12.25    -647.8     65.07     29.53     0.842     259298    0    1    1    0    1
2015  6 23  9  2    12.20     4.10   -13.63    -646.1     65.55     27.71     0.796     259298    0    1    1    0    1
2015  6 23  9  3    11.78     3.79   -14.18    -641.5     64.30     24.90     0.690     238730    0    1    1    0    1
2015  6 23  9  4    11.63     3.60   -14.67    -639.6     63.58     20.58     0.608     227365    0    1    1    0    1
2015  6 23  9  5    11.68     3.51   -14.83    -640.1     61.49     18.72     0.541     225398    0    1    1    0    1
2015  6 23  9  6    11.94     3.42   -14.77    -651.1     56.99     13.35     0.329     240002    0    1    1    0    1
2015  6 23  9  7    11.99     3.25   -14.74    -652.4     54.73     13.06     0.322     240860    0    1    1    0    1
2015  6 23  9  8    12.04     3.30   -14.70    -652.4     53.12     13.27     0.310     240772    0    1    1    0    1
2015  6 23  9  9    12.03     3.42   -14.71    -652.2     51.30     13.91     0.281     240565    0    1    1    0    1
2015  6 23  9 10    11.97     3.50   -14.72    -652.0     48.47     14.97     0.264     238893    0    1    1    0    1
2015  6 23  9 11    12.03     3.53   -14.66    -651.8     48.36     16.48     0.265     230321    0    1    1    0    1
2015  6 23  9 12    12.17     3.48   -14.49    -651.7     48.06     18.61     0.267     208520    0    1    1    0    1
2015  6 23  9 13    12.21     3.48   -14.43    -651.1     48.21     19.32     0.266     208560    0    1    1    0    1
2015  6 23  9 14    12.16     3.50   -14.46    -648.8     49.90     20.62     0.257     208818    0    1    1    0    1
2015  6 23  9 15    12.09     3.58   -14.45    -644.8     50.61     20.59     0.249     209408    0    1    1    0    1
2015  6 23  9 16    11.93     3.60   -14.54    -643.6     50.66     19.77     0.240     209496    0    1    1    0    1
2015  6 23  9 17    11.93     3.65   -14.55    -643.5     50.59     18.96     0.243     208699    0    1    1    1    1
2015  6 23  9 18    12.00     3.77   -14.42    -643.9     50.46     18.20     0.253     207705    0    1    1    1    1
2015  6 23  9 19    12.15     3.91   -14.24    -644.4     51.81     16.59     0.264     207438    0    1    1    1    1
2015  6 23  9 20    12.16     3.97   -14.20    -644.5     52.08     16.41     0.272     206560    0    1    1    1    1
2015  6 23  9 21    12.08     3.98   -14.24    -644.9     53.16     16.53     0.293     202757    0    1    1    0    1
2015  6 23  9 22    11.51     3.96   -14.56    -644.8     53.65     17.10     0.333     199715    0    1    1    0    1
2015  6 23  9 23    11.42     3.96   -14.60    -643.6     54.29     19.72     0.342     197151    0    1    1    0    1
2015  6 23  9 24    11.40     3.97   -14.53    -643.2     54.40     20.34     0.342     196690    0    1    1    0    1
2015  6 23  9 25    11.25     4.00   -14.59    -641.3     54.87     21.00     0.335     196754    0    1    1    0    1
2015  6 23  9 26    11.11     4.04   -14.63    -640.5     55.02     21.30     0.332     196779    0    1    1    0    1
2015  6 23  9 27    11.08     4.07   -14.63    -640.5     56.51     21.37     0.330     196779    0    1    1    0    1
2015  6 23  9 28    11.17     4.18   -14.42    -645.1     57.48     13.45     0.323     198193    0    1    1    0    1
2015  6 23  9 29    11.24     4.26   -14.32    -645.6     59.70     12.81     0.323     198365    0    1    1    0    1
2015  6 23  9 30    11.27     4.26   -14.27    -645.2     60.02     15.23     0.322     196513    0    1    1    0    1
2015  6 23  9 31    11.26     4.30   -14.27    -645.1     61.55     18.13     0.315     195120    0    1    1    0    1
2015  6 23  9 32    11.20     4.40   -14.22    -645.0     61.94     21.88     0.308     194549    0    1    1    0    1
2015  6 23  9 33    11.13     4.39   -14.27    -643.9     63.85     24.11     0.297     194003    0    1    1    0    1
2015  6 23  9 34    11.13     4.46   -14.15    -648.0     58.94     21.84     0.287     193280    0    1    1    0    1
2015  6 23  9 35    11.10     4.44   -14.20    -648.1     57.38     19.96     0.281     185168    0    1    1    0    1
2015  6 23  9 36    10.93     4.43   -14.22    -648.1     57.37     18.94     0.278     183048    0    1    1    0    1
2015  6 23  9 37    10.89     4.42   -14.26    -649.3     57.47     17.78     0.287     179114    0    1    1    0    1
2015  6 23  9 38    11.05     4.50   -14.11    -653.4     56.29     16.49     0.348     157784    0    1    1    0    1
2015  6 23  9 39    11.06     4.50   -14.07    -653.9     54.61     16.17     0.359     156969    0    1    1    0    1
2015  6 23  9 40    11.07     4.50   -14.05    -654.1     54.08     16.13     0.370     156562    0    1    1    0    1
2015  6 23  9 41    11.05     4.51   -13.99    -655.1     53.99     15.68     0.374     156114    0    1    1    0    1
2015  6 23  9 42    11.07     4.48   -13.90    -656.1     54.19     15.15     0.370     155930    0    1    1    0    1
2015  6 23  9 43    11.12     4.40   -13.82    -653.4     57.47     12.35     0.360     157289    0    1    1    0    1
2015  6 23  9 44    11.12     4.38   -13.79    -646.7     66.55      4.45     0.349     160112    0    1    1    0    1
2015  6 23  9 45    10.99     4.42   -13.89    -639.9     65.98      6.13     0.339     160254    0    0    0    0    1
2015  6 23  9 46    10.83     4.45   -13.99    -631.1     64.86     10.71     0.333     158238    0    0    0    0    1
2015  6 23  9 47    10.67     4.48   -14.09    -620.5     63.68     17.54     0.330     154338    0    0    0    0    1
2015  6 23  9 48    10.55     4.50   -14.17    -614.4     61.81     25.60     0.325     150735    0    0    0    0    0
2015  6 23  9 49    10.49     4.48   -14.21    -613.0     61.29     32.65     0.321     148775    0    0    0    0    0
2015  6 23  9 50    10.48     4.44   -14.19    -609.1     63.37     35.69     0.322     150132    0    0    0    0    0
2015  6 23  9 51    10.51     4.42   -14.15    -600.0     65.32     37.13     0.321     153387    0    0    0    0    0
2015  6 23  9 52    10.51     4.39   -14.12    -592.5     67.62     38.23     0.320     162373    0    0    0    0    0
2015  6 23  9 53    10.50     4.34   -14.09    -588.2     70.26     35.65     0.322     183183    0    0    0    0    0
2015  6 23  9 54    10.43     4.25   -14.07    -598.0     75.41      9.62     0.335     243524    0    0    0    0    0
2015  6 23  9 55    10.39     4.26   -14.00    -598.9     81.02      1.60     0.339     256693    0    0    0    0    0
2015  6 23  9 56    10.37     4.26   -13.97    -598.1     83.52     -3.61     0.341     258494    0    0    0    0    0
2015  6 23  9 57    10.25     4.27   -13.93    -597.8     83.35     -9.53     0.347     256323    0    0    0    0    0
2015  6 23  9 58    10.18     4.30   -13.89    -597.6     82.42    -13.22     0.353     255184    0    0    0    0    0
2015  6 23  9 59    10.18     4.37   -13.83    -597.6     81.68    -14.42     0.357     274648    0    0    0    0    0
2015  6 23 10  0    10.20     4.33   -13.76    -611.1     83.26    -25.35     0.389     279349    0    0    0    0    0
2015  6 23 10  1    10.18     4.23   -13.73    -613.6     87.94    -29.36     0.418     267107    0    0    0    0    0
2015  6 23 10  2    10.05     4.25   -13.75    -613.3     88.04    -28.98     0.426     267107    0    0    0    0    0
2015  6 23 10  3     9.93     4.31   -13.77    -613.4     86.09    -27.62     0.420     260544    0    0    0    0    0
2015  6 23 10  4     9.84     4.37   -13.78    -612.7     84.16    -27.08     0.418     251793    0    0    0    0    0
2015  6 23 10  5     9.78     4.43   -13.78    -608.1     84.77    -27.28     0.417     253775    0    0    0    0    0
2015  6 23 10  6     9.75     4.50   -13.78    -606.8     88.73    -28.42     0.414     263326    0    0    0    0    0
2015  6 23 10  7     9.70     4.62   -13.78    -611.0     84.99    -24.45     0.401     249725    0    0    0    0    0
2015  6 23 10  8     9.62     4.91   -13.79    -623.8     74.26    -14.79     0.364     216324    0    0    0    0    0
2015  6 23 10  9     9.66     4.99   -13.71    -628.5     77.66    -16.12     0.355     206486    0    0    0    0    0
2015  6 23 10 10     9.77     5.06   -13.62    -631.5     81.15    -18.41     0.351     206486    0    0    0    0    0
2015  6 23 10 11     9.77     5.09   -13.60    -631.1     81.76    -19.23     0.345     208622    0    0    0    0    0
2015  6 23 10 12     9.71     5.16   -13.60    -630.4     80.23    -18.93     0.322     214402    0    0    0    0    0
2015  6 23 10 13     9.61     5.18   -13.60    -630.5     76.03    -18.17     0.289     214402    0    0    0    0    0
2015  6 23 10 14     9.56     5.21   -13.65    -631.0     73.77    -18.20     0.280     214402    0    0    0    0    0
2015  6 23 10 15     9.45     5.31   -13.74    -631.7     72.52    -18.41     0.284     209886    0    0    0    0    0
2015  6 23 10 16     9.38     5.28   -13.77    -631.0     75.98    -17.37     0.294     194207    0    0    0    0    0
2015  6 23 10 17     9.31     5.24   -13.78    -625.7     77.30    -13.24     0.293     181082    0    0    0    0    0
2015  6 23 10 18     9.29     5.20   -13.84    -624.8     75.26     -7.89     0.272     181082    0    0    0    0    0
2015  6 23 10 19     9.11     5.22   -13.96    -641.1     68.22      1.89     0.237     189591    0    0    0    0    0
2015  6 23 10 20     9.09     5.25   -13.94    -640.0     62.72      7.18     0.226     182340    0    1    1    0    0
2015  6 23 10 21     9.15     5.36   -13.83    -642.7     59.05      8.90     0.218     177612    0    1    1    0    0
2015  6 23 10 22     9.32     5.49   -13.62    -645.1     56.99      9.36     0.215     158830    0    1    1    0    0
2015  6 23 10 23     9.34     5.51   -13.60    -645.4     56.05     10.84     0.215     127785    0    1    1    1    1
2015  6 23 10 24     9.31     5.51   -13.65    -646.2     55.57     11.70     0.230     124587    0    1    1    1    2
2015  6 23 10 25     9.29     5.40   -13.67    -646.4     54.68     11.89     0.232     129231    0    1    1    1    2
2015  6 23 10 26     9.18     5.39   -13.69    -645.9     54.69     11.08     0.232     158650    0    1    1    1    2
2015  6 23 10 27     9.15     5.37   -13.69    -645.0     55.55      9.05     0.226     156838    0    1    1    1    2
2015  6 23 10 28     9.16     5.41   -13.63    -644.6     56.14      7.72     0.219     151858    0    1    1    1    2
2015  6 23 10 29     9.22     5.42   -13.56    -644.6     56.50      5.74     0.199     147297    0    1    1    1    2
2015  6 23 10 30     9.22     5.44   -13.53    -644.2     56.60      4.23     0.184     142959    0    1    1    1    1
2015  6 23 10 31     9.14     5.43   -13.54    -643.0     57.27      3.16     0.180     139099    0    1    1    0    0
2015  6 23 10 32     9.06     5.42   -13.55    -641.0     56.89      3.11     0.190     136849    0    1    1    0    0
2015  6 23 10 33     9.03     5.41   -13.55    -640.3     56.57      4.52     0.193     134751    0    1    1    0    0
2015  6 23 10 34     9.06     5.39   -13.52    -643.5     56.50      4.54     0.175     131823    0    1    1    0    0
2015  6 23 10 35     9.08     5.37   -13.49    -643.6     57.22      3.84     0.169     128857    0    0    0    0    0
2015  6 23 10 36     9.11     5.36   -13.47    -640.1     59.31      4.79     0.164     126167    0    1    1    1    1
2015  6 23 10 37     9.08     5.34   -13.46    -637.7     60.53      6.23     0.163     123135    0    1    1    1    1
2015  6 23 10 38     8.91     5.31   -13.52    -638.9     58.43      7.94     0.164     119177    0    1    1    1    1
2015  6 23 10 39     8.72     5.18   -13.67    -643.5     58.01      8.41     0.166     113644    0    0    0    0    0
2015  6 23 10 40     8.66     5.03   -13.73    -644.0     58.51      9.08     0.165     107197    0    0    0    0    0
2015  6 23 10 41     8.65     4.94   -13.76    -643.2     58.99      9.67     0.163      99772    0    1    1    0    1
2015  6 23 10 42     8.67     4.85   -13.75    -644.7     60.04      9.95     0.162      91915    0    1    1    0    1
2015  6 23 10 43     8.76     4.85   -13.66    -651.3     61.59      9.26     0.163      87678    0    1    1    0    1
2015  6 23 10 44     8.78     4.86   -13.60    -654.0     63.98      8.67     0.170      87194    0    1    1    0    1
2015  6 23 10 45     8.77     4.80   -13.65    -653.1     65.74      9.39     0.173      83956    0    1    1    0    1
2015  6 23 10 46     8.72     4.74   -13.71    -651.0     65.03     11.44     0.175      77405    0    1    1    1    1
2015  6 23 10 47     8.66     4.76   -13.69    -649.2     63.72     14.18     0.176      76341    0    0    0    1    1
2015  6 23 10 48     8.73     4.94   -13.57    -648.3     63.57     15.06     0.183      76656    0    1    1    1    1
2015  6 23 10 49     8.71     4.95   -13.54    -648.2     63.28     15.29     0.193      86091    0    1    1    1    2
2015  6 23 10 50     8.68     4.80   -13.59    -647.4     62.95     14.72     0.200      95154    0    1    1    1    2
2015  6 23 10 51     8.66     4.74   -13.54    -648.0     61.34     12.26     0.209     104957    0    1    1    1    2
2015  6 23 10 52     8.65     4.65   -13.53    -650.2     61.87     11.64     0.241     115391    0    1    1    1    2
2015  6 23 10 53     8.57     4.55   -13.49    -651.8     62.43     11.81     0.248     125453    0    1    1    1    2
2015  6 23 10 54     8.57     4.62   -13.40    -652.0     60.27     12.07     0.240     133790    0    1    1    1    1
2015  6 23 10 55     8.59     4.93   -13.21    -652.5     56.81     13.55     0.229     136643    0    1    1    1    1
2015  6 23 10 56     8.66     5.56   -13.02    -653.7     57.45     16.53     0.217     136242    0    1    1    0    1
2015  6 23 10 57     8.74     5.91   -12.82    -654.7     61.87     17.55     0.216     130141    0    1    1    0    1
2015  6 23 10 58     8.77     6.04   -12.76    -654.8     67.10     15.37     0.216     118714    0    1    1    1    1
2015  6 23 10 59     8.77     6.15   -12.70    -654.7     68.45     13.09     0.214     119456    0    1    1    1    2
2015  6 23 11  0     8.79     6.31   -12.60    -655.6     68.66     13.45     0.211     127907    0    1    1    1    2
2015  6 23 11  1     8.77     6.15   -12.65    -657.1     68.47     15.28     0.215     144765    0    1    1    1    1
2015  6 23 11  2     8.71     5.73   -12.80    -657.3     68.98     17.67     0.223     152519    0    0    0    1    1
2015  6 23 11  3     8.62     5.36   -12.88    -656.7     71.46     18.47     0.238     157338    0    0    0    0    0
2015  6 23 11  4     8.49     5.31   -12.78    -654.7     73.82     17.33     0.288     161454    0    0    0    0    0
2015  6 23 11  5     8.40     5.45   -12.60    -651.8     74.18     14.79     0.346     175079    0    1    1    0    1
2015  6 23 11  6     8.41     5.76   -12.51    -649.3     74.56     10.70     0.360     211218    0    1    1    0    1
2015  6 23 11  7     8.38     5.97   -12.41    -648.2     73.89      8.25     0.552     242742    0    1    1    0    1
2015  6 23 11  8     8.14     6.37   -11.83    -648.1     73.02      3.65     0.559     268914    0    1    1    0    1
2015  6 23 11  9     8.20     6.73   -11.63    -649.1     70.73     -6.60     0.566     268657    0    0    0    0    0
2015  6 23 11 10     8.38     6.82   -11.48    -649.4     65.79     -8.71     0.560     264528    0    0    0    0    0
2015  6 23 11 11     8.34     6.89   -11.40    -648.5     60.47    -11.00     0.553     257687    0    0    0    0    0
2015  6 23 11 12     8.18     6.97   -11.37    -643.7     60.30    -11.56     0.581     253617    0    0    0    0    0
2015  6 23 11 13     7.94     7.01   -11.38    -640.2     59.91    -13.24     0.596     249351    0    1    1    0    1
2015  6 23 11 14     7.80     6.93   -11.49    -637.4     58.07    -12.44     0.625     221546    0    1    1    0    1
2015  6 23 11 15     7.67     6.83   -11.57    -634.6     56.15    -12.81     0.649     197743    0    1    1    0    1
2015  6 23 11 16     7.55     6.82   -11.55    -632.9     55.46    -15.72     0.650     193525    0    0    0    0    1
2015  6 23 11 17     7.59     6.87   -11.50    -633.7     56.02    -16.65     0.636     189270    0    0    0    0    1
2015  6 23 11 18     7.55     6.92   -11.53    -633.0     58.00    -14.62     0.623     187300    0    0    0    0    1
2015  6 23 11 19     7.34     6.81   -11.71    -630.6     60.21    -11.43     0.612     188726    0    0    0    0    1
2015  6 23 11 20     7.18     6.47   -11.90    -627.5     60.63    -12.34     0.613     193449    0    0    0    0    1
2015  6 23 11 21     7.18     6.43   -11.93    -623.1     62.64    -19.77     0.707     193449    0    0    0    0    1
2015  6 23 11 22     7.28     6.22   -11.80    -618.7     74.61    -41.90     0.728     182994    0    0    0    0    1
2015  6 23 11 23     7.33     6.22   -11.69    -614.0     80.51    -51.17     0.738     178169    0    0    0    0    1
2015  6 23 11 24     7.29     6.37   -11.57    -610.1     77.91    -51.55     0.761     184241    0    0    0    0    1
2015  6 23 11 25     7.17     6.56   -11.34    -610.1     68.55    -52.80     0.839     203231    0    1    1    0    1
2015  6 23 11 26     7.13     6.86   -10.94    -615.6     61.37    -46.28     0.937     211196    0    1    1    0    1
2015  6 23 11 27     7.19     6.95   -10.70    -621.3     52.57    -28.88     0.857     209539    0    1    1    0    1
2015  6 23 11 28     7.47     5.62   -11.94    -634.6     49.44    -11.53     0.555     178950    0    0    0    0    1
2015  6 23 11 29     7.50     5.31   -12.28    -638.7     54.12    -10.78     0.530     168165    0    0    0    0    1
2015  6 23 11 30     7.46     5.17   -12.40    -640.6     61.38     -8.83     0.513     164836    0    0    0    0    1
2015  6 23 11 31     7.42     4.87   -12.46    -640.1     67.14     -6.77     0.506     162793    0    0    0    0    1
2015  6 23 11 32     7.35     4.76   -12.53    -639.7     70.43     -4.82     0.504     155717    0    0    0    0    1
2015  6 23 11 33     7.28     4.86   -12.55    -639.0     71.15     -4.39     0.510     147672    0    0    0    0    1
2015  6 23 11 34     7.25     5.04   -12.50    -637.3     71.92     -5.74     0.512     144081    0    0    0    0    1
2015  6 23 11 35     7.24     5.18   -12.44    -635.2     72.77     -7.32     0.498     143310    0    0    0    0    1
2015  6 23 11 36     7.21     5.25   -12.40    -634.0     72.94     -8.31     0.480     143149    0    0    0    0    1
2015  6 23 11 37     7.12     5.26   -12.36    -634.0     71.55     -9.05     0.474     143075    0    0    0    0    1
2015  6 23 11 38     7.01     5.30   -12.30    -634.0     68.43     -9.25     0.464     144180    0    0    0    0    1
2015  6 23 11 39     6.94     5.50   -12.22    -633.7     65.55     -9.83     0.469     162378    0    0    0    0    1
2015  6 23 11 40     6.89     5.66   -12.18    -633.2     62.79    -11.05     0.491     199166    0    0    0    0    1
2015  6 23 11 41     6.88     5.66   -12.20    -632.3     60.71    -11.09     0.508     226479    0    0    0    0    0
2015  6 23 11 42     6.88     5.69   -12.22    -632.0     61.39    -11.04     0.514     253273    0    0    0    0    0
2015  6 23 11 43     6.86     5.84   -12.16    -629.5     63.14    -11.59     0.558     273437    0    0    0    0    0
2015  6 23 11 44     6.77     5.91   -11.97    -621.3     63.71    -14.48     0.671     287644    0    0    0    0    0
2015  6 23 11 45     6.51     5.85   -11.77    -615.4     64.44    -22.05     0.725     307353    0    0    0    0    0
2015  6 23 11 46     6.22     5.31   -11.69    -614.0     66.85    -34.73     0.760     335310    0    0    0    0    0
2015  6 23 11 47     6.11     4.71   -11.76    -614.0     72.43    -43.89     0.801     366172    0    0    0    0    1
2015  6 23 11 48     6.06     4.56   -11.78    -611.5     76.96    -46.42     0.835     393000    0    0    0    0    1
2015  6 23 11 49     6.10     4.21   -11.66    -621.2     74.79    -43.03     0.877     435707    0    0    0    0    0
2015  6 23 11 50     6.49     4.42   -11.70    -626.3     71.91    -48.89     0.865     470661    0    0    0    0    1
2015  6 23 11 51     6.59     4.26   -11.62    -624.1     74.38    -53.61     0.876     495493    0    0    0    0    1
2015  6 23 11 52     6.60     3.96   -11.59    -622.3     75.17    -55.92     0.971     519014    0    0    0    0    1
2015  6 23 11 53     6.60     3.70   -11.31    -619.7     73.71    -57.63     1.087     537470    0    1    1    0    1
2015  6 23 11 54     6.50     3.49   -10.95    -618.0     73.45    -60.05     1.228     552188    0    1    2    0    1
2015  6 23 11 55     6.46     3.33   -10.79    -614.8     74.95    -63.56     1.322     572825    0    1    1    0    1
2015  6 23 11 56     6.45     3.21   -10.73    -610.8     76.99    -68.08     1.347     583711    0    1    1    0    1
2015  6 23 11 57     6.36     3.12   -10.57    -607.1     79.08    -72.92     1.307     571082    0    1    1    0    1
2015  6 23 11 58     6.12     2.95   -10.23    -602.8     81.70    -73.93     1.256     561309    0    1    1    0    1
2015  6 23 11 59     5.96     2.92    -9.87    -597.7     86.71    -74.87     1.338     557955    0    1    1    0    1
2015  6 23 12  0     5.59     2.99    -9.19    -593.0     91.83    -82.14     1.454     547963    0    1    1    1    1
2015  6 23 12  1     4.50     3.20    -7.26    -589.6     95.61    -91.90     1.557     534630    0    1    1    1    1
2015  6 23 12  2     2.43     3.42    -3.46    -589.0     95.88    -92.26     1.571     531001    0    2    2    2    2
2015  6 23 12  3     2.72     2.72    -4.31    -589.0     96.12    -92.02     1.588     527537    0    2    2    2    2
2015  6 23 12  4     3.24     1.97    -6.69    -588.8     96.33    -91.71     1.604     523614    0    1    1    2    2
2015  6 23 12  5     3.53     2.33    -8.05    -587.7     95.93    -90.40     1.618     519953    0    1    1    2    2
2015  6 23 12  6     3.66     3.00    -8.30    -586.0     92.71    -84.44     1.633     516383    0    1    1    2    2
2015  6 23 12  7     3.38     3.21    -8.25    -584.8     86.72    -74.07     1.648     512682    0    1    1    2    2
2015  6 23 12  8     2.76     3.22    -8.32    -583.5     87.42    -73.90     1.663     508964    0    1    1    2    2
2015  6 23 12  9     2.39     3.13    -8.43    -584.3     90.44    -74.28     1.680     504780    0    1    1    2    2
2015  6 23 12 10     2.54     2.61    -8.37    -585.6     93.02    -76.59     1.697     500450    0    1    1    2    2
2015  6 23 12 11     1.99     2.36    -8.13    -588.0     92.78    -80.09     1.715     495926    0    1    1    2    2
2015  6 23 12 12     1.69     2.20    -7.73    -587.4     92.63    -83.21     1.731     491962    0    1    1    2    2
2015  6 23 12 13     1.10     1.96    -7.20    -584.9     92.50    -85.69     1.744     488460    0    1    1    2    2
2015  6 23 12 14     1.10     2.28    -6.20    -582.0     92.64    -86.07     1.758     485047    0    1    1    2    2
2015  6 23 12 15     0.99     2.62    -5.28    -581.2     92.73    -84.28     1.773     481128    0    1    1    2    2
2015  6 23 12 16     0.79     2.51    -5.36    -581.3     92.67    -86.34     1.789     477018    0    1    1    2    2
2015  6 23 12 17     0.56     2.09    -5.88    -584.4     92.02    -89.74     1.808     472165    0    1    1    2    2
2015  6 23 12 18     0.42     2.05    -5.61    -587.9     84.54    -93.35     1.827     467151    0    1    2    2    2
2015  6 23 12 19     0.34     2.05    -5.54    -587.7     85.03    -97.14     1.843     462993    0    1    2    2    2
2015  6 23 12 20     0.33     2.17    -5.62    -586.7     85.49   -101.37     1.858     459016    0    1    2    2    2
2015  6 23 12 21     0.58     2.31    -5.58    -585.1     85.94   -106.67     1.873     455191    0    1    2    2    2
2015  6 23 12 22     0.60     2.31    -5.44    -582.7     86.38   -107.42     1.886     451526    0    1    2    2    2
2015  6 23 12 23     0.38     2.37    -5.36    -580.8     86.82   -108.21     1.901     447693    0    1    2    2    2
2015  6 23 12 24     0.28     2.34    -5.08    -579.7     87.29   -109.04     1.916     443665    0    1    2    2    2
2015  6 23 12 25     0.18     2.36    -4.77    -579.6     87.78   -109.90     1.932     439357    0    1    2    2    2
2015  6 23 12 26     0.10     2.53    -4.98    -582.8     88.35   -110.92     1.951     434248    0    1    2    2    2
2015  6 23 12 27     0.45     2.67    -5.32    -586.1     88.93   -111.94     1.970     429074    0    1    2    2    2
2015  6 23 12 28     0.35     2.69    -6.02    -586.1     89.42   -112.82     1.986     424677    0    1    2    2    2
2015  6 23 12 29     0.32     2.25    -6.07    -585.3     89.90   -113.66     2.001     420404    0    1    2    2    2
2015  6 23 12 30     0.42     2.08    -5.25    -582.7     90.33   -114.41     2.015     416556    0    1    2    2    2
2015  6 23 12 31     0.31     2.06    -4.97    -579.4     90.73   -115.12     2.028     412924    0    1    2    2    2
2015  6 23 12 32     0.25     2.08    -4.74    -576.9     91.15   -115.87     2.041     409094    0    1    2    2    2
2015  6 23 12 33     0.21     2.11    -4.65    -575.9     91.62   -116.70     2.056     404796    0    1    2    2    2
2015  6 23 12 34     0.11     2.05    -4.72    -577.4     92.15   -117.64     2.074     399857    0    1    2    2    2
2015  6 23 12 35     0.04     1.97    -4.83    -578.7     92.68   -118.57     2.091     394909    0    1    2    2    2
2015  6 23 12 36     0.24     1.91    -4.77    -578.4     93.17   -116.34     2.107     390314    0    1    2    2    2
2015  6 23 12 37     0.61     1.71    -4.51    -577.7     93.65   -115.48     2.122     385793    0    1    2    2    2
2015  6 23 12 38     0.91     1.63    -4.17    -577.1     94.12   -116.32     2.138     381237    0    1    2    2    2
2015  6 23 12 39     1.03     1.54    -3.83    -576.5     99.37   -117.16     2.153     376686    0    1    1    2    2
2015  6 23 12 40     0.96     1.74    -3.67    -579.0     98.04   -118.15     2.171     371216    0    1    1    2    2
2015  6 23 12 41     0.56     2.61    -4.03    -580.5     95.69   -119.10     2.189     365926    0    1    2    2    2
2015  6 23 12 42     0.25     2.97    -4.50    -577.7     96.11   -119.83     2.202     361842    0    1    2    2    2
2015  6 23 12 43     0.18     3.26    -4.65    -573.4     96.49   -122.25     2.214     358149    0    1    2    2    2
2015  6 23 12 44     0.23     3.62    -4.49    -568.8     96.85   -125.88     2.226     354519    0    1    2    2    2
2015  6 23 12 45    -0.01     3.46    -4.38    -565.7     97.26   -126.23     2.239     350451    0    1    2    2    2
2015  6 23 12 46    -0.19     2.74    -3.88    -562.5     97.66   -123.22     2.252     346346    0    1    2    2    2
2015  6 23 12 47    -0.41     2.22    -3.42    -558.8     98.06   -119.62     2.264     342403    0    1    2    2    2
2015  6 23 12 48    -0.54     1.78    -3.11    -555.9    101.08   -114.94     2.278     338152    0    1    1    1    2
2015  6 23 12 49    -1.07     1.07    -1.67    -557.5    105.91   -107.63     2.207     332520    0    1    1    1    2
2015  6 23 12 50    -1.96    -0.07     1.48    -578.9    107.62    -91.33     1.768     323590    0    1    1    1    1
2015  6 23 12 51    -0.92     1.46    -3.26    -586.1    109.15    -83.36     1.775     321946    0    2    2    2    2
2015  6 23 12 52     1.18     3.43    -7.65    -593.2    110.64    -81.20     1.784     320302    0    2    2    2    2
2015  6 23 12 53     1.51     1.24    -3.44    -600.2    112.11    -79.10     1.793     318705    0    2    2    2    2
2015  6 23 12 54     4.40     3.21   -11.08    -607.0    113.50    -77.08     1.802     317109    0    1    1    2    2
2015  6 23 12 55     5.13     3.19   -10.79    -611.8    114.04    -76.03     1.810     315672    0    1    1    2    2
2015  6 23 12 56     6.37     2.81    -9.96    -613.2    114.39    -76.27     1.816     314450    0    1    1    2    2
2015  6 23 12 57     6.77     1.38    -7.57    -613.0    114.91    -78.60     1.823     313323    0    1    1    2    2
2015  6 23 12 58     6.95    -0.22    -5.44    -612.5    114.99    -83.61     1.829     312207    0    1    1    2    2
2015  6 23 12 59     8.12    -0.55    -5.91    -611.2    115.54    -88.29     1.835     311144    0    1    1    2    2
2015  6 23 13  0     7.99    -0.26    -6.02    -607.6    115.65    -92.22     1.840     310212    0    1    1    1    1
2015  6 23 13  1     7.78     0.36    -5.99    -600.8    115.01    -99.70     1.844     309444    0    1    1    1    1
2015  6 23 13  2     7.65     0.76    -6.01    -596.6    113.65   -100.86     2.001     308549    0    1    1    1    1
2015  6 23 13  3     7.32     1.18    -6.06    -594.4    111.72   -100.09     2.108     307631    0    1    1    2    2
2015  6 23 13  4     6.77     1.57    -6.04    -593.5    112.13    -99.11     2.116     298659    1    1    1    2    2
2015  6 23 13  5     6.31     1.83    -5.88    -592.4    113.85    -98.01     2.124     287420    1    1    1    2    2
2015  6 23 13  6     6.00     2.02    -5.65    -590.7    112.53    -96.76     2.132     286106    1    1    1    2    2
2015  6 23 13  7     6.00     2.66    -6.40    -589.8    109.81    -93.35     2.140     284735    1    1    1    2    2
2015  6 23 13  8     6.67     4.39    -9.45    -589.2    106.93    -89.48     2.148     283318    0    1    1    2    2
2015  6 23 13  9     6.54     4.43    -9.53    -588.2    106.06    -87.43     2.156     281952    0    1    1    2    2
2015  6 23 13 10     6.47     4.33    -9.44    -585.6    106.06    -86.73     2.163     280710    0    1    1    2    2
2015  6 23 13 11     5.85     2.23    -5.79    -583.8    106.01    -86.64     2.171     279396    0    1    1    2    2
2015  6 23 13 12     5.83     1.84    -5.83    -583.6    105.83    -87.03     2.179     277982    0    1    1    2    2
2015  6 23 13 13     6.02     1.54    -5.62    -585.0    107.49    -92.24     2.188     276418    0    1    1    2    2
2015  6 23 13 14     8.23     3.40    -8.55    -586.0    108.63    -96.61     2.197     274903    0    1    1    2    2
2015  6 23 13 15     8.14     3.65    -8.52    -585.2    107.29    -98.13     2.205     273506    0    1    1    2    2
2015  6 23 13 16     8.08     3.86    -8.52    -583.7    106.16    -97.82     2.213     272192    0    1    1    2    2
2015  6 23 13 17     8.07     4.06    -8.42    -582.8    105.76    -96.48     2.221     270800    0    1    1    2    2
2015  6 23 13 18     8.07     4.45    -8.24    -582.8    105.43    -94.81     2.230     269360    0    1    1    2    2
2015  6 23 13 19     8.06     4.87    -8.08    -583.8    103.07    -92.29     2.239     267848    0    1    1    2    2
2015  6 23 13 20     1.96     1.67     0.03    -589.2    101.34    -98.14     2.355     265986    0    0    0    0    2
2015  6 23 13 21     2.21     1.75    -0.26    -590.8    104.76   -105.19     3.036     264856    0    0    0    0    1
2015  6 23 13 22     2.59     1.61     0.42    -605.3     92.10   -114.46     3.802     274709    0    1    1    1    1
2015  6 23 13 23     2.36     0.27     1.66    -605.0     91.92   -117.19     3.953     286226    0    1    2    2    2
2015  6 23 13 24     2.29    -0.94     3.46    -602.0     91.76   -118.62     4.082     296010    0    1    2    2    2
2015  6 23 13 25     2.23    -1.44     4.49    -594.3    100.87   -118.34     4.173     302944    0    1    1    2    2
2015  6 23 13 26     2.19    -1.81     5.37    -585.7    110.50   -117.51     4.258     309399    0    1    1    2    2
2015  6 23 13 27     2.52    -2.05     6.02    -578.1     98.79   -111.97     4.348     316276    0    1    1    2    2
2015  6 23 13 28     2.78    -2.09     6.22    -571.5     91.33   -106.58     4.446     322620    0    1    1    1    1
2015  6 23 13 29     2.92    -1.76     5.66    -566.6     91.19   -101.39     4.557     328041    0    0    0    0    0
2015  6 23 13 30     2.73    -1.23     4.79    -563.5     91.19   -101.38     4.557     328041    0    0    0    0    0
2015  6 23 13 31     1.85    -0.91     4.65    -560.8     90.65   -102.73     4.396     325457    0    1    1    1    1
2015  6 23 13 32     1.18    -0.81     4.83    -560.3     89.84   -104.72     4.158     321626    0    1    2    2    2
2015  6 23 13 33     1.01    -0.11     4.99    -560.2     89.02   -106.74     3.916     317744    0    1    2    1    2
2015  6 23 13 34     0.57     0.42     5.34    -559.5     88.23   -108.71     3.823     313964    0    1    2    0    2
2015  6 23 13 35     0.21     0.53     5.61    -558.4     90.28   -110.64     3.787     310259    0    1    2    1    2
2015  6 23 13 36     0.13     0.62     5.68    -557.4     94.63   -112.56     3.722     306574    0    1    2    2    2
2015  6 23 13 37     0.08     0.63     5.66    -557.5     99.28   -114.71     3.653     302627    0    1    1    2    2
2015  6 23 13 38    -0.11    -0.81     5.39    -559.4    104.25   -113.68     3.577     298253    0    1    1    2    2
2015  6 23 13 39    -0.05    -1.66     3.66    -561.4    109.11   -112.87     3.500     293873    0    1    1    2    2
2015  6 23 13 40     0.57     1.44     2.96    -562.8    109.24   -117.60     3.426     289639    0    1    1    2    2
2015  6 23 13 41     0.82     2.57     3.21    -562.7    108.23   -120.14     3.357     285698    0    1    1    2    2
2015  6 23 13 42     1.20     3.12     3.45    -562.5    107.22   -121.67     3.290     281831    0    1    1    2    2
2015  6 23 13 43     1.59     3.55     3.64    -563.3    105.04   -122.40     3.218     277705    0    1    1    1    2
2015  6 23 13 44     2.00     3.78     3.97    -563.5    104.92   -120.35     3.204     273722    0    0    0    0    2
2015  6 23 13 45     2.16     4.06     4.10    -566.1    104.34   -121.35     4.115     269224    0    1    1    1    2
2015  6 23 13 46     2.24     2.72     3.06    -570.5    102.13   -124.59     5.303     264302    0    1    1    1    1
2015  6 23 13 47     2.49     1.77     2.47    -574.2    101.76   -126.10     6.029     256842    0    0    0    0    0
2015  6 23 13 48     2.63     1.64     2.15    -576.7    102.58   -125.13     5.988     247156    0    0    0    0    0
2015  6 23 13 49     2.52     2.51     2.20    -579.6     99.57   -123.77     5.951     244188    0    0    0    0    0
2015  6 23 13 50     2.33     2.93     2.06    -580.3     98.55   -123.12     5.988     246975    0    1    1    1    1
2015  6 23 13 51     2.16     2.99     1.61    -580.0     98.14   -122.49     6.050     250644    0    1    1    2    2
2015  6 23 13 52     2.00     2.62     1.49    -579.2     97.98   -123.34     6.110     254172    0    1    1    2    2
2015  6 23 13 53     1.97     2.36     1.67    -577.8     98.67   -125.48     6.168     255936    0    1    1    1    1
2015  6 23 13 54     1.96     2.45     2.03    -576.5     99.71   -127.46     6.192     256313    0    0    0    0    0
2015  6 23 13 55     1.83     2.89     2.54    -575.4    100.76   -128.54     6.107     255035    0    1    1    1    1
2015  6 23 13 56     1.71     3.57     3.22    -574.2    101.75   -129.10     5.939     252515    0    1    1    2    2
2015  6 23 13 57     1.75     4.12     3.86    -572.8    102.68   -129.63     5.775     250038    0    1    1    2    2
2015  6 23 13 58     1.95     4.43     4.11    -571.2    103.61   -130.08     5.612     247582    0    1    1    2    2
2015  6 23 13 59     2.46     4.88     4.17    -569.3    104.20   -130.11     5.452     245179    0    1    1    2    2
2015  6 23 14  0     3.33     5.65     4.41    -567.6    104.45   -129.33     5.292     242896    0    1    1    1    1
2015  6 23 14  1     3.54     5.89     4.81    -565.1    105.36   -129.87     5.140     242896    0    1    1    1    1
2015  6 23 14  2     3.64     5.96     5.14    -563.7    107.07   -130.90     5.122     257398    0    0    0    0    0
2015  6 23 14  3     3.70     6.17     5.79    -562.5    107.16   -135.78     5.033     276553    0    0    0    0    0
2015  6 23 14  4     3.64     6.23     6.00    -560.5    108.43   -139.15     4.962     295482    0    0    0    0    0
2015  6 23 14  5     3.70     6.15     5.93    -560.0    109.18   -140.16     4.938     314325    0    0    0    0    0
2015  6 23 14  6     2.95     5.74     5.63    -559.8    108.23   -139.78     4.953     333280    0    1    1    1    1
2015  6 23 14  7     2.46     5.45     5.11    -559.1    106.59   -139.00     4.976     352209    0    1    1    2    2
2015  6 23 14  8     3.53     4.99     4.76    -558.0    105.25   -138.62     4.999     370828    0    1    1    2    2
2015  6 23 14  9     4.67     4.58     4.73    -556.9    104.29   -138.11     5.022     389574    0    1    1    2    2
2015  6 23 14 10     4.64     4.70     4.73    -556.0    103.66   -137.45     5.045     408439    0    1    1    2    2
2015  6 23 14 11     4.34     4.82     4.65    -555.2    103.18   -138.87     5.068     427295    0    1    1    1    1
2015  6 23 14 12     4.20     4.63     4.61    -557.0    100.38   -142.21     5.077     468878    0    0    0    0    0
2015  6 23 14 13     3.96     3.90     4.50    -559.5     97.20   -143.23     5.063     504294    0    0    0    0    0
2015  6 23 14 14     3.54     3.72     4.38    -558.3     98.10   -143.51     5.050     498586    0    1    1    1    1
2015  6 23 14 15     3.26     4.03     4.26    -556.3    100.04   -143.38     5.035     488801    0    1    1    2    2
2015  6 23 14 16     3.18     4.26     4.21    -554.8    101.29   -142.74     5.019     478715    0    1    1    2    2
2015  6 23 14 17     3.20     4.35     4.29    -554.2    101.42   -141.89     5.002     467983    0    1    1    2    2
2015  6 23 14 18     3.43     4.29     4.41    -553.8    100.74   -141.39     4.986     457207    0    1    1    2    2
2015  6 23 14 19     3.57     3.98     4.09    -553.4    100.07   -141.00     4.969     446299    0    1    1    2    2
2015  6 23 14 20     3.90     3.27     3.09    -553.0    100.40   -141.03     4.952     435429    0    1    1    2    2
2015  6 23 14 21     4.16     3.13     3.01    -552.6    102.00   -142.77     4.935     424631    0    1    1    2    2
2015  6 23 14 22     4.64     3.34     2.93    -552.5    102.28   -144.48     4.918     413638    0    1    1    2    2
2015  6 23 14 23     4.92     3.69     3.19    -551.8    100.32   -143.09     4.902     403076    0    1    1    2    2
2015  6 23 14 24     5.49     4.00     3.36    -550.8     99.07   -141.94     4.885     392500    0    1    1    2    2
2015  6 23 14 25     6.06     4.24     3.34    -550.5     98.69   -141.56     4.869     381749    0    1    1    2    2
2015  6 23 14 26     6.59     4.04     3.08    -550.6     98.19   -141.49     4.851     370640    0    1    1    2    2
2015  6 23 14 27     7.17     3.27     2.47    -551.1     98.08   -141.34     4.833     359168    0    1    1    2    2
2015  6 23 14 28     7.22     2.68     2.15    -551.5     98.66   -141.40     4.816     347718    0    1    1    2    2
2015  6 23 14 29     7.46     1.65     1.80    -552.0     99.27   -140.75     4.798     336440    0    1    1    2    2
2015  6 23 14 30     7.64     1.72     1.88    -552.3     99.60   -139.98     4.781     325162    0    1    1    2    2
2015  6 23 14 31     7.83     2.10     1.55    -552.8    100.47   -138.46     4.763     313631    0    1    1    2    2
2015  6 23 14 32     8.13     1.82     1.43    -555.2    102.97   -135.14     4.743     300977    0    1    1    2    2
2015  6 23 14 33     8.40     1.68     1.70    -556.6    103.82   -133.60     4.724     288995    0    1    1    2    2
2015  6 23 14 34     8.42     1.97     2.69    -557.6    103.72   -131.38     4.706     277251    0    1    1    2    2
2015  6 23 14 35     8.24     2.36     3.62    -558.6    103.51   -128.70     4.688     265476    0    1    1    2    2
2015  6 23 14 36     8.11     2.57     4.02    -558.4    103.99   -128.68     4.671     254505    0    1    1    2    2
2015  6 23 14 37     7.92     2.70     4.15    -557.7    104.57   -129.71     4.654     243857    0    1    1    2    2
2015  6 23 14 38     7.82     2.66     4.27    -557.7    104.13   -130.35     4.637     232780    0    1    1    2    2
2015  6 23 14 39     7.78     2.13     4.29    -558.6    103.20   -130.14     4.619     221102    0    1    1    2    2
2015  6 23 14 40     7.77     1.57     4.14    -559.2    102.37   -129.54     4.601     209563    0    1    1    2    2
2015  6 23 14 41     7.81     1.49     4.12    -559.2    101.61   -128.91     4.584     198603    0    1    1    2    2
2015  6 23 14 42     7.81     1.68     4.18    -557.6    100.55   -127.58     4.568     188545    0    1    1    1    1
2015  6 23 14 43     7.83     1.91     4.23    -555.5     98.78   -126.08     4.559     180680    0    0    0    0    0
2015  6 23 14 44     7.94     2.06     4.19    -553.9     97.11   -125.79     4.576     175581    0    0    0    0    0
2015  6 23 14 45     8.21     2.05     3.95    -552.0     96.46   -126.49     4.637     171495    0    0    0    0    0
2015  6 23 14 46     8.23     1.57     3.62    -551.6     93.41   -126.76     4.714     173847    0    0    0    0    0
2015  6 23 14 47     8.16     0.94     3.64    -552.5     89.65   -126.55     4.764     190649    0    0    0    0    0
2015  6 23 14 48     7.73     0.59     3.84    -552.5     89.59   -125.95     4.850     189340    0    0    0    0    0
2015  6 23 14 49     7.44     0.74     4.16    -551.5     92.73   -124.82     4.939     181143    0    0    0    0    0
2015  6 23 14 50     7.52     1.77     5.09    -551.3     96.93   -121.95     4.898     165002    0    0    0    0    0
2015  6 23 14 51     7.86     3.21     5.06    -551.1     98.66   -118.84     4.519     150435    0    0    0    0    0
2015  6 23 14 52     7.88     3.28     5.08    -551.0     98.81   -117.73     4.417     145858    0    0    0    0    0
2015  6 23 14 53     7.79     3.84     5.54    -555.5    100.59   -117.46     3.999     139065    0    0    0    0    0
2015  6 23 14 54     7.66     4.43     6.00    -559.4    100.87   -117.48     3.402     134471    0    0    0    0    0
2015  6 23 14 55     7.44     5.03     6.66    -558.5    100.10   -114.83     3.440     140871    0    1    1    1    1
2015  6 23 14 56     7.33     5.32     7.29    -556.9     98.92   -112.58     3.531     151764    0    1    1    2    2
2015  6 23 14 57     7.32     5.17     7.54    -555.3     97.98   -111.06     3.622     162758    0    1    1    1    1
2015  6 23 14 58     7.41     4.87     7.59    -554.6     97.29   -110.66     3.688     173333    0    0    0    0    0
2015  6 23 14 59     7.48     4.47     7.60    -553.9     97.33   -111.71     3.726     182043    0    0    0    0    0
2015  6 23 15  0     7.39     3.84     7.79    -551.4     97.98   -113.07     3.807     190076    0    0    0    0    0
2015  6 23 15  1     6.72     3.37     8.31    -546.2     99.11   -114.37     3.625     196444    0    0    0    0    0
2015  6 23 15  2     6.55     3.23     8.44    -541.9     99.40   -114.29     3.376     217319    0    0    0    0    0
2015  6 23 15  3     6.91     3.30     8.45    -539.4     98.88   -114.32     3.197     235363    0    0    0    0    0
2015  6 23 15  4     7.56     3.41     8.43    -539.6     96.61   -114.41     3.157     238964    0    1    1    1    1
2015  6 23 15  5     7.81     3.68     8.19    -540.0     93.12   -112.83     3.087     242677    0    1    1    2    2
2015  6 23 15  6     7.95     4.32     7.96    -540.7     90.70   -111.05     3.017     244779    0    1    1    1    1
2015  6 23 15  7     7.84     4.46     7.88    -545.8     84.51   -111.75     2.945     209325    0    0    0    0    0
2015  6 23 15  8     7.67     4.79     7.80    -550.5     81.30   -112.20     2.893     198689    0    0    0    0    0
2015  6 23 15  9     7.34     4.98     7.94    -550.8     81.79   -113.43     2.849     198008    0    0    0    0    0
2015  6 23 15 10     7.13     5.07     7.99    -553.9     83.08   -114.78     2.738     180223    0    0    0    0    0
2015  6 23 15 11     6.97     5.40     7.74    -555.2     83.10   -113.87     2.679     147708    0    0    0    0    0
2015  6 23 15 12     6.84     5.60     7.72    -553.9     83.40   -111.06     2.657     138591    0    0    0    0    0
2015  6 23 15 13     6.79     6.15     7.84    -568.3     86.96   -108.93     2.592     141188    0    0    0    0    0
2015  6 23 15 14     6.88     6.98     7.68    -598.8     94.64   -108.41     2.438     160845    0    0    0    0    0
2015  6 23 15 15     6.89     7.02     7.59    -589.5     95.87   -107.27     2.432     163542    0    0    0    0    0
2015  6 23 15 16     6.90     6.91     7.60    -576.5     96.05   -106.52     2.441     163542    0    0    0    0    0
2015  6 23 15 17     6.91     6.79     7.64    -564.3     96.28   -105.43     2.454     163542    0    0    0    0    0
2015  6 23 15 18     6.92     6.68     7.67    -552.1     96.50   -104.35     2.468     163542    0    0    0    0    0
2015  6 23 15 19     6.99     6.57     7.88    -548.0     97.12   -100.33     2.517     163542    0    0    0    0    0
2015  6 23 15 20     7.03     6.39     7.82    -547.9     98.66    -97.38     2.549     194593    0    0    0    0    0
2015  6 23 15 21     7.19     6.22     8.06    -548.6    100.32    -95.33     2.552     198108    0    0    0    0    0
2015  6 23 15 22     7.26     5.93     8.13    -550.5    101.94    -86.71     1.885     137985    0    0    0    0    0
2015  6 23 15 23     7.39     5.68     8.48    -550.4    100.15    -86.23     1.722     120657    0    0    0    0    0
2015  6 23 15 24     7.34     5.63     8.57    -547.5     97.60    -87.81     1.722     120657    0    0    0    0    0
2015  6 23 15 25     7.22     5.67     8.63    -546.1     95.80    -87.74     1.724     123853    0    0    0    0    0
2015  6 23 15 26     7.02     5.90     8.68    -544.9     94.02    -86.60     1.768     129513    0    0    0    0    0
2015  6 23 15 27     6.99     5.88     8.79    -546.0     93.06    -87.26     1.800     132473    0    0    0    0    0
2015  6 23 15 28     7.01     5.74     8.80    -552.1     90.96    -86.56     1.797     131950    0    0    0    0    0
2015  6 23 15 29     7.01     5.69     8.88    -555.3     91.32    -82.87     1.760     127200    0    0    0    0    0
2015  6 23 15 30     6.89     5.68     8.95    -557.9     92.15    -80.17     1.758     126687    0    0    0    0    0
2015  6 23 15 31     6.73     5.78     8.99    -559.6     92.29    -80.73     1.758     130803    0    0    0    0    0
2015  6 23 15 32     6.74     5.77     8.96    -560.9     93.70    -81.26     1.757     133632    0    0    0    0    0
2015  6 23 15 33     6.76     5.80     9.02    -561.2     96.00    -81.41     1.710     132705    0    0    0    0    0
2015  6 23 15 34     6.49     5.88     9.11    -561.5     97.03    -81.48     1.670     121914    0    0    0    0    0
2015  6 23 15 35     6.28     5.99     9.13    -564.7     98.05    -82.85     1.598     116878    0    0    0    0    0
2015  6 23 15 36     6.50     6.04     8.96    -564.8     98.60    -85.10     1.502     116774    0    0    0    0    0
2015  6 23 15 37     6.70     5.84     8.95    -564.6     93.79    -80.67     1.400     122773    0    0    0    0    0
2015  6 23 15 38     6.71     4.80     9.41    -563.3     86.44    -74.52     1.306     123565    0    0    0    0    0
2015  6 23 15 39     6.56     4.33     9.87    -562.5     85.30    -73.03     1.159     122091    0    0    0    0    0
2015  6 23 15 40     6.36     4.16    10.04    -565.0     93.69    -77.73     1.118     121621    0    0    0    0    0
2015  6 23 15 41     5.67     5.52     9.81    -568.9    113.83    -86.22     1.282     147200    0    0    0    0    0
2015  6 23 15 42     5.75     6.07     9.62    -566.4    113.43    -84.12     1.318     149853    0    0    0    0    0
2015  6 23 15 43     5.76     5.94     9.55    -563.5    112.68    -82.58     1.353     149897    0    0    0    0    0
2015  6 23 15 44     5.68     5.88     9.44    -562.4    105.62    -85.00     1.471     134770    0    0    0    0    0
2015  6 23 15 45     5.60     6.20     9.42    -562.8    106.33    -86.39     1.539     129176    0    0    0    0    0
2015  6 23 15 46     5.43     6.73     9.24    -567.4    106.40    -98.59     1.652     128454    0    1    1    2    2
2015  6 23 15 47     5.04     7.48     8.86    -566.9    104.79    -99.11     1.750     127891    0    1    1    1    1
2015  6 23 15 48     4.76     7.94     8.53    -566.7    103.64    -99.41     1.848     127328    0    0    0    0    0
2015  6 23 15 49     4.66     8.39     8.26    -567.4    104.54    -98.94     1.873     107774    0    0    0    0    0
2015  6 23 15 50     4.41     9.25     7.40    -568.4    106.03    -98.52     1.916     107868    0    0    0    0    0
2015  6 23 15 51     4.48     9.19     7.47    -568.3    107.49    -97.98     1.896     115280    0    0    0    0    0
2015  6 23 15 52     4.72     8.50     8.14    -567.1    113.23    -94.68     1.697     176819    0    0    0    0    0
2015  6 23 15 53     4.78     7.81     8.59    -567.2    113.15    -94.68     1.645     238359    0    0    0    0    0
2015  6 23 15 54     4.96     8.13     8.02    -569.6    111.68    -96.83     1.583     299899    0    0    0    0    0
2015  6 23 15 55     4.95     8.02     8.29    -569.2    110.84    -95.59     1.523     361438    0    0    0    0    0
2015  6 23 15 56     4.88     7.42     9.23    -567.5    111.66    -96.09     1.536     360872    0    0    0    0    0
2015  6 23 15 57     4.97     7.49     9.25    -567.5    114.47    -97.14     1.788     348072    0    0    0    0    0
2015  6 23 15 58     5.24     7.88     8.34    -567.9    115.00    -97.80     1.811     307345    0    1    1    1    0
2015  6 23 15 59     5.64     8.30     7.29    -568.0    114.76    -96.67     1.849     266619    0    1    1    2    0
2015  6 23 16  0     5.92     8.64     6.40    -565.4    116.04    -94.82     1.880     225893    0    1    1    2    0
2015  6 23 16  1     5.99     8.82     6.26    -565.6    116.24    -93.46     1.918     185167    0    1    1    2    0
2015  6 23 16  2     5.97     8.84     6.16    -566.7    115.09    -91.73     1.957     144441    0    0    0    0    0
2015  6 23 16  3     5.67     7.79     8.30    -567.1    114.52    -93.62     1.908     103715    0    1    1    0    0
2015  6 23 16  4     6.23     8.37     7.00    -567.6    113.98    -94.46     1.811      62989    0    1    1    0    0
2015  6 23 16  5     6.43     8.86     6.06    -569.3    114.52    -94.50     1.739      60351    0    1    1    0    0
2015  6 23 16  6     6.29     9.22     5.90    -573.1    115.18    -89.57     1.565      56856    0    1    1    0    0
2015  6 23 16  7     5.64     8.84     6.92    -574.3    115.87    -87.37     1.491      58377    0    1    1    0    0
2015  6 23 16  8     5.09     8.40     8.11    -574.7    117.73    -88.27     1.480      64714    0    1    1    1    1
2015  6 23 16  9     5.37     8.72     7.57    -574.7    120.00    -92.53     1.454      74299    0    1    1    2    2
2015  6 23 16 10     5.90     9.30     5.85    -576.6    119.27    -95.76     1.426      84930    0    1    1    2    2
2015  6 23 16 11     6.02     9.47     5.09    -577.8    117.30    -93.49     1.399      92244    0    1    1    2    2
2015  6 23 16 12     6.18     9.60     5.01    -575.8    117.21    -92.69     1.376     114283    0    1    1    2    1
2015  6 23 16 13     6.42     9.73     4.95    -572.0    117.25    -95.08     1.356     148909    0    1    1    1    0
2015  6 23 16 14     6.70     9.78     4.95    -566.6    115.85    -99.57     1.338     183535    0    0    0    0    0
2015  6 23 16 15     6.94     9.35     5.15    -564.7    111.54   -104.24     1.338     218161    0    0    0    0    0
2015  6 23 16 16     6.90     9.31     4.64    -565.0    106.48   -103.77     1.337     252788    0    1    1    1    0
2015  6 23 16 17     6.59     9.35     4.71    -565.2    104.15   -102.90     1.336     287414    0    1    1    2    0
2015  6 23 16 18     6.24     9.09     5.89    -566.0    102.13    -97.65     1.335     322040    0    1    2    2    0
2015  6 23 16 19     6.01     6.89     7.73    -568.2     99.71    -91.18     1.334     356666    0    1    1    1    1
2015  6 23 16 20     5.12     6.21     9.47    -575.0     99.42    -80.48     1.354     391670    0    0    0    0    0
2015  6 23 16 21     4.94     6.03     9.82    -575.7    102.43    -81.82     1.416     412818    0    0    0    0    0
2015  6 23 16 22     4.71     5.38    10.25    -576.6    104.60    -84.93     1.454     417551    0    0    0    0    0
2015  6 23 16 23     4.51     4.41    10.87    -579.4    100.43    -85.96     1.445     417551    0    0    0    0    0
2015  6 23 16 24     4.45     4.25    11.06    -581.2     93.80    -81.53     1.413     426211    0    0    0    0    0
2015  6 23 16 25     4.32     4.41    11.11    -583.5     88.50    -74.81     1.389     428573    0    0    0    0    0
2015  6 23 16 26     4.05     4.84    10.99    -583.9     87.83    -76.70     1.371     418141    0    0    0    0    0
2015  6 23 16 27     3.84     5.39    10.71    -586.0     93.54    -83.41     1.337     397221    0    0    0    0    0
2015  6 23 16 28     3.53     5.60    10.77    -590.4    105.37    -75.29     1.351     322487    0    0    0    0    0
2015  6 23 16 29     2.68     5.79    10.87    -592.4    113.36    -59.13     1.386     177496    0    0    0    0    0
2015  6 23 16 30     2.09     5.90    10.82    -593.4    113.97    -58.65     1.373     175060    0    0    0    0    0
2015  6 23 16 31     1.92     6.39    10.55    -595.4    116.42    -63.55     1.304     200285    0    0    0    0    0
2015  6 23 16 32     1.73     7.27    10.12    -596.8    119.18    -71.02     1.199     240780    0    0    0    0    0
2015  6 23 16 33     1.60     7.74     9.93    -595.0    119.40    -73.20     1.143     252838    0    0    0    0    0
2015  6 23 16 34     1.38     7.87     9.88    -593.3    117.94    -71.61     1.125     236128    0    0    0    0    0
2015  6 23 16 35     1.12     7.68     9.93    -593.4    116.35    -67.76     1.122     198688    0    0    0    0    0
2015  6 23 16 36     0.95     7.36    10.11    -595.0    112.70    -64.01     1.109     175550    0    0    0    0    0
2015  6 23 16 37     0.84     7.22    10.31    -598.6    104.77    -60.82     1.099     172445    0    0    0    0    0
2015  6 23 16 38     1.11     6.24    10.91    -600.8     97.38    -52.82     1.138     167258    0    0    0    0    0
2015  6 23 16 39     1.51     5.23    11.54    -603.0     93.28    -46.06     1.146     145113    0    0    0    0    0
2015  6 23 16 40     1.17     5.07    11.62    -602.1     89.53    -40.78     1.098      92606    0    0    0    0    0
2015  6 23 16 41     1.14     5.19    11.54    -600.6     85.27    -36.41     1.058      85345    0    0    0    0    0
2015  6 23 16 42     1.30     5.26    11.47    -599.3     88.07    -33.75     1.050      99843    0    0    0    0    0
2015  6 23 16 43     1.30     4.71    11.67    -598.9     86.36    -33.97     1.087     112161    0    0    0    0    0
2015  6 23 16 44     0.68     4.09    11.94    -601.5     85.86    -44.99     1.182     111022    0    0    0    0    0
2015  6 23 16 45     0.24     3.56    12.11    -602.9     85.17    -51.69     1.253     105787    0    0    0    0    0
2015  6 23 16 46     0.18     3.36    12.11    -602.2     85.98    -55.65     1.274     100552    0    0    0    0    0
2015  6 23 16 47     0.18     3.20    12.02    -601.4     83.11    -50.29     1.233      95318    0    0    0    0    0
2015  6 23 16 48     0.58     2.81    11.96    -595.7     82.89    -53.06     1.187      90083    0    0    0    0    0
2015  6 23 16 49     1.55     2.63    11.65    -589.5     83.30    -55.94     1.150      84848    0    0    0    0    0
2015  6 23 16 50     3.53     2.96    10.79    -584.3     83.71    -55.27     1.127      79613    0    0    0    0    0
2015  6 23 16 51     4.27     3.25    10.25    -578.8     89.14    -53.38     1.086      74379    0    0    0    0    0
2015  6 23 16 52     4.51     3.44     9.98    -576.6     91.84    -50.95     1.063      69144    0    0    0    0    0
2015  6 23 16 53     4.39     3.52     9.96    -579.1     81.78    -49.48     1.023      63909    0    0    0    0    0
2015  6 23 16 54     3.94     3.13    10.37    -582.1     73.06    -49.99     0.955      58674    0    0    0    0    0
2015  6 23 16 55     4.27     3.72    10.07    -581.7     73.67    -50.44     0.927      53440    0    0    0    0    0
2015  6 23 16 56     4.84     4.60     9.76    -578.0     78.72    -48.61     0.923      53030    0    0    0    0    0
2015  6 23 16 57     5.26     5.34     9.59    -573.3     85.46    -45.60     0.937      52039    0    0    0    0    0
2015  6 23 16 58     5.49     5.85     9.55    -568.2     92.51    -43.26     0.962      50287    0    0    0    0    0
2015  6 23 16 59     5.48     5.83     9.57    -563.8     95.15    -51.05     0.962      50287    0    0    0    0    0
2015  6 23 17  0     5.40     5.33     9.88    -563.3     94.65    -52.59     0.929      49078    0    0    0    0    0
2015  6 23 17  1     5.38     4.85    10.17    -566.7     79.10    -36.50     0.896      48769    0    0    0    0    0
2015  6 23 17  2     5.27     4.90    10.12    -566.6     78.95    -36.39     0.874      48867    0    1    1    0    0
2015  6 23 17  3     5.39     5.08     9.93    -566.6     78.47    -35.86     0.874      48963    0    1    1    0    0
2015  6 23 17  4     5.50     5.15     9.91    -566.0     77.64    -34.82     0.906      49431    0    1    1    0    0
2015  6 23 17  5     5.35     5.03    10.05    -565.9     77.44    -33.74     0.908      49455    0    1    1    0    0
2015  6 23 17  6     5.40     4.75    10.16    -566.1     84.83    -33.56     0.885      49294    0    1    1    0    0
2015  6 23 17  7     5.55     4.74    10.12    -566.2     84.93    -34.24     0.869      49288    0    1    1    0    0
2015  6 23 17  8     5.66     4.78    10.00    -566.2     83.86    -36.30     0.869      49288    0    1    1    0    0
2015  6 23 17  9     5.66     4.80     9.95    -566.4     83.45    -36.35     0.861      48124    0    1    1    0    0
2015  6 23 17 10     5.67     4.79     9.93    -567.0     82.63    -35.93     0.883      46767    0    1    1    0    0
2015  6 23 17 11     5.78     4.85     9.86    -567.2     81.81    -36.30     0.862      45430    0    1    1    0    0
2015  6 23 17 12     5.81     5.08     9.75    -566.9     81.40    -36.86     0.827      42871    0    1    1    0    0
2015  6 23 17 13     5.96     5.33     9.57    -566.9     81.24    -37.56     0.774      42871    0    1    1    0    0
2015  6 23 17 14     6.02     5.38     9.48    -566.9     81.17    -37.27     0.774      44752    0    1    1    0    0
2015  6 23 17 15     6.08     5.42     9.45    -567.4     81.97    -43.13     0.774      47231    0    1    1    0    0
2015  6 23 17 16     6.11     5.81     9.19    -567.8     92.99    -49.33     0.760      50128    0    1    0    0    0
2015  6 23 17 17     6.19     6.00     8.86    -569.4    100.69    -58.76     0.689      53025    0    1    0    0    0
2015  6 23 17 18     6.30     6.19     8.60    -571.8     92.78    -70.70     0.728      55922    0    1    0    0    0
2015  6 23 17 19     6.34     6.14     8.45    -574.3     77.14    -85.23     0.836      58819    0    1    0    0    0
2015  6 23 17 20     6.40     6.30     8.29    -576.4     65.43    -97.38     0.914      61716    0    1    0    0    0
2015  6 23 17 21     6.47     6.52     8.15    -576.0     67.39    -98.86     0.907      64612    0    1    1    0    0
2015  6 23 17 22     6.56     6.64     8.04    -574.9     73.05    -96.96     0.900      67509    0    2    2    0    0
2015  6 23 17 23     6.60     6.50     7.91    -573.8     78.70    -95.04     0.895      70406    0    1    1    0    0
2015  6 23 17 24     6.55     6.23     7.89    -573.0     82.41    -93.53     0.886      73303    0    1    0    0    0
2015  6 23 17 25     6.48     6.20     7.95    -573.0     82.55    -92.46     0.878      76200    0    1    0    0    0
2015  6 23 17 26     6.52     6.35     7.87    -571.8     85.64    -87.34     0.839      79097    0    1    0    0    0
2015  6 23 17 27     6.62     6.57     7.70    -568.4     94.05    -76.82     0.767      81994    0    1    0    0    0
2015  6 23 17 28     6.65     7.03     7.37    -565.1    102.44    -75.49     0.751      84891    0    1    0    0    0
2015  6 23 17 29     6.71     7.34     7.29    -564.6    113.80    -75.31     0.749      87787    0    1    0    0    0
2015  6 23 17 30     6.82     7.47     6.99    -565.8    109.89    -69.43     0.768      90684    0    1    0    0    0
2015  6 23 17 31     6.68     7.39     6.99    -566.3    107.42    -62.41     0.789      93581    0    1    0    0    0
2015  6 23 17 32     6.62     7.30     7.04    -566.3    101.52    -55.92     0.903      96478    0    1    0    0    0
2015  6 23 17 33     6.55     6.84     7.35    -566.2     93.26    -49.24     1.020      99375    0    1    1    0    0
2015  6 23 17 34     6.39     6.85     7.34    -571.5     81.16    -39.03     1.502     142133    0    1    1    0    0
2015  6 23 17 35     6.25     6.96     7.18    -571.3     72.32    -30.26     1.649     149003    0    1    1    0    0
2015  6 23 17 36     6.21     6.86     7.28    -570.7     65.77    -22.96     1.648     142539    0    1    1    0    0
2015  6 23 17 37     6.06     5.68     8.03    -579.0     48.80    -23.51     1.627     146166    0    1    1    0    0
2015  6 23 17 38     4.89     2.80     9.43    -596.3     20.72    -21.23     1.596     293816    0    1    1    0    0
2015  6 23 17 39     4.01     2.01     9.77    -594.8     21.15    -23.27     1.611     441466    0    1    1    1    0
2015  6 23 17 40     3.86     2.00     9.75    -592.0     22.38    -25.85     1.628     589116    0    2    2    2    0
2015  6 23 17 41     3.80     1.92     9.75    -589.1     23.60    -29.76     1.646     736766    0    1    1    1    0
2015  6 23 17 42     3.83     1.81     9.77    -586.2     24.76    -35.11     1.663     884416    0    1    1    0    0
2015  6 23 17 43     4.23     1.72     9.94    -582.5     25.10    -40.64     1.672    1032066    0    1    1    0    0
2015  6 23 17 44     4.00     0.18    10.55    -580.8     30.28    -46.04     1.674    1179716    0    1    1    0    0
2015  6 23 17 45     3.32    -1.42    10.70    -580.5     30.42    -50.83     1.674    1327366    0    1    1    0    0
2015  6 23 17 46     3.40    -1.39    10.60    -585.0     28.50    -55.76     1.369    1475016    0    1    1    0    0
2015  6 23 17 47     3.62    -1.92    10.41    -587.2     26.59    -58.85     1.106    1622666    0    1    0    0    0
2015  6 23 17 48     3.69    -1.98    10.27    -588.5     24.63    -61.10     1.054    1770316    0    1    0    0    0
2015  6 23 17 49     3.99    -1.46    10.39    -588.8     24.55    -63.23     1.042    1917966    0    1    0    0    0
2015  6 23 17 50     4.53    -0.28    10.69    -590.6     29.68    -65.41     0.995    2065616    0    1    0    0    1
2015  6 23 17 51     6.21     3.22     9.21    -650.4     54.23    -86.95     0.962    2213266    0    2    2    1    2
2015  6 23 17 52     6.27     3.43     8.72    -667.3     63.27    -64.34     0.953    2338756    0    1    1    0    1
2015  6 23 17 53     6.56     3.66     8.34    -669.0     63.69    -51.68     0.954    2257983    0    0    1    0    0
2015  6 23 17 54     6.72     4.05     8.01    -664.8     63.43    -44.38     1.041    2151728    0    1    1    0    1
2015  6 23 17 55     6.98     5.15     7.32    -660.1     63.58    -38.79     1.075    2043638    0    2    1    0    2
2015  6 23 17 56     7.16     6.17     6.72    -655.4     65.11    -34.54     1.075    1935549    0    2    1    0    2
2015  6 23 17 57     7.13     6.48     6.53    -650.7     68.04    -31.49     1.092    1827460    0    2    1    0    2
2015  6 23 17 58     7.09     6.59     6.26    -646.0     69.00    -29.56     1.203    1719370    0    2    1    0    2
2015  6 23 17 59     7.15     6.87     6.04    -641.3     73.61    -34.22     1.214    1611281    0    2    1    0    2
2015  6 23 18  0     7.15     6.90     5.83    -636.6     75.40    -37.04     1.214    1504116    0    2    1    0    2
2015  6 23 18  1     7.15     6.84     5.69    -628.3     75.31    -37.85     1.214    1422067    0    1    1    0    2
2015  6 23 18  2     7.21     6.86     5.68    -614.3     75.03    -37.59     1.215    1379624    0    1    1    0    2
2015  6 23 18  3     7.25     6.82     5.74    -601.5     74.75    -37.24     1.221    1334991    0    2    1    0    2
2015  6 23 18  4     7.29     6.79     5.79    -588.7     74.47    -36.89     1.227    1290358    0    1    1    0    2
2015  6 23 18  5     7.16     6.24     6.42    -587.4     74.28    -35.50     1.272    1222115    0    1    1    0    1
2015  6 23 18  6     6.82     5.67     7.09    -584.9     74.14    -33.24     1.272    1131754    0    1    1    0    1
2015  6 23 18  7     6.70     5.81     7.07    -585.0     73.39    -32.36     1.221    1041901    0    1    1    0    0
2015  6 23 18  8     6.44     6.07     6.74    -586.8     71.05    -30.62     1.223     952048    0    1    1    0    0
2015  6 23 18  9     6.50     5.88     6.75    -583.6     69.91    -28.41     1.245     862195    0    1    1    0    0
2015  6 23 18 10     6.51     5.69     6.92    -579.4     68.70    -27.64     1.274     772341    0    1    1    0    0
2015  6 23 18 11     6.55     5.58     7.04    -576.1     67.95    -26.81     1.305     682488    0    1    1    0    0
2015  6 23 18 12     6.53     5.38     7.23    -573.2     67.63    -25.36     1.580     592635    0    1    1    0    0
2015  6 23 18 13     6.44     5.16     7.38    -570.1     67.62    -23.63     2.178     502782    0    1    1    0    0
2015  6 23 18 14     6.38     5.57     6.80    -567.0     68.23    -23.13     2.784     412929    0    0    0    0    0
2015  6 23 18 15     6.34     6.01     6.38    -565.3     74.64    -25.27     2.829     323075    0    0    0    0    0
2015  6 23 18 16     6.40     6.04     6.31    -565.3     74.79    -26.15     2.834     233222    0    0    0    0    0
2015  6 23 18 17     6.40     5.71     6.43    -566.5     69.04    -24.23     2.883     143369    0    0    0    0    0
2015  6 23 18 18     6.43     5.67     6.40    -567.8     63.75    -23.07     3.002      53516    0    0    0    0    0
2015  6 23 18 19     6.57     5.67     6.31    -566.5     63.89    -25.11     3.002      54550    0    0    0    0    0
2015  6 23 18 20     6.76     6.23     5.67    -565.0     66.89    -31.03     2.776      57297    0    0    0    0    0
2015  6 23 18 21     6.92     6.82     4.73    -564.7     66.91    -32.60     2.643      57575    0    0    0    0    0
2015  6 23 18 22     6.93     6.90     4.56    -564.6     64.91    -35.06     2.735      55681    0    0    0    0    0
2015  6 23 18 23     4.54     8.59     3.98    -582.9     75.37    -42.54     2.813      55381    0    0    0    0    0
2015  6 23 18 24     4.28     8.82     3.84    -586.6     78.88    -47.39     2.766      57235    0    0    0    0    0
2015  6 23 18 25     4.24     8.86     3.67    -585.6     79.49    -46.82     2.756      60574    0    0    0    0    0
2015  6 23 18 26     4.65     8.60     3.77    -585.6     80.43    -45.08     2.787      65027    0    0    0    0    0
2015  6 23 18 27     5.38     8.16     4.01    -584.3     78.23    -42.65     2.788      66345    0    0    0    0    0
2015  6 23 18 28     5.76     7.36     4.84    -583.1     77.54    -38.90     2.788      66388    0    0    0    0    0
2015  6 23 18 29     6.11     7.27     4.87    -580.4     77.93    -38.46     2.957      71293    0    0    0    0    0
2015  6 23 18 30     6.39     7.29     4.59    -578.1     78.35    -39.30     3.016      72928    0    0    0    0    0
2015  6 23 18 31     6.47     7.35     4.37    -577.0     79.34    -41.16     2.991      67726    0    0    0    0    0
2015  6 23 18 32     6.31     7.56     4.32    -577.2     80.29    -45.88     3.037      56393    0    0    0    0    0
2015  6 23 18 33     5.98     7.87     4.16    -577.8     80.58    -48.82     3.112      50052    0    0    0    0    0
2015  6 23 18 34     5.87     7.88     4.18    -578.2     80.14    -48.78     3.224      49402    0    0    0    0    0
2015  6 23 18 35     6.02     7.47     4.67    -578.8     77.83    -46.19     3.373      54441    0    0    0    0    0
2015  6 23 18 36     6.14     7.29     4.73    -578.3     76.53    -44.34     3.450      59124    0    0    0    0    0
2015  6 23 18 37     6.08     7.48     4.41    -577.2     76.43    -44.69     3.423      60338    0    0    0    0    0
2015  6 23 18 38     5.96     7.62     4.26    -576.0     77.39    -46.18     3.306      56527    0    0    0    0    0
2015  6 23 18 39     6.00     7.58     4.31    -573.9     79.44    -50.16     3.227      52946    0    0    0    0    0
2015  6 23 18 40     6.31     7.45     4.23    -571.3     81.75    -54.96     3.224      54838    0    0    0    0    0
2015  6 23 18 41     6.91     7.17     3.86    -570.1     83.27    -55.01     3.193      60514    0    0    0    0    0
2015  6 23 18 42     7.05     6.99     3.90    -568.4     82.66    -52.76     3.095      60379    0    0    0    0    0
2015  6 23 18 43     7.12     6.90     4.19    -566.5     79.37    -50.58     3.041      59030    0    0    0    0    0
2015  6 23 18 44     7.12     6.67     4.46    -566.4     80.63    -50.89     2.948      52791    0    0    0    0    0
2015  6 23 18 45     7.13     6.65     4.55    -567.0     80.61    -51.97     2.938      52731    0    0    0    0    0
2015  6 23 18 46     7.16     6.45     4.66    -565.9     78.19    -51.15     2.961      55467    0    0    0    0    0
2015  6 23 18 47     7.27     6.20     4.79    -563.1     75.92    -50.05     2.973      55604    0    0    0    0    0
2015  6 23 18 48     7.28     5.92     5.09    -562.2     72.65    -45.21     2.978      52819    0    0    0    0    0
2015  6 23 18 49     7.19     5.76     5.21    -560.8     71.33    -41.29     3.005      51823    0    0    0    0    0
2015  6 23 18 50     7.05     5.72     5.37    -559.1     71.16    -39.66     3.032      50936    0    0    0    0    0
2015  6 23 18 51     6.98     5.71     5.48    -557.6     71.94    -39.47     3.047      50242    0    0    0    0    0
2015  6 23 18 52     7.05     5.62     5.51    -555.8     73.83    -40.29     3.042      51046    0    0    0    0    0
2015  6 23 18 53     7.16     5.46     5.52    -554.0     75.27    -41.13     3.050      52978    0    0    0    0    0
2015  6 23 18 54     7.13     5.35     5.61    -554.7     74.30    -39.71     3.074      54551    0    0    0    0    0
2015  6 23 18 55     6.91     4.92     6.26    -556.8     73.60    -34.59     3.063      53984    0    0    0    0    0
2015  6 23 18 56     6.62     4.50     6.78    -558.4     72.41    -28.80     3.154      53189    0    0    0    0    0
2015  6 23 18 57     6.48     4.40     6.90    -557.7     71.07    -27.33     3.141      52549    0    0    0    0    0
2015  6 23 18 58     6.45     4.24     6.94    -555.5     70.14    -26.51     3.108      51881    0    0    0    0    0
2015  6 23 18 59     6.50     4.09     6.97    -553.8     69.72    -25.61     3.035      51822    0    0    0    0    0
2015  6 23 19  0     6.65     4.05     6.97    -553.4     69.36    -23.83     3.030      50839    0    0    0    0    0
2015  6 23 19  1     6.74     3.96     6.71    -553.8     68.91    -22.62     3.170      47957    0    0    0    0    0
2015  6 23 19  2     6.53     3.78     6.74    -558.0     64.92    -23.82     3.222      52710    0    0    0    0    0
2015  6 23 19  3     5.23     2.61     7.56    -574.6     50.78    -23.79     3.201      73361    0    0    0    0    0
2015  6 23 19  4     3.86     1.51     7.86    -580.2     46.10    -23.84     3.050      89038    0    0    0    0    0
2015  6 23 19  5     0.13    -1.38     5.69    -585.1     47.67    -29.30     2.862     107944    0    0    0    0    0
2015  6 23 19  6    -0.13    -1.53     5.11    -581.8     55.48    -35.59     2.444     120853    0    0    0    0    0
2015  6 23 19  7    -0.32    -1.57     4.94    -576.6     63.20    -39.85     2.158     132478    0    0    0    0    0
2015  6 23 19  8    -0.56    -1.61     4.82    -573.2     69.22    -41.53     1.966     145929    0    0    0    0    0
2015  6 23 19  9    -1.05    -2.16     4.90    -573.7     71.02    -36.65     1.914     163283    0    0    0    0    0
2015  6 23 19 10    -1.64    -3.12     5.41    -574.1     72.14    -31.20     1.979     180072    0    0    0    0    0
2015  6 23 19 11    -2.66    -3.94     5.25    -573.4     76.32    -32.61     2.294     193788    0    0    0    0    1
2015  6 23 19 12    -4.43    -5.03     4.23    -570.9     81.27    -35.53     2.792     203541    0    0    0    1    1
2015  6 23 19 13    -5.60    -5.68     3.26    -570.2     82.43    -37.44     3.190     215512    0    0    0    1    1
2015  6 23 19 14    -4.97    -4.94     4.29    -571.7     81.15    -31.70     3.345     238347    0    0    0    1    1
2015  6 23 19 15    -4.92    -4.52     4.73    -570.6     81.03    -31.22     3.571     235953    0    0    0    1    1
2015  6 23 19 16    -4.74    -4.47     4.75    -569.4     83.55    -37.59     3.851     225325    0    0    0    1    1
2015  6 23 19 17    -4.46    -4.25     4.87    -568.1     84.56    -40.61     3.352     212968    0    0    0    2    1
2015  6 23 19 18    -3.15    -3.15     4.90    -566.3     83.52    -43.25     3.509     201742    0    0    0    2    1
2015  6 23 19 19    -2.95    -2.93     4.71    -563.7     81.45    -46.29     3.651     189132    0    0    0    2    2
2015  6 23 19 20    -3.04    -2.82     4.46    -560.7     81.07    -50.03     3.770     180871    0    0    0    1    1
2015  6 23 19 21    -2.86    -3.60     4.08    -562.1     81.33    -53.22     3.810     177886    0    0    0    0    1
2015  6 23 19 22    -1.99    -4.10     4.12    -573.1     83.18    -60.67     3.708     187011    0    0    0    0    1
2015  6 23 19 23    -1.43    -2.63     4.31    -570.1     82.61    -64.25     3.678     186415    0    0    0    0    1
2015  6 23 19 24    -0.40    -0.61     4.36    -564.0     84.13    -64.99     4.034     184312    0    0    0    0    1
2015  6 23 19 25     0.15     0.34     4.32    -557.3     83.99    -66.29     4.339     177910    0    0    0    0    1
2015  6 23 19 26     0.53     0.98     4.19    -551.3     82.92    -67.23     4.618     168468    0    0    0    0    1
2015  6 23 19 27     0.86     2.07     3.44    -554.3     77.27    -63.35     4.964     143520    0    0    0    0    0
2015  6 23 19 28     1.29     2.93     2.93    -556.7     73.06    -63.23     5.802     130368    0    0    0    0    0
2015  6 23 19 29     1.88     3.58     2.69    -557.5     72.47    -64.29     6.546     125012    0    0    0    0    0
2015  6 23 19 30     2.71     4.45     2.75    -558.4     71.25    -66.11     6.507     116596    0    0    0    0    0
2015  6 23 19 31     3.11     4.81     2.66    -558.7     70.23    -67.22     5.917     106486    0    0    0    0    0
2015  6 23 19 32     3.84     6.12     1.95    -563.8     62.11    -64.18     5.305      99132    0    0    0    0    0
2015  6 23 19 33     3.98     6.46     1.98    -564.9     60.54    -63.53     4.800      98073    0    0    0    0    0
2015  6 23 19 34     4.10     6.42     2.01    -564.6     61.93    -64.06     4.421      98050    0    0    0    0    0
2015  6 23 19 35     4.43     6.12     1.74    -563.4     64.56    -65.50     4.186     101586    0    0    0    0    0
2015  6 23 19 36     4.52     5.97     1.18    -563.5     65.41    -63.85     4.142     111996    0    0    0    0    0
2015  6 23 19 37     4.46     6.08     0.91    -564.4     64.40    -62.52     4.196     115250    0    0    0    0    0
2015  6 23 19 38     4.38     6.21     0.34    -564.7     64.18    -62.19     4.444     115423    0    0    0    0    0
2015  6 23 19 39     4.27     6.25    -0.76    -564.1     64.22    -62.00     4.767     109982    0    0    0    0    0
2015  6 23 19 40     4.25     6.22    -1.62    -562.7     63.70    -61.81     5.117     109058    0    0    0    0    0
2015  6 23 19 41     3.56     5.82    -2.80    -561.0     63.22    -61.12     5.449     108340    0    0    0    0    0
2015  6 23 19 42     3.15     5.61    -3.52    -561.1     60.89    -59.64     5.144     106585    0    0    0    0    0
2015  6 23 19 43     2.70     5.19    -3.86    -562.4     59.57    -64.56     4.875     104999    0    0    0    0    0
2015  6 23 19 44     2.67     5.01    -4.24    -565.5     58.90    -68.27     4.779     104484    0    0    0    0    0
2015  6 23 19 45     2.59     4.74    -4.45    -565.3     58.66    -71.56     4.717     103488    0    0    0    0    0
2015  6 23 19 46     3.08     4.40    -3.74    -562.4     53.89    -74.61     4.679     100453    0    0    0    0    0
2015  6 23 19 47     3.83     4.84    -1.76    -560.3     58.29    -77.04     4.677      99489    0    0    0    0    0
2015  6 23 19 48     4.18     5.23    -0.74    -558.5     63.63    -78.93     4.642      99746    0    0    0    0    0
2015  6 23 19 49     4.24     5.67    -0.53    -555.9     68.99    -77.84     4.571     105890    0    0    0    0    0
2015  6 23 19 50     4.33     6.34     0.04    -553.0     75.67    -74.48     4.487     116012    0    0    0    0    0
2015  6 23 19 51     4.36     6.54     1.06    -551.3     78.10    -74.47     4.380     116944    0    0    0    0    0
2015  6 23 19 52     4.50     6.63     0.64    -548.4     79.11    -74.81     4.266     118199    0    0    0    0    0
2015  6 23 19 53     3.84     5.81    -0.49    -544.9     81.70    -74.78     3.540     130243    0    0    0    0    0
2015  6 23 19 54     3.54     5.40    -1.15    -542.8     84.47    -75.11     3.199     140583    0    0    0    0    0
2015  6 23 19 55     3.43     5.23    -2.02    -543.3     83.58    -73.75     3.282     144536    0    0    0    0    0
2015  6 23 19 56     3.23     5.05    -3.12    -547.7     78.90    -72.05     3.539     136048    0    0    0    0    0
2015  6 23 19 57     3.28     5.14    -2.91    -550.6     76.67    -71.39     3.761     130004    0    0    0    0    0
2015  6 23 19 58     3.50     5.09    -1.61    -549.2     77.44    -71.96     3.855     130004    0    0    0    0    0
2015  6 23 19 59     3.55     5.01    -1.77    -548.2     77.98    -74.04     3.804     130004    0    0    0    0    0
2015  6 23 20  0     3.65     5.64    -2.46    -547.8     76.10    -74.78     3.833     135155    0    0    0    0    0
2015  6 23 20  1     3.79     6.57    -2.09    -547.8     75.53    -74.79     3.544     137810    0    0    0    0    0
2015  6 23 20  2     4.04     7.05    -1.34    -546.4     72.87    -75.55     2.950     138075    0    0    0    0    0
2015  6 23 20  3     4.25     7.43    -0.52    -549.6     69.13    -78.69     2.329     126192    0    0    0    0    0
2015  6 23 20  4     4.74     7.64    -0.70    -550.5     64.93    -79.61     2.023     123221    0    1    1    1    1
2015  6 23 20  5     5.11     7.94    -1.75    -554.6     58.31    -78.11     1.755     119460    0    1    1    1    1
2015  6 23 20  6     5.27     8.33    -1.83    -558.1     56.08    -76.32     1.738     113465    0    1    1    1    1
2015  6 23 20  7     5.46     8.32    -1.71    -560.0     57.89    -77.73     1.769     114199    0    0    0    0    0
2015  6 23 20  8     5.60     8.25    -1.90    -561.2     61.04    -79.33     1.773     117067    0    0    0    1    1
2015  6 23 20  9     5.68     8.21    -2.04    -561.8     62.67    -79.15     1.769     119919    0    0    0    1    1
2015  6 23 20 10     5.65     8.10    -2.42    -562.5     62.79    -77.70     1.793     120583    0    0    0    1    1
2015  6 23 20 11     5.42     8.06    -2.72    -562.0     62.67    -76.97     1.742     117352    0    0    0    1    1
2015  6 23 20 12     5.58     8.17    -2.30    -569.2     55.22    -74.15     1.683      91375    0    0    0    0    0
2015  6 23 20 13     5.82     8.27    -1.40    -569.8     57.88    -74.15     1.662      91375    0    0    0    0    0
2015  6 23 20 14     5.90     8.23    -1.27    -569.8     58.21    -73.46     1.656      91375    0    0    0    1    1
2015  6 23 20 15     6.01     8.15    -1.19    -569.7     58.57    -75.54     1.510      90736    0    0    0    1    1
2015  6 23 20 16     6.08     8.17    -1.23    -569.1     58.13    -77.13     1.405      86647    0    0    0    1    1
2015  6 23 20 17     6.03     8.23    -1.27    -567.6     58.10    -76.91     1.431      81192    0    0    0    1    1
2015  6 23 20 18     5.89     8.35    -1.45    -567.5     57.54    -75.71     1.454      77472    0    0    0    1    1
2015  6 23 20 19     5.85     8.41    -1.47    -567.4     57.32    -73.63     1.439      74094    0    0    0    0    0
2015  6 23 20 20     5.85     8.40    -1.51    -566.2     56.13    -70.45     1.401      73473    0    0    0    0    0
2015  6 23 20 21     6.04     8.30    -1.35    -566.1     55.74    -70.36     1.381      73453    0    0    0    0    0
2015  6 23 20 22     6.14     8.26    -1.30    -567.6     55.09    -71.81     1.492      69362    0    0    0    0    0
2015  6 23 20 23     6.09     8.30    -1.08    -570.1     53.10    -68.84     1.481      67057    0    0    0    0    0
2015  6 23 20 24     5.99     8.32    -1.10    -569.3     55.90    -69.74     1.439      71081    0    0    0    0    0
2015  6 23 20 25     5.36     8.46    -1.34    -566.0     62.11    -74.34     1.457      95226    0    0    0    0    0
2015  6 23 20 26     5.19     8.53    -1.35    -565.5     64.49    -75.41     1.395      96433    0    0    0    0    0
2015  6 23 20 27     5.26     8.66    -1.36    -566.0     63.54    -74.03     1.340      94735    0    0    0    0    0
2015  6 23 20 28     5.27     8.83    -1.23    -573.5     53.30    -67.77     1.338      66127    0    0    0    1    1
2015  6 23 20 29     5.49     8.75    -1.23    -573.1     52.68    -67.06     1.324      65041    0    0    0    1    1
2015  6 23 20 30     5.52     8.77    -1.23    -573.5     53.71    -68.07     1.297      62824    0    0    0    1    1
2015  6 23 20 31     5.53     8.81    -1.16    -574.1     55.48    -69.79     1.295      61353    0    0    0    1    1
2015  6 23 20 32     5.61     8.81    -1.03    -572.7     55.63    -69.34     1.288      59881    0    0    0    1    1
2015  6 23 20 33     5.72     8.78    -0.95    -570.4     55.11    -66.17     1.272      58563    0    0    0    1    1
2015  6 23 20 34     5.76     8.78    -0.94    -570.6     52.82    -61.82     1.258      58308    0    0    0    1    1
2015  6 23 20 35     5.92     8.73    -0.95    -573.0     49.94    -59.57     1.268      58708    0    0    0    1    1
2015  6 23 20 36     6.01     8.68    -0.97    -572.6     49.00    -60.54     1.298      59537    0    0    0    1    1
2015  6 23 20 37     6.05     8.65    -1.00    -571.4     48.79    -61.94     1.327      59708    0    0    0    1    1
2015  6 23 20 38     6.03     8.66    -1.10    -569.3     48.61    -62.18     1.346      59534    0    0    0    1    1
2015  6 23 20 39     5.98     8.70    -1.19    -569.3     46.73    -61.69     1.337      58531    0    0    0    1    1
2015  6 23 20 40     5.91     8.71    -1.39    -571.1     42.40    -61.43     1.281      58542    0    0    0    1    1
2015  6 23 20 41     5.85     8.74    -1.45    -569.9     42.88    -61.40     1.282      58734    0    0    0    1    1
2015  6 23 20 42     5.87     8.73    -1.41    -567.5     43.92    -60.58     1.285      59498    0    0    0    1    1
2015  6 23 20 43     5.89     8.68    -0.95    -567.4     45.88    -60.32     1.313      59440    0    0    0    1    1
2015  6 23 20 44     5.87     8.68    -0.90    -567.0     45.40    -60.07     1.341      57723    0    0    0    1    1
2015  6 23 20 45     5.77     8.76    -1.01    -564.9     46.32    -60.49     1.370      57401    0    0    0    1    1
2015  6 23 20 46     5.72     8.75    -1.26    -565.6     47.27    -60.89     1.374      57363    0    0    0    1    1
2015  6 23 20 47     5.73     8.72    -1.41    -566.6     47.94    -60.69     1.376      57803    0    0    0    1    1
2015  6 23 20 48     5.76     8.71    -1.41    -565.7     45.30    -61.96     1.441      60977    0    0    0    1    1
2015  6 23 20 49     5.78     8.67    -1.42    -564.7     44.72    -61.37     1.462      61188    0    0    0    1    1
2015  6 23 20 50     5.81     8.63    -1.48    -564.4     44.15    -60.26     1.481      61188    0    0    0    1    1
2015  6 23 20 51     5.78     8.66    -1.58    -564.6     44.51    -61.07     1.505      63758    0    0    0    1    1
2015  6 23 20 52     5.69     8.73    -1.69    -565.1     44.31    -62.18     1.509      64104    0    0    0    1    1
2015  6 23 20 53     5.51     8.82    -1.70    -565.3     43.30    -63.30     1.463      62558    0    0    0    1    1
2015  6 23 20 54     5.45     8.83    -1.91    -565.0     42.88    -64.03     1.460      59685    0    0    0    1    1
2015  6 23 20 55     5.40     8.81    -2.07    -567.3     43.20    -64.59     1.474      58720    0    0    0    1    1
2015  6 23 20 56     5.09     8.88    -2.22    -569.8     46.53    -63.68     1.542      59002    0    0    0    1    1
2015  6 23 20 57     4.70     9.02    -2.26    -570.2     50.43    -62.97     1.566      60900    0    0    0    1    1
2015  6 23 20 58     4.50     9.02    -2.48    -569.3     52.71    -63.46     1.565      63229    0    0    0    1    1
2015  6 23 20 59     4.59     9.00    -2.37    -568.2     52.56    -63.20     1.550      63198    0    0    0    1    1
2015  6 23 21  0     4.89     8.96    -2.04    -567.0     51.68    -62.58     1.552      62813    0    0    0    1    1
2015  6 23 21  1     4.93     8.92    -2.09    -566.4     51.59    -64.85     1.590      61764    0    0    0    1    1
2015  6 23 21  2     4.91     8.95    -2.17    -565.8     51.37    -66.64     1.635      61405    0    0    0    1    1
2015  6 23 21  3     4.93     8.93    -2.21    -566.0     49.66    -66.48     1.639      60359    0    0    0    1    1
2015  6 23 21  4     4.92     8.97    -1.97    -567.3     44.61    -65.44     1.469      56980    0    0    0    1    1
2015  6 23 21  5     4.90     9.05    -2.00    -571.6     40.76    -66.00     1.320      54828    0    0    0    1    1
2015  6 23 21  6     4.79     9.07    -2.20    -572.7     41.25    -67.10     1.326      55534    0    0    0    1    1
2015  6 23 21  7     4.62     9.11    -2.38    -571.7     41.89    -65.14     1.371      58540    0    0    0    1    1
2015  6 23 21  8     4.65     9.12    -2.26    -568.6     44.05    -59.59     1.463      62800    0    0    0    1    1
2015  6 23 21  9     4.78     9.11    -1.78    -566.5     42.04    -55.30     1.486      63106    0    0    0    1    1
2015  6 23 21 10     5.04     9.02    -0.90    -566.8     41.04    -54.18     1.488      63438    0    0    0    1    1
2015  6 23 21 11     5.03     9.04    -0.90    -569.9     41.66    -53.95     1.478      63964    0    0    0    1    1
2015  6 23 21 12     4.82     9.07    -1.06    -571.1     40.40    -55.71     1.483      63830    0    0    0    1    1
2015  6 23 21 13     4.80     9.06    -1.28    -571.5     38.44    -53.62     1.496      63311    0    0    0    1    1
2015  6 23 21 14     5.01     8.98    -1.41    -569.6     37.89    -49.83     1.496      62936    0    0    0    1    1
2015  6 23 21 15     5.18     8.87    -1.50    -566.3     38.29    -49.76     1.497      62615    0    0    0    1    1
2015  6 23 21 16     5.18     8.79    -1.87    -564.9     43.06    -49.14     1.678      60400    0    0    0    1    1
2015  6 23 21 17     5.13     8.78    -1.92    -562.0     49.88    -51.40     1.701      60134    0    0    0    1    1
2015  6 23 21 18     4.95     8.78    -1.86    -563.1     52.05    -51.58     1.643      68667    0    0    0    1    1
2015  6 23 21 19     4.80     8.80    -1.93    -563.0     50.60    -49.41     1.583      76234    0    0    0    0    0
2015  6 23 21 20     4.72     8.90    -2.01    -563.1     47.38    -46.91     1.602      77635    0    0    0    0    0
2015  6 23 21 21     4.68     9.01    -2.23    -561.3     43.28    -39.01     1.544      68944    0    0    0    0    0
2015  6 23 21 22     4.44     9.07    -2.50    -560.4     40.05    -34.05     1.531      64961    0    0    0    0    0
2015  6 23 21 23     4.24     9.11    -2.62    -560.6     39.14    -33.17     1.521      64961    0    0    0    0    0
2015  6 23 21 24     4.02     9.00    -2.89    -560.9     42.58    -35.29     1.721      62144    0    0    0    0    0
2015  6 23 21 25     3.86     8.96    -3.04    -561.6     47.28    -38.44     2.017      59978    0    0    0    0    0
2015  6 23 21 26     3.85     8.96    -3.05    -561.0     48.92    -39.75     2.135      56973    0    0    0    0    0
2015  6 23 21 27     3.73     8.91    -3.10    -559.1     50.62    -40.30     2.135      55666    0    0    0    0    0
2015  6 23 21 28     3.55     8.81    -3.28    -557.1     51.84    -40.30     2.128      58535    0    0    0    0    0
2015  6 23 21 29     3.46     8.67    -3.56    -554.7     52.45    -39.50     2.200      65009    0    0    0    0    0
2015  6 23 21 30     3.52     8.58    -3.78    -551.4     53.97    -38.08     2.352      71776    0    0    0    0    0
2015  6 23 21 31     3.58     8.58    -3.67    -548.3     56.05    -35.66     2.395      72757    0    0    0    0    0
2015  6 23 21 32     3.63     8.60    -3.52    -546.3     56.24    -29.62     2.379      72904    0    0    0    0    0
2015  6 23 21 33     3.86     8.41    -3.61    -545.0     53.72    -26.97     2.342      73382    0    0    0    0    0
2015  6 23 21 34     4.03     8.30    -3.52    -543.6     52.46    -25.27     2.278      73676    0    0    0    0    0
2015  6 23 21 35     4.20     8.36    -3.06    -541.7     51.60    -22.23     2.214      74287    0    0    0    0    0
2015  6 23 21 36     4.47     8.45    -2.50    -540.0     50.54    -17.51     2.143      75500    0    0    0    0    0
2015  6 23 21 37     4.84     8.43    -1.70    -539.0     48.49    -12.54     2.116      76955    0    0    0    0    0
2015  6 23 21 38     5.10     8.38    -0.71    -538.5     46.20     -8.62     2.192      78414    0    0    0    0    0
2015  6 23 21 39     5.10     8.40    -0.61    -538.0     47.29     -3.69     2.285      79793    0    0    0    0    0
2015  6 23 21 40     4.98     8.50    -0.75    -537.6     48.65      2.43     2.393      80082    0    0    0    0    0
2015  6 23 21 41     4.79     8.62    -0.70    -536.6     49.27      7.52     2.398      80881    0    0    0    0    0
2015  6 23 21 42     4.90     8.57    -0.60    -536.1     48.86     12.68     2.294      80881    0    0    0    0    0
2015  6 23 21 43     5.25     8.40    -0.44    -535.0     48.85     15.00     2.221      81242    0    0    0    0    0
2015  6 23 21 44     5.28     8.36    -0.44    -532.4     48.30     16.84     2.221      84335    0    0    0    0    0
2015  6 23 21 45     5.10     8.52    -0.88    -532.2     47.50     16.77     2.218      84593    0    0    0    0    0
2015  6 23 21 46     5.16     8.59    -0.65    -536.7     38.43     16.00     1.780      68791    0    0    0    0    0
2015  6 23 21 47     5.35     8.59    -0.21    -536.9     37.29     18.56     1.727      67790    0    0    0    0    0
2015  6 23 21 48     5.43     8.54    -0.09    -536.4     36.74     20.32     1.677      68521    0    0    0    0    0
2015  6 23 21 49     5.47     8.47    -0.24    -536.2     35.67     20.99     1.634      71693    0    0    0    0    0
2015  6 23 21 50     5.68     8.36    -0.48    -536.4     34.75     23.69     1.604      72543    0    0    0    0    0
2015  6 23 21 51     5.73     8.34    -0.65    -538.8     34.56     27.70     1.541      72543    0    0    0    0    0
2015  6 23 21 52     5.69     8.51    -0.53    -541.8     30.53     29.63     1.531      66951    0    0    0    0    0
2015  6 23 21 53     5.72     8.60    -0.33    -542.7     27.30     30.10     1.516      60240    0    0    0    1    1
2015  6 23 21 54     5.71     8.60    -0.59    -542.3     26.43     28.89     1.511      58328    0    0    0    1    1
2015  6 23 21 55     5.80     8.43    -1.27    -542.4     26.91     30.14     1.518      57781    0    0    0    1    1
2015  6 23 21 56     5.97     8.26    -1.43    -543.0     26.87     32.86     1.521      59985    0    0    0    1    1
2015  6 23 21 57     6.06     8.23    -0.66    -543.8     26.61     34.91     1.509      65254    0    0    0    1    1
2015  6 23 21 58     6.07     8.19    -0.02    -544.3     27.40     33.23     1.481      68665    0    0    0    1    1
2015  6 23 21 59     6.06     8.13     0.59    -544.1     29.33     29.21     1.431      69305    0    0    0    1    1
2015  6 23 22  0     6.09     8.06     0.80    -543.7     30.26     27.35     1.364      69683    0    0    0    1    1
2015  6 23 22  1     6.14     8.01     0.77    -541.4     30.51     26.01     1.322      69896    0    0    0    0    0
2015  6 23 22  2     6.15     8.06     0.72    -538.6     30.76     23.95     1.299      70634    0    0    0    0    0
2015  6 23 22  3     6.08     8.18     0.67    -536.9     30.94     21.42     1.297      73291    0    0    0    0    0
2015  6 23 22  4     6.08     8.17     0.99    -537.0     31.80     18.62     1.356      79361    0    0    0    0    0
2015  6 23 22  5     6.18     8.07     1.48    -537.3     34.79     14.87     1.365      88392    0    0    0    0    0
2015  6 23 22  6     6.27     7.93     1.85    -536.4     36.14     12.22     1.362      93456    0    0    0    0    0
2015  6 23 22  7     6.34     7.81     2.18    -536.2     36.05     12.79     1.334      92324    0    0    0    0    0
2015  6 23 22  8     6.49     7.59     2.57    -540.4     33.11     15.50     1.298      82725    0    0    0    0    0
2015  6 23 22  9     6.61     7.41     2.46    -543.6     30.98     18.35     1.261      76611    0    0    0    0    0
2015  6 23 22 10     6.54     7.61     1.81    -543.6     29.98     22.37     1.253      76272    0    0    0    1    1
2015  6 23 22 11     6.49     7.77     1.24    -543.3     29.50     25.98     1.283      81479    0    0    0    1    1
2015  6 23 22 12     6.45     7.84     0.99    -542.5     29.97     27.66     1.344      90954    0    0    0    1    1
2015  6 23 22 13     6.20     7.92     0.72    -541.7     30.05     27.34     1.380      99377    0    0    0    1    1
2015  6 23 22 14     5.98     7.94     0.55    -543.2     29.46     25.97     1.378     102762    0    0    0    1    1
2015  6 23 22 15     6.67     7.57     0.95    -550.5     29.79     25.54     1.278      97424    0    0    0    1    1
2015  6 23 22 16     6.57     7.75     1.15    -551.0     28.65     29.99     1.252      97512    0    0    0    1    1
2015  6 23 22 17     6.12     8.11     0.84    -550.1     25.81     31.36     1.241      98644    0    0    0    1    1
2015  6 23 22 18     5.91     8.25     0.96    -546.7     24.22     31.92     1.245     101920    0    0    0    1    1
2015  6 23 22 19     5.89     8.25     0.98    -543.0     24.77     31.71     1.277     107741    0    0    0    1    1
2015  6 23 22 20     5.92     8.20     0.97    -539.8     25.97     32.26     1.312     111221    0    0    0    1    1
2015  6 23 22 21     5.91     8.12     0.96    -537.5     26.68     34.11     1.336     109629    0    0    0    1    1
2015  6 23 22 22     5.84     7.92     1.01    -536.0     25.84     36.33     1.352     102217    0    0    0    0    0
2015  6 23 22 23     5.92     7.55     1.41    -535.3     24.21     38.04     1.362      87475    0    0    0    0    0
2015  6 23 22 24     6.24     7.36     1.83    -539.1     21.15     37.12     1.310      87789    0    0    0    0    0
2015  6 23 22 25     6.42     7.21     2.23    -542.3     18.27     37.00     1.284      89028    0    0    0    0    0
2015  6 23 22 26     6.78     6.87     2.65    -546.3     19.68     33.98     1.250      92280    0    0    0    0    0
2015  6 23 22 27     6.94     6.71     3.02    -547.5     20.78     32.12     1.263      96241    0    0    0    1    1
2015  6 23 22 28     7.00     6.64     3.11    -542.8     20.66     33.54     1.379     104989    0    0    0    1    1
2015  6 23 22 29     7.03     6.60     3.16    -539.3     20.52     35.18     1.467     111050    0    0    0    1    1
2015  6 23 22 30     7.04     6.44     3.36    -538.9     20.35     37.90     1.480     111508    0    0    0    1    1
2015  6 23 22 31     7.02     6.13     3.79    -538.6     19.87     41.62     1.469     111250    0    0    0    1    1
2015  6 23 22 32     6.88     6.16     3.95    -537.1     20.25     42.49     1.463     110396    0    0    0    1    1
2015  6 23 22 33     6.72     6.27     3.96    -534.6     23.30     43.23     1.484     109188    0    0    0    1    1
2015  6 23 22 34     6.66     6.35     3.99    -533.1     29.19     46.81     1.509     107591    0    0    0    1    1
2015  6 23 22 35     6.70     6.41     4.02    -533.0     30.41     48.33     1.534     103857    0    0    0    1    1
2015  6 23 22 36     6.76     6.44     3.79    -533.0     28.28     48.59     1.470      99836    0    0    0    1    1
2015  6 23 22 37     6.61     6.67     3.12    -532.1     26.66     50.44     1.340      99702    0    0    0    0    0
2015  6 23 22 38     6.38     7.15     2.07    -530.5     28.06     53.78     1.421      99702    0    0    0    0    0
2015  6 23 22 39     6.33     7.22     1.92    -531.2     30.58     56.06     1.521     100030    0    0    0    0    0
2015  6 23 22 40     6.38     7.16     2.30    -530.5     31.13     57.64     1.592     100084    0    0    0    0    0
2015  6 23 22 41     6.41     7.08     2.56    -529.1     31.61     57.83     1.641     105794    0    0    0    0    0
2015  6 23 22 42     6.37     6.99     2.86    -527.8     31.34     57.92     1.648     134061    0    0    0    0    0
2015  6 23 22 43     6.35     6.95     3.12    -527.4     29.28     58.96     1.603     148990    0    0    0    0    0
2015  6 23 22 44     6.39     6.90     3.32    -528.1     27.05     60.81     1.557     146233    0    0    0    0    0
2015  6 23 22 45     6.44     6.79     3.36    -528.0     26.46     62.60     1.531     134848    0    0    0    0    0
2015  6 23 22 46     6.39     6.81     3.46    -527.1     27.76     63.64     1.487     118058    0    0    0    0    0
2015  6 23 22 47     6.17     7.03     3.46    -537.1     20.18     57.04     1.266     123297    0    0    0    0    0
2015  6 23 22 48     6.10     6.91     3.74    -538.5     18.51     57.92     1.219     125696    0    0    0    0    0
2015  6 23 22 49     5.99     6.76     4.13    -539.0     18.41     59.38     1.193     130133    0    0    0    0    0
2015  6 23 22 50     5.95     6.63     4.42    -546.3     12.41     60.65     1.185     143817    0    0    0    1    1
2015  6 23 22 51     5.78     6.64     4.34    -548.4      8.63     64.08     1.228     159466    0    0    0    1    2
2015  6 23 22 52     5.77     6.62     4.40    -546.7     12.92     67.89     1.266     175365    0    0    0    1    2
2015  6 23 22 53     5.76     6.48     4.43    -546.8     18.44     68.47     1.279     193978    0    0    0    1    2
2015  6 23 22 54     5.92     6.34     4.47    -548.0     20.73     66.17     1.276     214018    0    0    0    1    1
2015  6 23 22 55     6.06     6.38     4.29    -548.1     21.26     65.41     1.272     222937    0    0    0    1    1
2015  6 23 22 56     6.10     6.54     4.18    -544.6     26.85     66.51     1.299     247503    0    0    0    1    1
2015  6 23 22 57     5.91     6.74     3.83    -542.3     30.49     66.10     1.320     266450    0    0    0    1    1
2015  6 23 22 58     5.73     6.90     3.56    -540.7     32.11     66.31     1.325     275866    0    0    0    1    1
2015  6 23 22 59     5.68     7.03     3.44    -539.4     35.21     67.67     1.316     282983    0    0    0    1    1
2015  6 23 23  0     5.63     7.15     3.22    -538.4     40.58     67.95     1.302     291532    0    0    0    1    1
2015  6 23 23  1     5.60     7.16     3.04    -536.3     44.62     67.84     1.298     297153    0    0    0    1    1
2015  6 23 23  2     5.56     7.16     2.97    -533.6     48.34     68.36     1.295     305970    0    0    0    1    1
2015  6 23 23  3     5.55     7.15     2.95    -531.1     49.50     68.50     1.273     313936    0    0    0    1    1
2015  6 23 23  4     5.53     7.08     3.17    -529.8     50.59     68.16     1.266     315397    0    0    0    0    0
2015  6 23 23  5     5.41     7.23     3.10    -531.7     48.70     64.97     1.228     288259    0    0    0    0    0
2015  6 23 23  6     5.17     7.84     2.05    -536.4     46.23     63.94     1.205     250756    0    0    0    0    0
2015  6 23 23  7     4.55     8.30     1.31    -536.5     49.40     65.22     1.228     229101    0    0    0    0    0
2015  6 23 23  8     4.45     8.40     1.03    -535.4     52.27     66.76     1.293     221424    0    0    0    0    0
2015  6 23 23  9     4.46     8.38     0.79    -535.3     54.99     63.29     1.316     213156    0    0    0    0    0
2015  6 23 23 10     4.59     8.03     0.52    -534.9     59.95     61.61     1.298     191292    0    0    0    0    1
2015  6 23 23 11     4.77     7.58     1.27    -532.9     63.91     59.64     1.272     191292    0    0    0    0    1
2015  6 23 23 12     4.79     7.60     1.21    -529.3     66.34     57.54     1.269     215467    0    0    0    0    1
2015  6 23 23 13     4.99     7.66     1.80    -527.5     69.00     54.75     1.227     231323    0    0    0    0    1
2015  6 23 23 14     4.83     7.98     1.70    -527.2     71.64     51.69     1.197     235694    0    0    0    1    1
2015  6 23 23 15     4.41     8.40     0.78    -532.9     75.67     51.18     1.177     235700    0    0    0    1    1
2015  6 23 23 16     3.96     8.76     0.26    -536.4     72.62     53.20     1.166     246126    0    0    0    1    1
2015  6 23 23 17     3.84     8.81    -0.06    -536.3     73.52     53.80     1.164     248518    0    0    0    1    1
2015  6 23 23 18     3.71     8.86    -0.18    -536.6     77.14     53.28     1.155     246557    0    0    0    1    1
2015  6 23 23 19     3.71     8.79     0.05    -536.0     83.51     50.62     1.141     236322    0    0    0    1    2
2015  6 23 23 20     3.80     8.57     0.24    -536.1     91.12     48.48     1.106     219563    0    0    0    1    1
2015  6 23 23 21     3.67     8.39     0.13    -536.7     99.18     44.71     1.081     200908    0    0    0    0    1
2015  6 23 23 22     3.54     8.36     0.03    -541.0    109.28     46.37     1.107     190636    0    0    0    0    0
2015  6 23 23 23     3.68     8.42     0.08    -544.3    104.42     50.56     1.143     189437    0    0    0    0    0
2015  6 23 23 24     4.00     8.40     0.50    -543.6     98.59     51.62     1.128     168827    0    0    0    0    0
2015  6 23 23 25     4.18     8.39     0.72    -543.3     95.84     52.31     1.136     156174    0    0    0    0    0
2015  6 23 23 26     4.11     8.44     0.76    -544.3     91.28     51.09     1.135     152054    0    0    0    0    0
2015  6 23 23 27     3.91     8.52     0.73    -546.9     84.14     51.10     1.114     130670    0    0    0    0    0
2015  6 23 23 28     3.69     8.59     0.73    -548.0     76.15     54.98     1.105     126906    0    0    0    0    0
2015  6 23 23 29     3.43     8.64     0.74    -548.0     67.93     59.72     1.127     145356    0    0    0    0    0
2015  6 23 23 30     3.74     8.11     1.83    -548.7     59.06     61.61     1.136     147368    0    0    0    0    0
2015  6 23 23 31     3.83     7.99     2.39    -549.7     50.01     61.80     1.191     143328    0    1    1    1    1
2015  6 23 23 32     3.90     7.73     2.67    -551.2     41.03     61.22     1.255     136691    0    1    1    1    1
2015  6 23 23 33     3.92     7.61     2.90    -554.8     31.19     63.23     1.370     130382    1    1    1    2    2
2015  6 23 23 34     4.25     6.66     4.40    -560.0     20.55     71.01     1.504     118510    1    1    1    1    1
2015  6 23 23 35     4.35     6.38     4.97    -562.2     10.26     74.89     1.609     107723    0    1    1    1    1
2015  6 23 23 36     4.23     6.60     4.69    -561.6      6.32     73.96     1.623     100842    0    0    0    0    0
2015  6 23 23 37     4.12     6.60     4.73    -561.4      5.64     72.03     1.629      95788    0    0    0    0    0
2015  6 23 23 38     4.08     6.44     4.87    -561.6      6.18     70.78     1.713      91043    0    0    0    0    0
2015  6 23 23 39     4.01     6.36     4.85    -561.7      4.32     68.05     1.898      85591    0    0    0    0    0
2015  6 23 23 40     4.07     6.34     4.64    -560.6      2.45     65.69     1.982      80176    0    0    0    0    0
2015  6 23 23 41     4.04     6.30     4.60    -560.0      9.36     60.51     1.967      74692    0    0    0    0    0
2015  6 23 23 42     3.85     6.70     3.27    -560.0     13.89     56.99     1.945      69279    0    0    0    0    0
2015  6 23 23 43     3.56     7.04     2.22    -560.5     15.29     57.59     1.939      64028    0    1    1    1    1
2015  6 23 23 44     3.35     7.16     1.93    -560.4     15.83     56.47     1.961      59277    0    1    1    1    1
2015  6 23 23 45     3.22     7.63     0.91    -560.1     26.24     53.86     1.987      54664    0    1    1    1    1
2015  6 23 23 46     2.97     8.04     0.14    -560.5     34.44     51.22     1.984      49837    0    1    1    1    1
2015  6 23 23 47     2.66     8.28    -0.39    -561.5     35.77     45.74     1.955      45060    0    0    0    1    0
2015  6 23 23 48     2.16     8.40    -0.74    -565.2     37.12     42.11     1.937      36931    0    0    0    1    0
2015  6 23 23 49     1.87     8.40    -0.78    -566.2     38.43     40.35     1.923      32514    0    0    0    1    1
2015  6 23 23 50     1.60     8.33    -1.13    -568.1     41.34     35.52     1.969      28383    0    1    1    1    1
2015  6 23 23 51     0.81     7.84    -2.02    -570.2     45.12     29.97     1.993      24639    0    1    1    1    1
2015  6 23 23 52     0.33     7.52    -3.07    -572.0     48.21     21.13     1.815      21955    0    1    1    1    0
2015  6 23 23 53     0.13     7.50    -3.25    -572.7     51.62     10.28     1.770      21042    0    1    1    1    0
2015  6 23 23 54     0.03     7.38    -3.47    -573.7     55.42      5.74     1.772      20160    0    1    1    1    1
2015  6 23 23 55    -0.30     7.17    -3.95    -575.6     59.28     -0.18     1.784      19139    0    1    1    1    1
2015  6 23 23 56    -1.03     6.59    -4.46    -579.5     65.61     -6.08     1.857      17906    0    0    0    0    0
2015  6 23 23 57    -1.53     5.89    -4.81    -581.3     68.66     -7.93     1.908      17055    0    0    0    0    0
2015  6 23 23 58    -1.85     5.58    -5.13    -580.0     72.73    -10.57     1.929      16484    0    0    0    0    0
2015  6 23 23 59    -2.36     5.07    -5.53    -577.8     77.01    -12.04     1.946      15948    0    0    0    0    0
2015  6 24  0  0    -2.81     4.69    -5.84    -576.1     80.75    -14.02     1.915      15282    0    0    0    0    0
2015  6 24  0  1    -2.95     4.56    -5.95    -574.3     82.38    -15.72     1.886      14592    0    0    0    0    1
2015  6 24  0  2    -2.91     4.49    -6.04    -572.3     81.70    -18.95     1.885      13707    0    0    0    0    1
2015  6 24  0  3    -2.91     3.99    -6.32    -574.6     75.19    -25.42     1.886      12874    0    0    0    0    1
2015  6 24  0  4    -3.69     2.79    -6.53    -584.4     66.41    -27.71     1.797      15241    0    0    0    1    1
2015  6 24  0  5    -4.06     1.81    -6.48    -592.0     56.30    -30.12     1.679      16709    0    0    0    1    1
2015  6 24  0  6    -4.33     0.97    -6.38    -594.0     43.90    -31.45     1.693      16463    0    0    0    1    1
2015  6 24  0  7    -4.51     0.26    -6.27    -594.3     33.23    -28.97     1.708      15861    0    0    0    0    1
2015  6 24  0  8    -4.52    -0.11    -6.13    -593.2     28.28    -27.37     1.720      15392    0    0    0    0    1
2015  6 24  0  9    -4.55    -0.33    -6.04    -591.8     28.91    -27.43     1.729      14479    0    0    0    0    1
2015  6 24  0 10    -4.66    -0.87    -5.93    -590.6     28.04    -26.44     1.701      13379    0    0    0    0    0
2015  6 24  0 11    -4.87    -1.66    -5.72    -592.0     23.66    -23.07     1.649      15454    0    0    0    0    0
2015  6 24  0 12    -5.02    -2.02    -5.54    -595.5     17.04    -18.28     1.730      18762    0    0    0    0    0
2015  6 24  0 13    -5.09    -2.39    -5.49    -597.0     13.01    -16.19     1.827      19309    0    0    0    0    0
2015  6 24  0 14    -5.14    -2.54    -5.48    -597.8     12.97    -15.29     1.826      20432    0    0    0    0    0
2015  6 24  0 15    -5.16    -3.02    -5.34    -598.0     11.86    -13.42     1.818      24808    0    0    0    0    0
2015  6 24  0 16    -5.20    -3.43    -5.13    -597.1      9.33     -9.36     1.828      28000    0    0    0    0    0
2015  6 24  0 17    -5.25    -3.64    -4.93    -595.8      6.17     -3.99     1.865      28777    0    0    0    1    1
2015  6 24  0 18    -5.24    -3.76    -4.82    -594.1      4.41     -1.41     1.901      28315    0    0    0    1    1
2015  6 24  0 19    -5.13    -3.91    -4.76    -592.4      3.90     -1.26     1.929      27892    0    0    0    1    1
2015  6 24  0 20    -5.02    -4.05    -4.69    -591.6      3.89     -1.21     1.898      28119    0    0    0    1    1
2015  6 24  0 21    -4.98    -4.05    -4.56    -591.2      5.38     -1.22     1.800      28458    0    0    0    1    1
2015  6 24  0 22    -4.94    -4.14    -4.26    -589.5      8.14     -1.42     1.735      28341    0    0    0    1    1
2015  6 24  0 23    -4.91    -4.48    -3.95    -587.4     10.27     -0.77     1.690      28044    0    0    0    0    0
2015  6 24  0 24    -4.78    -4.63    -3.80    -586.0     11.51      1.22     1.689      28167    0    0    0    0    0
2015  6 24  0 25    -4.64    -4.86    -3.53    -584.5     12.33      3.31     1.677      29354    0    0    0    0    0
2015  6 24  0 26    -4.57    -5.08    -3.21    -582.7     13.55      4.42     1.661      34414    0    0    0    0    0
2015  6 24  0 27    -4.55    -5.19    -3.16    -581.4     13.08      6.43     1.674      35393    0    0    0    0    0
2015  6 24  0 28    -4.51    -5.22    -3.00    -581.3     12.73      8.14     1.623      35942    0    0    0    0    0
2015  6 24  0 29    -4.35    -5.38    -2.65    -580.9     14.50      8.68     1.558      38760    0    1    1    1    1
2015  6 24  0 30    -4.19    -5.74    -1.80    -579.6     17.00     10.29     1.499      39832    0    1    1    1    1
2015  6 24  0 31    -3.44    -6.75     1.15    -583.5     16.69      1.80     1.424      39493    1    1    1    2    2
2015  6 24  0 32    -3.38    -6.80     1.29    -584.7     19.49     -1.62     1.364      38833    0    0    0    0    1
2015  6 24  0 33    -3.49    -6.76     1.10    -584.3     19.04     -0.39     1.304      37680    0    0    0    0    0
2015  6 24  0 34    -3.92    -6.61    -0.01    -583.5     18.51     -0.40     1.235      35567    0    0    0    0    0
2015  6 24  0 35    -4.09    -6.57    -0.44    -583.4     18.49     -0.42     1.164      33352    0    0    0    0    0
2015  6 24  0 36    -4.10    -6.50    -0.44    -582.6     18.82      1.38     1.157      31414    0    0    0    0    0
2015  6 24  0 37    -4.11    -6.48    -0.94    -581.5     18.85      5.66     1.206      30266    0    0    0    0    0
2015  6 24  0 38    -4.11    -5.63    -2.49    -580.2     17.04     10.16     1.258      30204    0    0    0    0    0
2015  6 24  0 39    -4.11    -5.28    -3.38    -579.9     14.26     16.98     1.312      32039    0    0    0    0    0
2015  6 24  0 40    -3.85    -5.60    -2.90    -577.8     20.11     19.95     1.356      36439    0    0    0    1    1
2015  6 24  0 41    -3.57    -5.86    -2.42    -578.1     24.60     18.95     1.404      39293    0    0    0    1    1
2015  6 24  0 42    -3.34    -5.90    -1.91    -579.1     27.71     11.44     1.460      39727    0    0    0    1    1
2015  6 24  0 43    -3.42    -5.55    -2.40    -579.3     26.88      9.58     1.512      39727    0    0    0    1    1
2015  6 24  0 44    -3.96    -4.60    -3.47    -579.8     19.77     14.15     1.561      39849    0    0    0    1    1
2015  6 24  0 45    -4.33    -4.51    -3.46    -579.6     19.01     13.64     1.559      39967    0    0    0    1    1
2015  6 24  0 46    -4.41    -4.86    -2.93    -579.3     23.30     12.80     1.531      40985    0    0    0    1    1
2015  6 24  0 47    -4.34    -5.15    -2.65    -579.4     27.94     13.03     1.517      41315    0    0    0    1    1
2015  6 24  0 48    -4.28    -5.51    -2.06    -579.3     29.75     12.33     1.541      41234    0    0    0    1    1
2015  6 24  0 49    -4.27    -5.66    -1.67    -577.5     29.76      8.15     1.546      39278    0    0    0    1    1
2015  6 24  0 50    -4.29    -5.66    -1.31    -575.3     28.17      7.04     1.557      38130    0    0    0    1    1
2015  6 24  0 51    -4.34    -5.59    -1.07    -573.4     24.87     10.25     1.565      37927    0    0    0    1    1
2015  6 24  0 52    -4.39    -5.50    -1.10    -572.2     22.14     15.43     1.549      36972    0    0    0    1    1
2015  6 24  0 53    -4.43    -5.51    -1.31    -572.1     23.25     18.20     1.517      34593    0    0    0    1    1
2015  6 24  0 54    -4.40    -5.68    -1.46    -571.9     25.69     16.04     1.494      32735    0    0    0    1    1
2015  6 24  0 55    -4.21    -5.85    -1.34    -571.9     26.84     14.09     1.481      32353    0    0    0    1    1
2015  6 24  0 56    -4.03    -6.09    -1.16    -573.1     28.08     12.74     1.471      32013    0    0    0    1    1
2015  6 24  0 57    -3.99    -6.17    -1.07    -573.3     29.23      9.87     1.460      31300    0    0    0    1    1
2015  6 24  0 58    -4.11    -6.10    -0.99    -571.2     30.45      7.15     1.454      30394    0    0    0    1    1
2015  6 24  0 59    -4.25    -5.99    -0.74    -568.7     31.36      5.60     1.444      29511    0    0    0    1    1
2015  6 24  1  0    -4.18    -5.99    -0.68    -565.9     32.08      3.12     1.418      28598    0    0    0    1    1
2015  6 24  1  1    -4.20    -6.04    -0.15    -566.9     32.43     -0.25     1.398      27991    0    0    0    1    1
2015  6 24  1  2    -4.17    -6.08     0.12    -567.5     33.04     -5.17     1.382      28062    0    0    0    1    1
2015  6 24  1  3    -4.12    -6.16     0.49    -567.4     31.64     -7.92     1.374      28823    0    0    0    1    1
2015  6 24  1  4    -4.00    -6.10     0.82    -566.0     30.75     -6.84     1.367      30002    0    0    0    1    1
2015  6 24  1  5    -4.00    -6.09     0.82    -559.6     29.26     -1.68     1.340      30087    0    0    0    1    1
2015  6 24  1  6    -4.12    -6.02     0.82    -555.6     28.31      3.42     1.322      30737    0    0    0    1    1
2015  6 24  1  7    -4.41    -5.87     0.68    -555.5     28.04      4.61     1.322      31595    0    0    0    1    1
2015  6 24  1  8    -4.63    -5.76     0.18    -556.2     26.27      0.54     1.332      31237    0    0    0    1    1
2015  6 24  1  9    -4.66    -5.70    -0.06    -556.5     23.74     -5.41     1.338      30683    0    0    0    1    1
2015  6 24  1 10    -4.50    -5.81     0.41    -557.9     26.72    -18.09     1.386      29553    0    0    0    1    1
2015  6 24  1 11    -4.31    -5.94     0.92    -560.1     29.86    -26.47     1.416      28574    0    0    0    1    1
2015  6 24  1 12    -4.18    -6.03     0.99    -564.3     31.80    -29.75     1.392      28498    0    0    0    1    1
2015  6 24  1 13    -3.47    -6.35     1.41    -575.6     37.21    -28.63     1.321      30187    0    0    0    1    1
2015  6 24  1 14    -3.17    -6.49     1.50    -576.6     37.44    -26.94     1.273      30215    0    0    0    1    1
2015  6 24  1 15    -3.05    -6.49     1.52    -577.9     37.47    -23.94     1.235      29956    0    0    0    1    1
2015  6 24  1 16    -2.98    -6.46     0.94    -580.4     37.79    -19.49     1.296      29039    0    0    0    1    1
2015  6 24  1 17    -2.90    -6.34     0.67    -580.2     38.04    -17.06     1.358      28083    0    0    0    1    1
2015  6 24  1 18    -3.18    -6.22     0.81    -580.0     37.55    -20.56     1.362      26813    0    0    0    1    1
2015  6 24  1 19    -3.45    -6.10     1.46    -580.3     37.92    -28.19     1.354      26517    0    0    0    1    1
2015  6 24  1 20    -3.86    -5.83     1.66    -581.1     38.29    -29.71     1.374      27130    0    0    0    1    1
2015  6 24  1 21    -3.90    -5.91     1.37    -582.3     38.43    -29.26     1.379      27245    0    0    0    1    1
2015  6 24  1 22    -3.80    -6.07     0.97    -583.2     38.82    -27.84     1.346      27245    0    0    0    0    0
2015  6 24  1 23    -3.42    -6.31     0.55    -582.7     41.05    -25.67     1.351      30539    0    0    0    0    0
2015  6 24  1 24    -3.52    -6.23    -0.05    -584.3     44.39    -23.24     1.373      38125    0    0    0    0    0
2015  6 24  1 25    -3.58    -6.19    -0.71    -583.9     44.44    -24.70     1.378      38125    0    0    0    0    0
2015  6 24  1 26    -3.66    -6.12    -0.78    -584.0     43.92    -30.17     1.358      35560    0    1    1    1    1
2015  6 24  1 27    -3.71    -6.06    -0.33    -584.0     42.71    -36.50     1.388      30605    0    1    1    1    1
2015  6 24  1 28    -3.74    -6.02    -0.05    -583.9     42.32    -40.86     1.437      30605    0    1    1    1    1
2015  6 24  1 29    -3.82    -5.77    -0.07    -583.9     43.05    -41.18     1.388      37265    0    0    0    0    0
2015  6 24  1 30    -3.84    -5.64    -0.52    -583.8     44.26    -36.16     1.326      38283    0    0    0    0    0
2015  6 24  1 31    -3.71    -5.81    -0.20    -583.9     44.27    -37.54     1.316      39820    0    0    0    0    0
2015  6 24  1 32    -3.66    -5.92     0.37    -582.2     42.97    -37.74     1.333      40044    0    0    0    0    0
2015  6 24  1 33    -3.66    -5.97     0.82    -582.5     43.77    -38.28     1.344      43458    0    0    0    0    0
2015  6 24  1 34    -3.98    -5.67     0.34    -582.1     42.34    -33.53     1.374      44027    0    0    0    0    0
2015  6 24  1 35    -3.94    -5.61    -0.25    -583.8     43.52    -33.52     1.397      44888    0    0    0    0    0
2015  6 24  1 36    -3.63    -5.56    -0.42    -585.3     44.18    -32.82     1.370      45939    0    0    0    0    0
2015  6 24  1 37    -3.57    -5.57    -0.72    -585.0     43.24    -29.67     1.312      47506    0    0    0    0    0
2015  6 24  1 38    -3.72    -5.52    -0.91    -583.8     39.24    -27.59     1.335      47506    0    0    0    0    0
2015  6 24  1 39    -3.94    -4.99    -1.72    -583.3     38.50    -21.71     1.352      48481    0    0    0    0    0
2015  6 24  1 40    -3.83    -4.94    -2.70    -590.8     39.31     -8.85     1.374      51287    0    0    0    0    0
2015  6 24  1 41    -3.60    -5.04    -2.80    -590.9     38.97     -4.15     1.399      53073    0    0    0    0    0
2015  6 24  1 42    -3.56    -5.01    -2.99    -589.9     37.62     -3.10     1.415      58192    0    0    0    0    0
2015  6 24  1 43    -3.58    -4.87    -3.22    -589.3     36.51     -4.67     1.419      64357    0    0    0    0    0
2015  6 24  1 44    -3.65    -4.61    -3.44    -589.7     35.42     -2.33     1.432      64357    0    0    0    0    0
2015  6 24  1 45    -3.67    -4.42    -3.70    -590.8     32.61      4.12     1.439      66354    0    0    0    0    0
2015  6 24  1 46    -3.58    -4.23    -3.85    -592.2     27.18      8.18     1.445      69964    0    0    0    0    0
2015  6 24  1 47    -3.53    -4.10    -3.84    -590.9     24.17      8.54     1.427      70011    0    0    0    0    0
2015  6 24  1 48    -3.65    -3.99    -3.66    -588.1     24.44      3.93     1.377      68097    0    0    0    0    0
2015  6 24  1 49    -3.87    -3.99    -3.38    -584.5     27.76     -3.53     1.310      61159    0    0    0    0    0
2015  6 24  1 50    -3.95    -4.23    -2.90    -583.0     29.46     -4.48     1.280      61159    0    0    0    0    0
2015  6 24  1 51    -3.96    -4.25    -2.94    -587.5     33.78     -6.29     1.218      62507    0    0    0    0    0
2015  6 24  1 52    -3.81    -4.32    -3.04    -588.2     34.83     -9.86     1.217      66418    0    0    0    0    0
2015  6 24  1 53    -3.78    -4.31    -2.83    -586.6     34.80    -11.73     1.246      66455    0    0    0    0    0
2015  6 24  1 54    -3.93    -4.32    -2.74    -583.9     35.66    -12.58     1.290      66673    0    0    0    0    0
2015  6 24  1 55    -4.25    -4.29    -2.65    -584.4     34.25    -13.46     1.320      72097    0    0    0    0    0
2015  6 24  1 56    -4.45    -4.08    -2.75    -584.5     34.02    -13.14     1.320      72351    0    0    0    0    0
2015  6 24  1 57    -4.67    -3.95    -2.80    -582.9     31.23    -11.35     1.315      74938    0    0    0    0    0
2015  6 24  1 58    -4.60    -3.93    -2.67    -578.8     23.30     -9.37     1.320      75111    0    0    0    0    0
2015  6 24  1 59    -4.43    -4.02    -2.39    -577.6     20.19     -8.43     1.315      74779    0    0    0    0    0
2015  6 24  2  0    -4.39    -4.07    -2.32    -578.9     22.43    -11.38     1.297      72245    0    0    0    0    0
2015  6 24  2  1    -4.46    -3.93    -2.46    -582.2     26.64    -13.91     1.241      66565    0    0    0    0    0
2015  6 24  2  2    -4.55    -3.63    -3.00    -582.1     24.98    -11.88     1.168      60821    0    0    0    0    0
2015  6 24  2  3    -4.56    -3.38    -3.81    -581.6     24.66     -7.40     1.119      59443    0    0    0    0    0
2015  6 24  2  4    -4.53    -3.35    -4.05    -582.0     27.19     -6.71     1.079      59323    0    0    0    0    0
2015  6 24  2  5    -4.50    -3.36    -4.06    -584.2     32.91     -7.63     1.159      66985    0    1    1    1    1
2015  6 24  2  6    -4.62    -3.62    -3.00    -584.7     33.98     -4.51     1.218      73876    0    1    1    1    1
2015  6 24  2  7    -4.64    -3.74    -2.45    -583.6     36.42     -2.03     1.275      79323    0    1    1    1    1
2015  6 24  2  8    -4.60    -4.01    -1.92    -583.2     36.50      1.08     1.345      84489    0    1    0    1    1
2015  6 24  2  9    -4.29    -4.03    -1.26    -581.9     36.57      4.65     1.372      87581    0    0    0    0    0
2015  6 24  2 10    -4.27    -3.95    -1.14    -579.0     35.67      4.40     1.366      87929    0    0    0    0    0
2015  6 24  2 11    -4.59    -3.68    -1.33    -576.1     33.97      1.78     1.330      87929    0    0    0    0    0
2015  6 24  2 12    -4.90    -3.42    -1.60    -573.7     32.98      0.05     1.284      86897    0    0    0    0    0
2015  6 24  2 13    -5.00    -3.34    -1.79    -572.6     33.26     -0.35     1.254      82157    0    0    0    0    0
2015  6 24  2 14    -5.01    -3.51    -1.78    -572.7     32.40     -8.51     1.244      76581    0    0    0    0    0
2015  6 24  2 15    -4.90    -3.85    -1.37    -574.0     31.92    -22.19     1.228      78171    0    0    0    0    0
2015  6 24  2 16    -4.67    -4.16    -0.74    -576.5     36.93    -27.71     1.201      80027    0    0    0    1    1
2015  6 24  2 17    -4.54    -4.21    -0.66    -577.6     38.11    -30.01     1.210      80027    0    0    0    1    1
2015  6 24  2 18    -4.51    -4.03    -1.37    -583.7     36.56    -20.79     1.269      80980    0    0    0    1    1
2015  6 24  2 19    -4.38    -4.01    -2.06    -584.1     32.05    -13.51     1.297      81133    0    0    0    0    0
2015  6 24  2 20    -4.44    -4.18    -1.96    -585.7     19.91     -7.75     1.316      88206    0    0    0    0    0
2015  6 24  2 21    -4.56    -4.08    -1.96    -584.1     16.99     -8.48     1.279      88056    0    0    0    0    0
2015  6 24  2 22    -4.72    -3.80    -2.05    -581.0     20.19    -13.07     1.233      79065    0    0    0    0    0
2015  6 24  2 23    -4.69    -3.69    -2.52    -580.3     23.59    -13.39     1.212      76330    0    0    0    0    0
2015  6 24  2 24    -3.51    -3.37    -4.24    -595.8     23.71      1.51     1.283      88367    0    0    0    0    0
2015  6 24  2 25    -2.85    -3.33    -4.83    -595.7     25.74      3.57     1.317      96093    0    0    0    0    0
2015  6 24  2 26    -2.86    -3.34    -4.76    -594.2     26.99      0.99     1.300      93717    0    0    0    0    0
2015  6 24  2 27    -3.31    -3.28    -4.45    -593.9     27.21     -0.27     1.275      91563    0    0    0    0    0
2015  6 24  2 28    -3.73    -3.06    -4.35    -593.6     25.81      0.67     1.291      91563    0    0    0    0    0
2015  6 24  2 29    -3.60    -2.82    -4.66    -595.5     21.47      5.54     1.353      89126    0    0    0    0    0
2015  6 24  2 30    -3.70    -2.85    -4.56    -598.1     21.88     10.47     1.387      87502    0    0    0    0    0
2015  6 24  2 31    -3.58    -3.17    -4.42    -600.8     26.14      8.95     1.399      89112    0    0    0    0    0
2015  6 24  2 32    -3.42    -3.43    -4.56    -601.6     30.72      6.91     1.421      89362    0    0    0    0    0
2015  6 24  2 33    -3.00    -3.60    -4.65    -600.9     32.23      6.39     1.434      88794    0    0    0    0    0
2015  6 24  2 34    -3.03    -3.71    -4.49    -597.0     32.39      5.53     1.420      87623    0    0    0    0    0
2015  6 24  2 35    -3.28    -3.89    -4.20    -593.8     35.25     -2.55     1.351      84905    0    0    0    0    0
2015  6 24  2 36    -3.54    -4.21    -3.63    -591.6     38.74    -12.16     1.284      82836    0    0    0    0    0
2015  6 24  2 37    -3.71    -4.50    -3.00    -589.4     39.61    -15.45     1.277      85691    0    0    0    0    0
2015  6 24  2 38    -3.94    -4.40    -2.85    -587.5     38.18    -13.70     1.296      94324    0    0    0    0    0
2015  6 24  2 39    -4.11    -4.08    -2.98    -586.5     35.40     -8.81     1.292     100362    0    0    0    0    0
2015  6 24  2 40    -4.13    -3.94    -3.16    -585.3     34.41     -7.14     1.270      99497    0    0    0    0    0
2015  6 24  2 41    -4.02    -3.89    -3.17    -584.5     40.40    -17.16     1.175      86749    0    0    0    0    0
2015  6 24  2 42    -3.98    -4.09    -2.49    -587.2     36.10     -8.99     1.178      87700    0    0    0    0    0
2015  6 24  2 43    -3.86    -4.60    -1.72    -589.0     39.70    -13.12     1.188      92352    0    0    0    0    0
2015  6 24  2 44    -3.86    -4.59    -1.95    -589.1     40.96    -12.68     1.179      93750    0    0    0    0    0
2015  6 24  2 45    -3.77    -4.36    -2.97    -589.7     36.08    -12.98     1.192      99533    0    0    0    0    0
2015  6 24  2 46    -3.69    -4.07    -3.56    -590.6     31.66     -8.70     1.260     104298    0    0    0    0    0
2015  6 24  2 47    -3.75    -4.14    -3.27    -591.8     33.15     -2.07     1.329     104029    0    0    0    0    0
2015  6 24  2 48    -3.70    -4.46    -2.81    -592.4     38.38     -8.50     1.340      99064    0    0    0    0    0
2015  6 24  2 49    -3.67    -4.85    -2.25    -591.4     47.70    -24.11     1.295      86947    0    0    0    0    0
2015  6 24  2 50    -3.73    -4.98    -1.89    -590.1     53.09    -35.93     1.212      75077    0    0    0    0    0
2015  6 24  2 51    -3.78    -4.68    -2.28    -589.6     52.59    -37.30     1.139      70663    0    0    0    0    0
2015  6 24  2 52    -3.78    -4.51    -2.48    -589.7     49.25    -36.42     1.136      72106    0    0    0    0    0
2015  6 24  2 53    -3.86    -4.68    -1.84    -589.0     49.90    -40.03     1.154      75391    0    0    0    0    0
2015  6 24  2 54    -4.03    -4.81    -1.11    -586.3     50.33    -47.86     1.131      74060    0    0    0    0    0
2015  6 24  2 55    -3.99    -4.90    -0.64    -586.6     49.28    -48.67     1.073      64167    0    0    0    0    0
2015  6 24  2 56    -4.09    -4.78    -0.81    -589.1     40.57    -43.54     0.994      64945    0    0    0    0    0
2015  6 24  2 57    -0.31    -0.33    -2.06    -676.0     32.28    -36.00     1.399     104923    0    0    0    0    0
2015  6 24  2 58    -0.44    -0.18    -2.12    -670.9     29.30    -36.23     1.360     105108    0    0    0    0    0
2015  6 24  2 59    -1.21    -0.08    -3.37    -665.6     26.46    -30.35     1.375     116213    0    0    0    0    0
2015  6 24  3  0    -1.28     0.30    -4.35    -664.3     23.87    -12.86     1.407     118990    0    0    0    0    0
2015  6 24  3  1    -0.38    -0.65    -4.59    -684.5      8.00      5.61     1.294     112147    0    0    0    0    1
2015  6 24  3  2    -0.40    -0.45    -4.65    -675.3      2.72      7.54     1.265     110361    0    0    0    0    1
2015  6 24  3  3    -0.42    -0.29    -4.75    -658.6      0.77      7.63     1.276     110361    0    0    0    0    1
2015  6 24  3  4    -0.48    -0.09    -4.84    -643.0     -1.36      7.59     1.294     110189    0    0    0    0    1
2015  6 24  3  5    -0.54     0.11    -4.94    -627.4     -3.48      7.55     1.311     110016    0    0    0    0    1
2015  6 24  3  6    -0.97     0.64    -5.02    -623.3     -7.28      6.27     1.393     108135    0    0    0    0    1
2015  6 24  3  7    -0.27     0.67    -4.69    -612.1    -10.50     -1.62     1.340      99303    0    0    0    0    0
2015  6 24  3  8     0.48     0.66    -4.33    -600.5    -13.70     -9.86     1.279      90105    0    0    0    0    0
2015  6 24  3  9     0.59     0.37    -4.06    -593.1     -8.96     -7.23     1.247      86886    0    0    0    0    0
2015  6 24  3 10    -0.30    -0.25    -4.27    -607.0     -4.89     10.37     1.261      85613    0    0    0    1    1
2015  6 24  3 11    -1.26    -0.29    -5.01    -615.4     -8.49     21.58     1.279      84482    0    0    0    1    1
2015  6 24  3 12    -1.77    -0.14    -5.42    -611.4     -8.26     23.52     1.274      83380    0    0    0    1    1
2015  6 24  3 13    -2.28    -0.14    -5.48    -607.9     -5.74     22.96     1.259      81316    0    0    0    1    1
2015  6 24  3 14    -2.85    -0.26    -5.31    -602.1     -5.73     21.22     1.232      79375    0    0    0    1    1
2015  6 24  3 15    -3.40    -1.02    -4.77    -595.0     -2.96     18.75     1.215      78460    0    0    0    1    1
2015  6 24  3 16    -3.82    -1.71    -4.33    -588.5      0.76     16.46     1.204      77429    0    0    0    1    1
2015  6 24  3 17    -3.94    -2.05    -4.18    -583.9      5.86     14.71     1.201      75903    0    0    0    0    0
2015  6 24  3 18    -3.88    -1.76    -4.41    -581.9     12.00     13.59     1.205      75903    0    0    0    0    0
2015  6 24  3 19    -3.72    -1.07    -4.67    -582.9      8.20     14.62     1.198      75903    0    0    0    0    0
2015  6 24  3 20    -3.63    -1.10    -4.74    -585.7      7.00     12.64     1.217      75977    0    0    0    0    0
2015  6 24  3 21    -3.70    -1.82    -4.45    -585.1     11.35      9.49     1.235      75807    0    0    0    0    0
2015  6 24  3 22    -3.59    -2.11    -4.51    -583.2     20.21      9.61     1.251      73265    0    0    0    0    0
2015  6 24  3 23    -3.45    -1.92    -4.70    -582.4     22.07      8.26     1.249      73138    0    0    0    1    1
2015  6 24  3 24    -3.41    -1.90    -4.72    -582.2     23.03      5.05     1.252      82015    0    0    0    1    1
2015  6 24  3 25    -3.57    -2.43    -4.27    -582.3     28.52      1.99     1.232      86488    0    0    0    1    1
2015  6 24  3 26    -3.83    -2.63    -3.86    -581.8     28.86      1.13     1.203      88187    0    0    0    1    1
2015  6 24  3 27    -4.04    -2.87    -3.62    -578.9     31.60     -4.31     1.175      88361    0    0    0    1    1
2015  6 24  3 28    -4.22    -3.15    -3.35    -577.0     36.51     -9.25     1.152      87469    0    0    0    1    1
2015  6 24  3 29    -4.33    -3.35    -3.15    -575.5     41.09    -12.24     1.152      84406    0    0    0    0    0
2015  6 24  3 30    -4.30    -3.51    -2.98    -574.7     42.41    -12.76     1.173      81959    0    0    0    0    0
2015  6 24  3 31    -4.22    -3.60    -2.87    -574.5     40.89    -14.82     1.191      81620    0    0    0    0    0
2015  6 24  3 32    -4.29    -3.60    -2.76    -573.1     39.86    -18.37     1.181      81386    0    0    0    0    0
2015  6 24  3 33    -4.43    -3.54    -2.52    -571.0     38.81    -19.73     1.150      80576    0    0    0    0    0
2015  6 24  3 34    -4.56    -3.42    -2.25    -569.1     35.19    -19.41     1.115      79064    0    0    0    0    0
2015  6 24  3 35    -4.80    -3.33    -2.12    -567.1     30.19    -16.09     1.093      77215    0    0    0    0    0
2015  6 24  3 36    -4.88    -3.01    -1.92    -567.0     30.67    -19.15     1.089      74982    0    1    1    1    1
2015  6 24  3 37    -5.16    -3.34    -1.84    -567.4     36.57    -20.93     1.091      72461    0    1    1    1    1
2015  6 24  3 38    -5.05    -3.25    -1.59    -568.4     37.23    -21.24     1.117      72006    0    1    1    1    1
2015  6 24  3 39    -4.88    -3.43    -1.81    -568.7     38.75    -20.39     1.115      72427    0    1    1    1    1
2015  6 24  3 40    -4.88    -3.43    -1.93    -569.0     39.51    -19.57     1.110      74529    1    1    1    1    1
2015  6 24  3 41    -4.66    -3.56    -2.14    -571.6     43.02    -20.46     1.099      74473    1    1    1    1    1
2015  6 24  3 42    -4.34    -3.76    -2.37    -573.8     46.18    -21.20     1.101      72351    1    1    1    1    1
2015  6 24  3 43    -4.11    -3.91    -2.64    -574.8     46.51    -21.10     1.136      69803    1    1    1    1    1
2015  6 24  3 44    -4.06    -3.89    -2.82    -573.5     44.50    -21.36     1.160      68920    1    1    1    1    1
2015  6 24  3 45    -4.17    -3.81    -2.78    -569.9     41.48    -22.49     1.150      67626    0    1    1    1    1
2015  6 24  3 46    -4.27    -3.92    -2.45    -566.3     39.88    -24.32     1.120      66519    0    1    1    1    1
2015  6 24  3 47    -4.20    -3.98    -2.45    -567.2     41.78    -25.91     1.096      64632    0    1    1    1    1
2015  6 24  3 48    -3.80    -4.02    -2.59    -572.1     50.44    -31.08     1.084      61304    1    1    1    1    1
2015  6 24  3 49    -3.82    -3.70    -2.59    -570.8     49.78    -32.63     1.074      60325    1    1    1    1    1
2015  6 24  3 50    -3.95    -3.80    -2.01    -569.1     48.65    -32.80     1.068      60935    0    1    1    1    1
2015  6 24  3 51    -4.06    -4.05    -1.48    -569.5     47.48    -31.93     1.073      63952    0    1    1    1    1
2015  6 24  3 52    -4.13    -3.96    -1.63    -570.4     45.21    -29.20     1.084      67547    1    1    1    1    1
2015  6 24  3 53    -4.24    -3.82    -1.76    -569.5     45.23    -26.28     1.082      74182    1    1    1    1    1
2015  6 24  3 54    -4.22    -3.86    -1.79    -568.1     45.25    -27.69     1.083      73849    1    1    1    1    1
2015  6 24  3 55    -4.11    -4.00    -1.62    -567.5     45.52    -30.71     1.091      71602    1    1    1    1    1
2015  6 24  3 56    -4.01    -3.97    -1.51    -567.6     45.52    -32.96     1.096      73025    0    0    0    0    0
2015  6 24  3 57    -4.08    -3.85    -1.19    -571.0     44.17    -36.17     1.132      86404    0    0    0    0    0
2015  6 24  3 58    -4.25    -3.64    -1.55    -573.3     41.36    -32.56     1.154      83928    0    0    0    0    0
2015  6 24  3 59    -4.42    -3.46    -1.77    -570.0     38.14    -32.50     1.153      79268    0    0    0    0    0
2015  6 24  4  0    -4.48    -3.27    -1.85    -564.5     29.72    -28.41     1.120      75468    0    0    0    0    0
2015  6 24  4  1    -4.61    -2.95    -2.09    -561.5     24.56    -25.74     1.091      75024    0    0    0    0    0
2015  6 24  4  2    -4.59    -2.85    -2.16    -561.7     25.13    -26.64     1.092      75024    0    0    0    0    0
2015  6 24  4  3    -4.63    -2.89    -2.01    -561.5     28.10    -28.72     1.085      75646    0    0    0    0    0
2015  6 24  4  4    -4.77    -2.93    -1.79    -559.5     29.47    -33.64     1.070      79113    0    0    0    0    0
2015  6 24  4  5    -4.85    -2.93    -1.48    -559.9     31.18    -36.72     1.117      84819    0    0    0    0    0
2015  6 24  4  6    -4.96    -2.82    -0.22    -561.3     42.87    -36.87     1.186      90158    0    0    0    0    0
2015  6 24  4  7    -5.00    -2.79     0.19    -558.8     41.26    -35.13     1.210      94514    0    0    0    0    0
2015  6 24  4  8    -4.99    -2.71    -0.30    -557.2     37.10    -28.54     1.222      96623    0    1    0    1    1
2015  6 24  4  9    -4.88    -2.69    -1.21    -560.2     33.11    -13.51     1.221      94174    0    1    0    1    1
2015  6 24  4 10    -4.79    -2.74    -1.81    -562.0     31.62    -18.35     1.204      92252    0    1    0    1    1
2015  6 24  4 11    -4.67    -3.25    -1.78    -562.8     34.83    -23.75     1.153      91375    0    1    0    1    1
2015  6 24  4 12    -4.33    -3.91    -1.40    -563.9     33.16    -29.97     1.091      86515    0    1    1    1    1
2015  6 24  4 13    -4.31    -3.93    -1.06    -565.0     32.66    -35.64     1.048      85948    0    1    1    1    1
2015  6 24  4 14    -4.64    -3.43    -0.67    -567.3     32.35    -37.62     1.037      89326    1    1    1    1    1
2015  6 24  4 15    -4.59    -3.25    -1.07    -565.7     32.07    -35.46     1.055      89326    1    1    1    1    1
2015  6 24  4 16    -4.36    -3.24    -2.57    -573.0     32.38    -24.68     1.095      85542    0    1    1    1    1
2015  6 24  4 17    -4.27    -3.34    -2.85    -574.1     34.73    -17.93     1.100      84276    0    1    1    1    1
2015  6 24  4 18    -4.02    -3.33    -2.68    -574.6     34.17    -13.88     1.084      80933    0    0    0    0    0
2015  6 24  4 19    -3.79    -3.28    -2.65    -573.2     30.26    -11.12     1.068      77777    0    0    0    0    0
2015  6 24  4 20    -3.92    -3.19    -2.77    -571.3     28.27    -11.43     1.069      78930    0    0    0    0    0
2015  6 24  4 21    -4.16    -3.18    -2.74    -571.1     31.16    -16.00     1.085      84941    0    0    0    0    0
2015  6 24  4 22    -4.19    -3.49    -2.21    -574.6     35.49    -14.38     1.127      96975    0    0    0    0    0
2015  6 24  4 23    -4.09    -3.73    -1.95    -578.3     41.75     -7.74     1.138     102175    0    0    0    0    0
2015  6 24  4 24    -3.57    -3.90    -1.58    -578.7     36.11     -2.16     1.121     103899    0    1    0    1    1
2015  6 24  4 25    -3.40    -3.90    -1.48    -579.1     31.78      2.38     1.109     108822    0    1    0    1    1
2015  6 24  4 26    -3.50    -3.74    -1.89    -579.6     31.47      2.42     1.094     111753    0    1    0    1    1
2015  6 24  4 27    -3.52    -3.75    -2.03    -580.2     32.53     -2.44     1.084     114089    0    1    0    1    1
2015  6 24  4 28    -3.53    -3.83    -2.08    -580.3     37.29     -3.67     1.091     115927    0    0    0    0    0
2015  6 24  4 29    -3.73    -3.68    -2.78    -579.7     37.49    -17.45     1.109     116807    0    1    1    1    1
2015  6 24  4 30    -3.92    -3.27    -2.46    -578.5     33.33    -27.16     1.099     117438    0    1    1    1    1
2015  6 24  4 31    -3.61    -2.05    -2.51    -577.6     29.12    -26.00     1.112     118062    1    1    1    1    1
2015  6 24  4 32    -3.39    -1.32    -2.78    -576.9     23.30    -19.69     1.155     118281    1    1    1    1    1
2015  6 24  4 33    -2.85    -1.36    -2.94    -582.2     23.68    -15.74     1.227     110171    0    1    1    1    1
2015  6 24  4 34    -2.97    -2.11    -3.17    -586.3     29.48    -15.83     1.196      94745    0    0    0    0    0
2015  6 24  4 35    -2.62    -2.92    -3.10    -589.1     39.15    -19.74     1.199      96808    0    0    0    0    0
2015  6 24  4 36    -2.66    -3.78    -2.80    -588.6     51.22    -25.88     1.241     102267    0    0    0    0    0
2015  6 24  4 37    -2.96    -3.22    -3.12    -587.0     42.96    -12.15     1.221     100514    0    0    0    0    0
2015  6 24  4 38    -3.25    -2.77    -3.55    -583.4     33.72     -2.86     1.189      90953    0    0    0    0    0
2015  6 24  4 39    -3.13    -1.92    -3.81    -586.6     18.34      0.49     1.182      85883    0    0    0    0    0
2015  6 24  4 40    -2.62    -1.96    -3.89    -595.4     15.03      2.30     1.216      88702    0    0    0    0    0
2015  6 24  4 41    -2.63    -2.52    -3.75    -600.3     19.42      0.25     1.270      96114    0    0    0    0    0
2015  6 24  4 42    -2.96    -3.43    -3.17    -600.5     22.30      1.85     1.305     102586    0    1    1    1    1
2015  6 24  4 43    -3.09    -4.08    -2.76    -600.8     29.11      1.99     1.328     105174    0    1    1    1    1
2015  6 24  4 44    -2.26    -3.60    -3.61    -602.5     32.93      1.21     1.367     105427    0    1    1    1    1
2015  6 24  4 45    -2.05    -3.75    -3.70    -601.1     37.41     -3.74     1.330     101557    0    0    0    0    0
2015  6 24  4 46    -1.89    -3.57    -4.08    -601.3     38.71     -1.32     1.312      97914    0    0    0    0    0
2015  6 24  4 47    -2.08    -3.17    -4.32    -599.3     35.65      2.56     1.297      95327    0    0    0    0    0
2015  6 24  4 48    -2.45    -3.03    -4.28    -595.9     33.50      3.55     1.293      94213    0    0    0    0    0
2015  6 24  4 49    -2.68    -3.13    -4.09    -592.5     35.12      2.15     1.284      93886    0    0    0    0    0
2015  6 24  4 50    -2.79    -3.44    -3.76    -589.3     39.59     -1.30     1.262      93135    0    0    0    0    0
2015  6 24  4 51    -2.91    -3.93    -3.16    -587.1     43.78     -7.37     1.229      90717    0    0    0    0    0
2015  6 24  4 52    -2.95    -4.39    -2.14    -587.1     47.41    -20.33     1.170      87980    0    0    0    0    0
2015  6 24  4 53    -3.02    -4.57    -1.53    -585.1     50.01    -36.24     1.191      88507    0    0    0    0    0
2015  6 24  4 54    -3.10    -4.62    -0.93    -582.8     51.99    -47.71     1.244      96422    0    0    0    0    0
2015  6 24  4 55    -3.11    -4.54    -0.19    -582.7     50.39    -51.96     1.254      99416    0    0    0    0    0
2015  6 24  4 56    -3.11    -4.41     0.17    -582.7     48.15    -55.30     1.275      99592    0    0    0    0    0
2015  6 24  4 57    -3.10    -4.46     0.00    -584.3     49.63    -54.31     1.296     100099    0    0    0    0    0
2015  6 24  4 58    -3.24    -4.51    -0.06    -585.1     52.52    -53.22     1.297     102154    0    0    0    1    1
2015  6 24  4 59    -3.30    -4.20    -0.73    -584.9     50.49    -54.51     1.297     102253    0    1    1    1    1
2015  6 24  5  0    -3.57    -3.87    -0.84    -582.4     46.32    -51.79     1.290     102939    0    1    1    1    1
2015  6 24  5  1    -3.73    -3.52    -1.02    -580.4     42.05    -47.29     1.284     103655    0    1    1    2    2
2015  6 24  5  2    -3.82    -3.06    -1.28    -579.0     36.17    -42.34     1.277     104414    0    1    1    2    2
2015  6 24  5  3    -3.89    -2.70    -1.42    -576.3     33.93    -36.00     1.271     104632    0    1    1    1    1
2015  6 24  5  4    -4.05    -2.42    -1.47    -572.9     33.37    -30.53     1.275     102749    0    0    0    1    1
2015  6 24  5  5    -4.22    -2.24    -1.63    -573.5     32.94    -28.87     1.286      99892    0    0    0    1    1
2015  6 24  5  6    -3.83    -1.04    -2.37    -581.2     32.98    -35.29     1.334     110731    0    0    0    1    1
2015  6 24  5  7    -3.56    -0.36    -2.98    -581.9     33.84    -23.75     1.365     113877    0    0    0    0    0
2015  6 24  5  8    -3.38    -0.23    -3.00    -580.0     35.34    -21.61     1.372     115570    0    0    0    0    0
2015  6 24  5  9    -3.48    -0.04    -2.52    -577.8     37.38    -22.21     1.375     118526    0    0    0    0    0
2015  6 24  5 10    -3.65     0.05    -2.12    -576.0     40.17    -28.39     1.368     119801    0    0    0    0    0
2015  6 24  5 11    -3.75    -0.17    -2.37    -575.4     41.36    -32.57     1.363     119801    0    0    0    0    0
2015  6 24  5 12    -3.78    -0.30    -2.95    -575.0     36.52    -28.51     1.365     117006    0    0    0    0    0
2015  6 24  5 13    -3.91    -0.34    -3.24    -573.2     29.10    -24.67     1.350     109462    0    0    0    0    0
2015  6 24  5 14    -4.12    -0.54    -3.33    -570.4     22.86    -22.02     1.309     101526    0    0    0    0    0
2015  6 24  5 15    -4.16    -0.74    -3.38    -568.1     16.35    -14.16     1.260      98843    0    0    0    0    0
2015  6 24  5 16    -4.12    -0.88    -3.67    -569.4      8.09     -9.48     1.258      98843    0    0    0    0    0
2015  6 24  5 17    -3.09     0.17    -3.58    -580.4     -1.11     -6.26     1.279      94156    0    0    0    0    0
2015  6 24  5 18    -2.86     0.12    -3.35    -585.1     -7.11     -6.73     1.327      93176    0    1    1    1    1
2015  6 24  5 19    -3.00    -0.59    -2.73    -583.2     -8.88     -6.25     1.328      95343    0    1    1    1    1
2015  6 24  5 20    -3.26    -0.72    -2.71    -581.3     -9.79     -4.79     1.325      97283    0    1    1    1    1
2015  6 24  5 21    -3.38    -0.65    -3.17    -579.9     -3.95     -2.44     1.319      97604    0    1    1    1    1
2015  6 24  5 22    -3.48    -0.78    -3.69    -576.9      3.21     -2.69     1.318      95605    0    0    0    0    0
2015  6 24  5 23    -3.56    -0.97    -3.94    -572.9      7.89     -3.65     1.299      93045    0    0    0    0    0
2015  6 24  5 24    -3.65    -1.14    -3.93    -569.5      9.58     -4.21     1.267      90979    0    0    0    0    0
2015  6 24  5 25    -3.86    -1.28    -3.80    -569.6      8.22     -3.87     1.245      90635    0    0    0    0    0
2015  6 24  5 26    -4.11    -1.38    -3.64    -570.2      7.13     -4.35     1.245      92342    0    0    0    0    0
2015  6 24  5 27    -4.25    -1.57    -3.24    -570.4      9.29     -7.07     1.277      98181    0    0    0    0    0
2015  6 24  5 28    -4.27    -2.15    -2.30    -569.4     15.92    -14.81     1.304     100576    0    0    0    0    0
2015  6 24  5 29    -4.23    -2.93    -1.30    -567.9     25.11    -26.02     1.327     100576    0    0    0    0    0
2015  6 24  5 30    -4.11    -2.94    -1.36    -569.5     33.54    -38.76     1.333     102347    0    0    0    0    0
2015  6 24  5 31    -4.08    -2.74    -1.78    -570.3     32.72    -35.12     1.353     112008    0    0    0    0    0
2015  6 24  5 32    -4.19    -2.45    -2.42    -569.9     27.17    -25.74     1.360     121267    0    0    0    0    0
2015  6 24  5 33    -4.43    -2.24    -2.46    -568.8     21.17    -17.87     1.363     120322    0    0    0    0    0
2015  6 24  5 34    -4.54    -1.81    -2.49    -565.6     16.20    -20.33     1.336     115593    0    0    0    0    0
2015  6 24  5 35    -4.53    -1.70    -2.61    -564.6     14.17    -18.51     1.343     104023    0    0    0    0    0
2015  6 24  5 36    -4.47    -1.60    -2.80    -564.3     13.20    -16.67     1.358     103244    0    0    0    0    0
2015  6 24  5 37    -4.36    -1.71    -2.84    -566.0     15.72    -16.46     1.346     103344    0    0    0    0    0
2015  6 24  5 38    -4.36    -2.07    -2.73    -565.6     22.94    -17.05     1.358     109302    0    0    0    0    0
2015  6 24  5 39    -4.33    -2.43    -2.47    -566.1     26.15    -20.75     1.381     116923    0    0    0    0    0
2015  6 24  5 40    -4.40    -2.80    -2.04    -566.3     30.84    -28.08     1.365     123904    0    0    0    0    0
2015  6 24  5 41    -4.40    -2.88    -1.87    -567.0     31.54    -28.90     1.385     123759    0    0    0    0    0
2015  6 24  5 42    -4.47    -2.81    -1.85    -565.6     32.12    -30.20     1.308     121582    0    0    0    0    0
2015  6 24  5 43    -4.54    -2.69    -1.63    -563.5     31.05    -31.50     1.255     121545    0    0    0    0    0
2015  6 24  5 44    -4.60    -2.72    -1.51    -562.3     28.00    -32.23     1.264     126925    0    0    0    0    0
2015  6 24  5 45    -4.65    -2.78    -1.33    -560.7     26.64    -33.05     1.256     131028    0    0    0    0    0
2015  6 24  5 46    -4.67    -2.83    -1.09    -559.8     25.87    -33.65     1.276     135738    0    0    0    0    0
2015  6 24  5 47    -4.58    -2.86    -0.91    -561.7     27.09    -35.96     1.238     137601    0    1    1    1    1
2015  6 24  5 48    -4.56    -2.92    -0.87    -562.2     27.22    -36.95     1.235     132990    0    1    1    1    1
2015  6 24  5 49    -4.70    -2.44    -0.88    -560.9     25.34    -37.21     1.219     125338    0    1    1    1    1
2015  6 24  5 50    -4.73    -2.34    -0.93    -558.6     22.09    -36.69     1.209     117488    0    1    1    1    1
2015  6 24  5 51    -4.65    -2.53    -1.05    -557.2     20.25    -35.28     1.211     110163    0    0    0    0    0
2015  6 24  5 52    -4.57    -2.72    -1.10    -560.0     23.41    -29.34     1.167     101690    0    0    0    0    0
2015  6 24  5 53    -4.22    -2.90    -1.44    -569.9     30.41    -17.81     1.156     101834    0    0    0    0    0
2015  6 24  5 54    -2.94    -3.30    -2.78    -580.6     34.38    -12.49     1.233     122488    0    0    0    0    0
2015  6 24  5 55    -2.90    -3.26    -3.20    -582.6     34.55     -9.02     1.245     125730    0    0    0    0    0
2015  6 24  5 56    -2.78    -3.17    -3.39    -583.3     35.56    -11.55     1.214     125781    0    0    0    0    0
2015  6 24  5 57    -3.06    -3.53    -3.05    -582.1     36.72    -14.64     1.200     125781    0    0    0    0    0
2015  6 24  5 58    -3.19    -3.57    -2.92    -577.4     36.44    -17.15     1.190     123426    0    0    0    0    0
2015  6 24  5 59    -3.38    -3.56    -2.74    -572.9     36.23    -18.32     1.185     122118    0    0    0    0    0
2015  6 24  6  0    -3.73    -3.39    -2.45    -569.2     35.79    -18.83     1.190     123183    0    0    0    0    0
2015  6 24  6  1    -4.38    -2.74    -2.04    -565.7     34.07    -21.18     1.211     127443    0    0    0    0    0
2015  6 24  6  2    -4.54    -2.49    -2.21    -565.4     31.35    -21.24     1.220     143950    0    0    0    0    0
2015  6 24  6  3    -3.95    -2.97    -2.33    -568.6     32.21    -18.72     1.249     140756    0    0    0    0    0
2015  6 24  6  4    -3.34    -3.56    -2.47    -571.3     35.75    -16.18     1.256     121006    0    0    0    0    0
2015  6 24  6  5    -3.47    -3.67    -2.17    -570.2     37.40    -18.12     1.255     114412    0    1    1    1    1
2015  6 24  6  6    -3.69    -3.62    -2.02    -568.7     39.44    -19.57     1.238     109954    0    1    1    1    1
2015  6 24  6  7    -3.81    -3.49    -2.10    -567.7     40.54    -22.12     1.222     108227    0    1    1    1    1
2015  6 24  6  8    -3.95    -3.41    -2.01    -565.9     36.42    -18.82     1.198     108199    0    0    0    0    0
2015  6 24  6  9    -4.13    -3.40    -2.18    -564.3     37.24    -20.75     1.195     106502    0    0    0    0    0
2015  6 24  6 10    -4.04    -3.36    -1.89    -564.2     37.72    -26.24     1.196     104511    0    0    0    0    0
2015  6 24  6 11    -4.03    -3.36    -1.81    -564.8     40.71    -31.49     1.198     104176    0    1    1    1    1
2015  6 24  6 12    -4.13    -3.35    -1.51    -568.4     49.67    -38.51     1.209     104591    0    1    0    1    1
2015  6 24  6 13    -4.24    -3.09    -1.69    -567.5     49.53    -40.99     1.212     107700    0    1    0    1    1
2015  6 24  6 14    -4.32    -2.59    -2.15    -565.0     47.44    -41.40     1.248     112942    0    1    0    1    1
2015  6 24  6 15    -4.32    -2.60    -2.00    -563.5     40.07    -31.56     1.266     121186    0    0    0    0    0
2015  6 24  6 16    -4.20    -2.93    -2.01    -565.5     31.18    -19.53     1.286     122307    0    1    1    1    1
2015  6 24  6 17    -3.22    -1.36    -3.90    -575.5     24.09     -8.01     1.316     118780    0    1    1    1    1
2015  6 24  6 18    -3.37    -1.48    -3.76    -575.3     19.97     -8.75     1.327     118634    0    0    0    0    0
2015  6 24  6 19    -3.63    -1.66    -3.51    -572.3     19.82    -12.80     1.326     117856    0    0    0    0    0
2015  6 24  6 20    -3.79    -1.76    -3.28    -568.7     22.80    -17.30     1.320     116721    0    0    0    0    0
2015  6 24  6 21    -3.77    -2.09    -3.15    -567.3     27.04    -18.29     1.296     116673    0    0    0    0    0
2015  6 24  6 22    -3.80    -2.18    -3.02    -568.8     30.37    -14.12     1.316     116203    0    0    0    0    0
2015  6 24  6 23    -3.94    -2.20    -3.12    -568.3     27.36    -12.27     1.335     115307    0    0    0    0    0
2015  6 24  6 24    -4.06    -2.22    -2.99    -567.9     23.86    -11.06     1.283     110032    0    0    0    0    0
2015  6 24  6 25    -4.26    -2.37    -2.48    -568.1     22.89    -12.17     1.273     110483    0    1    1    1    1
2015  6 24  6 26    -4.31    -2.34    -2.39    -569.9     21.46    -15.08     1.336     113244    0    1    1    1    1
2015  6 24  6 27    -4.10    -1.75    -3.24    -574.6     16.54    -12.44     1.401     112362    0    1    1    1    1
2015  6 24  6 28    -3.72    -0.80    -4.00    -579.0     12.26    -10.40     1.459     111442    0    1    1    1    1
2015  6 24  6 29    -3.29    -0.40    -4.24    -578.9     13.26    -12.29     1.427     110239    0    0    0    0    0
2015  6 24  6 30    -3.15    -0.31    -4.31    -574.6     18.72    -14.66     1.356     106922    0    0    0    0    0
2015  6 24  6 31    -3.18    -0.40    -4.31    -569.8     24.67    -16.29     1.286     101170    0    0    0    0    0
2015  6 24  6 32    -3.34    -0.77    -4.23    -567.3     27.78    -15.92     1.239      91646    0    0    0    0    0
2015  6 24  6 33    -3.78    -1.57    -3.83    -570.3     25.42    -11.19     1.271      90821    0    0    0    0    0
2015  6 24  6 34    -3.99    -1.67    -3.58    -570.0     26.97     -9.94     1.258      94171    0    0    0    0    0
2015  6 24  6 35    -4.26    -1.80    -3.28    -569.8     29.21    -11.63     1.256     105667    0    0    0    0    0
2015  6 24  6 36    -4.23    -1.84    -3.36    -569.7     27.67    -11.26     1.257     109278    0    0    0    0    0
2015  6 24  6 37    -4.14    -1.65    -3.53    -569.6     26.34    -10.10     1.268     108228    0    0    0    0    0
2015  6 24  6 38    -3.99    -1.36    -3.85    -571.4     21.38     -6.86     1.281     103519    0    0    0    0    0
2015  6 24  6 39    -2.86     0.14    -4.71    -590.4      9.04     -0.27     1.360      92611    0    0    0    0    0
2015  6 24  6 40    -2.02     1.10    -5.09    -601.6      2.93     -1.69     1.450      95550    0    0    0    0    0
2015  6 24  6 41    -2.16     1.09    -5.02    -597.0      2.89     -1.84     1.443      95844    0    0    0    0    0
2015  6 24  6 42    -2.32     1.07    -5.00    -591.3      4.26     -1.70     1.433      92660    0    0    0    0    0
2015  6 24  6 43    -2.47     1.01    -5.02    -585.6      6.30     -1.38     1.422      87349    0    0    0    0    0
2015  6 24  6 44    -2.49     0.71    -5.01    -584.2      6.67     -0.98     1.383      87301    0    0    0    0    0
2015  6 24  6 45    -2.79     0.42    -4.80    -580.8      8.32     -2.99     1.374      87301    0    0    0    0    0
2015  6 24  6 46    -3.41     0.03    -4.37    -578.1     11.34     -4.87     1.367      87301    0    0    0    0    0
2015  6 24  6 47    -3.75    -0.23    -4.12    -576.6     14.74     -5.91     1.355      87124    0    1    1    1    1
2015  6 24  6 48    -3.75    -0.14    -4.12    -575.9     15.65     -6.27     1.354      86976    0    1    1    1    1
2015  6 24  6 49    -3.35     0.73    -4.39    -578.4     10.31     -4.79     1.383      86913    1    1    1    1    1
2015  6 24  6 50    -2.43     1.49    -4.80    -583.5      2.00     -2.59     1.388      83043    1    1    1    1    1
2015  6 24  6 51    -1.93     1.43    -5.12    -584.1      3.72     -1.65     1.381      81437    0    1    1    1    1
2015  6 24  6 52    -1.88     1.33    -5.17    -584.6      5.46     -0.90     1.374      81384    0    1    1    1    1
2015  6 24  6 53    -2.11     1.32    -5.17    -583.9      3.79     -0.77     1.368      81384    0    0    0    0    0
2015  6 24  6 54    -2.31     1.30    -5.11    -583.5     -0.09     -1.93     1.370      81437    0    0    0    0    0
2015  6 24  6 55    -2.33     1.17    -5.11    -586.2     -2.42     -2.54     1.409      86541    0    0    0    0    0
2015  6 24  6 56    -2.29     1.22    -5.13    -586.7     -3.27     -5.26     1.444      93156    0    0    0    0    0
2015  6 24  6 57    -2.14     1.49    -5.12    -586.6     -1.01     -5.71     1.451      94247    0    0    0    0    0
2015  6 24  6 58    -2.14     1.40    -5.13    -583.9      4.26     -6.28     1.438      94247    0    0    0    0    0
2015  6 24  6 59    -2.15     1.23    -5.10    -578.2      9.89     -7.30     1.352      92345    0    0    0    0    0
2015  6 24  7  0    -2.33     0.85    -5.06    -575.7     13.23     -7.72     1.314      91489    0    0    0    0    0
2015  6 24  7  1    -2.49     0.69    -4.98    -578.7     13.94     -6.12     1.364      96872    0    0    0    0    0
2015  6 24  7  2    -2.45     0.72    -5.01    -580.5     12.97     -5.29     1.426      98992    0    0    0    0    0
2015  6 24  7  3    -2.47     0.70    -5.09    -581.1     12.78     -5.50     1.451      98344    0    0    0    0    0
2015  6 24  7  4    -2.62     0.65    -5.07    -582.0     13.48     -5.12     1.429      91634    0    0    0    0    0
2015  6 24  7  5    -2.74     0.56    -5.04    -580.2     14.82     -5.19     1.422      90432    0    0    0    0    0
2015  6 24  7  6    -2.82     0.48    -5.03    -577.4     16.51     -5.61     1.408      90321    0    0    0    0    0
2015  6 24  7  7    -2.78     0.36    -5.08    -576.8     18.83     -5.74     1.393      90006    0    0    0    0    0
2015  6 24  7  8    -2.46     0.02    -5.20    -578.4     21.48     -5.35     1.360      89808    0    0    0    0    0
2015  6 24  7  9    -2.34    -0.30    -5.23    -576.4     22.88     -5.51     1.319      88108    0    0    0    0    0
2015  6 24  7 10    -2.50    -0.48    -5.13    -574.2     24.07     -6.09     1.285      85906    0    0    0    0    0
2015  6 24  7 11    -2.72    -0.65    -4.95    -573.0     26.00     -6.96     1.258      83884    0    0    0    0    0
2015  6 24  7 12    -2.85    -0.83    -4.82    -571.6     28.28     -7.89     1.233      82462    0    0    0    0    0
2015  6 24  7 13    -3.05    -0.86    -4.68    -569.7     29.69     -8.66     1.212      82059    0    0    0    0    0
2015  6 24  7 14    -3.28    -0.95    -4.47    -567.6     29.75     -9.31     1.190      81155    0    0    0    0    0
2015  6 24  7 15    -3.30    -0.99    -4.35    -566.7     27.29     -9.14     1.142      73741    0    0    0    0    0
2015  6 24  7 16    -3.34    -1.17    -4.32    -566.2     26.85     -8.51     1.142      72687    0    0    0    0    0
2015  6 24  7 17    -3.46    -1.45    -4.29    -565.4     27.21     -7.77     1.146      72687    0    0    0    0    0
2015  6 24  7 18    -3.46    -1.54    -4.21    -564.7     25.78     -6.50     1.134      72910    0    0    0    0    0
2015  6 24  7 19    -3.54    -1.48    -3.87    -564.6     26.84     -6.43     1.121      74217    0    0    0    0    0
2015  6 24  7 20    -3.67    -1.68    -3.67    -562.8     34.08    -13.71     1.202      76526    0    0    0    0    0
2015  6 24  7 21    -3.82    -2.29    -3.29    -560.4     36.31    -17.19     1.207      76962    0    0    0    0    0
2015  6 24  7 22    -3.87    -2.89    -2.51    -560.4     40.56    -21.50     1.187      75978    0    0    0    0    0
2015  6 24  7 23    -3.63    -3.33    -1.97    -560.3     43.54    -24.11     1.176      75343    0    0    0    0    0
2015  6 24  7 24    -3.55    -3.37    -1.83    -560.1     43.89    -23.45     1.178      74760    0    0    0    1    1
2015  6 24  7 25    -3.69    -3.23    -1.83    -559.5     41.92    -22.13     1.191      74532    0    0    0    1    1
2015  6 24  7 26    -3.88    -2.99    -2.10    -558.2     38.85    -20.43     1.210      74612    0    0    0    1    1
2015  6 24  7 27    -3.99    -2.30    -2.46    -557.5     34.37    -19.19     1.227      75254    0    0    0    1    1
2015  6 24  7 28    -4.00    -1.80    -2.60    -557.4     31.75    -20.56     1.211      76527    0    0    0    0    0
2015  6 24  7 29    -4.04    -2.01    -2.47    -557.9     32.89    -24.56     1.175      77571    0    0    0    0    0
2015  6 24  7 30    -4.14    -2.55    -1.46    -557.4     32.03    -16.70     1.164      77862    0    0    0    0    0
2015  6 24  7 31    -4.22    -3.08    -0.64    -556.1     30.49     -7.68     1.168      76952    0    0    0    0    0
2015  6 24  7 32    -4.34    -3.12    -0.79    -554.4     31.01    -13.10     1.179      75815    0    0    0    0    0
2015  6 24  7 33    -4.57    -2.75    -1.22    -551.6     31.39    -21.77     1.197      76876    0    0    0    0    0
2015  6 24  7 34    -4.51    -2.75    -1.76    -551.1     28.25    -12.76     1.236      81794    0    0    0    0    0
2015  6 24  7 35    -4.48    -3.16    -1.48    -551.2     29.64    -14.32     1.247      80865    0    0    0    0    0
2015  6 24  7 36    -4.51    -3.12    -1.38    -551.8     41.00    -23.31     1.265      75806    0    0    0    0    0
2015  6 24  7 37    -4.75    -2.87    -1.02    -551.1     40.40    -25.63     1.287      75760    0    0    0    0    0
2015  6 24  7 38    -5.09    -2.31    -0.29    -547.7     33.70    -25.65     1.286      75508    0    0    0    0    0
2015  6 24  7 39    -5.19    -2.14     0.25    -545.4     26.50    -29.96     1.279      72441    0    0    0    0    0
2015  6 24  7 40    -4.80    -2.21     0.98    -547.8     27.43    -36.44     1.265      71678    0    0    0    1    1
2015  6 24  7 41    -4.79    -2.22     1.03    -550.3     29.65    -37.33     1.267      71095    0    0    0    1    1
2015  6 24  7 42    -4.88    -2.11     0.72    -551.0     30.95    -38.64     1.248      70770    0    0    0    1    1
2015  6 24  7 43    -4.91    -2.11     0.74    -549.8     31.03    -39.09     1.220      68595    0    0    0    1    1
2015  6 24  7 44    -4.90    -2.13     1.11    -548.9     32.50    -45.56     1.197      66275    0    0    0    0    0
2015  6 24  7 45    -4.91    -2.17     0.93    -548.0     32.90    -47.14     1.174      62435    0    0    0    0    0
2015  6 24  7 46    -5.03    -2.14     0.87    -548.8     32.74    -48.48     1.214      62307    0    0    0    0    1
2015  6 24  7 47    -5.11    -1.90     0.69    -546.9     30.27    -44.10     1.217      68098    0    0    0    0    1
2015  6 24  7 48    -5.14    -1.78     0.34    -544.6     27.28    -41.74     1.225      69779    0    0    0    0    1
2015  6 24  7 49    -5.20    -1.63     0.07    -542.9     25.47    -38.46     1.238      70101    0    0    0    0    1
2015  6 24  7 50    -5.25    -1.57    -0.38    -542.2     25.26    -33.64     1.246      69892    0    0    0    0    1
2015  6 24  7 51    -5.23    -1.50    -1.04    -542.9     26.12    -28.37     1.255      69530    0    0    0    0    1
2015  6 24  7 52    -5.15    -1.44    -1.34    -544.1     27.85    -25.53     1.262      68020    0    0    0    0    0
2015  6 24  7 53    -5.19    -1.37    -1.41    -544.7     29.19    -23.70     1.268      67511    0    0    0    0    0
2015  6 24  7 54    -5.23    -1.38    -1.43    -544.3     28.26    -22.78     1.256      67749    0    0    0    0    0
2015  6 24  7 55    -5.18    -1.90    -1.45    -544.2     28.82    -22.52     1.248      69206    0    0    0    0    0
2015  6 24  7 56    -5.12    -2.14    -1.42    -544.0     29.17    -21.51     1.237      71144    0    0    0    0    0
2015  6 24  7 57    -5.11    -2.16    -1.40    -544.5     30.45    -24.17     1.183      71699    0    0    0    0    0
2015  6 24  7 58    -5.13    -2.19    -1.30    -544.0     30.87    -26.58     1.160      71699    0    0    0    0    0
2015  6 24  7 59    -5.15    -2.16    -1.36    -543.3     32.78    -27.16     1.156      72881    0    0    0    0    0
2015  6 24  8  0    -5.03    -2.08    -1.58    -542.9     35.00    -26.09     1.143      73730    0    0    0    0    0
2015  6 24  8  1    -4.96    -1.99    -1.87    -545.1     36.19    -22.94     1.137      74340    0    0    0    0    0
2015  6 24  8  2    -5.05    -1.93    -1.87    -545.8     35.96    -21.17     1.142      78942    0    0    0    0    0
2015  6 24  8  3    -5.14    -1.90    -1.66    -543.8     35.15    -22.01     1.126      79854    0    0    0    0    0
2015  6 24  8  4    -5.25    -1.75    -1.47    -542.1     33.51    -22.77     1.099      78158    0    0    0    0    0
2015  6 24  8  5    -5.31    -1.53    -1.34    -541.9     30.95    -26.26     1.093      75462    0    0    0    0    0
2015  6 24  8  6    -3.87    -0.03    -2.90    -570.1      5.98     -4.03     1.303      74980    0    0    0    0    0
2015  6 24  8  7    -3.37    -0.18    -3.35    -568.4     11.09     -4.19     1.284      75519    0    0    0    0    0
2015  6 24  8  8    -3.36    -0.40    -3.48    -563.1     14.19     -4.18     1.193      75519    0    0    0    0    0
2015  6 24  8  9    -3.43    -0.72    -3.57    -559.6     17.92     -4.68     1.162      74960    0    0    0    0    0
2015  6 24  8 10    -3.59    -0.97    -3.56    -558.4     21.97     -4.81     1.139      74663    0    0    0    0    0
2015  6 24  8 11    -3.79    -1.41    -3.35    -559.7     26.04     -6.43     1.146      75795    0    0    0    0    0
2015  6 24  8 12    -3.87    -1.64    -3.17    -560.7     27.24     -9.15     1.165      76376    0    0    0    0    0
2015  6 24  8 13    -3.86    -1.63    -3.10    -560.8     26.43    -10.97     1.188      75305    0    0    0    0    0
2015  6 24  8 14    -3.86    -1.69    -2.84    -560.3     26.28    -14.47     1.186      71989    0    0    0    0    0
2015  6 24  8 15    -3.95    -1.77    -2.57    -559.2     26.79    -18.64     1.161      70711    0    0    0    0    0
2015  6 24  8 16    -4.26    -1.75    -2.35    -555.1     26.51    -21.88     1.123      71395    0    0    0    0    0
2015  6 24  8 17    -4.68    -1.64    -2.17    -549.2     25.49    -24.13     1.082      72582    0    0    0    0    0
2015  6 24  8 18    -4.68    -0.88    -2.81    -548.9     21.10    -14.18     1.078      75205    0    0    0    0    0
2015  6 24  8 19    -4.56    -0.72    -3.04    -550.6     19.06     -7.47     1.089      81642    0    0    0    0    0
2015  6 24  8 20    -4.50    -0.66    -3.19    -552.9     17.99     -6.36     1.167      86180    0    0    0    0    0
2015  6 24  8 21    -4.32    -1.08    -3.36    -558.4     22.50     -3.07     1.204      85929    0    0    0    0    0
2015  6 24  8 22    -3.63    -1.22    -3.90    -561.8     23.50     -1.23     1.227      83020    0    0    0    1    1
2015  6 24  8 23    -3.49    -1.17    -4.03    -561.9     23.55      1.29     1.243      79006    0    0    0    1    1
2015  6 24  8 24    -3.55    -0.63    -4.04    -562.8     20.04      2.23     1.291      74675    0    0    0    1    1
2015  6 24  8 25    -3.62    -0.34    -4.04    -561.9     15.01      2.52     1.311      72065    0    0    0    1    1
2015  6 24  8 26    -3.54    -0.21    -4.18    -563.1     13.05      4.65     1.234      70933    0    0    0    1    1
2015  6 24  8 27    -3.53    -0.20    -4.21    -559.1     13.66     -0.49     1.191      70834    0    0    0    0    0
2015  6 24  8 28    -3.78    -0.13    -3.93    -554.3     14.58     -7.12     1.173      73077    0    0    0    0    0
2015  6 24  8 29    -4.32     0.01    -3.32    -549.9     15.46    -13.41     1.173      78331    0    0    0    0    0
2015  6 24  8 30    -4.85     0.08    -2.59    -549.0     14.74    -12.74     1.168      88157    0    0    0    0    0
2015  6 24  8 31    -4.95     0.29    -2.48    -547.7      8.15    -14.86     1.181      88157    0    0    0    0    0
2015  6 24  8 32    -4.97     0.48    -2.40    -547.3      4.76    -14.55     1.131      87694    0    0    0    0    0
2015  6 24  8 33    -5.02     0.51    -2.11    -547.2      9.66    -14.63     1.141      83355    0    0    0    0    0
2015  6 24  8 34    -5.03     0.68    -2.07    -546.9     12.65    -15.76     1.155      82964    0    0    0    0    0
2015  6 24  8 35    -5.03     0.65    -2.05    -546.6     16.51    -14.44     1.205      80118    0    0    0    0    0
2015  6 24  8 36    -4.88    -0.55    -1.57    -547.9     25.72    -26.92     1.226      79749    0    0    0    0    0
2015  6 24  8 37    -4.86    -0.70    -1.83    -548.2     32.11    -28.35     1.233      81662    0    0    0    0    1
2015  6 24  8 38    -4.86    -0.38    -1.86    -547.0     33.10    -13.55     1.238      85635    0    0    0    1    1
2015  6 24  8 39    -4.90    -0.21    -1.35    -546.7     34.77     -8.38     1.251      86036    0    0    0    1    1
2015  6 24  8 40    -4.86    -0.40    -1.09    -550.9     35.19     -4.45     1.279      75717    0    0    0    1    1
2015  6 24  8 41    -4.54    -0.60    -1.35    -556.4     30.09      4.05     1.287      75029    0    0    0    0    0
2015  6 24  8 42    -4.48    -0.90    -1.33    -559.4     25.61      4.83     1.289      73425    0    0    0    0    0
2015  6 24  8 43    -4.41    -0.96    -1.29    -556.2     22.33     -0.19     1.269      71217    0    0    0    0    0
2015  6 24  8 44    -4.39    -0.87    -1.24    -552.5     20.05     -2.43     1.248      69080    0    0    0    0    0
2015  6 24  8 45    -4.48    -0.60    -1.38    -550.7     16.81     -5.59     1.255      69718    0    0    0    0    0
2015  6 24  8 46    -4.48    -0.12    -1.92    -552.8     17.65    -11.25     1.300      75394    0    0    0    0    0
2015  6 24  8 47    -4.52    -0.10    -2.07    -554.7     16.74    -16.58     1.309      79454    0    0    0    0    0
2015  6 24  8 48    -4.61    -0.05    -2.07    -553.9     15.35    -21.14     1.305      76778    0    0    0    0    0
2015  6 24  8 49    -4.69     0.04    -2.02    -552.6     15.47    -24.13     1.313      70767    0    0    0    0    0
2015  6 24  8 50    -4.74     0.01    -1.98    -552.1     16.03    -23.45     1.330      69884    0    0    0    0    0
2015  6 24  8 51    -4.77    -0.10    -2.02    -552.4     16.70    -23.73     1.334      71627    0    0    0    0    0
2015  6 24  8 52    -4.85     0.01    -2.14    -552.0     15.66    -19.68     1.323      79378    0    0    0    0    0
2015  6 24  8 53    -4.93     0.48    -2.12    -551.6     12.41    -15.62     1.299      87015    0    0    0    0    0
2015  6 24  8 54    -4.97     0.38    -2.09    -551.1     16.87    -11.85     1.299      89523    0    0    0    0    0
2015  6 24  8 55    -4.94     0.40    -2.19    -550.8     17.20    -11.08     1.307      91218    0    0    0    0    0
2015  6 24  8 56    -4.90     0.64    -2.32    -550.8     18.03    -11.16     1.340      91646    0    0    0    0    0
2015  6 24  8 57    -4.80     0.60    -2.63    -550.3     11.01    -21.81     1.337      90725    0    0    0    0    0
2015  6 24  8 58    -4.80     0.76    -2.78    -550.3     15.53    -17.06     1.298      82435    0    0    0    0    0
2015  6 24  8 59    -4.68     0.66    -2.98    -550.4     15.37    -16.53     1.292      82217    0    0    0    0    0
2015  6 24  9  0    -4.53     0.74    -3.03    -551.4     13.84    -16.68     1.283      80363    0    0    0    0    0
2015  6 24  9  1    -4.52     0.82    -2.76    -552.3     12.16    -17.14     1.313      80182    0    0    0    0    0
2015  6 24  9  2    -4.46     1.01    -2.76    -554.1     10.03    -19.57     1.347      80261    0    0    0    0    0
2015  6 24  9  3    -4.49     0.95    -2.73    -553.2     10.24    -20.72     1.385      81720    0    0    0    0    0
2015  6 24  9  4    -4.56     0.77    -2.59    -552.1     10.16    -17.95     1.394      85226    0    0    0    0    1
2015  6 24  9  5    -4.58     0.78    -2.22    -551.6     10.93    -16.09     1.404      85776    0    0    0    0    1
2015  6 24  9  6    -4.64     0.84    -1.90    -550.6     16.65    -14.50     1.423      87382    0    0    0    0    1
2015  6 24  9  7    -4.76     0.64    -1.41    -548.6     21.72    -12.42     1.439      93988    0    0    0    0    1
2015  6 24  9  8    -4.95     0.38    -0.83    -548.3     21.68     -9.16     1.382      93988    0    1    0    1    1
2015  6 24  9  9    -4.87     0.70    -0.75    -548.3     19.44    -13.52     1.347      88812    0    1    0    1    1
2015  6 24  9 10    -2.53     1.83    -1.73    -563.7     12.40     -8.87     1.374      84364    0    0    0    1    1
2015  6 24  9 11    -2.75     1.71    -1.81    -565.1     13.49     -9.78     1.396      89961    0    0    0    1    1
2015  6 24  9 12    -2.99     1.52    -1.76    -562.9     13.50     -9.89     1.415      95367    0    1    1    1    1
2015  6 24  9 13    -3.05     1.44    -1.75    -561.2     17.47    -11.45     1.434     101488    0    1    1    1    1
2015  6 24  9 14    -3.20     1.14    -2.21    -558.8     22.22    -14.28     1.454     103269    0    1    1    1    1
2015  6 24  9 15    -3.50     0.69    -2.61    -555.0     25.13    -17.68     1.459      97172    0    0    0    0    0
2015  6 24  9 16    -3.84     0.23    -2.76    -551.0     26.81    -21.11     1.447      86520    0    0    0    0    0
2015  6 24  9 17    -3.84    -0.09    -2.84    -550.9     30.97    -23.40     1.420      82378    0    0    0    0    0
2015  6 24  9 18    -3.84    -0.28    -2.67    -551.4     33.72    -23.42     1.361      78673    0    0    0    0    0
2015  6 24  9 19    -3.91    -0.43    -2.23    -552.1     33.72    -24.92     1.327      78089    0    0    0    0    0
2015  6 24  9 20    -4.33    -0.35    -1.81    -545.9     33.72    -29.90     1.319      78089    0    0    0    0    0
2015  6 24  9 21    -4.64    -0.95    -1.41    -543.5     41.48    -30.10     1.325      78820    0    0    0    0    0
2015  6 24  9 22    -4.77    -1.60    -1.16    -542.7     48.18    -32.98     1.339      84019    0    0    0    0    0
2015  6 24  9 23    -4.79    -1.94    -0.78    -540.5     50.06    -37.99     1.356      86817    0    0    0    0    0
2015  6 24  9 24    -4.82    -2.01    -0.41    -538.1     48.87    -45.33     1.368      83610    0    0    0    0    0
2015  6 24  9 25    -4.92    -1.77    -0.26    -537.1     45.30    -53.76     1.369      77892    0    0    0    0    0
2015  6 24  9 26    -5.09    -1.45    -0.16    -536.2     41.89    -56.65     1.363      79007    0    0    0    0    0
2015  6 24  9 27    -5.13    -1.40    -0.16    -536.1     40.40    -60.13     1.353      82501    0    0    0    0    0
2015  6 24  9 28    -5.04    -1.21    -0.04    -536.6     36.70    -61.76     1.341      82501    0    0    0    0    0
2015  6 24  9 29    -5.06    -0.56     0.10    -536.0     35.31    -59.42     1.332      82553    0    0    0    0    0
2015  6 24  9 30    -5.18    -0.13    -0.56    -534.4     32.66    -50.04     1.307      82733    0    0    0    0    0
2015  6 24  9 31    -5.25    -0.04    -1.01    -533.6     33.20    -43.05     1.314      82675    0    0    0    0    0
2015  6 24  9 32    -5.18    -0.22    -1.40    -533.5     35.15    -39.78     1.330      81983    0    0    0    0    0
2015  6 24  9 33    -5.06    -0.40    -1.77    -534.8     35.69    -37.16     1.361      81580    0    0    0    0    0
2015  6 24  9 34    -4.95    -0.43    -1.90    -535.6     38.28    -34.37     1.383      81926    0    0    0    0    0
2015  6 24  9 35    -4.83    -0.65    -2.10    -536.1     40.89    -32.97     1.397      84708    0    0    0    0    0
2015  6 24  9 36    -4.64    -1.01    -2.45    -536.3     41.57    -31.80     1.401      89715    0    0    0    0    0
2015  6 24  9 37    -4.57    -1.03    -2.57    -536.1     40.12    -28.41     1.391      90724    0    0    0    0    0
2015  6 24  9 38    -4.41    -1.09    -2.75    -535.7     39.69    -27.30     1.382      90724    0    0    0    0    0
2015  6 24  9 39    -4.40    -1.04    -2.85    -535.3     40.30    -27.83     1.361      90525    0    0    0    0    0
2015  6 24  9 40    -4.50    -1.03    -2.72    -535.4     42.73    -29.13     1.355      89484    0    0    0    0    0
2015  6 24  9 41    -4.24    -1.13    -2.87    -539.8     42.62    -22.69     1.364      83374    0    0    0    0    0
2015  6 24  9 42    -3.84    -1.18    -3.17    -549.1     31.83    -11.98     1.383      77275    0    0    0    0    0
2015  6 24  9 43    -3.77    -0.58    -3.39    -545.7     31.52    -14.40     1.393      81890    0    0    0    0    0
2015  6 24  9 44    -3.78    -0.39    -3.42    -542.2     28.69    -19.03     1.399      84119    0    0    0    0    0
2015  6 24  9 45    -3.84    -0.33    -3.43    -540.7     26.85    -22.10     1.409      86094    0    0    0    0    0
2015  6 24  9 46    -3.86    -0.29    -3.46    -541.1     29.19    -22.10     1.390      87891    0    0    0    0    0
2015  6 24  9 47    -3.96    -0.48    -3.12    -540.5     33.74    -23.33     1.354      88469    0    0    0    0    0
2015  6 24  9 48    -4.12    -0.57    -2.73    -538.1     36.83    -27.26     1.337      88469    0    0    0    0    0
2015  6 24  9 49    -4.20    -0.40    -2.63    -534.4     38.05    -31.91     1.348      90423    0    0    0    0    0
2015  6 24  9 50    -4.21    -0.79    -2.60    -533.1     38.11    -33.28     1.480     104587    0    0    0    0    0
2015  6 24  9 51    -4.12    -0.68    -2.87    -535.7     38.95    -27.20     1.490     103841    0    0    0    0    0
2015  6 24  9 52    -4.01    -0.46    -3.09    -538.9     38.88    -23.22     1.479      97071    0    0    0    0    0
2015  6 24  9 53    -3.96    -0.10    -3.25    -539.5     34.60    -22.80     1.466      87197    0    0    0    0    0
2015  6 24  9 54    -3.94    -0.16    -3.26    -537.7     36.22    -24.28     1.469      81402    0    0    0    0    0
2015  6 24  9 55    -3.99    -0.31    -3.23    -536.2     39.39    -25.52     1.453      79850    0    0    0    0    0
2015  6 24  9 56    -4.10    -0.62    -3.14    -534.7     40.06    -26.74     1.441      77938    0    0    0    0    0
2015  6 24  9 57    -4.04    -1.12    -3.01    -535.7     41.25    -27.01     1.427      79258    0    0    0    0    0
2015  6 24  9 58    -3.91    -1.62    -3.03    -540.0     43.70    -23.15     1.464      84247    0    0    0    0    0
2015  6 24  9 59    -3.82    -1.53    -3.20    -541.6     41.08    -20.25     1.470      83172    0    0    0    0    0
2015  6 24 10  0    -3.68    -1.42    -3.38    -542.8     35.63    -18.90     1.480      80706    0    0    0    0    0
2015  6 24 10  1    -3.57    -1.03    -3.59    -544.3     33.74    -19.67     1.500      78069    0    0    0    0    0
2015  6 24 10  2    -3.41    -0.59    -3.77    -543.3     29.95    -21.20     1.506      77461    0    0    0    0    0
2015  6 24 10  3    -3.23    -0.48    -3.84    -545.7     27.82    -19.99     1.556      78108    0    0    0    0    0
2015  6 24 10  4    -2.93    -0.40    -4.01    -553.1     25.42    -18.15     1.544      78244    0    0    0    0    0
2015  6 24 10  5    -2.96    -0.15    -4.07    -552.2     24.99    -16.39     1.531      77456    0    0    0    0    0
2015  6 24 10  6    -3.07     0.00    -4.04    -549.5     26.21    -15.53     1.519      74454    0    0    0    0    0
2015  6 24 10  7    -3.16    -0.43    -4.00    -548.2     34.11    -16.19     1.520      73524    0    0    0    0    0
2015  6 24 10  8    -3.10     0.00    -4.00    -547.9     30.19    -15.54     1.531      73191    0    0    0    0    0
2015  6 24 10  9    -2.99     0.23    -3.98    -547.9     27.19    -15.55     1.586      73176    0    0    0    0    0
2015  6 24 10 10    -2.14     0.50    -3.69    -562.6     27.01    -20.22     1.616      73937    0    0    0    0    0
2015  6 24 10 11    -2.34     0.11    -3.26    -559.3     29.39    -22.28     1.601      73860    0    0    0    0    0
2015  6 24 10 12    -2.81    -0.25    -3.00    -552.7     31.71    -24.95     1.592      73815    0    0    0    0    0
2015  6 24 10 13    -3.40    -0.48    -2.93    -544.8     33.75    -28.14     1.590      73815    0    0    0    0    0
2015  6 24 10 14    -3.84    -0.98    -2.80    -539.3     36.97    -30.59     1.589      73815    0    0    0    0    0
2015  6 24 10 15    -4.06    -1.49    -2.61    -537.1     42.61    -32.92     1.577      74190    0    0    0    0    0
2015  6 24 10 16    -3.96    -1.61    -2.42    -539.3     46.89    -34.62     1.554      76473    0    0    0    0    0
2015  6 24 10 17    -3.85    -1.85    -2.20    -541.1     43.21    -32.25     1.549      78369    0    0    0    0    0
2015  6 24 10 18    -4.07    -1.65    -2.06    -541.9     36.37    -27.18     1.549      76690    0    0    0    1    1
2015  6 24 10 19    -4.24    -1.41    -2.23    -541.5     33.02    -24.85     1.563      75505    0    0    0    1    1
2015  6 24 10 20    -4.11    -1.15    -2.53    -542.0     40.73    -30.97     1.581      76479    0    0    0    1    1
2015  6 24 10 21    -3.85    -1.18    -2.37    -543.4     44.68    -34.83     1.586      77149    0    0    0    1    1
2015  6 24 10 22    -3.91    -1.84    -2.09    -543.4     53.68    -34.41     1.480      72176    0    0    0    0    0
2015  6 24 10 23    -4.00    -2.26    -1.86    -541.7     57.76    -34.06     1.394      68553    0    0    0    0    0
2015  6 24 10 24    -4.11    -2.18    -1.74    -539.5     54.77    -34.55     1.349      67581    0    0    0    0    0
2015  6 24 10 25    -4.19    -1.91    -1.84    -539.0     49.17    -31.92     1.378      69030    0    0    0    0    0
2015  6 24 10 26    -4.04    -1.71    -2.38    -540.8     46.55    -25.61     1.503      72140    0    0    0    0    0
2015  6 24 10 27    -3.85    -1.58    -2.78    -541.0     46.44    -24.56     1.580      73649    0    0    0    0    0
2015  6 24 10 28    -3.83    -1.71    -2.78    -540.8     42.84    -25.63     1.605      74665    0    0    0    0    0
2015  6 24 10 29    -3.85    -1.61    -2.86    -541.9     40.74    -25.09     1.588      75193    0    0    0    0    0
2015  6 24 10 30    -3.70    -1.43    -2.82    -543.7     47.35    -23.04     1.516      74162    0    0    0    0    0
2015  6 24 10 31    -3.74    -1.42    -2.83    -544.2     48.84    -22.07     1.473      73728    0    0    0    0    0
2015  6 24 10 32    -3.82    -1.53    -2.89    -544.2     48.03    -23.06     1.498      76836    0    0    0    0    0
2015  6 24 10 33    -3.74    -1.52    -3.07    -543.4     48.67    -21.17     1.500      77966    0    0    0    0    0
2015  6 24 10 34    -3.55    -1.92    -3.21    -543.4     53.10    -17.59     1.422      75625    0    0    0    0    0
2015  6 24 10 35    -3.48    -2.13    -3.26    -544.0     59.17    -29.13     1.390      71310    0    0    0    0    0
2015  6 24 10 36    -3.55    -1.90    -3.26    -541.8     60.76    -29.99     1.384      70078    0    0    0    0    0
2015  6 24 10 37    -3.58    -1.74    -3.21    -540.3     61.22    -27.64     1.361      68591    0    0    0    0    0
2015  6 24 10 38    -3.54    -1.31    -3.15    -542.7     57.69    -26.01     1.337      63078    0    0    0    0    0
2015  6 24 10 39    -3.67    -1.24    -3.23    -544.1     49.62    -24.15     1.334      60826    0    0    0    0    0
2015  6 24 10 40    -3.07    -1.14    -3.73    -552.3     38.83     -2.44     1.307      64550    0    0    0    0    0
2015  6 24 10 41    -3.00    -1.12    -4.03    -553.0     36.13      0.40     1.287      71351    0    0    0    0    0
2015  6 24 10 42    -2.97    -1.01    -4.13    -548.0     33.32      0.38     1.294      71351    0    0    0    0    0
2015  6 24 10 43    -3.03    -0.80    -4.04    -543.4     31.97     -6.38     1.220      57064    0    0    0    0    0
2015  6 24 10 44    -3.12    -0.50    -3.85    -541.1     28.29     -9.53     1.131      50547    0    0    0    0    0
2015  6 24 10 45    -3.25    -0.34    -3.55    -540.5     25.98     -9.64     1.100      51750    0    0    0    0    0
2015  6 24 10 46    -3.45    -0.92    -3.07    -539.1     30.58    -12.50     1.159      56240    0    0    0    0    0
2015  6 24 10 47    -3.67    -1.84    -2.56    -537.0     38.27    -17.28     1.223      61957    0    0    0    0    0
2015  6 24 10 48    -3.88    -2.07    -2.34    -534.2     42.28    -20.36     1.226      65239    0    0    0    0    0
2015  6 24 10 49    -4.08    -1.71    -2.12    -530.5     43.44    -27.78     1.203      69764    0    0    0    0    0
2015  6 24 10 50    -4.13    -1.28    -2.20    -529.4     42.34    -27.65     1.179      70518    0    0    0    0    0
2015  6 24 10 51    -3.31    -1.41    -3.12    -530.7     40.79    -23.97     1.191      67240    0    1    1    1    1
2015  6 24 10 52    -3.05    -1.87    -3.55    -531.4     40.37    -19.90     1.224      65082    0    1    1    2    2
2015  6 24 10 53    -3.64    -1.71    -3.07    -532.3     40.73    -16.62     1.259      64953    0    1    1    1    1
2015  6 24 10 54    -3.75    -1.46    -2.84    -532.6     35.32    -22.75     1.388      85995    0    0    0    1    1
2015  6 24 10 55    -3.85    -1.16    -2.39    -541.4     35.29    -32.45     1.501      96480    0    0    0    0    1
2015  6 24 10 56    -4.14    -0.53    -1.98    -538.3     33.88    -37.16     1.522      97277    0    0    0    1    1
2015  6 24 10 57    -4.30     0.07    -1.64    -532.7     31.21    -40.19     1.518      97160    0    0    0    1    1
2015  6 24 10 58    -4.35     0.76    -1.26    -532.5     37.89    -46.78     1.485      90155    0    0    0    1    1
2015  6 24 10 59    -4.24     0.13    -1.44    -535.6     43.53    -52.59     1.451      82131    0    0    0    1    1
2015  6 24 11  0    -4.16    -0.55    -1.37    -536.8     41.89    -54.90     1.432      80339    0    0    0    1    1
2015  6 24 11  1    -3.92    -0.41    -1.50    -539.9     38.22    -53.87     1.466      80872    0    0    0    1    1
2015  6 24 11  2    -3.74     1.29    -1.47    -545.4     30.41    -46.63     1.520      81478    0    0    0    0    0
2015  6 24 11  3    -3.92     1.91    -1.22    -546.9     22.82    -40.58     1.417      75998    0    0    0    0    0
2015  6 24 11  4    -3.97     1.89    -1.32    -544.7     16.41    -36.52     1.407      74762    0    0    0    0    0
2015  6 24 11  5    -3.98     1.83    -1.52    -543.1     11.23    -33.41     1.412      73711    0    0    0    0    0
2015  6 24 11  6    -4.05     1.73    -1.71    -541.0     12.18    -32.38     1.419      73271    0    0    0    0    0
2015  6 24 11  7    -4.10     1.78    -1.91    -539.5     13.97    -32.39     1.422      73282    0    0    0    0    0
2015  6 24 11  8    -3.99     2.00    -2.08    -540.1     12.93    -31.86     1.416      73295    0    0    0    0    0
2015  6 24 11  9    -3.99     2.05    -2.13    -541.0     13.74    -29.30     1.396      75912    0    0    0    0    0
2015  6 24 11 10    -4.09     1.67    -2.16    -540.3     17.82    -26.22     1.373      78815    0    0    0    0    0
2015  6 24 11 11    -4.17     1.23    -2.10    -539.0     22.05    -27.15     1.362      82117    0    0    0    0    0
2015  6 24 11 12    -4.26     1.14    -1.94    -538.5     23.62    -31.58     1.364      87414    0    0    0    0    0
2015  6 24 11 13    -4.32     1.31    -1.76    -539.7     21.63    -34.41     1.376      90075    0    0    0    0    0
2015  6 24 11 14    -4.23     1.92    -1.72    -542.0     16.47    -34.43     1.396      87252    0    0    0    0    0
2015  6 24 11 15    -4.01     2.68    -1.60    -544.2     11.01    -34.41     1.472      83587    0    0    0    0    0
2015  6 24 11 16    -3.84     3.10    -1.05    -545.8      9.14    -41.11     1.524      78742    0    0    0    0    0
2015  6 24 11 17    -3.79     3.11    -0.77    -546.2      9.33    -42.37     1.498      77601    0    0    0    0    0
2015  6 24 11 18    -3.88     2.93    -0.69    -546.2      9.96    -42.30     1.477      77545    0    0    0    0    0
2015  6 24 11 19    -3.98     2.66    -0.84    -545.5     10.07    -41.62     1.471      78040    0    0    0    0    0
2015  6 24 11 20    -3.96     2.55    -0.87    -543.4      9.33    -41.46     1.466      78156    0    0    0    0    0
2015  6 24 11 21    -3.90     2.61    -0.68    -541.1      7.36    -42.26     1.422      74333    0    0    0    0    0
2015  6 24 11 22    -3.96     2.77    -0.48    -540.2      5.39    -40.60     1.387      71113    0    0    0    1    1
2015  6 24 11 23    -3.92     2.94    -0.67    -541.5     12.99    -35.60     1.409      71114    0    0    0    1    1
2015  6 24 11 24    -3.56     3.11    -1.23    -542.5     12.51    -28.16     1.426      71115    0    0    0    1    1
2015  6 24 11 25    -3.29     3.13    -1.85    -546.7     13.77    -15.00     1.383      69227    0    0    0    1    1
2015  6 24 11 26    -3.07     2.23    -3.04    -548.5     16.99      0.32     1.325      61761    0    0    0    0    0
2015  6 24 11 27    -2.93     1.26    -4.32    -549.2     19.44      3.15     1.316      61621    0    0    0    0    0
2015  6 24 11 28    -2.91     0.99    -4.43    -550.3     22.06      6.04     1.317      60362    0    0    0    0    0
2015  6 24 11 29    -2.72     1.09    -4.52    -552.8     25.45      8.09     1.311      60174    0    0    0    0    0
2015  6 24 11 30    -2.50     0.89    -4.63    -553.4     26.97      8.49     1.217      59432    0    0    0    0    0
2015  6 24 11 31    -2.50     0.83    -4.60    -553.3     29.52      8.15     1.166      58576    0    0    0    0    0
2015  6 24 11 32    -2.84     0.66    -4.27    -551.9     31.00      5.75     1.171      57339    0    0    0    0    0
2015  6 24 11 33    -2.92     0.54    -4.19    -551.9     30.89      4.68     1.163      57382    0    0    0    0    0
2015  6 24 11 34    -2.88     0.37    -4.28    -553.2     32.96      9.37     1.166      57617    0    0    0    0    0
2015  6 24 11 35    -2.85     0.27    -4.31    -553.6     35.51     11.29     1.167      58419    0    0    0    0    0
2015  6 24 11 36    -2.97     0.05    -4.30    -552.6     39.38     13.43     1.180      60944    0    0    0    0    0
2015  6 24 11 37    -3.02    -0.18    -4.25    -550.5     39.65     13.34     1.215      64321    0    0    0    0    0
2015  6 24 11 38    -3.07    -0.18    -4.10    -549.9     39.85     12.48     1.216      66289    0    0    0    0    0
2015  6 24 11 39    -3.16     0.13    -3.99    -549.1     41.46     10.60     1.179      68342    0    0    0    0    0
2015  6 24 11 40    -3.31     0.16    -3.55    -547.5     36.63      5.71     1.151      71701    0    0    0    0    0
2015  6 24 11 41    -3.61     0.88    -3.35    -547.8     27.89      0.21     1.135      71924    0    0    0    0    0
2015  6 24 11 42    -3.62     0.52    -3.31    -551.1     28.34      1.81     1.130      71804    0    0    0    0    0
2015  6 24 11 43    -3.59     0.69    -3.15    -550.9     33.36      4.83     1.132      72634    0    0    0    0    0
2015  6 24 11 44    -3.53     0.66    -3.22    -549.0     39.73      4.91     1.146      77978    0    0    0    0    0
2015  6 24 11 45    -3.69     0.12    -3.00    -548.5     41.64      4.58     1.146      77978    0    0    0    0    0
2015  6 24 11 46    -3.75     0.02    -2.93    -546.2     40.12      2.53     1.121      74292    0    0    0    0    0
2015  6 24 11 47    -3.82     0.05    -2.77    -545.4     37.32      0.30     1.110      73668    0    0    0    0    0
2015  6 24 11 48    -3.95     0.09    -2.55    -544.7     33.24     -4.86     1.102      73489    0    0    0    0    0
2015  6 24 11 49    -4.13     1.12    -2.19    -545.6     30.87     -9.40     1.086      71683    0    0    0    0    0
2015  6 24 11 50    -4.22     1.38    -1.99    -545.8     31.43    -10.54     1.085      71125    0    0    0    0    0
2015  6 24 11 51    -4.25     1.45    -2.12    -545.8     31.47     -9.97     1.085      66644    0    0    0    0    0
2015  6 24 11 52    -4.00     1.55    -2.15    -546.4     31.34     -8.46     1.061      65754    0    0    0    0    0
2015  6 24 11 53    -3.81     1.56    -2.15    -546.5     31.31     -8.25     1.047      66110    0    0    0    0    0
2015  6 24 11 54    -4.00     0.83    -2.14    -546.6     40.30     -9.53     1.033      66165    0    0    0    0    0
2015  6 24 11 55    -4.14     0.42    -1.81    -547.0     40.48    -12.36     1.031      62034    0    0    0    0    0
2015  6 24 11 56    -4.22     0.62    -0.69    -549.4     40.69    -19.97     1.066      54762    0    0    0    0    0
2015  6 24 11 57    -4.24     0.61    -0.29    -549.4     43.36    -28.97     1.100      55131    0    0    0    0    0
2015  6 24 11 58    -4.42     0.29    -0.01    -546.7     46.62    -30.92     1.095      62520    0    0    0    0    0
2015  6 24 11 59    -4.47     0.14     0.17    -546.0     51.00    -31.44     1.076      63506    0    0    0    0    0
2015  6 24 12  0    -4.45     0.08     0.30    -546.0     52.66    -33.88     1.061      62019    0    0    0    0    0
2015  6 24 12  1    -4.46     0.10     0.39    -546.0     53.01    -36.13     1.056      61722    0    0    0    0    0
2015  6 24 12  2    -4.49     0.29     0.51    -544.9     50.06    -37.16     1.052      64232    0    0    0    0    0
2015  6 24 12  3    -4.53     0.43     0.57    -544.6     50.42    -38.04     1.043      65129    0    0    0    0    0
2015  6 24 12  4    -4.46     0.53     0.62    -544.9     51.09    -39.60     1.061      66109    0    0    0    0    0
2015  6 24 12  5    -4.50     0.37     0.66    -544.6     52.76    -39.28     1.073      66378    0    0    0    0    0
2015  6 24 12  6    -4.49     0.31     0.63    -544.4     54.68    -38.82     1.078      67699    0    0    0    0    0
2015  6 24 12  7    -4.47     0.28     0.61    -544.6     54.52    -39.23     1.079      70025    0    0    0    0    0
2015  6 24 12  8    -4.44     0.29     0.82    -544.7     53.76    -39.43     1.078      70701    0    0    0    0    0
2015  6 24 12  9    -4.42     0.40     1.13    -544.9     51.57    -42.76     1.083      70728    0    0    0    0    0
2015  6 24 12 10    -4.12     1.23     1.44    -547.7     44.20    -44.76     1.089      62771    0    0    0    0    0
2015  6 24 12 11    -4.03     1.62     1.37    -548.3     38.64    -45.17     1.065      57975    0    0    0    0    0
2015  6 24 12 12    -3.99     1.67     1.30    -553.6     32.16    -42.52     1.035      54895    0    0    0    0    0
2015  6 24 12 13    -3.98     1.64     1.16    -553.8     27.42    -37.12     1.023      49722    0    0    0    0    0
2015  6 24 12 14    -3.54     2.56     0.42    -558.6     21.34    -27.99     1.011      46255    0    0    0    0    0
2015  6 24 12 15    -3.30     3.16     0.09    -563.9     18.25    -28.88     1.002      45209    0    0    0    0    0
2015  6 24 12 16    -3.21     3.27     0.47    -563.3     23.31    -44.09     0.922      42706    0    0    0    0    0
2015  6 24 12 17    -3.03     2.95     0.87    -562.5     36.33    -50.02     0.868      42301    0    0    0    0    0
2015  6 24 12 18    -2.99     2.71     0.96    -559.7     44.12    -50.77     0.861      42623    0    0    0    0    0
2015  6 24 12 19    -3.26     2.27     1.11    -557.4     47.24    -49.39     0.906      43935    0    0    0    0    0
2015  6 24 12 20    -3.55     1.99     1.18    -556.3     45.46    -47.57     0.957      45854    0    0    0    0    0
2015  6 24 12 21    -3.60     1.99     1.10    -556.1     41.01    -45.95     0.970      47897    0    0    0    0    0
2015  6 24 12 22    -3.58     2.02     1.08    -556.4     35.79    -41.35     0.977      49869    0    0    0    0    0
2015  6 24 12 23    -3.45     2.31     0.87    -557.1     28.62    -33.12     0.995      50696    0    0    0    0    0
2015  6 24 12 24    -3.45     2.50     0.46    -555.9     26.06    -28.90     1.008      50696    0    0    0    0    0
2015  6 24 12 25    -3.67     2.25    -0.10    -553.1     28.22    -29.23     1.004      51680    0    0    0    0    0
2015  6 24 12 26    -3.84     1.55    -0.84    -550.3     31.34    -29.10     0.995      54237    0    0    0    0    0
2015  6 24 12 27    -3.92     1.46    -0.90    -547.2     41.22    -21.46     0.989      54237    0    0    0    0    0
2015  6 24 12 28    -3.97     1.55    -0.90    -546.3     44.12    -17.96     0.980      53308    0    0    0    0    0
2015  6 24 12 29    -3.92     1.95    -0.90    -548.0     36.78    -17.94     0.978      53154    0    0    0    0    0
2015  6 24 12 30    -3.70     2.48    -1.07    -548.9     28.46    -18.12     0.991      56875    0    0    0    0    0
2015  6 24 12 31    -3.66     2.60    -1.07    -549.1     25.90    -18.04     0.965      56710    0    0    0    0    0
2015  6 24 12 32    -3.63     2.62    -1.09    -549.2     27.22    -15.10     0.950      51813    0    0    0    0    0
2015  6 24 12 33    -3.71     2.63    -1.09    -549.5     26.08    -14.68     0.951      48665    0    0    0    0    0
2015  6 24 12 34    -3.74     2.62    -1.19    -549.4     29.40    -16.64     0.973      48884    0    0    0    0    0
2015  6 24 12 35    -3.90     2.37    -1.11    -546.4     30.94    -16.86     0.968      53265    0    0    0    0    0
2015  6 24 12 36    -4.09     2.12    -1.04    -546.1     30.97    -15.63     0.981      53995    0    0    0    0    0
2015  6 24 12 37    -3.72     2.19    -1.62    -554.7     30.87     -4.08     0.986      45996    0    0    0    0    0
2015  6 24 12 38    -3.74     2.13    -1.80    -554.4     33.35     -4.32     0.992      43600    0    0    0    0    0
2015  6 24 12 39    -3.86     2.07    -1.62    -553.5     36.49     -6.05     0.992      42217    0    0    0    0    0
2015  6 24 12 40    -3.89     2.04    -1.64    -551.6     36.67     -6.02     0.977      43053    0    0    0    0    0
2015  6 24 12 41    -3.88     2.04    -1.65    -550.1     34.97     -6.80     0.999      47606    0    0    0    0    0
2015  6 24 12 42    -3.78     2.06    -1.48    -549.6     32.16     -7.30     0.991      54967    0    0    0    0    0
2015  6 24 12 43    -3.70     2.14    -1.12    -550.1     30.21    -12.64     0.998      54575    0    0    0    0    0
2015  6 24 12 44    -3.66     2.35    -1.08    -550.7     29.71    -14.90     0.967      49745    0    0    0    0    0
2015  6 24 12 45    -3.69     2.35    -1.19    -551.1     28.27    -16.35     0.955      44374    0    0    0    0    0
2015  6 24 12 46    -3.70     2.34    -1.21    -550.1     28.55    -18.22     0.951      41604    0    0    0    0    0
2015  6 24 12 47    -3.71     2.32    -1.31    -547.3     32.46    -20.33     0.927      41155    0    0    0    0    0
2015  6 24 12 48    -3.85     2.14    -1.31    -545.8     37.41    -20.32     0.905      39150    0    0    0    0    0
2015  6 24 12 49    -3.86     1.72    -1.33    -545.4     42.00    -19.29     0.898      38751    0    0    0    0    0
2015  6 24 12 50    -3.90     1.60    -1.31    -544.9     38.06    -18.43     0.934      41834    0    0    0    0    0
2015  6 24 12 51    -3.87     1.85    -1.15    -544.4     35.61    -17.29     0.956      42802    0    0    0    0    0
2015  6 24 12 52    -3.85     2.31    -0.92    -544.3     34.53    -18.91     0.955      42827    0    0    0    0    0
2015  6 24 12 53    -3.88     2.38    -0.81    -545.5     32.41    -20.89     0.929      44629    0    0    0    0    0
2015  6 24 12 54    -3.86     2.26    -0.85    -546.7     31.10    -21.54     0.912      45039    0    0    0    0    0
2015  6 24 12 55    -3.74     2.44    -1.01    -548.4     29.85    -17.06     0.910      48417    0    0    0    0    0
2015  6 24 12 56    -3.69     2.59    -1.43    -552.0     25.62    -10.46     0.915      47220    0    0    0    0    0
2015  6 24 12 57    -3.70     2.48    -1.75    -551.8     25.32    -10.12     0.911      42285    0    0    0    0    0
2015  6 24 12 58    -3.74     2.35    -1.77    -550.2     24.99    -12.43     0.945      43143    0    0    0    0    0
2015  6 24 12 59    -3.76     2.32    -1.64    -550.0     25.56    -15.17     1.011      51417    0    0    0    0    0
2015  6 24 13  0    -3.86     2.41    -1.37    -549.0     26.80    -15.74     1.047      56322    0    0    0    0    0
2015  6 24 13  1    -3.90     2.40    -1.24    -548.1     29.40    -17.08     1.057      56322    0    0    0    0    0
2015  6 24 13  2    -3.91     2.45    -1.19    -547.3     30.32    -18.88     1.061      55046    0    0    0    0    0
2015  6 24 13  3    -3.91     2.48    -1.08    -547.3     30.43    -19.03     1.047      54936    0    0    0    0    0
2015  6 24 13  4    -3.92     2.49    -1.05    -548.1     30.16    -13.60     1.052      54763    0    0    0    0    0
2015  6 24 13  5    -3.89     2.38    -1.27    -550.2     30.66    -10.01     1.007      52089    0    0    0    0    0
2015  6 24 13  6    -3.73     2.58    -1.33    -551.0     29.06     -8.47     1.000      50568    0    0    0    0    0
2015  6 24 13  7    -3.81     2.64    -1.31    -551.6     26.11    -10.90     1.009      50060    0    0    0    0    0
2015  6 24 13  8    -3.89     2.71    -1.06    -554.6     19.96    -19.82     0.995      50114    0    0    0    0    0
2015  6 24 13  9    -3.93     2.73    -0.69    -555.8     15.60    -26.20     0.952      50216    0    0    0    0    0
2015  6 24 13 10    -3.76     2.70    -0.90    -559.2     12.29    -23.51     0.928      50216    0    0    0    0    0
2015  6 24 13 11    -3.73     2.61    -1.42    -560.7     12.21    -16.43     0.920      45367    0    0    0    0    0
2015  6 24 13 12    -3.78     2.58    -1.43    -556.5     16.02    -15.71     0.942      42727    0    0    0    0    0
2015  6 24 13 13    -3.86     2.56    -1.26    -551.0     21.77    -17.40     0.967      41920    0    0    0    0    0
2015  6 24 13 14    -4.02     2.48    -1.17    -546.6     30.63    -18.62     0.973      41920    0    0    0    0    0
2015  6 24 13 15    -4.01     2.54    -1.09    -549.6     24.66    -22.55     0.984      45563    0    0    0    0    0
2015  6 24 13 16    -4.03     2.58    -0.91    -547.4     30.84    -22.86     0.993      47126    0    0    0    0    0
2015  6 24 13 17    -3.81     2.88    -1.17    -554.7     21.18    -15.79     1.039      47272    0    0    0    0    0
2015  6 24 13 18    -3.66     3.01    -1.28    -556.4     19.03    -10.31     1.019      47272    0    0    0    0    0
2015  6 24 13 19    -3.59     3.14    -1.22    -556.8     16.42     -9.77     0.999      47307    0    0    0    0    0
2015  6 24 13 20    -3.63     3.20    -1.21    -558.4     14.20    -10.40     1.018      49719    0    0    0    0    0
2015  6 24 13 21    -3.67     3.18    -1.27    -560.0     13.50    -11.03     1.087      51784    0    0    0    0    0
2015  6 24 13 22    -3.43     3.07    -1.38    -561.8     13.28    -11.20     1.074      51953    0    0    0    0    0
2015  6 24 13 23    -3.56     2.95    -1.30    -559.7     15.12    -13.63     1.044      45101    0    0    0    0    0
2015  6 24 13 24    -3.70     2.93    -1.20    -557.2     19.18    -17.30     1.021      41389    0    0    0    0    0
2015  6 24 13 25    -3.72     3.00    -1.04    -556.2     22.65    -23.26     0.996      41423    0    0    0    0    0
2015  6 24 13 26    -3.77     3.07    -0.77    -556.8     21.56    -25.93     0.978      42724    0    0    0    0    0
2015  6 24 13 27    -3.83     3.08    -0.46    -563.0     16.67    -23.84     0.952      44078    0    1    1    1    1
2015  6 24 13 28    -3.83     3.10    -0.04    -570.8     16.44    -30.09     0.919      44662    0    1    1    1    1
2015  6 24 13 29    -3.67     3.15     0.11    -576.1     19.69    -38.27     0.906      46910    0    1    1    1    1
2015  6 24 13 30    -3.59     3.03    -0.02    -575.0     25.50    -42.91     0.930      48559    0    0    0    0    0
2015  6 24 13 31    -3.42     2.97    -0.22    -571.0     28.31    -43.87     0.966      49867    0    0    0    0    0
2015  6 24 13 32    -3.14     3.13    -0.33    -566.9     26.48    -43.24     0.995      51038    0    0    0    0    0
2015  6 24 13 33    -4.49     4.21     0.07    -609.8     -7.43    -45.66     1.049      54937    0    1    1    1    1
2015  6 24 13 34    -7.28     6.42     2.08    -670.6    -25.47    -75.42     1.364      60672    0    1    1    2    2
2015  6 24 13 35    -7.19     7.16     1.04    -680.0    -28.85    -75.14     1.505      64028    0    0    0    1    1
2015  6 24 13 36    -7.21     7.41    -0.40    -679.0    -27.21    -72.86     1.530      66720    0    0    0    1    1
2015  6 24 13 37    -7.45     7.09     0.31    -679.7    -25.84    -86.83     1.544      69849    0    0    0    1    1
2015  6 24 13 38    -7.57     6.13     3.04    -683.8    -27.21   -111.38     1.523      74399    0    1    1    1    1
2015  6 24 13 39    -7.65     5.20     3.88    -699.3    -31.51   -100.52     1.384      82017    0    1    1    2    2
2015  6 24 13 40    -7.48     4.93     3.71    -702.9    -33.90    -92.23     1.285      87373    0    1    1    1    1
2015  6 24 13 41    -7.22     4.08     3.34    -706.9    -34.18    -94.05     1.220      92733    0    0    0    1    1
2015  6 24 13 42    -7.70     4.05     3.41    -705.5    -28.18   -100.54     1.235      97171    0    1    1    1    1
2015  6 24 13 43    -8.18     3.94     3.49    -701.8    -19.99   -105.88     1.273     101086    0    1    1    2    2
2015  6 24 13 44    -8.86     3.69     3.95    -698.5    -11.75   -107.70     1.311     104826    0    1    1    2    2
2015  6 24 13 45    -7.89     2.95     3.93    -694.6     -2.77   -114.85     1.348     108242    0    1    1    2    2
2015  6 24 13 46    -7.60     0.81     4.38    -691.3      7.94   -114.06     1.385     111655    0    1    1    2    2
2015  6 24 13 47    -7.52    -2.41     5.14    -688.0     19.06   -110.32     1.423     109458    0    2    2    2    2
2015  6 24 13 48    -7.98    -2.22     4.76    -684.8     30.17   -106.00     1.461     111700    0    2    2    2    2
2015  6 24 13 49    -8.60    -0.93     4.20    -681.2     32.12   -101.54     1.479     117019    0    1    1    1    1
2015  6 24 13 50    -8.85    -0.22     3.95    -677.4     24.00    -96.74     1.471     132043    0    0    0    1    1
2015  6 24 13 51    -8.27     1.38     2.98    -675.9     12.56    -91.36     1.450     161673    0    0    0    1    1
2015  6 24 13 52    -6.67     5.41     1.04    -687.3     -9.15    -83.98     1.439     160564    0    1    0    1    1
2015  6 24 13 53    -6.48     7.96     1.33    -699.3    -28.48    -75.99     1.471     155646    0    1    0    2    2
2015  6 24 13 54    -7.21     7.94     2.12    -703.1    -35.53    -67.54     1.452     150732    0    1    0    2    2
2015  6 24 13 55    -7.44     7.70     2.51    -704.6    -34.94    -58.22     1.433     145732    0    1    0    2    2
2015  6 24 13 56    -7.30     6.71     3.56    -706.4    -33.38    -48.87     1.410     140268    0    1    0    2    2
2015  6 24 13 57    -7.22     6.67     3.40    -708.7    -21.44    -48.44     1.386     136734    0    1    0    1    1
2015  6 24 13 58    -7.08     8.55     1.16    -709.6     -8.18    -49.38     1.360     136506    0    0    0    1    1
2015  6 24 13 59    -6.43     9.47    -0.43    -715.5    -19.63    -37.92     1.327     140458    0    0    0    2    1
2015  6 24 14  0    -5.65     9.86    -0.76    -717.6    -24.82    -34.93     1.299     146454    0    0    0    2    2
2015  6 24 14  1    -5.48     9.90     0.69    -719.5    -14.18    -44.19     1.271     149046    0    0    0    1    1
2015  6 24 14  2    -7.31     7.73     3.81    -723.0      9.32    -74.06     1.241     149299    0    0    0    1    1
2015  6 24 14  3    -6.82     7.90     3.10    -724.1      6.09    -74.43     1.210     147985    0    1    0    2    2
2015  6 24 14  4    -5.32     8.60     2.66    -724.3    -18.47    -68.63     1.178     145255    0    1    0    2    2
2015  6 24 14  5    -4.62     9.88     1.58    -724.8    -40.76    -53.28     1.144     142291    0    1    0    2    2
2015  6 24 14  6    -4.74     8.78     1.35    -726.3    -49.32    -49.63     1.188     139053    0    1    0    2    2
2015  6 24 14  7    -5.36     9.71     1.24    -725.9    -51.54    -46.35     1.227     135807    0    1    1    2    2
2015  6 24 14  8    -5.95     9.69     0.89    -723.6    -51.74    -43.04     1.263     133353    0    1    1    2    2
2015  6 24 14  9    -6.15     9.83    -0.08    -721.3    -39.99    -44.39     1.312     133312    0    1    1    2    1
2015  6 24 14 10    -6.78     9.46     0.36    -722.7    -26.61    -49.60     1.371     162985    0    0    0    2    1
2015  6 24 14 11    -6.73     8.78     0.88    -721.7    -15.97    -51.77     1.430     167079    0    0    0    2    1
2015  6 24 14 12    -6.08     9.22     0.39    -722.7     -5.57    -56.31     1.506     167290    0    0    0    2    1
2015  6 24 14 13    -3.54    10.27    -2.17    -726.5     -8.11    -37.93     1.590     165868    0    0    0    2    1
2015  6 24 14 14    -2.79    10.56    -2.52    -726.1     -1.03    -35.39     1.660     162292    0    0    0    2    1
2015  6 24 14 15    -3.45    10.00    -1.06    -723.4      5.34    -36.89     1.720     161425    0    0    0    2    1
2015  6 24 14 16    -4.53     8.97     0.31    -717.0      8.62    -49.88     1.766     161397    0    0    0    2    1
2015  6 24 14 17    -5.90     7.47     1.61    -707.0      9.14    -68.05     1.801     161640    0    0    0    2    1
2015  6 24 14 18    -7.41     5.75     2.89    -695.5      8.42    -88.45     1.832     161997    0    0    0    2    1
2015  6 24 14 19    -8.26     5.30     2.60    -693.2     10.73   -100.56     1.873     164842    0    0    0    2    1
2015  6 24 14 20    -8.55     5.48     1.26    -691.7     18.22    -93.17     1.907     167392    0    0    0    2    1
2015  6 24 14 21    -4.25     7.72    -3.81    -756.5      1.47    -56.51     2.084     191734    0    0    0    2    1
2015  6 24 14 22    -2.72     8.36    -4.30    -748.4     -2.54    -51.62     2.111     197784    0    0    0    2    1
2015  6 24 14 23    -1.26     8.95    -4.42    -749.4     -7.80    -44.44     2.150     206353    0    0    0    2    1
2015  6 24 14 24    -0.81     9.59    -3.47    -749.2     -6.74    -40.33     2.208     213434    0    0    0    2    1
2015  6 24 14 25    -0.89     9.97    -2.57    -742.0     -7.88    -44.11     2.254     217967    0    0    0    2    1
2015  6 24 14 26    -1.30    10.16    -2.07    -734.1     -7.82    -48.16     2.301     222200    0    0    0    1    1
2015  6 24 14 27    -2.20    10.11    -1.82    -726.8     -3.23    -50.43     2.350     226646    0    0    0    0    1
2015  6 24 14 28    -3.99     9.60    -0.05    -719.5     15.20    -51.09     2.399     231316    0    0    0    0    1
2015  6 24 14 29    -6.19     8.79     0.38    -717.5     10.50    -64.02     2.464     237530    0    0    0    0    1
2015  6 24 14 30    -6.77     8.47     0.75    -719.4     11.57    -60.83     2.538     244877    0    0    0    0    0
2015  6 24 14 31    -6.06     6.23     1.40    -733.4      6.89    -62.03     2.640     255533    0    0    0    0    2
2015  6 24 14 32    -5.23     6.77     0.97    -731.5      5.85    -59.61     2.702     262873    0    0    0    0    2
2015  6 24 14 33    -4.96     7.48     0.40    -726.6      2.63    -57.78     2.753     270058    0    0    0    0    1
2015  6 24 14 34    -4.53     9.00    -1.04    -730.0     -1.12    -57.82     2.822     280351    0    0    0    0    0
2015  6 24 14 35    -3.81    10.02    -1.03    -729.6    -11.09    -58.26     2.883     289493    0    0    0    0    0
2015  6 24 14 36    -4.62     9.68    -0.94    -724.3     -9.85    -57.64     2.935     296950    0    0    0    0    0
2015  6 24 14 37    -6.06     9.04     0.95    -723.2     -7.83    -57.14     2.995     306097    0    0    0    0    0
2015  6 24 14 38    -6.40     6.50     4.29    -719.7     -8.06    -63.92     3.048     315749    0    0    0    0    0
2015  6 24 14 39    -6.52     5.96     5.06    -716.2     -3.72    -68.40     3.101     325809    0    0    0    0    0
2015  6 24 14 40    -6.11     6.95     4.93    -715.8      0.13    -68.79     3.158     318690    0    0    0    0    0
2015  6 24 14 41    -5.38     8.82     3.59    -729.9     -1.92    -65.08     3.239     323912    0    0    0    0    2
2015  6 24 14 42    -3.77     9.69     3.03    -737.6    -16.55    -54.87     3.303     333956    0    0    0    0    2
2015  6 24 14 43    -2.56    10.33     2.35    -738.6    -25.24    -46.39     3.354     342216    0    0    0    0    2
2015  6 24 14 44    -2.11    10.72     1.52    -740.2    -21.66    -43.88     3.404     350624    0    0    0    0    2
2015  6 24 14 45    -2.11    10.67     1.18    -739.8    -11.09    -46.63     3.453     358509    0    0    0    0    2
2015  6 24 14 46    -2.17    10.34     1.54    -736.4     -5.36    -48.36     3.501     365625    0    1    0    1    2
2015  6 24 14 47    -2.38    10.02     1.86    -733.3     -7.02    -48.14     3.559     372831    0    1    0    2    2
2015  6 24 14 48    -2.95    10.06     1.49    -734.8    -10.57    -46.12     3.701     381205    0    1    0    1    2
2015  6 24 14 49    -3.32    10.28     0.93    -737.6     -9.88    -44.89     3.848     389927    0    0    0    0    2
2015  6 24 14 50    -2.98    10.45     0.84    -746.4     -0.76    -51.30     3.836     400142    0    0    0    0    2
2015  6 24 14 51    -2.21    10.47     0.77    -746.7      5.75    -53.80     3.836     402243    0    0    0    0    1
2015  6 24 14 52    -1.79    10.49     0.75    -735.7      6.38    -53.62     3.713     368698    0    0    0    0    0
2015  6 24 14 53    -1.51    10.52     0.75    -721.9      5.35    -53.13     3.546     322954    0    0    0    0    0
2015  6 24 14 54    -4.14     9.87     0.66    -717.2     -5.98    -47.96     3.521     316093    0    0    0    0    0
2015  6 24 14 55    -5.48     9.09     0.72    -716.1     -8.12    -46.96     3.563     351971    0    0    0    0    0
2015  6 24 14 56    -6.22     7.70     1.03    -714.4      6.43    -53.40     3.579     366563    0    0    0    0    0
2015  6 24 14 57    -6.42     7.23     1.72    -712.6     14.02    -56.54     3.575     367139    0    0    0    0    0
2015  6 24 14 58    -6.47     7.09     2.09    -710.2     17.81    -57.68     3.540     370330    0    0    0    0    0
2015  6 24 14 59    -6.34     6.72     2.07    -709.8     21.58    -58.93     3.488     373184    0    0    0    0    0
2015  6 24 15  0    -5.89     5.66     2.64    -709.3     30.88    -65.46     3.413     372384    0    1    0    1    1
2015  6 24 15  1    -5.67     4.46     3.60    -706.4     44.73    -76.60     3.315     370886    0    1    0    2    2
2015  6 24 15  2    -5.75     3.82     4.08    -703.9     43.35    -74.88     3.215     369366    0    1    0    2    2
2015  6 24 15  3    -6.05     3.52     3.46    -702.0     17.79    -48.76     3.113     367802    0    1    0    1    1
2015  6 24 15  4    -6.57     5.28     1.79    -700.8      2.78    -35.29     3.021     353584    0    0    0    0    0
2015  6 24 15  5    -6.66     6.21     1.53    -703.5      4.78    -41.85     2.992     281693    0    0    0    0    0
2015  6 24 15  6    -7.34     5.61     1.88    -705.9      4.23    -48.93     3.013     265165    0    0    0    0    0
2015  6 24 15  7    -7.44     5.39     2.51    -704.8      0.91    -49.63     3.174     281801    0    0    0    0    0
2015  6 24 15  8    -6.86     5.63     3.02    -700.5     -4.35    -51.22     3.549     327412    0    0    0    0    0
2015  6 24 15  9    -6.76     5.30     3.56    -697.4     -4.42    -51.81     4.097     373801    0    0    0    0    0
2015  6 24 15 10    -6.82     4.87     3.74    -696.2      3.19    -59.72     4.075     411612    0    0    0    0    0
2015  6 24 15 11    -6.82     3.16     4.44    -696.2      6.24    -59.99     4.075     411612    0    0    0    0    0
2015  6 24 15 12    -7.20     3.19     4.42    -696.9      6.35    -60.22     3.867     412234    0    0    0    0    0
2015  6 24 15 13    -7.12     4.30     4.28    -695.7      6.35    -60.20     3.867     430890    0    0    0    0    0
2015  6 24 15 14    -7.04     5.39     4.28    -695.6    -10.17    -60.17     3.867     431512    0    0    0    0    0
2015  6 24 15 15    -6.93     6.20     3.17    -695.8      5.51    -49.96     3.594     321765    0    0    0    0    0
2015  6 24 15 16    -6.71     6.42     3.08    -697.3      6.93    -49.32     3.589     319872    0    0    0    0    0
2015  6 24 15 17    -6.48     7.21     2.98    -704.1      4.35    -55.22     3.658     325114    0    0    0    0    0
2015  6 24 15 18    -6.17     7.48     2.78    -707.6     -7.86    -53.51     3.828     338016    0    0    0    0    0
2015  6 24 15 19    -6.14     7.61     2.53    -705.3    -10.46    -51.78     3.828     338016    0    0    0    0    0
2015  6 24 15 20    -6.47     7.20     2.34    -703.2      6.12    -53.34     3.726     313471    0    0    0    0    0
2015  6 24 15 21    -7.28     6.21     1.93    -697.1     16.86    -57.18     3.430     242289    0    0    0    0    0
2015  6 24 15 22    -7.23     6.41     1.84    -695.6     20.89    -57.11     3.403     242289    0    0    0    0    0
2015  6 24 15 23    -7.09     6.21     1.85    -695.9     20.64    -56.37     3.451     255980    0    1    0    1    1
2015  6 24 15 24    -7.05     6.04     2.93    -693.3     20.63    -56.34     3.496     268480    0    1    0    2    2
2015  6 24 15 25    -7.04     5.68     3.66    -693.7     17.95    -57.09     3.546     282630    0    1    0    2    2
2015  6 24 15 26    -7.05     5.08     4.98    -694.9     17.49    -58.00     3.599     297264    0    1    0    1    1
2015  6 24 15 27    -7.04     5.11     4.97    -699.0     20.35    -64.00     3.539     315487    0    0    0    0    0
2015  6 24 15 28    -6.92     5.98     3.58    -701.2     17.51    -62.23     3.547     333514    0    0    0    0    0
2015  6 24 15 29    -6.30     7.15     1.92    -701.4      8.04    -53.44     3.679     350626    0    0    0    0    0
2015  6 24 15 30    -5.90     7.48     1.56    -700.4     20.45    -48.57     4.105     364839    0    0    0    0    0
2015  6 24 15 31    -5.95     7.33     1.89    -698.9     21.20    -50.40     4.188     361728    0    0    0    0    0
2015  6 24 15 32    -6.38     6.06     3.05    -694.5     25.21    -65.48     4.008     335061    0    0    0    0    0
2015  6 24 15 33    -6.95     5.40     3.10    -692.7     26.95    -75.23     3.790     332839    0    0    0    0    0
2015  6 24 15 34    -6.92     4.99     3.20    -693.0     28.99    -84.49     3.756     347120    0    0    0    0    0
2015  6 24 15 35    -6.55     5.57     3.32    -700.1     30.26    -83.67     3.978     370004    0    0    0    0    0
2015  6 24 15 36    -4.43     7.39     1.39    -699.5     29.05    -75.44     4.148     373600    0    0    0    0    0
2015  6 24 15 37    -4.55     7.47     1.41    -698.9     25.05    -62.06     4.186     372424    0    0    0    0    0
2015  6 24 15 38    -5.58     5.94     1.81    -698.1     19.37    -49.58     4.222     361145    0    0    0    0    0
2015  6 24 15 39    -5.06     6.20     1.61    -700.5     16.58    -42.84     4.185     355847    0    0    0    0    0
2015  6 24 15 40    -5.10     7.03     1.15    -700.0      0.49    -43.54     3.931     345898    0    0    0    0    0
2015  6 24 15 41    -5.53     7.79    -0.20    -697.1      8.27    -47.95     3.639     334233    0    1    1    0    0
2015  6 24 15 42    -6.32     7.05     0.64    -693.0     17.66    -55.16     3.639     334233    0    1    1    0    0
2015  6 24 15 43    -6.52     5.67     1.43    -690.9     20.92    -63.12     3.819     369862    0    1    2    0    0
2015  6 24 15 44    -6.57     4.90     1.80    -690.4     23.36    -71.54     3.865     418233    0    1    2    0    0
2015  6 24 15 45    -6.43     4.76     1.65    -689.0     25.24    -87.84     3.825     429936    0    1    1    0    0
2015  6 24 15 46    -5.58     5.06     2.09    -698.6     25.66    -96.53     3.714     408031    0    0    0    0    0
2015  6 24 15 47    -5.53     4.99     1.94    -704.0     23.24    -95.85     3.732     392845    0    0    0    0    0
2015  6 24 15 48    -6.06     4.61     2.44    -704.1     21.99    -94.31     3.818     384976    0    1    1    1    1
2015  6 24 15 49    -7.18     3.38     4.02    -701.7     28.10    -96.15     3.943     378002    0    1    1    2    2
2015  6 24 15 50    -7.17     1.69     5.52    -699.4     33.56    -91.20     4.069     371002    0    1    1    2    2
2015  6 24 15 51    -7.11     1.46     5.73    -697.8     38.81    -86.63     4.199     364170    0    1    0    1    1
2015  6 24 15 52    -7.04     1.54     5.74    -698.9     41.88    -79.83     4.326     364250    0    0    0    0    0
2015  6 24 15 53    -7.25     1.58     5.68    -698.6     43.81    -72.42     4.291     364974    0    0    0    0    0
2015  6 24 15 54    -7.14     2.03     5.61    -697.2     44.44    -69.62     4.231     364109    0    0    0    0    0
2015  6 24 15 55    -7.12     2.89     5.43    -697.4     34.72    -69.46     4.207     339033    0    0    0    0    0
2015  6 24 15 56    -6.95     4.22     4.84    -697.3     34.59    -65.62     4.166     339079    0    0    0    0    0
2015  6 24 15 57    -6.93     4.29     4.66    -697.0     35.81    -65.40     4.165     340477    0    0    0    0    0
2015  6 24 15 58    -6.96     4.18     4.41    -697.6     35.81    -65.61     4.148     343488    0    1    0    1    1
2015  6 24 15 59    -6.27     5.06     3.42    -705.4     31.95    -61.08     4.225     347316    0    1    0    2    2
2015  6 24 16  0    -5.53     6.04     2.14    -708.0     24.50    -56.25     4.290     350544    0    1    0    2    2
2015  6 24 16  1    -5.36     6.78     2.13    -708.3     21.04    -61.70     4.349     353248    0    1    0    1    1
2015  6 24 16  2    -5.30     7.15     2.17    -708.3     24.27    -66.43     4.373     354840    0    0    0    0    0
2015  6 24 16  3    -5.44     6.99     2.59    -708.6     28.22    -70.82     4.374     360486    0    0    0    0    0
2015  6 24 16  4    -5.41     5.26     3.90    -708.6     28.73    -75.45     4.368     372652    0    1    1    1    1
2015  6 24 16  5    -5.04     3.26     4.19    -708.6     28.34    -81.15     4.324     385379    0    1    1    2    2
2015  6 24 16  6    -4.64     3.42     3.08    -707.9     29.78    -85.97     4.280     397890    0    1    1    1    1
2015  6 24 16  7    -4.89     3.96     2.69    -706.6     33.98    -92.03     4.233     409777    0    0    0    0    0
2015  6 24 16  8    -5.53     4.45     2.55    -704.4     36.60    -97.38     4.181     419009    0    0    0    0    0
2015  6 24 16  9    -6.20     4.77     3.45    -705.6     40.59    -91.77     4.139     425122    0    0    0    0    0
2015  6 24 16 10    -6.41     3.62     4.71    -705.1     43.89    -86.87     4.175     429023    0    0    0    0    0
2015  6 24 16 11    -6.34     2.87     5.11    -703.9     47.17    -81.35     4.258     427230    0    0    0    0    0
2015  6 24 16 12    -6.24     3.28     4.90    -703.4     50.60    -74.08     4.285     419592    0    0    0    0    0
2015  6 24 16 13    -5.99     4.17     4.47    -702.1     52.75    -69.38     4.309     411008    0    0    0    0    0
2015  6 24 16 14    -5.84     4.26     4.70    -703.2     47.79    -71.59     4.339     411484    0    1    0    1    1
2015  6 24 16 15    -5.91     4.09     5.31    -707.8     52.16    -79.57     4.396     413663    0    1    0    2    2
2015  6 24 16 16    -6.00     4.18     5.33    -710.0     52.79    -85.02     4.450     415688    0    1    0    2    2
2015  6 24 16 17    -5.96     4.45     5.25    -709.7     53.57    -89.84     4.498     416605    0    1    0    1    1
2015  6 24 16 18    -6.04     4.85     4.51    -706.6     53.68    -89.85     4.521     402236    0    0    0    0    0
2015  6 24 16 19    -6.19     5.32     3.39    -701.3     52.54    -88.77     4.495     378116    0    0    0    0    0
2015  6 24 16 20    -6.39     5.25     3.36    -697.7     49.25    -87.04     4.385     378116    0    0    0    0    0
2015  6 24 16 21    -6.78     2.75     4.14    -699.8     44.16    -80.07     4.247     377662    0    0    0    0    0
2015  6 24 16 22    -6.40     3.21     4.17    -699.0     42.69    -79.07     4.187     374168    0    0    0    0    0
2015  6 24 16 23    -6.40     3.75     3.73    -694.9     41.71    -73.95     4.187     370055    0    0    0    0    0
2015  6 24 16 24    -6.44     4.70     2.97    -692.4     35.27    -66.52     4.155     357351    0    0    0    0    0
2015  6 24 16 25    -6.53     5.03     2.43    -691.6     33.81    -63.40     4.174     355131    0    0    0    0    0
2015  6 24 16 26    -6.24     6.32     0.90    -693.9     18.17    -47.63     4.098     356236    0    0    0    0    0
2015  6 24 16 27    -5.95     6.88     0.71    -695.7     15.40    -45.46     4.088     357545    0    0    0    0    0
2015  6 24 16 28    -5.22     7.70     0.32    -701.9      6.42    -42.43     4.165     378067    0    0    0    0    0
2015  6 24 16 29    -4.88     7.97    -0.02    -706.8      4.96    -40.51     4.234     392992    0    0    0    0    0
2015  6 24 16 30    -4.56     8.27    -0.19    -705.2     10.27    -39.74     4.224     396302    0    0    0    0    0
2015  6 24 16 31    -4.47     8.37     0.09    -701.8     18.90    -40.59     4.181     402773    0    0    0    0    0
2015  6 24 16 32    -4.59     8.63     0.06    -703.2     19.24    -44.86     4.094     419075    0    0    0    0    0
2015  6 24 16 33    -4.77     8.54    -0.06    -704.7     22.42    -49.75     4.094     420525    0    0    0    0    0
2015  6 24 16 34    -4.66     8.71    -0.05    -705.0     29.54    -54.18     4.054     414875    0    0    0    0    0
2015  6 24 16 35    -4.68     8.74    -0.06    -703.5     28.11    -53.92     3.938     397276    0    0    0    0    0
2015  6 24 16 36    -4.63     8.83    -0.13    -702.9     23.55    -52.22     3.855     382528    0    0    0    0    0
2015  6 24 16 37    -4.44     9.03    -0.34    -703.6     21.50    -50.70     3.855     384303    0    0    0    0    0
2015  6 24 16 38    -4.44     8.81    -0.24    -705.8     19.10    -56.61     3.894     389186    0    0    0    0    0
2015  6 24 16 39    -4.47     8.30     0.69    -710.2     19.53    -66.10     3.967     370142    0    0    0    0    0
2015  6 24 16 40    -4.38     8.03     1.51    -709.7     21.83    -72.45     3.963     351098    0    0    0    0    0
2015  6 24 16 41    -4.61     7.80     1.92    -708.1     23.63    -74.82     3.942     363035    0    0    0    0    0
2015  6 24 16 42    -5.04     7.97     1.52    -705.0     23.99    -75.42     3.825     378809    0    0    0    0    0
2015  6 24 16 43    -4.93     8.12     0.85    -701.9     26.46    -76.71     3.623     378240    0    0    0    0    0
2015  6 24 16 44    -4.95     7.71     0.93    -701.6     29.67    -80.63     3.608     375464    0    1    1    1    1
2015  6 24 16 45    -6.23     5.95     1.16    -699.3     29.48    -86.66     3.638     372935    0    1    1    2    2
2015  6 24 16 46    -7.01     5.13     3.02    -697.3     33.55    -88.64     3.669     370457    0    1    1    1    1
2015  6 24 16 47    -6.98     5.80     2.90    -697.6     37.07    -89.48     3.703     370314    0    0    0    0    0
2015  6 24 16 48    -6.09     6.91     2.72    -698.7     40.25    -86.09     3.745     367328    0    0    0    0    0
2015  6 24 16 49    -5.07     6.80     2.83    -700.0     46.45    -81.90     3.740     360992    0    0    0    0    0
2015  6 24 16 50    -5.07     5.83     3.04    -693.6     50.30    -78.64     3.711     345264    0    0    0    0    0
2015  6 24 16 51    -7.22     3.94     4.35    -692.1     54.62    -79.99     3.623     343167    0    0    0    0    0
2015  6 24 16 52    -7.69     3.54     4.51    -694.1     57.38    -80.45     3.881     372681    0    0    0    0    0
2015  6 24 16 53    -6.92     5.63     3.70    -691.4     53.15    -76.44     3.865     375632    0    0    0    0    0
2015  6 24 16 54    -6.43     6.61     3.73    -691.3     42.29    -74.08     3.647     357541    0    0    0    0    0
2015  6 24 16 55    -6.97     6.33     3.09    -688.0     39.99    -73.72     3.457     353307    0    0    0    0    0
2015  6 24 16 56    -7.21     6.43     1.77    -688.6     30.10    -57.64     3.393     370920    0    0    0    0    0
2015  6 24 16 57    -6.07     7.22     1.22    -690.9     24.67    -48.80     3.514     382384    0    0    0    0    0
2015  6 24 16 58    -5.75     7.39     1.36    -691.8     41.29    -64.96     3.544     383396    0    0    0    0    0
2015  6 24 16 59    -7.62     5.36     1.96    -692.1     46.68    -70.25     3.591     387714    0    0    0    0    0
2015  6 24 17  0    -8.08     4.90     2.41    -692.2     46.17    -68.16     3.599     430219    0    0    0    0    0
2015  6 24 17  1    -7.52     5.63     2.55    -700.8     44.07    -66.43     3.706     500546    0    0    0    0    0
2015  6 24 17  2    -6.12     7.20     1.82    -701.0     42.65    -66.46     3.768     486897    0    0    0    0    0
2015  6 24 17  3    -6.22     7.00     1.74    -698.5     42.68    -67.17     3.736     415576    0    0    0    0    0
2015  6 24 17  4    -6.31     6.72     1.81    -691.1     44.34    -67.71     3.456     367907    0    0    0    0    0
2015  6 24 17  5    -6.91     5.55     2.34    -687.4     45.09    -67.52     3.226     330678    0    0    0    0    0
2015  6 24 17  6    -7.28     4.72     2.84    -685.5     43.47    -66.52     3.071     309723    0    0    0    0    0
2015  6 24 17  7    -7.32     5.20     2.58    -682.3     41.92    -65.24     3.018     303772    0    0    0    0    0
2015  6 24 17  8    -7.56     5.86     2.12    -678.2     41.54    -65.20     3.050     310105    0    0    0    0    0
2015  6 24 17  9    -8.11     5.57     2.24    -675.1     43.21    -68.10     3.128     331203    0    0    0    0    0
2015  6 24 17 10    -8.09     5.32     2.52    -673.5     50.52    -73.69     3.151     361004    0    0    0    0    0
2015  6 24 17 11    -8.00     4.45     2.99    -675.7     50.20    -80.57     3.132     360556    0    0    0    0    0
2015  6 24 17 12    -8.00     1.44     4.39    -676.4     49.97    -86.23     3.060     358839    0    0    0    0    0
2015  6 24 17 13    -8.19    -0.12     5.00    -677.0     55.06    -90.21     3.079     365675    0    0    0    0    0
2015  6 24 17 14    -8.12    -0.44     5.16    -678.1     59.88    -91.18     3.133     385271    0    0    0    0    0
2015  6 24 17 15    -8.03     0.36     4.12    -681.1     63.73    -91.20     3.125     383771    0    0    0    0    0
2015  6 24 17 16    -8.09     1.61     2.90    -686.7     65.14    -85.97     2.877     353689    0    0    0    0    0
2015  6 24 17 17    -8.24     2.09     3.64    -691.7     67.62    -76.96     2.457     319090    0    0    0    0    0
2015  6 24 17 18    -8.19     1.87     4.24    -693.8     70.45    -69.23     2.300     315049    0    0    0    0    0
2015  6 24 17 19    -8.19    -0.79     5.30    -700.5     72.70    -65.68     2.093     342013    0    0    0    0    0
2015  6 24 17 20    -8.26    -2.41     6.03    -702.2     66.45    -63.51     2.093     374175    0    0    0    0    0
2015  6 24 17 21    -8.26    -2.39     6.05    -702.7     66.09    -62.48     2.089     385934    0    0    0    0    0
2015  6 24 17 22    -8.26    -2.20     6.03    -699.7     67.43    -63.43     2.069     383717    0    0    0    0    0
2015  6 24 17 23    -8.33    -2.19     5.98    -697.8     75.09    -69.15     2.000     367999    0    0    0    0    0
2015  6 24 17 24    -8.36    -2.23     5.90    -689.4     75.09    -71.15     1.987     364952    0    0    0    0    0
2015  6 24 17 25    -8.39    -2.13     5.79    -687.2     73.72    -70.05     1.946     362397    0    0    0    0    0
2015  6 24 17 26    -8.42    -1.97     5.74    -688.0     71.08    -68.39     1.928     361685    0    0    0    0    0
2015  6 24 17 27    -8.56    -1.09     5.73    -689.0     70.01    -67.99     1.928     361685    0    0    0    0    0
2015  6 24 17 28    -8.64    -0.72     5.57    -691.9     71.53    -69.59     2.004     406190    0    0    0    0    0
2015  6 24 17 29    -8.57    -1.12     5.46    -692.5     73.56    -71.67     2.019     424357    0    0    0    0    0
2015  6 24 17 30    -8.47    -1.19     5.55    -690.7     79.07    -76.98     1.929     425956    0    0    0    0    0
2015  6 24 17 31    -8.45    -1.29     5.58    -689.8     80.77    -79.72     1.883     399423    0    0    0    0    0
2015  6 24 17 32    -8.55    -1.06     5.43    -689.5     78.97    -80.22     1.856     367612    0    1    0    1    1
2015  6 24 17 33    -8.61    -0.09     5.11    -689.5     75.78    -74.65     1.829     335966    0    1    0    2    2
2015  6 24 17 34    -8.66     0.95     5.02    -694.1     74.78    -76.34     1.796     299154    1    1    0    2    2
2015  6 24 17 35    -8.67     1.46     4.90    -694.5     66.56    -79.51     1.768     296591    1    1    0    1    1
2015  6 24 17 36    -8.45     2.76     4.50    -698.7     65.28    -80.75     1.932     540807    0    0    0    0    0
2015  6 24 17 37    -7.99     3.62     4.05    -694.3     64.46    -81.76     2.161     679791    0    0    0    0    0
2015  6 24 17 38    -7.52     4.36     3.61    -693.9     63.42    -83.89     2.272     797361    0    0    0    0    0
2015  6 24 17 39    -7.29     4.52     3.42    -693.9     62.77    -78.01     2.282     808880    0    0    0    0    0
2015  6 24 17 40    -7.46     4.07     3.45    -694.7     61.27    -77.31     2.196     723338    0    0    0    0    0
2015  6 24 17 41    -7.38     4.15     3.29    -685.9     57.93    -69.65     2.079     635683    0    0    0    0    0
2015  6 24 17 42    -7.04     4.78     3.01    -680.0     50.31    -61.84     2.001     548029    0    0    0    0    0
2015  6 24 17 43    -6.49     5.84     2.70    -678.9     32.34    -54.43     2.002     460375    0    1    0    1    0
2015  6 24 17 44    -6.19     6.21     2.52    -676.6     10.93    -47.76     2.025     372721    0    1    0    2    0
2015  6 24 17 45    -5.57     7.07     1.87    -678.0     -2.21    -43.68     2.053     285066    0    1    0    2    1
2015  6 24 17 46    -4.13     8.86     0.94    -684.8     -9.88    -42.07     2.086     197412    0    1    0    1    1
2015  6 24 17 47    -3.48     9.36     0.68    -687.3    -13.18    -41.62     2.243     199773    0    0    0    0    0
2015  6 24 17 48    -3.59     9.23     0.81    -686.8      5.28    -41.66     2.347     214765    0    0    0    0    0
2015  6 24 17 49    -4.03     8.84     1.35    -691.2     17.09    -47.73     2.362     222670    0    0    0    0    0
2015  6 24 17 50    -4.86     7.98     1.73    -698.6     19.33    -57.41     2.385     226132    0    0    0    0    0
2015  6 24 17 51    -4.66     8.14     1.65    -698.1     26.06    -59.03     2.665     265597    0    0    0    0    0
2015  6 24 17 52    -4.97     7.71     1.76    -707.4     42.87    -66.05     2.926     238254    0    0    0    0    0
2015  6 24 17 53    -4.45     7.57     1.50    -713.8     45.73    -69.94     2.875     152975    0    0    0    0    0
2015  6 24 17 54    -4.48     6.57     1.20    -713.9     45.14    -58.07     2.846     127154    0    0    0    0    0
2015  6 24 17 55    -4.61     6.02     1.02    -709.9     44.12    -51.81     2.846     141650    0    0    0    0    0
2015  6 24 17 56    -4.56     6.08     1.04    -705.1     45.30    -49.93     2.850     162412    0    0    0    0    0
2015  6 24 17 57    -4.68     6.15     1.25    -702.4     50.47    -48.43     2.841     190993    0    1    0    1    0
2015  6 24 17 58    -5.37     5.62     1.39    -700.5     53.62    -48.44     2.766     255945    0    1    0    2    0
2015  6 24 17 59    -6.29     4.91     2.04    -699.4     48.53    -50.90     2.689     320898    0    1    0    2    0
2015  6 24 18  0    -7.32     3.92     2.41    -702.1     50.68    -57.61     2.601     385850    0    1    1    1    1
2015  6 24 18  1    -7.63     3.34     2.50    -700.7     52.66    -61.17     2.539     450803    0    1    1    0    2
2015  6 24 18  2    -7.58     3.23     2.98    -700.6     54.73    -61.26     2.506     483399    0    1    1    0    2
2015  6 24 18  3    -7.60     2.88     2.98    -695.7     54.50    -60.95     2.343     528715    0    1    1    0    2
2015  6 24 18  4    -8.07     2.29     3.02    -695.4     51.75    -61.51     2.182     584253    0    1    0    0    1
2015  6 24 18  5    -8.21     2.26     3.11    -695.4     54.33    -61.68     2.152     586704    0    0    0    0    0
2015  6 24 18  6    -8.08     1.97     3.14    -699.5     56.17    -67.32     2.093     587408    0    0    0    0    2
2015  6 24 18  7    -8.16     1.66     3.10    -700.2     51.95    -72.47     2.041     588033    0    0    0    0    2
2015  6 24 18  8    -8.43     0.80     2.97    -697.8     48.23    -76.68     1.977     588582    0    0    0    0    2
2015  6 24 18  9    -8.48     0.62     2.77    -698.2     44.28    -76.45     1.922     589200    0    0    0    0    2
2015  6 24 18 10    -8.49     0.66     2.80    -697.6     44.03    -76.48     1.923     589800    0    0    0    0    2
2015  6 24 18 11    -8.45     0.89     2.86    -697.6     46.02    -76.50     1.943     590409    0    0    0    0    2
2015  6 24 18 12    -8.32     1.11     3.11    -698.0     40.96    -73.89     2.058     591029    0    0    0    0    2
2015  6 24 18 13    -8.24     1.17     3.21    -698.6     33.96    -67.78     2.182     591596    0    0    0    0    1
2015  6 24 18 14    -8.16     1.29     3.18    -697.7     26.62    -61.34     2.210     591465    0    0    0    0    0
2015  6 24 18 15    -7.67     2.09     2.74    -689.2     21.25    -56.63     2.210     589498    0    0    0    0    0
2015  6 24 18 16    -6.75     3.50     2.07    -683.2     15.30    -51.49     2.176     587002    0    0    0    0    1
2015  6 24 18 17    -5.90     4.63     1.49    -681.0      9.58    -45.85     2.144     583861    0    1    0    0    2
2015  6 24 18 18    -5.71     4.74     1.42    -683.3      4.79    -39.80     2.269     580122    0    1    0    0    2
2015  6 24 18 19    -6.24     4.59     1.94    -687.8     -0.17    -37.10     2.601     576100    0    1    0    0    1
2015  6 24 18 20    -7.12     4.22     2.43    -688.3      7.38    -37.34     2.701     562865    0    0    0    0    0
2015  6 24 18 21    -7.61     3.97     2.59    -687.2     15.56    -37.44     2.510     546751    0    0    0    0    1
2015  6 24 18 22    -7.89     3.68     2.27    -684.5     15.37    -37.18     2.367     531845    0    0    0    0    2
2015  6 24 18 23    -8.11     3.37     1.90    -682.0     12.29    -36.86     2.333     516661    0    0    0    0    2
2015  6 24 18 24    -8.19     2.89     2.05    -682.7     12.22    -36.79     2.333     499453    0    0    0    0    1
2015  6 24 18 25    -8.24     2.38     2.48    -685.5     16.99    -36.95     2.257     400859    0    1    1    0    0
2015  6 24 18 26    -7.78     3.20     2.24    -686.4     24.32    -37.14     2.202     322989    0    1    2    0    0
2015  6 24 18 27    -6.56     5.24     1.26    -684.4     31.47    -37.30     2.318     303474    0    1    2    0    0
2015  6 24 18 28    -5.79     6.52     0.66    -681.9     37.44    -37.68     2.415     273083    0    1    1    0    0
2015  6 24 18 29    -6.00     6.58     0.97    -682.3     42.74    -38.93     2.397     243243    0    0    0    0    0
2015  6 24 18 30    -6.70     6.22     1.74    -685.6     46.22    -40.35     2.368     238117    0    0    0    0    0
2015  6 24 18 31    -7.09     5.79     2.21    -686.1     46.80    -40.57     2.371     260996    0    1    0    1    1
2015  6 24 18 32    -7.09     5.70     2.55    -684.8     45.66    -40.42     2.385     296443    0    1    0    2    2
2015  6 24 18 33    -6.86     5.94     2.69    -683.0     35.33    -37.58     2.398     312774    0    1    0    1    1
2015  6 24 18 34    -6.41     6.60     2.34    -681.9     13.67    -34.14     2.381     312431    0    0    0    0    0
2015  6 24 18 35    -5.99     7.21     1.87    -681.2     -3.05    -34.34     2.304     296626    0    0    0    0    0
2015  6 24 18 36    -5.96     7.22     1.78    -678.5     -4.19    -35.92     2.199     262760    0    0    0    0    0
2015  6 24 18 37    -6.21     6.94     1.89    -674.1      0.03    -36.88     2.109     232588    0    0    0    0    0
2015  6 24 18 38    -6.47     6.87     1.93    -671.6      3.90    -37.76     2.109     219170    0    0    0    0    0
2015  6 24 18 39    -7.01     5.55     2.73    -671.2      8.23    -37.96     2.118     219751    0    0    0    0    0
2015  6 24 18 40    -7.56     4.36     3.81    -682.7     41.33    -41.32     2.637     254352    0    0    0    0    0
2015  6 24 18 41    -7.65     4.98     3.20    -689.0     46.60    -44.27     2.802     315260    0    0    0    0    0
2015  6 24 18 42    -7.38     5.53     2.96    -699.9     48.18    -37.75     2.876     395506    0    0    0    0    0
2015  6 24 18 43    -7.08     5.77     2.87    -700.1     46.11    -37.73     3.095     392358    0    0    0    0    0
2015  6 24 18 44    -7.00     5.74     2.33    -699.0     42.92    -37.79     3.516     371650    0    0    0    0    0
2015  6 24 18 45    -6.86     5.77     2.43    -695.9     40.62    -38.49     3.630     353055    0    0    0    0    0
2015  6 24 18 46    -6.97     5.77     2.59    -694.0     37.12    -38.55     3.632     347005    0    0    0    0    0
2015  6 24 18 47    -7.00     5.89     2.67    -690.3     36.57    -39.64     3.193     278759    0    0    0    0    0
2015  6 24 18 48    -7.30     5.78     3.04    -691.2     41.91    -40.54     2.957     258711    0    0    0    0    0
2015  6 24 18 49    -8.27     4.75     3.37    -694.2     43.23    -40.71     2.932     392106    0    0    0    0    0
2015  6 24 18 50    -8.47     4.46     3.36    -703.2     36.30    -59.66     3.294     721248    0    0    0    0    0
2015  6 24 18 51    -8.57     4.34     3.22    -701.9     34.49    -58.75     3.364     764262    0    0    0    0    0
2015  6 24 18 52    -8.64     4.30     2.89    -700.6     34.43    -56.38     3.364     746807    0    0    0    0    0
2015  6 24 18 53    -8.61     4.30     2.94    -697.7     35.06    -55.58     3.342     651518    0    0    0    0    0
2015  6 24 18 54    -8.63     4.32     2.94    -689.1     40.70    -44.64     3.009     555088    0    0    0    0    0
2015  6 24 18 55    -8.54     4.30     3.12    -688.8     44.19    -40.14     2.870     505914    0    0    0    0    0
2015  6 24 18 56    -8.45     4.58     3.38    -704.6     35.96    -54.34     3.048     493775    0    0    0    0    0
2015  6 24 18 57    -8.34     4.61     3.32    -702.1     36.22    -51.15     3.040     481636    0    0    0    0    0
2015  6 24 18 58    -8.23     4.73     3.08    -699.6     34.15    -49.65     3.008     469497    0    0    0    0    0
2015  6 24 18 59    -8.22     4.80     2.98    -688.4     33.03    -42.28     3.008     457357    0    0    0    0    0
2015  6 24 19  0    -8.01     4.86     2.79    -676.8     29.81    -37.54     3.008     445218    0    0    0    0    0
2015  6 24 19  1    -7.57     4.94     2.49    -664.6     24.35    -35.59     3.008     433079    0    0    0    0    0
2015  6 24 19  2    -7.16     5.05     2.17    -656.1     19.63    -33.87     2.951     420940    0    0    0    0    0
2015  6 24 19  3    -6.93     5.16     1.84    -652.1     16.78    -32.70     2.855     408800    0    0    0    0    0
2015  6 24 19  4    -7.24     5.10     1.60    -652.6     19.59    -32.90     2.792     396661    0    0    0    0    0
2015  6 24 19  5    -7.57     4.86     1.64    -654.4     26.45    -33.82     2.746     384522    0    0    0    0    0
2015  6 24 19  6    -7.65     4.83     1.86    -657.2     27.91    -34.71     2.934     372383    0    0    0    0    0
2015  6 24 19  7    -7.47     4.88     2.11    -661.6     25.51    -34.90     3.535     360243    0    0    0    0    0
2015  6 24 19  8    -7.40     5.01     2.67    -669.0     26.49    -35.93     3.748     348104    0    0    0    0    0
2015  6 24 19  9    -7.65     4.63     2.70    -672.2     26.81    -35.42     3.737     335965    0    0    0    0    0
2015  6 24 19 10    -7.89     4.82     2.41    -682.6     20.63    -35.13     3.642     323826    0    0    0    0    0
2015  6 24 19 11    -7.94     5.02     2.42    -680.7     17.46    -35.01     3.622     311686    0    0    0    0    0
2015  6 24 19 12    -8.02     5.08     2.44    -678.6     18.19    -35.53     3.652     299547    0    0    0    0    0
2015  6 24 19 13    -7.99     5.10     2.44    -675.0     22.16    -36.91     3.717     287408    0    0    0    0    0
2015  6 24 19 14    -7.87     5.07     2.41    -671.6     24.40    -37.41     3.708     275269    0    0    0    0    0
2015  6 24 19 15    -7.71     5.18     2.25    -668.8     24.61    -36.07     3.528     263129    0    0    0    0    0
2015  6 24 19 16    -7.94     5.00     2.27    -667.0     24.27    -35.58     3.387     250990    0    0    0    0    0
2015  6 24 19 17    -7.95     4.83     2.53    -668.8     23.90    -35.55     3.332     238851    0    0    0    0    0
2015  6 24 19 18    -7.93     4.79     2.49    -676.7     21.19    -35.39     3.356     226712    0    0    0    0    0
2015  6 24 19 19    -7.90     4.67     2.31    -674.6     17.76    -34.55     3.587     217253    0    0    0    0    0
2015  6 24 19 20    -7.83     4.57     2.12    -672.7     16.11    -32.88     4.333     169888    0    0    0    0    0
2015  6 24 19 21    -7.56     4.17     1.95    -672.2     16.13    -32.35     4.361     169060    0    1    0    1    1
2015  6 24 19 22    -7.44     4.07     1.98    -673.0     20.67    -33.07     4.170     168193    0    1    0    2    2
2015  6 24 19 23    -7.42     4.12     2.05    -674.5     21.08    -34.16     3.976     167315    0    1    0    1    1
2015  6 24 19 24    -7.46     4.13     2.00    -674.1     17.03    -33.97     3.795     166612    0    0    0    0    0
2015  6 24 19 25    -7.65     4.18     2.00    -676.8     16.68    -34.20     3.629     176706    0    0    0    0    0
2015  6 24 19 26    -8.04     4.28     2.03    -675.4     17.96    -34.23     3.629     206986    0    0    0    0    0
2015  6 24 19 27    -8.03     4.32     2.14    -673.1     20.51    -34.20     3.634     202354    0    0    0    0    0
2015  6 24 19 28    -8.07     4.28     2.24    -667.3     24.50    -34.11     3.671     167611    0    0    0    0    0
2015  6 24 19 29    -8.10     4.19     2.28    -665.8     26.43    -32.94     3.893     156056    0    0    0    0    0
2015  6 24 19 30    -8.05     4.19     2.28    -666.5     25.06    -32.22     4.230     154673    0    0    0    0    0
2015  6 24 19 31    -7.83     4.28     2.22    -667.0     24.05    -32.29     4.391     157639    0    0    0    0    0
2015  6 24 19 32    -7.73     4.38     2.18    -667.0     23.92    -32.39     4.410     158162    0    0    0    0    0
2015  6 24 19 33    -7.77     4.35     2.10    -666.8     23.43    -32.55     4.328     157034    0    0    0    0    0
2015  6 24 19 34    -7.85     4.18     2.09    -669.0     23.12    -32.30     4.010     144833    0    0    0    0    0
2015  6 24 19 35    -8.09     4.03     2.27    -669.1     25.42    -31.98     3.730     132565    0    0    0    0    0
2015  6 24 19 36    -8.22     3.86     2.51    -667.9     31.77    -31.42     3.717     126010    0    0    0    0    0
2015  6 24 19 37    -8.23     3.47     2.67    -667.2     34.25    -31.22     3.717     125280    0    0    0    0    0
2015  6 24 19 38    -8.38     2.88     2.65    -665.9     34.57    -30.57     3.647     123430    0    0    0    0    0
2015  6 24 19 39    -8.47     2.77     2.23    -660.0     28.76    -30.30     3.630     123003    0    0    0    0    0
2015  6 24 19 40    -8.52     2.83     1.76    -653.7     21.61    -30.21     3.648     122616    0    0    0    0    0
2015  6 24 19 41    -8.53     3.01     1.36    -649.1     15.27    -30.24     3.707     133075    0    0    0    0    0
2015  6 24 19 42    -8.54     3.43     1.15    -648.9     13.44    -30.59     3.852     218564    0    0    0    0    0
2015  6 24 19 43    -8.57     3.56     1.09    -655.5     12.14    -32.81     3.821     304053    0    0    0    0    0
2015  6 24 19 44    -8.67     3.46     0.94    -667.1     16.64    -36.29     3.694     389543    0    0    0    0    0
2015  6 24 19 45    -8.81     3.03     1.27    -675.8     21.19    -41.12     3.579     475032    0    0    0    0    0
2015  6 24 19 46    -8.71     2.88     1.82    -685.9     28.56    -42.88     3.482     560521    0    0    0    0    0
2015  6 24 19 47    -8.42     2.86     2.12    -691.2     32.36    -43.11     3.299     646010    0    0    0    0    0
2015  6 24 19 48    -8.08     2.98     2.25    -692.5     32.66    -41.81     3.248     731499    0    0    0    0    0
2015  6 24 19 49    -7.81     3.15     2.24    -689.5     31.03    -41.39     3.246     731499    0    0    0    0    0
2015  6 24 19 50    -7.72     3.30     2.40    -683.5     27.39    -44.24     3.293     668185    0    0    0    0    0
2015  6 24 19 51    -7.74     3.40     2.60    -679.0     24.81    -47.13     3.351     592152    0    0    0    0    0
2015  6 24 19 52    -7.95     3.42     2.52    -683.1     28.18    -47.85     3.389     548087    0    0    0    0    0
2015  6 24 19 53    -8.21     3.61     2.20    -687.7     31.23    -47.33     3.414     504023    0    0    0    0    0
2015  6 24 19 54    -8.31     3.72     2.11    -684.5     29.49    -46.93     3.418     459958    0    0    0    0    0
2015  6 24 19 55    -8.34     3.74     2.19    -675.3     27.70    -44.40     3.251     415894    0    0    0    0    0
2015  6 24 19 56    -8.34     3.72     2.37    -661.2     27.28    -38.33     2.867     371829    0    0    0    0    0
2015  6 24 19 57    -8.33     3.71     2.55    -647.8     26.89    -32.55     2.498     327765    0    0    0    0    0
2015  6 24 19 58    -8.10     3.70     2.64    -647.8     27.37    -32.27     2.411     283700    0    0    0    0    0
2015  6 24 19 59    -7.95     3.79     2.45    -648.6     29.62    -32.20     2.358     239636    0    0    0    0    0
2015  6 24 20  0    -7.66     3.77     1.68    -649.8     32.35    -32.51     2.360     195572    0    0    0    0    0
2015  6 24 20  1    -7.72     3.43     1.81    -651.5     34.43    -32.86     2.372     151507    0    0    0    0    0
2015  6 24 20  2    -7.85     2.69     2.70    -653.1     36.73    -32.43     2.371     149298    0    0    0    0    0
2015  6 24 20  3    -7.87     2.50     3.16    -653.5     40.09    -31.50     2.340     145947    0    0    0    0    0
2015  6 24 20  4    -7.77     2.52     3.26    -654.2     41.88    -31.58     2.321     138710    0    0    0    0    0
2015  6 24 20  5    -7.75     2.51     3.21    -656.4     42.74    -32.78     2.315     125947    0    0    0    0    0
2015  6 24 20  6    -7.79     2.50     3.11    -656.6     43.70    -33.63     2.315     146975    0    0    0    0    0
2015  6 24 20  7    -7.93     2.77     2.89    -655.3     43.96    -33.71     2.338     198254    0    0    0    0    0
2015  6 24 20  8    -8.09     3.26     2.60    -653.7     42.97    -32.76     2.376     249534    0    0    0    0    0
2015  6 24 20  9    -8.12     3.41     2.32    -658.5     40.09    -30.27     2.549     300813    0    0    0    0    0
2015  6 24 20 10    -8.06     3.53     2.25    -677.3     37.63    -35.03     2.944     352092    0    0    0    0    0
2015  6 24 20 11    -8.15     3.64     2.07    -678.7     34.17    -49.22     3.039     403372    0    0    0    0    0
2015  6 24 20 12    -8.10     3.62     1.92    -678.0     32.91    -49.68     3.231     454651    0    0    0    0    0
2015  6 24 20 13    -7.96     3.43     1.95    -678.1     32.82    -51.24     3.247     505930    0    0    0    0    0
2015  6 24 20 14    -7.90     3.29     2.19    -676.9     34.26    -56.38     3.283     418933    0    0    0    0    0
2015  6 24 20 15    -7.84     3.21     2.67    -671.5     31.59    -63.88     3.283     260742    0    0    0    0    0
2015  6 24 20 16    -7.89     2.75     3.18    -673.6     34.31    -63.80     3.282     275888    0    0    0    0    0
2015  6 24 20 17    -7.97     2.54     3.18    -678.4     39.74    -60.38     3.271     384431    0    0    0    0    0
2015  6 24 20 18    -8.06     2.45     3.05    -679.8     40.95    -54.79     3.327     361916    0    0    0    0    0
2015  6 24 20 19    -8.05     2.45     2.96    -677.5     37.06    -52.63     3.430     292382    0    0    0    0    0
2015  6 24 20 20    -8.01     2.65     2.43    -672.0     31.27    -48.34     3.441     214375    0    0    0    0    0
2015  6 24 20 21    -7.99     2.95     1.76    -671.0     47.52    -44.15     3.440     214421    0    0    0    0    0
2015  6 24 20 22    -7.99     3.22     1.05    -665.6     41.96    -40.64     3.379     217150    0    0    0    0    0
2015  6 24 20 23    -8.17     3.45     0.59    -660.5     38.20    -36.31     3.307     222827    0    0    0    0    0
2015  6 24 20 24    -8.29     3.61     0.60    -655.1     37.12    -33.43     2.946     244256    0    0    0    0    0
2015  6 24 20 25    -8.25     3.61     1.19    -650.7     38.26    -32.46     2.378     275808    0    0    0    0    0
2015  6 24 20 26    -7.98     3.27     2.43    -654.1     38.14    -31.84     2.376     285334    0    0    0    0    1
2015  6 24 20 27    -7.83     3.41     2.68    -658.2     34.48    -31.67     2.535     303300    0    0    0    0    1
2015  6 24 20 28    -7.82     3.36     2.57    -668.2     35.49    -32.07     2.929     297867    0    0    0    0    0
2015  6 24 20 29    -7.43     2.84     2.84    -671.2     38.38    -33.66     2.934     292434    0    0    0    0    0
2015  6 24 20 30    -7.45     2.53     2.94    -662.4     38.52    -34.53     2.520     287002    0    0    0    0    0
2015  6 24 20 31    -7.47     2.40     3.00    -653.8     38.43    -35.07     2.204     281569    0    0    0    0    0
2015  6 24 20 32    -7.48     2.49     3.00    -645.4     38.06    -35.23     2.000     276136    0    0    0    0    0
2015  6 24 20 33    -7.50     3.80     0.97    -644.0     37.67    -35.19     1.987     270703    0    0    0    0    0
2015  6 24 20 34    -7.90     3.43     1.72    -680.7     41.55    -45.20     2.713     265270    0    0    0    0    0
2015  6 24 20 35    -7.94     2.87     2.60    -680.3     41.39    -44.29     2.710     259837    0    0    0    0    0
2015  6 24 20 36    -7.92     2.61     2.80    -686.0     44.83    -42.72     2.607     254405    0    0    0    0    0
2015  6 24 20 37    -7.82     2.62     2.75    -689.0     48.16    -42.14     2.544     248972    0    0    0    0    0
2015  6 24 20 38    -7.69     2.96     2.71    -683.7     46.20    -45.69     2.486     243539    0    0    0    0    0
2015  6 24 20 39    -7.49     3.50     2.68    -675.6     43.91    -45.80     2.430     238106    0    0    0    0    0
2015  6 24 20 40    -7.14     4.22     2.66    -666.1     43.94    -35.36     2.430     232673    0    0    0    0    0
2015  6 24 20 41    -6.97     4.59     2.76    -663.6     45.17    -33.09     2.430     227240    0    0    0    0    0
2015  6 24 20 42    -6.99     3.91     3.42    -684.1     49.71    -44.27     2.737     221808    0    0    0    0    0
2015  6 24 20 43    -6.72     3.49     3.88    -684.2     46.90    -39.98     2.739     216375    0    0    0    0    0
2015  6 24 20 44    -6.38     3.32     4.20    -678.3     46.42    -36.49     2.657     210942    0    0    0    0    0
2015  6 24 20 45    -6.23     3.22     4.36    -667.8     51.37    -32.49     2.500     205509    0    0    0    0    0
2015  6 24 20 46    -6.22     3.12     4.49    -657.9     52.14    -28.85     2.339     200076    0    0    0    0    0
2015  6 24 20 47    -6.23     3.01     4.62    -649.1     52.02    -25.08     2.182     194643    0    0    0    0    0
2015  6 24 20 48    -6.27     2.84     4.82    -649.2     53.55    -19.88     2.070     189211    0    0    0    0    0
2015  6 24 20 49    -6.39     2.52     4.82    -650.3     56.18    -19.36     2.091     183778    0    0    0    0    0
2015  6 24 20 50    -6.81     2.54     4.24    -655.0     59.26    -19.31     2.230     178345    0    0    0    0    0
2015  6 24 20 51    -7.26     2.77     3.23    -660.2     55.44    -19.90     2.299     223123    0    0    0    0    0
2015  6 24 20 52    -7.13     2.97     3.42    -658.7     48.66    -21.23     2.325     272721    0    0    0    0    0
2015  6 24 20 53    -6.78     3.12     4.00    -656.8     45.60    -21.96     2.374     299156    0    0    0    0    0
2015  6 24 20 54    -6.43     3.09     4.36    -657.3     47.91    -21.90     2.484     301873    0    0    0    0    0
2015  6 24 20 55    -6.32     3.07     4.26    -657.8     50.96    -23.75     2.580     303410    0    0    0    0    0
2015  6 24 20 56    -6.33     3.01     4.15    -657.0     51.48    -26.60     2.618     303505    0    0    0    0    0
2015  6 24 20 57    -6.38     2.91     4.15    -655.6     50.04    -27.72     2.429     300419    0    0    0    0    0
2015  6 24 20 58    -6.46     2.87     4.14    -655.1     44.56    -27.04     2.121     278034    0    0    0    0    0
2015  6 24 20 59    -6.55     3.15     3.83    -655.3     34.97    -25.10     2.124     234906    0    0    0    0    0
2015  6 24 21  0    -6.55     3.79     3.52    -654.6     27.98    -23.08     2.155     213667    0    0    0    0    0
2015  6 24 21  1    -6.35     3.83     3.82    -653.4     23.69    -22.29     2.204     216623    0    0    0    0    0
2015  6 24 21  2    -6.57     3.89     3.38    -649.7     19.72    -22.36     2.175     228802    0    0    0    0    0
2015  6 24 21  3    -6.60     3.94     3.24    -642.9     19.68    -22.51     2.015     255733    0    0    0    0    0
2015  6 24 21  4    -7.13     3.88     2.47    -639.6     19.54    -22.78     1.975     262017    0    0    0    0    0
2015  6 24 21  5    -7.36     3.85     2.03    -637.7     19.42    -22.72     1.970     248714    0    0    0    0    0
2015  6 24 21  6    -7.33     3.85     1.94    -632.9     19.34    -22.14     1.854     214559    0    0    0    0    0
2015  6 24 21  7    -7.31     3.82     1.91    -626.9     19.32    -21.10     1.685     176165    0    0    0    0    0
2015  6 24 21  8    -7.42     3.71     1.96    -626.6     19.41    -18.74     1.692     179486    0    0    0    0    0
2015  6 24 21  9    -7.49     3.55     1.68    -628.7     19.84    -16.28     1.846     241509    0    0    0    0    0
2015  6 24 21 10    -7.49     3.60     1.59    -637.1     20.78    -15.84     2.207     370042    0    0    0    0    0
2015  6 24 21 11    -7.43     3.72     1.65    -634.7     23.53    -16.32     2.119     309299    0    0    0    0    0
2015  6 24 21 12    -7.34     3.79     1.76    -632.5     25.98    -16.83     2.023     243196    0    1    1    0    0
2015  6 24 21 13    -7.24     3.75     1.88    -633.9     25.26    -17.12     2.058     260082    0    1    2    0    0
2015  6 24 21 14    -7.08     3.79     2.20    -637.5     22.97    -17.55     2.155     281373    0    1    2    0    0
2015  6 24 21 15    -6.77     4.14     2.47    -639.7     21.26    -17.83     2.191     278800    0    1    1    0    0
2015  6 24 21 16    -6.65     4.35     2.57    -641.6     20.98    -17.71     2.261     274703    0    0    0    0    0
2015  6 24 21 17    -6.56     4.34     2.58    -642.3     20.95    -17.10     2.336     273872    0    0    0    0    0
2015  6 24 21 18    -6.38     4.32     3.11    -646.2     20.94    -15.58     2.591     298085    0    0    0    0    0
2015  6 24 21 19    -6.30     4.22     3.46    -645.7     21.46    -14.51     2.596     298579    0    0    0    0    0
2015  6 24 21 20    -6.36     3.93     3.47    -644.6     22.95    -14.21     2.568     284234    0    0    0    0    0
2015  6 24 21 21    -6.50     3.89     3.30    -640.3     24.96    -14.58     2.339     251381    0    0    0    0    0
2015  6 24 21 22    -6.58     3.88     3.05    -637.8     28.65    -15.64     2.153     232883    0    0    0    0    0
2015  6 24 21 23    -6.72     3.83     2.72    -637.2     33.11    -16.35     2.089     228764    0    0    0    0    0
2015  6 24 21 24    -6.83     3.57     2.71    -639.8     37.91    -15.88     2.148     244314    0    0    0    0    0
2015  6 24 21 25    -6.90     3.42     2.97    -641.7     38.79    -14.99     2.173     250978    0    0    0    0    0
2015  6 24 21 26    -6.96     3.37     2.97    -643.9     38.63    -14.76     2.105     261947    0    0    0    0    0
2015  6 24 21 27    -6.98     3.43     2.82    -644.7     33.11    -15.18     2.096     263318    0    0    0    0    0
2015  6 24 21 28    -6.95     3.56     2.80    -652.2     26.16    -29.12     2.244     280187    0    0    0    0    2
2015  6 24 21 29    -6.93     3.57     3.01    -653.3     24.67    -29.32     2.244     294373    0    0    0    0    1
2015  6 24 21 30    -6.93     3.57     3.17    -653.8     26.94    -25.22     2.262     321260    0    0    0    0    0
2015  6 24 21 31    -6.99     3.43     3.14    -653.6     32.57    -14.30     2.304     360442    0    0    0    0    0
2015  6 24 21 32    -7.12     2.96     3.32    -653.4     37.90    -13.22     2.237     340774    0    0    0    0    0
2015  6 24 21 33    -7.21     2.73     3.41    -649.6     41.59    -12.86     2.052     292664    0    0    0    0    0
2015  6 24 21 34    -7.34     2.69     3.58    -644.3     42.70    -13.37     1.895     284969    0    0    0    0    0
2015  6 24 21 35    -7.35     2.67     3.63    -641.8     40.52    -14.02     1.877     269057    0    0    0    0    0
2015  6 24 21 36    -7.34     2.73     3.65    -640.2     36.77    -14.56     1.967     265091    0    0    0    0    0
2015  6 24 21 37    -7.40     2.73     3.62    -644.9     31.87    -15.83     2.293     358076    0    0    0    0    0
2015  6 24 21 38    -7.20     2.69     3.41    -641.5     30.65    -17.01     2.313     364718    0    0    0    0    0
2015  6 24 21 39    -7.19     2.80     3.01    -637.9     30.39    -17.12     2.090     345759    0    0    0    0    0
2015  6 24 21 40    -7.21     3.06     2.66    -638.2     31.61    -16.54     1.937     334125    0    0    0    0    0
2015  6 24 21 41    -7.26     3.17     2.60    -640.1     35.70    -16.17     1.967     342598    0    1    0    1    1
2015  6 24 21 42    -7.12     3.22     2.70    -642.6     41.50    -16.97     2.029     355682    0    1    0    2    2
2015  6 24 21 43    -6.87     3.44     2.89    -646.2     45.69    -18.47     2.093     369234    0    1    0    2    2
2015  6 24 21 44    -6.80     3.55     2.67    -645.5     41.48    -18.60     2.147     380669    1    1    0    2    2
2015  6 24 21 45    -6.85     3.56     2.43    -643.2     34.44    -18.64     2.197     391259    1    1    0    2    2
2015  6 24 21 46    -6.94     3.50     2.27    -641.6     29.97    -18.68     2.249     402219    1    1    0    2    2
2015  6 24 21 47    -6.92     3.53     2.16    -641.9     29.63    -18.58     2.306     414137    1    1    0    2    2
2015  6 24 21 48    -6.89     3.53     2.08    -644.0     31.95    -18.31     2.367     427043    1    1    0    2    2
2015  6 24 21 49    -6.87     3.40     2.01    -646.8     33.75    -17.85     2.429     428352    0    0    0    0    0
2015  6 24 21 50    -6.98     2.95     2.18    -646.5     32.84    -16.62     2.428     406353    0    0    0    0    0
2015  6 24 21 51    -7.13     2.51     2.35    -646.5     30.40    -15.61     2.426     375947    0    0    0    0    2
2015  6 24 21 52    -7.41     1.72     2.50    -649.8     30.90    -18.14     2.313     341432    0    1    1    0    2
2015  6 24 21 53    -7.22     2.21     2.53    -660.7     29.32    -33.36     2.048     299501    0    1    1    0    1
2015  6 24 21 54    -6.80     2.89     2.56    -663.2     32.54    -33.05     2.008     288892    0    1    1    0    0
2015  6 24 21 55    -6.50     3.33     2.52    -662.1     32.92    -33.30     2.096     291694    0    1    1    1    1
2015  6 24 21 56    -6.35     3.63     2.48    -660.8     32.18    -33.63     2.223     295736    0    1    1    2    2
2015  6 24 21 57    -6.20     3.95     2.43    -659.2     30.80    -34.17     2.348     299729    1    1    1    2    2
2015  6 24 21 58    -6.07     4.23     2.31    -656.8     28.50    -34.58     2.468     303556    1    1    1    2    2
2015  6 24 21 59    -6.04     4.37     2.13    -654.2     27.52    -34.83     2.586     307348    0    1    1    2    2
2015  6 24 22  0    -6.10     4.39     1.94    -652.4     29.88    -35.10     2.710     311289    0    1    1    1    1
2015  6 24 22  1    -6.16     4.33     1.92    -650.8     32.63    -32.22     2.810     321179    0    1    1    0    0
2015  6 24 22  2    -6.27     4.20     2.17    -651.1     35.28    -19.61     2.804     350817    0    1    2    0    0
2015  6 24 22  3    -6.29     3.99     2.36    -651.0     35.07    -23.44     2.789     352964    0    1    2    0    0
2015  6 24 22  4    -6.39     3.71     2.42    -650.7     36.70    -25.38     2.728     347188    0    1    1    0    0
2015  6 24 22  5    -6.69     3.17     2.42    -649.8     40.31    -30.10     2.593     320411    0    1    1    0    0
2015  6 24 22  6    -6.86     2.98     2.37    -648.0     40.80    -30.27     2.433     324448    0    0    0    0    0
2015  6 24 22  7    -7.03     2.84     2.27    -646.1     41.16    -30.17     2.350     384997    0    0    0    0    0
2015  6 24 22  8    -7.07     2.82     2.16    -643.0     46.36    -25.71     2.272     386006    0    0    0    0    0
2015  6 24 22  9    -7.12     2.94     1.92    -639.2     50.93    -21.08     2.196     376728    0    0    0    0    0
2015  6 24 22 10    -7.16     3.00     1.63    -637.0     53.02    -18.97     2.154     365432    0    0    0    0    0
2015  6 24 22 11    -7.14     3.02     1.53    -638.3     54.61    -19.07     2.141     353275    0    0    0    0    0
2015  6 24 22 12    -7.07     3.11     1.62    -639.2     55.68    -19.11     2.129     345311    0    0    0    0    0
2015  6 24 22 13    -7.04     3.29     1.43    -637.9     54.64    -18.07     2.122     343411    0    0    0    0    0
2015  6 24 22 14    -7.00     3.45     0.85    -635.7     51.60    -15.61     2.121     343411    0    0    0    0    0
2015  6 24 22 15    -6.92     3.58     0.56    -633.7     48.10    -13.12     2.128     342552    0    0    0    0    0
2015  6 24 22 16    -6.82     3.70     1.12    -632.4     46.28    -12.15     2.138     341417    0    0    0    0    0
2015  6 24 22 17    -6.80     3.69     1.95    -632.3     46.64    -12.78     2.150     341951    0    0    0    0    0
2015  6 24 22 18    -6.84     3.50     2.19    -633.8     45.13    -16.34     2.220     361720    0    0    0    0    0
2015  6 24 22 19    -6.84     3.43     2.22    -637.9     39.63    -24.04     2.382     414312    0    0    0    0    0
2015  6 24 22 20    -6.70     3.51     2.18    -642.1     33.98    -31.50     2.474     446780    0    0    0    0    0
2015  6 24 22 21    -6.67     3.71     2.07    -643.3     28.51    -37.43     2.495     450337    0    0    0    0    0
2015  6 24 22 22    -6.70     3.85     1.92    -641.4     28.13    -37.87     2.497     431239    0    0    0    0    0
2015  6 24 22 23    -6.79     3.97     1.78    -641.5     29.18    -37.32     2.378     425730    0    0    0    0    0
2015  6 24 22 24    -6.92     3.70     1.91    -642.5     33.84    -38.71     2.218     425730    0    0    0    0    0
2015  6 24 22 25    -7.01     3.52     2.10    -640.3     38.93    -36.22     2.131     379035    0    0    0    0    0
2015  6 24 22 26    -7.12     3.45     2.04    -636.9     42.08    -33.10     2.005     338880    0    0    0    0    0
2015  6 24 22 27    -7.23     3.52     1.82    -635.0     43.78    -32.00     1.928     321936    0    0    0    0    0
2015  6 24 22 28    -7.28     3.66     1.67    -639.0     45.65    -31.26     2.155     367716    0    0    0    0    0
2015  6 24 22 29    -7.31     3.70     1.65    -640.2     42.51    -34.52     2.542     391396    0    0    0    0    0
2015  6 24 22 30    -7.35     3.66     1.69    -640.0     36.82    -35.96     2.650     386894    0    0    0    0    0
2015  6 24 22 31    -7.37     3.57     1.63    -639.8     33.97    -35.80     2.628     385072    0    0    0    0    0
2015  6 24 22 32    -7.43     3.48     1.54    -639.2     32.52    -35.91     2.571     389184    0    1    1    1    1
2015  6 24 22 33    -7.58     3.46     1.25    -638.5     31.67    -35.89     2.503     395057    0    2    2    2    2
2015  6 24 22 34    -7.69     3.38     1.09    -637.9     31.07    -35.75     2.434     400931    0    2    2    2    2
2015  6 24 22 35    -7.82     3.13     1.05    -637.2     30.47    -35.60     2.365     406862    1    2    2    2    2
2015  6 24 22 36    -7.92     2.92     1.04    -636.6     29.88    -35.46     2.296     412776    1    2    2    2    2
2015  6 24 22 37    -7.91     2.84     1.05    -635.9     29.29    -35.31     2.227     418649    0    1    1    1    2
2015  6 24 22 38    -7.89     2.81     0.99    -635.4     29.19    -35.40     2.182     424573    0    1    1    0    2
2015  6 24 22 39    -7.90     2.79     0.90    -635.0     29.46    -35.62     2.149     430543    0    0    0    0    2
2015  6 24 22 40    -7.93     2.75     0.86    -634.9     34.27    -34.63     2.087     436561    0    0    0    0    2
2015  6 24 22 41    -8.04     2.64     0.82    -634.8     40.25    -33.49     2.045     442630    0    0    0    0    2
2015  6 24 22 42    -8.13     2.53     0.77    -635.0     40.73    -33.37     2.045     448749    0    1    1    0    2
2015  6 24 22 43    -8.12     2.53     0.74    -635.4     39.67    -33.07     2.036     454921    0    2    2    0    2
2015  6 24 22 44    -8.11     2.54     0.78    -635.9     38.65    -32.70     2.027     461094    0    1    1    0    2
2015  6 24 22 45    -8.15     2.42     0.81    -640.1     43.97    -32.36     2.382     468290    0    1    1    0    1
2015  6 24 22 46    -8.21     2.33     0.76    -642.4     46.05    -32.27     2.526     478912    0    0    0    0    0
2015  6 24 22 47    -8.23     2.30     0.87    -643.2     45.09    -32.82     2.526     489040    0    0    0    0    0
2015  6 24 22 48    -8.30     2.33     1.09    -643.6     44.47    -34.02     2.520     490519    0    0    0    0    0
2015  6 24 22 49    -8.27     2.39     1.13    -639.8     43.38    -34.36     2.166     489454    0    1    1    0    1
2015  6 24 22 50    -8.30     2.33     1.11    -636.5     41.09    -33.61     1.845     488155    0    1    1    0    2
2015  6 24 22 51    -8.35     2.25     1.02    -633.8     38.16    -32.31     1.709     486817    0    2    2    0    2
2015  6 24 22 52    -8.40     2.14     0.90    -631.2     35.24    -31.01     1.714     485478    0    1    1    0    2
2015  6 24 22 53    -8.45     1.92     0.82    -629.2     33.07    -29.98     1.746     484098    0    1    1    0    2
2015  6 24 22 54    -8.44     1.93     0.72    -629.7     33.93    -29.73     1.808     482549    0    1    1    0    2
2015  6 24 22 55    -8.39     2.12     0.63    -632.0     36.52    -29.16     1.809     480885    0    2    2    1    2
2015  6 24 22 56    -8.42     1.99     0.56    -634.4     39.13    -28.58     1.927     479199    0    2    2    2    2
2015  6 24 22 57    -8.50     1.86     0.48    -636.7     41.73    -28.00     2.044     477530    0    2    2    2    2
2015  6 24 22 58    -8.64     1.71     0.47    -639.0     44.33    -27.43     2.161     475857    1    2    2    2    2
2015  6 24 22 59    -8.82     1.50     0.47    -641.4     46.95    -26.86     2.278     474171    1    2    2    2    2
2015  6 24 23  0    -8.89     1.42     0.36    -643.7     49.54    -26.29     2.394     472510    0    1    1    1    2
2015  6 24 23  1    -8.89     1.43     0.30    -644.7     50.89    -25.33     2.411     470931    0    1    1    0    2
2015  6 24 23  2    -8.91     1.40     0.21    -646.5     51.31    -25.09     2.418     469284    0    1    1    0    2
2015  6 24 23  3    -8.91     1.29     0.21    -648.4     51.59    -23.34     2.490     467641    0    1    1    0    2
2015  6 24 23  4    -8.92     1.19     0.38    -648.2     51.94    -23.15     2.484     466250    0    1    1    0    1
2015  6 24 23  5    -8.92     1.07     0.64    -646.0     52.55    -22.68     2.403     466250    0    1    1    0    1
2015  6 24 23  6    -8.94     0.98     0.65    -643.1     52.85    -22.53     2.358     546134    0    1    1    0    0
2015  6 24 23  7    -8.95     0.92     0.58    -642.6     53.17    -22.38     2.351     656073    0    1    1    0    1
2015  6 24 23  8    -8.96     0.69     0.43    -646.1     53.66    -21.93     2.529     792205    0    1    1    0    2
2015  6 24 23  9    -8.97     0.50     0.40    -649.6     54.02    -21.75     2.745     927082    0    1    1    0    1
2015  6 24 23 10    -8.97     0.55     0.48    -651.6     54.28    -21.80     2.908    1048560    0    1    1    0    0
2015  6 24 23 11    -8.99     0.58     0.63    -651.4     54.54    -22.25     2.910    1130597    0    1    1    0    0
2015  6 24 23 12    -8.99     0.54     0.63    -649.6     54.70    -22.16     2.827    1175936    0    1    1    0    0
2015  6 24 23 13    -9.00     0.48     0.62    -643.0     54.46    -22.31     2.375    1175936    0    1    1    0    0
2015  6 24 23 14    -8.98     0.74     0.62    -638.5     53.55    -20.01     2.278    1154311    0    1    1    0    1
2015  6 24 23 15    -8.90     0.88     0.62    -634.5     52.47    -17.03     2.278    1126705    0    2    2    0    2
2015  6 24 23 16    -8.79     0.87     0.61    -630.5     51.37    -14.04     2.149    1099098    0    1    1    0    2
2015  6 24 23 17    -8.71     0.82     0.57    -627.3     50.61    -11.56     1.830    1070197    0    1    1    0    2
2015  6 24 23 18    -8.73     0.71     0.48    -630.5     52.35    -12.52     1.923    1031789    0    1    1    0    2
2015  6 24 23 19    -8.86     0.79     0.42    -640.6     54.92    -14.63     2.463     983047    0    1    1    0    2
2015  6 24 23 20    -8.91     0.86     0.41    -643.9     56.44    -14.88     2.774     944876    0    1    1    0    1
2015  6 24 23 21    -8.89     0.87     0.60    -644.1     57.02    -13.79     2.822     870805    0    1    1    0    0
2015  6 24 23 22    -8.91     0.86     0.82    -644.1     57.62    -13.40     2.525     755449    0    1    1    0    1
2015  6 24 23 23    -8.91     0.73     1.06    -644.5     57.99    -13.30     2.497     718363    0    0    0    0    1
2015  6 24 23 24    -8.96     0.58     1.39    -648.4     58.40    -11.98     2.516     679387    0    0    0    0    1
2015  6 24 23 25    -8.96     0.45     1.49    -651.2     58.76    -12.56     2.556     638121    0    0    0    0    1
2015  6 24 23 26    -8.91     0.43     1.67    -650.0     59.84    -14.47     2.592     603108    0    0    0    0    0
2015  6 24 23 27    -8.91     0.46     1.75    -647.6     59.33    -14.71     2.618     584834    0    1    1    1    1
2015  6 24 23 28    -8.89     0.53     1.84    -645.1     60.88    -13.91     2.636     563869    0    1    1    1    1
2015  6 24 23 29    -8.89     0.35     1.81    -642.6     61.34    -12.11     2.700     542985    0    1    1    1    1
2015  6 24 23 30    -8.90    -0.02     1.65    -639.9     63.16    -10.41     2.729     528175    0    1    1    1    1
2015  6 24 23 31    -8.90    -0.82     1.30    -638.5     67.27     -9.15     2.724     518670    0    0    0    0    1
2015  6 24 23 32    -8.96    -1.30     1.03    -637.2     72.96     -7.99     2.710     513428    0    0    0    0    1
2015  6 24 23 33    -9.01    -1.50     0.79    -635.6     78.03     -7.06     2.695     507472    0    0    0    0    1
2015  6 24 23 34    -9.03    -1.51     0.67    -633.2     79.59     -7.44     2.650     495609    0    0    0    0    1
2015  6 24 23 35    -9.05    -1.36     0.73    -628.7     78.79     -8.98     2.541     482746    0    0    0    0    1
2015  6 24 23 36    -9.04    -1.32     0.72    -621.0     79.18    -10.64     2.359     477412    0    0    0    0    1
2015  6 24 23 37    -8.99    -1.26     0.75    -618.9     81.89    -11.72     2.311     474457    0    0    0    0    1
2015  6 24 23 38    -8.85     0.43     0.86    -625.2     87.30     -8.46     2.500     465182    0    0    0    0    1
2015  6 24 23 39    -8.79    -0.42     1.08    -638.3     93.74     -1.06     2.852     492712    0    0    0    0    0
2015  6 24 23 40    -8.68    -0.94     1.23    -638.8     98.85     -1.33     2.896     552770    0    0    0    0    1
2015  6 24 23 41    -8.61    -0.25     1.22    -639.0    101.21     -2.51     2.912     615912    0    0    0    0    1
2015  6 24 23 42    -8.60     0.11     1.09    -640.0    102.37     -3.20     2.939     672481    0    0    0    0    1
2015  6 24 23 43    -8.61    -0.05     1.03    -644.2    103.31     -4.11     3.067     727204    0    0    0    0    1
2015  6 24 23 44    -8.76    -0.38     0.92    -644.5    103.52     -4.22     3.080     760971    0    0    0    0    1
2015  6 24 23 45    -8.81    -0.38     0.54    -639.9    104.02     -4.07     2.969     763627    0    0    0    0    0
2015  6 24 23 46    -8.84    -0.35     0.29    -636.7    104.16     -3.21     2.884     761907    0    0    0    0    1
2015  6 24 23 47    -8.84    -0.30     0.36    -635.7    103.83     -1.81     2.862     758113    0    0    0    0    1
2015  6 24 23 48    -8.89    -0.05     0.68    -638.9    103.55     -0.84     2.937     755792    0    0    0    0    1
2015  6 24 23 49    -8.90     0.05     0.98    -641.1    104.28     -2.10     2.977     751174    0    0    0    0    1
2015  6 24 23 50    -8.87    -0.34     1.02    -639.3    106.13      0.15     3.026     743312    0    0    0    0    1
2015  6 24 23 51    -8.79    -0.74     1.06    -637.1    104.68      1.88     3.055     732909    0    0    0    0    1
2015  6 24 23 52    -8.74    -0.88     1.10    -636.3    100.71      1.98     3.098     724542    0    0    0    0    1
2015  6 24 23 53    -8.75    -0.57     1.03    -637.1     96.04     -5.69     3.154     719688    0    0    0    0    1
2015  6 24 23 54    -8.79    -0.29     0.97    -638.5     90.54    -10.90     3.182     717713    0    0    0    0    1
2015  6 24 23 55    -8.76    -0.35     0.90    -638.4     84.69     -9.44     3.221     710860    0    0    0    0    1
2015  6 24 23 56    -8.74    -0.39     0.78    -638.1     78.88     -9.74     3.234     698722    0    1    1    1    1
2015  6 24 23 57    -8.72    -0.38     0.60    -637.9     75.67    -10.45     3.232     685436    0    1    1    1    2
2015  6 24 23 58    -8.71    -0.24     0.55    -637.9     75.29    -10.37     3.241     671986    0    1    1    1    2
2015  6 24 23 59    -8.72    -0.06     0.72    -637.6     75.21     -9.53     3.248     658508    0    1    1    1    2
2015  6 25  0  0    -8.73     0.21     0.88    -637.2     74.52     -8.44     3.230     644585    0    1    1    1    2
