MIDL 32Re, 2017-05 (nT, km/s, cm^-3, K)

#COORDINATES
GSM                     Earth orbital motion included

year month day hour minute Bx By Bz Ux Uy Uz rho T B_interp Ux_interp Uyz_interp rho_interp T_interp
#START
2017  5 27  8  0     0.87    -2.10     0.49    -295.7     22.84      2.67     5.507      16993    0    0    0    0    0
2017  5 27  8  1     0.77    -2.07     0.18    -295.4     22.86      2.90     5.446      16813    0    0    0    0    0
2017  5 27  8  2     0.76    -2.10     0.00    -295.2     22.64      3.32     5.457      16910    0    0    0    0    0
2017  5 27  8  3     0.89    -2.10     0.12    -295.1     22.60      3.73     5.523      17246    0    0    0    0    0
2017  5 27  8  4     1.14    -1.95     0.19    -295.0     22.27      4.10     5.608      17388    0    0    0    0    0
2017  5 27  8  5     1.36    -1.73    -0.03    -295.1     21.87      4.39     5.624      17429    0    0    0    0    0
2017  5 27  8  6     1.46    -1.74    -0.30    -295.3     21.89      4.55     5.619      17436    0    0    0    0    0
2017  5 27  8  7     1.54    -1.75    -0.43    -295.2     22.02      4.40     5.541      17457    0    0    0    0    0
2017  5 27  8  8     1.60    -1.72    -0.50    -294.9     22.33      4.34     5.459      17453    0    1    1    1    1
2017  5 27  8  9     1.59    -1.69    -0.52    -294.8     22.66      4.12     5.466      17432    0    1    1    1    2
2017  5 27  8 10     1.58    -1.68    -0.53    -294.7     22.72      3.91     5.505      17410    0    1    1    1    2
2017  5 27  8 11     1.47    -1.68    -0.52    -294.8     22.78      3.80     5.597      17388    0    1    1    1    2
2017  5 27  8 12     1.41    -1.82    -0.41    -295.0     22.91      3.74     5.681      17364    0    1    1    1    2
2017  5 27  8 13     1.20    -1.98    -0.34    -295.7     23.29      3.75     5.699      17339    0    1    1    1    2
2017  5 27  8 14     0.95    -1.98    -0.48    -296.0     23.39      3.89     5.656      17316    0    1    1    1    2
2017  5 27  8 15     1.03    -2.00    -0.51    -295.8     22.83      4.03     5.549      17294    0    1    1    1    2
2017  5 27  8 16     1.17    -2.07    -0.49    -295.7     22.08      4.05     5.467      17273    0    1    1    1    2
2017  5 27  8 17     1.12    -2.12    -0.51    -296.0     21.77      3.87     5.491      17249    0    1    1    1    2
2017  5 27  8 18     1.04    -2.11    -0.37    -296.3     21.99      3.72     5.568      17226    0    1    1    1    2
2017  5 27  8 19     1.06    -2.00    -0.21    -296.4     22.46      3.77     5.640      17203    0    1    1    1    2
2017  5 27  8 20     1.12    -1.86    -0.16    -296.5     22.87      3.67     5.662      17181    0    1    1    1    2
2017  5 27  8 21     1.14    -1.85     0.22    -296.3     22.74      3.22     5.656      17159    0    1    1    1    2
2017  5 27  8 22     1.06    -1.93     0.92    -295.9     22.03      2.84     5.640      17139    0    1    1    1    2
2017  5 27  8 23     0.91    -2.00     1.46    -295.6     21.18      2.78     5.624      17119    0    1    1    1    2
2017  5 27  8 24     0.85    -1.98     1.52    -295.5     20.83      2.85     5.622      17097    0    1    1    1    2
2017  5 27  8 25     0.71    -1.96     1.45    -295.5     21.01      2.89     5.622      17075    0    1    1    1    2
2017  5 27  8 26     0.53    -1.92     1.37    -295.5     21.27      2.75     5.630      17052    0    1    1    1    2
2017  5 27  8 27     0.47    -1.96     1.35    -295.5     21.44      2.64     5.660      17030    0    1    1    1    2
2017  5 27  8 28     0.61    -1.97     1.31    -295.5     21.48      2.65     5.692      17008    0    1    1    1    2
2017  5 27  8 29     0.71    -1.96     1.26    -295.6     21.49      2.63     5.717      16986    0    1    1    1    2
2017  5 27  8 30     0.61    -1.94     1.26    -295.6     21.60      2.45     5.738      16963    0    1    1    1    2
2017  5 27  8 31     0.50    -1.91     1.30    -295.6     22.03      2.30     5.755      16948    0    1    1    1    1
2017  5 27  8 32     0.46    -1.83     1.36    -295.5     22.51      2.31     5.771      16998    0    0    0    0    0
2017  5 27  8 33     0.39    -1.77     1.42    -295.3     22.62      2.40     5.789      17164    0    1    1    1    1
2017  5 27  8 34     0.21    -1.76     1.48    -295.2     22.36      2.53     5.848      17350    0    1    1    1    2
2017  5 27  8 35     0.01    -1.78     1.49    -295.1     21.92      2.60     5.902      17538    0    1    1    1    2
2017  5 27  8 36    -0.04    -1.81     1.48    -295.0     21.43      2.72     5.953      17727    0    1    1    1    2
2017  5 27  8 37    -0.14    -1.74     1.54    -295.1     21.03      2.90     6.009      17910    0    1    1    1    1
2017  5 27  8 38    -0.20    -1.64     1.63    -295.2     20.71      3.10     6.069      18013    0    0    0    0    0
2017  5 27  8 39    -0.19    -1.64     1.63    -295.0     20.52      3.02     6.092      18003    0    1    1    1    1
2017  5 27  8 40    -0.12    -1.76     1.52    -294.9     20.27      2.81     6.082      17946    0    1    1    1    2
2017  5 27  8 41    -0.03    -1.97     1.27    -294.9     20.04      2.55     6.024      17890    0    1    1    1    2
2017  5 27  8 42     0.03    -2.00     1.09    -294.9     19.83      2.34     5.944      17832    0    1    1    1    2
2017  5 27  8 43     0.10    -2.02     1.05    -294.9     19.89      2.31     5.918      17776    0    1    1    1    2
2017  5 27  8 44     0.12    -2.02     1.09    -294.6     19.87      2.31     5.903      17723    0    1    1    1    2
2017  5 27  8 45     0.15    -2.02     1.18    -294.4     20.13      2.14     5.886      17669    0    1    1    1    2
2017  5 27  8 46     0.21    -1.98     1.24    -294.3     20.61      1.94     5.903      17613    0    1    1    1    2
2017  5 27  8 47     0.32    -1.98     1.25    -294.2     21.37      1.76     5.935      17557    0    1    1    1    2
2017  5 27  8 48     0.19    -1.98     1.27    -294.5     20.84      1.68     5.927      17497    0    1    1    1    2
2017  5 27  8 49     0.07    -1.96     1.30    -294.8     19.82      1.73     5.914      17436    0    1    1    1    2
2017  5 27  8 50    -0.03    -1.97     1.28    -294.7     19.66      1.78     5.906      17389    0    1    1    1    1
2017  5 27  8 51     0.07    -2.00     1.15    -294.5     19.67      1.56     5.906      17393    0    0    0    0    0
2017  5 27  8 52     0.19    -1.96     1.12    -294.3     20.01      1.35     5.898      17439    0    1    1    1    1
2017  5 27  8 53     0.27    -1.87     1.15    -294.0     20.56      1.33     5.932      17533    0    1    1    1    1
2017  5 27  8 54     0.27    -1.85     1.22    -293.6     20.32      1.52     5.932      17625    0    1    1    1    2
2017  5 27  8 55     0.24    -1.83     1.23    -293.6     19.34      1.90     5.949      17727    0    1    1    1    2
2017  5 27  8 56     0.06    -1.83     1.20    -293.8     19.35      1.91     5.973      17738    0    1    1    1    1
2017  5 27  8 57     0.05    -1.81     1.14    -293.8     19.58      1.52     6.007      17631    0    0    0    0    0
2017  5 27  8 58     0.10    -1.74     1.21    -293.7     19.82      1.50     6.052      17562    0    0    0    0    0
2017  5 27  8 59     0.15    -1.65     1.37    -293.4     20.13      1.49     6.051      17556    0    0    0    0    0
2017  5 27  9  0     0.16    -1.61     1.39    -293.3     20.42      1.43     6.042      17683    0    1    1    1    1
2017  5 27  9  1     0.16    -1.80     1.17    -293.6     20.55      1.39     6.031      17840    0    1    1    1    2
2017  5 27  9  2     0.16    -1.89     0.96    -294.1     20.44      1.33     6.022      18007    0    1    1    1    1
2017  5 27  9  3     0.13    -1.93     0.98    -294.4     20.28      1.36     6.090      18144    0    0    0    0    0
2017  5 27  9  4     0.16    -1.89     1.13    -294.5     20.16      1.47     6.123      18142    0    1    1    1    1
2017  5 27  9  5     0.17    -1.83     1.21    -294.2     19.90      1.06     6.109      18132    0    1    1    1    2
2017  5 27  9  6     0.16    -1.86     1.16    -294.1     19.84      1.01     6.087      18122    0    1    1    1    2
2017  5 27  9  7     0.13    -1.93     1.04    -293.8     19.54      0.84     6.066      18112    0    1    1    1    2
2017  5 27  9  8     0.15    -1.93     1.02    -293.4     18.96      0.72     6.062      18102    0    1    1    1    2
2017  5 27  9  9     0.18    -1.91     1.01    -293.4     18.89      0.47     6.028      18091    0    1    1    1    2
2017  5 27  9 10     0.19    -1.91     1.06    -293.8     19.30     -0.03     6.003      18079    0    1    1    1    2
2017  5 27  9 11     0.19    -1.92     1.07    -293.9     19.39     -0.44     5.987      18068    0    1    1    1    1
2017  5 27  9 12     0.24    -1.91     1.10    -294.3     19.39     -0.46     5.974      17926    0    1    1    1    1
2017  5 27  9 13     0.34    -1.92     1.02    -294.7     19.38     -0.40     5.959      17784    0    1    1    1    2
2017  5 27  9 14     0.43    -2.04     0.61    -294.8     19.32     -0.33     5.971      17650    0    1    1    1    2
2017  5 27  9 15     0.47    -2.03     0.38    -294.7     19.04     -0.35     6.009      17522    0    1    1    1    2
2017  5 27  9 16     0.48    -1.97     0.75    -294.5     18.58     -0.38     6.037      17398    0    1    1    1    2
2017  5 27  9 17     0.48    -2.06     0.37    -294.6     18.47     -0.33     6.047      17265    0    1    1    1    2
2017  5 27  9 18     0.51    -2.10     0.41    -294.7     18.70     -0.25     6.030      17130    0    1    1    1    2
2017  5 27  9 19     0.58    -2.10     0.47    -294.9     19.21     -0.24     6.003      16995    0    1    1    1    2
2017  5 27  9 20     0.59    -2.09     0.45    -295.0     19.52     -0.20     6.020      16860    0    1    1    1    2
2017  5 27  9 21     0.55    -2.08     0.44    -295.4     19.62      0.01     6.060      16717    0    1    1    1    2
2017  5 27  9 22     0.56    -2.07     0.48    -296.1     20.03      0.33     6.102      16568    0    1    1    1    2
2017  5 27  9 23     0.63    -2.06     0.47    -296.2     20.17      0.26     6.117      16434    0    1    1    1    2
2017  5 27  9 24     0.70    -2.04     0.38    -295.7     19.83      0.08     6.130      16317    0    1    1    1    2
2017  5 27  9 25     0.85    -2.03     0.27    -295.2     19.43     -0.00     6.144      16231    0    1    1    1    1
2017  5 27  9 26     1.25    -2.04     0.29    -295.3     19.32     -0.09     6.161      16258    0    0    0    0    0
2017  5 27  9 27     1.17    -2.04     0.56    -295.3     19.40      0.02     6.180      16396    0    1    1    1    1
2017  5 27  9 28     1.12    -2.03     0.83    -295.2     19.56      0.16     6.208      16637    0    1    1    1    2
2017  5 27  9 29     1.09    -1.95     0.99    -295.1     19.67      0.06     6.231      16877    0    1    1    1    2
2017  5 27  9 30     1.06    -1.96     0.91    -295.1     19.72     -0.10     6.244      17123    0    1    1    1    2
2017  5 27  9 31     1.00    -1.93     0.94    -295.0     19.73     -0.10     6.230      17365    0    1    1    1    2
2017  5 27  9 32     0.96    -1.93     0.87    -294.8     19.78      0.02     6.203      17598    0    1    1    1    2
2017  5 27  9 33     0.75    -1.92     0.51    -294.7     19.90      0.18     6.167      17839    0    1    1    1    2
2017  5 27  9 34     0.78    -1.89     0.51    -294.5     20.13      0.26     6.134      18077    0    1    1    1    2
2017  5 27  9 35     0.84    -1.88     0.71    -294.4     20.39      0.26     6.137      18319    0    1    1    1    2
2017  5 27  9 36     1.30    -1.89     0.76    -294.2     20.70      0.13     6.164      18553    0    1    1    1    2
2017  5 27  9 37     1.30    -1.94     0.75    -293.9     20.81     -0.35     6.214      18783    0    1    1    1    2
2017  5 27  9 38     1.25    -1.99     0.66    -294.0     20.43     -0.41     6.210      19033    0    1    1    1    2
2017  5 27  9 39     1.13    -2.02     0.58    -294.4     19.51     -0.36     6.189      19299    0    1    1    1    2
2017  5 27  9 40     0.87    -2.10     0.54    -294.5     19.67     -0.26     6.158      19550    0    1    1    1    2
2017  5 27  9 41     0.58    -2.24     0.52    -294.5     20.35     -0.22     6.095      19798    0    1    1    1    2
2017  5 27  9 42     0.43    -2.34     0.47    -294.3     21.38     -0.21     6.032      20033    0    1    1    1    1
2017  5 27  9 43     0.30    -2.34     0.43    -294.5     21.87     -0.30     6.027      20266    0    0    0    0    0
2017  5 27  9 44     0.26    -2.33     0.46    -294.5     21.86     -0.60     5.989      20215    0    0    0    0    0
2017  5 27  9 45     0.28    -2.21     0.55    -294.8     21.60     -0.56     5.925      19774    0    0    0    0    0
2017  5 27  9 46     0.54    -1.92     0.60    -295.7     21.09     -0.24     5.784      19845    0    0    0    0    0
2017  5 27  9 47     0.80    -1.80     0.62    -296.2     20.98     -0.01     5.563      20017    0    0    0    0    0
2017  5 27  9 48     0.68    -1.85     0.64    -296.0     20.92      0.06     5.522      20090    0    1    1    1    1
2017  5 27  9 49     0.65    -1.93     0.65    -295.4     21.10      0.17     5.542      20157    0    1    1    1    2
2017  5 27  9 50     1.08    -1.86     0.66    -294.6     21.17      0.34     5.590      20221    0    1    1    1    2
2017  5 27  9 51     1.56    -1.45     0.63    -294.2     20.94      0.54     5.659      20290    0    1    1    1    2
2017  5 27  9 52     1.76    -1.06     0.59    -294.6     21.00      0.48     5.677      20373    0    1    1    1    2
2017  5 27  9 53     2.03    -0.54     0.62    -294.5     20.98      0.17     5.701      20448    0    1    1    1    2
2017  5 27  9 54     2.07    -0.47     0.65    -294.6     21.26     -0.13     5.703      20525    0    1    1    1    2
2017  5 27  9 55     2.14    -0.37     0.66    -294.3     21.18      0.03     5.698      20596    0    1    1    1    2
2017  5 27  9 56     2.17    -0.40     0.70    -294.2     21.46     -0.03     5.692      20671    0    1    1    1    2
2017  5 27  9 57     2.17    -0.47     0.78    -294.3     21.56     -0.04     5.724      20749    0    1    1    1    2
2017  5 27  9 58     2.16    -0.53     0.81    -294.4     21.75      0.08     5.753      20821    0    1    1    1    1
2017  5 27  9 59     2.11    -0.53     0.79    -294.3     22.00      0.32     5.676      20694    0    0    0    0    0
2017  5 27 10  0     2.02    -0.51     0.76    -294.2     22.27      0.54     5.430      18852    0    0    0    0    0
2017  5 27 10  1     1.93    -0.50     0.53    -294.0     22.29      0.52     5.399      18852    0    0    0    0    0
2017  5 27 10  2     1.85    -0.72     0.48    -294.1     21.89      0.47     5.424      18983    0    1    1    1    2
2017  5 27 10  3     1.81    -0.77     0.50    -294.7     21.44      0.45     5.473      19126    0    1    1    1    2
2017  5 27 10  4     1.70    -1.00     0.50    -295.1     21.22      0.20     5.548      19266    0    1    1    1    2
2017  5 27 10  5     1.64    -1.24     0.49    -294.7     21.12     -0.07     5.611      19385    0    1    1    1    2
2017  5 27 10  6     1.62    -1.27     0.49    -294.0     21.18     -0.26     5.613      19494    0    1    1    1    2
2017  5 27 10  7     1.55    -1.32     0.49    -293.6     21.49     -0.24     5.611      19613    0    1    1    1    2
2017  5 27 10  8     1.47    -1.33     0.51    -293.6     21.22     -0.01     5.636      19743    0    1    1    1    2
2017  5 27 10  9     1.47    -1.31     0.54    -293.8     20.41      0.29     5.678      19876    0    1    1    1    2
2017  5 27 10 10     1.48    -1.31     0.53    -294.5     20.12      0.23     5.705      19860    0    0    0    0    0
2017  5 27 10 11     1.46    -1.47     0.49    -295.2     20.31     -0.06     5.671      19493    0    0    0    0    0
2017  5 27 10 12     1.43    -1.54     0.43    -295.5     20.47     -0.17     5.605      18887    0    0    0    0    0
2017  5 27 10 13     1.39    -1.53     0.40    -295.3     20.33     -0.18     5.557      17979    0    0    0    0    0
2017  5 27 10 14     1.35    -1.55     0.46    -295.0     20.58     -0.10     5.491      16884    0    0    0    0    0
2017  5 27 10 15     1.30    -1.58     0.54    -294.5     21.97      0.25     5.359      15171    0    0    0    0    0
2017  5 27 10 16     1.33    -1.62     0.57    -294.3     22.43      0.26     5.358      15172    0    0    0    0    0
2017  5 27 10 17     1.39    -1.62     0.64    -294.1     23.00      0.24     5.376      15185    0    0    0    0    0
2017  5 27 10 18     1.32    -1.69     0.66    -293.6     23.40      0.31     5.378      15692    0    0    0    0    0
2017  5 27 10 19     1.17    -1.85     0.61    -293.1     23.19      0.44     5.414      15962    0    0    0    0    0
2017  5 27 10 20     1.01    -2.02     0.57    -293.4     23.52      0.03     5.452      16174    0    0    0    0    0
2017  5 27 10 21     0.72    -2.19     0.47    -294.5     23.16     -0.08     5.573      16215    0    0    0    0    0
2017  5 27 10 22     0.67    -2.24     0.37    -294.7     23.40     -0.16     5.609      16400    0    0    0    0    0
2017  5 27 10 23     0.67    -2.26     0.42    -294.8     23.74     -0.26     5.622      16517    0    0    0    0    0
2017  5 27 10 24     0.71    -2.25     0.49    -294.4     23.97     -0.50     5.494      16625    0    0    0    0    0
2017  5 27 10 25     0.75    -2.26     0.52    -294.0     23.98     -0.48     5.413      16731    0    0    0    0    0
2017  5 27 10 26     0.72    -2.26     0.56    -293.7     24.25     -0.18     5.449      17037    0    0    0    0    0
2017  5 27 10 27     0.59    -2.29     0.25    -293.8     24.64      0.34     5.495      17062    0    0    0    0    0
2017  5 27 10 28     0.34    -2.33     0.27    -294.1     24.56      0.49     5.544      16255    0    0    0    0    0
2017  5 27 10 29     0.24    -2.45     0.28    -294.6     24.06      0.52     5.453      16077    0    0    0    0    0
2017  5 27 10 30     0.22    -2.60     0.28    -294.5     23.97      0.55     5.349      16239    0    0    0    0    0
2017  5 27 10 31     0.17    -2.60     0.22    -294.4     24.54      0.50     5.353      17755    0    0    0    0    0
2017  5 27 10 32     0.11    -2.57     0.10    -293.9     25.18      0.34     5.349      17755    0    0    0    0    0
2017  5 27 10 33     0.10    -2.52     0.16    -293.6     25.01     -0.55     5.247      17372    0    0    0    0    0
2017  5 27 10 34     0.24    -2.48     0.18    -293.5     24.59     -0.99     5.208      17331    0    0    0    0    0
2017  5 27 10 35     0.50    -2.43     0.17    -293.5     24.63     -0.92     5.233      18013    0    1    1    1    1
2017  5 27 10 36     0.49    -2.43     0.21    -293.7     24.86     -0.49     5.267      18824    0    1    1    1    2
2017  5 27 10 37     0.32    -2.46     0.34    -294.0     24.12      0.06     5.311      19638    0    1    1    1    1
2017  5 27 10 38     0.10    -2.53     0.22    -294.1     23.37      0.20     5.317      29020    0    0    0    0    0
2017  5 27 10 39     0.04    -2.56     0.20    -292.5     24.62      1.34     4.853      36866    0    0    0    0    0
2017  5 27 10 40     0.00    -2.56     0.19    -291.3     25.62      2.16     4.560      40789    0    0    0    0    0
2017  5 27 10 41     0.06    -2.54     0.19    -291.0     26.01      2.30     4.595      38090    0    0    0    0    0
2017  5 27 10 42     0.17    -2.54     0.19    -292.5     25.17      1.11     5.204      23274    0    0    0    0    0
2017  5 27 10 43     0.12    -2.59     0.15    -293.0     25.17      0.50     5.439      18274    0    0    0    0    0
2017  5 27 10 44     0.11    -2.62     0.13    -292.9     25.22      0.60     5.450      18272    0    0    0    0    0
2017  5 27 10 45     0.14    -2.62     0.13    -293.3     24.74      0.70     5.488      18438    0    0    0    0    0
2017  5 27 10 46     0.14    -2.65     0.13    -294.0     24.20      0.24     5.556      19284    0    0    0    0    0
2017  5 27 10 47     0.11    -2.67     0.15    -294.7     24.18      0.46     5.571      20148    0    0    0    0    0
2017  5 27 10 48     0.02    -2.64     0.15    -294.9     23.95      0.59     5.534      20129    0    0    0    0    0
2017  5 27 10 49    -0.05    -2.56     0.14    -294.7     23.92      0.29     5.541      19869    0    0    0    0    0
2017  5 27 10 50    -0.05    -2.53     0.14    -294.3     23.75     -0.24     5.568      18782    0    0    0    0    0
2017  5 27 10 51    -0.07    -2.53     0.37    -293.9     23.76     -0.13     5.564      18782    0    0    0    0    0
2017  5 27 10 52     0.17    -2.53     0.82    -293.9     24.03      0.26     5.562      18867    0    0    0    0    0
2017  5 27 10 53     0.28    -2.52     0.90    -294.3     24.33      0.47     5.573      18850    0    0    0    0    0
2017  5 27 10 54     0.40    -2.51     0.97    -294.8     24.37      0.37     5.590      18455    0    1    1    1    1
2017  5 27 10 55     0.37    -2.52     0.86    -294.7     24.49      0.30     5.611      18043    0    1    1    1    2
2017  5 27 10 56     0.32    -2.53     0.80    -294.5     24.60      0.28     5.617      17643    0    1    1    1    2
2017  5 27 10 57     0.32    -2.55     0.74    -294.2     24.66      0.27     5.646      17254    0    1    1    1    1
2017  5 27 10 58     0.39    -2.57     0.71    -294.3     24.78      0.27     5.679      16881    0    0    0    0    0
2017  5 27 10 59     0.48    -2.57     0.67    -294.6     24.80      0.33     5.688      16886    0    0    0    0    0
2017  5 27 11  0     0.46    -2.60     0.62    -294.4     24.69      0.13     5.659      16926    0    0    0    0    0
2017  5 27 11  1     0.49    -2.61     0.61    -294.3     24.60     -0.33     5.616      16969    0    0    0    0    0
2017  5 27 11  2     0.49    -2.65     0.59    -294.4     24.65     -0.32     5.611      17037    0    1    1    1    1
2017  5 27 11  3     0.47    -2.67     0.50    -294.9     24.73     -0.17     5.636      17111    0    1    1    1    2
2017  5 27 11  4     0.43    -2.67     0.37    -295.1     24.74      0.16     5.619      17181    0    1    1    1    2
2017  5 27 11  5     0.41    -2.69     0.31    -295.4     24.45      0.46     5.593      17252    0    1    1    1    2
2017  5 27 11  6     0.42    -2.68     0.27    -295.5     24.14      0.51     5.621      17321    0    1    1    1    2
2017  5 27 11  7     0.44    -2.68     0.25    -295.5     23.78      0.50     5.664      17367    0    1    1    1    1
2017  5 27 11  8     0.46    -2.70     0.22    -295.1     23.38      0.57     5.707      17330    0    0    0    0    0
2017  5 27 11  9     0.46    -2.70     0.19    -294.5     23.15      0.73     5.730      17204    0    0    0    0    0
2017  5 27 11 10     0.41    -2.68     0.11    -294.5     23.08      0.79     5.742      17381    0    0    0    0    0
2017  5 27 11 11     0.35    -2.70     0.06    -294.7     22.77      0.49     5.820      19331    0    0    0    0    0
2017  5 27 11 12     0.30    -2.69     0.12    -295.0     22.07      0.42     5.831      20012    0    0    0    0    0
2017  5 27 11 13     0.26    -2.64     0.21    -295.3     21.97      0.62     5.840      19996    0    0    0    0    0
2017  5 27 11 14     0.24    -2.61     0.24    -295.3     21.97      0.73     5.845      19735    0    1    1    1    1
2017  5 27 11 15     0.14    -2.61     0.27    -295.4     22.02      0.87     5.819      18908    0    1    1    1    2
2017  5 27 11 16     0.00    -2.62     0.26    -295.5     22.07      0.98     5.791      18064    0    1    1    1    2
2017  5 27 11 17    -0.08    -2.59     0.18    -295.6     21.99      1.05     5.778      17231    0    1    1    1    1
2017  5 27 11 18    -0.09    -2.54     0.01    -295.6     21.53      0.95     5.762      16661    0    0    0    0    0
2017  5 27 11 19    -0.08    -2.56    -0.05    -295.5     21.07      0.77     5.752      16634    0    0    0    0    0
2017  5 27 11 20    -0.01    -2.60    -0.03    -295.4     21.34      0.76     5.752      17023    0    0    0    0    0
2017  5 27 11 21     0.07    -2.61     0.08    -295.1     21.99      0.85     5.794      18068    0    0    0    0    0
2017  5 27 11 22     0.09    -2.61     0.15    -294.9     22.47      0.80     5.818      18198    0    1    1    1    1
2017  5 27 11 23     0.10    -2.61     0.17    -295.0     22.56      0.64     5.851      18337    0    1    1    1    2
2017  5 27 11 24     0.11    -2.60     0.21    -295.2     22.39      0.41     5.858      18478    0    1    1    1    2
2017  5 27 11 25     0.15    -2.59     0.28    -294.9     22.53      0.24     5.861      18609    0    1    1    1    2
2017  5 27 11 26     0.23    -2.58     0.29    -294.7     22.82      0.29     5.892      18738    0    1    1    1    2
2017  5 27 11 27     0.34    -2.59     0.28    -294.6     23.44      0.27     5.925      18872    0    1    1    1    1
2017  5 27 11 28     0.38    -2.60     0.15    -294.6     23.53      0.37     5.947      19020    0    0    0    0    0
2017  5 27 11 29     0.38    -2.61     0.08    -294.6     22.96      0.67     5.910      19257    0    0    0    0    0
2017  5 27 11 30     0.37    -2.64    -0.04    -294.6     22.49      0.71     5.914      19161    0    1    1    1    1
2017  5 27 11 31     0.38    -2.66    -0.10    -294.5     22.78      0.72     5.921      18343    0    1    1    1    2
2017  5 27 11 32     0.44    -2.67    -0.11    -294.3     23.28      0.58     5.919      17558    0    1    1    1    1
2017  5 27 11 33     0.53    -2.73    -0.14    -294.1     23.23      0.31     5.889      16972    0    0    0    0    0
2017  5 27 11 34     0.54    -2.70    -0.32    -294.7     22.98      0.20     5.879      17005    0    0    0    0    0
2017  5 27 11 35     0.55    -2.62    -0.51    -295.1     22.75     -0.30     5.874      17218    0    0    0    0    0
2017  5 27 11 36     0.53    -2.52    -0.69    -295.0     22.82     -0.64     5.883      17305    0    0    0    0    0
2017  5 27 11 37     0.46    -2.45    -0.81    -294.9     22.90     -0.51     5.876      17305    0    0    0    0    0
2017  5 27 11 38     0.42    -2.56    -1.03    -294.6     22.54     -0.45     5.858      17342    0    0    0    0    0
2017  5 27 11 39     0.50    -2.59    -0.96    -294.5     21.84     -0.66     5.817      17659    0    0    0    0    0
2017  5 27 11 40     0.51    -2.55    -0.83    -294.6     22.08     -0.87     5.775      17894    0    0    0    0    0
2017  5 27 11 41     0.51    -2.59    -0.15    -294.3     22.57     -0.98     5.767      17889    0    0    0    0    0
2017  5 27 11 42     0.50    -2.64     0.26    -294.3     22.62     -1.12     5.792      17781    0    1    1    1    1
2017  5 27 11 43     0.53    -2.63     0.48    -294.4     22.82     -1.04     5.788      17431    0    1    1    1    2
2017  5 27 11 44     0.58    -2.68     0.64    -294.5     23.20     -1.02     5.790      17079    0    1    1    1    2
2017  5 27 11 45     0.54    -2.62     0.71    -294.6     23.75     -0.72     5.846      16764    0    1    1    1    1
2017  5 27 11 46     0.49    -2.56     0.68    -294.9     23.72     -0.37     5.923      16998    0    0    0    0    0
2017  5 27 11 47     0.43    -2.56     0.70    -295.1     22.89     -0.51     5.989      18110    0    0    0    0    0
2017  5 27 11 48     0.29    -2.54     0.74    -294.9     22.06     -0.50     6.023      18156    0    0    0    0    0
2017  5 27 11 49     0.26    -2.52     0.78    -294.7     21.63     -0.50     6.054      18098    0    0    0    0    0
2017  5 27 11 50     0.29    -2.57     0.78    -294.8     21.14     -0.43     6.039      17653    0    0    0    0    0
2017  5 27 11 51     0.30    -2.65     0.54    -295.1     20.86     -0.24     5.988      17266    0    0    0    0    0
2017  5 27 11 52     0.29    -2.64     0.34    -295.0     21.05     -0.13     5.910      17305    0    0    0    0    0
2017  5 27 11 53     0.30    -2.62     0.29    -295.0     21.33     -0.37     5.846      17456    0    0    0    0    0
2017  5 27 11 54     0.32    -2.62     0.28    -294.8     21.14     -0.42     5.774      17445    0    0    0    0    0
2017  5 27 11 55     0.33    -2.62     0.25    -294.4     20.74     -0.46     5.744      17365    0    0    0    0    0
2017  5 27 11 56     0.35    -2.66     0.25    -294.4     20.48     -0.54     5.728      17101    0    0    0    0    0
2017  5 27 11 57     0.40    -2.73     0.31    -294.6     21.35     -0.68     5.725      16876    0    0    0    0    0
2017  5 27 11 58     0.45    -2.74     0.33    -294.6     22.13     -0.67     5.735      16881    0    0    0    0    0
2017  5 27 11 59     0.45    -2.68     0.54    -294.5     22.51     -0.70     5.765      16988    0    0    0    0    0
2017  5 27 12  0     0.45    -2.54     0.93    -294.2     22.98     -0.84     5.815      17608    0    0    0    0    0
2017  5 27 12  1     0.42    -2.44     1.39    -294.4     22.94     -0.62     5.806      17634    0    0    0    0    0
2017  5 27 12  2     0.38    -2.47     1.34    -295.2     22.76     -0.11     5.759      17572    0    0    0    0    0
2017  5 27 12  3     0.30    -2.48     1.25    -295.5     22.68      0.06     5.752      17331    0    0    0    0    0
2017  5 27 12  4     0.21    -2.42     1.28    -295.5     22.64      0.16     5.755      17241    0    0    0    0    0
2017  5 27 12  5     0.16    -2.42     1.31    -295.6     22.33      0.30     5.771      17335    0    0    0    0    0
2017  5 27 12  6     0.13    -2.35     1.38    -295.5     22.04      0.32     5.819      17600    0    0    0    0    0
2017  5 27 12  7     0.12    -2.20     1.45    -295.4     21.86      0.29     5.890      17758    0    0    0    0    0
2017  5 27 12  8     0.17    -2.17     1.48    -295.3     21.47      0.17     5.935      17738    0    0    0    0    0
2017  5 27 12  9     0.20    -2.29     1.35    -295.3     20.73      0.46     5.993      17685    0    0    0    0    0
2017  5 27 12 10     0.20    -2.44     0.94    -295.4     20.39      0.83     6.302      18180    0    0    0    0    0
2017  5 27 12 11     0.19    -2.51     0.55    -295.8     20.51      0.88     6.998      19435    0    0    0    0    0
2017  5 27 12 12    -0.11    -2.54     0.58    -296.5     20.46      0.61     6.471      19587    0    0    0    0    0
2017  5 27 12 13    -0.40    -2.35     0.85    -297.4     19.90      0.65     5.872      19587    0    0    0    0    0
2017  5 27 12 14    -0.28    -2.47     0.34    -297.9     19.50      0.67     5.838      20110    0    0    0    0    0
2017  5 27 12 15    -0.30    -2.60     0.16    -298.3     19.72      0.61     5.800      20288    0    0    0    0    0
2017  5 27 12 16    -0.95    -2.52     0.21    -299.1     19.90      0.37     5.701      20353    0    1    1    1    2
2017  5 27 12 17    -0.72    -2.54     0.16    -299.3     19.86      0.14     6.684      20414    0    1    1    2    2
2017  5 27 12 18    -0.56    -2.50     0.09    -299.9     19.80      0.09     6.713      20478    0    1    1    2    2
2017  5 27 12 19    -0.62    -2.40     0.12    -300.9     19.97      0.15     6.743      20546    0    1    1    2    2
2017  5 27 12 20    -0.73    -2.40     0.15    -302.1     20.45      0.24     6.774      20580    0    1    1    1    1
2017  5 27 12 21    -0.74    -2.50     0.18    -302.5     20.45      0.29     6.783      20410    0    0    0    0    0
2017  5 27 12 22    -0.78    -2.64     0.15    -302.3     20.14      0.39     6.795      20157    0    1    1    1    1
2017  5 27 12 23    -0.91    -2.62     0.07    -301.9     19.82      0.52     6.811      19901    0    1    1    2    2
2017  5 27 12 24    -0.82    -2.56    -0.01    -301.9     19.62      0.58     6.829      19625    0    1    1    2    2
2017  5 27 12 25    -0.98    -2.54     0.07    -302.0     19.79      0.47     6.846      19346    0    1    1    2    2
2017  5 27 12 26    -1.11    -2.53     0.09    -301.3     19.99      0.38     6.861      19107    0    1    1    2    2
2017  5 27 12 27    -1.06    -2.55     0.02    -300.3     20.07      0.37     6.876      18886    0    1    1    2    2
2017  5 27 12 28    -1.01    -2.61    -0.02    -299.5     20.06      0.37     6.890      18655    0    1    1    2    2
2017  5 27 12 29    -0.95    -2.66    -0.01    -299.2     20.13      0.28     6.907      18396    0    1    1    2    2
2017  5 27 12 30    -0.94    -2.62     0.02    -298.9     20.45      0.21     6.923      18137    0    1    1    2    2
2017  5 27 12 31    -1.06    -2.60     0.06    -298.5     20.66      0.23     6.940      17878    0    1    1    2    2
2017  5 27 12 32    -1.22    -2.60     0.13    -298.1     20.39      0.59     6.956      17626    0    1    1    2    2
2017  5 27 12 33    -1.21    -2.62     0.01    -297.9     19.51      0.96     6.972      17365    0    1    1    2    2
2017  5 27 12 34    -1.11    -2.63    -0.08    -297.8     18.79      0.87     6.989      17308    0    1    1    1    1
2017  5 27 12 35    -1.08    -2.63     0.07    -297.8     18.97      0.62     6.994      17382    0    0    0    0    0
2017  5 27 12 36    -1.09    -2.65     0.09    -298.2     19.37      0.23     6.930      17732    0    0    0    0    0
2017  5 27 12 37    -1.07    -2.71    -0.12    -301.0     19.68      0.80     6.911      17718    0    0    0    0    0
2017  5 27 12 38    -1.00    -2.76    -0.01    -301.8     19.72      0.73     6.913      17322    0    1    1    1    1
2017  5 27 12 39    -0.96    -2.75    -0.01    -301.4     19.89      0.28     6.914      16850    0    1    1    2    2
2017  5 27 12 40    -1.02    -2.74    -0.09    -300.0     20.15     -0.07     6.847      16540    0    1    1    1    1
2017  5 27 12 41    -1.15    -2.74    -0.16    -297.9     20.41     -0.10     6.684      16396    0    1    1    1    1
2017  5 27 12 42    -1.20    -2.75    -0.21    -297.0     20.76     -0.21     6.443      16344    0    0    0    0    0
2017  5 27 12 43    -1.10    -2.76    -0.28    -296.3     21.00     -0.32     6.195      16386    0    0    0    0    0
2017  5 27 12 44    -0.99    -2.77    -0.37    -295.1     21.13     -0.44     5.974      16453    0    1    1    1    1
2017  5 27 12 45    -0.99    -2.78    -0.44    -293.9     21.26     -0.65     5.756      16521    0    1    1    1    1
2017  5 27 12 46    -1.01    -2.78    -0.49    -293.1     21.80     -0.99     5.742      16597    0    1    1    1    2
2017  5 27 12 47    -1.06    -2.78    -0.51    -292.7     22.03     -1.32     5.757      16681    0    1    1    1    2
2017  5 27 12 48    -1.10    -2.78    -0.58    -292.5     22.14     -1.41     5.777      16768    0    1    1    1    2
2017  5 27 12 49    -1.12    -2.78    -0.65    -292.7     22.14     -1.51     5.801      16865    0    1    1    1    2
2017  5 27 12 50    -1.10    -2.77    -0.70    -292.8     22.93     -1.64     5.810      16957    0    1    1    1    2
2017  5 27 12 51    -1.09    -2.76    -0.74    -292.5     22.94     -1.78     5.780      17043    0    1    1    1    2
2017  5 27 12 52    -1.11    -2.74    -0.76    -292.2     22.85     -1.92     5.736      17129    0    1    1    1    2
2017  5 27 12 53    -1.12    -2.70    -0.78    -291.9     22.58     -2.03     5.721      17215    0    1    1    1    2
2017  5 27 12 54    -1.10    -2.67    -0.77    -291.5     22.30     -2.25     5.735      17298    0    1    1    1    2
2017  5 27 12 55    -1.04    -2.62    -0.69    -291.2     22.29     -2.47     5.751      17382    0    1    1    1    2
2017  5 27 12 56    -0.94    -2.57    -0.59    -291.0     22.46     -2.56     5.756      17469    0    1    1    1    2
2017  5 27 12 57    -0.17    -2.49    -0.82    -290.8     22.74     -2.63     5.754      17557    0    1    1    1    2
2017  5 27 12 58     1.49    -2.29    -1.34    -290.6     22.99     -2.75     5.752      17645    0    1    1    1    2
2017  5 27 12 59     1.77    -2.06    -1.32    -290.4     23.19     -2.88     5.759      17733    0    1    1    1    2
2017  5 27 13  0     1.76    -2.03    -1.25    -290.3     23.38     -3.00     5.768      17822    0    1    1    1    2
2017  5 27 13  1     1.70    -1.93    -1.18    -290.3     23.41     -3.16     5.756      17914    0    1    1    1    2
2017  5 27 13  2     1.72    -1.92    -1.19    -289.8     23.53     -3.37     5.761      17995    0    1    1    1    1
2017  5 27 13  3     1.91    -1.93    -1.21    -290.0     23.59     -3.48     5.737      18165    0    0    0    0    0
2017  5 27 13  4     1.98    -1.96    -1.21    -290.1     23.64     -3.48     5.729      18784    0    0    0    0    0
2017  5 27 13  5     1.94    -2.04    -1.26    -290.2     23.51     -3.67     5.875      19138    0    0    0    0    0
2017  5 27 13  6     1.45    -2.19    -1.43    -290.8     22.96     -4.05     6.670      19236    0    0    0    0    0
2017  5 27 13  7     0.81    -2.24    -1.52    -291.7     22.54     -4.16     6.731      19441    0    0    0    0    0
2017  5 27 13  8     0.72    -2.29    -1.56    -291.6     22.52     -4.18     6.770      19441    0    0    0    0    0
2017  5 27 13  9     0.67    -2.25    -1.61    -291.4     22.38     -4.05     6.790      19325    0    0    0    0    0
2017  5 27 13 10     0.71    -2.11    -1.65    -291.1     22.31     -4.13     6.742      18967    0    0    0    0    0
2017  5 27 13 11     0.95    -1.95    -1.66    -290.5     22.62     -4.23     6.606      18616    0    0    0    0    0
2017  5 27 13 12     1.51    -1.85    -1.76    -290.2     23.05     -4.27     6.582      18757    0    0    0    0    0
2017  5 27 13 13     1.84    -1.59    -1.93    -290.7     23.03     -4.20     6.694      19784    0    0    0    0    0
2017  5 27 13 14     1.87    -1.73    -1.94    -291.2     23.76     -4.42     6.892      21646    0    0    0    0    0
2017  5 27 13 15     1.90    -1.72    -1.94    -290.9     25.66     -4.91     7.087      23776    0    0    0    0    0
2017  5 27 13 16     1.82    -1.88    -1.93    -289.9     27.42     -5.26     7.207      25377    0    0    0    0    0
2017  5 27 13 17     1.23    -2.02    -1.91    -290.3     26.69     -4.86     7.050      24942    0    0    0    0    0
2017  5 27 13 18     1.05    -2.18    -1.79    -292.9     22.51     -4.04     6.728      19896    0    0    0    0    0
2017  5 27 13 19     1.06    -2.17    -1.66    -292.9     22.30     -4.13     6.422      18313    0    0    0    0    0
2017  5 27 13 20     1.10    -2.10    -1.62    -292.9     22.22     -4.09     6.081      18136    0    0    0    0    0
2017  5 27 13 21     1.19    -1.87    -1.78    -294.2     21.88     -2.90     5.707      21661    0    0    0    0    0
2017  5 27 13 22     1.19    -2.11    -1.84    -293.9     21.51     -2.90     5.683      21661    0    0    0    0    0
2017  5 27 13 23     1.11    -2.61    -1.80    -294.2     20.99     -2.87     5.722      21601    0    1    1    1    2
2017  5 27 13 24     0.97    -2.75    -1.57    -294.8     20.34     -2.69     5.874      21537    0    1    1    1    2
2017  5 27 13 25     0.97    -2.71    -1.59    -294.8     20.36     -2.60     6.768      21479    0    1    1    2    2
2017  5 27 13 26     0.91    -2.37    -1.86    -294.6     21.43     -2.85     6.829      21422    0    1    1    2    2
2017  5 27 13 27     0.73    -2.18    -2.03    -294.4     22.87     -3.22     6.889      21367    0    1    1    2    2
2017  5 27 13 28     0.59    -2.48    -1.62    -294.5     22.70     -3.15     6.952      21308    0    1    1    2    2
2017  5 27 13 29     0.61    -2.51    -1.44    -295.3     22.36     -2.88     7.024      21242    0    1    1    2    2
2017  5 27 13 30     0.67    -2.24    -1.71    -295.6     21.65     -2.73     7.091      21180    0    1    1    1    1
2017  5 27 13 31     0.65    -2.19    -2.01    -294.8     21.26     -2.71     7.132      21009    0    0    0    0    0
2017  5 27 13 32     0.55    -2.17    -2.04    -293.9     21.61     -2.80     7.129      20292    0    0    0    0    0
2017  5 27 13 33     0.68    -1.98    -1.96    -294.3     22.38     -2.75     6.812      20334    0    0    0    0    0
2017  5 27 13 34     0.68    -2.10    -1.80    -294.0     22.01     -1.98     6.517      21885    0    0    0    0    0
2017  5 27 13 35     0.56    -2.24    -1.79    -294.9     19.99     -2.01     6.184      22378    0    1    1    1    1
2017  5 27 13 36     0.40    -2.42    -1.76    -294.8     19.83     -2.11     6.251      22773    0    1    1    1    2
2017  5 27 13 37     0.51    -2.61    -1.69    -294.7     19.94     -2.07     6.779      23178    0    1    1    1    2
2017  5 27 13 38     0.70    -2.76    -1.53    -294.5     20.18     -1.99     6.002      23567    0    1    1    1    2
2017  5 27 13 39     0.69    -2.84    -1.44    -294.4     19.66     -1.90     6.112      23968    0    1    1    1    2
2017  5 27 13 40     0.50    -2.79    -1.38    -294.5     19.15     -1.92     6.208      24341    0    1    1    1    1
2017  5 27 13 41     0.10    -2.74    -1.26    -294.4     18.50     -1.78     7.094      24267    0    0    0    0    0
2017  5 27 13 42    -0.08    -2.73    -1.18    -294.2     18.47     -1.88     7.035      23159    0    0    0    0    0
2017  5 27 13 43    -0.08    -2.67    -1.24    -294.3     18.59     -2.06     6.099      21816    0    0    0    0    0
2017  5 27 13 44     0.01    -2.61    -1.44    -294.6     18.89     -2.23     6.164      21827    0    0    0    0    0
2017  5 27 13 45     0.01    -2.61    -1.72    -295.0     18.83     -2.77     6.178      21917    0    0    0    0    0
2017  5 27 13 46     0.03    -2.61    -1.67    -295.3     18.48     -3.18     6.174      21841    0    0    0    0    0
2017  5 27 13 47     0.07    -2.63    -1.60    -295.4     17.97     -3.31     6.158      21514    0    1    1    1    1
2017  5 27 13 48     0.00    -2.69    -1.50    -295.6     17.69     -3.08     6.175      21133    0    1    1    1    2
2017  5 27 13 49    -0.29    -2.78    -1.33    -295.5     17.72     -2.48     6.220      20765    0    1    1    1    2
2017  5 27 13 50    -0.52    -2.88    -1.20    -295.3     17.91     -2.11     6.269      20411    0    1    1    1    2
2017  5 27 13 51    -0.49    -2.87    -1.20    -294.8     18.26     -2.07     6.288      20072    0    1    1    1    2
2017  5 27 13 52    -0.44    -2.85    -1.20    -294.5     18.52     -2.12     6.328      19725    0    1    1    1    2
2017  5 27 13 53    -0.49    -2.85    -1.19    -294.6     18.27     -2.26     6.378      19346    0    1    1    1    2
2017  5 27 13 54    -0.61    -2.89    -1.14    -294.7     17.65     -2.21     6.349      18967    0    1    1    1    2
2017  5 27 13 55    -0.69    -2.92    -1.09    -294.8     17.25     -2.10     6.407      18586    0    1    1    1    2
2017  5 27 13 56    -0.68    -2.94    -1.05    -294.7     17.28     -2.04     7.201      18228    0    1    1    2    2
2017  5 27 13 57    -0.66    -2.94    -1.05    -294.3     17.35     -1.97     7.148      17878    0    1    1    1    2
2017  5 27 13 58    -0.67    -2.94    -1.07    -294.3     17.38     -1.83     6.243      17511    0    1    1    1    1
2017  5 27 13 59    -0.79    -3.04    -0.72    -294.5     17.65     -1.63     6.275      17101    0    0    0    0    0
2017  5 27 14  0    -0.85    -3.04    -0.76    -294.9     18.16     -1.69     6.277      16531    0    0    0    0    0
2017  5 27 14  1    -0.92    -2.98    -0.77    -295.6     17.77     -1.95     6.301      16997    0    0    0    0    0
2017  5 27 14  2    -0.98    -2.94    -0.62    -296.3     17.37     -2.14     6.295      17960    0    0    0    0    0
2017  5 27 14  3    -1.02    -2.96    -0.52    -296.3     17.50     -1.99     6.239      17617    0    0    0    0    0
2017  5 27 14  4    -1.02    -2.99    -0.51    -296.3     17.54     -1.60     6.211      17184    0    0    0    0    0
2017  5 27 14  5    -1.01    -2.97    -0.51    -296.2     17.35     -1.12     6.239      17119    0    0    0    0    0
2017  5 27 14  6    -1.07    -2.95    -0.49    -296.1     17.22     -0.67     6.321      17152    0    0    0    0    0
2017  5 27 14  7    -1.15    -2.94    -0.39    -296.2     16.94     -0.29     6.453      17415    0    0    0    0    0
2017  5 27 14  8    -1.20    -2.93    -0.24    -296.7     16.42      0.02     6.523      17964    0    0    0    0    0
2017  5 27 14  9    -1.21    -2.94    -0.15    -297.0     16.17      0.02     6.551      18206    0    0    0    0    0
2017  5 27 14 10    -1.22    -2.97    -0.21    -297.0     16.08     -0.20     6.571      18238    0    0    0    0    0
2017  5 27 14 11    -1.25    -2.99    -0.26    -297.1     16.04     -0.35     7.302      18631    0    0    0    0    0
2017  5 27 14 12    -1.30    -2.99    -0.27    -297.2     15.94     -0.33     7.713      18847    0    0    0    0    0
2017  5 27 14 13    -1.33    -2.96    -0.28    -297.1     15.65     -0.23     6.975      18398    0    0    0    0    0
2017  5 27 14 14    -1.35    -2.93    -0.26    -296.8     15.32     -0.22     6.564      18146    0    0    0    0    0
2017  5 27 14 15    -1.38    -2.90    -0.18    -296.5     15.17     -0.23     6.576      18209    0    0    0    0    0
2017  5 27 14 16    -1.41    -2.92    -0.04    -296.4     15.11      0.07     6.528      18583    0    0    0    0    0
2017  5 27 14 17    -1.42    -2.97     0.13    -296.2     14.93      0.54     6.878      19178    0    0    0    0    0
2017  5 27 14 18    -1.29    -3.05     0.24    -296.0     14.77      0.74     7.360      19493    0    0    0    0    0
2017  5 27 14 19    -1.14    -3.18     0.24    -295.8     14.62      0.76     7.344      19352    0    0    0    0    0
2017  5 27 14 20    -1.15    -3.22     0.24    -295.6     14.61      0.71     7.390      19111    0    0    0    0    0
2017  5 27 14 21    -1.17    -3.13     0.23    -295.4     15.38      0.65     7.536      19111    0    0    0    0    0
2017  5 27 14 22    -1.18    -2.91     0.24    -295.3     16.10      0.77     7.639      19067    0    0    0    0    0
2017  5 27 14 23    -1.17    -2.89     0.28    -295.3     16.61      1.18     7.638      18946    0    0    0    0    0
2017  5 27 14 24    -1.16    -2.87     0.37    -295.5     16.36      1.63     7.580      18982    0    0    0    0    0
2017  5 27 14 25    -1.14    -2.86     0.46    -295.8     15.55      1.67     7.444      19098    0    0    0    0    0
2017  5 27 14 26    -1.13    -2.87     0.53    -295.7     15.86      1.48     7.454      19145    0    0    0    0    0
2017  5 27 14 27    -1.11    -2.83     0.59    -295.6     16.79      1.07     7.523      19104    0    0    0    0    0
2017  5 27 14 28    -1.08    -2.79     0.62    -295.4     17.98      0.72     7.664      19018    0    0    0    0    0
2017  5 27 14 29    -0.97    -2.79     0.60    -295.1     18.71      0.66     7.779      19321    0    0    0    0    0
2017  5 27 14 30    -0.87    -2.77     0.50    -294.7     18.95      0.53     7.816      20374    0    0    0    0    0
2017  5 27 14 31    -0.73    -2.77     0.33    -294.8     19.17     -0.28     7.812      20170    0    0    0    0    0
2017  5 27 14 32    -0.62    -2.76     0.37    -295.3     19.10     -0.88     7.521      18860    0    0    0    0    0
2017  5 27 14 33    -0.65    -2.77     0.30    -295.1     18.83     -0.90     6.755      18327    0    0    0    0    0
2017  5 27 14 34    -0.67    -2.77     0.16    -294.9     18.58     -0.18     6.781      18476    0    0    0    0    0
2017  5 27 14 35    -0.65    -2.75     0.15    -294.5     18.32      0.33     6.766      19201    0    0    0    0    0
2017  5 27 14 36    -0.63    -2.72     0.16    -294.8     18.32      0.29     6.721      19644    0    0    0    0    0
2017  5 27 14 37    -0.57    -2.80     0.17    -294.7     18.50      0.27     6.570      19584    0    0    0    0    0
2017  5 27 14 38    -0.46    -2.86     0.26    -295.6     17.83      0.66     6.537      19216    0    0    0    0    0
2017  5 27 14 39    -0.41    -2.72     0.24    -295.7     16.07      1.06     6.609      19982    0    0    0    0    0
2017  5 27 14 40    -0.33    -2.77     0.17    -294.9     15.45      1.29     6.907      21448    0    0    0    0    0
2017  5 27 14 41    -0.25    -2.83     0.08    -293.5     15.97      1.31     7.571      21448    0    0    0    0    0
2017  5 27 14 42    -0.15    -2.87    -0.07    -292.0     16.83      1.32     7.681      21391    0    0    0    0    0
2017  5 27 14 43     0.04    -2.75    -0.42    -291.3     17.33      1.07     7.676      21348    0    0    0    0    0
2017  5 27 14 44     0.43    -2.23    -1.00    -292.3     16.92      0.53     7.667      21467    0    0    0    0    0
2017  5 27 14 45     1.03    -2.13    -1.35    -294.0     15.45      0.78     7.717      22368    0    0    0    0    0
2017  5 27 14 46     1.04    -2.13    -1.63    -295.1     12.81      2.01     8.106      23587    0    0    0    0    0
2017  5 27 14 47     1.06    -2.04    -1.74    -295.4     12.53      2.79     8.140      23881    0    0    0    0    0
2017  5 27 14 48     1.06    -1.87    -1.88    -295.0     12.99      2.94     8.074      23881    0    0    0    0    0
2017  5 27 14 49     1.08    -1.73    -1.90    -294.6     14.90      2.64     7.683      23867    0    0    0    0    0
2017  5 27 14 50     1.13    -1.54    -1.90    -292.6     17.59      0.62     6.960      23781    0    0    0    0    0
2017  5 27 14 51     1.31    -1.43    -1.93    -292.8     18.91     -0.33     6.495      23738    0    0    0    0    0
2017  5 27 14 52     1.31    -1.18    -2.07    -292.7     18.84     -0.45     6.453      23051    0    0    0    0    0
2017  5 27 14 53     1.35    -0.99    -2.09    -292.6     19.36     -0.71     6.514      22752    0    0    0    0    0
2017  5 27 14 54     1.50    -0.95    -2.16    -292.1     20.38     -1.58     6.513      21938    0    0    0    0    0
2017  5 27 14 55     1.63    -0.96    -2.21    -291.2     20.82     -2.63     6.832      20818    0    0    0    0    0
2017  5 27 14 56     1.74    -0.98    -2.19    -290.3     20.59     -3.41     7.340      19965    0    0    0    0    0
2017  5 27 14 57     1.94    -1.00    -2.13    -289.2     20.31     -3.55     7.328      19846    0    0    0    0    0
2017  5 27 14 58     1.95    -0.97    -2.13    -289.0     20.30     -3.72     7.314      19698    0    0    0    0    0
2017  5 27 14 59     1.92    -0.94    -2.15    -289.3     20.68     -4.44     6.248      18033    0    0    0    0    0
2017  5 27 15  0     1.93    -0.69    -2.36    -289.7     20.93     -4.46     6.257      17998    0    0    0    0    0
2017  5 27 15  1     1.96    -0.63    -2.39    -289.5     21.62     -4.60     6.274      17993    0    0    0    0    0
2017  5 27 15  2     1.98    -0.58    -2.46    -288.7     23.94     -5.26     6.615      17976    0    0    0    0    0
2017  5 27 15  3     1.88    -0.56    -2.55    -292.9     22.90     -2.94     7.342      25913    0    0    0    0    0
2017  5 27 15  4     1.36    -0.82    -2.13    -295.9     20.16     -1.30     7.825      25963    0    0    0    0    0
2017  5 27 15  5     0.04    -1.98    -1.17    -299.1     17.36     -0.12     7.807      23716    0    0    0    0    0
2017  5 27 15  6     0.33    -1.54    -1.73    -298.6     16.84     -0.27     7.513      23343    0    0    0    0    0
2017  5 27 15  7     0.73    -0.92    -2.16    -296.4     17.80     -2.05     7.330      21478    0    0    0    0    0
2017  5 27 15  8     1.13    -0.29    -2.57    -294.2     18.90     -3.90     7.153      19569    0    0    0    0    0
2017  5 27 15  9     1.44     0.11    -2.76    -293.4     21.36     -4.27     6.876      19458    0    0    0    0    0
2017  5 27 15 10     1.55     0.50    -2.79    -292.9     24.59     -4.65     6.570      19339    0    0    0    0    0
2017  5 27 15 11     1.63     0.63    -2.70    -293.0     26.32     -4.96     6.363      18772    0    0    0    0    0
2017  5 27 15 12     1.65     0.97    -2.62    -294.4     26.36     -4.76     6.182      18342    0    0    0    0    0
2017  5 27 15 13     1.57     0.95    -2.63    -295.2     25.66     -4.63     7.132      18593    0    0    0    0    0
2017  5 27 15 14     1.41     0.86    -2.67    -295.3     24.85     -4.55     6.733      19670    0    0    0    0    0
2017  5 27 15 15     1.36     0.67    -2.70    -295.5     23.77     -4.05     6.655      20741    0    0    0    0    0
2017  5 27 15 16     1.34     0.32    -2.55    -296.0     22.89     -2.75     6.551      21819    0    0    0    0    0
2017  5 27 15 17     0.89     0.37    -2.27    -299.0     20.11      1.68     6.410      23525    0    0    0    0    0
2017  5 27 15 18    -0.12    -1.39    -1.35    -300.0     18.52      1.64     6.790      23499    0    0    0    0    0
2017  5 27 15 19    -0.34    -1.66    -1.12    -300.2     17.25      1.70     6.928      23160    0    0    0    0    0
2017  5 27 15 20    -0.35    -1.66    -0.65    -300.2     16.48      2.00     7.306      22468    0    0    0    0    0
2017  5 27 15 21    -0.30    -1.68    -0.35    -299.6     16.60      2.45     7.306      22332    0    0    0    0    0
2017  5 27 15 22    -0.08    -1.82    -0.17    -299.0     15.59      2.43     7.309      21514    0    0    0    0    0
2017  5 27 15 23     0.16    -1.82    -0.16    -298.6     14.32      2.17     7.402      20644    0    0    0    0    0
2017  5 27 15 24     0.09    -1.89    -0.15    -299.3     15.27      1.77     7.086      19375    0    0    0    0    0
2017  5 27 15 25    -0.01    -2.14    -0.09    -298.9     18.05      1.49     6.795      16648    0    0    0    0    0
2017  5 27 15 26    -0.36    -2.26     0.05    -298.4     19.95      1.28     6.411      15884    0    0    0    0    0
2017  5 27 15 27    -0.62    -2.52    -0.05    -298.2     21.38      1.37     5.979      15469    0    0    0    0    0
2017  5 27 15 28    -0.59    -2.60    -0.07    -298.2     21.47      1.13     5.840      15412    0    0    0    0    0
2017  5 27 15 29    -0.56    -2.53    -0.14    -298.0     21.28      0.70     6.036      15775    0    0    0    0    0
2017  5 27 15 30    -0.57    -2.46    -0.09    -297.3     21.46      0.48     6.298      16188    0    0    0    0    0
2017  5 27 15 31    -0.59    -2.51     0.06    -296.8     21.85      0.37     6.596      16345    0    0    0    0    0
2017  5 27 15 32    -0.60    -2.60     0.18    -296.4     22.16      0.30     6.953      16333    0    0    0    0    0
2017  5 27 15 33    -0.59    -2.56     0.16    -296.4     22.09      0.06     7.315      16320    0    0    0    0    0
2017  5 27 15 34    -0.57    -2.36     0.05    -296.8     21.66     -0.24     7.764      16504    0    0    0    0    0
2017  5 27 15 35    -0.55    -2.27     0.10    -297.0     21.36     -0.12     7.991      16647    0    0    0    0    0
2017  5 27 15 36    -0.56    -2.31     0.17    -297.2     21.15      0.20     7.800      16084    0    0    0    0    0
2017  5 27 15 37    -0.58    -2.34     0.14    -297.5     20.91      0.48     7.653      15795    0    0    0    0    0
2017  5 27 15 38    -0.90    -2.54     0.57    -326.6     32.67     25.05    18.864      31049    0    0    0    0    0
2017  5 27 15 39    -0.93    -2.53     0.55    -327.3     32.79     25.53    18.846      31049    0    0    0    0    0
2017  5 27 15 40    -0.94    -2.49     0.50    -327.3     32.07     24.92    19.103      33120    0    0    0    0    0
2017  5 27 15 41    -0.99    -2.40     0.52    -326.9     30.31     22.53    19.946      38232    0    0    0    0    0
2017  5 27 15 42    -1.08    -2.24     0.52    -326.3     30.31     19.31    21.036      39417    0    0    0    0    0
2017  5 27 15 43    -1.16    -2.05     0.49    -326.6     30.52     14.78    23.527      46588    0    0    0    0    0
2017  5 27 15 44    -1.32    -2.00     0.43    -328.4     30.76     14.84    22.722      54676    0    0    0    0    0
2017  5 27 15 45    -1.26    -2.99    -3.09    -358.0     43.20     24.02    22.293      56558    0    0    0    0    0
2017  5 27 15 46    -1.64    -3.51    -3.26    -356.7     45.80     25.48    22.506      56558    0    0    0    0    0
2017  5 27 15 47    -2.46    -5.89    -3.28    -356.8     45.06     23.36    22.471      56558    0    0    0    0    0
2017  5 27 15 48    -2.89    -6.29    -4.27    -360.8     40.00     21.54    23.342      49262    0    0    0    0    0
2017  5 27 15 49    -2.87    -5.53    -4.16    -362.4     36.67     21.23    23.916      48254    0    0    0    0    0
2017  5 27 15 50    -2.66    -3.94    -5.51    -362.3     36.52     20.93    23.538      48877    0    0    0    0    0
2017  5 27 15 51    -2.58    -4.79    -5.33    -362.5     36.85     20.85    23.479      51082    0    0    0    0    0
2017  5 27 15 52    -2.59    -6.23    -4.34    -362.9     37.05     21.32    23.603      53175    0    0    0    0    0
2017  5 27 15 53    -2.52    -6.30    -4.90    -363.2     36.74     21.75    26.022      51841    0    0    0    0    0
2017  5 27 15 54    -2.61    -6.43    -4.69    -362.9     36.40     22.66    26.657      48299    0    0    0    0    0
2017  5 27 15 55    -2.83    -6.49    -4.38    -361.8     36.43     23.24    26.476      47300    0    0    0    0    0
2017  5 27 15 56    -2.94    -5.98    -4.18    -361.1     36.79     23.75    26.191      47272    0    0    0    0    0
2017  5 27 15 57    -2.70    -5.43    -4.28    -361.2     36.72     24.27    25.719      47272    0    0    0    0    0
2017  5 27 15 58    -2.67    -4.50    -5.08    -361.4     36.18     24.15    26.055      46758    0    0    0    0    0
2017  5 27 15 59    -3.01    -2.92    -6.02    -361.6     35.84     23.65    25.585      46340    0    0    0    0    0
2017  5 27 16  0    -3.03    -3.14    -5.91    -362.3     35.68     23.02    24.555      49762    0    0    0    0    0
2017  5 27 16  1    -2.97    -3.57    -5.72    -362.2     35.83     22.62    23.980      52540    0    0    0    0    0
2017  5 27 16  2    -2.97    -3.57    -5.71    -362.0     36.45     22.54    23.789      56231    0    0    0    0    0
2017  5 27 16  3    -2.94    -3.72    -5.56    -361.8     37.10     21.99    24.201      58966    0    0    0    0    0
2017  5 27 16  4    -2.44    -4.10    -5.20    -362.0     36.50     22.07    25.436      59553    0    0    0    0    0
2017  5 27 16  5    -2.04    -4.25    -4.73    -362.4     35.93     23.00    26.133      59643    0    0    0    0    0
2017  5 27 16  6    -1.97    -3.41    -4.39    -362.4     36.45     23.32    26.085      61614    0    0    0    0    0
2017  5 27 16  7    -1.92    -3.00    -4.67    -362.2     37.77     22.60    25.927      64628    0    0    0    0    0
2017  5 27 16  8    -1.75    -2.86    -5.20    -362.2     38.65     21.13    25.686      65725    0    0    0    0    0
2017  5 27 16  9    -1.18    -3.41    -5.20    -362.2     38.46     20.42    25.340      65821    0    0    0    0    0
2017  5 27 16 10    -0.45    -3.89    -4.34    -361.7     36.50     21.29    26.476      74583    0    0    0    0    0
2017  5 27 16 11    -0.12    -3.98    -3.87    -361.3     34.43     22.25    26.721      80492    0    0    0    0    0
2017  5 27 16 12    -0.28    -4.01    -3.59    -361.4     33.39     22.96    26.212      80514    0    0    0    0    0
2017  5 27 16 13    -0.44    -4.32    -2.98    -362.3     32.40     23.89    26.299      79109    0    0    0    0    0
2017  5 27 16 14    -0.37    -4.96    -2.47    -362.7     32.40     25.26    26.439      78447    0    0    0    0    0
2017  5 27 16 15    -0.36    -4.64    -2.70    -361.8     32.61     26.83    26.390      84682    0    0    0    0    0
2017  5 27 16 16    -0.33    -4.33    -2.74    -361.1     32.79     27.58    26.291      88701    0    0    0    0    0
2017  5 27 16 17    -0.27    -4.52    -2.43    -361.1     33.08     27.58    26.366      88701    0    0    0    0    0
2017  5 27 16 18    -0.24    -4.40    -2.48    -360.9     35.31     26.76    26.575      90883    0    0    0    0    0
2017  5 27 16 19    -0.14    -3.96    -2.83    -360.8     38.00     26.12    26.697      93448    0    0    0    0    0
2017  5 27 16 20     0.02    -3.60    -3.02    -360.7     38.59     26.44    27.851      93729    0    0    0    0    0
2017  5 27 16 21     0.10    -3.59    -2.99    -360.8     38.60     27.19    28.402      84652    0    0    0    0    0
2017  5 27 16 22    -0.04    -4.13    -2.57    -361.0     38.35     28.23    27.891      73670    0    0    0    0    0
2017  5 27 16 23    -0.17    -5.08    -1.88    -361.2     37.23     28.00    28.081      69369    0    0    0    0    0
2017  5 27 16 24    -0.03    -6.50    -1.61    -361.4     36.55     27.13    27.889      63348    0    0    0    0    0
2017  5 27 16 25     0.25    -7.26    -1.52    -361.5     37.98     26.79    27.881      61038    0    0    0    0    0
2017  5 27 16 26     0.21    -7.53    -1.39    -361.8     41.59     27.20    27.245      61038    0    0    0    0    0
2017  5 27 16 27     0.15    -7.60    -1.26    -362.2     45.31     27.75    27.865      61038    0    0    0    0    0
2017  5 27 16 28     0.95    -6.68    -1.38    -362.2     47.27     28.06    28.424      63325    0    0    0    0    0
2017  5 27 16 29     1.20    -5.70    -1.88    -362.2     49.06     27.79    28.161      71352    0    0    0    0    0
2017  5 27 16 30     1.07    -5.11    -2.29    -362.3     51.09     27.48    27.870      76128    0    0    0    0    0
2017  5 27 16 31     1.04    -4.87    -2.49    -361.9     52.22     27.36    26.866      77133    0    0    0    0    0
2017  5 27 16 32     1.10    -4.64    -2.58    -361.2     52.47     27.38    26.358      78651    0    0    0    0    0
2017  5 27 16 33     1.39    -4.45    -2.29    -360.2     52.09     27.08    26.445      84236    0    0    0    0    0
2017  5 27 16 34     2.00    -4.38    -1.80    -359.2     51.37     26.77    26.618      91400    0    0    0    0    0
2017  5 27 16 35     2.81    -4.18    -1.87    -358.9     50.82     27.92    26.915      90395    0    0    0    0    0
2017  5 27 16 36     3.47    -3.71    -1.87    -359.8     51.03     30.01    27.057      86649    0    0    0    0    0
2017  5 27 16 37     3.68    -2.82    -1.74    -359.9     51.43     30.14    27.459      86734    0    0    0    0    0
2017  5 27 16 38     3.33    -1.92    -1.59    -359.1     52.30     28.75    28.010      89846    0    0    0    0    0
2017  5 27 16 39     2.80    -1.87    -1.82    -356.7     53.78     25.34    28.193      98694    0    0    0    0    0
2017  5 27 16 40     3.14    -1.51    -2.67    -355.7     54.58     24.32    28.225     101387    0    0    0    0    0
2017  5 27 16 41     3.88    -1.09    -2.97    -355.6     54.94     23.66    29.338     102784    0    0    0    0    0
2017  5 27 16 42     4.07    -0.81    -2.94    -355.7     54.49     23.22    29.820     103142    0    0    0    0    0
2017  5 27 16 43     4.04    -0.78    -2.81    -355.9     53.56     23.34    28.121     101676    0    0    0    0    0
2017  5 27 16 44     4.08    -0.53    -2.78    -356.1     53.17     24.33    27.652      91754    0    0    0    0    0
2017  5 27 16 45     3.48    -0.37    -3.90    -356.1     53.65     25.04    27.743      89531    0    0    0    0    0
2017  5 27 16 46     3.83    -0.15    -4.18    -356.2     54.69     24.90    27.804      96549    0    0    0    0    0
2017  5 27 16 47     3.58     0.24    -3.84    -356.5     54.81     23.76    27.586     100173    0    0    0    0    0
2017  5 27 16 48     3.68     0.79    -2.86    -357.2     55.09     21.92    27.505     100502    0    0    0    0    0
2017  5 27 16 49     3.69     0.83    -3.20    -357.7     54.58     20.66    27.654      97639    0    0    0    0    0
2017  5 27 16 50     3.69     1.34    -3.28    -357.2     55.03     20.45    32.169      97639    0    0    0    0    0
2017  5 27 16 51     3.97     2.56    -3.30    -356.6     56.64     20.76    32.394      98110    0    0    0    0    0
2017  5 27 16 52     4.01     3.60    -2.39    -356.4     58.57     21.40    32.800      98184    0    0    0    0    0
2017  5 27 16 53     4.01     3.76    -2.48    -356.4     58.59     22.53    32.871     105355    0    0    0    0    1
2017  5 27 16 54     4.23     3.32    -2.88    -356.6     58.16     23.85    32.871     106620    0    0    0    0    1
2017  5 27 16 55     4.16     2.34    -2.79    -356.1     58.06     22.81    32.692     106620    0    0    0    0    1
2017  5 27 16 56     4.09     2.10    -2.56    -355.5     59.38     20.94    32.485     106041    0    0    0    0    1
2017  5 27 16 57     4.00     2.67    -2.47    -355.8     59.88     20.42    32.153     103510    0    0    0    0    1
2017  5 27 16 58     4.03     4.80    -2.49    -356.6     60.12     20.38    28.829      99900    0    0    0    1    1
2017  5 27 16 59     4.24     5.24    -2.56    -356.6     59.15     19.15    28.059      99468    0    0    0    1    1
2017  5 27 17  0     4.40     5.58    -2.42    -355.7     58.78     18.44    28.177      99946    0    0    0    1    1
2017  5 27 17  1     4.34     5.34    -1.82    -355.4     58.69     17.92    29.274     102859    0    0    0    1    1
2017  5 27 17  2     3.58     5.14    -2.31    -358.5     55.71     16.17    31.474     104787    0    0    0    0    1
2017  5 27 17  3    -0.48    -3.40    -2.37    -364.1     48.35     17.26    33.418      93842    0    0    0    0    1
2017  5 27 17  4    -1.80    -4.33    -2.63    -366.3     42.56     18.89    32.259      90587    0    0    0    0    0
2017  5 27 17  5    -1.49    -4.07    -2.38    -365.3     42.37     18.97    31.476      88851    0    0    0    0    0
2017  5 27 17  6    -1.18    -3.65    -2.67    -365.0     42.02     18.75    28.061      83028    0    0    0    0    0
2017  5 27 17  7    -0.27    -2.75    -3.68    -364.4     41.98     18.28    29.324      83028    0    0    0    0    0
2017  5 27 17  8     0.46    -4.93    -5.11    -363.8     42.55     16.35    28.956      84567    0    0    0    0    1
2017  5 27 17  9    -0.02    -1.43    -6.60    -363.4     43.74     15.04    28.595      84779    0    0    0    0    1
2017  5 27 17 10    -0.05     2.83    -7.88    -364.1     45.35     12.52    25.206      68978    0    0    0    0    1
2017  5 27 17 11     0.00     3.57    -8.31    -365.1     46.79     10.86    28.357      67884    0    0    0    0    0
2017  5 27 17 12     0.20     3.97    -8.19    -365.2     47.72     10.71    28.377      71181    0    0    0    0    0
2017  5 27 17 13     0.23     4.00    -7.32    -365.2     48.89     10.90    28.909      73064    0    0    0    0    0
2017  5 27 17 14     0.34     3.85    -7.20    -365.3     49.20     13.20    32.354      72994    0    0    0    0    0
2017  5 27 17 15     0.44     1.99    -7.74    -365.3     49.04     13.16    32.316      72218    0    0    0    0    0
2017  5 27 17 16     0.31     2.10    -7.63    -365.3     47.46     13.08    31.883      72194    0    0    0    0    0
2017  5 27 17 17     0.13     2.90    -7.53    -364.5     46.22     13.77    31.567      71957    0    0    0    0    0
2017  5 27 17 18    -0.13     3.01    -6.56    -364.1     45.76     15.97    32.408      71689    0    0    0    0    0
2017  5 27 17 19    -0.50     3.22    -6.27    -364.6     45.25     17.70    33.035      71671    0    0    0    0    0
2017  5 27 17 20    -0.17     3.34    -6.67    -364.3     46.81     18.17    33.589      72006    0    0    0    0    0
2017  5 27 17 21    -0.30     3.45    -6.66    -365.0     46.26     19.18    34.313      73191    0    0    0    0    0
2017  5 27 17 22    -0.11    -0.42    -5.63    -366.1     40.33     22.25    33.770      75716    0    0    0    0    0
2017  5 27 17 23    -0.08    -1.58    -3.64    -365.9     38.21     22.99    33.154      78432    0    0    0    0    0
2017  5 27 17 24     0.12    -0.86    -3.89    -365.7     38.89     23.06    34.205      89135    0    0    0    0    0
2017  5 27 17 25     0.79    -0.52    -4.48    -365.5     40.52     22.46    34.397      97977    0    0    0    0    0
2017  5 27 17 26     0.61    -0.20    -4.64    -365.6     41.43     21.85    34.165      99080    0    0    0    0    0
2017  5 27 17 27     0.11    -0.75    -4.60    -365.9     41.50     20.93    33.916      99080    0    0    0    0    0
2017  5 27 17 28     0.25     0.20    -4.55    -365.6     41.47     20.20    33.894      99051    0    0    0    0    0
2017  5 27 17 29     0.25     1.10    -4.87    -365.2     41.82     19.54    35.137      98852    0    0    0    0    0
2017  5 27 17 30     0.26     2.26    -4.93    -364.9     41.90     20.08    35.960      98852    0    0    0    0    0
2017  5 27 17 31     0.39     2.55    -5.21    -364.9     42.60     20.18    36.585      98988    0    0    0    0    0
2017  5 27 17 32     0.55     2.21    -5.18    -364.9     46.80     16.64    33.688     102980    0    0    0    0    1
2017  5 27 17 33     0.64     3.22    -4.95    -364.9     47.81     15.86    33.852     105130    0    0    0    0    1
2017  5 27 17 34     0.71     3.55    -5.00    -364.6     47.68     16.17    35.039     105130    0    0    0    0    1
2017  5 27 17 35     0.81     4.90    -4.66    -364.6     47.56     16.29    35.115     103085    0    0    0    0    1
2017  5 27 17 36     1.02     5.41    -4.32    -365.3     47.72     16.37    35.283     102581    0    0    0    0    1
2017  5 27 17 37     1.02     5.22    -4.65    -366.0     47.57     16.74    36.175     102581    0    0    0    0    0
2017  5 27 17 38     1.00     4.87    -4.88    -366.4     47.22     16.72    36.000     102794    0    0    0    0    0
2017  5 27 17 39     0.94     4.33    -4.99    -366.5     46.45     16.70    35.226     103907    0    0    0    0    0
2017  5 27 17 40     0.87     3.89    -5.03    -366.6     46.05     16.57    34.661     105575    0    0    0    0    0
2017  5 27 17 41     0.58     3.53    -4.69    -366.6     46.24     16.22    35.175     107795    0    0    0    0    0
2017  5 27 17 42    -0.10     3.59    -4.51    -366.8     47.24     15.94    36.551     110719    0    0    0    0    0
2017  5 27 17 43     0.11     3.87    -4.42    -367.2     48.01     16.42    37.313     110452    0    0    0    0    0
2017  5 27 17 44     0.54     4.13    -4.26    -367.4     47.98     16.50    37.575     107782    0    0    0    0    0
2017  5 27 17 45     0.32     3.77    -4.25    -367.7     47.99     16.81    37.175     104161    0    0    0    0    0
2017  5 27 17 46    -0.09     3.27    -4.22    -367.7     48.80     17.15    37.065     104416    0    0    0    0    0
2017  5 27 17 47     0.15     3.81    -4.17    -367.4     49.58     17.42    37.937     104828    0    0    0    0    0
2017  5 27 17 48     0.70     3.70    -4.17    -367.3     49.22     17.75    38.433     104901    0    0    0    0    0
2017  5 27 17 49     1.19     1.63    -4.27    -367.2     49.47     17.96    38.677     104715    0    0    0    0    0
2017  5 27 17 50     1.54     1.10    -4.49    -367.0     49.31     18.06    38.612     104173    0    0    0    0    0
2017  5 27 17 51     1.59     1.33    -4.70    -366.9     49.24     17.57    38.296     100724    0    0    0    0    0
2017  5 27 17 52     1.54     1.85    -5.12    -367.2     48.38     16.44    37.879      93636    0    0    0    0    0
2017  5 27 17 53     1.51     2.16    -5.22    -367.4     48.06     16.24    37.879      94099    0    0    0    0    1
2017  5 27 17 54     1.51     2.16    -5.28    -367.4     48.10     16.25    37.482      95322    0    0    0    0    1
2017  5 27 17 55     1.39     2.09    -5.39    -367.3     47.92     16.35    36.761      96531    0    0    0    0    1
2017  5 27 17 56     1.17     2.24    -5.48    -367.0     47.71     15.90    36.772      97313    0    0    0    0    0
2017  5 27 17 57     0.93     3.14    -5.12    -367.1     48.00     14.65    37.043      95256    0    0    0    0    0
2017  5 27 17 58     0.68     4.48    -4.68    -367.1     48.31     13.77    37.088      91242    0    0    0    0    0
2017  5 27 17 59     0.79     5.24    -4.70    -367.5     49.30     12.82    36.479      94050    0    0    0    0    0
2017  5 27 18  0     0.90     5.67    -4.68    -368.6     50.07     12.32    35.306     104079    0    0    0    0    0
2017  5 27 18  1     0.95     6.00    -4.62    -369.4     50.09     12.93    34.650     109451    0    0    0    0    0
2017  5 27 18  2     0.98     6.10    -4.59    -369.4     49.57     13.69    34.526     109697    0    0    0    0    0
2017  5 27 18  3     0.91     5.85    -4.48    -369.6     49.30     13.57    34.899     110159    0    0    0    0    0
2017  5 27 18  4     0.79     5.74    -4.28    -369.4     49.22     13.28    35.316     110389    0    0    0    0    0
2017  5 27 18  5     0.66     5.72    -4.70    -369.5     49.56     12.87    37.296     109630    0    0    0    0    0
2017  5 27 18  6     0.64     5.23    -5.07    -370.1     49.33     12.55    39.938     102185    0    0    0    0    0
2017  5 27 18  7     0.45     3.91    -4.99    -370.5     49.56     12.28    40.434      99719    0    0    0    0    0
2017  5 27 18  8     1.19     5.11    -4.94    -370.6     50.03     11.34    39.629     104118    0    0    0    0    0
2017  5 27 18  9     1.48     5.92    -4.65    -369.7     49.63     11.04    37.908     108590    0    0    0    0    0
2017  5 27 18 10     1.64     6.24    -4.55    -369.2     48.64     11.46    37.607     110321    0    0    0    0    0
2017  5 27 18 11     1.71     5.86    -4.66    -369.9     46.63     11.80    38.567     110617    0    0    0    0    0
2017  5 27 18 12     1.70     5.64    -4.40    -371.2     44.35     13.48    38.924     110708    0    0    0    0    0
2017  5 27 18 13     1.65     3.77    -4.90    -372.5     41.23     13.18    39.668      99669    0    0    0    0    0
2017  5 27 18 14     1.64     2.78    -4.76    -372.9     39.11     12.90    46.330      98222    0    0    0    0    0
2017  5 27 18 15     1.48     0.42    -4.35    -373.1     39.57     14.09    47.165      97014    0    0    0    0    0
2017  5 27 18 16     1.05     0.54    -4.35    -373.1     40.24     15.16    47.929      96507    0    0    0    0    0
2017  5 27 18 17     0.78     1.72    -4.36    -373.3     40.34     15.46    48.391      91823    0    0    0    0    0
2017  5 27 18 18     0.32     2.96    -4.23    -373.6     40.72     15.20    48.771      80573    0    0    0    0    0
2017  5 27 18 19     0.45     4.19    -3.49    -373.8     41.14     14.88    47.758      66595    0    0    0    0    0
2017  5 27 18 20     0.90     3.61    -3.29    -374.5     41.35     15.40    45.329      67635    0    0    0    0    0
2017  5 27 18 21     0.90     2.97    -3.47    -374.7     41.34     15.56    47.064      75524    0    0    0    0    0
2017  5 27 18 22     0.95     3.07    -3.63    -374.9     41.32     15.54    46.102      86520    0    0    0    0    0
2017  5 27 18 23     1.02     3.16    -4.11    -374.8     41.29     14.81    46.827      85731    0    0    0    0    0
2017  5 27 18 24     1.12     2.66    -4.20    -374.9     41.62     13.61    48.107      84341    0    0    0    0    0
2017  5 27 18 25     1.24     1.92    -3.98    -375.0     42.16     13.38    47.811      85064    0    0    0    0    0
2017  5 27 18 26     1.15     1.86    -3.62    -375.0     41.98     13.22    48.328      86279    0    0    0    0    0
2017  5 27 18 27     1.12     1.58    -3.44    -375.0     41.44     13.46    49.727      86014    0    0    0    0    0
2017  5 27 18 28     1.09     1.11    -3.45    -375.1     40.52     13.86    50.242      84506    0    0    0    0    0
2017  5 27 18 29     0.95     0.51    -3.56    -375.6     39.82     14.46    51.635      82852    0    0    0    0    0
2017  5 27 18 30     0.80     0.07    -3.57    -376.1     40.10     15.46    52.622      83202    0    0    0    0    0
2017  5 27 18 31     0.28    -0.02    -3.47    -376.5     40.49     15.99    53.541      84250    0    0    0    0    0
2017  5 27 18 32    -0.06    -0.07    -3.38    -376.8     40.33     15.81    53.431      84774    0    0    0    0    0
2017  5 27 18 33     0.06    -0.13    -3.21    -377.2     40.04     15.50    53.221      81499    0    0    0    0    0
2017  5 27 18 34     0.14    -0.66    -3.15    -377.4     39.27     15.10    53.150      73352    0    0    0    0    0
2017  5 27 18 35     0.15    -0.54    -3.14    -377.3     38.80     14.31    53.226      70219    0    0    0    0    0
2017  5 27 18 36     0.10    -0.07    -3.13    -376.7     38.31     13.85    53.377      69171    0    0    0    0    0
2017  5 27 18 37     0.22     0.37    -2.87    -376.4     37.70     13.63    53.500      67534    0    0    0    0    0
2017  5 27 18 38     0.33     0.84    -2.30    -376.5     37.40     13.44    53.582      63286    0    0    0    0    0
2017  5 27 18 39     0.31     1.25    -1.56    -376.4     37.43     13.04    53.877      59811    0    0    0    0    0
2017  5 27 18 40     0.27     1.49    -1.32    -376.4     37.60     12.81    54.336      58884    0    0    0    0    0
2017  5 27 18 41     0.15     1.82    -0.97    -376.9     37.94     14.29    54.619      58701    0    0    0    0    0
2017  5 27 18 42    -0.33     1.93    -0.68    -377.6     38.25     15.36    53.210      58743    0    0    0    0    0
2017  5 27 18 43    -0.50     0.91    -0.97    -378.0     38.98     15.31    50.683      61183    0    0    0    0    0
2017  5 27 18 44    -0.26    -1.38    -1.68    -378.2     39.07     15.38    47.903      70194    0    0    0    0    0
2017  5 27 18 45     0.09    -3.29    -1.65    -378.3     36.92     15.84    45.050      74886    0    0    0    1    1
2017  5 27 18 46     0.38    -4.11    -0.90    -382.4     36.81     14.07    43.618      74863    0    0    0    1    1
2017  5 27 18 47     0.51    -4.35    -0.38    -382.7     36.78     13.70    43.401      72768    0    0    0    1    1
2017  5 27 18 48     0.52    -4.36    -0.38    -382.4     35.49     14.16    43.336      70314    0    0    0    1    1
2017  5 27 18 49     0.46    -4.60    -0.36    -381.3     33.18     15.07    43.326      67747    0    0    0    1    1
2017  5 27 18 50     0.37    -4.81    -0.26    -380.0     32.00     15.83    43.313      66979    0    0    0    1    1
2017  5 27 18 51     0.33    -5.16    -0.06    -379.3     31.45     16.39    43.180      66720    0    0    0    1    1
2017  5 27 18 52     0.40    -5.25     0.57    -378.8     31.38     16.53    42.877      66698    0    0    0    1    1
2017  5 27 18 53     0.56    -4.90     1.03    -378.3     32.02     16.60    42.769      66698    0    0    0    1    1
2017  5 27 18 54     0.71    -4.39     1.01    -378.3     32.73     16.60    42.767      68763    0    0    0    1    1
2017  5 27 18 55     0.42    -4.20     0.73    -378.9     33.44     15.43    44.632      69236    0    0    0    0    0
2017  5 27 18 56     0.31    -4.25     0.60    -378.7     33.26     15.38    46.620      68138    0    0    0    0    0
2017  5 27 18 57     0.27    -4.76     0.47    -378.8     33.09     15.43    48.594      67301    0    0    0    0    0
2017  5 27 18 58     0.52    -4.82     0.40    -379.3     31.97     15.32    50.907      67197    0    0    0    0    0
2017  5 27 18 59     0.60    -4.62     0.49    -381.4     32.12     14.34    53.397      67668    0    0    0    0    0
2017  5 27 19  0     0.35    -4.29     0.45    -382.4     33.62     12.68    53.982      70320    0    0    0    0    0
2017  5 27 19  1     0.00    -4.07     0.40    -382.4     33.68     12.64    54.199      71873    0    0    0    0    0
2017  5 27 19  2    -0.12    -4.12     0.36    -381.8     33.18     12.93    53.976      72280    0    0    0    0    0
2017  5 27 19  3    -0.24    -4.32     0.20    -381.2     32.67     13.65    53.150      73752    0    0    0    0    0
2017  5 27 19  4    -0.40    -4.60    -0.06    -380.6     31.81     14.72    52.440      74889    0    0    0    0    0
2017  5 27 19  5    -0.15    -4.47     0.16    -381.0     30.44     14.80    52.517      74455    0    0    0    0    0
2017  5 27 19  6    -0.30    -2.90    -0.04    -381.4     30.20     14.54    52.995      71852    0    0    0    0    0
2017  5 27 19  7    -0.54     0.63    -0.20    -381.6     30.39     14.01    53.040      71813    0    0    0    0    0
2017  5 27 19  8    -0.53     2.31    -0.17    -381.6     30.57     13.80    52.331      71094    0    0    0    0    0
2017  5 27 19  9    -0.50     2.71    -0.16    -380.4     30.21     15.23    49.703      68960    0    0    0    0    0
2017  5 27 19 10    -0.37     4.76     0.15    -379.4     30.27     15.97    49.366      68960    0    0    0    0    0
2017  5 27 19 11    -0.14     6.42     0.50    -379.1     30.49     16.09    50.283      69366    0    0    0    0    0
2017  5 27 19 12     0.23     6.68     0.76    -379.1     30.34     15.74    50.673      69789    0    0    0    0    0
2017  5 27 19 13     0.57     6.75     1.52    -379.4     30.67     14.97    52.140      69831    0    0    0    0    0
2017  5 27 19 14     0.81     6.74     2.00    -379.6     30.31     14.35    53.605      67237    0    0    0    0    0
2017  5 27 19 15     0.83     6.74     1.86    -379.6     28.12     14.54    53.630      66836    0    0    0    0    0
2017  5 27 19 16     1.08     6.70     0.98    -379.5     28.32     14.49    53.630      65373    0    0    0    0    0
2017  5 27 19 17     1.48     6.64     1.88    -381.2     31.15     12.00    55.256      64644    0    0    0    0    0
2017  5 27 19 18     1.40     6.10     2.56    -381.2     30.75     11.73    55.256      62137    0    0    0    0    0
2017  5 27 19 19     1.26     5.99     3.00    -381.1     28.95     11.87    55.471      62496    0    0    0    0    0
2017  5 27 19 20     1.36     5.56     3.53    -381.0     27.79     11.94    56.785      64369    0    0    0    0    0
2017  5 27 19 21     1.69     4.62     3.22    -381.2     27.77     11.23    58.018      64814    0    0    0    0    0
2017  5 27 19 22     1.65     3.28     3.27    -381.6     28.81     10.01    57.985      66164    0    0    0    0    0
2017  5 27 19 23     1.61     2.37     3.50    -381.3     30.35      9.55    57.832      67594    0    0    0    0    0
2017  5 27 19 24     0.97     1.50     4.17    -380.7     30.66      9.19    57.652      67471    0    0    0    0    0
2017  5 27 19 25     0.87     1.39     3.97    -381.0     29.46      9.29    57.743      66397    0    0    0    0    0
2017  5 27 19 26     0.41     0.94     3.79    -381.6     27.05      9.58    58.425      65470    0    0    0    0    0
2017  5 27 19 27     0.07     1.17     3.29    -382.3     25.63      9.91    58.945      65470    0    0    0    0    0
2017  5 27 19 28    -0.24     1.44     2.95    -382.6     24.60      9.94    59.022      64565    0    0    0    0    0
2017  5 27 19 29    -0.15     1.61     3.00    -382.8     23.90      9.90    59.053      62006    0    0    0    0    0
2017  5 27 19 30    -0.33     1.63     2.85    -382.4     23.45      9.94    59.041      59507    0    0    0    0    0
2017  5 27 19 31    -0.87     1.43     2.20    -381.7     23.12     10.08    58.863      56349    0    0    0    0    0
2017  5 27 19 32    -0.57     1.48     1.94    -381.0     23.31      9.89    58.438      52721    0    0    0    0    0
2017  5 27 19 33     0.01     1.82     2.03    -380.9     23.00      9.48    58.021      52150    0    0    0    0    0
2017  5 27 19 34    -0.08     2.28     2.18    -381.1     22.94      9.32    57.554      52177    0    0    0    0    0
2017  5 27 19 35    -0.09     2.37     1.80    -381.1     22.68      9.08    57.554      52314    0    0    0    0    0
2017  5 27 19 36     0.40     2.37     1.18    -381.5     22.87      8.90    57.517      51975    0    0    0    0    0
2017  5 27 19 37    -0.30     1.87     0.82    -381.6     23.48      9.07    57.032      50722    0    0    0    0    0
2017  5 27 19 38     0.24     1.45     0.34    -382.8     23.59      9.42    55.802      50722    0    0    0    0    0
2017  5 27 19 39     0.64     1.22     0.62    -384.4     23.36      9.60    55.714      51609    0    0    0    0    0
2017  5 27 19 40     0.05     1.35     1.12    -384.5     24.19      9.82    55.860      54511    0    0    0    0    0
2017  5 27 19 41    -0.43     1.58     1.41    -384.0     25.22     10.13    56.128      56310    0    0    0    0    0
2017  5 27 19 42    -0.28     1.71     1.62    -383.2     25.35     10.17    56.357      56462    0    0    0    0    0
2017  5 27 19 43     0.29     1.81     1.80    -382.3     24.39      9.69    57.154      56298    0    0    0    0    0
2017  5 27 19 44     0.49     1.66     1.96    -381.5     22.96      8.78    58.539      55879    0    0    0    0    0
2017  5 27 19 45    -0.29     0.98     1.45    -380.6     22.42      7.81    58.699      55586    0    0    0    0    0
2017  5 27 19 46    -1.34     0.03     0.75    -380.7     21.94      7.62    58.958      54950    0    0    0    0    0
2017  5 27 19 47    -1.05     0.00     0.77    -381.6     21.51      7.48    59.531      54306    0    0    0    0    0
2017  5 27 19 48    -0.81     0.04     0.84    -382.4     22.13      7.66    60.276      54306    0    0    0    0    0
2017  5 27 19 49    -1.12     0.28     0.80    -382.3     22.80      7.25    60.373      54148    0    0    0    0    0
2017  5 27 19 50    -1.89     0.64     0.82    -381.0     23.29      6.13    60.514      53621    0    0    0    0    0
2017  5 27 19 51    -1.93     0.41     1.41    -380.2     24.09      6.05    60.514      52442    0    0    0    0    0
2017  5 27 19 52    -2.26     0.27     1.41    -379.0     24.96      5.93    60.514      49923    0    0    0    0    0
2017  5 27 19 53    -2.30     0.38     1.60    -378.1     25.55      5.80    60.301      47459    0    0    0    0    0
2017  5 27 19 54    -2.43     0.29     1.40    -378.1     25.79      5.67    59.873      46887    0    0    0    0    0
2017  5 27 19 55    -2.16    -0.47     0.92    -378.1     25.67      5.55    59.149      47125    0    0    0    0    0
2017  5 27 19 56    -1.83    -1.25     0.50    -378.4     25.90      6.04    60.858      47895    0    0    0    0    0
2017  5 27 19 57    -1.60    -1.46     0.55    -378.3     26.37      6.79    61.848      48047    0    0    0    0    0
2017  5 27 19 58    -1.18    -1.62     1.12    -377.8     28.06      7.43    62.553      47568    0    0    0    0    0
2017  5 27 19 59    -0.17    -1.18     0.25    -375.8     31.72      8.62    61.642      46819    0    0    0    0    0
2017  5 27 20  0     0.74    -0.66    -0.88    -373.8     35.21      9.72    60.357      46162    0    0    0    0    0
2017  5 27 20  1     0.46    -0.79    -0.80    -374.0     35.10      9.62    60.293      46029    0    0    0    0    0
2017  5 27 20  2    -1.33    -1.55     0.37    -379.3     27.52      7.39    63.047      46601    0    0    0    0    0
2017  5 27 20  3    -0.15    -1.32    -0.13    -379.4     27.96      7.19    63.190      48627    0    0    0    0    0
2017  5 27 20  4    -0.10    -1.31     0.25    -379.2     28.13      7.19    63.077      49425    0    0    0    0    0
2017  5 27 20  5    -0.10    -1.42    -0.84    -379.1     29.05      7.70    62.168      50236    0    0    0    0    0
2017  5 27 20  6     0.19    -1.75    -0.75    -379.5     28.68      8.07    62.083      52220    0    0    0    0    0
2017  5 27 20  7     0.50    -2.14    -1.00    -380.0     27.41      8.08    62.066      55788    0    0    0    0    0
2017  5 27 20  8     0.53    -3.18    -1.03    -380.0     26.19      8.02    61.679      55754    0    0    0    0    0
2017  5 27 20  9     0.29    -3.94    -1.04    -379.5     25.93      7.60    61.321      54745    0    0    0    0    0
2017  5 27 20 10    -0.15    -3.96    -0.94    -378.5     25.56      7.20    60.408      53326    0    0    0    0    0
2017  5 27 20 11    -0.58    -3.77    -0.57    -378.0     25.56      7.12    60.219      52859    0    0    0    0    0
2017  5 27 20 12    -0.70    -2.74    -0.54    -377.9     25.79      7.25    60.450      50681    0    0    0    0    0
2017  5 27 20 13    -0.10    -2.43    -0.92    -378.2     25.72      7.53    60.527      49974    0    0    0    0    0
2017  5 27 20 14     0.67    -2.59    -1.15    -377.9     25.86      7.79    60.160      50601    0    0    0    0    0
2017  5 27 20 15     0.92    -2.86    -1.19    -377.6     26.26      7.89    60.048      51649    0    0    0    0    0
2017  5 27 20 16     0.71    -2.97    -1.19    -377.0     26.58      7.89    60.187      51992    0    0    0    0    0
2017  5 27 20 17     0.55    -3.00    -1.16    -376.6     26.74      7.74    60.672      51910    0    0    0    0    0
2017  5 27 20 18     0.41    -3.07    -1.02    -376.5     26.56      7.61    61.027      50531    0    0    0    0    0
2017  5 27 20 19     0.19    -3.40    -0.72    -376.9     26.35      7.62    61.073      48393    0    0    0    0    0
2017  5 27 20 20    -0.31    -4.25    -0.23    -377.1     26.69      7.81    61.073      47641    0    0    0    0    0
2017  5 27 20 21    -0.68    -4.72     0.30    -376.9     27.67      7.98    61.723      46587    0    0    0    0    0
2017  5 27 20 22    -0.72    -3.67     0.46    -376.4     28.38      8.04    62.159      45956    0    0    0    0    0
2017  5 27 20 23    -0.65    -2.20     0.21    -376.3     28.43      8.09    62.187      46249    0    0    0    0    0
2017  5 27 20 24    -0.15    -0.44    -0.11    -377.0     27.13      8.07    61.665      47389    0    0    0    0    0
2017  5 27 20 25     0.54     3.53    -0.19    -377.4     26.19      7.83    61.372      47894    0    0    0    0    0
2017  5 27 20 26     0.70     4.78     0.22    -377.7     25.86      8.02    62.295      47384    0    0    0    0    0
2017  5 27 20 27     0.58     4.74     0.25    -377.7     25.46      8.17    64.154      46227    0    0    0    0    0
2017  5 27 20 28     0.39     4.71     0.04    -377.4     25.05      8.26    65.470      45855    0    0    0    0    0
2017  5 27 20 29     0.40     4.69    -0.05    -376.7     24.92      8.31    66.032      46703    0    0    0    0    0
2017  5 27 20 30     0.49     4.63    -0.05    -375.9     25.01      8.32    66.383      48395    0    0    0    0    0
2017  5 27 20 31     0.58     4.29    -0.09    -375.4     25.35      8.27    66.588      49564    0    0    0    0    0
2017  5 27 20 32     0.61     3.27    -0.23    -375.2     26.46      8.25    66.597      48156    0    0    0    0    0
2017  5 27 20 33     0.54     1.78    -0.37    -374.6     27.80      8.66    66.601      46097    0    0    0    0    0
2017  5 27 20 34     0.37     1.32    -0.43    -374.1     28.48      9.29    66.598      46267    0    0    0    0    0
2017  5 27 20 35    -0.02     2.97    -0.45    -374.2     29.26      9.33    66.591      46777    0    0    0    0    0
2017  5 27 20 36    -0.46     2.75    -0.56    -374.3     29.71      9.51    66.587      47006    0    0    0    0    0
2017  5 27 20 37    -0.79     1.77    -0.91    -374.5     30.36      9.99    66.417      48318    0    0    0    0    0
2017  5 27 20 38    -0.91     0.86    -1.34    -374.8     30.23     10.19    65.910      51388    0    0    0    0    0
2017  5 27 20 39    -0.96     0.98    -1.58    -374.9     29.79     10.33    65.619      52780    0    0    0    0    0
2017  5 27 20 40    -1.07     1.50    -1.77    -374.7     29.95     10.41    65.777      53113    0    0    0    0    0
2017  5 27 20 41    -1.35     2.27    -1.88    -374.5     30.28     10.53    66.128      53418    0    0    0    0    0
2017  5 27 20 42    -1.62     2.80    -1.86    -373.9     30.65     10.72    66.285      53705    0    0    0    0    0
2017  5 27 20 43    -2.09     3.51    -1.89    -373.5     30.62     10.74    66.432      54044    0    0    0    0    0
2017  5 27 20 44    -2.56     3.49    -1.92    -373.5     30.49     10.85    66.204      55703    0    0    0    0    0
2017  5 27 20 45    -2.79     3.30    -2.13    -373.0     30.58     11.35    64.892      58750    0    0    0    0    0
2017  5 27 20 46    -2.73     2.73    -2.76    -372.6     31.09     11.51    62.586      58772    0    0    0    0    0
2017  5 27 20 47    -1.55     0.82    -2.92    -375.4     34.34      9.69    55.160      59031    0    0    0    0    0
2017  5 27 20 48    -0.85     1.13    -3.09    -376.1     32.33      8.25    57.552      60311    0    0    0    0    0
2017  5 27 20 49    -0.04     6.20    -1.99    -376.5     30.63      7.45    58.469      62146    0    0    0    0    0
2017  5 27 20 50     0.30     8.29    -1.79    -376.8     29.86      7.30    57.532      63014    0    0    0    0    0
2017  5 27 20 51    -0.05     8.03    -0.60    -377.3     29.65      7.60    57.568      66772    0    0    0    0    0
2017  5 27 20 52    -0.60    10.08     0.92    -377.6     29.88      7.90    56.894      68438    0    0    0    0    0
2017  5 27 20 53    -0.77    11.29     1.22    -378.3     29.65      7.83    55.618      66712    0    0    0    0    0
2017  5 27 20 54    -0.72    11.62     2.25    -377.3     29.58      7.79    55.364      63108    0    0    0    0    0
2017  5 27 20 55    -0.77    11.89     3.29    -376.2     29.86      7.58    56.839      61227    0    0    0    0    0
2017  5 27 20 56    -1.18    12.09     3.83    -375.2     30.46      7.07    59.297      60937    0    0    0    0    1
2017  5 27 20 57    -1.78    12.24     3.75    -374.5     31.64      6.72    62.204      61343    0    0    0    0    1
2017  5 27 20 58    -1.90    12.46     3.32    -374.3     33.72      7.13    65.083      63025    0    0    0    0    1
2017  5 27 20 59    -1.60    12.47     2.91    -375.7     35.99      5.46    66.960      65011    0    0    0    0    1
2017  5 27 21  0    -1.04    12.05     2.60    -377.3     36.34      3.33    68.489      63709    0    0    0    0    0
2017  5 27 21  1    -0.85    11.90     2.68    -377.8     35.45      3.42    70.649      62875    0    0    0    0    0
2017  5 27 21  2    -0.87    11.75     2.83    -378.2     34.95      3.46    71.767      62796    0    0    0    0    0
2017  5 27 21  3    -0.69    11.57     2.85    -378.9     34.56      3.57    71.866      62955    0    0    0    0    0
2017  5 27 21  4    -0.64    11.36     2.64    -378.9     34.41      4.57    69.096      62978    0    0    0    0    0
2017  5 27 21  5    -0.38    11.34     2.08    -379.4     33.86      4.80    68.731      62664    0    0    0    0    0
2017  5 27 21  6     0.19    10.95     2.59    -380.6     32.95      3.95    71.050      62498    0    0    0    0    0
2017  5 27 21  7     0.35    10.22     3.60    -380.9     34.06      3.34    71.635      61234    0    0    0    0    0
2017  5 27 21  8     0.40     9.76     3.61    -381.0     35.86      2.74    72.445      59890    0    0    0    0    0
2017  5 27 21  9     0.32     9.73     3.44    -380.9     37.01      2.53    74.404      58096    0    0    0    0    0
2017  5 27 21 10     0.13     9.65     3.15    -380.7     37.54      2.60    74.896      58113    0    0    0    0    0
2017  5 27 21 11    -0.92     9.22     3.23    -380.3     37.91      2.79    75.040      58394    0    0    0    0    0
2017  5 27 21 12    -3.49     8.88     3.44    -379.5     38.60      2.92    75.040      60222    0    0    0    0    0
2017  5 27 21 13    -4.55     8.51     3.45    -378.3     38.96      2.72    75.040      61366    0    0    0    0    0
2017  5 27 21 14    -4.80     8.41     3.43    -376.8     39.41      2.44    75.495      61625    0    0    0    0    0
2017  5 27 21 15    -4.05     8.62     3.30    -375.6     39.67      2.52    76.717      59623    0    0    0    0    0
2017  5 27 21 16    -2.27     9.02     2.97    -374.8     39.27      3.08    78.569      55778    0    0    0    0    0
2017  5 27 21 17    -0.79     9.22     2.43    -374.8     38.59      3.67    80.554      52494    0    0    0    0    0
2017  5 27 21 18    -1.09     9.08     2.02    -376.0     38.34      3.19    81.753      51260    0    0    0    0    0
2017  5 27 21 19    -1.33     8.66     2.81    -377.7     37.88      1.45    80.385      51453    0    0    0    0    0
2017  5 27 21 20    -1.40     8.28     3.41    -378.1     37.87      0.76    78.653      54222    0    0    0    0    0
2017  5 27 21 21    -1.13     8.33     3.15    -378.9     38.20      0.20    76.910      54969    0    0    0    0    0
2017  5 27 21 22    -0.82     8.46     3.26    -378.8     38.30      0.70    74.548      54969    0    0    0    0    0
2017  5 27 21 23    -0.64     8.54     3.78    -378.0     37.03      2.30    72.046      55787    0    0    0    0    0
2017  5 27 21 24    -2.69     8.85     3.94    -377.1     35.46      4.05    69.533      57883    0    0    0    0    0
2017  5 27 21 25    -3.99     9.21     3.11    -376.4     34.33      4.82    68.520      59423    0    0    0    0    0
2017  5 27 21 26    -3.94     9.49     2.51    -376.4     33.22      4.96    68.506      61885    0    0    0    0    0
2017  5 27 21 27    -3.37     9.98     2.61    -376.5     37.84      5.13    66.226      66158    0    0    0    0    0
2017  5 27 21 28    -3.01    10.62     2.67    -379.3     41.16      4.73    64.194      68104    0    0    0    0    0
2017  5 27 21 29    -3.08    11.33     2.30    -380.9     37.31      3.68    64.141      66207    0    0    0    0    0
2017  5 27 21 30    -3.42    11.07     1.48    -380.6     36.83      4.00    63.593      66686    0    0    0    0    0
2017  5 27 21 31    -4.02    10.49     0.10    -378.5     36.82      6.29    60.536      70793    0    0    0    0    0
2017  5 27 21 32    -4.67     9.94    -1.78    -377.1     35.08      8.03    57.401      74704    0    0    0    0    0
2017  5 27 21 33    -4.94     9.95    -3.56    -375.6     34.33     10.77    54.614      76244    0    0    0    0    0
2017  5 27 21 34    -5.21    10.48    -5.63    -373.7     35.08     14.36    52.094      74661    0    0    0    0    0
2017  5 27 21 35    -6.15    11.40    -8.89    -371.7     37.10     18.07    49.619      69072    0    0    0    0    0
2017  5 27 21 36    -6.84    13.22    -9.61    -371.4     39.13     19.44    45.628      68700    0    0    0    0    0
2017  5 27 21 37    -6.93    13.17   -10.15    -372.2     40.33     20.93    40.953      70971    0    0    0    0    0
2017  5 27 21 38    -7.34    13.24   -11.62    -373.7     42.30     22.56    37.255      73075    0    0    0    0    0
2017  5 27 21 39    -7.64    12.40   -11.49    -374.2     44.11     22.67    35.660      73216    0    0    0    0    0
2017  5 27 21 40    -7.90    11.62   -11.02    -373.6     47.56     21.75    35.408      72607    0    0    0    0    0
2017  5 27 21 41    -8.58    11.81   -12.88    -374.1     53.13     20.19    33.141      70117    0    0    0    0    0
2017  5 27 21 42    -8.59    10.89   -13.19    -374.1     55.84     19.90    33.013      70117    0    0    0    0    0
2017  5 27 21 43    -8.28    10.81   -13.31    -373.2     57.65     21.21    33.583      70121    0    0    0    0    0
2017  5 27 21 44    -7.95    10.31   -14.05    -372.2     59.23     22.79    37.568      70149    0    0    0    0    0
2017  5 27 21 45    -7.92     8.26   -14.95    -372.1     60.04     23.58    42.066      70149    0    0    0    0    0
2017  5 27 21 46    -8.55     7.60   -15.44    -374.3     63.89     24.95    42.207      70467    0    0    0    0    0
2017  5 27 21 47    -9.06     6.96   -16.86    -376.3     67.87     23.73    41.222      71081    0    0    0    0    1
2017  5 27 21 48    -9.05     6.44   -16.90    -376.2     68.84     23.24    40.187      72120    0    0    0    0    1
2017  5 27 21 49    -8.92     6.40   -16.70    -375.4     69.55     23.07    39.712      77763    0    0    0    0    1
2017  5 27 21 50    -8.94     6.67   -16.50    -374.7     70.59     23.80    38.939      83910    0    0    0    0    1
2017  5 27 21 51    -9.13     6.36   -16.26    -374.1     71.60     25.28    37.995      83609    0    0    0    0    1
2017  5 27 21 52    -8.87     5.47   -15.78    -373.7     72.30     25.49    37.225      82796    0    0    0    0    1
2017  5 27 21 53    -8.60     5.52   -15.62    -372.8     74.20     25.43    36.898      83204    0    0    0    0    0
2017  5 27 21 54    -8.55     5.13   -15.29    -372.1     75.68     25.30    36.522      86700    0    0    0    0    0
2017  5 27 21 55    -8.36     5.02   -15.03    -372.0     75.86     25.34    36.153      89463    0    0    0    0    0
2017  5 27 21 56    -8.06     5.39   -14.96    -370.9     72.66     25.93    31.078      89704    0    0    0    0    0
2017  5 27 21 57    -7.93     5.72   -14.66    -369.9     70.16     26.22    31.860      90778    0    0    0    0    0
2017  5 27 21 58    -8.08     6.16   -14.21    -369.0     67.89     26.26    33.870      95955    0    0    0    0    0
2017  5 27 21 59    -7.80     6.65   -13.94    -368.7     66.70     26.41    35.992     100429    0    0    0    0    0
2017  5 27 22  0    -7.32     7.16   -13.85    -368.8     66.54     26.61    38.232     101459    0    0    0    0    0
2017  5 27 22  1    -7.14     7.68   -13.86    -369.1     66.34     26.05    39.560     101188    0    0    0    0    0
2017  5 27 22  2    -7.07     7.96   -13.92    -369.1     65.85     25.33    39.009     101005    0    0    0    0    0
2017  5 27 22  3    -7.05     8.06   -13.93    -369.0     65.44     26.04    38.137     101170    0    0    0    0    0
2017  5 27 22  4    -6.95     8.23   -14.03    -369.0     65.69     27.36    37.974     101283    0    0    0    0    0
2017  5 27 22  5    -6.90     8.33   -14.17    -369.3     65.11     28.10    38.067     100985    0    0    0    0    0
2017  5 27 22  6    -6.96     8.27   -14.09    -369.6     64.16     28.41    39.033     100513    0    0    0    0    0
2017  5 27 22  7    -6.97     8.12   -14.05    -369.7     63.10     28.74    40.386     100369    0    0    0    0    0
2017  5 27 22  8    -6.97     8.00   -14.25    -369.6     62.48     29.17    39.597     100369    0    0    0    0    0
2017  5 27 22  9    -6.97     7.89   -14.39    -369.3     62.43     29.34    37.939     101314    0    0    0    0    0
2017  5 27 22 10    -6.97     7.80   -14.46    -369.0     62.53     29.39    36.339     101880    0    0    0    0    0
2017  5 27 22 11    -6.96     7.78   -14.45    -369.0     62.75     29.40    34.817     101146    0    0    0    0    0
2017  5 27 22 12    -6.91     7.73   -14.41    -368.7     63.16     29.29    33.492     100066    0    0    0    0    0
2017  5 27 22 13    -6.82     7.44   -14.41    -368.1     64.27     29.25    32.982      99437    0    0    0    0    0
2017  5 27 22 14    -6.79     7.12   -14.41    -367.9     66.36     29.58    33.249      99273    0    0    0    0    0
2017  5 27 22 15    -6.86     6.93   -14.51    -367.9     68.29     30.24    33.712      99273    0    0    0    0    0
2017  5 27 22 16    -6.73     6.12   -14.64    -368.0     69.15     30.81    36.926      98058    0    0    0    0    0
2017  5 27 22 17    -6.51     5.02   -14.64    -367.6     69.80     31.00    40.299      94225    0    0    0    0    0
2017  5 27 22 18    -6.55     4.53   -14.63    -367.0     70.74     30.98    40.241      88748    0    0    0    0    0
2017  5 27 22 19    -6.70     4.56   -14.61    -367.2     71.40     31.01    39.863      84460    0    0    0    0    0
2017  5 27 22 20    -6.93     4.81   -14.61    -367.3     71.14     30.92    38.970      83444    0    0    0    0    0
2017  5 27 22 21    -7.15     5.12   -14.60    -367.1     71.31     30.62    38.201      83296    0    0    0    0    0
2017  5 27 22 22    -7.20     5.08   -14.56    -367.0     71.03     30.21    37.775      83467    0    0    0    0    0
2017  5 27 22 23    -7.05     4.93   -14.51    -366.9     70.42     29.97    38.400      83116    0    0    0    0    0
2017  5 27 22 24    -7.01     4.73   -14.60    -366.9     69.79     29.85    39.463      82059    0    0    0    0    0
2017  5 27 22 25    -7.04     4.64   -14.82    -366.4     68.29     29.41    39.565      79418    0    0    0    0    0
2017  5 27 22 26    -7.22     4.81   -15.00    -365.2     63.44     28.32    39.712      77995    0    0    0    0    0
2017  5 27 22 27    -7.72     5.69   -15.07    -364.3     59.17     27.43    39.922      70526    0    0    0    0    0
2017  5 27 22 28    -7.86     5.82   -15.15    -364.2     58.22     26.98    37.264      70152    0    0    0    0    0
2017  5 27 22 29    -7.93     5.81   -15.16    -364.9     58.09     27.79    37.675      75573    0    0    0    0    0
2017  5 27 22 30    -7.15     5.14   -15.23    -365.5     58.98     28.98    37.788      80331    0    0    0    0    0
2017  5 27 22 31    -7.15     4.75   -15.36    -365.9     59.53     29.34    37.845      82061    0    0    0    0    0
2017  5 27 22 32    -7.13     4.68   -15.51    -366.1     59.26     28.99    37.321      81508    0    0    0    0    0
2017  5 27 22 33    -7.08     4.32   -15.64    -365.8     58.38     28.91    36.835      78623    0    0    0    0    0
2017  5 27 22 34    -7.09     4.29   -15.68    -365.7     57.66     28.74    36.329      75493    0    0    0    0    0
2017  5 27 22 35    -6.91     5.75   -15.55    -365.8     57.58     28.14    36.161      74489    0    0    0    0    0
2017  5 27 22 36    -6.41     7.67   -14.97    -365.8     55.38     27.73    35.516      74430    0    0    0    0    0
2017  5 27 22 37    -6.41     7.64   -14.56    -367.2     51.58     27.88    35.607      73766    0    0    0    0    0
2017  5 27 22 38    -6.98     7.40   -14.75    -368.3     50.92     27.36    34.910      72676    0    0    0    0    0
2017  5 27 22 39    -7.23     7.56   -14.91    -368.3     51.82     26.93    34.297      72290    0    0    0    0    0
2017  5 27 22 40    -7.20     7.88   -14.91    -368.2     52.88     26.80    33.693      72290    0    0    0    0    0
2017  5 27 22 41    -7.06     8.05   -14.92    -367.8     53.25     26.70    33.177      72332    0    0    0    0    0
2017  5 27 22 42    -7.10     7.94   -14.96    -367.3     52.55     26.62    32.735      72386    0    0    0    0    0
2017  5 27 22 43    -7.18     7.90   -14.99    -367.5     50.58     26.19    32.237      72386    0    0    0    0    0
2017  5 27 22 44    -7.23     8.16   -14.89    -368.3     49.48     25.27    31.691      75416    0    0    0    0    0
2017  5 27 22 45    -7.25     8.41   -14.67    -368.5     49.27     25.08    31.174      78909    0    0    0    0    0
2017  5 27 22 46    -7.25     8.61   -14.55    -368.2     49.91     25.63    30.684      79333    0    0    0    0    0
2017  5 27 22 47    -7.20     8.67   -14.43    -368.1     50.83     26.31    30.129      79350    0    0    0    0    0
2017  5 27 22 48    -6.97     8.77   -14.30    -368.3     51.02     26.58    29.573      79350    0    0    0    0    0
2017  5 27 22 49    -6.56     8.98   -14.25    -369.5     48.69     25.61    29.006      72977    0    0    0    0    0
2017  5 27 22 50    -6.44     9.03   -14.79    -371.6     46.67     22.54    28.299      52902    0    0    0    0    0
2017  5 27 22 51    -6.47     9.03   -15.35    -371.9     45.94     21.88    28.039      49137    0    0    0    0    0
2017  5 27 22 52    -6.45     9.13   -15.41    -372.0     44.95     21.85    27.409      48398    0    0    0    0    0
2017  5 27 22 53    -6.15     9.02   -15.62    -371.6     45.37     21.06    26.951      41879    0    0    0    0    0
2017  5 27 22 54    -5.42     8.99   -16.02    -371.6     46.05     20.88    26.450      39931    0    0    0    0    0
2017  5 27 22 55    -5.35     7.71   -17.10    -371.7     45.49     19.93    25.925      36952    0    0    0    0    0
2017  5 27 22 56    -6.10     7.33   -17.16    -371.3     44.43     19.35    25.311      36799    0    0    0    0    0
2017  5 27 22 57    -7.75     7.00   -15.84    -371.1     43.84     20.16    24.677      39860    0    0    0    0    0
2017  5 27 22 58    -8.00     6.52   -15.16    -371.1     42.80     20.58    24.030      40314    0    0    0    0    0
2017  5 27 22 59    -9.04     5.90   -16.81    -371.6     41.17     19.28    23.340      34420    0    0    0    0    0
2017  5 27 23  0    -9.54     5.44   -17.66    -371.8     39.41     21.30    22.704      32601    0    0    0    0    0
2017  5 27 23  1    -9.72     5.32   -17.87    -371.0     39.36     21.23    22.145      32550    0    0    0    0    0
2017  5 27 23  2   -10.15     4.57   -18.51    -371.2     38.07     21.33    21.518      31940    0    0    0    0    0
2017  5 27 23  3   -10.28     4.17   -18.58    -371.4     37.91     19.99    21.625      31249    0    0    0    0    0
2017  5 27 23  4   -10.37     3.16   -18.63    -376.7     40.11     13.52    19.772      31716    0    0    0    0    0
2017  5 27 23  5    -9.89     2.94   -18.68    -380.6     38.66     10.18    18.433      33704    0    0    0    0    0
2017  5 27 23  6    -9.95     2.94   -19.02    -386.0     36.51      6.12    16.864      32723    0    0    0    0    0
2017  5 27 23  7   -10.20     3.00   -19.14    -386.1     37.41      4.05    15.744      32059    0    0    0    0    0
2017  5 27 23  8   -10.62     3.13   -19.36    -386.9     34.11      1.35    14.627      30446    0    0    0    0    0
2017  5 27 23  9   -10.81     3.53   -19.36    -389.5     30.17     -1.98    13.498      29725    0    0    0    0    0
2017  5 27 23 10   -10.68     3.65   -19.15    -390.5     28.64     -1.65    12.592      28949    0    0    0    0    0
2017  5 27 23 11   -10.51     3.73   -19.18    -389.8     27.19      0.43    11.860      27285    0    0    0    0    0
2017  5 27 23 12   -10.30     3.46   -19.58    -389.3     27.08      3.46    11.098      26053    0    0    0    0    0
2017  5 27 23 13    -9.73     4.30   -19.65    -390.9     25.39      5.94    10.118      25788    0    0    0    0    0
2017  5 27 23 14    -8.44     6.84   -19.68    -394.6     17.44      7.49     8.769      26874    0    0    0    0    0
2017  5 27 23 15    -8.37     7.10   -19.59    -392.4     15.10      7.11     8.179      28356    0    0    0    0    0
2017  5 27 23 16    -8.37     7.15   -19.52    -390.4     14.19      6.62     7.656      30243    0    0    0    0    0
2017  5 27 23 17    -8.36     7.31   -19.47    -390.0     13.36      5.57     7.093      32891    0    0    0    0    0
2017  5 27 23 18    -5.40    11.82   -19.21    -396.9      8.22      1.30     6.303      37942    0    0    0    0    0
2017  5 27 23 19    -5.35    11.93   -19.19    -402.5     -3.93     -6.33     5.663      42917    0    0    0    0    0
2017  5 27 23 20    -5.26    11.98   -19.18    -402.5     -5.59     -8.89     5.432      44921    0    0    0    0    0
2017  5 27 23 21    -5.25    11.73   -19.19    -402.7     -7.21     -9.95     4.932      46487    0    0    0    0    0
2017  5 27 23 22    -5.08    11.60   -19.20    -402.8     -8.71    -10.74     4.805      46902    0    0    0    0    0
2017  5 27 23 23    -5.04    11.82   -19.17    -404.3     -9.95    -11.88     4.824      46059    0    0    0    0    0
2017  5 27 23 24    -5.22    11.92   -19.17    -404.6    -10.01    -12.22     4.852      45965    0    0    0    0    0
2017  5 27 23 25    -5.24    11.88   -19.17    -405.8     -6.78    -10.21     4.897      51354    0    0    0    0    0
2017  5 27 23 26    -5.16    11.84   -19.19    -404.4     -3.65     -7.75     4.972      51354    0    0    0    0    0
2017  5 27 23 27    -5.15    11.84   -19.17    -402.7     -2.68     -6.70     5.047      47894    0    0    0    0    0
2017  5 27 23 28    -5.33    11.46   -19.26    -402.0     -2.33     -6.36     5.127      43263    0    0    0    0    0
2017  5 27 23 29    -5.43    11.25   -19.37    -402.3     -2.82     -6.62     5.230      41420    0    0    0    0    0
2017  5 27 23 30    -5.25    11.51   -19.21    -402.5     -3.09     -6.84     3.863      45226    0    0    0    0    0
2017  5 27 23 31    -5.17    11.62   -19.05    -401.9     -2.87     -7.11     3.870      46858    0    0    0    0    0
2017  5 27 23 32    -5.18    11.57   -18.95    -401.3     -2.76     -6.68     4.256      46305    0    0    0    0    0
2017  5 27 23 33    -5.21    11.55   -18.89    -401.1     -2.79     -6.26     4.342      44973    0    0    0    0    0
2017  5 27 23 34    -5.23    11.57   -18.87    -401.2     -2.80     -5.79     4.488      43812    0    0    0    0    0
2017  5 27 23 35    -5.29    11.59   -18.85    -401.0     -4.25     -4.28     4.657      43501    0    0    0    0    0
2017  5 27 23 36    -5.38    11.61   -18.84    -399.9     -6.71     -1.97     4.803      43211    0    0    0    0    0
2017  5 27 23 37    -5.45    11.62   -18.85    -398.5     -8.49      0.20     4.945      42469    0    0    0    0    0
2017  5 27 23 38    -5.51    11.60   -18.85    -397.6     -8.47      0.86     5.112      41477    0    0    0    0    0
2017  5 27 23 39    -5.54    11.56   -18.85    -396.9     -8.29      0.13     5.269      42698    0    0    0    0    0
2017  5 27 23 40    -5.54    11.47   -18.91    -397.4     -5.99     -6.83     5.451      58572    0    0    0    0    0
2017  5 27 23 41    -5.56    11.43   -18.93    -397.1     -3.52     -7.10     5.625      58301    0    0    0    0    0
2017  5 27 23 42    -5.78    11.44   -18.92    -396.4     -1.78     -7.15     5.859      55593    0    0    0    0    0
2017  5 27 23 43    -5.52    11.68   -18.83    -396.3     -1.90     -9.23     6.224      49862    0    0    0    0    0
2017  5 27 23 44    -5.46    11.05   -18.89    -395.2     -2.14     -7.92     6.357      44991    0    0    0    0    0
2017  5 27 23 45    -5.88    10.28   -19.04    -394.4     -2.30     -5.76     6.260      42651    0    0    0    0    0
2017  5 27 23 46    -6.12     9.98   -19.16    -394.0     -2.14     -4.88     6.170      40513    0    0    0    0    0
2017  5 27 23 47    -6.08     9.83   -19.21    -393.5     -1.69     -4.41     6.467      39865    0    0    0    0    0
2017  5 27 23 48    -6.00     9.71   -19.24    -393.0     -1.32     -4.10     6.839      39856    0    0    0    0    0
2017  5 27 23 49    -6.17     9.37   -19.30    -392.7     -1.19     -4.02     7.109      39104    0    0    0    0    0
2017  5 27 23 50    -6.37     8.94   -19.39    -392.6     -1.44     -3.52     7.188      38561    0    0    0    0    0
2017  5 27 23 51    -6.39     8.74   -19.50    -392.6     -1.62     -3.24     7.348      41590    0    0    0    0    0
2017  5 27 23 52    -6.34     8.46   -19.56    -392.7     -1.55     -3.34     7.702      44193    0    0    0    0    0
2017  5 27 23 53    -6.31     8.10   -19.61    -392.3     -1.05     -3.74     7.941      45458    0    0    0    0    0
2017  5 27 23 54    -6.31     8.04   -19.64    -391.9     -0.36     -5.01     8.046      46380    0    0    0    0    0
2017  5 27 23 55    -6.31     8.25   -19.67    -391.8      0.06     -6.84     8.131      45361    0    0    0    0    0
2017  5 27 23 56    -6.34     8.33   -19.70    -391.8      0.29     -7.92     8.046      43660    0    0    0    0    0
2017  5 27 23 57    -6.39     8.16   -19.73    -391.8      1.09     -7.96     7.869      42801    0    0    0    0    0
2017  5 27 23 58    -6.42     7.92   -19.81    -391.7      2.39     -8.22     8.038      42391    0    0    0    0    0
2017  5 27 23 59    -6.45     7.74   -19.86    -391.7      3.44     -8.80     8.625      41570    0    0    0    0    0
2017  5 28  0  0    -6.50     7.61   -19.92    -392.2      3.75     -8.19     9.103      39931    0    0    0    0    0
2017  5 28  0  1    -6.47     7.53   -20.00    -392.0      4.16     -5.17     9.471      39296    0    0    0    0    0
2017  5 28  0  2    -6.29     7.50   -19.96    -391.3      4.99     -2.24     9.898      39219    0    0    0    0    0
2017  5 28  0  3    -6.14     7.43   -19.88    -391.3      5.19     -0.97    10.194      39109    0    0    0    0    0
2017  5 28  0  4    -6.21     7.35   -19.85    -392.7      4.65     -1.58    10.450      39004    0    0    0    0    0
2017  5 28  0  5    -6.20     7.49   -19.83    -394.3      4.93     -1.29    10.717      39005    0    1    1    1    1
2017  5 28  0  6    -6.15     7.59   -19.74    -394.7      5.41      0.04    10.877      39005    0    1    1    1    1
2017  5 28  0  7    -6.13     7.69   -19.66    -395.0      5.74      1.66    10.789      39476    0    1    1    1    1
2017  5 28  0  8    -6.19     7.43   -19.70    -392.8      5.42      1.39    10.998      40042    0    0    0    0    0
2017  5 28  0  9    -6.27     7.04   -19.76    -391.6      5.28      1.19    11.316      40308    0    0    0    0    0
2017  5 28  0 10    -6.27     6.74   -19.80    -391.5      5.56      1.10    11.455      40308    0    0    0    0    0
2017  5 28  0 11    -6.16     6.69   -19.80    -391.5      6.47      0.51    11.267      40538    0    0    0    0    0
2017  5 28  0 12    -6.01     6.83   -19.83    -391.4      7.16     -0.50    11.147      40760    0    0    0    0    0
2017  5 28  0 13    -5.90     7.23   -19.83    -391.5      7.19     -1.18    11.081      40523    0    0    0    0    0
2017  5 28  0 14    -5.91     7.60   -19.78    -391.6      7.20     -1.34    10.982      40299    0    0    0    0    0
2017  5 28  0 15    -5.96     7.58   -19.81    -391.4      7.42     -1.37    11.087      39898    0    0    0    0    0
2017  5 28  0 16    -5.96     7.45   -19.86    -391.3      8.02     -1.40    11.006      39456    0    0    0    0    0
2017  5 28  0 17    -5.86     7.44   -19.87    -391.1      8.76     -1.53    10.585      39410    0    0    0    0    0
2017  5 28  0 18    -5.76     7.42   -19.78    -390.7      9.41     -1.44    10.182      38864    0    0    0    0    0
2017  5 28  0 19    -5.61     7.62   -19.61    -390.1      9.27     -0.30     9.776      37887    0    0    0    0    0
2017  5 28  0 20    -5.44     7.92   -19.55    -389.4      8.35      1.84     9.448      37471    0    0    0    0    0
2017  5 28  0 21    -5.55     7.72   -19.54    -389.1      8.42      3.33     9.317      37334    0    0    0    0    0
2017  5 28  0 22    -5.65     7.62   -19.57    -389.1      8.07      2.54     9.004      37231    0    0    0    0    0
2017  5 28  0 23    -5.69     7.70   -19.58    -389.4      7.43     -0.18     8.618      37168    0    0    0    0    0
2017  5 28  0 24    -5.70     7.83   -19.57    -389.6      7.18     -2.04     8.184      36975    0    0    0    0    0
2017  5 28  0 25    -5.67     7.74   -19.55    -389.7      7.83     -2.12     7.833      36704    0    0    0    0    0
2017  5 28  0 26    -5.64     7.55   -19.56    -389.2      8.19     -1.35     7.631      36704    0    0    0    0    0
2017  5 28  0 27    -5.61     7.64   -19.59    -388.0      7.97      1.22     7.647      36594    0    0    0    0    0
2017  5 28  0 28    -5.56     7.64   -19.64    -387.0      7.46      4.33     7.432      35489    0    0    0    0    0
2017  5 28  0 29    -5.54     7.69   -19.68    -386.4      8.74      6.52     8.249      32745    0    0    0    1    1
2017  5 28  0 30    -5.63     7.43   -19.77    -385.9     10.14      6.68     7.726      29720    0    0    0    1    1
2017  5 28  0 31    -5.71     7.31   -19.84    -385.4     11.04      6.34     7.486      29212    0    0    0    1    1
2017  5 28  0 32    -5.86     7.10   -19.89    -384.7     14.69      6.52     7.690      29212    0    0    0    1    1
2017  5 28  0 33    -6.01     6.74   -19.96    -384.6     16.48      6.78     8.012      29213    0    0    0    1    1
2017  5 28  0 34    -5.95     6.46   -19.99    -384.7     16.89      6.71     8.193      28414    0    0    0    1    1
2017  5 28  0 35    -5.96     6.44   -19.96    -386.3     12.21      4.51     8.403      27425    0    0    0    1    1
2017  5 28  0 36    -5.79     6.68   -19.92    -386.9      7.78      3.99     8.842      25120    0    0    0    1    1
2017  5 28  0 37    -5.73     6.99   -19.86    -386.9      7.47      3.88     9.301      24999    0    0    0    0    0
2017  5 28  0 38    -5.67     7.15   -19.80    -386.2     10.08      3.89     9.711      24999    0    0    0    0    0
2017  5 28  0 39    -5.84     6.93   -19.76    -386.3     10.39      3.90     9.999      22515    0    0    0    0    0
2017  5 28  0 40    -5.91     6.20   -19.77    -389.1      3.17      1.47    10.399      18307    0    0    0    0    1
2017  5 28  0 41    -5.72     6.42   -19.59    -389.1      3.74      1.67    10.113      17721    0    0    0    0    1
2017  5 28  0 42    -4.74     8.48   -18.80    -389.5      2.58      1.90     9.919      17771    0    0    0    0    1
2017  5 28  0 43    -3.71    10.94   -17.87    -392.6     -4.92     -0.08     9.967      17933    0    0    0    0    0
2017  5 28  0 44    -3.68    10.96   -17.85    -394.4     -6.95     -0.88     9.362      18076    0    0    0    0    0
2017  5 28  0 45    -3.74    10.75   -17.83    -393.3     -5.66     -0.93     9.172      18169    0    1    1    0    1
2017  5 28  0 46    -4.14    10.32   -17.96    -394.3     -7.07     -6.81     8.815      18273    1    1    1    1    1
2017  5 28  0 47    -4.42     9.86   -18.22    -394.2     -6.00     -8.00     8.974      18211    1    2    2    2    2
2017  5 28  0 48    -4.49     9.64   -18.34    -393.8     -4.35     -8.05     9.208      17579    0    1    1    1    1
2017  5 28  0 49    -4.55     9.29   -18.53    -393.6     -3.58     -7.53     9.062      14905    0    0    0    0    0
2017  5 28  0 50    -4.57     9.17   -18.58    -393.5     -3.16     -6.96     9.000      13385    0    0    0    0    0
2017  5 28  0 51    -4.56     9.08   -18.59    -393.5     -3.05     -6.83     9.004      13150    0    0    0    0    0
2017  5 28  0 52    -4.53     9.05   -18.59    -394.9     -4.58     -7.72     9.353      14188    0    0    0    0    0
2017  5 28  0 53    -4.53     8.65   -18.75    -395.0     -4.71     -7.82     9.738      16329    0    0    0    0    0
2017  5 28  0 54    -4.76     7.78   -18.92    -392.0      3.35     -6.29     9.823      16823    0    0    0    0    0
2017  5 28  0 55    -4.99     7.09   -19.06    -389.4      9.66     -4.88     9.868      17084    0    0    0    0    0
2017  5 28  0 56    -5.21     6.88   -19.09    -388.4     10.42     -4.08     9.868      17098    0    0    0    0    0
2017  5 28  0 57    -5.42     6.59   -19.04    -387.4     10.69     -3.51     9.871      17174    0    0    0    0    0
2017  5 28  0 58    -5.61     6.59   -19.03    -386.4     10.70     -3.53    10.069      16710    0    0    0    0    0
2017  5 28  0 59    -5.78     6.65   -18.90    -385.5     10.70     -3.76     9.811      16170    0    0    0    0    0
2017  5 28  1  0    -5.25     7.33   -18.77    -384.7     12.56     -1.18     9.525      15615    0    0    0    0    0
2017  5 28  1  1    -5.22     7.18   -18.82    -384.1     13.58      0.01     9.217      15037    0    0    0    0    0
2017  5 28  1  2    -5.47     6.70   -18.98    -383.9     13.98      0.23     8.935      14396    0    0    0    0    0
2017  5 28  1  3    -5.59     6.44   -19.07    -383.7     14.69      0.77     9.086      13785    0    0    0    0    0
2017  5 28  1  4    -5.43     6.46   -19.11    -384.1     15.05      1.08     9.225      13552    0    0    0    0    0
2017  5 28  1  5    -4.79     6.88   -19.11    -387.5     14.46      1.05     8.987      14233    0    0    0    0    0
2017  5 28  1  6    -4.48     7.50   -18.90    -388.5     13.49      0.88     8.767      14213    0    0    0    0    0
2017  5 28  1  7    -4.41     7.35   -18.91    -388.7     11.67      0.00     8.534      14068    0    0    0    0    0
2017  5 28  1  8    -4.62     7.03   -18.97    -388.4     11.01     -0.10     8.595      13840    0    0    0    0    0
2017  5 28  1  9    -4.80     6.94   -19.11    -388.1     12.20      0.57     8.547      13484    0    0    0    0    0
2017  5 28  1 10    -5.16     6.93   -19.17    -387.2     14.14      1.30     8.375      13282    0    0    0    0    0
2017  5 28  1 11    -5.22     6.70   -19.17    -385.8     18.14      2.73     8.295      12201    0    0    0    0    0
2017  5 28  1 12    -5.30     5.56   -19.19    -385.8     20.75      3.67     7.916      11913    0    0    0    0    0
2017  5 28  1 13    -5.34     5.49   -19.18    -386.5     18.68      2.98     8.024      11332    0    0    0    0    0
2017  5 28  1 14    -5.39     6.26   -19.05    -386.3     17.97      2.66     8.043      11275    0    0    0    0    0
2017  5 28  1 15    -5.16     6.51   -19.00    -385.8     18.16      2.62     7.961      11975    0    0    0    0    0
2017  5 28  1 16    -5.40     5.89   -19.09    -385.1     19.56      2.99     7.903      12121    0    0    0    0    0
2017  5 28  1 17    -5.44     5.54   -19.13    -384.3     21.97      3.43     7.889      12116    0    0    0    0    0
2017  5 28  1 18    -5.46     6.09   -18.96    -384.0     18.65      1.67     7.956      11132    0    0    0    0    0
2017  5 28  1 19    -5.46     5.95   -18.90    -384.9     15.50     -0.52     7.913      10506    0    0    0    0    0
2017  5 28  1 20    -5.41     5.84   -19.07    -385.4     13.84     -1.59     8.235      10676    0    0    0    0    0
2017  5 28  1 21    -5.53     5.44   -19.19    -384.9     14.58     -2.14     7.953      10896    0    0    0    0    0
2017  5 28  1 22    -5.56     5.01   -19.26    -384.0     17.71     -2.37     7.371      11524    0    0    0    0    0
2017  5 28  1 23    -5.24     4.93   -19.33    -383.4     22.47     -2.45     6.740      11974    0    0    0    0    0
2017  5 28  1 24    -4.99     5.06   -19.35    -383.8     24.89     -2.58     6.447      12843    0    0    0    0    0
2017  5 28  1 25    -5.15     5.23   -19.19    -384.2     24.73     -1.12     7.215      13424    0    0    0    0    0
2017  5 28  1 26    -5.32     5.32   -19.10    -384.6     24.70     -0.17     7.671      13456    0    0    0    0    0
2017  5 28  1 27    -5.35     5.21   -19.15    -385.0     24.79     -0.02     7.671      13471    0    0    0    0    0
2017  5 28  1 28    -5.36     3.77   -19.39    -385.2     25.04      0.90     7.717      13471    0    0    0    0    0
2017  5 28  1 29    -5.51     2.24   -19.67    -384.4     29.00      2.39     7.544      13484    0    0    0    0    0
2017  5 28  1 30    -6.00     1.41   -19.79    -382.9     34.35      3.61     7.374      13705    0    0    0    0    0
2017  5 28  1 31    -6.46     1.13   -19.76    -381.5     37.71      4.19     7.299      13948    0    0    0    0    0
2017  5 28  1 32    -6.47     1.13   -19.67    -380.4     36.97      3.99     7.293      14010    0    0    0    0    0
2017  5 28  1 33    -6.52     1.10   -19.67    -379.5     36.75      3.77     7.276      14379    0    0    0    0    0
2017  5 28  1 34    -6.72     0.74   -19.68    -379.1     36.82      3.76     7.264      14649    0    0    0    0    0
2017  5 28  1 35    -6.72     0.75   -19.63    -379.0     37.33      3.88     7.339      15644    0    0    0    0    0
2017  5 28  1 36    -6.60     0.96   -19.63    -379.3     37.06      3.86     7.670      18083    0    0    0    0    0
2017  5 28  1 37    -6.33     1.12   -19.63    -378.6     34.76      3.11     7.758      21537    0    0    0    0    0
2017  5 28  1 38    -6.19     1.68   -19.67    -379.7     34.32      2.95     7.818      21662    0    0    0    1    1
2017  5 28  1 39    -5.76     2.36   -19.74    -382.4     33.52      3.53     7.697      17923    0    0    0    1    1
2017  5 28  1 40    -5.48     2.45   -19.67    -386.4     33.60      3.78     7.512      15126    0    0    0    1    1
2017  5 28  1 41    -4.96     2.17   -19.84    -388.8     25.89      3.61     7.531      18177    0    0    0    0    0
2017  5 28  1 42    -4.86     2.25   -19.74    -388.3     25.03      2.09     7.531      21468    0    0    0    0    0
2017  5 28  1 43    -4.86     2.45   -19.56    -386.5     24.77      0.85     7.531      22233    0    0    0    0    0
2017  5 28  1 44    -5.29     2.84   -19.49    -384.9     24.57      0.43     7.773      22309    0    0    0    0    0
2017  5 28  1 45    -5.50     3.25   -19.46    -383.9     20.62      0.20     7.813      22309    0    0    0    0    0
2017  5 28  1 46    -5.49     3.63   -19.44    -384.3     17.13      0.63     7.728      20370    0    0    0    0    0
2017  5 28  1 47    -5.17     4.29   -19.29    -385.2     15.16      0.89     7.685      16245    0    0    0    0    0
2017  5 28  1 48    -4.69     5.03   -19.18    -385.5     14.20      0.68     7.901      14906    0    0    0    0    0
2017  5 28  1 49    -4.59     5.26   -19.17    -384.7     13.53      0.07     8.028      14824    0    0    0    0    0
2017  5 28  1 50    -4.62     5.83   -18.94    -384.0     12.27     -0.43     8.158      15281    0    0    0    0    0
2017  5 28  1 51    -4.75     6.30   -18.78    -384.3      7.83     -0.64     8.351      16180    0    0    0    0    0
2017  5 28  1 52    -4.86     6.37   -18.73    -384.5      6.04     -0.47     8.418      16550    0    0    0    0    0
2017  5 28  1 53    -4.88     6.09   -18.75    -384.5      7.89     -0.18     8.241      17276    0    0    0    0    0
2017  5 28  1 54    -4.92     5.73   -18.75    -384.2     11.16      1.96     7.739      17629    0    0    0    0    0
2017  5 28  1 55    -4.94     5.64   -18.78    -383.1     14.54      3.65     7.775      17629    0    0    0    0    0
2017  5 28  1 56    -4.95     5.69   -18.77    -381.6     17.05      4.31     8.093      17629    0    0    0    0    0
2017  5 28  1 57    -5.02     5.71   -18.66    -380.2     18.25      4.80     8.164      17592    0    0    0    0    0
2017  5 28  1 58    -5.34     5.86   -18.45    -380.4     17.68      5.44     8.227      17279    0    0    0    0    0
2017  5 28  1 59    -5.42     5.36   -18.67    -387.3     10.06      0.37     8.292      16873    0    0    0    0    0
2017  5 28  2  0    -5.30     5.37   -18.95    -386.6     12.87      0.64     8.768      17654    0    0    0    0    0
2017  5 28  2  1    -4.85     5.09   -18.98    -385.5     17.32      1.60     8.933      17720    0    0    0    0    0
2017  5 28  2  2    -4.20     4.54   -19.00    -385.0     20.64      2.93     8.944      17720    0    0    0    0    0
2017  5 28  2  3    -3.92     5.06   -19.01    -384.9     19.71      3.20     8.702      17086    0    0    0    0    0
2017  5 28  2  4    -3.89     5.18   -18.79    -384.7     16.50      1.82     8.144      16835    0    0    0    0    0
2017  5 28  2  5    -4.06     5.36   -18.65    -384.3     13.49     -0.27     7.705      17936    0    0    0    0    0
2017  5 28  2  6    -4.19     5.76   -18.63    -383.3     13.33     -1.05     7.466      19771    0    0    0    0    0
2017  5 28  2  7    -4.27     5.88   -18.63    -381.8     15.58     -0.55     7.387      20924    0    0    0    0    0
2017  5 28  2  8    -4.40     5.35   -18.65    -380.6     18.47      0.37     7.426      20924    0    0    0    0    0
2017  5 28  2  9    -4.61     4.10   -18.70    -380.9     19.22      0.13     7.664      21366    0    0    0    0    0
2017  5 28  2 10    -4.93     4.11   -18.69    -379.9     20.02     -1.42     8.648      22959    0    0    0    0    0
2017  5 28  2 11    -5.25     4.19   -18.69    -379.8     19.88     -1.43     8.334      22580    0    0    0    0    0
2017  5 28  2 12    -5.83     4.40   -18.66    -378.3     18.51     -0.44     8.018      18784    0    0    0    0    0
2017  5 28  2 13    -5.92     4.46   -18.62    -377.1     18.05      0.18     7.875      17004    0    0    0    0    0
2017  5 28  2 14    -6.02     4.19   -18.57    -376.8     18.39      0.82     7.335      15422    0    0    0    0    0
2017  5 28  2 15    -6.33     3.37   -18.55    -376.9     25.91      3.15     7.089      12381    0    0    0    0    0
2017  5 28  2 16    -6.51     3.09   -18.57    -376.1     29.92      4.17     6.711      11349    0    0    0    0    0
2017  5 28  2 17    -6.51     3.09   -18.58    -374.6     29.23      4.22     6.459      11349    0    0    0    0    0
2017  5 28  2 18    -6.49     3.10   -18.60    -373.1     27.33      4.16     6.442      11188    0    0    0    0    0
2017  5 28  2 19    -6.73     3.13   -18.64    -372.4     27.37      4.28     6.431      10425    0    0    0    0    0
2017  5 28  2 20    -7.08     3.13   -18.72    -372.2     27.61      4.56     6.366       9029    0    0    0    0    0
2017  5 28  2 21    -7.18     3.06   -18.75    -372.5     27.97      4.73     6.340       8829    0    0    0    0    0
2017  5 28  2 22    -7.42     2.61   -18.89    -373.1     28.39      4.85     5.734       8104    0    0    0    0    0
2017  5 28  2 23    -7.40     2.37   -18.98    -373.2     28.25      4.83     5.666       8104    0    0    0    0    0
2017  5 28  2 24    -7.38     2.37   -18.99    -372.9     27.71      4.76     5.655       8133    0    0    0    0    0
2017  5 28  2 25    -7.39     2.36   -18.97    -371.8     27.86      4.72     5.631       8254    0    0    0    0    0
2017  5 28  2 26    -7.46     2.16   -18.91    -371.4     28.02      4.63     5.631       8299    0    0    0    0    0
2017  5 28  2 27    -7.47     2.12   -18.86    -371.6     27.72      4.56     6.110       8299    0    0    0    0    0
2017  5 28  2 28    -7.47     2.13   -18.82    -371.7     27.19      4.18     6.956       8291    0    0    0    0    0
2017  5 28  2 29    -7.50     2.07   -18.83    -370.4     23.31      3.01     6.617       8043    0    0    0    0    0
2017  5 28  2 30    -7.54     2.45   -18.82    -370.1     23.01      2.86     6.441       7848    0    0    0    0    0
2017  5 28  2 31    -7.52     2.57   -18.82    -370.4     23.17      2.99     5.930       7815    0    0    0    0    0
2017  5 28  2 32    -7.47     2.67   -18.82    -370.6     21.77      2.89     5.700       8078    0    0    0    0    0
2017  5 28  2 33    -7.56     2.88   -18.72    -370.8     21.25      2.83     5.861       8113    0    0    0    0    0
2017  5 28  2 34    -7.57     2.75   -18.69    -370.9     21.69      3.02     5.879       8135    0    0    0    0    0
2017  5 28  2 35    -7.54     2.51   -18.81    -371.6     24.14      3.44     6.062       8163    0    0    0    0    0
2017  5 28  2 36    -7.26     2.16   -18.88    -371.7     25.46      3.68     6.163       8257    0    0    0    0    0
2017  5 28  2 37    -7.19     2.13   -18.86    -371.9     25.55      3.78     6.161       8270    0    0    0    0    0
2017  5 28  2 38    -7.19     2.13   -18.86    -371.7     25.47      3.89     6.127       8415    0    0    0    0    0
2017  5 28  2 39    -7.19     2.24   -18.86    -371.9     22.73      3.94     6.128       8512    0    0    0    0    0
2017  5 28  2 40    -7.12     2.53   -18.82    -371.7     22.44      3.97     6.145       9419    0    0    0    0    0
2017  5 28  2 41    -7.02     2.76   -18.75    -371.9     21.70      3.77     6.206       9877    0    0    0    0    0
2017  5 28  2 42    -7.01     3.79   -18.51    -371.6     17.73      1.57     6.864      10369    0    0    0    0    0
2017  5 28  2 43    -7.16     3.16   -18.49    -371.0     15.28      0.87     7.492      10369    0    0    0    0    0
2017  5 28  2 44    -7.20     2.91   -18.55    -370.6     18.80     -0.76     7.524       9371    0    0    0    0    0
2017  5 28  2 45    -7.19     2.88   -18.65    -370.3     19.22     -1.20     6.585       9112    0    0    0    0    0
2017  5 28  2 46    -7.21     2.94   -18.67    -369.9     19.20     -2.76     6.239       9086    0    0    0    0    0
2017  5 28  2 47    -7.27     3.88   -18.41    -369.5     14.83     -3.42     6.200       9238    0    0    0    0    0
2017  5 28  2 48    -7.29     4.20   -18.37    -369.4     11.13     -3.56     6.646       9290    0    0    0    0    0
2017  5 28  2 49    -7.24     3.92   -18.37    -370.5     10.15     -1.53     6.807       9253    0    0    0    0    0
2017  5 28  2 50    -7.25     3.68   -18.42    -373.1     11.59     -0.74     6.753       9249    0    0    0    0    0
2017  5 28  2 51    -7.30     3.47   -18.47    -372.3     12.43     -0.59     6.980       9266    0    0    0    0    0
2017  5 28  2 52    -7.31     2.63   -18.51    -371.5     16.08      0.32     7.206       9400    0    0    0    0    0
2017  5 28  2 53    -7.29     2.52   -18.51    -370.8     16.29      0.62     7.333       9533    0    0    0    0    0
2017  5 28  2 54    -6.84     2.91   -18.51    -369.6     17.10      0.90     7.497      10849    0    0    0    0    0
2017  5 28  2 55    -6.92     3.08   -18.49    -368.3     18.20      1.00     7.369      11258    0    0    0    0    0
2017  5 28  2 56    -7.18     2.79   -18.47    -367.1     19.14      1.01     7.224      11242    0    0    0    0    0
2017  5 28  2 57    -7.33     2.32   -18.45    -367.0     19.48      1.33     7.026      11219    0    0    0    0    0
2017  5 28  2 58    -6.84     2.23   -18.49    -369.2     19.19      1.86     6.723      11219    0    0    0    0    0
2017  5 28  2 59    -6.26     2.03   -18.53    -372.0     18.31      1.65     6.786      10400    0    0    0    0    0
2017  5 28  3  0    -6.27     1.68   -18.53    -371.8     18.00      1.51     6.780      10404    0    0    0    0    0
2017  5 28  3  1    -6.37     1.52   -18.53    -370.6     20.34      1.62     6.683      10461    0    0    0    0    0
2017  5 28  3  2    -6.40     1.22   -18.72    -370.8     21.18      2.00     6.588      10469    0    0    0    0    0
2017  5 28  3  3    -6.70     0.75   -18.77    -371.1     21.62      2.10     6.542       9728    0    0    0    0    0
2017  5 28  3  4    -6.86     0.50   -18.63    -370.4     20.82      2.22     6.623       9688    0    0    0    0    0
2017  5 28  3  5    -6.90     0.65   -18.48    -369.6     20.43      2.05     6.636      10470    0    0    0    0    0
2017  5 28  3  6    -6.90     0.83   -18.43    -368.9     19.27      1.67     6.636      10730    0    0    0    0    0
2017  5 28  3  7    -6.94     1.12   -18.42    -369.8     18.47      2.08     6.795      10730    0    0    0    0    0
2017  5 28  3  8    -7.52     1.71   -18.34    -370.2     19.34      2.35     6.841      11264    0    0    0    0    0
2017  5 28  3  9    -7.95     2.18   -18.14    -369.8     19.67      2.40     6.699      11719    0    0    0    0    0
2017  5 28  3 10    -7.78     2.01   -18.24    -370.4     19.46      2.64     6.662      12256    0    0    0    0    0
2017  5 28  3 11    -7.71     1.83   -18.29    -370.4     19.47      2.61     6.792      12322    0    0    0    0    0
2017  5 28  3 12    -7.34     0.92   -18.50    -368.9     20.72      1.63     6.524      10635    0    0    0    0    0
2017  5 28  3 13    -7.04     0.27   -18.66    -368.0     21.52      1.14     6.572       9239    0    0    0    0    0
2017  5 28  3 14    -6.80     0.97   -18.64    -368.1     21.68      1.14     6.500       8744    0    0    0    0    0
2017  5 28  3 15    -6.67     1.79   -18.57    -367.7     20.61      0.73     6.464       8725    0    0    0    0    0
2017  5 28  3 16    -6.70     1.93   -18.49    -366.3     19.45      0.10     6.606       8763    0    0    0    0    0
2017  5 28  3 17    -6.82     1.90   -18.34    -364.8     19.19     -0.43     6.615       8871    0    0    0    0    0
2017  5 28  3 18    -7.06     1.60   -18.26    -364.4     19.74     -0.61     6.685       9162    0    0    0    0    0
2017  5 28  3 19    -7.22     1.47   -18.18    -364.5     19.35     -0.37     6.801      10349    0    0    0    0    0
2017  5 28  3 20    -7.21     1.38   -18.20    -368.3     17.64      1.86     7.004      11175    0    0    0    0    0
2017  5 28  3 21    -7.09     1.29   -18.27    -369.9     17.61      2.30     7.195       9813    0    0    0    0    0
2017  5 28  3 22    -6.93     1.25   -18.29    -370.3     19.19      2.46     7.155       9464    0    0    0    0    0
2017  5 28  3 23    -6.68     1.47   -18.29    -370.8     19.69      2.39     7.221       9839    0    0    0    0    0
2017  5 28  3 24    -6.52     1.86   -18.28    -370.8     19.44      2.36     7.116       9869    0    0    0    0    0
2017  5 28  3 25    -6.48     1.80   -18.24    -370.6     19.17      2.17     7.106       9905    0    0    0    0    0
2017  5 28  3 26    -6.68     1.79   -18.12    -369.4     17.13      1.18     7.206       9909    0    0    0    0    0
2017  5 28  3 27    -6.80     1.90   -18.05    -368.2     15.18      0.19     7.006       9909    0    0    0    0    0
2017  5 28  3 28    -6.81     2.04   -18.01    -367.6     13.67     -0.34     6.843      11210    0    0    0    0    0
2017  5 28  3 29    -6.75     2.10   -18.04    -367.2     12.61     -0.41     6.815      12598    0    0    0    0    0
2017  5 28  3 30    -6.70     2.12   -18.11    -366.7     11.96     -0.73     6.785      12598    0    0    0    0    0
2017  5 28  3 31    -6.68     2.15   -18.14    -366.4     12.71     -0.97     6.834      12938    0    0    0    0    0
2017  5 28  3 32    -6.63     1.89   -18.17    -367.1     15.07     -0.34     7.063      14244    0    0    0    0    0
2017  5 28  3 33    -6.45     1.52   -18.24    -368.6     16.13      0.16     7.510      15732    0    0    0    0    0
2017  5 28  3 34    -6.32     1.49   -18.25    -370.7     16.85      1.01     7.605      17038    0    0    0    0    0
2017  5 28  3 35    -6.62     1.09   -18.13    -370.9     16.49      1.81     7.643      19121    0    0    0    0    0
2017  5 28  3 36    -6.70     0.77   -18.15    -370.4     15.91      1.76     7.645      19264    0    0    0    0    0
2017  5 28  3 37    -6.81     0.16   -18.10    -369.7     15.87      1.55     7.818      18604    0    0    0    0    0
2017  5 28  3 38    -6.96    -0.02   -18.09    -368.9     15.92      1.34     7.872      18174    0    0    0    0    0
2017  5 28  3 39    -7.04     0.18   -17.99    -368.5     15.99      1.26     7.783      17990    0    0    0    0    0
2017  5 28  3 40    -7.14     0.30   -17.91    -368.3     15.95      1.13     7.699      17477    0    0    0    0    0
2017  5 28  3 41    -7.57    -0.01   -17.86    -367.7     16.30      1.01     7.559      17145    0    0    0    0    0
2017  5 28  3 42    -8.00    -0.41   -17.76    -366.7     16.98      0.82     7.362      17145    0    0    0    0    0
2017  5 28  3 43    -8.14    -0.63   -17.60    -365.4     17.51      0.46     7.216      17117    0    0    0    0    0
2017  5 28  3 44    -8.09    -0.73   -17.57    -365.3     17.84      0.03     7.299      16967    0    0    0    0    0
2017  5 28  3 45    -7.74    -0.85   -17.62    -367.6     18.34      0.14     7.758      16841    0    0    0    0    0
2017  5 28  3 46    -7.43    -0.90   -17.87    -369.3     18.31      0.62     7.827      17622    0    0    0    0    0
2017  5 28  3 47    -7.11    -0.88   -18.07    -371.6     18.06      0.82     7.902      17985    0    0    0    0    0
2017  5 28  3 48    -6.63    -0.86   -18.21    -371.9     18.83      0.90     7.927      17925    0    0    0    0    0
2017  5 28  3 49    -6.43    -0.76   -18.21    -371.0     18.73      0.35     7.942      17028    0    0    0    0    0
2017  5 28  3 50    -6.03    -0.71   -18.21    -370.5     18.07      0.31     8.150      16641    0    0    0    0    0
2017  5 28  3 51    -5.60    -0.70   -18.29    -370.8     17.14      0.44     7.953      16600    0    0    0    0    0
2017  5 28  3 52    -5.97    -0.51   -18.41    -371.0     16.20      1.21     7.769      16600    0    0    0    0    0
2017  5 28  3 53    -6.04    -0.52   -18.38    -372.2     15.65      1.43     7.817      17491    0    0    0    0    0
2017  5 28  3 54    -5.60    -0.80   -18.34    -372.0     15.79      1.38     8.315      18608    0    0    0    0    0
2017  5 28  3 55    -5.19    -0.90   -18.31    -370.6     16.49      1.19     8.079      17506    0    0    0    0    0
2017  5 28  3 56    -5.10    -1.07   -18.30    -370.5     16.69      1.08     7.949      17388    0    0    0    0    0
2017  5 28  3 57    -5.35    -1.13   -18.28    -370.5     16.49      1.13     7.787      17392    0    0    0    0    0
2017  5 28  3 58    -5.49    -1.34   -18.27    -371.0     16.82      1.20     7.886      17392    0    0    0    0    0
2017  5 28  3 59    -5.67    -1.44   -18.29    -370.4     16.84      1.12     7.936      17195    0    0    0    0    0
2017  5 28  4  0    -6.13    -1.46   -18.21    -370.2     16.72      0.98     7.990      17163    0    0    0    0    0
2017  5 28  4  1    -6.28    -1.14   -18.13    -370.0     17.20      0.58     7.967      17163    0    0    0    0    0
2017  5 28  4  2    -6.30    -1.09   -18.03    -369.8     17.32      0.15     7.959      17144    0    0    0    0    0
2017  5 28  4  3    -6.30    -1.26   -17.96    -369.9     16.98     -1.49     8.396      16990    0    0    0    0    0
2017  5 28  4  4    -6.07    -1.33   -17.95    -370.5     15.49     -1.79     8.716      16804    0    0    0    0    0
2017  5 28  4  5    -5.87    -1.17   -17.98    -370.6     15.30     -1.75     8.725      16782    0    0    0    0    0
2017  5 28  4  6    -5.80    -1.15   -17.99    -369.5     15.32     -2.28     8.358      18810    0    0    0    0    0
2017  5 28  4  7    -5.90    -1.15   -17.90    -369.2     15.30     -2.85     8.225      20849    0    0    0    0    0
2017  5 28  4  8    -5.93    -0.95   -17.82    -369.8     13.68     -3.24     7.839      22485    0    0    0    0    0
2017  5 28  4  9    -5.93    -0.50   -17.66    -370.4     12.48     -3.18     7.760      22878    0    0    0    0    0
2017  5 28  4 10    -5.84    -0.30   -17.64    -371.1     11.83     -2.97     7.807      22893    0    0    0    0    0
2017  5 28  4 11    -5.78    -0.34   -17.71    -371.7     11.39     -2.78     7.801      22506    0    0    0    0    0
2017  5 28  4 12    -5.23    -0.87   -17.79    -371.8     10.92     -2.87     7.799      22464    0    0    0    0    0
2017  5 28  4 13    -5.23    -1.20   -17.83    -371.6     13.89     -2.47     7.813      22352    0    0    0    0    0
2017  5 28  4 14    -5.20    -1.25   -17.84    -371.1     14.72     -2.37     7.813      21774    0    0    0    0    0
2017  5 28  4 15    -5.40    -0.31   -17.77    -370.9     16.03     -2.05     8.292      21745    0    0    0    0    0
2017  5 28  4 16    -5.22     0.07   -17.75    -370.9     16.29     -1.81     8.430      21903    0    0    0    0    0
2017  5 28  4 17    -5.30    -0.20   -17.72    -370.7     14.53     -2.16     8.809      21917    0    0    0    0    0
2017  5 28  4 18    -5.00    -0.41   -17.78    -373.3     13.41     -1.83     9.127      21618    0    0    0    0    0
2017  5 28  4 19    -4.74    -0.40   -17.73    -372.3     13.34     -1.65     9.291      21253    0    0    0    0    0
2017  5 28  4 20    -4.86    -0.71   -17.65    -372.2     12.85     -1.29     9.326      21319    0    0    0    0    0
2017  5 28  4 21    -5.13    -0.71   -17.53    -371.4     12.22     -1.42     9.322      21887    0    0    0    0    0
2017  5 28  4 22    -5.16    -0.58   -17.55    -372.0     11.06     -0.93     8.196      22610    0    0    0    0    0
2017  5 28  4 23    -4.21    -1.12   -17.79    -376.6     13.71      0.24     8.469      22610    0    0    0    0    0
2017  5 28  4 24    -4.07    -1.69   -17.73    -377.2     16.41      0.41     8.224      22877    0    0    0    0    0
2017  5 28  4 25    -4.20    -1.57   -17.70    -376.5     18.60     -0.14     8.222      22965    0    0    0    0    0
2017  5 28  4 26    -4.55    -1.37   -17.72    -374.8     19.54     -0.43     8.264      22936    0    0    0    0    0
2017  5 28  4 27    -4.89    -1.27   -17.74    -372.7     20.02     -0.46     8.194      22816    0    0    0    0    0
2017  5 28  4 28    -4.89    -1.19   -17.76    -371.0     21.00     -0.50     7.872      22428    0    0    0    0    0
2017  5 28  4 29    -4.95    -1.17   -17.75    -370.3     18.63     -1.36     7.905      22402    0    0    0    0    0
2017  5 28  4 30    -4.96    -0.48   -17.77    -371.0     17.53     -1.52     8.201      22402    0    0    0    0    0
2017  5 28  4 31    -4.93    -0.59   -17.74    -373.2     11.62     -2.00     8.701      23037    0    0    0    0    0
2017  5 28  4 32    -4.84    -0.57   -17.65    -373.3     10.66     -2.29     8.998      22829    0    0    0    0    0
2017  5 28  4 33    -4.94    -0.68   -17.59    -373.7     12.45     -2.13     9.144      21618    0    0    0    0    0
2017  5 28  4 34    -4.95    -1.23   -17.56    -373.5     14.93     -1.41     8.965      19959    0    0    0    0    0
2017  5 28  4 35    -5.04    -1.62   -17.58    -372.9     17.63     -0.92     9.026      19333    0    0    0    0    0
2017  5 28  4 36    -5.41    -1.64   -17.64    -372.7     18.40     -1.07     9.106      19604    0    0    0    0    0
2017  5 28  4 37    -5.44    -1.73   -17.63    -374.4     19.48     -1.92     8.806      20895    0    0    0    0    0
2017  5 28  4 38    -5.28    -1.89   -17.59    -373.8     18.83     -1.38     8.600      20705    0    0    0    0    0
2017  5 28  4 39    -5.17    -1.96   -17.51    -372.2     18.48     -0.15     8.466      20295    0    0    0    0    0
2017  5 28  4 40    -5.15    -1.97   -17.51    -370.8     17.98      0.07     8.401      20295    0    0    0    0    0
2017  5 28  4 41    -5.15    -2.07   -17.58    -369.4     18.46      0.36     8.329      20249    0    0    0    0    0
2017  5 28  4 42    -5.38    -2.25   -17.55    -367.8     16.26      0.53     8.260      20232    0    0    0    0    0
2017  5 28  4 43    -5.69    -2.59   -17.46    -366.3     13.67      0.52     8.419      19942    0    0    0    0    0
2017  5 28  4 44    -5.96    -2.81   -17.39    -365.5     13.01      0.34     8.876      19325    0    0    0    0    0
2017  5 28  4 45    -6.32    -1.98   -17.37    -365.1     13.15      0.42     8.976      19205    0    0    0    0    0
2017  5 28  4 46    -6.28    -2.13   -17.38    -365.7     13.31      1.03     8.997      18501    0    0    0    0    0
2017  5 28  4 47    -6.18    -1.96   -17.46    -366.1     13.31      1.64     9.063      18501    0    0    0    0    0
2017  5 28  4 48    -6.09    -2.06   -17.43    -366.1     13.55      1.53     8.926      18787    0    0    0    0    0
2017  5 28  4 49    -5.99    -2.27   -17.35    -365.9     14.28      1.07     8.560      19469    0    0    0    0    0
2017  5 28  4 50    -5.76    -2.48   -17.40    -365.5     15.65      0.61     8.398      19107    0    0    0    0    0
2017  5 28  4 51    -5.63    -2.88   -17.35    -365.5     15.52      0.72     8.514      17521    0    0    0    0    0
2017  5 28  4 52    -5.56    -2.94   -17.36    -366.0     15.66      0.84     8.553      16522    0    0    0    0    0
2017  5 28  4 53    -5.55    -3.87   -17.35    -367.9     18.30      0.98     8.302      15233    0    0    0    0    0
2017  5 28  4 54    -5.83    -4.19   -17.33    -370.4     21.04      1.36     8.183      15221    0    0    0    0    0
2017  5 28  4 55    -5.99    -4.00   -17.31    -371.4     21.26      1.84     8.232      15784    0    0    0    0    0
2017  5 28  4 56    -6.03    -3.72   -17.35    -372.4     20.87      2.19     8.429      16009    0    0    0    0    0
2017  5 28  4 57    -6.05    -3.43   -17.36    -372.5     20.40      2.11     8.566      17720    0    0    0    0    0
2017  5 28  4 58    -5.86    -3.38   -17.34    -372.7     19.67      1.58     8.640      17967    0    0    0    0    0
2017  5 28  4 59    -5.69    -3.57   -17.34    -372.9     19.50      1.28     8.483      18111    0    0    0    0    0
2017  5 28  5  0    -5.69    -3.48   -17.34    -372.9     18.75      1.31     8.433      19282    0    0    0    0    0
2017  5 28  5  1    -5.70    -2.99   -17.33    -373.0     18.42      1.43     8.417      21455    0    0    0    0    0
2017  5 28  5  2    -5.73    -2.72   -17.30    -372.4     17.18      1.53     8.417      21998    0    0    0    0    0
2017  5 28  5  3    -5.73    -2.45   -17.32    -372.6     16.25      1.52     8.445      23279    0    0    0    0    0
2017  5 28  5  4    -5.73    -2.45   -17.32    -371.7     16.96      1.47     8.589      23273    0    0    0    0    0
2017  5 28  5  5    -5.68    -2.55   -17.40    -370.7     16.79      1.55     8.589      23112    0    0    0    0    0
2017  5 28  5  6    -5.67    -2.58   -17.42    -369.7     16.73      1.47     8.424      22915    0    0    0    0    0
2017  5 28  5  7    -5.97    -2.56   -17.38    -368.9     17.31      0.45     8.150      22233    0    0    0    0    0
2017  5 28  5  8    -6.25    -2.31   -17.25    -368.6     17.81     -0.77     7.961      21862    0    0    0    0    0
2017  5 28  5  9    -6.32    -1.20   -16.94    -368.4     17.81     -1.77     8.472      21835    0    0    0    0    0
2017  5 28  5 10    -6.29    -0.31   -16.77    -368.0     15.04     -2.22     9.124      22069    0    0    0    0    0
2017  5 28  5 11    -6.27    -0.42   -16.82    -367.9     10.23     -2.29     9.620      22263    0    0    0    0    0
2017  5 28  5 12    -6.24    -0.40   -16.87    -368.4      6.85     -2.32     9.873      22363    0    0    0    0    0
2017  5 28  5 13    -6.14    -0.20   -16.88    -368.4      7.17     -2.34     9.854      22434    0    0    0    0    0
2017  5 28  5 14    -6.08    -0.25   -16.89    -368.2      8.71     -2.34     9.736      22515    0    0    0    0    0
2017  5 28  5 15    -6.03    -0.38   -16.94    -368.2      9.82     -2.44     9.632      22604    0    0    0    0    0
2017  5 28  5 16    -5.98    -0.15   -17.00    -368.2      9.75     -2.59     9.712      22628    0    0    0    0    0
2017  5 28  5 17    -5.99     0.21   -17.01    -368.4      8.70     -2.58     9.844      21972    0    0    0    0    0
2017  5 28  5 18    -6.04     0.51   -16.97    -370.1      7.58     -2.21    10.237      21461    0    0    0    0    0
2017  5 28  5 19    -6.28     0.63   -16.84    -370.2      7.16     -2.17    10.394      21448    0    0    0    0    0
2017  5 28  5 20    -6.58     0.79   -16.71    -370.0      7.71     -2.25    10.416      21446    0    0    0    0    0
2017  5 28  5 21    -6.70     0.35   -16.67    -368.5      8.76     -2.74     9.819      21445    0    0    0    0    0
2017  5 28  5 22    -6.52    -0.29   -16.72    -367.5     11.78     -3.12     9.229      21300    0    0    0    0    0
2017  5 28  5 23    -6.21    -0.65   -16.86    -367.3     15.10     -3.83     8.808      20979    0    0    0    0    0
2017  5 28  5 24    -6.30    -0.92   -16.91    -367.0     16.54     -4.54     8.385      20782    0    0    0    0    0
2017  5 28  5 25    -6.80    -1.38   -16.73    -366.2     18.06     -3.38     7.979      20782    0    0    0    0    0
2017  5 28  5 26    -7.43    -1.52   -16.39    -364.8     19.47     -0.22     7.625      20695    0    0    0    0    0
2017  5 28  5 27    -7.88    -1.56   -16.39    -363.9     19.61      4.44     7.352      19946    0    0    0    0    0
2017  5 28  5 28    -7.98    -1.74   -16.30    -363.9     19.77      4.55     7.031      19933    0    0    0    0    0
2017  5 28  5 29    -8.04    -2.02   -16.30    -364.0     19.77      3.80     5.643      20536    0    0    0    0    0
2017  5 28  5 30    -8.04    -2.07   -16.23    -362.6     16.50      2.37     5.520      20536    0    0    0    0    0
2017  5 28  5 31    -8.00    -1.92   -16.35    -361.5     13.29      0.14     5.669      21120    0    0    0    0    0
2017  5 28  5 32    -6.70    -2.16   -16.65    -367.1     13.53     -1.35     6.135      22345    0    0    0    0    0
2017  5 28  5 33    -6.65    -3.17   -16.55    -367.6     14.36     -1.06     6.145      22570    0    0    0    0    0
2017  5 28  5 34    -6.80    -3.25   -16.52    -366.2     12.71     -0.35     5.952      22810    0    0    0    0    0
2017  5 28  5 35    -7.00    -2.70   -16.59    -364.4     14.24      0.73     5.562      23013    0    0    0    0    0
2017  5 28  5 36    -7.07    -2.96   -16.55    -363.8     17.00      3.16     5.200      23013    0    0    0    0    0
2017  5 28  5 37    -6.96    -3.33   -16.50    -364.3     18.03      3.26     5.136      22585    0    0    0    0    0
2017  5 28  5 38    -7.34    -4.44   -16.42    -364.6     18.95      2.09     4.769      22937    0    0    0    0    0
2017  5 28  5 39    -7.42    -5.19   -16.27    -364.1     21.94      1.24     5.440      27114    0    0    0    0    0
2017  5 28  5 40    -7.47    -5.19   -16.17    -363.7     23.35      0.69     5.477      28893    0    0    0    0    0
2017  5 28  5 41    -7.47    -4.81   -16.17    -363.7     23.80      0.85     5.545      31151    0    0    0    0    0
2017  5 28  5 42    -7.27    -4.32   -16.30    -364.3     22.77      0.81     5.685      33931    0    0    0    0    0
2017  5 28  5 43    -7.13    -4.26   -16.44    -365.9     19.89      0.76     5.778      36731    0    0    0    0    0
2017  5 28  5 44    -7.17    -4.21   -16.42    -366.6     18.70      0.83     5.759      38959    0    0    0    0    0
2017  5 28  5 45    -7.23    -4.20   -16.38    -366.8     18.00      0.92     5.730      39027    0    0    0    0    0
2017  5 28  5 46    -7.21    -4.11   -16.37    -367.1     18.21      1.30     5.491      39253    0    0    0    0    0
2017  5 28  5 47    -6.97    -3.84   -16.49    -367.0     19.26      2.09     5.212      39709    0    0    0    0    0
2017  5 28  5 48    -6.69    -3.63   -16.68    -366.8     19.68      2.63     5.281      39969    0    0    0    0    0
2017  5 28  5 49    -6.75    -3.64   -16.67    -366.4     19.84      2.50     5.315      39566    0    0    0    0    0
2017  5 28  5 50    -6.81    -3.72   -16.57    -365.7     20.23      2.17     5.209      38721    0    0    0    0    0
2017  5 28  5 51    -6.95    -3.99   -16.36    -364.9     20.85      1.82     5.171      39346    0    0    0    0    0
2017  5 28  5 52    -7.09    -4.47   -16.32    -364.5     21.61      1.21     5.198      43798    0    0    0    0    0
2017  5 28  5 53    -7.10    -4.61   -16.27    -364.4     22.38      0.51     5.204      44960    0    0    0    0    0
2017  5 28  5 54    -7.09    -4.56   -16.30    -364.6     23.34     -0.63     5.193      46448    0    0    0    0    0
2017  5 28  5 55    -7.07    -4.52   -16.30    -365.4     23.46     -3.42     5.081      48355    0    0    0    0    0
2017  5 28  5 56    -6.99    -4.28   -16.37    -366.2     22.98     -4.90     4.624      59336    0    0    0    0    0
2017  5 28  5 57    -6.95    -4.04   -16.49    -366.6     21.09     -4.62     4.622      65884    0    0    0    0    0
2017  5 28  5 58    -6.93    -3.98   -16.51    -367.1     19.39     -4.06     4.620      66716    0    0    0    0    0
2017  5 28  5 59    -6.94    -3.97   -16.50    -367.5     19.11     -3.95     4.584      68024    0    0    0    0    0
2017  5 28  6  0    -6.98    -4.04   -16.42    -367.4     19.70     -3.90     4.490      69595    0    0    0    0    0
2017  5 28  6  1    -7.04    -4.14   -16.29    -367.9     19.67     -3.46     4.416      71194    0    0    0    0    0
2017  5 28  6  2    -7.11    -4.12   -16.24    -368.2     18.51     -2.65     4.370      71147    0    0    0    0    0
2017  5 28  6  3    -7.18    -4.06   -16.20    -367.2     17.41     -2.37     4.328      68429    0    0    0    0    0
2017  5 28  6  4    -7.27    -4.02   -16.15    -365.8     16.64     -2.69     4.308      65016    0    0    0    0    0
2017  5 28  6  5    -7.39    -4.01   -16.08    -364.5     16.29     -3.64     4.273      63626    0    0    0    0    0
2017  5 28  6  6    -7.39    -4.04   -16.01    -364.2     16.05     -4.85     4.050      43477    0    0    0    0    0
2017  5 28  6  7    -7.47    -4.09   -15.97    -364.1     14.95     -5.22     3.992      43892    0    0    0    0    0
2017  5 28  6  8    -7.40    -4.11   -15.99    -364.8     14.16     -5.14     4.081      65905    0    0    0    0    0
2017  5 28  6  9    -7.16    -4.07   -16.17    -364.5     13.94     -3.28     4.154      65794    0    0    0    0    0
2017  5 28  6 10    -7.22    -4.02   -16.17    -364.3     13.47     -3.16     4.353      64120    0    0    0    0    0
2017  5 28  6 11    -7.33    -4.02   -16.17    -364.6     12.59     -3.03     4.460      62232    0    0    0    0    0
2017  5 28  6 12    -7.34    -4.02   -16.22    -365.1     12.22     -2.30     4.485      59674    0    0    0    0    0
2017  5 28  6 13    -7.43    -4.02   -16.19    -365.7     10.93     -2.34     4.510      59381    0    0    0    0    0
2017  5 28  6 14    -7.53    -4.04   -16.11    -366.2     10.54     -2.87     4.529      58747    0    1    1    1    1
2017  5 28  6 15    -7.59    -4.11   -16.01    -365.8     10.96     -3.39     4.497      58747    0    1    1    1    1
2017  5 28  6 16    -7.57    -4.18   -15.97    -365.6     11.07     -3.47     4.390      58934    0    1    1    1    1
2017  5 28  6 17    -7.56    -4.34   -15.93    -366.0     11.12     -3.13     4.341      60063    0    1    1    1    1
2017  5 28  6 18    -7.54    -4.36   -15.82    -365.9     11.26     -3.22     4.329      61271    0    0    0    0    0
2017  5 28  6 19    -7.43    -3.91   -15.76    -366.2     11.36     -3.15     4.340      60782    0    0    0    0    0
2017  5 28  6 20    -7.31    -3.39   -15.91    -369.1      9.53     -2.23     4.624      59622    0    0    0    0    0
2017  5 28  6 21    -6.51    -4.07   -15.98    -374.1     11.35     -4.25     5.494      74731    0    0    0    0    0
2017  5 28  6 22    -6.23    -4.60   -15.96    -373.6     11.43     -4.22     5.829      70785    0    0    0    0    0
2017  5 28  6 23    -6.34    -3.58   -15.92    -372.6     11.32     -3.31     5.981      59944    0    0    0    0    0
2017  5 28  6 24    -6.89    -3.28   -15.94    -370.9     11.93     -1.57     5.999      55584    0    0    0    0    0
2017  5 28  6 25    -7.21    -3.92   -15.91    -369.2     14.13     -0.19     5.786      52047    0    0    0    0    0
2017  5 28  6 26    -7.35    -4.33   -15.89    -367.7     15.24      0.59     5.592      50720    0    0    0    0    0
2017  5 28  6 27    -7.37    -4.50   -15.81    -366.7     15.12      0.89     5.530      48244    0    0    0    0    0
2017  5 28  6 28    -7.38    -4.59   -15.69    -366.4     14.29      0.94     5.562      43632    0    0    0    0    0
2017  5 28  6 29    -7.29    -4.41   -15.79    -366.7     13.97      0.80     5.709      42822    0    0    0    0    0
2017  5 28  6 30    -7.12    -4.04   -16.02    -367.4     14.31      0.58     5.965      43418    0    0    0    0    0
2017  5 28  6 31    -7.10    -4.05   -16.03    -367.4     14.60      0.35     5.736      44133    0    0    0    0    0
2017  5 28  6 32    -7.13    -4.12   -15.95    -366.9     15.22     -0.02     5.614      44133    0    0    0    0    0
2017  5 28  6 33    -7.19    -4.29   -15.85    -366.3     16.03     -0.51     5.471      43782    0    0    0    0    0
2017  5 28  6 34    -7.24    -4.65   -15.74    -366.0     17.72     -1.21     5.264      42989    0    0    0    0    0
2017  5 28  6 35    -7.34    -5.03   -15.58    -365.5     18.61     -1.23     5.071      42850    0    0    0    0    0
2017  5 28  6 36    -7.43    -5.23   -15.52    -365.2     19.04     -1.28     4.894      42876    0    0    0    0    0
2017  5 28  6 37    -7.43    -5.39   -15.46    -365.2     18.63     -1.30     4.743      43018    0    0    0    0    0
2017  5 28  6 38    -7.35    -5.49   -15.47    -365.7     18.18     -0.93     4.719      43681    0    0    0    0    0
2017  5 28  6 39    -7.21    -5.63   -15.40    -366.1     18.73     -0.93     4.989      45783    0    0    0    0    0
2017  5 28  6 40    -7.20    -5.61   -15.27    -366.1     19.14     -1.35     5.266      46346    0    0    0    0    0
2017  5 28  6 41    -7.27    -5.38   -15.18    -366.1     19.89     -2.01     5.325      46346    0    0    0    0    0
2017  5 28  6 42    -7.26    -5.14   -15.25    -366.6     22.21     -2.51     5.385      48565    0    0    0    0    0
2017  5 28  6 43    -7.05    -5.17   -15.28    -367.7     22.62     -2.60     5.724      52742    0    0    0    0    0
2017  5 28  6 44    -6.75    -5.02   -15.33    -368.7     22.12     -3.63     6.102      52742    0    0    0    0    0
2017  5 28  6 45    -6.59    -5.02   -15.42    -369.4     21.99     -4.08     6.252      50137    0    0    0    0    0
2017  5 28  6 46    -6.76    -5.34   -15.33    -370.0     22.05     -4.00     6.289      49207    0    0    0    0    0
2017  5 28  6 47    -6.76    -5.50   -15.24    -370.4     22.81     -3.88     6.344      49243    0    0    0    0    0
2017  5 28  6 48    -6.75    -5.91   -15.00    -370.3     23.86     -4.04     6.197      49249    0    0    0    0    0
2017  5 28  6 49    -7.14    -6.20   -14.85    -369.8     24.62     -4.46     5.997      45945    0    0    0    0    0
2017  5 28  6 50    -7.25    -6.68   -14.60    -369.3     24.81     -4.62     5.798      44751    0    0    0    0    0
2017  5 28  6 51    -7.25    -7.23   -14.23    -368.9     26.73     -4.40     5.638      44550    0    0    0    0    0
2017  5 28  6 52    -7.22    -7.69   -13.90    -369.1     28.63     -4.32     5.352      42578    0    0    0    0    0
2017  5 28  6 53    -7.30    -7.63   -13.86    -369.3     29.92     -4.33     5.026      40054    0    0    0    0    0
2017  5 28  6 54    -7.37    -7.47   -13.95    -369.1     30.49     -4.93     4.867      39388    0    0    0    0    0
2017  5 28  6 55    -7.49    -7.49   -14.20    -369.3     31.85     -5.83     4.727      40155    0    0    0    0    0
2017  5 28  6 56    -7.52    -7.60   -14.20    -369.1     32.51     -6.16     4.578      44569    0    0    0    0    0
2017  5 28  6 57    -7.41    -7.95   -13.94    -368.5     28.88     -4.27     4.707      48450    0    0    0    0    0
2017  5 28  6 58    -7.26    -8.19   -13.85    -368.2     26.61     -3.09     4.794      49706    0    0    0    0    0
2017  5 28  6 59    -7.19    -8.28   -13.79    -367.8     26.47     -5.36     4.817      51446    0    0    0    0    0
2017  5 28  7  0    -7.18    -8.29   -13.68    -367.4     25.81     -7.31     4.815      53658    0    0    0    0    0
2017  5 28  7  1    -7.23    -8.23   -13.68    -368.4     23.63     -5.97     4.808      56996    0    0    0    0    0
2017  5 28  7  2    -7.23    -8.39   -13.44    -368.7     23.52     -4.91     4.870      58767    0    0    0    0    0
2017  5 28  7  3    -7.21    -8.49   -13.21    -368.3     25.12     -4.94     4.894      57863    0    0    0    1    1
2017  5 28  7  4    -7.32    -8.72   -13.14    -367.3     25.79     -5.29     4.886      57229    0    0    0    1    1
2017  5 28  7  5    -7.50    -8.71   -13.27    -366.3     25.27     -5.56     4.795      57229    0    0    0    1    1
2017  5 28  7  6    -7.60    -7.82   -13.62    -365.9     23.82     -5.72     4.618      54251    0    0    0    1    1
2017  5 28  7  7    -7.55    -7.08   -13.79    -365.4     22.11     -5.94     4.638      46146    0    0    0    0    0
2017  5 28  7  8    -7.56    -6.87   -13.82    -365.4     20.55     -6.02     4.773      48017    0    0    0    0    0
2017  5 28  7  9    -7.35    -7.22   -13.99    -366.0     21.32     -6.21     5.015      56178    0    0    0    0    0
2017  5 28  7 10    -7.32    -7.49   -14.26    -368.0     24.38     -7.28     5.298      50232    0    0    0    0    0
2017  5 28  7 11    -7.30    -7.16   -14.50    -368.2     25.37     -8.69     5.533      45276    0    0    0    0    0
2017  5 28  7 12    -7.25    -6.79   -14.64    -367.9     25.19     -9.78     5.750      43689    0    0    0    0    0
2017  5 28  7 13    -7.24    -6.58   -14.54    -367.4     25.15    -10.35     5.929      42335    0    0    0    0    0
2017  5 28  7 14    -7.29    -6.57   -14.41    -366.9     25.37     -9.69     6.087      42391    0    0    0    0    0
2017  5 28  7 15    -7.37    -6.73   -14.35    -366.4     24.44     -8.43     6.253      42594    0    0    0    0    0
2017  5 28  7 16    -7.49    -7.05   -14.30    -365.5     22.15     -8.21     6.291      42835    0    0    0    0    0
2017  5 28  7 17    -7.50    -7.14   -14.10    -364.6     19.97     -8.01     5.969      42869    0    0    0    0    0
2017  5 28  7 18    -7.21    -7.35   -13.62    -364.1     21.55     -8.14     6.093      43388    0    0    0    1    1
2017  5 28  7 19    -7.16    -7.89   -12.95    -363.6     24.06     -9.45     6.299      49863    0    0    0    1    1
2017  5 28  7 20    -7.42    -9.08   -12.38    -363.4     28.19    -11.78     6.382      50187    0    0    0    1    1
2017  5 28  7 21    -7.69    -9.88   -11.65    -363.1     31.05    -13.77     6.399      50442    0    0    0    1    1
2017  5 28  7 22    -7.93   -10.41   -11.07    -363.7     33.12    -15.10     6.107      53021    0    0    0    1    1
2017  5 28  7 23    -7.95    -9.69   -11.71    -364.6     33.17    -15.56     5.651      55677    0    0    0    1    1
2017  5 28  7 24    -7.95    -8.28   -12.48    -365.0     31.75    -16.81     5.481      56510    0    0    0    1    1
2017  5 28  7 25    -7.98    -7.69   -12.70    -364.6     29.59    -17.82     5.390      57216    0    0    0    1    1
2017  5 28  7 26    -8.27    -7.77   -12.69    -364.1     28.58    -17.74     5.451      57459    0    0    0    1    1
2017  5 28  7 27    -8.27    -8.78   -12.25    -364.1     30.23    -17.08     5.499      57464    0    0    0    1    1
2017  5 28  7 28    -7.96   -10.31   -11.07    -364.9     33.48    -16.75     5.730      57874    0    0    0    1    1
2017  5 28  7 29    -7.66   -11.08   -10.48    -366.3     35.25    -17.58     5.809      60004    0    0    0    1    1
2017  5 28  7 30    -7.57   -11.18   -10.33    -368.0     33.23    -18.81     5.865      70201    0    0    0    1    1
2017  5 28  7 31    -7.54   -11.49    -9.92    -368.9     30.49    -19.08     5.928      77046    0    0    0    1    1
2017  5 28  7 32    -7.61   -11.57    -9.71    -368.7     29.31    -18.89     5.938      77264    0    0    0    1    1
2017  5 28  7 33    -7.81   -11.66    -9.55    -368.4     28.72    -18.76     5.938      72919    0    0    0    1    1
2017  5 28  7 34    -7.97   -11.78    -9.36    -367.8     28.56    -18.67     5.961      68745    0    0    0    1    1
2017  5 28  7 35    -7.99   -11.86    -9.20    -366.9     27.73    -17.12     6.039      67651    0    0    0    1    1
2017  5 28  7 36    -7.80   -11.87    -8.97    -366.0     26.50    -14.67     6.137      67697    0    0    0    1    1
2017  5 28  7 37    -7.39   -11.72    -8.63    -366.4     26.62    -13.93     6.207      67875    0    0    0    1    1
2017  5 28  7 38    -7.28   -11.65    -8.75    -368.7     24.75    -13.90     6.300      68566    0    0    0    1    1
2017  5 28  7 39    -7.52   -11.55    -9.02    -369.6     22.74    -13.73     6.311      68905    0    0    0    1    1
2017  5 28  7 40    -7.60   -11.32    -9.46    -371.0     19.28    -10.39     6.529      62462    0    0    0    1    1
2017  5 28  7 41    -7.47   -10.65    -9.98    -371.2     19.05    -10.07     6.687      62041    0    0    0    1    1
2017  5 28  7 42    -7.42   -10.43   -10.17    -369.0     20.75    -11.52     6.725      62041    0    0    0    1    1
2017  5 28  7 43    -7.45    -9.53   -10.92    -367.7     21.54    -11.99     6.744      60835    0    0    0    1    1
2017  5 28  7 44    -7.57    -8.20   -11.76    -367.0     20.44    -11.74     6.748      58883    0    0    0    1    1
2017  5 28  7 45    -7.72    -7.46   -12.00    -366.0     18.05    -11.52     6.851      57763    0    0    0    1    1
2017  5 28  7 46    -7.90    -7.39   -12.01    -364.6     15.82    -11.10     7.145      57653    0    0    0    1    1
2017  5 28  7 47    -7.75    -7.26   -12.01    -363.7     14.46    -11.14     7.421      57653    0    0    0    1    1
2017  5 28  7 48    -7.69    -7.57   -11.81    -364.1     14.24    -10.35     7.741      57460    0    0    0    0    1
2017  5 28  7 49    -7.80    -8.06   -11.57    -364.8     16.66    -10.54     7.942      55195    0    0    0    0    1
2017  5 28  7 50    -7.50    -8.25   -11.82    -365.0     17.33    -11.22     7.645      55428    0    0    0    1    1
2017  5 28  7 51    -7.36    -8.30   -11.93    -365.1     17.26    -11.30     7.971      57168    0    0    0    1    1
2017  5 28  7 52    -7.36    -7.89   -12.01    -365.3     16.12    -10.21     8.062      58867    0    0    0    1    1
2017  5 28  7 53    -7.30    -7.45   -12.41    -365.7     14.46     -9.05     8.265      60449    0    0    0    0    1
2017  5 28  7 54    -7.12    -7.16   -12.62    -365.8     13.90     -8.78     8.747      61333    0    0    0    0    1
2017  5 28  7 55    -7.21    -6.89   -12.71    -366.8     14.21     -8.72     9.498      66729    0    0    0    0    1
2017  5 28  7 56    -7.15    -6.95   -12.77    -368.5     13.84     -8.76     9.871      74311    0    0    0    0    1
2017  5 28  7 57    -7.15    -7.28   -12.59    -368.6     14.66     -8.91     9.796      70236    0    0    0    0    1
2017  5 28  7 58    -7.02    -7.65   -12.36    -372.0     17.21     -7.67     9.228      59565    0    0    0    0    1
2017  5 28  7 59    -6.87    -7.60   -12.42    -372.4     17.59     -7.73     8.775      59124    0    0    0    0    1
2017  5 28  8  0    -6.62    -7.43   -12.67    -373.5     18.25     -8.38     8.757      57912    0    0    0    0    1
2017  5 28  8  1    -6.54    -7.26   -12.70    -373.0     17.94     -8.62     8.639      55588    0    0    0    0    1
2017  5 28  8  2    -6.64    -7.12   -12.68    -371.9     17.72     -8.66     8.509      55748    0    0    0    0    1
2017  5 28  8  3    -7.16    -7.05   -12.68    -369.2     16.88     -8.35     8.555      57668    0    0    0    0    1
2017  5 28  8  4    -7.40    -6.98   -12.70    -367.6     15.36     -8.21     8.654      58532    0    0    0    0    1
2017  5 28  8  5    -7.19    -7.29   -12.56    -367.9     16.59     -8.90     8.821      58529    0    0    0    0    1
2017  5 28  8  6    -7.00    -7.86   -12.19    -369.4     20.06     -9.66     8.919      57265    0    0    0    0    1
2017  5 28  8  7    -7.08    -7.95   -11.92    -370.2     22.10     -9.95     8.904      55378    0    0    0    0    1
2017  5 28  8  8    -7.01    -7.76   -12.25    -370.4     22.89    -10.19     8.999      54112    0    0    0    0    1
2017  5 28  8  9    -6.78    -7.54   -12.62    -369.9     23.05    -10.54     9.046      53958    0    0    0    0    1
2017  5 28  8 10    -6.70    -7.35   -12.74    -369.6     23.05    -10.57     9.087      54450    0    0    0    0    1
2017  5 28  8 11    -6.93    -7.34   -12.61    -369.3     23.23    -10.50     9.146      55187    0    0    0    0    1
2017  5 28  8 12    -7.02    -7.35   -12.54    -368.9     22.93    -10.14     9.246      55406    0    0    0    0    1
2017  5 28  8 13    -7.20    -6.82   -12.65    -368.2     20.54     -8.54     9.262      54563    0    0    0    0    1
2017  5 28  8 14    -7.38    -6.43   -12.82    -367.7     18.94     -7.47     8.986      53644    0    0    0    0    1
2017  5 28  8 15    -7.42    -6.54   -12.69    -367.4     20.97     -8.46     8.577      53083    0    0    0    0    1
2017  5 28  8 16    -7.50    -7.25   -12.33    -366.9     24.31    -10.11     8.417      52649    0    0    0    0    1
2017  5 28  8 17    -7.66    -7.86   -12.20    -366.0     25.46    -10.89     8.441      52453    0    0    0    0    1
2017  5 28  8 18    -7.75    -6.90   -12.44    -365.4     23.31    -10.54     8.621      53049    0    0    0    0    1
2017  5 28  8 19    -7.71    -6.38   -12.71    -364.9     19.27     -9.43     9.314      55692    0    0    0    0    1
2017  5 28  8 20    -7.39    -6.31   -12.85    -364.2     16.38     -7.39     9.217      56111    0    0    0    0    1
2017  5 28  8 21    -7.39    -6.39   -12.88    -363.9     16.86     -7.35     9.189      56111    0    0    0    0    1
2017  5 28  8 22    -7.59    -7.64   -12.49    -363.5     19.40     -9.29     8.384      54439    0    0    0    0    1
2017  5 28  8 23    -7.87    -9.07   -11.69    -362.7     27.22    -12.30     7.883      52526    0    0    0    0    0
2017  5 28  8 24    -7.86   -10.06   -11.11    -362.5     33.37    -14.60     7.774      51115    0    0    0    0    0
2017  5 28  8 25    -7.81   -10.49   -10.83    -362.4     33.44    -13.21     7.795      49905    0    1    1    1    1
2017  5 28  8 26    -7.71   -10.18   -11.05    -362.7     31.11    -10.62     7.778      48642    0    1    1    1    2
2017  5 28  8 27    -7.51    -8.92   -11.64    -363.0     26.37     -7.39     7.729      48429    0    1    1    1    1
2017  5 28  8 28    -7.42    -8.61   -12.00    -362.9     23.53     -6.06     7.796      48860    0    0    0    0    0
2017  5 28  8 29    -7.41    -8.15   -12.33    -362.5     20.60     -5.24     8.252      49259    0    0    0    0    0
2017  5 28  8 30    -7.42    -8.05   -12.16    -362.9     19.76     -4.77     8.745      49342    0    0    0    0    0
2017  5 28  8 31    -7.58    -8.43   -12.29    -362.7     19.72     -4.83     9.301      49342    0    0    0    0    0
2017  5 28  8 32    -7.61    -8.28   -12.48    -362.4     19.60     -4.42     9.680      51388    0    0    0    0    0
2017  5 28  8 33    -7.68    -8.18   -12.57    -362.1     18.64     -3.84     9.870      52092    0    0    0    0    0
2017  5 28  8 34    -7.78    -8.62   -12.14    -362.0     16.83     -3.35     9.960      52296    0    0    0    0    0
2017  5 28  8 35    -7.72    -8.65   -11.79    -361.5     16.78     -3.77     9.987      54445    0    0    0    0    0
2017  5 28  8 36    -7.70    -8.33   -11.86    -360.5     18.65     -4.83     9.853      55540    0    0    0    0    0
2017  5 28  8 37    -7.93    -7.88   -12.20    -359.7     21.30     -6.72     9.600      51271    0    0    0    0    0
2017  5 28  8 38    -8.33    -7.42   -12.49    -359.4     22.47     -8.37     9.160      44468    0    0    0    0    0
2017  5 28  8 39    -8.47    -7.07   -12.54    -359.4     21.48     -7.88     8.419      43341    0    0    0    0    0
2017  5 28  8 40    -8.46    -6.84   -12.53    -359.4     22.03     -7.45     7.680      42599    0    0    0    0    0
2017  5 28  8 41    -8.45    -6.82   -12.49    -359.5     22.85     -7.47     7.138      42486    0    0    0    0    0
2017  5 28  8 42    -8.42    -6.89   -12.32    -358.9     21.74     -5.50     6.835      40718    0    0    0    0    0
2017  5 28  8 43    -8.43    -7.19   -11.94    -357.5     18.78     -0.75     6.528      36101    0    0    0    0    0
2017  5 28  8 44    -8.50    -7.50   -11.69    -356.6     17.45     -0.84     6.392      31559    0    0    0    0    0
2017  5 28  8 45    -8.55    -8.12   -11.80    -357.7     24.01     -1.40     6.258      28622    0    0    0    0    0
2017  5 28  8 46    -8.47    -9.35   -11.72    -358.9     28.75     -2.77     6.233      29300    0    0    0    0    0
2017  5 28  8 47    -8.31    -9.34   -11.73    -358.9     28.42     -4.24     6.195      33409    0    0    0    0    0
2017  5 28  8 48    -8.24    -9.24   -11.56    -358.7     26.65     -5.52     6.141      39770    0    0    0    0    0
2017  5 28  8 49    -8.49    -9.34   -11.73    -358.6     26.03     -5.18     6.108      40286    0    0    0    0    0
2017  5 28  8 50    -8.59    -8.73   -12.13    -357.8     24.22     -3.90     6.127      39243    0    0    0    0    0
2017  5 28  8 51    -8.58    -8.62   -12.13    -356.1     23.79     -2.78     6.160      33557    0    0    0    0    0
2017  5 28  8 52    -8.54    -8.55   -12.23    -354.3     24.07     -2.36     6.206      28014    0    0    0    0    0
2017  5 28  8 53    -8.47    -8.81   -12.13    -352.7     24.58     -1.43     5.968      23474    0    0    0    0    0
2017  5 28  8 54    -8.35    -9.14   -12.05    -351.3     24.76     -0.13     5.570      20574    0    0    0    0    0
2017  5 28  8 55    -8.17    -8.68   -12.64    -351.3     23.40      0.44     5.636      21020    0    0    0    0    0
2017  5 28  8 56    -8.16    -8.64   -12.70    -351.2     23.03      1.30     5.779      23005    0    0    0    0    0
2017  5 28  8 57    -8.37    -9.00   -12.25    -350.9     22.55      2.17     5.741      22731    0    0    0    0    0
2017  5 28  8 58    -8.47    -8.78   -12.32    -350.1     22.68      2.82     5.715      20930    0    0    0    0    0
2017  5 28  8 59    -9.00    -8.51   -12.32    -350.6     24.05      2.52     5.750      21024    0    0    0    0    0
2017  5 28  9  0    -8.88    -8.28   -12.37    -351.8     23.41      2.30     5.767      22331    0    0    0    0    0
2017  5 28  9  1    -8.60    -8.20   -12.44    -350.9     21.29      2.48     5.920      23280    0    0    0    0    0
2017  5 28  9  2    -8.40    -8.46   -12.42    -348.7     18.59      3.28     6.151      23857    0    0    0    0    0
2017  5 28  9  3    -8.33    -8.53   -12.39    -347.8     16.41      3.93     6.417      24195    0    0    0    0    0
2017  5 28  9  4    -8.32    -8.39   -12.43    -348.9     16.57      4.22     6.689      24512    0    0    0    0    0
2017  5 28  9  5    -8.17    -8.20   -12.76    -351.7     14.73      3.60     6.689      35621    0    0    0    0    0
2017  5 28  9  6    -8.11    -8.08   -12.87    -352.4     12.78      2.13     6.404      43781    0    0    0    0    0
2017  5 28  9  7    -8.14    -7.89   -12.96    -352.0     13.18      1.76     6.288      45257    0    0    0    0    0
2017  5 28  9  8    -8.24    -7.93   -13.00    -350.8     15.71      1.37     6.325      44204    0    0    0    0    0
2017  5 28  9  9    -8.42    -8.19   -12.83    -350.1     19.34      0.29     6.392      36443    0    0    0    0    0
2017  5 28  9 10    -8.44    -8.19   -12.35    -350.4     22.10     -1.96     6.432      37276    0    0    0    0    0
2017  5 28  9 11    -8.41    -7.78   -12.58    -353.1     20.71     -4.55     6.616      48661    0    0    0    0    0
2017  5 28  9 12    -8.24    -7.65   -12.69    -353.3     19.12     -2.26     6.906      45594    0    0    0    0    0
2017  5 28  9 13    -8.08    -7.71   -12.77    -352.4     20.43     -1.73     7.348      42366    0    0    0    0    0
2017  5 28  9 14    -8.08    -7.84   -12.76    -353.9     23.40     -4.65     8.388      44383    0    0    0    0    0
2017  5 28  9 15    -7.85    -8.19   -12.68    -357.7     22.55    -10.10     9.713      60209    0    0    0    0    0
2017  5 28  9 16    -7.77    -8.52   -12.65    -357.8     16.61     -9.69    10.693      66538    0    0    0    0    0
2017  5 28  9 17    -7.77    -8.27   -12.60    -357.2     15.57     -9.90    11.492      69152    0    0    0    0    0
2017  5 28  9 18    -7.85    -8.77   -11.74    -357.3     21.01    -11.63    12.351      69034    0    0    0    0    0
2017  5 28  9 19    -7.87    -9.09   -11.74    -357.4     20.88    -11.53    12.623      67214    0    0    0    0    0
2017  5 28  9 20    -7.84    -9.09   -11.55    -358.9     21.08    -11.73    12.707      65185    0    0    0    0    0
2017  5 28  9 21    -7.74    -9.03   -10.77    -360.2     22.31    -12.73    12.959      66446    0    0    0    0    0
2017  5 28  9 22    -7.74    -8.91   -10.49    -361.0     20.44    -12.75    13.007      67817    0    0    0    0    0
2017  5 28  9 23    -7.77    -9.12   -10.63    -360.9     17.03    -12.08    13.214      64025    0    0    0    0    0
2017  5 28  9 24    -7.83    -8.83   -10.72    -361.6     15.84    -11.04    13.367      61208    0    0    0    0    0
2017  5 28  9 25    -7.85    -8.41   -10.53    -362.8     16.04     -9.85    13.872      63259    0    0    0    0    0
2017  5 28  9 26    -7.02    -8.29   -10.56    -365.4     16.42     -9.31    14.075      67477    0    0    0    0    0
2017  5 28  9 27    -7.01    -8.26   -10.75    -367.0     16.36     -9.13    13.894      65378    0    0    0    0    0
2017  5 28  9 28    -7.13    -8.39   -10.93    -367.1     16.52     -9.08    13.630      62316    0    0    0    0    0
2017  5 28  9 29    -7.17    -8.65   -10.93    -367.2     16.86     -8.96    13.630      62438    0    0    0    0    0
2017  5 28  9 30    -7.31    -8.79   -10.87    -367.1     16.97     -8.76    13.624      64820    0    0    0    0    0
2017  5 28  9 31    -7.59    -8.86   -10.61    -367.0     17.59     -8.78    13.615      67899    0    0    0    0    0
2017  5 28  9 32    -7.69    -8.87   -10.35    -366.9     18.49     -8.89    13.035      63868    0    0    0    0    0
2017  5 28  9 33    -7.65    -9.05   -10.26    -366.0     19.12     -9.58    12.131      56849    0    0    0    0    0
2017  5 28  9 34    -7.57    -9.41   -10.03    -364.0     19.12    -11.33    12.074      54415    0    0    0    0    0
2017  5 28  9 35    -7.53    -9.56    -9.48    -361.6     20.26    -13.45    11.775      54415    0    0    0    0    0
2017  5 28  9 36    -7.46    -9.74    -8.45    -359.9     21.56    -15.60    11.573      54586    0    0    0    0    0
2017  5 28  9 37    -7.39   -10.04    -7.47    -359.3     22.64    -17.06    11.479      54805    0    0    0    0    0
2017  5 28  9 38    -7.06   -10.59    -8.48    -364.2     24.74    -15.99    11.645      56606    0    0    0    0    0
2017  5 28  9 39    -6.68   -10.99    -9.35    -370.8     27.54    -14.54    12.013      58328    0    0    0    0    0
2017  5 28  9 40    -5.93   -10.94    -9.25    -370.2     27.67    -14.27    11.992      55864    0    0    0    0    0
2017  5 28  9 41    -5.80   -11.92    -8.83    -369.7     31.99    -16.14    11.975      55432    0    0    0    0    0
2017  5 28  9 42    -5.90   -12.38    -8.28    -368.9     34.17    -16.94    11.950      56044    0    0    0    0    0
2017  5 28  9 43    -5.98   -12.38    -8.02    -368.0     33.94    -16.55    11.963      56357    0    0    0    0    0
2017  5 28  9 44    -5.86   -12.39    -7.94    -367.4     32.65    -15.69    12.164      56357    0    0    0    0    0
2017  5 28  9 45    -5.69   -12.36    -8.03    -367.0     31.66    -14.99    12.470      56519    0    0    0    0    0
2017  5 28  9 46    -5.76   -12.18    -8.26    -367.1     31.36    -14.47    12.532      56749    0    0    0    0    0
2017  5 28  9 47    -5.81   -12.15    -8.33    -368.4     31.00    -14.32    12.400      56749    0    0    0    0    0
2017  5 28  9 48    -5.71   -12.19    -8.32    -369.4     30.85    -14.39    12.424      57127    0    0    0    0    0
2017  5 28  9 49    -5.66   -12.20    -8.31    -369.5     31.03    -14.43    12.413      57270    0    0    0    0    0
2017  5 28  9 50    -5.36   -12.40    -8.12    -369.5     31.49    -14.81    12.353      57200    0    0    0    0    0
2017  5 28  9 51    -5.27   -12.45    -8.06    -369.1     31.71    -14.91    12.932      57176    0    0    0    0    0
2017  5 28  9 52    -5.47   -12.46    -8.01    -368.7     30.56    -14.55    13.198      57176    0    0    0    0    0
2017  5 28  9 53    -5.61   -12.36    -8.07    -368.6     29.50    -13.44    12.323      55637    0    0    0    0    0
2017  5 28  9 54    -5.65   -12.11    -8.04    -368.7     29.48    -12.97    11.797      52970    0    0    0    0    0
2017  5 28  9 55    -5.99   -12.11    -8.12    -368.6     31.20    -14.98    11.816      51941    0    0    0    0    0
2017  5 28  9 56    -6.21   -12.37    -7.79    -368.9     32.73    -16.34    11.845      52524    0    0    0    0    0
2017  5 28  9 57    -6.13   -12.57    -7.50    -369.1     33.16    -15.54    11.929      53372    0    0    0    0    0
2017  5 28  9 58    -6.04   -12.58    -7.68    -368.7     32.50    -14.99    11.998      53613    0    0    0    0    0
2017  5 28  9 59    -6.02   -12.32    -7.96    -368.3     31.73    -14.85    12.022      53556    0    0    0    0    0
2017  5 28 10  0    -6.06   -12.09    -8.08    -368.1     31.51    -15.21    11.908      52349    0    0    0    0    0
2017  5 28 10  1    -5.97   -12.29    -7.68    -368.0     31.57    -15.89    11.735      51389    0    0    0    0    0
2017  5 28 10  2    -5.82   -12.55    -7.18    -367.5     31.86    -16.24    11.717      51389    0    0    0    0    0
2017  5 28 10  3    -5.79   -12.64    -7.20    -366.5     31.81    -16.07    11.715      50699    0    0    0    0    0
2017  5 28 10  4    -5.87   -12.54    -7.58    -365.7     31.37    -15.67    11.618      49378    0    0    0    0    0
2017  5 28 10  5    -6.01   -12.29    -7.47    -366.3     32.41    -16.03    11.778      49309    0    0    0    0    0
2017  5 28 10  6    -5.82   -12.46    -7.20    -367.7     33.25    -16.55    12.204      49149    0    0    0    0    0
2017  5 28 10  7    -5.58   -12.49    -7.17    -367.3     32.22    -15.75    12.317      49149    0    0    0    0    0
2017  5 28 10  8    -6.04   -11.95    -7.35    -365.3     28.96    -13.67    12.402      49856    0    0    0    0    0
2017  5 28 10  9    -7.28   -10.45    -7.86    -361.3     23.72    -10.77    12.564      51700    0    0    0    0    0
2017  5 28 10 10    -8.44    -9.05    -8.40    -357.9     19.25     -8.31    12.717      53362    0    0    0    0    0
2017  5 28 10 11    -9.00    -8.35    -9.01    -357.7     19.27     -8.31    12.810      53918    0    0    0    0    0
2017  5 28 10 12    -8.76    -8.68    -9.08    -357.9     20.67     -8.56    12.792      53848    0    0    0    0    0
2017  5 28 10 13    -8.46    -9.23    -8.81    -358.9     22.99    -10.14    12.676      53448    0    0    0    0    0
2017  5 28 10 14    -8.40    -9.72    -8.22    -360.6     24.46    -11.21    12.652      52870    0    0    0    0    0
2017  5 28 10 15    -8.39    -9.80    -8.24    -360.0     24.15    -11.19    12.580      52238    0    0    0    0    0
2017  5 28 10 16    -8.44    -9.65    -8.42    -358.4     23.64    -10.74    12.668      51673    0    0    0    0    0
2017  5 28 10 17    -8.65    -9.04    -8.63    -357.2     23.27     -9.67    13.263      50153    0    1    1    0    0
2017  5 28 10 18    -9.43    -7.91    -9.05    -359.8     22.32     -9.25    12.501      50358    0    1    1    0    0
2017  5 28 10 19    -9.01    -8.08    -9.04    -360.0     21.10     -8.97    12.450      51262    0    1    1    0    0
2017  5 28 10 20    -8.43    -8.57    -9.04    -359.1     19.82     -8.96    13.140      52045    0    1    1    0    0
2017  5 28 10 21    -8.18    -8.81    -8.97    -357.9     18.88     -8.64    13.198      52045    0    0    0    0    0
2017  5 28 10 22    -8.12    -8.79    -8.58    -356.9     18.62     -8.67    13.256      52045    0    0    0    0    0
2017  5 28 10 23    -8.08    -9.03    -8.58    -356.2     18.59    -10.25    13.617      52868    0    0    0    0    0
2017  5 28 10 24    -8.16   -10.10    -7.69    -356.0     19.68    -12.91    13.769      53458    0    0    0    0    0
2017  5 28 10 25    -8.14   -10.66    -7.29    -356.6     22.06    -14.89    13.802      54012    0    0    0    0    0
2017  5 28 10 26    -8.07   -10.65    -7.54    -357.0     23.06    -15.79    13.803      54030    0    0    0    0    0
2017  5 28 10 27    -8.04   -10.63    -7.67    -357.1     23.21    -15.62    13.797      54017    0    0    0    0    0
2017  5 28 10 28    -7.88   -10.65    -7.62    -357.9     23.82    -14.94    13.614      53660    0    0    0    0    0
2017  5 28 10 29    -7.85   -10.63    -7.60    -357.9     23.63    -14.30    13.451      53983    0    0    0    0    0
2017  5 28 10 30    -7.75   -10.45    -7.60    -356.6     21.97    -13.74    13.416      55597    0    0    0    0    0
2017  5 28 10 31    -8.30   -10.31    -7.60    -356.9     22.59    -13.27    13.414      55678    0    0    0    0    0
2017  5 28 10 32    -7.77   -10.54    -7.57    -357.1     23.96    -13.71    12.425      55304    0    0    0    0    0
2017  5 28 10 33    -7.39   -11.40    -6.92    -358.5     26.63    -14.29    12.321      51531    0    0    0    0    0
2017  5 28 10 34    -7.11   -11.67    -6.75    -360.1     28.64    -14.53    12.190      49365    0    0    0    0    0
2017  5 28 10 35    -6.97   -11.89    -6.69    -361.2     29.47    -14.89    12.213      50013    0    0    0    0    0
2017  5 28 10 36    -6.90   -11.96    -6.67    -361.6     30.21    -15.60    12.243      50432    0    0    0    0    0
2017  5 28 10 37    -6.65   -12.07    -6.51    -362.2     30.34    -15.94    12.112      49115    0    0    0    0    0
2017  5 28 10 38    -6.74   -12.15    -6.46    -362.3     29.78    -15.52    12.065      48666    0    0    0    0    0
2017  5 28 10 39    -6.87   -12.21    -6.38    -362.2     29.15    -15.30    12.044      49107    0    0    0    0    0
2017  5 28 10 40    -6.77   -12.25    -6.12    -362.6     29.74    -17.01    12.118      50843    0    0    0    0    0
2017  5 28 10 41    -6.49   -12.24    -6.05    -362.6     30.37    -17.54    12.092      51232    0    0    0    0    0
2017  5 28 10 42    -6.38   -12.15    -6.15    -361.4     30.00    -16.28    11.957      48665    0    0    0    0    0
2017  5 28 10 43    -6.69   -12.01    -6.49    -360.4     29.18    -15.18    11.933      47275    0    0    0    0    0
2017  5 28 10 44    -7.07   -11.93    -6.77    -359.8     28.65    -14.46    11.989      47618    0    0    0    0    0
2017  5 28 10 45    -7.13   -11.95    -6.66    -359.5     28.77    -13.50    11.911      48102    0    0    0    0    0
2017  5 28 10 46    -7.05   -12.00    -6.36    -359.7     29.14    -12.22    11.664      48102    0    0    0    0    0
2017  5 28 10 47    -6.96   -12.14    -6.02    -359.9     29.44    -10.79    11.567      48537    0    0    0    0    0
2017  5 28 10 48    -6.78   -12.35    -5.70    -359.9     28.66     -9.45    11.654      49142    0    0    0    0    0
2017  5 28 10 49    -6.38   -12.76    -5.25    -360.0     26.96     -8.83    11.800      49226    0    0    0    0    0
2017  5 28 10 50    -5.96   -13.07    -4.76    -360.1     26.09     -8.69    11.939      49725    0    0    0    0    0
2017  5 28 10 51    -5.88   -12.63    -5.27    -359.8     25.75     -8.71    11.997      50263    0    0    0    0    0
2017  5 28 10 52    -6.15   -11.78    -6.46    -359.1     25.99     -9.16    11.988      50577    0    0    0    0    0
2017  5 28 10 53    -6.63   -11.08    -7.46    -358.1     27.46    -10.63    11.944      51264    0    0    0    0    0
2017  5 28 10 54    -7.05   -10.88    -7.88    -357.4     27.84    -12.85    11.842      51390    0    0    0    0    0
2017  5 28 10 55    -7.22   -10.82    -7.87    -357.3     26.43    -14.06    11.861      53801    0    0    0    0    0
2017  5 28 10 56    -7.28   -10.65    -7.47    -359.0     16.98    -22.74    12.687      73599    0    0    0    0    0
2017  5 28 10 57    -7.46   -10.22    -6.88    -360.4      4.35    -31.38    13.950      83189    0    0    0    0    0
2017  5 28 10 58    -7.62   -10.15    -6.85    -360.5      5.04    -35.70    14.201      82146    0    0    0    0    0
2017  5 28 10 59    -7.47   -10.20    -7.62    -360.6      8.70    -34.44    14.309      80159    0    0    0    0    0
2017  5 28 11  0    -7.23   -10.12    -8.54    -360.3     15.26    -32.75    14.120      73296    0    0    0    0    0
2017  5 28 11  1    -7.05    -9.98    -8.80    -359.9     19.73    -33.02    13.913      66790    0    0    0    0    0
2017  5 28 11  2    -6.92   -10.37    -8.28    -360.8     14.16    -33.44    14.132      72232    0    0    0    0    0
2017  5 28 11  3    -6.92   -11.44    -6.14    -361.9      9.40    -36.38    14.311      76665    0    0    0    0    0
2017  5 28 11  4    -6.97   -11.85    -4.60    -362.8     11.14    -38.70    14.311      75888    0    0    0    0    0
2017  5 28 11  5    -6.98   -11.97    -3.79    -363.0     21.18    -34.33    14.586      75170    0    0    0    0    0
2017  5 28 11  6    -7.01   -11.66    -4.90    -365.0     21.39    -26.94    14.939      74787    0    0    0    0    0
2017  5 28 11  7    -7.21   -11.40    -5.44    -366.4     13.83    -21.79    15.123      75993    0    0    0    0    0
2017  5 28 11  8    -7.05   -11.26    -5.11    -366.7     10.90    -22.28    15.369      78472    0    0    0    0    0
2017  5 28 11  9    -6.96   -11.16    -5.01    -366.4     13.51    -26.15    15.394      74877    0    0    0    0    0
2017  5 28 11 10    -7.08   -10.94    -4.97    -365.9     14.26    -30.80    15.347      67328    0    0    0    0    0
2017  5 28 11 11    -7.32   -10.94    -4.79    -364.9     14.41    -31.45    15.096      67346    0    0    0    0    0
2017  5 28 11 12    -7.63   -11.22    -4.47    -364.2     12.67    -31.28    14.260      67478    0    0    0    0    0
2017  5 28 11 13    -6.54   -11.67    -4.06    -364.0     14.57    -30.07    14.307      67478    0    0    0    0    0
2017  5 28 11 14    -6.80   -11.76    -3.95    -363.6     13.04    -28.73    14.279      67128    0    0    0    0    0
2017  5 28 11 15    -7.15   -11.75    -3.57    -363.0     12.11    -23.47    14.085      62641    0    0    0    0    0
2017  5 28 11 16    -7.54   -11.17    -4.36    -363.0     10.61    -21.28    14.028      61923    0    0    0    0    0
2017  5 28 11 17    -7.52   -11.43    -3.10    -365.7      5.50    -20.14    14.053      61714    0    0    0    0    0
2017  5 28 11 18    -7.25   -11.76    -3.46    -365.8      5.07    -17.24    14.093      60764    0    0    0    0    0
2017  5 28 11 19    -7.05   -11.01    -4.71    -364.7      7.23    -15.41    13.822      59944    0    0    0    0    0
2017  5 28 11 20    -7.02   -10.83    -5.02    -364.5      7.74    -15.38    13.749      60061    0    0    0    0    0
2017  5 28 11 21    -7.08   -11.12    -4.84    -364.7      6.48    -16.55    13.816      62470    0    0    0    0    0
2017  5 28 11 22    -7.35   -11.55    -4.08    -365.0      7.84    -16.87    14.128      69536    0    0    0    0    0
2017  5 28 11 23    -7.48   -11.60    -2.40    -364.7      8.40    -17.02    14.131      70171    0    0    0    0    0
2017  5 28 11 24    -7.65   -11.33    -2.59    -363.8      7.40    -17.01    13.858      72683    0    0    0    0    0
2017  5 28 11 25    -7.59   -11.06    -4.18    -362.5     10.41    -16.55    13.690      72767    0    0    0    0    0
2017  5 28 11 26    -7.51   -10.75    -4.76    -362.0     15.17    -16.14    13.493      69253    0    0    0    0    0
2017  5 28 11 27    -7.32   -10.62    -4.82    -362.0     19.08    -16.02    13.436      67925    0    0    0    0    0
2017  5 28 11 28    -7.20   -11.13    -4.34    -362.5     20.79    -16.52    13.893      71534    0    0    0    0    0
2017  5 28 11 29    -7.19   -11.27    -4.21    -364.0     21.58    -18.19    14.028      72541    0    0    0    0    0
2017  5 28 11 30    -6.98   -11.45    -3.77    -364.7     19.94    -18.28    13.843      71530    0    0    0    0    0
2017  5 28 11 31    -7.12   -10.52    -4.90    -363.3     16.39    -16.64    13.569      70905    0    0    0    0    0
2017  5 28 11 32    -7.88    -9.96    -5.64    -362.0     14.48    -16.46    13.341      70267    0    0    0    0    0
2017  5 28 11 33    -8.15    -9.65    -5.98    -361.5     13.42    -16.48    12.808      63628    0    0    0    0    0
2017  5 28 11 34    -7.96    -9.63    -6.44    -361.4     13.34    -16.48    12.104      60332    0    0    0    0    0
2017  5 28 11 35    -7.82    -9.70    -6.57    -362.0     13.14    -16.94    11.432      60973    0    0    0    0    0
2017  5 28 11 36    -7.75   -10.46    -4.92    -364.1     10.51    -17.81    11.291      70795    0    0    0    0    0
2017  5 28 11 37    -7.81   -10.84    -3.98    -364.2      9.93    -17.54    11.796      70701    0    0    0    0    0
2017  5 28 11 38    -7.79   -10.85    -4.19    -363.0     10.51    -16.42    10.388      68821    0    0    0    0    0
2017  5 28 11 39    -7.76   -11.00    -4.58    -362.1     11.40    -16.01    10.066      68229    0    0    0    0    0
2017  5 28 11 40    -7.54   -11.10    -4.80    -361.7     12.21    -15.88     9.995      67868    0    0    0    0    0
2017  5 28 11 41    -7.33   -11.09    -4.84    -361.0     13.78    -17.26     9.976      64613    0    0    0    0    0
2017  5 28 11 42    -7.24   -11.19    -4.55    -360.3     15.75    -19.40    10.006      59907    0    0    0    0    0
2017  5 28 11 43    -7.27   -11.33    -4.00    -359.9     15.97    -20.48    10.137      57259    0    0    0    0    0
2017  5 28 11 44    -7.38   -11.36    -3.62    -359.6     14.24    -19.11    10.361      57609    0    0    0    0    0
2017  5 28 11 45    -7.74   -11.08    -3.89    -359.6     12.88    -16.25    10.499      58689    0    0    0    0    0
2017  5 28 11 46    -8.46   -11.11    -4.14    -360.8     10.04    -15.03    10.248      67643    0    0    0    0    0
2017  5 28 11 47    -8.60   -11.29    -3.95    -362.0      8.73    -15.80     9.553      73971    0    0    0    0    0
2017  5 28 11 48    -8.51   -11.21    -4.22    -362.2      7.95    -13.76     9.628      77441    0    0    0    0    0
2017  5 28 11 49    -8.53   -10.93    -4.58    -361.5      8.04    -12.71     9.403      78597    0    0    0    0    0
2017  5 28 11 50    -8.72   -10.98    -4.65    -362.3      2.13    -14.30     8.944      88765    0    0    0    0    0
2017  5 28 11 51    -8.95   -11.10    -4.87    -362.9     -3.23    -17.00     8.735      91788    0    0    0    0    0
2017  5 28 11 52    -8.94   -11.11    -4.68    -361.7     -2.91    -17.55     8.595      86748    0    0    0    0    0
2017  5 28 11 53    -8.88   -11.11    -4.28    -361.0     -0.26    -17.63     8.425      76553    0    0    0    0    0
2017  5 28 11 54    -8.95   -10.94    -3.41    -368.7     -4.99    -23.51     8.035      71035    0    0    0    0    0
2017  5 28 11 55    -8.96   -11.04    -3.25    -368.6     -2.12    -18.98     8.303      70876    0    0    0    0    0
2017  5 28 11 56    -8.60   -11.11    -3.72    -368.7     -0.02    -15.90     8.523      70783    0    0    0    0    0
2017  5 28 11 57    -8.43   -11.01    -3.96    -369.0     -2.21    -18.44     8.532      83127    0    0    0    0    0
2017  5 28 11 58    -8.57   -11.06    -3.90    -368.9     -5.91    -19.78     8.524      93921    0    0    0    0    0
2017  5 28 11 59    -8.67   -11.03    -3.86    -368.0     -8.38    -19.61     8.588     100327    0    0    0    0    0
2017  5 28 12  0    -8.89   -10.86    -3.82    -367.0    -10.06    -20.91     8.670     107629    0    0    0    0    0
2017  5 28 12  1    -9.16   -10.72    -3.84    -366.4    -11.52    -23.20     8.724     113750    0    0    0    0    0
2017  5 28 12  2    -9.09   -10.81    -4.01    -365.6    -12.71    -23.71     8.885     114959    0    0    0    0    0
2017  5 28 12  3    -8.75   -11.12    -3.94    -365.6    -11.69    -23.01     9.417     110975    0    0    0    0    0
2017  5 28 12  4    -8.48   -11.14    -4.14    -368.6     -6.57    -21.21     9.658      97598    0    0    0    0    0
2017  5 28 12  5    -8.49   -11.13    -4.29    -369.6    -10.95    -22.76     9.351     101997    0    0    0    0    0
2017  5 28 12  6    -8.71   -11.11    -4.41    -368.2    -12.58    -23.18     9.206     103435    0    0    0    0    0
2017  5 28 12  7    -8.91   -10.96    -4.40    -367.3    -12.39    -22.15     9.066     103315    0    0    0    0    0
2017  5 28 12  8    -8.95   -10.80    -4.29    -368.5     -8.59    -19.16     9.100      97781    0    0    0    0    0
2017  5 28 12  9    -8.72   -10.95    -4.29    -371.2      3.39    -14.22     9.519      86181    0    0    0    0    0
2017  5 28 12 10    -8.63   -11.17    -4.09    -371.6      7.54    -12.37     9.536      71931    0    0    0    0    0
2017  5 28 12 11    -8.04   -11.59    -4.23    -371.6      9.78    -11.74     9.786      71944    0    0    0    0    0
2017  5 28 12 12    -7.90   -11.65    -5.05    -371.8     16.32    -11.25     9.924      72750    0    0    0    0    0
2017  5 28 12 13    -7.93   -11.64    -4.86    -370.5     17.63    -12.74    10.017      73490    0    0    0    0    0
2017  5 28 12 14    -7.95   -11.40    -4.33    -369.5     16.64    -12.49     9.918      74269    0    0    0    0    0
2017  5 28 12 15    -7.62   -11.29    -4.15    -369.2     14.77    -12.29     9.853      74505    0    0    0    0    0
2017  5 28 12 16    -6.73   -11.35    -4.17    -369.1     15.90    -12.00     9.617      72558    0    0    0    0    0
2017  5 28 12 17    -6.66   -11.77    -4.18    -368.2     18.01    -12.35     9.507      71698    0    0    0    0    0
2017  5 28 12 18    -7.18   -11.97    -4.14    -367.8     19.48    -13.06     9.567      73061    0    0    0    0    0
2017  5 28 12 19    -7.67   -11.85    -3.69    -368.1     19.63    -13.60     9.735      79373    0    0    0    0    0
2017  5 28 12 20    -7.74   -11.82    -3.33    -369.4     19.27    -14.68     9.830      90117    0    0    0    0    0
2017  5 28 12 21    -7.88   -11.81    -3.32    -369.8     16.53    -17.56     9.683     103231    0    0    0    0    0
2017  5 28 12 22    -7.77   -11.81    -3.28    -369.6     12.26    -20.44     9.680     106412    0    0    0    0    0
2017  5 28 12 23    -7.19   -12.68    -3.24    -371.3      8.76    -22.59     9.253     106568    0    0    0    0    0
2017  5 28 12 24    -7.16   -12.80    -2.75    -372.2      7.97    -23.60     9.095     101123    0    0    0    0    0
2017  5 28 12 25    -7.35   -12.67    -2.72    -373.0      6.05    -24.64     9.304     102817    0    0    0    0    0
2017  5 28 12 26    -7.99   -12.19    -2.97    -371.8      2.27    -28.20     9.517     109255    0    0    0    0    0
2017  5 28 12 27    -7.94   -12.19    -2.55    -371.7     -0.41    -28.55     9.526     107537    0    0    0    0    0
2017  5 28 12 28    -7.87   -12.25    -2.81    -371.8      4.84    -19.48     9.219      58598    0    0    0    0    0
2017  5 28 12 29    -7.91   -12.35    -2.58    -373.1     -1.75    -20.20     8.625      58698    0    1    1    1    1
2017  5 28 12 30    -7.88   -12.35    -2.59    -374.0     -5.00    -22.06     8.901      59205    0    1    1    1    2
2017  5 28 12 31    -7.63   -12.34    -2.83    -373.5     -4.89    -22.64     9.428      59624    0    1    1    1    1
2017  5 28 12 32    -7.75   -12.33    -2.79    -372.2     -3.66    -22.51     9.446      61772    0    0    0    0    0
2017  5 28 12 33    -7.78   -12.23    -2.48    -370.7     -2.50    -22.80     9.205      77379    0    0    0    0    0
2017  5 28 12 34    -6.93   -12.28    -2.44    -372.0     -2.40    -23.67     9.064      78916    0    0    0    0    0
2017  5 28 12 35    -6.79   -12.77    -2.37    -372.6     -1.86    -24.15     8.872      75454    0    0    0    0    0
2017  5 28 12 36    -6.78   -12.73    -2.16    -370.9     -0.13    -23.86     8.862      75218    0    0    0    0    0
2017  5 28 12 37    -7.27   -12.61    -3.05    -370.4      2.73    -21.88     8.784      74938    0    0    0    0    0
2017  5 28 12 38    -6.84   -12.52    -3.32    -369.9      6.35    -18.63     8.582      69300    0    0    0    0    0
2017  5 28 12 39    -6.66   -12.56    -3.60    -368.0      9.09    -17.05     8.401      67874    0    0    0    0    0
2017  5 28 12 40    -6.84   -12.59    -3.82    -366.0     11.59    -16.07     8.303      67874    0    0    0    0    0
2017  5 28 12 41    -7.40   -12.55    -3.86    -364.7     14.09    -15.27     8.341      67665    0    0    0    0    0
2017  5 28 12 42    -7.43   -12.50    -3.85    -364.5     15.82    -14.79     8.383      65677    0    0    0    0    0
2017  5 28 12 43    -7.45   -12.53    -3.70    -366.5     12.29    -15.02     8.345      69148    0    0    0    0    0
2017  5 28 12 44    -6.96   -12.78    -3.78    -367.5     12.09    -15.87     8.322      75872    0    0    0    0    0
2017  5 28 12 45    -6.24   -13.08    -3.84    -368.3     15.47    -16.38     8.363      75470    0    0    0    0    0
2017  5 28 12 46    -6.08   -13.17    -3.72    -368.2     17.55    -17.08     8.498      72217    0    0    0    0    0
2017  5 28 12 47    -6.91   -12.79    -3.30    -369.2     19.04    -18.22     8.333      70036    0    0    0    0    0
2017  5 28 12 48    -7.25   -12.64    -3.15    -368.6     17.99    -18.68     8.299      68396    0    0    0    0    0
2017  5 28 12 49    -7.47   -12.42    -2.89    -367.8     14.72    -18.86     8.341      67405    0    0    0    0    0
2017  5 28 12 50    -8.02   -11.98    -2.77    -367.5      9.39    -19.48     8.387      66246    0    0    0    0    0
2017  5 28 12 51    -8.06   -11.98    -2.80    -367.2      3.79    -20.25     8.432      64974    0    0    0    0    0
2017  5 28 12 52    -7.78   -12.27    -2.65    -366.9      0.44    -20.65     8.398      66306    0    0    0    0    0
2017  5 28 12 53    -8.04   -12.17    -2.80    -366.7      0.31    -20.20     8.313      69674    0    0    0    0    0
2017  5 28 12 54    -7.90   -12.23    -3.17    -367.2      1.44    -18.43     8.253      72823    0    0    0    0    0
2017  5 28 12 55    -7.68   -12.30    -3.33    -367.2      2.66    -17.38     8.296      74036    0    0    0    0    0
2017  5 28 12 56    -7.61   -12.26    -3.52    -366.7      2.81    -16.86     8.377      74854    0    0    0    0    0
2017  5 28 12 57    -7.57   -12.13    -3.83    -366.4      2.00    -17.48     8.439      76293    0    0    0    0    0
2017  5 28 12 58    -7.70   -12.02    -3.69    -366.5     -0.25    -19.14     8.484      80073    0    0    0    0    0
2017  5 28 12 59    -7.99   -12.03    -3.39    -366.5     -1.59    -19.73     8.323      86790    0    0    0    0    0
2017  5 28 13  0    -8.08   -12.06    -3.16    -366.1     -0.17    -19.26     7.703      86792    0    0    0    0    0
2017  5 28 13  1    -8.08   -12.09    -3.16    -366.2      2.10    -17.24     6.586      80970    0    0    0    0    0
2017  5 28 13  2    -8.11   -12.02    -3.13    -365.3      2.29    -14.96     6.192      65657    0    0    0    0    0
2017  5 28 13  3    -8.22   -11.71    -3.30    -364.5      0.17    -14.25     6.095      59389    0    0    0    0    0
2017  5 28 13  4    -8.22   -11.71    -3.51    -363.1     -0.33    -14.07     6.095      57966    0    0    0    0    0
2017  5 28 13  5    -8.14   -11.64    -3.98    -361.2      5.93    -12.92     6.272      57753    0    0    0    0    0
2017  5 28 13  6    -7.96   -11.73    -4.40    -359.6     12.81    -12.26     6.498      57753    0    0    0    0    0
2017  5 28 13  7    -7.78   -11.97    -4.51    -359.0     17.13    -12.40     6.711      59474    0    0    0    0    0
2017  5 28 13  8    -7.81   -12.07    -4.18    -359.4     15.35    -11.21     7.259      65105    0    0    0    0    0
2017  5 28 13  9    -7.82   -12.21    -4.00    -360.0     12.31     -7.17     8.048      68266    0    0    0    0    0
2017  5 28 13 10    -7.86   -12.19    -4.04    -360.4     12.44     -4.75     8.085      67058    0    0    0    0    0
2017  5 28 13 11    -7.96   -12.05    -4.06    -360.9     12.70     -6.35     8.169      65850    0    0    0    0    0
2017  5 28 13 12    -7.98   -12.01    -3.88    -361.9     11.59     -9.96     8.330      69230    0    0    0    0    0
2017  5 28 13 13    -7.99   -11.90    -3.73    -365.3      9.34    -17.35     8.314      72001    0    0    0    0    0
2017  5 28 13 14    -8.20   -11.90    -3.71    -365.9      8.99    -18.03     7.829      74235    0    0    0    0    0
2017  5 28 13 15    -8.24   -11.85    -3.33    -364.6     10.29    -18.61     7.448      78132    0    0    0    0    0
2017  5 28 13 16    -8.62   -11.84    -2.94    -363.0     11.49    -17.63     7.162      81579    0    0    0    0    0
2017  5 28 13 17    -8.69   -11.83    -3.22    -361.7     12.19    -16.66     6.982      82211    0    0    0    0    0
2017  5 28 13 18    -8.69   -11.60    -4.05    -361.1     13.24    -12.25     6.907      73673    0    0    0    0    0
2017  5 28 13 19    -8.45   -11.39    -5.61    -361.0     13.94     -6.55     6.869      59589    0    0    0    0    0
2017  5 28 13 20    -8.31   -11.34    -6.40    -360.3     13.76     -4.65     6.795      53541    0    0    0    0    0
2017  5 28 13 21    -8.25   -11.34    -6.23    -359.3     13.37     -6.52     6.664      54379    0    0    0    0    0
2017  5 28 13 22    -8.10   -11.33    -5.62    -358.7     12.54    -10.45     6.504      55917    0    0    0    0    0
2017  5 28 13 23    -8.21   -11.48    -5.05    -359.2     10.49    -13.98     6.492      54062    0    0    0    0    0
2017  5 28 13 24    -8.34   -11.87    -5.63    -360.9     10.74    -14.77     6.748      48925    0    0    0    0    0
2017  5 28 13 25    -8.36   -11.78    -5.53    -360.1     12.77    -13.98     6.916      47184    0    0    0    0    0
2017  5 28 13 26    -8.41   -11.59    -5.37    -358.5     15.17    -13.31     6.946      46481    0    0    0    0    0
2017  5 28 13 27    -8.43   -11.45    -5.25    -357.5     17.12    -12.00     6.799      46481    0    0    0    0    0
2017  5 28 13 28    -8.31   -11.50    -5.76    -357.3     17.68    -11.36     6.625      46610    0    0    0    0    0
2017  5 28 13 29    -8.31   -11.51    -5.76    -356.7     17.83    -11.67     6.592      48547    0    0    0    0    0
2017  5 28 13 30    -8.50   -11.66    -5.24    -356.4     17.94    -11.78     6.575      48579    0    0    0    0    0
2017  5 28 13 31    -8.63   -11.64    -5.28    -356.2     17.99    -12.14     6.698      48579    0    0    0    0    0
2017  5 28 13 32    -8.67   -11.52    -5.39    -356.2     17.16    -12.28     6.960      51488    0    0    0    0    0
2017  5 28 13 33    -8.71   -11.44    -5.40    -356.1     16.83    -12.14     7.082      52694    0    0    0    0    0
2017  5 28 13 34    -8.73   -11.51    -5.50    -357.6     16.86    -11.89     7.134      55100    0    0    0    0    0
2017  5 28 13 35    -8.27   -11.74    -5.26    -358.5     16.90    -12.25     7.176      55532    0    0    0    0    0
2017  5 28 13 36    -8.27   -11.78    -5.29    -359.9     17.15    -12.92     7.096      56986    0    0    0    0    0
2017  5 28 13 37    -8.19   -11.78    -5.29    -360.2     17.17    -13.98     6.871      56986    0    0    0    0    0
2017  5 28 13 38    -8.16   -11.79    -5.31    -359.5     14.51    -16.58     6.740      66870    0    0    0    0    0
2017  5 28 13 39    -8.25   -11.81    -5.14    -358.6     10.13    -19.85     6.733      83217    0    0    0    0    0
2017  5 28 13 40    -8.25   -11.80    -4.76    -357.8      9.44    -20.18     6.793      82679    0    0    0    0    0
2017  5 28 13 41    -8.22   -11.82    -4.68    -356.5      9.11    -20.39     6.868      79448    0    0    0    0    0
2017  5 28 13 42    -8.10   -11.85    -4.81    -355.7      9.31    -20.61     7.187      77826    0    0    0    0    0
2017  5 28 13 43    -7.95   -11.84    -4.74    -355.7     11.96    -20.58     7.471      76144    0    0    0    0    0
2017  5 28 13 44    -7.92   -11.79    -4.75    -358.3     13.69    -23.06     8.641      69242    0    0    0    0    0
2017  5 28 13 45    -7.92   -11.79    -5.10    -358.8     11.71    -28.54     8.539      72670    0    0    0    0    0
2017  5 28 13 46    -8.06   -11.77    -5.08    -358.9      6.75    -30.74     8.454      82412    0    0    0    0    0
2017  5 28 13 47    -8.36   -11.67    -4.53    -358.6      2.65    -29.53     8.469      83315    0    0    0    0    0
2017  5 28 13 48    -8.55   -11.65    -4.22    -358.4      2.28    -27.78     8.159      75303    0    0    0    0    0
2017  5 28 13 49    -8.49   -11.58    -4.48    -357.3      4.95    -25.48     7.179      47681    0    0    0    0    0
2017  5 28 13 50    -8.39   -11.49    -5.09    -356.7      6.44    -18.23     7.001      46676    0    0    0    0    0
2017  5 28 13 51    -8.34   -11.32    -5.32    -356.2      7.40    -14.77     6.844      45638    0    0    0    0    0
2017  5 28 13 52    -8.46   -11.32    -5.47    -356.3      7.25    -14.02     6.686      43485    0    0    0    0    0
2017  5 28 13 53    -8.58   -11.34    -5.41    -356.9      6.76    -14.11     6.661      42279    0    0    0    0    0
2017  5 28 13 54    -9.13   -11.62    -5.06    -364.5     -4.37    -22.07     6.733      43548    0    0    0    0    0
2017  5 28 13 55    -9.02   -11.78    -4.57    -365.6     -2.54    -22.52     6.858      45369    0    0    0    0    0
2017  5 28 13 56    -8.76   -12.06    -3.67    -365.2      2.07    -20.46     7.023      47979    0    0    0    0    0
2017  5 28 13 57    -8.57   -12.11    -4.02    -363.4      6.55    -19.52     7.223      47979    0    0    0    0    0
2017  5 28 13 58    -8.48   -12.06    -4.05    -361.2     10.25    -18.51     7.282      46679    0    0    0    0    0
2017  5 28 13 59    -8.44   -11.89    -4.38    -359.1     12.56    -16.88     7.178      45684    0    0    0    0    0
2017  5 28 14  0    -8.45   -11.62    -5.09    -357.5     12.90    -14.40     6.894      45357    0    0    0    0    0
2017  5 28 14  1    -8.52   -11.70    -5.12    -359.0     12.37    -11.77     6.931      45618    0    0    0    0    0
2017  5 28 14  2    -8.57   -11.76    -5.11    -363.0     14.37    -10.94     6.598      46226    0    0    0    0    0
2017  5 28 14  3    -8.71   -11.63    -5.08    -363.9     12.80    -13.68     6.156      44830    0    0    0    0    0
2017  5 28 14  4    -8.80   -11.62    -4.70    -363.9      9.90    -15.81     6.149      44803    0    0    0    0    0
2017  5 28 14  5    -8.97   -11.63    -4.69    -362.7      9.47    -16.17     6.149      44803    0    0    0    0    0
2017  5 28 14  6    -9.09   -11.57    -4.68    -362.2      9.59    -16.32     6.909      45843    0    0    0    0    0
2017  5 28 14  7    -8.45   -12.13    -4.80    -362.7     12.12    -18.00     7.064      48745    0    0    0    0    0
2017  5 28 14  8    -8.27   -12.65    -4.49    -363.3     13.37    -18.81     7.136      54554    0    0    0    0    0
2017  5 28 14  9    -8.28   -12.60    -4.31    -364.9     10.95    -18.80     7.123      61685    0    0    0    0    0
2017  5 28 14 10    -8.40   -12.36    -4.48    -363.4     10.30    -18.46     7.053      61685    0    0    0    0    0
2017  5 28 14 11    -8.65   -12.24    -4.50    -361.0      9.80    -20.06     6.956      51818    0    0    0    0    0
2017  5 28 14 12    -8.87   -12.14    -4.41    -358.9      9.26    -21.33     6.906      44558    0    0    0    0    0
2017  5 28 14 13    -9.00   -12.10    -4.21    -357.6      8.72    -21.45     6.973      44558    0    0    0    0    0
2017  5 28 14 14    -9.15   -12.34    -4.35    -356.1      8.57    -21.39     7.200      44558    0    0    0    0    0
2017  5 28 14 15    -9.30   -12.31    -4.18    -354.8      8.25    -19.69     6.754      42436    0    0    0    0    0
2017  5 28 14 16    -9.37   -12.02    -4.05    -355.3      7.97    -19.60     6.625      41580    0    0    0    0    0
2017  5 28 14 17    -9.26   -11.95    -3.88    -356.5      7.39    -19.94     6.642      45458    0    0    0    0    0
2017  5 28 14 18    -9.15   -12.18    -3.87    -356.5      8.58    -19.10     6.892      46187    0    0    0    0    0
2017  5 28 14 19    -9.18   -12.09    -3.87    -356.9     10.53    -18.20     7.149      46733    0    0    0    0    0
2017  5 28 14 20    -9.38   -12.36    -4.25    -358.6     10.15    -19.68     7.005      48067    0    0    0    0    0
2017  5 28 14 21    -9.56   -12.53    -3.21    -359.1      7.44    -22.42     6.992      47035    0    0    0    0    0
2017  5 28 14 22    -9.35   -12.66    -2.92    -358.8      3.81    -22.64     6.969      43959    0    0    0    0    0
2017  5 28 14 23    -9.15   -12.73    -2.99    -358.4      3.56    -20.04     6.875      40860    0    0    0    0    0
2017  5 28 14 24    -9.20   -12.94    -3.13    -358.7      6.15    -18.36     6.748      37860    0    0    0    0    0
2017  5 28 14 25    -9.14   -13.11    -3.11    -359.0      7.83    -18.33     6.700      36513    0    0    0    0    0
2017  5 28 14 26    -9.11   -13.20    -3.03    -359.3      9.29    -19.49     6.683      36895    0    0    0    0    0
2017  5 28 14 27    -8.92   -13.20    -2.96    -359.3     10.70    -20.19     6.385      39070    0    0    0    0    0
2017  5 28 14 28    -8.78   -13.20    -2.83    -358.9     12.12    -21.34     5.776      41770    0    0    0    0    0
2017  5 28 14 29    -8.80   -13.18    -2.55    -358.1     12.98    -22.35     5.613      39714    0    0    0    0    0
2017  5 28 14 30    -8.83   -13.10    -2.45    -356.0     12.86    -22.55     4.962      31490    0    0    0    0    0
2017  5 28 14 31    -8.86   -13.09    -2.41    -355.4     13.03    -22.59     5.013      29095    0    0    0    0    0
2017  5 28 14 32    -9.15   -12.88    -2.41    -356.6     12.85    -21.93     5.164      28878    0    0    0    0    0
2017  5 28 14 33    -9.25   -13.02    -2.50    -357.3     12.57    -21.63     5.297      33689    0    0    0    0    0
2017  5 28 14 34    -9.25   -13.02    -2.81    -357.6     12.12    -21.62     5.560      33670    0    0    0    0    0
2017  5 28 14 35    -9.21   -13.02    -2.83    -356.7     10.74    -21.80     5.819      33525    0    0    0    0    0
2017  5 28 14 36    -9.28   -12.76    -3.23    -356.8      8.70    -22.29     6.120      33520    0    0    0    0    0
2017  5 28 14 37    -9.30   -12.83    -3.38    -356.4      7.12    -22.91     6.287      33741    0    0    0    0    0
2017  5 28 14 38    -9.30   -12.96    -3.19    -357.1      2.42    -24.98     6.234      35905    0    0    0    0    0
2017  5 28 14 39    -9.26   -13.01    -2.96    -356.1      1.44    -25.23     6.067      35905    0    0    0    0    0
2017  5 28 14 40    -9.29   -13.10    -2.86    -356.9      1.10    -25.18     5.925      36003    0    0    0    0    0
2017  5 28 14 41    -9.51   -13.08    -2.66    -358.3      1.22    -25.33     5.897      37759    0    0    0    0    0
2017  5 28 14 42    -9.55   -13.12    -2.48    -360.1      2.75    -25.21     6.101      45598    0    0    0    0    0
2017  5 28 14 43    -9.52   -13.18    -2.24    -360.2      4.46    -24.73     6.081      46302    0    0    0    0    0
2017  5 28 14 44    -9.56   -13.23    -2.07    -360.8      0.94    -24.10     5.996      41493    0    0    0    0    0
2017  5 28 14 45    -9.62   -13.17    -2.22    -361.4     -2.46    -23.45     5.968      37645    0    0    0    0    0
2017  5 28 14 46    -9.62   -13.05    -2.86    -361.9     -2.88    -21.92     5.990      37529    0    1    1    1    1
2017  5 28 14 47    -9.62   -12.83    -3.10    -361.6     -1.34    -19.92     5.940      37426    0    1    1    1    2
2017  5 28 14 48    -9.67   -12.72    -3.01    -361.5     -0.42    -18.11     5.845      37319    0    1    1    1    1
2017  5 28 14 49    -9.63   -12.91    -2.37    -365.5      1.92    -18.99     5.863      37305    0    0    0    0    0
2017  5 28 14 50    -9.35   -13.55    -2.28    -364.1      4.42    -18.70     5.970      37412    0    0    0    0    0
2017  5 28 14 51    -9.35   -13.50    -2.33    -362.8      5.60    -19.10     5.945      38464    0    0    0    0    0
2017  5 28 14 52    -9.52   -13.19    -2.30    -361.7      5.38    -19.62     5.976      41081    0    0    0    0    0
2017  5 28 14 53    -9.64   -13.04    -2.32    -361.5      3.05    -20.02     6.019      42184    0    0    0    0    0
2017  5 28 14 54    -9.69   -13.07    -2.25    -363.0     -1.96    -21.22     6.124      44168    0    0    0    0    0
2017  5 28 14 55    -9.46   -13.23    -2.36    -363.9     -4.94    -21.94     6.173      44473    0    0    0    0    0
2017  5 28 14 56    -9.24   -13.28    -2.50    -365.3     -1.54    -21.27     6.428      45173    0    0    0    0    0
2017  5 28 14 57    -9.41   -13.15    -2.84    -365.7      3.32    -19.71     6.663      48364    0    0    0    0    0
2017  5 28 14 58    -9.45   -13.04    -3.06    -363.5      4.39    -19.62     6.788      48364    0    0    0    0    0
2017  5 28 14 59    -9.73   -12.96    -3.12    -361.5      3.81    -19.04     6.872      50107    0    0    0    0    0
2017  5 28 15  0    -9.95   -12.85    -3.39    -360.0      2.82    -18.55     6.857      51026    0    0    0    0    0
2017  5 28 15  1   -10.16   -12.72    -3.72    -359.3      2.11    -18.20     6.780      50068    0    0    0    0    0
2017  5 28 15  2   -10.73   -12.35    -3.81    -359.0      3.16    -17.24     6.662      47716    0    0    0    0    0
2017  5 28 15  3   -11.20   -11.90    -3.96    -358.3      5.12    -15.52     6.417      46532    0    0    0    0    0
2017  5 28 15  4   -10.32   -12.46    -4.13    -357.1      4.99    -15.31     6.331      46532    0    0    0    0    0
2017  5 28 15  5   -10.32   -12.34    -4.03    -355.7      4.19    -15.03     6.207      46532    0    0    0    0    0
2017  5 28 15  6   -10.53   -12.24    -4.01    -354.6      3.49    -15.28     6.070      45845    0    0    0    0    0
2017  5 28 15  7   -10.76   -11.99    -3.55    -354.8      2.41    -16.22     6.085      45515    0    0    0    0    0
2017  5 28 15  8   -11.00   -11.70    -3.47    -356.0      2.53    -18.85     6.466      43854    0    0    0    0    0
2017  5 28 15  9   -11.31   -11.38    -3.64    -355.8      2.83    -19.29     6.515      43632    0    0    0    0    0
2017  5 28 15 10   -11.07   -11.59    -3.68    -356.9      3.91    -19.30     6.870      43137    0    0    0    0    0
2017  5 28 15 11   -10.79   -11.88    -3.72    -357.5      4.31    -18.77     7.350      43269    0    0    0    0    0
2017  5 28 15 12   -10.92   -11.94    -3.74    -357.7      4.02    -18.85     7.474      44869    0    0    0    0    0
2017  5 28 15 13   -11.12   -11.93    -3.39    -358.6      2.89    -19.49     7.530      46417    0    0    0    0    0
2017  5 28 15 14   -11.34   -11.88    -2.94    -358.6      1.97    -20.53     7.631      46875    0    0    0    0    0
2017  5 28 15 15   -11.44   -11.74    -2.66    -357.7      2.22    -20.71     7.695      46612    0    0    0    0    0
2017  5 28 15 16   -11.46   -11.41    -2.41    -357.4      3.61    -20.03     7.667      44541    0    0    0    0    0
2017  5 28 15 17   -11.47   -11.26    -2.41    -356.0      4.59    -17.79     7.565      44541    0    0    0    0    0
2017  5 28 15 18   -12.06   -11.22    -2.60    -356.0      4.62    -17.00     7.315      44709    0    0    0    0    0
2017  5 28 15 19   -12.14   -11.23    -2.51    -356.4      4.51    -16.94     7.247      46128    0    0    0    0    0
2017  5 28 15 20   -12.09   -11.56    -2.54    -359.2      3.85    -19.35     7.259      45680    0    1    1    0    0
2017  5 28 15 21   -11.84   -11.77    -2.93    -361.1      2.42    -21.34     7.161      44628    0    1    1    0    0
2017  5 28 15 22   -11.79   -11.80    -2.78    -361.7      1.69    -21.98     7.168      44628    0    1    1    0    0
2017  5 28 15 23   -11.79   -11.86    -2.61    -362.4      1.70    -21.63     7.358      44559    0    0    0    0    0
2017  5 28 15 24   -11.61   -12.13    -2.34    -362.1      2.22    -20.71     7.435      44370    0    0    0    0    0
2017  5 28 15 25   -11.48   -12.29    -2.14    -361.3      3.39    -19.41     7.080      43120    0    0    0    0    0
2017  5 28 15 26   -11.62   -12.15    -2.07    -360.7      5.21    -18.50     6.643      40568    0    0    0    0    0
2017  5 28 15 27   -11.81   -11.94    -2.03    -360.1      6.53    -17.66     6.414      38097    0    0    0    0    0
2017  5 28 15 28   -11.86   -11.89    -1.94    -359.5      6.86    -17.00     6.356      37030    0    0    0    0    0
2017  5 28 15 29   -11.77   -11.86    -1.83    -359.1      6.88    -17.14     6.398      37100    0    0    0    0    0
2017  5 28 15 30   -11.61   -11.76    -1.70    -360.5      7.28    -19.92     6.546      37358    0    0    0    0    0
2017  5 28 15 31   -11.67   -11.68    -1.53    -361.6      7.60    -22.50     6.605      37464    0    0    0    0    0
2017  5 28 15 32   -11.62   -11.72    -1.45    -360.2      7.83    -20.58     6.616      37565    0    0    0    0    0
2017  5 28 15 33   -11.37   -11.95    -1.44    -358.5      8.03    -18.20     6.610      37766    0    0    0    0    0
2017  5 28 15 34   -10.42   -12.86    -1.18    -358.8      7.89    -17.83     6.606      38167    0    0    0    0    0
2017  5 28 15 35    -9.48   -13.97    -0.50    -361.6      8.99    -17.84     6.883      41519    0    0    0    0    0
2017  5 28 15 36    -9.44   -13.92    -0.55    -362.6      8.87    -17.99     7.230      47861    0    0    0    0    0
2017  5 28 15 37    -9.91   -13.56    -0.61    -361.7      7.46    -18.54     7.428      49048    0    0    0    0    0
2017  5 28 15 38    -9.96   -13.60    -0.50    -360.4      5.35    -19.81     7.504      48148    0    0    0    0    0
2017  5 28 15 39    -9.57   -13.95    -0.12    -359.7      3.09    -21.57     7.416      45750    0    0    0    0    0
2017  5 28 15 40    -9.00   -14.42     0.33    -360.6      3.08    -22.81     7.159      43240    0    0    0    0    0
2017  5 28 15 41    -8.68   -14.63     0.39    -361.6      5.75    -22.64     6.979      43037    0    0    0    0    0
2017  5 28 15 42    -8.62   -14.61     0.50    -361.7      6.74    -22.66     6.706      42742    0    0    0    0    0
2017  5 28 15 43    -8.70   -14.41     0.87    -361.6      2.87    -24.16     6.514      42606    0    0    0    0    0
2017  5 28 15 44    -8.94   -13.98     1.30    -364.7     -1.45    -25.80     6.528      45832    0    0    0    0    0
2017  5 28 15 45    -9.09   -14.25     0.83    -366.3      1.39    -22.95     6.988      51682    0    0    0    0    0
2017  5 28 15 46    -9.08   -13.97     1.16    -366.7      6.90    -21.10     7.182      57750    0    0    0    0    0
2017  5 28 15 47    -8.83   -14.05     1.41    -365.9      8.36    -19.43     7.213      61142    0    0    0    0    0
2017  5 28 15 48    -8.83   -14.08     1.47    -363.9      8.55    -16.48     7.206      61142    0    0    0    0    0
2017  5 28 15 49    -8.92   -14.08     1.58    -363.0      9.59    -16.42     7.085      52316    0    0    0    0    0
2017  5 28 15 50    -8.93   -14.19     1.63    -362.7     12.65    -16.37     7.004      44665    0    0    0    0    0
2017  5 28 15 51    -8.83   -14.44     1.29    -365.9     13.78    -17.18     7.026      43596    0    0    0    0    0
2017  5 28 15 52    -8.74   -14.56     0.41    -366.7     10.09    -18.30     7.043      44406    0    0    0    0    0
2017  5 28 15 53    -8.69   -14.60     1.04    -366.7      8.44    -19.32     7.049      44397    0    0    0    0    0
2017  5 28 15 54    -8.64   -14.49     1.54    -367.3      8.63    -19.82     7.060      44382    0    0    0    0    0
2017  5 28 15 55    -8.59   -14.46     1.57    -367.4      8.83    -19.80     7.050      44651    0    0    0    0    0
2017  5 28 15 56    -8.58   -14.44     1.54    -366.7      8.60    -19.40     7.012      45189    0    0    0    0    0
2017  5 28 15 57    -8.61   -14.39     1.51    -366.2      7.89    -19.22     6.977      45573    0    0    0    0    0
2017  5 28 15 58    -8.71   -14.35     1.56    -365.9      7.18    -19.20     6.948      45235    0    0    0    0    0
2017  5 28 15 59    -8.86   -14.31     1.72    -365.7      5.87    -19.32     6.885      44118    0    0    0    0    0
2017  5 28 16  0    -9.02   -14.19     1.86    -365.7      4.80    -19.33     6.987      43695    0    0    0    0    0
2017  5 28 16  1    -9.00   -14.09     1.98    -365.2      4.51    -19.32     7.403      43955    0    0    0    0    0
2017  5 28 16  2    -8.82   -14.13     2.17    -365.1      4.83    -19.29     8.012      45207    0    0    0    0    0
2017  5 28 16  3    -8.66   -14.15     2.52    -365.6      5.46    -19.22     8.092      45614    0    0    0    0    0
2017  5 28 16  4    -8.61   -14.11     2.59    -365.0      6.66    -19.02     8.062      46699    0    0    0    0    0
2017  5 28 16  5    -8.57   -14.07     2.46    -364.5      7.68    -18.69     8.099      47334    0    0    0    0    0
2017  5 28 16  6    -8.54   -13.99     2.32    -363.7      8.09    -17.99     8.040      47334    0    0    0    0    0
2017  5 28 16  7    -8.78   -13.91     2.35    -363.4      8.54    -17.60     8.051      47334    0    0    0    0    0
2017  5 28 16  8    -8.90   -13.88     2.51    -362.4      8.41    -16.92     8.106      50067    0    0    0    0    0
2017  5 28 16  9    -9.15   -13.74     2.44    -362.2      8.17    -16.78     8.116      51249    0    0    0    0    0
2017  5 28 16 10    -9.50   -13.59     2.32    -361.8      7.37    -16.29     8.041      51800    0    0    0    0    0
2017  5 28 16 11    -9.62   -13.53     2.27    -362.5      6.57    -15.69     7.920      51981    0    0    0    0    0
2017  5 28 16 12    -9.25   -13.82     2.24    -363.3      4.46    -15.28     7.877      49472    0    0    0    0    0
2017  5 28 16 13    -8.91   -14.06     2.28    -363.6      3.47    -14.95     7.858      48752    0    0    0    0    0
2017  5 28 16 14    -8.84   -14.11     2.33    -363.8      3.57    -14.27     7.958      48726    0    0    0    0    0
2017  5 28 16 15    -8.75   -14.16     2.42    -365.1      3.04    -13.52     7.741      48030    0    0    0    0    0
2017  5 28 16 16    -8.57   -14.36     2.41    -364.1      2.96    -13.52     7.453      43993    0    0    0    0    0
2017  5 28 16 17    -8.51   -14.44     2.25    -363.1      4.06    -14.23     7.412      43993    0    0    0    0    0
2017  5 28 16 18    -8.61   -14.37     2.06    -362.9      4.62    -15.40     7.438      45096    0    0    0    0    0
2017  5 28 16 19    -8.66   -14.33     2.40    -363.2      3.83    -15.83     7.489      45330    0    0    0    0    0
2017  5 28 16 20    -8.30   -14.52     2.45    -363.3      3.60    -15.53     7.507      45334    0    0    0    0    0
2017  5 28 16 21    -7.52   -14.61     2.16    -363.5      1.22    -15.51     7.646      45375    0    0    0    0    0
2017  5 28 16 22    -7.05   -15.13     1.75    -363.5      2.39    -16.70     7.705      45658    0    0    0    0    0
2017  5 28 16 23    -6.99   -15.07     2.29    -362.7      1.96    -17.27     7.725      46999    0    0    0    0    0
2017  5 28 16 24    -7.14   -15.00     2.41    -362.4      1.38    -17.38     7.725      47282    0    0    0    0    0
2017  5 28 16 25    -7.22   -14.98     2.48    -362.5      1.43    -17.24     7.871      46772    0    0    0    0    0
2017  5 28 16 26    -6.80   -15.37     2.55    -362.1      0.73    -16.29     7.658      45508    0    0    0    0    0
2017  5 28 16 27    -6.58   -15.46     2.65    -361.7      1.78    -15.08     7.636      45107    0    0    0    0    0
2017  5 28 16 28    -7.63   -14.53     3.32    -364.5      4.45    -13.23     7.769      45115    0    0    0    0    0
2017  5 28 16 29    -7.83   -14.39     3.52    -364.6      4.50    -13.15     7.948      45115    0    0    0    0    0
2017  5 28 16 30    -8.00   -14.14     3.70    -363.2      4.40    -13.32     7.950      45115    0    0    0    0    0
2017  5 28 16 31    -8.33   -14.06     3.36    -362.7      4.26    -14.64     7.983      44675    0    0    0    0    0
2017  5 28 16 32    -8.47   -14.22     3.35    -363.2      4.09    -14.96     7.981      44018    0    0    0    0    0
2017  5 28 16 33    -8.48   -14.10     3.39    -363.5      3.37    -14.93     8.055      43102    0    0    0    0    0
2017  5 28 16 34    -9.19   -13.78     3.36    -363.2      2.67    -14.90     8.152      43040    0    0    0    0    0
2017  5 28 16 35    -9.33   -13.66     3.43    -362.2      2.54    -14.84     8.193      43040    0    0    0    0    0
2017  5 28 16 36    -9.56   -13.45     3.49    -361.5      3.10    -14.57     8.129      42023    0    0    0    0    0
2017  5 28 16 37    -9.49   -13.49     3.33    -361.1      4.60    -14.03     8.085      41467    0    0    0    0    0
2017  5 28 16 38    -8.81   -13.76     3.26    -361.4      6.41    -13.67     8.078      41833    0    0    0    0    0
2017  5 28 16 39    -8.39   -13.89     3.35    -361.7      7.59    -13.43     8.056      42209    0    0    0    0    0
2017  5 28 16 40    -8.34   -13.89     3.40    -361.4      7.97    -13.34     8.028      42444    0    0    0    0    0
2017  5 28 16 41    -8.36   -13.91     3.95    -360.5      7.91    -13.23     8.046      42535    0    0    0    0    0
2017  5 28 16 42    -8.39   -13.95     4.24    -359.5      7.65    -13.01     8.085      42526    0    0    0    0    0
2017  5 28 16 43    -8.39   -13.97     3.78    -358.8      7.34    -12.68     8.110      42510    0    0    0    0    0
2017  5 28 16 44    -8.38   -13.99     3.50    -358.2      7.18    -12.12     8.123      43035    0    0    0    0    0
2017  5 28 16 45    -8.34   -14.01     3.54    -357.9      7.21    -11.50     8.118      45134    0    0    0    0    0
2017  5 28 16 46    -8.40   -13.91     4.12    -358.5      5.72    -11.95     7.998      45020    0    0    0    0    0
2017  5 28 16 47    -8.42   -13.63     4.34    -359.8      3.98    -14.12     7.649      44642    0    0    0    0    0
2017  5 28 16 48    -8.47   -13.56     4.39    -361.2      5.51    -16.73     7.453      44642    0    0    0    0    0
2017  5 28 16 49    -8.53   -13.53     4.39    -361.5      6.04    -17.31     7.459      39152    0    0    0    0    0
2017  5 28 16 50    -8.60   -13.52     4.39    -360.4      5.69    -16.69     7.482      36341    0    0    0    0    0
2017  5 28 16 51    -8.72   -13.47     4.39    -358.8      5.46    -15.37     7.514      37001    0    0    0    0    0
2017  5 28 16 52    -8.86   -13.35     4.41    -357.3      5.58    -13.46     7.557      38848    0    0    0    0    0
2017  5 28 16 53    -8.90   -13.30     4.62    -356.1      5.55    -13.33     7.618      40276    0    0    0    0    0
2017  5 28 16 54    -8.34   -13.38     4.74    -355.1      6.14    -13.39     7.886      40467    0    0    0    0    0
2017  5 28 16 55    -7.90   -13.43     4.92    -354.7      7.38    -13.51     8.219      41690    0    0    0    0    0
2017  5 28 16 56    -7.76   -13.44     4.65    -355.4      8.29    -14.47     8.439      42971    0    0    0    0    0
2017  5 28 16 57    -7.30   -13.74     3.99    -355.4      8.76    -14.78     8.414      43166    0    0    0    0    0
2017  5 28 16 58    -7.14   -14.00     3.60    -355.7      6.31    -13.32     8.412      40402    0    0    0    0    0
2017  5 28 16 59    -7.16   -14.11     4.39    -356.1      4.69    -13.13     8.269      39813    0    0    0    0    0
2017  5 28 17  0    -7.19   -14.04     4.74    -356.1      4.75    -13.03     8.135      39813    0    0    0    0    0
2017  5 28 17  1    -7.31   -13.94     5.03    -355.5      5.29    -12.82     8.109      38776    0    0    0    0    0
2017  5 28 17  2    -7.64   -13.89     4.85    -355.2      5.11    -12.91     8.075      38526    0    0    0    0    0
2017  5 28 17  3    -7.65   -13.91     4.67    -355.6      2.84    -12.99     8.189      42827    0    0    0    0    0
2017  5 28 17  4    -7.40   -13.97     4.23    -355.7      1.77    -12.85     8.193      43762    0    0    0    0    0
2017  5 28 17  5    -7.41   -14.02     3.81    -356.2      1.46    -12.38     8.179      42026    0    0    0    0    0
2017  5 28 17  6    -7.62   -14.20     3.02    -356.5      1.85    -11.95     8.074      41183    0    0    0    0    0
2017  5 28 17  7    -7.85   -14.33     2.20    -356.0      0.94    -12.35     7.894      40663    0    0    0    0    0
2017  5 28 17  8    -8.18   -14.45     2.04    -354.9     -0.78    -13.33     7.746      40486    0    0    0    0    0
2017  5 28 17  9    -8.43   -14.54     2.12    -354.3     -2.38    -14.25     7.750      40110    0    0    0    0    0
2017  5 28 17 10    -8.36   -14.68     2.17    -353.9     -3.33    -15.39     8.506      39907    0    0    0    0    0
2017  5 28 17 11    -8.17   -14.82     2.37    -353.1     -2.95    -15.68     9.179      41676    0    0    0    0    0
2017  5 28 17 12    -8.07   -14.86     3.01    -352.0     -1.19    -14.49     9.332      43766    0    0    0    0    0
2017  5 28 17 13    -8.06   -14.77     4.13    -351.3      2.07    -11.59     9.052      43291    0    0    0    0    0
2017  5 28 17 14    -8.08   -14.53     5.04    -351.2      6.78     -6.77     7.835      41202    0    0    0    0    0
2017  5 28 17 15    -8.08   -14.02     6.05    -348.8      8.54     -5.59     7.881      41202    0    0    0    0    0
2017  5 28 17 16    -8.05   -13.46     6.34    -346.5     10.37     -4.76     7.914      43069    0    0    0    0    0
2017  5 28 17 17    -8.01   -12.90     6.35    -344.2     12.36     -4.11     7.983      45558    0    0    0    0    0
2017  5 28 17 18    -7.95   -12.37     6.37    -342.1     15.03     -3.80     8.231      47535    0    0    0    0    0
2017  5 28 17 19    -7.67   -12.10     6.48    -341.2     16.61     -3.65     8.554      50113    0    0    0    0    0
2017  5 28 17 20    -7.28   -12.05     6.53    -341.7     15.19     -3.50     8.781      51152    0    0    0    0    0
2017  5 28 17 21    -6.91   -11.96     6.73    -343.0     14.55     -3.10     8.877      50712    0    0    0    0    0
2017  5 28 17 22    -5.79   -11.62     7.35    -342.9     14.60     -3.41     8.464      46142    0    0    0    0    0
2017  5 28 17 23    -6.51   -11.36     9.38    -343.9     17.09     -3.52     8.268      41892    0    0    0    0    0
2017  5 28 17 24    -6.83   -11.98     8.53    -343.9     21.10     -3.54     8.313      41308    0    0    0    0    0
2017  5 28 17 25    -7.25   -12.47     7.79    -343.9     22.59     -4.11     8.415      40512    0    0    0    0    0
2017  5 28 17 26    -7.38   -12.64     8.13    -343.2     20.90     -4.49     8.693      37336    0    0    0    0    0
2017  5 28 17 27    -7.24   -12.60     8.15    -343.2     18.73     -4.74     9.035      35418    0    0    0    0    0
2017  5 28 17 28    -6.82   -12.21     8.03    -346.5     17.40     -5.94     9.025      35692    0    0    0    0    0
2017  5 28 17 29    -6.80   -11.96     7.78    -348.4     15.00     -7.22     9.001      36060    0    0    0    0    0
2017  5 28 17 30    -6.83   -11.88     7.73    -348.5     14.80     -7.63     9.056      35079    0    0    0    0    0
2017  5 28 17 31    -5.78   -11.42     9.84    -348.4     15.42     -6.74     9.272      33317    0    0    0    0    0
2017  5 28 17 32    -5.47   -10.93     9.83    -347.3     16.72     -5.95     9.490      31716    0    0    0    0    0
2017  5 28 17 33    -6.33   -10.57     9.06    -346.8     18.28     -5.80     9.515      30964    0    0    0    0    0
2017  5 28 17 34    -7.15   -10.46     8.85    -346.5     19.36     -6.12     9.397      30964    0    0    0    0    0
2017  5 28 17 35    -7.35   -10.57     8.94    -346.0     19.87     -6.12     9.262      30441    0    0    0    0    0
2017  5 28 17 36    -7.52   -10.84     8.94    -346.0     19.78     -5.52     9.198      29634    0    0    0    0    0
2017  5 28 17 37    -7.47   -11.00     9.25    -345.7     19.40     -5.32     9.409      30029    0    0    0    0    0
2017  5 28 17 38    -7.11   -11.04     9.84    -345.3     19.35     -5.90     9.662      30720    0    0    0    0    0
2017  5 28 17 39    -6.35   -10.98     9.99    -345.1     19.24     -6.12     9.791      30529    0    0    0    0    0
2017  5 28 17 40    -6.03   -10.65    10.14    -344.9     19.23     -6.24     9.730      29979    0    0    0    0    0
2017  5 28 17 41    -6.12   -10.69    10.11    -344.7     19.20     -6.07     9.463      29979    0    0    0    0    0
2017  5 28 17 42    -6.22   -10.86    10.08    -345.4     17.76     -5.11     9.126      29715    0    0    0    0    0
2017  5 28 17 43    -6.48   -11.03    10.07    -346.4     14.19     -3.58     8.843      28893    0    0    0    0    0
2017  5 28 17 44    -6.58   -10.99    10.07    -346.9     13.88     -4.38     8.571      28384    0    0    0    0    0
2017  5 28 17 45    -6.56   -11.01    10.02    -346.5     16.12     -5.14     8.537      28210    0    0    0    0    0
2017  5 28 17 46    -6.55   -11.03    10.02    -346.4     18.61     -5.45     8.680      28300    0    0    0    0    0
2017  5 28 17 47    -6.53   -11.08    10.01    -346.1     19.00     -5.64     9.370      28692    0    0    0    0    0
2017  5 28 17 48    -6.50   -11.14     9.98    -345.6     18.51     -5.59    10.242      29952    0    0    0    0    0
2017  5 28 17 49    -6.50   -11.23     9.87    -345.8     18.26     -5.39    10.065      31597    0    0    0    0    0
2017  5 28 17 50    -6.48   -11.39     9.72    -346.1     19.08     -4.94    10.097      32351    0    0    0    0    0
2017  5 28 17 51    -6.82   -11.30     9.77    -347.4     20.64     -4.32    10.510      33418    0    0    0    0    0
2017  5 28 17 52    -6.49   -11.48     9.77    -348.5     19.11     -3.84    10.647      35767    0    0    0    0    0
2017  5 28 17 53    -6.06   -11.82     9.76    -348.7     18.02     -3.86    10.509      36505    0    0    0    0    0
2017  5 28 17 54    -6.32   -11.93     9.95    -348.7     16.43     -4.44    10.433      36530    0    0    0    0    0
2017  5 28 17 55    -6.39   -11.94    10.05    -348.7     16.01     -5.17    10.093      35363    0    0    0    0    0
2017  5 28 17 56    -6.38   -11.94    10.07    -348.1     13.78     -5.32     9.515      31913    0    0    0    0    0
2017  5 28 17 57    -6.08   -11.73    10.04    -348.7     13.52     -5.69     8.771      28034    0    0    0    0    0
2017  5 28 17 58    -6.01   -11.66     9.97    -349.5     14.88     -2.82     8.156      27394    0    0    0    0    0
2017  5 28 17 59    -6.05   -11.52     9.63    -349.6     17.33      0.13     7.762      28203    0    0    0    0    0
2017  5 28 18  0    -6.08   -11.44     9.60    -348.9     18.24      0.71     7.801      31626    0    0    0    0    0
2017  5 28 18  1    -6.06   -11.45     9.72    -347.4     18.47      0.08     8.160      32896    0    0    0    0    0
2017  5 28 18  2    -5.72   -11.58     9.68    -346.2     18.60     -0.66     8.420      33708    0    0    0    0    0
2017  5 28 18  3    -5.33   -11.72     9.55    -345.7     18.55     -1.07     8.481      34552    0    0    0    0    0
2017  5 28 18  4    -5.34   -11.78     9.57    -346.1     17.95     -1.07     8.295      35048    0    0    0    0    0
2017  5 28 18  5    -5.19   -11.86     9.61    -346.8     17.23     -0.85     8.033      33314    0    0    0    0    0
2017  5 28 18  6    -5.07   -11.93     9.58    -347.4     16.34     -0.61     8.094      30830    0    0    0    0    0
2017  5 28 18  7    -5.13   -12.01     9.42    -348.0     15.36     -0.40     8.806      29233    0    0    0    0    0
2017  5 28 18  8    -5.39   -11.96     9.34    -348.0     15.15      0.21     9.107      28640    0    0    0    0    0
2017  5 28 18  9    -5.69   -11.81     9.32    -347.4     15.18      0.59     9.116      28575    0    0    0    0    0
2017  5 28 18 10    -5.86   -11.65     9.37    -346.9     16.37      0.71     9.206      29839    0    0    0    0    0
2017  5 28 18 11    -5.90   -11.53     9.45    -346.9     17.29      0.75     9.330      31335    0    0    0    0    0
2017  5 28 18 12    -5.87   -11.50     9.49    -346.8     17.68      0.94     8.758      32046    0    0    0    0    0
2017  5 28 18 13    -5.74   -11.44     9.50    -346.9     17.28      1.44     8.122      33401    0    0    0    0    0
2017  5 28 18 14    -5.67   -11.46     9.57    -346.5     16.99      2.00     7.958      35206    0    0    0    0    0
2017  5 28 18 15    -5.63   -11.52     9.70    -346.4     17.18      2.25     7.627      36463    0    0    0    0    0
2017  5 28 18 16    -5.71   -11.46     9.86    -347.2     17.21      1.50     7.504      36888    0    0    0    0    0
2017  5 28 18 17    -5.85   -11.41     9.95    -346.9     17.58      0.29     7.755      37168    0    0    0    0    0
2017  5 28 18 18    -5.88   -11.41     9.96    -346.1     18.16     -0.53     7.989      37449    0    0    0    0    0
2017  5 28 18 19    -5.95   -11.42     9.94    -345.0     18.99     -0.96     8.215      37746    0    0    0    0    0
2017  5 28 18 20    -6.14   -11.42     9.92    -344.1     19.74     -1.67     8.448      38270    0    0    0    0    0
2017  5 28 18 21    -6.21   -11.35     9.92    -343.5     22.41     -4.45     8.654      40140    0    0    0    0    0
2017  5 28 18 22    -6.01   -11.33     9.91    -344.0     22.42     -5.38     8.891      40008    0    0    0    0    0
2017  5 28 18 23    -5.98   -11.39     9.82    -344.1     22.59     -5.32     9.142      38472    0    0    0    0    0
2017  5 28 18 24    -6.03   -11.44     9.75    -343.3     22.87     -4.50     9.391      37268    0    0    0    0    0
2017  5 28 18 25    -6.11   -11.54     9.68    -343.0     22.36     -4.40     9.673      37248    0    0    0    0    0
2017  5 28 18 26    -5.96   -11.57     9.67    -343.6     21.68     -4.99     9.306      37814    0    0    0    0    0
2017  5 28 18 27    -5.97   -11.42     9.83    -344.3     20.94     -6.22     9.623      41790    0    0    0    0    0
2017  5 28 18 28    -5.92   -11.40     9.89    -344.2     21.23     -5.83     9.706      41281    0    0    0    0    0
2017  5 28 18 29    -5.87   -11.43     9.91    -342.9     23.28     -2.78     9.646      37889    0    0    0    0    0
2017  5 28 18 30    -5.82   -11.28    10.06    -342.5     24.31     -2.54     9.749      37547    0    0    0    0    0
2017  5 28 18 31    -5.83   -11.26    10.26    -342.5     24.69     -2.78     9.856      37480    0    0    0    0    0
2017  5 28 18 32    -8.10   -11.29     9.89    -350.7     20.05     -2.85     9.769      36777    0    0    0    0    0
2017  5 28 18 33    -8.34   -11.34     9.88    -350.1     19.69     -3.58     8.814      37640    0    0    0    0    0
2017  5 28 18 34    -8.34   -11.34     9.60    -349.7     19.59     -3.41     8.814      37809    0    0    0    0    0
2017  5 28 18 35    -8.00   -11.42     9.18    -349.6     18.89     -3.27     8.702      37818    0    0    0    0    0
2017  5 28 18 36    -7.98   -11.43     9.15    -349.5     17.97     -2.85     8.503      36745    0    0    0    0    0
2017  5 28 18 37    -7.98   -11.43     9.15    -349.4     18.08     -2.47     8.432      36669    0    0    0    0    0
2017  5 28 18 38    -7.70   -11.41     9.08    -350.6     19.15     -1.69     8.263      35416    0    0    0    0    0
2017  5 28 18 39    -7.28   -11.41     9.08    -349.8     20.26     -1.50     8.050      35416    0    0    0    0    0
2017  5 28 18 40    -7.02   -11.33     9.16    -348.3     22.55     -1.66     7.894      33686    0    0    0    0    0
2017  5 28 18 41    -6.69   -11.27     9.33    -347.3     23.45     -1.89     7.845      32893    0    0    0    0    0
2017  5 28 18 42    -6.59   -11.19     9.28    -346.9     23.32     -2.25     7.944      32738    0    0    0    0    0
2017  5 28 18 43    -6.89   -11.13     9.39    -347.1     23.74     -2.47     8.386      32993    0    0    0    0    0
2017  5 28 18 44    -7.08   -11.13     9.57    -348.3     24.05     -2.63     8.446      33192    0    0    0    0    0
2017  5 28 18 45    -7.04   -11.19     9.50    -348.6     23.91     -2.50     8.498      32736    0    0    0    0    0
2017  5 28 18 46    -6.99   -11.26     9.37    -348.8     24.05     -2.98     8.641      32623    0    0    0    0    0
2017  5 28 18 47    -6.98   -11.19     9.37    -348.8     22.09     -3.39     8.794      33331    0    0    0    0    0
2017  5 28 18 48    -6.93   -10.62     9.77    -349.4     23.02     -3.58     9.012      33475    0    0    0    0    0
2017  5 28 18 49    -6.86   -10.54     9.82    -348.8     23.03     -3.39     8.353      33451    0    0    0    0    0
2017  5 28 18 50    -6.84   -10.54     9.82    -347.6     23.18     -3.41     8.206      33410    0    0    0    0    0
2017  5 28 18 51    -6.87   -10.56     9.81    -347.2     23.55     -3.40     8.206      33391    0    0    0    0    0
2017  5 28 18 52    -7.00   -10.55     9.86    -347.2     23.66     -3.36     8.207      33551    0    0    0    0    0
2017  5 28 18 53    -7.13   -10.56     9.93    -347.2     23.19     -3.44     8.245      33825    0    0    0    0    0
2017  5 28 18 54    -6.97   -10.63     9.97    -347.0     22.60     -3.62     8.272      34297    0    0    0    0    0
2017  5 28 18 55    -6.59   -10.73    10.03    -346.5     22.24     -3.74     8.705      34893    0    0    0    0    0
2017  5 28 18 56    -6.32   -10.83    10.09    -346.0     21.82     -3.57     9.151      35526    0    0    0    0    0
2017  5 28 18 57    -6.33   -10.85    10.13    -345.8     21.34     -3.40     9.240      35959    0    0    0    0    0
2017  5 28 18 58    -6.52   -10.73    10.20    -345.7     21.25     -3.96     9.230      35959    0    0    0    0    0
2017  5 28 18 59    -6.67   -10.47    10.31    -345.3     20.97     -4.89     9.084      36002    0    0    0    0    0
2017  5 28 19  0    -6.67   -10.20    10.48    -344.7     20.28     -5.36     9.650      36379    0    0    0    0    0
2017  5 28 19  1    -6.53   -10.20    10.55    -344.1     19.53     -5.25     9.387      37544    0    0    0    0    0
2017  5 28 19  2    -6.33   -10.20    10.49    -344.0     18.31     -4.32     9.038      37811    0    0    0    0    0
2017  5 28 19  3    -6.62   -10.19    10.07    -343.9     19.35     -4.09     8.904      37836    0    0    0    0    0
2017  5 28 19  4    -6.76   -10.19    10.10    -343.9     19.52     -5.15     8.951      38126    0    0    0    0    0
2017  5 28 19  5    -6.81   -10.16    10.12    -344.1     19.27     -5.53     9.056      38301    0    0    0    0    0
2017  5 28 19  6    -6.89   -10.22    10.23    -344.4     18.73     -5.15     9.165      38049    0    0    0    0    0
2017  5 28 19  7    -6.83   -10.18    10.30    -344.3     18.60     -3.04     8.212      36015    0    0    0    0    0
2017  5 28 19  8    -6.78   -10.18    10.31    -343.6     18.97     -2.93     8.157      32273    0    0    0    0    0
2017  5 28 19  9    -6.84   -10.29    10.30    -343.0     19.72     -4.21     8.914      30171    0    0    0    0    0
2017  5 28 19 10    -7.19   -10.53     9.77    -342.8     20.45     -3.86     8.893      29980    0    0    0    0    0
2017  5 28 19 11    -7.34   -10.52     9.56    -342.9     20.62     -3.60     8.719      29976    0    0    0    0    0
2017  5 28 19 12    -7.36   -10.52     9.49    -343.1     18.15     -3.41     8.426      29923    0    0    0    0    0
2017  5 28 19 13    -7.76   -10.53     9.04    -343.2     17.78     -3.35     8.341      29837    0    0    0    0    0
2017  5 28 19 14    -8.01   -10.53     9.30    -343.5     16.94     -3.22     8.321      29749    0    0    0    0    0
2017  5 28 19 15    -8.02   -10.51     9.30    -342.3     16.80     -3.12     8.341      29749    0    0    0    0    0
2017  5 28 19 16    -7.63   -10.58     9.31    -342.1     16.77     -2.50     8.430      30467    0    0    0    0    0
2017  5 28 19 17    -7.49   -10.60     9.29    -341.9     16.94     -2.08     8.576      30948    0    0    0    0    0
2017  5 28 19 18    -7.48   -10.80     9.30    -341.9     17.01     -2.03     8.687      31035    0    0    0    0    0
2017  5 28 19 19    -7.53   -10.90     9.24    -342.7     16.90     -2.47     8.736      30469    0    0    0    0    0
2017  5 28 19 20    -7.54   -10.93     9.05    -342.8     17.30     -2.50     8.769      30074    0    0    0    0    0
2017  5 28 19 21    -7.82   -11.01     9.29    -344.0     17.84     -2.41     8.768      30054    0    0    0    0    0
2017  5 28 19 22    -8.13   -11.06     9.34    -342.5     18.13     -1.89     8.743      30127    0    0    0    0    0
2017  5 28 19 23    -8.10   -10.99     9.40    -342.1     20.22     -1.21     8.710      30437    0    0    0    0    0
2017  5 28 19 24    -7.90   -10.83     9.42    -341.9     20.96     -1.00     8.695      30511    0    0    0    0    0
2017  5 28 19 25    -7.85   -10.79     9.41    -343.0     21.09     -2.20     8.498      29513    0    0    0    0    0
2017  5 28 19 26    -7.95   -10.78     9.30    -343.5     19.61     -2.91     8.266      28920    0    0    0    0    0
2017  5 28 19 27    -7.84   -10.86     9.27    -344.4     19.17     -2.79     8.286      28959    0    0    0    0    0
2017  5 28 19 28    -7.78   -10.99     9.17    -343.8     19.27     -1.85     8.325      29172    0    0    0    0    0
2017  5 28 19 29    -7.45   -11.01     9.22    -342.4     20.17     -1.54     8.303      29172    0    0    0    0    0
2017  5 28 19 30    -7.23   -10.93     9.30    -340.9     20.13     -1.50     8.283      29654    0    0    0    0    0
2017  5 28 19 31    -7.07   -10.88     9.36    -340.0     19.98     -1.64     8.241      30047    0    0    0    0    0
2017  5 28 19 32    -7.10   -10.93     9.33    -340.2     19.82     -1.69     8.175      30836    0    0    0    0    0
2017  5 28 19 33    -7.46   -11.06     9.38    -341.8     19.82     -0.99     8.142      33123    0    0    0    0    0
2017  5 28 19 34    -7.60   -10.95     9.47    -342.3     18.38     -0.09     8.219      34583    0    0    0    0    0
2017  5 28 19 35    -7.75   -10.81     9.41    -341.3     17.88      0.20     8.297      34773    0    0    0    0    0
2017  5 28 19 36    -8.02   -10.81     9.26    -340.0     17.68      0.37     8.249      33794    0    0    0    0    0
2017  5 28 19 37    -8.28   -10.92     9.06    -338.7     17.78      0.43     8.118      32278    0    0    0    0    0
2017  5 28 19 38    -8.41   -11.04     8.86    -338.0     18.49      0.29     8.014      31178    0    0    0    0    0
2017  5 28 19 39    -8.61   -11.06     8.82    -338.4     19.12      0.19     8.114      31294    0    0    0    0    0
2017  5 28 19 40    -8.12   -11.13     9.14    -344.5     16.80      1.06     9.022      59501    0    0    0    0    0
2017  5 28 19 41    -7.03   -11.14     9.19    -345.6     16.75      1.11     8.993      57431    0    0    0    0    0
2017  5 28 19 42    -7.30   -11.09     9.03    -345.2     17.05      1.54     8.878      53334    0    0    0    0    0
2017  5 28 19 43    -7.48   -11.04     8.83    -343.1     17.53      2.62     8.787      53159    0    0    0    0    0
2017  5 28 19 44    -7.57   -11.11     8.77    -343.3     17.93      2.73     8.812      51970    0    0    0    0    0
2017  5 28 19 45    -7.70   -11.25     9.36    -343.7     18.11      2.74     8.849      50725    0    0    0    0    0
2017  5 28 19 46    -7.70   -11.25     9.10    -342.7     19.04      2.71     8.805      50152    0    0    0    0    0
2017  5 28 19 47    -7.87   -11.27     9.04    -342.1     19.15      2.66     8.659      49551    0    0    0    0    0
2017  5 28 19 48    -7.92   -11.34     8.55    -341.4     18.98      2.17     8.432      46481    0    0    0    0    0
2017  5 28 19 49    -7.92   -11.46     8.32    -340.6     19.09      1.34     8.301      44040    0    0    0    0    0
2017  5 28 19 50    -7.92   -11.51     8.32    -340.4     19.10      0.67     8.201      42291    0    0    0    0    0
2017  5 28 19 51    -7.86   -11.43     8.47    -340.8     18.47      0.60     8.026      41510    0    0    0    0    0
2017  5 28 19 52    -7.57   -11.33     8.88    -340.7     18.03      0.82     7.810      41510    0    0    0    0    0
2017  5 28 19 53    -7.43   -11.24     9.09    -340.1     18.47      0.28     7.640      37698    0    0    0    0    0
2017  5 28 19 54    -7.46   -11.18     9.08    -339.8     18.96     -0.42     7.557      33770    0    0    0    0    0
2017  5 28 19 55    -7.42   -11.23     9.19    -340.3     18.81     -0.68     7.553      33770    0    0    0    0    0
2017  5 28 19 56    -7.36   -11.30     9.34    -340.7     18.66     -1.06     7.534      33504    0    0    0    0    0
2017  5 28 19 57    -7.33   -11.25     9.43    -341.0     19.16     -1.39     7.465      33315    0    0    0    0    0
2017  5 28 19 58    -7.22   -11.20     9.51    -341.3     19.73     -1.77     7.461      34176    0    0    0    0    0
2017  5 28 19 59    -6.98   -11.19     9.61    -341.3     19.93     -2.59     7.478      34595    0    0    0    0    0
2017  5 28 20  0    -6.82   -11.18     9.79    -341.6     20.31     -2.78     7.466      34595    0    0    0    0    0
2017  5 28 20  1    -6.82   -11.12    10.28    -342.1     21.65     -0.85     7.393      38016    0    0    0    0    0
2017  5 28 20  2    -7.10   -10.50    10.46    -344.1     22.14      2.43     7.293      43634    0    0    0    0    0
2017  5 28 20  3    -7.31   -10.73     9.46    -345.5     20.02      1.58     7.447      43995    0    0    0    0    0
2017  5 28 20  4    -7.65   -10.98     8.86    -345.5     18.82      0.16     7.636      43995    0    0    0    0    0
2017  5 28 20  5    -7.72   -10.97     8.89    -345.2     18.04      0.96     8.146      45270    0    0    0    0    0
2017  5 28 20  6    -7.76   -10.77     9.11    -345.2     17.08      4.07     9.081      50101    0    0    0    0    0
2017  5 28 20  7    -7.74   -10.59     9.14    -345.4     15.49      6.20     9.134      54658    0    0    0    0    0
2017  5 28 20  8    -7.74   -10.59     9.04    -345.8     14.85      6.34     9.133      55333    0    0    0    0    0
2017  5 28 20  9    -7.79   -10.65     8.89    -344.9     14.46      5.78     9.132      54901    0    0    0    0    0
2017  5 28 20 10    -7.95   -10.64     8.83    -343.9     14.17      5.35     9.124      53345    0    0    0    0    0
2017  5 28 20 11    -8.04   -10.16     8.93    -344.6     14.16      2.97     9.042      52754    0    0    0    0    0
2017  5 28 20 12    -7.74   -10.13     9.09    -345.9     15.16      3.92     8.693      52754    0    0    0    0    0
2017  5 28 20 13    -7.25   -10.40     9.70    -346.8     16.55      6.54     8.180      50549    0    0    0    0    0
2017  5 28 20 14    -7.50   -10.17    10.06    -346.4     16.95      8.15     8.302      46585    0    0    0    0    0
2017  5 28 20 15    -7.81    -9.48    10.00    -345.5     15.72      7.61     8.402      44093    0    0    0    0    0
2017  5 28 20 16    -7.86    -8.80     9.89    -345.3     13.35      6.21     8.409      43627    0    0    0    0    0
2017  5 28 20 17    -7.76    -8.65     9.96    -345.8     12.88      5.28     8.262      43274    0    0    0    0    0
2017  5 28 20 18    -7.59    -8.37    10.13    -345.7     13.00      4.09     8.119      41837    0    0    0    0    0
2017  5 28 20 19    -7.53    -8.16    10.24    -345.2     13.56      2.93     8.069      40110    0    0    0    0    0
2017  5 28 20 20    -7.53    -8.21    10.19    -345.9     12.75      2.09     8.166      42240    0    0    0    0    0
2017  5 28 20 21    -7.69    -8.95     9.90    -347.1     11.25      1.28     8.314      45624    0    0    0    0    0
2017  5 28 20 22    -8.08    -9.37     9.97    -346.7     12.99      1.77     8.322      45390    0    0    0    0    0
2017  5 28 20 23    -8.42    -9.27    10.18    -346.0     15.47      1.87     8.387      45094    0    0    0    0    0
2017  5 28 20 24    -8.52    -8.95    10.19    -345.3     16.71      1.05     8.511      44922    0    0    0    0    0
2017  5 28 20 25    -8.50    -8.56    10.10    -345.0     17.18      0.24     8.553      44787    0    0    0    0    0
2017  5 28 20 26    -8.52    -8.43    10.03    -344.8     17.28      0.35     8.388      44974    0    0    0    0    0
2017  5 28 20 27    -8.40    -8.16    10.69    -346.4     16.97      2.30     8.216      48959    0    0    0    0    0
2017  5 28 20 28    -8.29    -8.10    10.97    -348.6     16.54      5.38     8.220      55486    0    0    0    0    0
2017  5 28 20 29    -8.10    -7.77    11.57    -348.9     16.19      6.48     8.225      57174    0    0    0    0    0
2017  5 28 20 30    -7.94    -7.87    11.75    -348.8     16.65      7.05     8.110      57371    0    0    0    0    0
2017  5 28 20 31    -7.83    -7.90    11.65    -348.1     16.83      7.34     8.039      55408    0    0    0    0    0
2017  5 28 20 32    -7.79    -7.99    11.40    -347.5     18.12      7.47     8.031      53324    0    0    0    0    0
2017  5 28 20 33    -7.81    -8.04    11.17    -346.7     19.17      6.75     8.072      52554    0    0    0    0    0
2017  5 28 20 34    -7.84    -7.98    11.03    -345.4     19.06      5.87     8.155      52554    0    0    0    0    0
2017  5 28 20 35    -7.86    -7.87    10.99    -343.8     18.08      5.55     8.271      52168    0    0    0    0    0
2017  5 28 20 36    -8.08    -7.80    10.97    -341.7     17.70      5.28     8.376      47530    0    0    0    0    0
2017  5 28 20 37    -8.24    -7.74    10.93    -340.5     17.90      5.21     8.323      45752    0    0    0    0    0
2017  5 28 20 38    -8.24    -7.81    10.92    -340.2     18.42      5.30     8.247      45836    0    0    0    0    0
2017  5 28 20 39    -8.08    -7.97    10.93    -340.0     18.65      6.01     8.376      47557    0    0    0    0    0
2017  5 28 20 40    -7.51    -7.95    11.09    -340.1     18.93      7.12     8.592      49358    0    0    0    0    0
2017  5 28 20 41    -6.85    -7.86    11.20    -339.8     19.36      7.79     8.697      47673    0    0    0    0    0
2017  5 28 20 42    -6.58    -7.86    11.13    -338.6     19.74      8.09     8.692      45426    0    0    0    0    0
2017  5 28 20 43    -6.34    -7.86    11.10    -337.0     20.37      7.98     8.573      45005    0    0    0    0    0
2017  5 28 20 44    -7.20    -7.78    11.29    -336.0     20.33      7.81     8.354      44539    0    0    0    0    0
2017  5 28 20 45    -7.78    -7.61    11.32    -335.4     20.11      7.70     8.208      43615    0    0    0    0    0
2017  5 28 20 46    -7.91    -7.67    11.32    -335.8     20.18      7.67     8.105      43321    0    0    0    0    0
2017  5 28 20 47    -7.63    -7.75    11.32    -336.9     21.12      8.42     8.199      47381    0    0    0    0    0
2017  5 28 20 48    -6.57    -7.74    11.66    -337.7     21.74      8.65     8.578      47464    0    0    0    0    0
2017  5 28 20 49    -6.52    -7.66    11.71    -338.5     21.88      9.21     8.916      50405    0    0    0    0    0
2017  5 28 20 50    -6.52    -7.56    11.68    -340.2     20.51     10.21     9.186      59717    0    0    0    0    0
2017  5 28 20 51    -6.53    -7.51    11.53    -341.3     20.38     10.72     9.005      59451    0    0    0    0    0
2017  5 28 20 52    -6.81    -7.53    10.93    -344.5     19.75     14.00     8.587      59533    0    0    0    0    0
2017  5 28 20 53    -6.79    -7.64    10.96    -345.2     19.53     15.31     8.600      60806    0    0    0    0    0
2017  5 28 20 54    -6.73    -7.75    11.08    -345.8     19.51     15.88     8.628      61642    0    0    0    0    0
2017  5 28 20 55    -6.67    -7.90    11.18    -345.6     19.76     16.24     8.681      61622    0    0    0    0    0
2017  5 28 20 56    -6.55    -8.08    11.19    -344.5     20.70     15.32     8.621      58502    0    0    0    0    0
2017  5 28 20 57    -6.51    -8.17    11.19    -342.8     23.38     11.85     8.209      44285    0    0    0    0    0
2017  5 28 20 58    -6.64    -8.26    11.11    -342.3     23.75     11.04     8.214      42626    0    0    0    0    0
2017  5 28 20 59    -6.75    -8.22    11.04    -342.3     24.44     11.30     8.276      43225    0    0    0    0    0
2017  5 28 21  0    -6.70    -8.15    11.03    -342.5     25.07     11.67     8.286      43856    0    0    0    0    0
2017  5 28 21  1    -6.72    -8.12    11.01    -342.9     25.13     11.88     8.222      44483    0    0    0    0    0
2017  5 28 21  2    -6.72    -8.10    10.99    -343.0     24.44     12.07     8.219      44536    0    0    0    0    0
2017  5 28 21  3    -6.83    -8.04    10.90    -342.7     25.32     11.10     8.286      42992    0    0    0    0    0
2017  5 28 21  4    -6.72    -7.99    10.80    -342.3     26.65     10.06     8.420      38597    0    0    0    0    0
2017  5 28 21  5    -6.62    -7.98    10.81    -342.1     26.64      9.71     8.493      37368    0    0    0    0    0
2017  5 28 21  6    -6.62    -7.75    10.84    -342.1     23.43      8.88     8.443      37281    0    0    0    0    0
2017  5 28 21  7    -7.37    -6.90    11.10    -342.1     19.14      8.76     8.181      39464    0    0    0    0    0
2017  5 28 21  8    -7.56    -6.78    11.28    -342.4     17.34      9.92     8.133      45648    0    0    0    0    0
2017  5 28 21  9    -7.58    -6.69    11.32    -344.9     17.88     12.75     8.748      53909    0    0    0    0    0
2017  5 28 21 10    -7.03    -7.50    10.87    -347.2     19.15     12.95     9.166      53909    0    0    0    0    0
2017  5 28 21 11    -6.13    -8.39    10.60    -347.3     17.59     13.14    10.085      60250    0    0    0    0    0
2017  5 28 21 12    -6.21    -7.60    10.88    -346.2     15.16     12.73    10.674      66340    0    0    0    0    0
2017  5 28 21 13    -6.85    -5.84    11.29    -345.1     13.15     11.84    10.604      69217    0    0    0    0    0
2017  5 28 21 14    -6.92    -5.18    11.31    -344.7     12.46     11.01    10.334      71073    0    0    0    0    0
2017  5 28 21 15    -6.84    -5.59    11.46    -344.9     13.25      9.86    10.104      71073    0    0    0    0    0
2017  5 28 21 16    -6.94    -6.34    11.63    -345.4     14.18      9.24    10.388      70636    0    0    0    0    0
2017  5 28 21 17    -7.24    -6.56    11.68    -345.0     13.43      8.66    10.739      67681    0    0    0    0    0
2017  5 28 21 18    -7.31    -6.58    11.63    -343.6     11.69      8.23    11.165      61551    0    0    0    0    0
2017  5 28 21 19    -7.18    -6.93    11.44    -341.5     10.60      7.43    11.417      61551    0    0    0    0    0
2017  5 28 21 20    -7.03    -7.35    11.22    -340.3      9.31      6.95    11.300      61024    0    0    0    0    0
2017  5 28 21 21    -6.88    -7.63    11.08    -339.6      8.62      7.11    11.100      60560    0    0    0    0    0
2017  5 28 21 22    -6.77    -7.68    11.05    -338.4      8.44      7.63    10.996      60092    0    0    0    0    0
2017  5 28 21 23    -6.78    -7.61    10.98    -337.3      7.48      7.92    10.626      58425    0    0    0    0    0
2017  5 28 21 24    -6.99    -7.18    10.69    -337.0      6.85      8.49    10.626      58425    0    0    0    0    0
2017  5 28 21 25    -7.25    -6.73    10.68    -337.3      6.33      8.24    11.216      58346    0    0    0    0    0
2017  5 28 21 26    -7.43    -6.75    10.95    -337.8      6.37      7.41    11.187      56238    0    0    0    0    0
2017  5 28 21 27    -7.42    -6.89    11.06    -337.5      6.26      7.71    10.955      56235    0    0    0    0    0
2017  5 28 21 28    -7.24    -6.96    11.06    -337.3      5.94      7.84    10.965      56221    0    0    0    0    0
2017  5 28 21 29    -7.11    -6.96    11.01    -336.0      6.28      7.10    11.170      55998    0    0    0    0    0
2017  5 28 21 30    -7.00    -6.92    11.22    -335.4      5.38      5.77    11.215      55950    0    0    0    0    0
2017  5 28 21 31    -6.96    -6.66    11.43    -335.6      4.33      4.06    11.119      56270    0    0    0    0    0
2017  5 28 21 32    -6.97    -6.12    11.63    -336.1      4.22      3.56    11.091      56364    0    0    0    0    0
2017  5 28 21 33    -7.07    -5.86    11.82    -336.8      4.54      3.65    11.091      56025    0    0    0    0    0
2017  5 28 21 34    -7.19    -5.68    11.82    -338.1      5.72      4.28    10.854      53572    0    0    0    0    0
2017  5 28 21 35    -7.21    -5.59    11.57    -338.4      7.65      5.18    10.572      51899    0    0    0    0    0
2017  5 28 21 36    -7.28    -5.64    11.43    -337.7      7.73      5.65    10.319      51973    0    0    0    0    0
2017  5 28 21 37    -7.30    -5.54    11.44    -337.7      8.54      5.50    10.376      52745    0    0    0    0    0
2017  5 28 21 38    -7.09    -5.43    11.59    -340.1      8.69      5.47    10.892      55385    0    0    0    0    0
2017  5 28 21 39    -6.95    -5.30    11.71    -340.5     10.69      6.18    10.762      56441    0    0    0    0    0
2017  5 28 21 40    -7.08    -5.19    11.75    -340.0     12.67      6.79    10.004      52596    0    0    0    0    0
2017  5 28 21 41    -7.16    -5.20    11.80    -339.4     12.30      6.28     9.666      48392    0    0    0    0    0
2017  5 28 21 42    -7.18    -5.42    11.62    -338.7     10.73      4.87    10.284      48792    0    0    0    0    0
2017  5 28 21 43    -7.24    -5.89    11.13    -337.7      9.16      3.72    10.363      50647    0    0    0    0    0
2017  5 28 21 44    -7.26    -6.13    11.26    -337.0      9.32      4.24    10.665      56763    0    0    0    0    0
2017  5 28 21 45    -7.26    -6.14    11.26    -336.9      9.22      5.44    10.665      58782    0    0    0    0    0
2017  5 28 21 46    -7.25    -6.20    11.26    -336.7     10.20      6.20    10.841      63251    0    0    0    0    0
2017  5 28 21 47    -7.24    -6.29    11.22    -336.8     10.74      6.36    10.850      63476    0    0    0    0    0
2017  5 28 21 48    -7.03    -6.43    11.27    -338.0     10.10      6.20    11.015      64248    0    0    0    0    0
2017  5 28 21 49    -6.99    -6.53    11.11    -338.5      9.50      6.09    11.179      65435    0    0    0    0    0
2017  5 28 21 50    -6.89    -6.52    10.97    -338.3     10.32      6.20    11.330      65726    0    0    0    0    0
2017  5 28 21 51    -6.90    -6.40    11.03    -338.1     11.27      6.82    11.517      66992    0    0    0    0    0
2017  5 28 21 52    -6.93    -6.17    10.94    -338.1     11.49      7.12    11.508      67718    0    0    0    0    0
2017  5 28 21 53    -6.84    -6.01    11.08    -338.1     11.48      7.65    11.411      67604    0    0    0    0    0
2017  5 28 21 54    -6.52    -5.88    11.35    -337.8     12.14      8.64    11.107      66808    0    0    0    0    0
2017  5 28 21 55    -6.61    -5.61    11.36    -338.0     15.41      9.99    10.855      65483    0    0    0    0    0
2017  5 28 21 56    -6.65    -5.73    10.99    -339.0     16.78     11.05    10.825      66419    0    0    0    0    0
2017  5 28 21 57    -6.60    -5.65    10.90    -339.5     16.46     12.20    10.825      69489    0    0    0    0    0
2017  5 28 21 58    -6.66    -5.42    11.02    -340.2     15.62     12.89    10.928      72018    0    0    0    0    0
2017  5 28 21 59    -6.90    -5.11    11.19    -340.3     14.99     13.66    11.031      73732    0    0    0    0    0
2017  5 28 22  0    -7.11    -4.81    11.22    -340.7     15.40     14.21    11.202      76518    0    0    0    0    0
2017  5 28 22  1    -6.79    -4.52    11.23    -341.1     15.60     14.65    11.836      80846    0    0    0    0    0
2017  5 28 22  2    -6.46    -4.06    11.36    -340.4     15.64     15.01    12.115      82413    0    0    0    0    0
2017  5 28 22  3    -6.28    -3.56    11.54    -339.5     16.08     15.26    12.177      83279    0    0    0    0    0
2017  5 28 22  4    -6.23    -3.15    11.65    -340.2     16.72     14.80    12.270      84649    0    0    0    0    0
2017  5 28 22  5    -6.05    -3.15    11.72    -341.3     16.41     13.57    12.373      87038    0    0    0    0    0
2017  5 28 22  6    -5.86    -2.36    11.85    -340.8     16.15     13.10    12.472      90038    0    0    0    0    0
2017  5 28 22  7    -5.75    -1.66    11.97    -340.2     15.54     12.97    12.506      91433    0    0    0    0    0
2017  5 28 22  8    -5.64    -1.43    11.98    -340.2     14.73     12.81    12.428      91544    0    0    0    0    0
2017  5 28 22  9    -5.55    -1.09    11.93    -340.5     14.47     12.60    12.321      91548    0    0    0    0    0
2017  5 28 22 10    -5.56    -0.77    12.00    -340.7     14.61     12.65    12.272      91548    0    0    0    0    0
2017  5 28 22 11    -5.49    -0.66    12.08    -341.1     16.35     13.44    12.016      90159    0    0    0    0    0
2017  5 28 22 12    -5.23     0.06    12.25    -341.9     16.89     14.15    11.889      89406    0    0    0    0    0
2017  5 28 22 13    -4.89     0.28    12.60    -342.3     17.33     14.64    12.072      91050    0    0    0    0    0
2017  5 28 22 14    -4.69     0.33    12.67    -342.8     18.05     15.20    12.678      92807    0    0    0    0    0
2017  5 28 22 15    -4.81     0.31    12.54    -344.4     19.35     15.44    12.557      91784    0    0    0    0    0
2017  5 28 22 16    -4.94     0.29    12.34    -342.8     20.58     16.03    11.736      86418    0    0    0    0    0
2017  5 28 22 17    -4.91     0.34    12.29    -342.5     21.30     16.72    11.489      84171    0    0    0    0    0
2017  5 28 22 18    -4.86     0.44    12.28    -341.7     21.37     17.13    11.466      83926    0    0    0    0    0
2017  5 28 22 19    -4.84     0.53    12.25    -341.9     19.84     17.85    11.580      87587    0    0    0    0    0
2017  5 28 22 20    -4.57     0.79    12.04    -343.2     19.01     18.46    11.926      95296    0    0    0    0    0
2017  5 28 22 21    -4.59     0.84    11.86    -344.5     19.03     18.32    12.061      97088    0    0    0    0    0
2017  5 28 22 22    -4.59     1.00    11.70    -344.3     19.22     17.76    12.157      97127    0    0    0    0    0
2017  5 28 22 23    -4.60     0.96    11.69    -343.8     19.13     18.02    12.262      97328    0    0    0    0    0
2017  5 28 22 24    -4.61     0.55    11.48    -342.7     17.90     18.20    12.550      99826    0    0    0    0    0
2017  5 28 22 25    -4.51     0.96    11.41    -342.3     16.87     18.26    12.589     100159    0    0    0    0    0
2017  5 28 22 26    -4.47     1.03    11.44    -342.2     16.33     18.04    12.589     100159    0    0    0    0    0
2017  5 28 22 27    -4.41     1.30    11.77    -344.8     14.75     17.90    12.913     101618    0    0    0    0    0
2017  5 28 22 28    -4.36     0.79    11.78    -345.6     14.44     18.12    13.109     103209    0    0    0    0    0
2017  5 28 22 29    -4.26     0.71    11.73    -347.0     12.45     18.38    13.363     104521    0    0    0    0    0
2017  5 28 22 30    -4.17     0.93    11.66    -347.1     11.64     18.27    13.398     105323    0    0    0    0    0
2017  5 28 22 31    -4.12     0.83    11.63    -347.1     11.40     17.87    13.253     102852    0    0    0    0    0
2017  5 28 22 32    -4.07     0.76    11.57    -347.1     12.43     17.49    13.146     101034    0    0    0    0    0
2017  5 28 22 33    -4.15     0.68    11.53    -346.6     14.10     17.33    13.195     101423    0    0    0    0    0
2017  5 28 22 34    -4.26     0.48    11.55    -346.1     14.86     17.24    13.247     101836    0    0    0    0    0
2017  5 28 22 35    -4.27     0.38    11.61    -346.0     14.47     17.21    13.247     101836    0    0    0    0    0
2017  5 28 22 36    -4.24     0.33    11.64    -345.9     13.87     17.02    13.285     102622    0    0    0    0    0
2017  5 28 22 37    -4.20     0.21    11.65    -345.8     13.96     16.64    13.348     103921    0    0    0    0    0
2017  5 28 22 38    -4.17     0.11    11.67    -345.4     15.77     16.24    13.043     101719    0    0    0    0    0
2017  5 28 22 39    -4.23    -0.05    11.67    -344.4     18.92     15.71    12.350      96714    0    0    0    0    0
2017  5 28 22 40    -4.50    -0.22    11.67    -343.4     19.61     14.61    12.350      96714    0    0    0    0    0
2017  5 28 22 41    -4.64     0.02    11.67    -343.0     20.98     13.39    12.421      97800    0    0    0    0    0
2017  5 28 22 42    -4.73    -0.23    11.66    -342.8     22.43     12.92    12.570      97872    0    0    0    0    0
2017  5 28 22 43    -4.70    -0.52    11.70    -342.8     22.66     12.64    12.585      97792    0    0    0    0    0
2017  5 28 22 44    -4.69    -0.54    11.70    -342.9     21.37     11.54    12.414      96727    0    0    0    0    0
2017  5 28 22 45    -4.76    -1.10    11.84    -343.2     21.31     11.29    12.402      96650    0    0    0    0    0
2017  5 28 22 46    -4.70    -1.11    11.88    -342.9     21.10     11.71    12.532      96650    0    0    0    0    0
2017  5 28 22 47    -4.69    -1.02    11.81    -342.9     20.67     11.41    12.597      96218    0    0    0    0    0
2017  5 28 22 48    -4.57    -1.08    11.80    -343.9     21.12     11.37    12.590      93737    0    0    0    0    0
2017  5 28 22 49    -4.57    -1.20    11.85    -343.6     22.18     11.15    12.454      93051    0    0    0    0    0
2017  5 28 22 50    -4.59    -1.29    11.86    -343.2     23.59     11.22    12.454      93051    0    0    0    0    0
2017  5 28 22 51    -4.60    -1.30    11.85    -343.3     25.16     11.30    12.454      92322    0    0    0    0    0
2017  5 28 22 52    -4.79    -1.32    11.67    -343.9     28.66     11.54    12.240      90633    0    0    0    0    0
2017  5 28 22 53    -4.79    -1.36    11.67    -343.7     28.86     11.54    12.268      90871    0    0    0    0    0
2017  5 28 22 54    -4.84    -1.44    11.61    -341.8     26.93     11.68    12.675      94444    0    0    0    0    0
2017  5 28 22 55    -4.98    -1.71    11.47    -340.8     26.24     11.72    12.829      95635    0    0    0    0    0
2017  5 28 22 56    -5.06    -2.03    11.38    -340.3     27.27     11.65    12.855      95488    0    0    0    0    0
2017  5 28 22 57    -5.06    -2.43    11.34    -339.9     29.39     11.92    12.888      95147    0    0    0    0    0
2017  5 28 22 58    -5.09    -2.90    11.14    -339.8     31.07     12.86    12.910      94887    0    0    0    0    0
2017  5 28 22 59    -5.10    -3.12    10.95    -340.1     32.43     13.83    12.789      94833    0    0    0    0    0
2017  5 28 23  0    -5.02    -2.92    10.96    -340.7     33.23     14.72    12.628      94187    0    0    0    0    0
2017  5 28 23  1    -4.99    -2.90    10.94    -341.0     33.07     15.30    12.603      93760    0    0    0    0    0
2017  5 28 23  2    -5.03    -3.05    10.87    -341.0     33.23     16.19    12.565      93790    0    0    0    0    0
2017  5 28 23  3    -5.14    -3.09    10.84    -341.0     33.58     16.65    12.453      93807    0    0    0    0    0
2017  5 28 23  4    -5.20    -3.96    10.82    -341.6     34.62     16.16    12.229      93316    0    0    0    0    0
2017  5 28 23  5    -5.12    -4.46    10.81    -341.9     36.18     16.05    11.924      89886    0    0    0    0    0
2017  5 28 23  6    -5.20    -4.63    10.67    -341.5     36.60     15.95    11.855      88952    0    0    0    0    0
2017  5 28 23  7    -5.25    -4.61    10.57    -340.7     36.74     15.51    12.204      91070    0    0    0    0    0
2017  5 28 23  8    -5.24    -4.56    10.47    -340.2     36.65     15.01    12.458      93099    0    0    0    0    0
2017  5 28 23  9    -5.22    -4.56    10.48    -340.9     36.83     14.83    12.458      94177    0    0    0    0    0
2017  5 28 23 10    -5.21    -4.72    10.17    -341.7     37.36     16.01    12.564      95960    0    0    0    0    0
2017  5 28 23 11    -5.26    -4.77    10.03    -341.2     37.47     16.41    12.624      96439    0    0    0    0    0
2017  5 28 23 12    -5.29    -4.64    10.14    -340.8     36.67     15.08    12.733      96466    0    0    0    0    0
2017  5 28 23 13    -5.23    -4.54    10.22    -340.5     34.99     13.63    12.854      96485    0    0    0    0    0
2017  5 28 23 14    -5.17    -4.12    10.45    -340.5     32.73     12.79    12.973      96485    0    0    0    0    0
2017  5 28 23 15    -5.18    -3.63    10.77    -340.7     30.68     12.01    13.032      94895    0    0    0    0    0
2017  5 28 23 16    -5.27    -3.97    10.76    -340.8     29.99     11.58    13.032      93670    0    0    0    0    0
2017  5 28 23 17    -5.38    -3.85    10.63    -341.0     28.68     10.56    12.951      93216    0    0    0    0    0
2017  5 28 23 18    -5.38    -3.83    10.59    -341.4     27.26      9.84    12.851      92968    0    0    0    0    0
2017  5 28 23 19    -5.29    -3.46    10.76    -342.2     27.02     10.00    12.828      92425    0    0    0    0    0
2017  5 28 23 20    -5.13    -3.31    10.81    -342.9     28.28     10.19    12.944      89855    0    0    0    0    0
2017  5 28 23 21    -5.08    -3.62    10.72    -342.8     32.43     11.61    12.984      89660    0    0    0    0    0
2017  5 28 23 22    -5.21    -3.84    10.57    -342.9     38.28     12.19    13.019      92037    0    0    0    0    0
2017  5 28 23 23    -5.44    -3.90    10.44    -342.8     39.17     12.58    13.112      92213    0    0    0    0    0
2017  5 28 23 24    -5.45    -5.52    10.28    -342.3     39.35     13.41    13.122      92213    0    0    0    0    0
2017  5 28 23 25    -5.46    -6.14    10.13    -341.9     40.75     14.20    12.942      93718    0    0    0    0    0
2017  5 28 23 26    -5.44    -6.16    10.09    -341.6     41.33     15.29    12.833      94178    0    0    0    0    0
2017  5 28 23 27    -5.42    -5.64    10.39    -341.6     43.13     16.02    12.759      93640    0    0    0    0    0
2017  5 28 23 28    -5.42    -5.18    10.48    -341.0     44.96     16.29    12.608      92545    0    0    0    0    0
2017  5 28 23 29    -5.40    -5.30    10.65    -340.9     46.68     16.59    12.533      92033    0    0    0    0    0
2017  5 28 23 30    -5.41    -5.05    10.88    -340.9     48.05     17.13    12.409      91193    0    0    0    0    0
2017  5 28 23 31    -5.50    -4.68    11.08    -340.6     46.72     17.28    12.226      89224    0    0    0    0    0
2017  5 28 23 32    -5.60    -4.48    11.39    -340.4     44.75     16.84    12.016      86238    0    0    0    0    0
2017  5 28 23 33    -5.66    -4.24    11.62    -340.6     43.33     15.66    11.902      84611    0    0    0    0    0
2017  5 28 23 34    -5.65    -3.82    11.64    -340.8     42.63     14.79    11.933      85374    0    0    0    0    0
2017  5 28 23 35    -5.52    -3.45    11.60    -340.8     42.38     14.40    11.983      86870    0    0    0    0    0
2017  5 28 23 36    -5.36    -3.27    11.73    -341.3     42.20     14.05    12.003      87519    0    0    0    0    0
2017  5 28 23 37    -5.46    -3.25    12.05    -341.6     41.84     13.86    12.037      88015    0    0    0    0    0
2017  5 28 23 38    -5.56    -3.14    12.15    -343.4     41.41     13.25    12.258      88204    0    0    0    0    0
2017  5 28 23 39    -5.56    -3.11    12.15    -343.9     42.07     13.39    12.268      85272    0    0    0    0    0
2017  5 28 23 40    -5.68    -2.74    12.10    -344.0     43.21     13.29    12.251      82808    0    0    0    0    0
2017  5 28 23 41    -5.94    -2.55    11.92    -344.3     43.50     13.11    12.089      82553    0    0    0    0    0
2017  5 28 23 42    -5.68    -2.42    11.73    -344.0     43.48     13.05    11.843      81655    0    0    0    0    0
2017  5 28 23 43    -5.70    -2.41    11.73    -343.5     43.13     13.60    10.878      75057    0    0    0    0    0
2017  5 28 23 44    -6.34    -2.24    11.73    -342.8     42.42     13.89    10.878      74716    0    0    0    0    0
2017  5 28 23 45    -6.42    -2.00    11.62    -342.2     41.74     13.88    11.025      74682    0    0    0    0    0
2017  5 28 23 46    -6.43    -1.84    11.52    -342.0     41.39     13.82    11.081      74704    0    0    0    0    0
2017  5 28 23 47    -6.42    -1.63    11.48    -341.9     40.68     13.46    11.111      75029    0    0    0    0    0
2017  5 28 23 48    -6.29    -1.55    11.55    -341.7     40.06     13.08    11.299      76787    0    0    0    0    0
2017  5 28 23 49    -6.09    -1.44    11.58    -341.5     40.04     13.27    11.366      77401    0    0    0    0    0
2017  5 28 23 50    -5.91    -1.37    11.67    -341.5     40.21     13.56    11.344      76571    0    0    0    0    0
2017  5 28 23 51    -5.67    -1.22    11.71    -341.3     42.10     13.72    11.261      75562    0    0    0    0    0
2017  5 28 23 52    -5.42    -1.13    11.91    -341.2     44.60     13.88    11.226      74607    0    0    0    0    0
2017  5 28 23 53    -5.59    -1.41    11.92    -341.0     46.44     14.07    11.325      74270    0    0    0    0    0
2017  5 28 23 54    -5.69    -1.90    11.82    -340.8     47.42     14.08    11.568      74865    0    0    0    0    0
2017  5 28 23 55    -5.58    -1.80    11.79    -340.6     47.48     14.14    11.695      75279    0    0    0    0    0
2017  5 28 23 56    -5.53    -1.39    11.92    -340.2     47.09     14.45    11.667      75218    0    0    0    0    0
2017  5 28 23 57    -5.44     0.03    12.10    -340.2     44.47     14.66    11.454      75156    0    0    0    0    0
2017  5 28 23 58    -5.14     2.72    12.26    -341.7     39.29     13.65    11.173      73687    0    0    0    0    0
2017  5 28 23 59    -4.93     3.61    12.37    -342.4     40.09     13.04    10.903      73117    0    0    0    0    0
2017  5 29  0  0    -5.02     3.68    12.41    -341.5     41.05     13.16    10.750      69090    0    0    0    0    0
2017  5 29  0  1    -5.06     3.74    12.41    -341.0     41.25     13.61    10.729      68341    0    0    0    0    0
2017  5 29  0  2    -4.90     4.17    12.37    -340.7     41.43     13.76    10.729      68341    0    0    0    0    0
2017  5 29  0  3    -4.37     4.28    12.36    -345.8     26.97     12.51     9.895      58505    0    0    0    0    0
2017  5 29  0  4    -3.06     6.28    11.70    -349.3     17.17     14.29    10.499      50249    0    0    0    0    0
2017  5 29  0  5    -2.64     8.23    11.00    -348.3     19.62     13.81    10.563      48523    0    0    0    0    0
2017  5 29  0  6    -2.88     8.31    10.89    -347.9     20.14     13.62    10.574      48235    0    0    0    0    0
2017  5 29  0  7    -3.35     7.54    11.20    -347.6     22.39     13.49    10.523      46712    0    0    0    0    0
2017  5 29  0  8    -3.64     6.69    11.73    -347.4     30.92     13.70    10.056      45571    0    0    0    0    0
2017  5 29  0  9    -3.73     6.35    11.93    -346.5     34.13     13.76     9.814      45335    0    0    0    0    0
2017  5 29  0 10    -3.82     6.24    12.03    -345.8     32.51     12.20     9.737      45837    0    0    0    0    0
2017  5 29  0 11    -3.89     6.28    12.10    -345.5     30.36     10.66     9.715      47144    0    0    0    0    0
2017  5 29  0 12    -3.82     6.27    12.02    -344.9     30.35     10.77     9.715      48728    0    0    0    0    0
2017  5 29  0 13    -3.71     6.10    11.83    -344.1     30.84     10.91     9.723      49987    0    0    0    0    0
2017  5 29  0 14    -3.63     6.02    11.64    -343.7     31.28     11.07     9.750      50475    0    0    0    0    0
2017  5 29  0 15    -3.63     5.89    11.59    -343.4     32.20     11.12     9.739      50991    0    0    0    0    0
2017  5 29  0 16    -3.66     5.89    11.58    -342.0     34.77     10.70     9.671      51500    0    0    0    0    0
2017  5 29  0 17    -3.76     5.52    11.78    -340.8     35.11     10.69     8.889      51560    0    0    0    0    0
2017  5 29  0 18    -3.85     5.13    12.23    -339.7     34.42     10.92     8.756      50978    0    0    0    0    0
2017  5 29  0 19    -3.87     4.85    12.44    -339.3     33.92     11.08     8.990      50500    0    0    0    0    0
2017  5 29  0 20    -3.78     4.84    12.27    -339.5     34.94     11.01     9.089      50955    0    0    0    0    0
2017  5 29  0 21    -3.59     4.82    12.22    -339.1     36.24     11.17     9.138      52334    0    0    0    0    0
2017  5 29  0 22    -3.42     4.67    12.25    -338.3     36.75     11.50     9.180      53481    0    0    0    0    0
2017  5 29  0 23    -3.31     4.49    12.29    -337.7     36.99     11.77     9.127      52673    0    0    0    0    0
2017  5 29  0 24    -3.20     4.41    12.34    -336.7     38.44     11.82     9.117      49766    0    0    0    0    0
2017  5 29  0 25    -3.03     4.22    12.38    -335.6     41.84     11.24     9.877      48218    0    0    0    0    0
2017  5 29  0 26    -4.03     3.85    12.45    -334.7     45.44     10.53     9.966      48038    0    0    0    0    0
2017  5 29  0 27    -4.36     3.66    12.46    -335.3     46.94     10.02     9.374      52324    0    0    0    0    0
2017  5 29  0 28    -4.34     3.46    12.34    -335.5     47.91      9.44     9.264      53296    0    0    0    0    0
2017  5 29  0 29    -4.54     3.31    12.38    -335.6     47.50      8.84     9.423      53320    0    0    0    0    0
2017  5 29  0 30    -4.33     3.07    12.30    -335.7     47.03      7.74     9.890      52113    0    0    0    0    0
2017  5 29  0 31    -4.37     2.85    12.42    -336.1     47.55      7.50    10.414      52002    0    0    0    0    0
2017  5 29  0 32    -4.31     3.67    12.35    -338.3     49.44      8.23    10.343      52778    0    0    0    0    0
2017  5 29  0 33    -4.34     3.29    12.35    -338.8     51.00      8.74     9.857      51659    0    0    0    0    0
2017  5 29  0 34    -4.42     3.01    12.27    -338.9     50.52      8.92     9.434      49116    0    0    0    0    0
2017  5 29  0 35    -4.46     3.28    12.16    -338.5     47.93      8.74     9.472      47831    0    0    0    0    0
2017  5 29  0 36    -4.41     3.23    12.23    -338.4     45.02      8.92     9.356      48316    0    0    0    0    0
2017  5 29  0 37    -4.37     3.19    12.43    -338.8     41.64      9.33     9.194      49871    0    0    0    0    0
2017  5 29  0 38    -4.10     4.07    12.23    -339.6     38.46      9.28     9.223      51548    0    0    0    0    0
2017  5 29  0 39    -3.68     4.37    12.29    -341.8     39.25      8.44    10.192      53072    0    0    0    0    0
2017  5 29  0 40    -3.56     3.74    12.36    -344.0     40.38      7.66    10.369      53115    0    0    0    0    0
2017  5 29  0 41    -3.47     4.17    12.32    -343.5     39.53      7.76    10.334      52572    0    0    0    0    0
2017  5 29  0 42    -3.53     4.69    12.05    -342.7     37.51      8.10    10.102      50673    0    0    0    0    0
2017  5 29  0 43    -3.72     4.78    11.99    -341.2     36.87      8.56    10.102      50673    0    0    0    0    0
2017  5 29  0 44    -3.76     3.69    12.29    -343.3     38.19      9.87    10.328      55138    0    0    0    0    0
2017  5 29  0 45    -3.64     3.87    12.31    -345.4     39.95      9.44    10.324      55165    0    0    0    0    0
2017  5 29  0 46    -3.58     4.24    12.27    -344.9     39.59      9.14    10.251      53397    0    0    0    0    0
2017  5 29  0 47    -3.64     4.49    12.19    -344.2     38.95      9.10    10.125      50066    0    0    0    0    0
2017  5 29  0 48    -3.90     4.66    11.96    -349.7     37.26      8.91    10.536      57269    0    0    0    0    0
2017  5 29  0 49    -3.54     5.34    11.70    -348.9     36.36      8.62    10.781      57269    0    0    0    0    0
2017  5 29  0 50    -3.09     5.68    11.62    -347.0     36.03      8.54    10.881      55558    0    0    0    0    0
2017  5 29  0 51    -2.66     5.63    11.59    -347.0     35.12      8.17    10.867      52938    0    1    1    1    1
2017  5 29  0 52    -1.38     6.39    11.53    -349.5     30.24     -2.11    10.745      49467    1    1    1    1    1
2017  5 29  0 53    -0.03     6.71    11.59    -354.6     27.27     -2.40    10.773      50245    0    0    0    0    0
2017  5 29  0 54     0.19     6.72    11.56    -354.9     26.33     -2.26    10.803      50449    0    0    0    0    0
2017  5 29  0 55     0.22     7.00    11.42    -354.9     26.19     -2.86    10.360      47674    0    0    0    0    0
2017  5 29  0 56     0.13     7.05    11.39    -353.3     26.77     -2.99    10.262      45642    0    0    0    0    0
2017  5 29  0 57    -0.09     7.02    11.40    -351.0     27.37     -2.84    10.239      44275    0    0    0    0    0
2017  5 29  0 58    -0.46     6.95    11.43    -348.3     27.86     -2.52    10.201      43404    0    0    0    0    0
2017  5 29  0 59    -0.70     6.92    11.45    -346.7     27.97     -2.45    10.192      43201    0    0    0    0    0
2017  5 29  1  0    -0.99     6.92    11.44    -346.1     27.92     -2.46    10.192      43201    0    0    0    0    0
2017  5 29  1  1    -1.16     7.30    10.95    -346.3     24.28      0.03    10.392      44486    0    0    0    0    0
2017  5 29  1  2     0.12     6.28    11.49    -356.0     32.34     -1.84    11.736      49322    0    0    0    0    0
2017  5 29  1  3     0.88     6.23    11.49    -356.0     32.35     -1.85    11.736      49322    0    0    0    0    0
2017  5 29  1  4     0.88     6.23    11.44    -355.4     29.62     -1.74    11.551      47064    0    0    0    0    0
2017  5 29  1  5     0.50     5.80    11.75    -355.9     31.11      7.40    10.874      45499    0    0    0    0    0
2017  5 29  1  6     0.75     5.69    11.82    -355.9     35.09      7.03    10.862      45474    0    0    0    0    0
2017  5 29  1  7     0.59     5.43    11.96    -354.4     36.16      6.76    11.385      50796    0    0    0    0    0
2017  5 29  1  8     0.38     5.26    12.01    -353.0     36.78      6.93    11.553      52510    0    0    0    0    0
2017  5 29  1  9     0.21     5.16    12.00    -352.7     37.02      7.40    11.054      48847    0    0    0    0    0
2017  5 29  1 10     0.08     5.23    11.93    -355.5     38.97      5.34    10.564      44440    0    0    0    0    0
2017  5 29  1 11     0.18     5.18    12.09    -355.2     38.08      4.53    10.563      44362    0    0    0    0    0
2017  5 29  1 12     0.34     5.21    12.09    -355.8     37.37      4.81    10.782      44782    0    0    0    0    0
2017  5 29  1 13    -0.15     6.11    11.65    -357.1     35.84      4.85    10.817      48903    0    0    0    0    0
2017  5 29  1 14     0.19     7.16    10.96    -359.5     33.58      5.02    10.813      51530    0    0    0    0    0
2017  5 29  1 15     0.59     7.78    10.47    -360.9     32.26      6.25    10.809      54488    0    0    0    0    0
2017  5 29  1 16     1.14     8.04    10.26    -359.5     31.58      7.09    10.809      55397    0    0    0    0    0
2017  5 29  1 17     1.24     8.05    10.22    -357.8     31.42      7.44    10.705      53855    0    0    0    0    0
2017  5 29  1 18     0.33     7.77    10.39    -356.0     32.12      7.28    10.409      49448    0    0    0    0    0
2017  5 29  1 19    -1.15     7.00    10.70    -353.3     33.32      7.04    10.074      46810    0    0    0    0    0
2017  5 29  1 20    -2.19     6.33    11.03    -350.6     34.11      6.96     9.856      45094    0    0    0    0    0
2017  5 29  1 21    -2.41     5.87    11.41    -347.9     34.11      7.18     9.856      45094    0    0    0    0    0
2017  5 29  1 22    -2.46     5.73    11.56    -344.7     34.84      7.57    10.049      46987    0    0    0    0    0
2017  5 29  1 23    -2.43     5.73    11.59    -341.3     35.90      8.02    10.332      49758    0    0    0    0    0
2017  5 29  1 24    -2.37     5.43    11.61    -338.3     37.25      8.20    10.643      52064    0    0    0    0    0
2017  5 29  1 25    -2.29     4.91    11.61    -335.5     38.79      8.18    10.973      54038    0    0    0    0    0
2017  5 29  1 26    -2.02     4.75    11.83    -334.2     39.47      7.93    11.068      54466    0    0    0    0    0
2017  5 29  1 27    -1.79     4.69    12.03    -335.1     41.87      6.61    11.080      52375    0    0    0    0    0
2017  5 29  1 28    -1.89     4.61    12.10    -337.3     49.30      6.80    10.935      52077    0    0    0    0    0
2017  5 29  1 29    -1.94     4.56    12.11    -337.1     50.06      7.94    10.536      52909    0    0    0    0    0
2017  5 29  1 30    -1.94     4.47    12.11    -336.0     51.98      8.77    10.197      52909    0    0    0    0    0
2017  5 29  1 31    -1.89     4.47    12.11    -336.1     52.89      9.76     9.674      49822    0    0    0    0    0
2017  5 29  1 32    -1.70     4.21    12.12    -337.1     51.42      9.39     9.753      49990    0    0    0    0    0
2017  5 29  1 33    -1.55     4.10    12.14    -337.6     51.12      9.25    10.048      51449    0    0    0    0    0
2017  5 29  1 34    -1.46     4.03    12.17    -337.2     52.49      9.19    10.551      51449    0    0    0    0    0
2017  5 29  1 35    -1.47     3.71    12.12    -335.8     53.15      9.20    10.982      51449    0    0    0    0    0
2017  5 29  1 36    -1.86     3.76    12.05    -336.9     51.78      9.14    11.107      52440    0    0    0    0    0
2017  5 29  1 37    -2.12     3.60    11.87    -339.1     48.80      8.38    10.841      51690    0    0    0    0    0
2017  5 29  1 38    -2.28     3.60    11.85    -339.3     49.97      8.15    10.715      50172    0    0    0    0    0
2017  5 29  1 39    -2.51     3.50    11.85    -339.3     52.69      8.28    10.760      49542    0    0    0    0    0
2017  5 29  1 40    -2.27     3.47    11.80    -339.0     53.75      9.33    11.215      53209    0    0    0    0    0
2017  5 29  1 41    -1.84     3.61    11.74    -339.0     52.31     10.62    11.736      58075    0    0    0    0    0
2017  5 29  1 42    -1.82     4.12    11.59    -338.8     50.05     10.54    11.733      58311    0    0    0    0    0
2017  5 29  1 43    -1.89     4.88    11.37    -337.7     48.51     10.38    11.529      57245    0    0    0    0    0
2017  5 29  1 44    -1.90     5.57    11.18    -336.9     45.17     10.63    10.785      53478    0    0    0    0    0
2017  5 29  1 45    -2.04     5.57    11.16    -336.8     40.14     10.38    10.465      53623    0    0    0    0    0
2017  5 29  1 46    -1.63     5.92    10.91    -337.9     38.48      9.44    10.231      55246    0    0    0    0    0
2017  5 29  1 47    -1.63     6.05    10.86    -338.0     37.62      9.65    10.169      55321    0    0    0    0    0
2017  5 29  1 48    -1.48     6.19    10.85    -338.9     36.17     10.04    10.007      55319    0    0    0    0    0
2017  5 29  1 49    -1.30     6.10    11.00    -340.3     36.38     10.02    10.014      55247    0    0    0    0    0
2017  5 29  1 50    -1.39     6.17    11.13    -340.3     37.85     11.19    10.018      54947    0    0    0    0    0
2017  5 29  1 51    -1.36     6.26    11.10    -339.4     40.55     12.47     9.962      53148    0    0    0    0    0
2017  5 29  1 52    -1.28     6.31    11.00    -338.7     42.46     12.83     9.863      51258    0    0    0    0    0
2017  5 29  1 53    -1.24     6.45    10.90    -339.1     38.58     11.43     9.785      50721    0    0    0    0    0
2017  5 29  1 54    -1.31     6.64    10.72    -339.6     33.71      9.29     9.517      50583    0    0    0    0    0
2017  5 29  1 55    -1.43     7.26    10.30    -339.5     33.21      8.22     8.642      50454    0    0    0    0    0
2017  5 29  1 56    -1.48     7.80    10.02    -339.2     31.71      7.78     8.009      47728    0    0    0    0    0
2017  5 29  1 57    -1.56     7.81    10.01    -338.8     28.83      7.70     7.929      43287    0    0    0    0    0
2017  5 29  1 58    -1.71     7.93     9.98    -337.9     26.66      7.70     8.232      40892    0    0    0    0    0
2017  5 29  1 59    -1.78     8.18     9.91    -337.1     26.47      7.42     9.277      41074    0    0    0    0    0
2017  5 29  2  0    -1.74     8.18     9.89    -337.3     26.10      6.95     9.277      42369    0    0    0    0    0
2017  5 29  2  1    -1.52     8.36     9.78    -338.5     26.59      6.46     9.332      43435    0    0    0    0    0
2017  5 29  2  2    -1.52     8.32     9.82    -337.6     27.12      6.28     9.429      43447    0    0    0    0    0
2017  5 29  2  3    -1.51     8.18     9.91    -336.7     27.48      6.17     9.441      43379    0    0    0    0    0
2017  5 29  2  4    -1.40     8.01    10.07    -337.3     28.37      6.03     9.487      42511    0    0    0    0    0
2017  5 29  2  5    -1.24     7.68    10.17    -337.6     28.85      5.61     9.487      42511    0    0    0    0    0
2017  5 29  2  6    -1.22     7.67    10.18    -337.7     28.35      5.53     9.427      42400    0    0    0    0    0
2017  5 29  2  7    -1.36     7.86    10.06    -338.1     27.24      5.74     9.115      42006    0    0    0    0    0
2017  5 29  2  8    -1.71     8.33     9.70    -339.4     25.56      7.38     8.853      42489    0    0    0    0    0
2017  5 29  2  9    -1.78     8.20     9.79    -339.7     24.91      8.58     8.718      42971    0    0    0    0    0
2017  5 29  2 10    -1.69     7.61    10.21    -340.0     26.00      7.97     8.042      42971    0    0    0    0    0
2017  5 29  2 11    -1.52     7.93     9.90    -341.2     26.95      7.35     8.727      45432    0    0    0    0    0
2017  5 29  2 12    -1.43     8.34     9.63    -341.5     27.03      6.85     9.492      46097    0    0    0    0    0
2017  5 29  2 13    -1.18     8.13     9.73    -340.4     26.91      6.62     9.586      45387    0    0    0    0    0
2017  5 29  2 14    -1.18     7.91     9.84    -339.5     26.25      6.63     9.359      43386    0    0    0    0    0
2017  5 29  2 15    -1.36     8.01     9.84    -339.2     25.90      6.61     8.995      40727    0    0    0    0    0
2017  5 29  2 16    -1.48     8.21     9.78    -339.2     26.42      6.33     8.828      39482    0    0    0    0    0
2017  5 29  2 17    -1.53     8.34     9.65    -339.2     26.91      6.17     8.975      39808    0    0    0    0    0
2017  5 29  2 18    -1.51     8.48     9.54    -339.4     27.54      6.18     9.138      41703    0    0    0    0    0
2017  5 29  2 19    -1.48     8.48     9.55    -339.9     28.15      6.15     9.032      43185    0    0    0    0    0
2017  5 29  2 20    -1.48     8.22     9.77    -340.4     28.33      6.08     8.945      43185    0    0    0    0    0
2017  5 29  2 21    -1.50     8.04     9.93    -341.2     28.23      6.15     8.901      43634    0    0    0    0    0
2017  5 29  2 22    -1.44     7.92    10.01    -341.4     28.24      6.46     8.889      44374    0    0    0    0    0
2017  5 29  2 23    -1.54     7.60    10.16    -341.7     28.57      6.13     8.889      45004    0    0    0    0    0
2017  5 29  2 24    -1.60     7.67    10.24    -342.8     29.73      5.75     8.915      45078    0    0    0    0    0
2017  5 29  2 25    -1.49     7.63    10.06    -343.2     28.95      5.78     8.938      44584    0    0    0    0    0
2017  5 29  2 26    -0.52     8.23     9.77    -344.3     27.62      5.56     8.948      41677    0    0    0    0    0
2017  5 29  2 27    -0.64     8.10     9.78    -344.6     27.58      5.58     8.952      42288    0    0    0    0    0
2017  5 29  2 28    -0.83     8.20     9.70    -344.1     27.61      5.75     8.976      44111    0    0    0    0    0
2017  5 29  2 29    -0.85     8.03     9.72    -343.1     27.54      6.18     9.035      45805    0    0    0    0    0
2017  5 29  2 30    -0.85     8.64     9.34    -343.0     26.67      7.29     9.106      46357    0    0    0    0    0
2017  5 29  2 31    -0.76     8.95     8.93    -344.4     24.35      8.40     9.199      45976    0    0    0    0    0
2017  5 29  2 32    -0.39     9.20     8.67    -345.9     23.10      9.22     9.143      44958    0    0    0    0    0
2017  5 29  2 33    -0.18     9.37     8.47    -346.3     22.75     10.52     9.091      45772    0    0    0    0    0
2017  5 29  2 34    -0.15     9.44     8.36    -345.1     22.63     11.24     9.091      47472    0    0    0    0    0
2017  5 29  2 35    -0.15     9.45     8.32    -343.8     22.57     11.26     9.128      49886    0    0    0    0    0
2017  5 29  2 36    -0.15     9.48     8.27    -343.4     23.11     11.04     9.282      52681    0    0    0    0    0
2017  5 29  2 37    -0.20     9.32     8.42    -343.3     23.80     10.55     9.325      52650    0    1    1    1    1
2017  5 29  2 38    -0.59     9.34     8.26    -343.0     26.65      9.63     9.589      52378    0    1    1    2    2
2017  5 29  2 39    -0.60     9.43     8.06    -343.3     30.52      8.48     9.878      52115    0    1    1    1    1
2017  5 29  2 40    -0.51     9.38     8.12    -343.1     32.43      7.56    10.136      52515    0    0    0    0    0
2017  5 29  2 41    -0.99     8.83     8.67    -342.3     34.82      5.56    10.276      56513    0    0    0    0    0
2017  5 29  2 42    -0.78     9.39     8.04    -341.7     33.79      5.52    10.282      56713    0    0    0    0    0
2017  5 29  2 43    -0.73     9.39     8.00    -340.8     32.02      6.44     9.871      54371    0    0    0    0    0
2017  5 29  2 44    -0.82     9.29     8.16    -339.5     30.18      8.04     9.251      51130    0    0    0    0    0
2017  5 29  2 45    -0.93     9.32     8.15    -338.3     29.19      8.96     8.812      48924    0    0    0    0    0
2017  5 29  2 46    -0.91     9.55     7.86    -337.9     30.12      7.32     8.805      48839    0    0    0    0    0
2017  5 29  2 47    -0.86     9.41     8.08    -338.2     31.97      4.25     8.871      48604    0    0    0    0    0
2017  5 29  2 48    -1.16     8.97     8.58    -338.7     32.28      4.40     9.011      48202    0    0    0    0    0
2017  5 29  2 49    -1.37     8.83     8.34    -338.4     31.71      5.38     8.993      47233    0    0    0    0    0
2017  5 29  2 50    -1.34     8.93     7.87    -337.5     30.33      6.65     8.769      46628    0    0    0    0    0
2017  5 29  2 51    -1.28     8.83     7.95    -336.6     30.17      6.63     8.101      46986    0    0    0    0    0
2017  5 29  2 52    -1.36     8.62     8.24    -334.8     32.01      6.65     9.045      51272    0    0    0    0    0
2017  5 29  2 53    -1.82     8.21     8.48    -333.5     34.58      5.88     9.518      53667    0    0    0    0    0
2017  5 29  2 54    -2.46     7.63     8.81    -332.8     36.26      5.45     9.793      55333    0    0    0    0    0
2017  5 29  2 55    -3.20     6.88     9.26    -335.2     34.03      7.87    10.555      56530    0    0    0    0    0
2017  5 29  2 56    -2.29     7.34     9.14    -336.1     33.27      7.94    10.672      56554    0    0    0    0    0
2017  5 29  2 57    -1.56     7.83     8.87    -339.3     30.55      7.80    10.342      53279    0    0    0    0    0
2017  5 29  2 58    -1.23     8.69     8.49    -342.2     28.61      8.68    10.476      56418    0    0    0    0    0
2017  5 29  2 59    -1.22     8.91     8.23    -342.8     27.34      9.09    10.646      56928    0    0    0    0    0
2017  5 29  3  0    -1.20     8.95     7.86    -342.8     27.30      9.86    10.646      57771    0    0    0    0    0
2017  5 29  3  1    -1.07     9.29     7.50    -342.8     25.70     11.38    10.636      57760    0    0    0    0    0
2017  5 29  3  2    -0.98     9.53     7.19    -343.1     25.06     12.77    10.343      57466    0    0    0    0    0
2017  5 29  3  3    -0.98     9.63     7.07    -342.9     25.07     12.92    10.332      57451    0    0    0    0    0
2017  5 29  3  4    -1.23     9.79     6.94    -342.7     25.32     11.98    10.117      57152    0    0    0    0    0
2017  5 29  3  5    -1.23     9.78     6.90    -342.0     25.44     11.35    10.117      57152    0    0    0    0    0
2017  5 29  3  6    -1.24     9.87     6.85    -341.2     25.60     10.77     9.897      54709    0    0    0    0    0
2017  5 29  3  7    -1.22     9.92     6.74    -340.9     26.11      9.69     9.695      53139    0    0    0    0    0
2017  5 29  3  8    -1.11     9.95     6.70    -341.0     26.49      8.56     9.645      52827    0    0    0    0    0
2017  5 29  3  9    -1.01    10.01     6.64    -341.2     26.67      8.18     9.768      54339    0    0    0    0    0
2017  5 29  3 10    -0.98     9.98     6.57    -340.6     26.67      8.32     9.803      56522    0    0    0    0    0
2017  5 29  3 11    -1.09     9.87     6.47    -340.4     26.79      8.47     9.803      58995    0    0    0    0    0
2017  5 29  3 12    -1.15    10.04     5.89    -340.4     25.76     11.18     9.814      61480    0    0    0    0    0
2017  5 29  3 13    -1.14    10.34     5.13    -340.6     24.18     14.75     9.819      63963    0    0    0    0    0
2017  5 29  3 14    -0.94    10.48     4.61    -341.8     21.88     18.24     9.880      68449    0    0    0    0    0
2017  5 29  3 15    -0.43    10.52     4.18    -342.2     19.86     21.95    10.051      68982    0    0    0    0    0
2017  5 29  3 16    -0.40    10.51     4.15    -342.9     18.94     25.03    10.500      68989    0    0    0    0    0
2017  5 29  3 17    -0.47    10.53     4.07    -343.0     19.04     25.63    10.660      69126    0    0    0    0    0
2017  5 29  3 18    -0.69    10.60     3.78    -342.8     19.20     25.22    10.660      69111    0    0    0    0    0
2017  5 29  3 19    -0.58    10.70     3.61    -343.7     18.73     24.70    10.630      68389    0    0    0    0    0
2017  5 29  3 20     0.07    10.48     4.45    -344.3     18.51     24.07    10.387      66725    0    0    0    0    0
2017  5 29  3 21     0.36    10.25     5.45    -344.3     18.57     22.14    10.129      66204    0    0    0    0    0
2017  5 29  3 22     0.30    10.18     5.48    -343.6     19.09     19.25    10.150      64676    0    0    0    0    0
2017  5 29  3 23    -0.07    10.14     5.90    -342.8     20.10     18.26    10.269      64102    0    0    0    0    0
2017  5 29  3 24    -0.26    10.15     5.98    -341.8     20.86     17.66    10.269      62012    0    0    0    0    0
2017  5 29  3 25     0.13     9.93     6.01    -342.6     21.46     16.26    10.106      56037    0    0    0    0    0
2017  5 29  3 26     0.30     9.82     6.36    -343.3     21.81     15.96     9.730      54964    0    0    0    0    0
2017  5 29  3 27     0.22     9.81     6.19    -345.4     22.37     13.87     9.785      56975    0    0    0    0    0
2017  5 29  3 28     0.25     9.67     6.49    -345.3     22.86     13.48     9.986      60587    0    0    0    0    0
2017  5 29  3 29     0.28     9.49     6.72    -347.0     22.22     13.58    10.167      61993    0    0    0    0    0
2017  5 29  3 30     0.33     9.44     6.52    -348.2     21.85     13.73    10.167      61993    0    0    0    0    0
2017  5 29  3 31     0.13     9.52     6.37    -348.0     20.79     14.98    10.648      66875    0    0    0    0    0
2017  5 29  3 32     0.09     9.55     6.26    -347.4     21.41     14.24    10.752      67928    0    0    0    0    0
2017  5 29  3 33     0.10     9.57     6.17    -346.3     21.79     13.44    10.624      66551    0    0    0    0    0
2017  5 29  3 34     0.05     9.55     6.15    -344.9     22.33     12.51    10.472      64527    0    0    0    0    0
2017  5 29  3 35    -0.11     9.48     6.21    -343.2     23.13     11.53    10.373      62751    0    0    0    0    0
2017  5 29  3 36    -0.51     9.35     6.25    -341.3     22.83     12.50    10.373      62751    0    0    0    0    0
2017  5 29  3 37    -0.94     9.28     6.31    -339.5     22.70     13.00    10.450      64378    0    0    0    0    0
2017  5 29  3 38    -1.26     9.27     6.33    -338.0     22.70     13.17    10.521      65892    0    0    0    0    0
2017  5 29  3 39    -1.28     9.30     6.26    -337.4     22.87     13.05    10.514      65892    0    0    0    0    0
2017  5 29  3 40    -1.11     9.37     6.24    -338.6     22.65     13.36    10.393      65755    0    0    0    0    0
2017  5 29  3 41    -1.00     9.54     6.03    -339.6     21.94     14.04    10.135      64605    0    0    0    0    0
2017  5 29  3 42    -1.02     9.64     5.83    -339.4     21.71     13.85    10.015      62293    0    0    0    0    0
2017  5 29  3 43    -1.05     9.68     5.71    -339.0     21.37     14.20     9.994      60818    0    0    0    0    0
2017  5 29  3 44    -1.08     9.66     5.76    -338.8     21.21     14.82     9.994      60818    0    0    0    0    0
2017  5 29  3 45    -1.05     9.69     5.73    -339.1     21.57     14.74     9.898      59504    0    0    0    0    0
2017  5 29  3 46    -0.84     9.75     5.64    -339.5     21.81     14.47     9.783      57927    0    0    0    0    0
2017  5 29  3 47    -0.75     9.81     5.53    -340.2     21.58     14.80     9.783      58200    0    0    0    0    0
2017  5 29  3 48    -1.14     9.68     5.71    -342.0     20.44     18.07     9.520      61192    0    0    0    0    0
2017  5 29  3 49    -1.10     9.88     5.07    -343.1     20.36     20.48     9.540      64264    0    0    0    0    0
2017  5 29  3 50    -0.91    10.06     4.93    -343.7     21.21     20.42    10.096      64195    0    0    0    0    1
2017  5 29  3 51    -0.88    10.10     4.71    -342.9     21.80     19.56    10.096      63850    0    0    0    0    2
2017  5 29  3 52    -0.43    10.18     4.63    -343.7     22.18     18.76    10.099      63413    0    0    0    0    2
2017  5 29  3 53    -0.19    10.02     4.75    -346.6     21.67     18.83    10.111      63085    0    0    0    0    1
2017  5 29  3 54    -0.59     9.87     4.82    -346.8     20.71     20.15    10.091      65148    0    0    0    0    0
2017  5 29  3 55    -0.75     9.96     4.61    -345.9     20.06     21.16    10.016      66273    0    0    0    0    0
2017  5 29  3 56    -0.50    10.02     4.45    -345.0     19.57     21.59     9.953      65650    0    0    0    0    0
2017  5 29  3 57    -0.03     9.96     4.46    -344.2     19.18     21.60     9.982      64558    0    0    0    0    0
2017  5 29  3 58     0.26    10.13     4.09    -343.3     19.17     21.00    10.069      64610    0    0    0    0    0
2017  5 29  3 59     0.56    10.17     4.02    -345.1     18.99     22.25    10.071      67363    0    0    0    0    0
2017  5 29  4  0     0.67    10.21     3.94    -348.2     18.56     25.16    10.074      70978    0    0    0    0    0
2017  5 29  4  1     0.77    10.26     3.82    -347.6     18.80     23.97    10.133      68186    0    0    0    0    0
2017  5 29  4  2     0.91    10.31     3.64    -346.9     19.56     22.73    10.152      66051    0    0    0    0    0
2017  5 29  4  3     0.78    10.26     3.63    -346.6     19.97     21.73    10.139      65384    0    0    0    0    0
2017  5 29  4  4     0.32    10.21     3.82    -346.5     20.28     20.92    10.100      66417    0    0    0    0    0
2017  5 29  4  5     0.10    10.23     3.87    -346.1     20.73     20.56    10.078      67359    0    0    0    0    0
2017  5 29  4  6     0.11    10.23     3.85    -345.3     21.23     20.00    10.078      67574    0    0    0    0    0
2017  5 29  4  7     0.03    10.21     3.88    -344.2     22.04     18.43    10.120      67688    0    0    0    0    0
2017  5 29  4  8    -0.28    10.16     3.98    -343.1     23.35     15.98    10.253      68277    0    0    0    0    0
2017  5 29  4  9    -0.45     9.83     4.59    -343.3     23.92     15.53    10.374      71260    0    0    0    0    0
2017  5 29  4 10    -0.33     9.76     4.67    -345.0     23.95     15.71    10.676      73726    0    0    0    0    0
2017  5 29  4 11    -0.17     9.64     4.97    -345.0     23.76     15.53    10.585      71211    0    0    0    0    0
2017  5 29  4 12    -0.22     9.61     5.01    -344.4     23.61     15.01    10.407      66685    0    0    0    0    0
2017  5 29  4 13    -0.24     9.60     5.08    -343.2     23.43     14.33    10.326      65556    0    0    0    0    0
2017  5 29  4 14    -0.16     9.62     4.81    -343.2     23.22     14.71    10.327      66062    0    0    0    0    0
2017  5 29  4 15    -0.28     9.61     4.74    -343.2     22.50     14.24    10.375      71112    0    0    0    0    0
2017  5 29  4 16    -0.27     9.32     4.98    -344.7     22.89     14.92    10.965      75632    0    0    0    0    0
2017  5 29  4 17    -0.46     8.64     5.86    -345.0     24.38     13.00    11.381      78131    0    0    0    0    0
2017  5 29  4 18    -0.57     7.46     6.87    -345.2     30.84      9.19    11.545      78048    0    0    0    0    0
2017  5 29  4 19    -0.70     6.06     7.99    -345.2     40.93      4.43    11.393      76261    0    0    0    0    0
2017  5 29  4 20    -0.80     5.48     8.65    -345.3     43.08      1.50    11.160      73697    0    0    0    0    0
2017  5 29  4 21    -0.78     5.81     8.62    -345.7     41.77      1.22    11.165      73697    0    0    0    0    0
2017  5 29  4 22    -0.76     6.24     8.41    -345.4     40.83     -0.16    11.282      72174    0    0    0    0    0
2017  5 29  4 23    -0.79     6.38     8.32    -344.8     40.93     -2.01    11.432      70125    0    0    0    0    0
2017  5 29  4 24    -0.86     6.60     8.16    -344.6     40.48     -2.40    11.513      71206    0    0    0    0    0
2017  5 29  4 25    -0.93     6.84     8.05    -344.5     38.78     -2.14    11.753      74129    0    0    0    0    0
2017  5 29  4 26    -0.91     7.10     7.79    -344.0     37.53     -1.13    11.908      75468    0    0    0    0    0
2017  5 29  4 27    -0.69     7.38     7.53    -343.1     35.65      0.20    11.864      75027    0    0    0    0    0
2017  5 29  4 28    -0.59     7.51     7.49    -342.0     33.93      1.64    11.341      69731    0    0    0    0    0
2017  5 29  4 29    -0.53     7.64     7.34    -341.7     33.69      1.71    11.280      69113    0    0    0    0    0
2017  5 29  4 30    -0.51     7.74     7.24    -341.8     34.91      1.17    11.280      70177    0    0    0    0    0
2017  5 29  4 31    -0.18     7.60     7.31    -343.0     38.62     -3.46    11.189      70247    0    0    0    0    0
2017  5 29  4 32    -0.02     7.14     7.74    -342.5     38.72     -3.58    10.971      69113    0    0    0    0    0
2017  5 29  4 33    -0.08     7.18     7.60    -341.8     37.57     -2.91    10.760      68022    0    0    0    0    0
2017  5 29  4 34    -0.17     7.39     7.40    -342.1     36.07     -0.83    10.106      59189    0    0    0    0    0
2017  5 29  4 35    -0.25     7.60     7.00    -341.9     34.96      1.03     9.994      58520    0    0    0    0    0
2017  5 29  4 36    -0.40     8.32     6.07    -340.6     32.14      4.75     9.977      60460    0    0    0    0    0
2017  5 29  4 37    -0.46     8.85     5.44    -339.9     30.25      7.56    10.082      61375    0    0    0    0    0
2017  5 29  4 38    -0.41     9.07     4.96    -341.2     29.81      8.57    10.500      61375    0    0    0    0    0
2017  5 29  4 39    -0.18     9.01     5.12    -344.4     30.47      8.25    10.520      66602    0    0    0    0    0
2017  5 29  4 40    -0.19     8.98     5.21    -346.0     30.95      8.23    11.283      76433    0    0    0    0    0
2017  5 29  4 41    -0.21     9.08     4.98    -345.8     31.06      7.96    11.917      79412    0    0    0    0    0
2017  5 29  4 42    -0.33     9.06     5.04    -345.2     31.72      6.80    11.917      79412    0    0    0    0    0
2017  5 29  4 43    -0.44     8.85     5.45    -344.9     32.32      5.23    12.031      81291    0    0    0    0    0
2017  5 29  4 44    -0.23     8.62     5.58    -345.2     32.34      4.68    12.414      88798    0    0    0    0    0
2017  5 29  4 45     0.04     8.62     5.69    -346.5     32.23      6.53    12.681      94935    0    0    0    0    0
2017  5 29  4 46     0.11     8.90     5.42    -346.9     32.06      8.23    12.563      88970    0    0    0    0    0
2017  5 29  4 47     0.10     9.04     5.22    -346.6     31.80      7.90    12.346      80638    0    0    0    0    0
2017  5 29  4 48     0.22     9.30     4.67    -346.3     31.20      8.09    11.898      72297    0    0    0    0    0
2017  5 29  4 49     0.43     9.46     4.28    -346.0     30.85      8.47    11.639      68586    0    0    0    0    0
2017  5 29  4 50     0.52     9.26     4.54    -345.3     32.20      6.33    11.680      70610    0    0    0    0    0
2017  5 29  4 51     0.52     8.93     5.04    -344.7     34.98      2.84    11.790      74475    0    0    0    0    0
2017  5 29  4 52     0.43     8.17     5.90    -345.7     38.41      1.86    11.968      77899    0    0    0    0    0
2017  5 29  4 53     0.34     7.46     6.53    -346.3     39.74      4.81    12.093      83329    0    0    0    0    0
2017  5 29  4 54     0.15     7.87     5.82    -346.5     37.54      8.18    12.172      87156    0    0    0    0    0
2017  5 29  4 55    -0.02     8.26     5.24    -345.1     36.29      8.89    12.415      88344    0    0    0    0    0
2017  5 29  4 56    -0.10     8.45     5.07    -343.0     36.31      8.76    12.739      89130    0    0    0    0    0
2017  5 29  4 57    -0.21     8.54     4.90    -341.8     37.11      8.51    12.739      89130    0    0    0    0    0
2017  5 29  4 58    -0.45     8.67     4.65    -341.5     38.07      9.06    12.662      89130    0    0    0    0    0
2017  5 29  4 59    -0.63     8.92     4.74    -342.7     39.51      7.82    12.592      87988    0    0    0    0    0
2017  5 29  5  0    -0.79     8.88     4.83    -343.4     39.23      7.70    12.445      84247    0    0    0    0    0
2017  5 29  5  1    -0.70     8.91     4.50    -343.3     36.25      7.95    11.727      73576    0    0    0    0    0
2017  5 29  5  2    -0.57     8.93     4.79    -342.8     35.93      8.02    11.729      73596    0    0    0    0    0
2017  5 29  5  3    -0.41     8.96     4.79    -342.5     35.79      7.84    11.787      74210    0    0    0    0    0
2017  5 29  5  4     0.74     8.89     4.96    -348.0     36.87      3.98    11.971      78352    0    0    0    0    0
2017  5 29  5  5     1.31     8.95     4.82    -348.4     32.51      5.82    11.798      78352    0    0    0    0    0
2017  5 29  5  6     0.62     9.10     4.50    -348.3     29.62      8.28    11.775      78463    0    0    0    0    0
2017  5 29  5  7     0.51     9.47     3.80    -347.9     27.83      8.04    11.775      78479    0    0    0    0    0
2017  5 29  5  8     0.29     9.56     3.65    -347.2     27.50      7.76    11.593      61825    0    0    0    0    0
2017  5 29  5  9    -0.02     9.59     4.10    -347.2     26.91      7.54    11.514      54539    0    0    0    0    0
2017  5 29  5 10     0.67     9.93     3.76    -349.0     25.60      9.09    12.216      56768    0    0    0    0    1
2017  5 29  5 11     1.76    10.41     3.48    -352.0     25.38      9.35    11.960      59101    0    0    0    0    1
2017  5 29  5 12     1.99    10.59     3.04    -353.2     24.75     10.26    11.209      57474    0    0    0    0    0
2017  5 29  5 13     2.01    10.63     2.90    -353.0     24.83     10.73    10.970      56358    0    0    0    0    0
2017  5 29  5 14     1.94    10.59     3.01    -352.6     25.47      9.77    11.287      56358    0    0    0    0    0
2017  5 29  5 15     1.78    10.54     3.19    -352.4     26.29      8.43    11.594      56260    0    0    0    0    0
2017  5 29  5 16     1.70    10.53     3.37    -352.6     26.89      7.86    11.524      54685    0    0    0    0    0
2017  5 29  5 17     1.94    10.72     3.04    -353.3     26.03      8.18    10.807      49425    0    0    0    0    0
2017  5 29  5 18     2.30    10.93     2.44    -353.5     24.84      8.61    10.393      46977    0    0    0    0    0
2017  5 29  5 19     2.28    10.98     2.73    -353.8     24.32      9.22    10.477      47794    0    0    0    0    0
2017  5 29  5 20     2.13    10.85     3.18    -355.0     23.80     10.52    10.804      48966    0    0    0    0    0
2017  5 29  5 21     2.04    10.82     3.22    -355.1     23.08     12.03    11.009      49334    0    0    0    0    0
2017  5 29  5 22     1.95    10.91     2.67    -354.0     23.20     11.54    11.033      49368    0    0    0    0    0
2017  5 29  5 23     1.92    10.95     2.44    -351.7     24.28     10.60    11.021      48786    0    0    0    0    0
2017  5 29  5 24     1.92    10.95     2.44    -349.0     25.83      9.60    11.002      47868    0    0    0    0    0
2017  5 29  5 25     1.37    10.29     3.26    -345.6     28.51      4.96    10.720      46627    0    0    0    0    0
2017  5 29  5 26     0.80     9.60     4.12    -342.2     31.25      0.12    10.424      45368    0    0    0    0    0
2017  5 29  5 27    -0.24     8.94     5.93    -340.0     32.70     -4.01     9.609      43612    0    0    0    0    0
2017  5 29  5 28    -0.68     9.03     7.21    -342.1     30.99     -5.73     9.060      42421    0    0    0    0    0
2017  5 29  5 29    -0.63     9.74     6.29    -346.0     26.16     -1.76    10.219      43479    0    0    0    0    0
2017  5 29  5 30    -0.59     9.97     5.91    -346.6     22.96      1.54    10.413      44908    0    0    0    0    0
2017  5 29  5 31    -0.53    10.08     5.62    -346.9     21.82      2.60     9.833      45192    0    0    0    0    0
2017  5 29  5 32    -0.52    10.09     5.55    -346.9     21.76      3.01     9.385      41584    0    0    0    0    0
2017  5 29  5 33    -0.53    10.00     5.66    -346.6     21.75      3.48     9.242      39453    0    0    0    0    0
2017  5 29  5 34    -0.43     9.93     5.74    -347.1     22.00      3.46     9.156      39308    0    0    0    0    0
2017  5 29  5 35    -0.29     9.94     5.74    -348.5     22.13      2.24    10.265      41120    0    0    0    0    0
2017  5 29  5 36    -0.22    10.16     5.63    -348.7     22.60      2.15    10.493      42659    0    0    0    0    0
2017  5 29  5 37    -0.16    10.14     5.97    -348.8     23.12      2.36    10.501      42780    0    0    0    0    0
2017  5 29  5 38    -0.04    10.23     5.74    -347.6     23.56      2.70     9.743      43915    0    0    0    0    0
2017  5 29  5 39    -0.03    10.42     5.32    -348.1     23.27      4.82    10.524      45831    0    0    0    0    0
2017  5 29  5 40     0.18    10.69     5.11    -347.8     22.39      6.02    10.926      46161    0    0    0    0    0
2017  5 29  5 41     0.21    10.75     5.07    -349.7     21.42      5.66    11.055      46476    0    0    0    0    0
2017  5 29  5 42    -0.33    10.69     5.26    -349.7     22.63      3.40    11.142      46476    0    0    0    0    0
2017  5 29  5 43    -0.81    10.51     5.64    -350.2     23.82      1.74    11.121      46156    0    0    0    0    0
2017  5 29  5 44    -0.76    10.48     5.77    -350.7     24.37      0.60    10.986      44280    0    0    0    0    0
2017  5 29  5 45    -0.51    10.55     5.69    -350.2     24.61     -0.45    10.935      44155    0    0    0    0    0
2017  5 29  5 46    -0.28    10.55     5.68    -349.8     25.20     -1.19    10.951      44279    0    0    0    0    0
2017  5 29  5 47    -0.28    10.58     5.63    -348.9     25.23     -1.71    11.107      45514    0    0    0    0    0
2017  5 29  5 48    -0.43    10.44     5.63    -347.7     25.23     -2.18    10.800      45576    0    0    0    0    0
2017  5 29  5 49    -0.61    10.39     5.75    -345.9     25.69     -2.97    10.504      43959    0    0    0    0    0
2017  5 29  5 50    -0.75    10.34     5.92    -344.1     26.09     -3.40    10.191      42305    0    0    0    0    0
2017  5 29  5 51    -0.77    10.23     6.01    -343.2     25.88     -2.57     9.790      42305    0    0    0    0    0
2017  5 29  5 52    -0.97    10.46     5.40    -342.7     25.92     -2.25     9.392      42260    0    0    0    0    0
2017  5 29  5 53    -0.41    10.70     4.82    -344.5     25.97     -3.15     9.623      40083    0    0    0    0    0
2017  5 29  5 54     0.52    10.11     6.11    -351.9     27.64     -3.33    11.031      47995    0    0    0    0    0
2017  5 29  5 55     0.43     9.78     6.17    -352.5     29.60     -5.71    11.910      51464    0    0    0    0    0
2017  5 29  5 56     0.37     9.56     6.19    -352.1     29.79     -7.24    12.522      51186    0    0    0    0    0
2017  5 29  5 57     0.23     9.63     6.21    -350.4     29.48     -6.82    12.788      50067    0    0    0    0    0
2017  5 29  5 58    -0.08     9.84     6.25    -347.8     28.79     -6.41    12.788      47659    0    0    0    0    0
2017  5 29  5 59    -0.33    10.01     6.22    -345.1     28.01     -5.88    12.387      46816    0    0    0    0    0
2017  5 29  6  0    -0.55    10.17     6.14    -342.5     27.18     -5.29    11.771      46816    0    0    0    0    0
2017  5 29  6  1    -0.88    10.30     6.13    -342.3     27.17     -4.79    11.761      47281    0    0    0    0    0
2017  5 29  6  2    -0.89    10.63     5.20    -342.2     25.89     -3.30    11.761      47305    0    0    0    0    0
2017  5 29  6  3    -0.85    10.94     4.71    -342.6     25.11     -2.00    11.721      45744    0    0    0    0    0
2017  5 29  6  4    -0.78    11.09     4.45    -342.6     24.57     -1.40    11.620      43736    0    0    0    0    0
2017  5 29  6  5    -0.95    11.35     3.91    -343.7     23.47      1.23    11.619      43338    0    0    0    0    0
2017  5 29  6  6    -1.12    11.27     4.51    -342.3     23.54      1.21    11.619      43338    0    0    0    0    0
2017  5 29  6  7    -0.91    11.41     4.35    -341.9     23.67      1.32    11.617      43338    0    0    0    0    0
2017  5 29  6  8    -0.88    11.30     4.50    -342.4     24.07     -0.42    11.438      42637    0    0    0    0    0
2017  5 29  6  9    -0.67    11.20     4.76    -342.7     24.56     -2.40    11.325      42630    0    0    0    0    0
2017  5 29  6 10    -0.54    11.08     5.20    -343.0     24.32     -2.57    11.340      43716    0    0    0    0    0
2017  5 29  6 11    -0.52    11.07     5.17    -342.8     24.95     -1.58    11.556      43927    0    0    0    0    0
2017  5 29  6 12    -0.56    11.29     4.30    -342.9     25.12     -1.79    11.566      44420    0    0    0    0    0
2017  5 29  6 13    -0.96    11.29     4.30    -342.4     26.59     -1.78    11.566      50068    0    0    0    0    0
2017  5 29  6 14    -1.09    11.17     4.30    -342.2     26.72     -1.85    10.520      50256    0    0    0    0    0
2017  5 29  6 15    -0.99    11.16     4.93    -341.8     26.18      0.69    10.501      50256    0    0    0    0    0
2017  5 29  6 16    -1.83    11.13     5.06    -341.1     26.13      1.87    10.570      50795    0    0    0    0    0
2017  5 29  6 17    -2.22    11.12     5.07    -340.6     26.42      2.26    11.433      50961    0    0    0    0    0
2017  5 29  6 18    -2.28    11.24     4.82    -340.1     26.53      2.05    11.816      49179    0    0    0    0    0
2017  5 29  6 19    -2.28    11.33     4.33    -339.4     26.52      2.01    11.303      47785    0    0    0    0    0
2017  5 29  6 20    -2.40    11.41     3.61    -339.8     26.63      2.88    11.354      47514    0    0    0    0    0
2017  5 29  6 21    -2.50    11.57     2.91    -340.5     27.03      3.63    12.113      50426    0    0    0    0    0
2017  5 29  6 22    -2.33    11.74     2.73    -340.8     27.12      3.54    12.273      51809    0    0    0    0    0
2017  5 29  6 23    -2.12    11.75     3.08    -340.2     27.02      1.43    11.945      48532    0    0    0    0    0
2017  5 29  6 24    -1.74    11.64     3.42    -339.3     27.00     -0.09    11.119      46075    0    0    0    0    0
2017  5 29  6 25    -1.30    11.54     3.56    -338.2     27.37     -0.40    10.440      45589    0    0    0    0    0
2017  5 29  6 26    -1.02    11.55     3.59    -336.8     28.24     -0.41    10.595      45872    0    0    0    0    0
2017  5 29  6 27    -1.02    11.58     3.57    -335.5     28.94     -0.33    11.886      48296    0    0    0    0    0
2017  5 29  6 28    -1.14    11.64     3.42    -335.5     29.03      0.30    13.007      52322    0    0    0    0    0
2017  5 29  6 29    -1.22    11.77     3.06    -339.7     27.91      1.78    12.886      56644    0    0    0    0    0
2017  5 29  6 30    -1.51    11.96     2.43    -342.5     26.69      3.90    12.380      56644    0    0    0    0    0
2017  5 29  6 31    -1.46    12.04     2.06    -344.0     26.36      3.88    12.380      56894    0    0    0    0    0
2017  5 29  6 32    -1.15    12.07     2.04    -346.5     26.32      4.11    12.278      57675    0    0    0    0    0
2017  5 29  6 33    -0.57    12.04     2.05    -347.4     26.66      4.25    12.210      57241    0    0    0    0    0
2017  5 29  6 34    -0.39    11.86     2.13    -347.3     26.79      1.91    12.305      54983    0    0    0    0    0
2017  5 29  6 35    -0.27    11.69     2.37    -346.7     26.81      0.75    12.344      51975    0    0    0    0    0
2017  5 29  6 36    -0.39    11.63     2.45    -345.9     26.83      0.64    12.310      50644    0    0    0    0    0
2017  5 29  6 37    -0.76    11.65     2.30    -344.4     27.13      2.11    12.275      52040    0    0    0    0    0
2017  5 29  6 38    -1.17    11.68     2.05    -341.8     27.77      5.43    12.275      55261    0    0    0    0    0
2017  5 29  6 39    -1.47    11.75     1.47    -341.2     28.23      7.61    12.327      56338    0    0    0    0    0
2017  5 29  6 40    -1.44    11.82     0.24    -342.5     28.06      9.65    12.872      57007    0    0    0    0    0
2017  5 29  6 41    -0.72    11.79     0.31    -346.8     29.67     10.70    13.231      57655    0    0    0    0    0
2017  5 29  6 42    -0.44    11.75     0.24    -345.2     30.10     10.99    13.259      57796    0    0    0    0    0
2017  5 29  6 43    -0.44    11.69     0.08    -342.6     30.18     11.09    13.302      57796    0    0    0    0    0
2017  5 29  6 44    -0.93    11.66    -0.04    -341.9     30.04     11.96    13.009      56371    0    0    0    0    0
2017  5 29  6 45    -0.22    11.62     0.48    -349.2     28.84      6.34    14.071      52337    0    0    0    0    2
2017  5 29  6 46     0.15    11.70     0.47    -348.8     28.35      5.34    13.541      50507    0    0    0    0    2
2017  5 29  6 47    -0.47    11.73     0.44    -348.4     27.39      3.54    11.731      48730    0    0    0    0    1
2017  5 29  6 48    -0.42    11.76     1.06    -348.3     27.23      3.54    11.336      46388    0    0    0    0    0
2017  5 29  6 49     0.23    11.76     2.58    -348.9     26.83      3.67    11.194      46064    0    0    0    0    0
2017  5 29  6 50     0.14    11.87     2.38    -349.9     26.73      3.92    12.288      47177    0    0    0    0    0
2017  5 29  6 51    -0.11    11.99     2.59    -351.4     25.19      0.99    12.228      47968    0    0    0    0    0
2017  5 29  6 52    -0.48    11.93     3.20    -351.6     24.47     -0.71    12.104      48808    0    0    0    0    0
2017  5 29  6 53    -0.66    11.66     4.16    -351.2     24.28     -0.95    12.114      49836    0    0    0    0    0
2017  5 29  6 54    -0.59    11.32     5.12    -351.7     24.72     -2.29    12.136      50616    0    0    0    0    0
2017  5 29  6 55    -0.23    11.14     5.58    -353.3     25.66     -4.74    12.065      50094    0    0    0    0    0
2017  5 29  6 56     0.13    11.20     5.72    -353.1     25.48     -4.75    11.922      49209    0    0    0    0    0
2017  5 29  6 57     0.05    11.30     5.43    -352.1     24.90     -3.72    11.852      47455    0    0    0    0    0
2017  5 29  6 58    -0.39    11.46     4.87    -351.1     24.27     -2.52    11.856      45737    0    0    0    0    0
2017  5 29  6 59    -0.81    11.67     4.45    -351.1     24.34     -3.33    11.610      45760    0    0    0    0    0
2017  5 29  7  0    -0.82    11.62     4.58    -351.2     24.98     -5.83    11.269      45818    0    0    0    0    0
2017  5 29  7  1    -0.84    11.51     4.95    -351.3     25.42     -7.46    11.944      45783    0    0    0    0    0
2017  5 29  7  2    -0.91    11.44     5.21    -350.8     25.55     -8.67    11.959      45706    0    0    0    0    0
2017  5 29  7  3    -1.06    11.43     5.20    -351.1     25.50     -8.47    12.008      46013    0    0    0    0    0
2017  5 29  7  4    -1.09    11.45     5.20    -350.7     25.33     -7.98    12.035      47142    0    0    0    0    0
2017  5 29  7  5    -1.14    11.58     5.14    -350.3     25.24     -6.70    12.125      48581    0    0    0    0    0
2017  5 29  7  6    -1.12    11.67     4.92    -350.0     25.15     -6.60    12.128      50008    0    0    0    0    0
2017  5 29  7  7    -1.02    12.05     4.17    -350.4     24.35     -5.64    12.073      51470    0    0    0    0    0
2017  5 29  7  8    -0.75    12.42     3.29    -352.5     22.32     -2.89    11.830      51805    0    0    0    0    0
2017  5 29  7  9    -0.56    12.47     2.95    -353.0     22.20     -2.66    11.830      52035    0    0    0    0    0
2017  5 29  7 10    -0.50    12.45     2.68    -352.7     22.50     -1.03    12.003      52632    0    0    0    0    0
2017  5 29  7 11    -0.41    12.50     2.24    -352.7     22.54      1.39    12.161      53423    0    0    0    0    0
2017  5 29  7 12    -0.42    12.54     1.98    -354.8     22.58      2.24    12.217      54465    0    0    0    0    0
2017  5 29  7 13    -0.39    12.55     1.12    -356.0     23.41      1.42    12.229      55638    0    0    0    0    0
2017  5 29  7 14    -0.23    12.53     0.31    -356.9     23.98      2.97    12.496      57471    0    0    0    0    0
2017  5 29  7 15     0.06    12.54    -0.33    -358.3     24.06      7.69    12.887      63963    0    0    0    0    0
2017  5 29  7 16     0.38    12.51    -0.86    -358.8     23.65     11.89    12.603      65653    0    0    0    0    0
2017  5 29  7 17     0.54    12.49    -0.97    -358.7     23.27     13.34    12.033      64075    0    0    0    0    0
2017  5 29  7 18     0.58    12.49    -0.82    -358.5     22.74     13.38    12.017      61505    0    0    0    0    0
2017  5 29  7 19     0.36    12.47    -0.17    -358.7     21.50     13.38    12.532      61496    0    0    0    0    0
2017  5 29  7 20    -0.04    12.29     0.98    -358.5     20.36     13.44    13.559      63012    0    0    0    0    0
2017  5 29  7 21     0.07    11.92     2.63    -358.5     20.78     10.97    13.872      66135    0    0    0    0    0
2017  5 29  7 22     0.45    11.65     3.63    -359.5     22.36      5.63    13.940      71132    0    0    0    0    0
2017  5 29  7 23     0.69    11.72     3.72    -360.7     24.02      4.03    14.010      75824    0    0    0    0    0
2017  5 29  7 24     0.49    11.99     3.21    -361.0     24.44      4.56    14.077      73421    0    0    0    0    0
2017  5 29  7 25     0.14    12.18     2.85    -360.8     24.38      5.37    14.090      72392    0    0    0    0    0
2017  5 29  7 26    -0.03    12.27     2.72    -360.6     24.20      5.11    14.002      73446    0    0    0    0    0
2017  5 29  7 27     0.09    12.28     2.71    -360.3     23.80      4.67    13.953      74026    0    0    0    0    0
2017  5 29  7 28     0.31    12.26     2.83    -360.5     23.38      4.46    13.953      73319    0    0    0    0    0
2017  5 29  7 29     0.06    12.29     3.02    -359.9     23.27      3.90    13.686      68539    0    0    0    0    0
2017  5 29  7 30     0.07    12.32     3.05    -359.8     23.33      3.53    13.460      64955    0    0    0    0    0
2017  5 29  7 31     0.49    12.32     3.06    -360.8     23.36      3.28    13.454      65410    0    0    0    0    0
2017  5 29  7 32     0.42    12.37     3.17    -361.8     24.15      1.84    13.898      72689    0    0    0    0    0
2017  5 29  7 33     0.22    12.39     2.96    -362.4     24.71      0.35    14.002      74330    0    0    0    0    0
2017  5 29  7 34     0.55    12.43     3.06    -362.1     24.75     -0.07    13.830      69845    0    0    0    0    0
2017  5 29  7 35     0.69    12.34     3.35    -361.9     24.63      0.03    13.561      67118    0    0    0    0    0
2017  5 29  7 36     0.66    12.12     3.75    -362.0     24.71     -0.55    13.509      66691    0    0    0    0    0
2017  5 29  7 37     0.71    11.74     4.93    -362.3     25.70     -2.85    12.698      67901    0    0    0    0    0
2017  5 29  7 38     0.85    11.62     5.46    -363.0     26.81     -5.06    12.612      68067    0    0    0    0    0
2017  5 29  7 39     1.05    11.47     5.54    -364.6     26.59     -4.85    12.353      64899    0    0    0    0    0
2017  5 29  7 40     1.08    11.39     5.77    -365.1     25.73     -3.98    12.193      64352    0    0    0    0    0
2017  5 29  7 41     0.95    11.40     5.73    -365.2     25.51     -3.21    12.565      65630    0    0    0    0    0
2017  5 29  7 42     0.67    11.59     5.15    -364.9     25.67     -3.18    13.726      70187    0    0    0    0    0
2017  5 29  7 43     0.46    11.56     5.51    -364.8     26.05     -3.14    14.335      75323    0    0    0    0    0
2017  5 29  7 44     0.13    11.68     5.39    -364.0     26.27     -3.55    14.303      78769    0    0    0    0    0
2017  5 29  7 45     0.08    11.82     5.20    -363.4     26.21     -3.56    14.068      78676    0    0    0    0    1
2017  5 29  7 46     0.32    11.95     4.84    -362.4     25.92     -3.41    13.970      75898    0    0    0    0    1
2017  5 29  7 47     0.43    12.01     4.56    -361.7     25.69     -3.11    13.959      73008    0    0    0    0    2
2017  5 29  7 48     0.54    12.06     4.40    -364.1     25.45     -1.65    14.140      70983    0    0    0    0    0
2017  5 29  7 49     0.71    12.17     4.07    -365.4     25.38     -0.86    14.498      70159    0    0    0    0    0
2017  5 29  7 50     0.82    12.20     4.03    -365.4     25.28     -0.81    14.830      69864    0    0    0    0    0
2017  5 29  7 51     0.88    12.24     4.03    -365.4     25.35     -1.24    14.893      69227    0    0    0    0    0
2017  5 29  7 52     0.77    12.28     3.97    -365.4     25.61     -1.22    14.953      70293    0    0    0    0    0
2017  5 29  7 53     0.50    12.35     3.64    -365.4     25.89     -1.08    14.980      74042    0    0    0    0    0
2017  5 29  7 54     0.42    12.53     2.69    -366.4     27.01     -1.74    15.201      78106    0    0    0    0    0
2017  5 29  7 55     1.27    12.51     2.40    -369.6     30.11     -3.16    15.717      79316    0    0    0    0    0
2017  5 29  7 56     1.88    12.43     2.74    -371.6     31.22     -5.28    15.754      72694    0    0    0    0    0
2017  5 29  7 57     2.03    12.38     3.01    -371.6     30.83     -5.31    15.639      71153    0    0    0    0    0
2017  5 29  7 58     2.37    12.29     3.15    -370.5     29.05     -3.97    15.239      71153    0    0    0    0    0
2017  5 29  7 59     2.38    12.16     3.23    -370.1     28.45     -3.44    15.217      71795    0    0    0    0    0
2017  5 29  8  0     1.84    12.24     4.71    -371.3     28.31     -2.88    15.197      72377    0    0    0    0    0
2017  5 29  8  1     3.21    11.89     5.16    -373.7     30.30     -3.49    15.173      73291    0    0    0    0    0
2017  5 29  8  2     2.75    12.06     5.29    -374.3     30.26     -3.90    15.173      73291    0    0    0    0    0
2017  5 29  8  3     2.23    12.22     5.33    -374.8     29.62     -3.86    15.135      72196    0    0    0    0    0
2017  5 29  8  4     1.66    12.42     4.42    -375.6     28.60     -2.55    15.061      69382    0    0    0    0    0
2017  5 29  8  5     1.33    12.71     3.93    -374.3     27.46     -1.60    14.201      66959    0    0    0    0    0
2017  5 29  8  6     1.10    13.00     3.81    -372.4     26.58     -1.29    13.344      65488    0    0    0    0    0
2017  5 29  8  7     0.69    13.25     3.40    -371.9     26.39     -1.41    13.427      66132    0    0    0    0    0
2017  5 29  8  8     0.40    13.41     3.23    -371.0     25.68     -1.68    13.532      69140    0    0    0    0    0
2017  5 29  8  9     0.09    13.42     3.17    -371.0     25.82     -2.47    13.603      69140    0    0    0    0    0
2017  5 29  8 10    -1.12    13.43     2.98    -371.3     26.50     -2.76    14.493      69154    0    0    0    0    0
2017  5 29  8 11    -1.01    13.55     2.57    -371.3     26.79     -2.98    14.848      69406    0    0    0    0    0
2017  5 29  8 12    -1.02    13.61     2.95    -371.2     27.57     -3.22    14.901      70553    0    0    0    0    0
2017  5 29  8 13    -1.01    13.61     3.06    -370.0     26.63     -4.26    14.946      70553    0    0    0    0    0
2017  5 29  8 14    -0.92    13.41     4.06    -368.4     24.84     -4.48    15.349      68270    0    0    0    0    0
2017  5 29  8 15    -0.88    13.51     3.97    -367.3     23.91     -4.81    15.503      64991    0    0    0    0    0
2017  5 29  8 16    -0.88    13.59     3.69    -367.0     23.71     -5.14    14.255      63151    0    0    0    0    0
2017  5 29  8 17    -0.72    13.52     3.77    -367.1     23.79     -5.58    13.133      63771    0    0    0    0    0
2017  5 29  8 18    -0.68    13.50     3.95    -367.3     24.22     -5.93    13.364      67667    0    0    0    0    1
2017  5 29  8 19    -0.60    13.63     2.26    -367.8     24.20     -3.50    14.377      73889    0    0    0    0    2
2017  5 29  8 20     0.09    13.98     0.82    -368.2     23.63     -1.41    15.154      77484    0    0    0    0    1
2017  5 29  8 21     0.44    14.23     2.47    -371.8     23.43     -5.48    15.211      76756    0    0    0    0    0
2017  5 29  8 22     0.39    14.12     3.27    -371.7     23.93     -6.67    14.863      69664    0    0    0    0    0
2017  5 29  8 23     0.04    13.85     4.70    -371.7     26.30     -9.20    14.894      71425    0    0    0    0    0
2017  5 29  8 24    -0.28    12.95     6.62    -371.8     35.22    -19.37    15.210      81479    0    0    0    0    0
2017  5 29  8 25    -0.31    10.99     8.85    -370.7     47.02    -23.44    16.004      84005    0    0    0    0    0
2017  5 29  8 26    -0.52     9.16    10.18    -370.4     50.49    -24.72    16.026      84005    0    0    0    0    0
2017  5 29  8 27    -0.38     9.21    10.21    -371.1     45.82    -21.83    15.960      76935    0    0    0    0    0
2017  5 29  8 28     0.05    10.60    10.18    -372.2     40.64    -20.12    15.053      74399    0    0    0    0    0
2017  5 29  8 29     0.14    10.55    10.30    -373.6     37.01    -18.25    14.836      68363    0    0    0    0    0
2017  5 29  8 30     0.25    10.80     9.99    -373.6     35.51    -17.66    14.813      65878    0    0    0    0    0
2017  5 29  8 31     0.37    11.15     9.70    -373.2     34.06    -16.83    14.365      61975    0    0    0    0    0
2017  5 29  8 32     0.13    11.37     9.62    -371.7     33.22    -16.39    13.529      62098    0    0    0    0    0
2017  5 29  8 33    -0.59    11.72     9.35    -371.9     32.78    -16.01    13.854      62965    0    0    0    0    0
2017  5 29  8 34    -0.71    11.88     9.26    -370.6     32.57    -16.02    15.356      63622    0    0    0    0    0
2017  5 29  8 35    -0.54    11.90     9.24    -370.7     32.38    -16.72    15.346      64443    0    0    0    0    0
2017  5 29  8 36    -0.54    12.07     8.65    -371.5     31.15    -16.33    14.809      65557    0    0    0    0    0
2017  5 29  8 37    -0.55    12.52     8.30    -372.7     29.29    -15.76    14.666      68696    0    0    0    0    0
2017  5 29  8 38    -0.56    13.33     7.03    -373.8     27.25    -13.20    14.990      70826    0    0    0    0    0
2017  5 29  8 39    -0.37    13.82     5.93    -375.8     25.71    -10.96    15.695      71039    0    0    0    0    0
2017  5 29  8 40    -0.10    14.12     5.62    -376.8     25.53    -10.90    15.810      66497    0    0    0    0    0
2017  5 29  8 41    -0.04    14.22     5.33    -376.8     25.49    -11.67    15.406      65387    0    0    0    0    0
2017  5 29  8 42    -0.04    14.24     5.32    -375.8     25.47    -11.94    14.243      67703    0    0    0    0    0
2017  5 29  8 43    -0.17    14.24     5.34    -374.7     25.63    -12.14    13.581      70837    0    0    0    0    1
2017  5 29  8 44    -0.52    14.20     5.53    -374.0     25.32    -12.51    13.398      74234    0    0    0    0    2
2017  5 29  8 45    -0.84    14.14     5.78    -373.7     24.76    -12.95    13.346      77860    0    0    0    0    2
2017  5 29  8 46     0.08    14.06     5.82    -380.5     23.96    -13.11    15.149      79490    0    0    0    0    0
2017  5 29  8 47     0.27    14.05     5.87    -381.5     23.36    -12.98    14.605      75770    0    0    0    0    0
2017  5 29  8 48     0.07    14.04     6.31    -381.4     22.91    -13.15    13.896      72078    0    0    0    0    0
2017  5 29  8 49    -0.18    14.05     6.70    -380.7     22.84    -13.57    14.091      71463    0    0    0    0    0
2017  5 29  8 50    -0.44    14.11     6.35    -379.7     23.22    -13.95    14.307      72088    0    0    0    0    0
2017  5 29  8 51    -0.44    14.10     6.19    -378.8     24.66    -14.02    14.671      74823    0    0    0    0    0
2017  5 29  8 52    -0.58    13.71     6.48    -378.7     27.08    -15.01    14.911      75402    0    0    0    0    0
2017  5 29  8 53    -0.64    12.99     7.63    -378.4     27.63    -16.52    16.019      76099    0    0    0    0    0
2017  5 29  8 54    -1.13    12.98     7.66    -377.8     28.60    -17.47    16.207      85106    0    0    0    0    0
2017  5 29  8 55    -1.26    12.85     8.04    -377.0     29.67    -18.42    16.219      85706    0    0    0    0    0
2017  5 29  8 56    -1.50    12.79     8.13    -375.7     30.77    -19.86    15.384      81227    0    0    0    0    0
2017  5 29  8 57    -1.53    12.61     8.52    -376.1     32.71    -21.52    14.981      79077    0    0    0    0    0
2017  5 29  8 58    -1.35    12.61     8.53    -376.3     33.30    -21.65    16.155      84687    0    0    0    0    0
2017  5 29  8 59    -1.23    13.59     6.73    -377.1     32.75    -26.38    17.268      86639    0    0    0    0    0
2017  5 29  9  0    -1.17    14.13     5.81    -376.4     29.05    -29.56    17.831      86049    0    0    0    0    0
2017  5 29  9  1    -1.08    14.56     5.27    -376.0     25.86    -30.12    17.973      78200    0    0    0    0    0
2017  5 29  9  2    -0.89    15.08     4.10    -379.4     21.88    -28.59    17.532      75498    0    0    0    0    0
2017  5 29  9  3    -0.66    15.35     3.95    -379.1     21.97    -24.32    17.537      77413    0    0    0    0    0
2017  5 29  9  4    -0.73    15.61     3.46    -378.5     22.06    -24.36    17.593      77292    0    0    0    0    0
2017  5 29  9  5    -0.62    15.81     2.73    -378.7     21.93    -29.26    18.061      73555    0    0    0    0    0
2017  5 29  9  6    -0.64    16.05     2.01    -378.7     19.31    -33.91    18.505      67962    0    0    0    0    0
2017  5 29  9  7    -0.67    16.35     1.41    -378.6     19.31    -34.46    18.616      65380    0    0    0    0    0
2017  5 29  9  8    -0.15    16.43     0.87    -378.3     19.26    -34.71    18.725      64887    0    0    0    0    0
2017  5 29  9  9     0.15    16.58     0.36    -379.0     21.44    -29.28    18.709      62679    0    0    0    0    0
2017  5 29  9 10     0.21    16.72     0.20    -379.4     21.42    -23.20    18.509      61503    0    0    0    0    0
2017  5 29  9 11     0.22    16.82     0.12    -379.5     21.17    -17.86    18.270      58574    0    0    0    0    0
2017  5 29  9 12     0.22    16.89    -0.19    -380.2     19.99    -16.07    18.125      55233    0    0    0    0    0
2017  5 29  9 13     0.24    16.95    -1.10    -379.8     18.99    -15.10    17.772      52568    0    0    0    0    0
2017  5 29  9 14     0.24    16.95    -1.38    -379.3     18.23    -15.07    16.793      50842    0    0    0    0    0
2017  5 29  9 15     0.23    16.94    -1.38    -378.8     17.64    -15.33    17.580      50001    0    0    0    0    0
2017  5 29  9 16     0.15    16.93    -1.39    -379.1     17.91    -15.60    17.717      49030    0    0    0    0    0
2017  5 29  9 17     0.03    16.94    -1.48    -380.0     17.99    -15.73    17.625      47596    0    0    0    0    0
2017  5 29  9 18     0.18    16.97    -1.36    -379.5     19.00    -15.63    16.865      46335    0    0    0    0    0
2017  5 29  9 19     0.18    16.97    -1.02    -378.8     18.73    -15.79    16.930      45038    0    0    0    0    0
2017  5 29  9 20     0.16    16.98    -1.41    -378.5     18.12    -15.54    16.939      43755    0    0    0    0    0
2017  5 29  9 21     0.37    17.04    -1.58    -379.2     17.10    -15.07    17.324      44568    0    0    0    0    0
2017  5 29  9 22     0.38    17.02    -1.49    -379.2     17.70    -15.41    19.482      50730    0    0    0    0    0
2017  5 29  9 23     0.41    16.89    -0.80    -378.9     18.67    -16.71    20.748      50679    0    0    0    0    0
2017  5 29  9 24     0.28    16.60    -0.94    -378.8     19.43    -16.44    20.739      49923    0    0    0    0    0
2017  5 29  9 25     0.44    16.59    -1.10    -378.0     21.18    -15.08    20.608      49308    0    0    0    0    0
2017  5 29  9 26     0.48    16.45    -1.62    -378.0     21.71    -14.89    20.604      49288    0    0    0    0    0
2017  5 29  9 27     0.55    16.44    -1.26    -378.6     22.23    -15.28    20.888      50799    0    0    0    0    0
2017  5 29  9 28     0.74    16.45    -1.09    -379.6     22.14    -16.82    20.648      51090    0    0    0    0    0
2017  5 29  9 29     1.12    16.46    -1.11    -379.3     21.78    -16.51    19.558      52541    0    0    0    0    0
2017  5 29  9 30     0.91    16.46    -1.26    -377.4     21.71    -14.60    20.204      52541    0    0    0    0    0
2017  5 29  9 31     0.72    16.46    -1.28    -377.3     21.94    -14.32    20.301      54741    0    0    0    0    0
2017  5 29  9 32     0.72    16.58    -0.96    -379.9     21.51    -19.49    21.505      54687    0    0    0    0    0
2017  5 29  9 33     0.80    16.63    -0.74    -379.5     22.78    -18.85    21.415      52972    0    0    0    0    0
2017  5 29  9 34     0.80    16.63    -0.66    -378.4     21.48    -17.47    20.929      52520    0    0    0    0    0
2017  5 29  9 35     0.63    16.67    -0.69    -376.5     21.44    -16.17    20.929      52520    0    0    0    0    0
2017  5 29  9 36     0.58    16.65    -0.90    -376.0     19.57    -15.03    20.929      55435    0    0    0    0    0
2017  5 29  9 37     0.52    16.65    -0.99    -378.4     18.73    -14.73    19.324      56568    0    0    0    0    0
2017  5 29  9 38     0.46    16.64    -1.14    -378.9     19.30    -15.07    19.378      51625    0    0    0    0    0
2017  5 29  9 39     0.52    16.65    -1.12    -379.2     19.80    -15.87    19.399      50256    0    0    0    0    0
2017  5 29  9 40     0.62    16.66    -0.85    -380.4     19.79    -18.82    19.373      52245    0    0    0    0    0
2017  5 29  9 41     0.56    16.72    -0.53    -381.6     19.22    -19.77    19.386      57641    0    0    0    0    0
2017  5 29  9 42     0.81    16.75    -0.37    -382.8     18.43    -20.38    19.359      56229    0    0    0    0    0
2017  5 29  9 43     1.12    16.84    -0.31    -383.5     18.36    -20.41    19.200      52285    0    0    0    0    0
2017  5 29  9 44     1.18    16.89    -0.47    -383.6     18.85    -19.43    19.120      50773    0    0    0    0    0
2017  5 29  9 45     1.17    16.92    -0.96    -383.3     18.98    -18.56    19.752      50773    0    0    0    0    0
2017  5 29  9 46     1.15    16.94    -1.41    -383.2     18.69    -17.28    20.143      49778    0    0    0    0    0
2017  5 29  9 47     1.52    16.94    -1.89    -383.8     18.39    -16.57    20.152      47430    0    0    0    0    0
2017  5 29  9 48     1.96    16.88    -1.93    -384.0     18.24    -16.61    20.170      46682    0    0    0    0    0
2017  5 29  9 49     1.79    16.85    -1.50    -384.2     18.42    -16.89    20.791      47758    0    0    0    0    0
2017  5 29  9 50     1.84    16.89    -1.09    -384.5     18.46    -17.30    21.092      48133    0    0    0    0    0
2017  5 29  9 51     1.96    16.95    -1.04    -384.3     18.52    -17.37    21.117      45392    0    0    0    0    0
2017  5 29  9 52     1.95    16.96    -1.47    -384.4     18.73    -17.10    19.709      44518    0    0    0    0    0
2017  5 29  9 53     2.32    16.95    -1.66    -385.1     18.52    -16.77    19.024      44909    0    0    0    0    0
2017  5 29  9 54     1.89    16.92    -2.31    -386.6     17.78    -15.62    18.933      46054    0    0    0    0    0
2017  5 29  9 55     1.74    16.93    -2.29    -386.9     16.83    -15.73    18.863      47146    0    0    0    0    0
2017  5 29  9 56     1.57    17.18    -2.32    -387.0     16.27    -15.52    18.920      48181    0    0    0    0    0
2017  5 29  9 57     2.08    17.07    -2.70    -386.9     16.32    -15.55    19.057      48149    0    0    0    0    0
2017  5 29  9 58     2.27    16.70    -3.53    -386.8     16.14    -15.70    19.344      47694    0    0    0    0    0
2017  5 29  9 59     2.04    16.81    -3.28    -386.7     15.70    -17.01    19.223      47741    0    0    0    0    0
2017  5 29 10  0     2.05    17.07    -3.04    -386.7     14.23    -17.80    18.402      48635    0    0    0    0    0
2017  5 29 10  1     1.78    17.12    -3.25    -386.4     12.73    -18.23    17.894      48600    0    0    0    0    0
2017  5 29 10  2     1.35    17.15    -3.09    -385.6     13.05    -18.22    17.817      46515    0    0    0    0    0
2017  5 29 10  3     1.28    17.18    -2.71    -385.3     14.22    -17.90    17.935      46306    0    0    0    0    0
2017  5 29 10  4     1.20    17.16    -0.90    -385.6     16.64    -17.84    18.562      45642    0    0    0    0    0
2017  5 29 10  5     0.58    17.21     0.29    -385.5     18.73    -17.93    20.129      45578    0    0    0    0    0
2017  5 29 10  6     0.51    17.23     0.34    -385.7     19.76    -18.02    20.382      42705    0    0    0    0    0
2017  5 29 10  7     0.66    17.28    -0.01    -385.9     19.46    -18.60    20.389      42492    0    0    0    0    0
2017  5 29 10  8     0.72    17.30    -0.38    -385.8     19.13    -18.70    18.922      43138    0    0    0    0    0
2017  5 29 10  9     0.91    17.29    -0.66    -385.5     18.59    -18.01    18.815      43301    0    0    0    0    0
2017  5 29 10 10     0.86    17.29    -1.06    -385.5     16.85    -17.91    18.806      44299    0    0    0    0    0
2017  5 29 10 11     0.74    17.25    -1.10    -385.5     16.79    -17.65    18.953      45408    0    0    0    0    0
2017  5 29 10 12     0.66    17.13    -1.05    -385.4     17.95    -17.82    20.185      47151    0    0    0    0    0
2017  5 29 10 13     0.64    16.98    -0.73    -385.1     18.55    -17.81    20.342      48970    0    0    0    0    0
2017  5 29 10 14     0.59    16.96    -0.13    -384.9     19.15    -17.66    19.924      56591    0    0    0    0    0
2017  5 29 10 15     0.33    16.88     0.94    -384.6     19.21    -17.21    19.600      60227    0    0    0    0    0
2017  5 29 10 16     0.29    16.77     1.19    -384.5     19.39    -16.80    18.690      62850    0    0    0    0    0
2017  5 29 10 17     0.28    16.73     1.13    -384.6     20.12    -16.67    18.521      64795    0    0    0    0    0
2017  5 29 10 18     0.33    16.60     0.93    -384.7     20.28    -16.67    18.661      65262    0    0    0    0    0
2017  5 29 10 19     0.36    16.55     0.90    -384.3     20.00    -16.77    18.856      65284    0    0    0    0    0
2017  5 29 10 20     0.52    16.44     1.06    -384.2     19.64    -16.82    19.139      63975    0    0    0    0    0
2017  5 29 10 21     0.50    16.34     1.40    -384.4     19.13    -16.70    19.341      63202    0    0    0    0    0
2017  5 29 10 22     0.20    16.24     2.14    -384.6     19.29    -16.37    20.177      63101    0    0    0    0    0
2017  5 29 10 23     0.04    16.18     2.37    -384.9     19.81    -16.21    20.385      64192    0    0    0    0    0
2017  5 29 10 24    -0.18    16.07     2.37    -386.4     20.53    -17.30    20.208      69909    0    0    0    0    0
2017  5 29 10 25    -0.57    15.94     2.29    -386.4     22.27    -17.32    19.769      69909    0    0    0    0    0
2017  5 29 10 26    -0.60    15.56     2.52    -386.2     24.13    -16.88    19.769      69909    0    0    0    0    0
2017  5 29 10 27    -0.61    14.81     3.49    -385.8     25.09    -15.96    20.048      91673    0    0    0    0    0
2017  5 29 10 28    -0.80    14.29     3.86    -385.5     26.36    -15.96    20.173      96745    0    0    0    0    0
2017  5 29 10 29    -0.82    14.23     3.90    -385.4     27.16    -16.55    20.287     100063    0    0    0    0    0
2017  5 29 10 30    -0.84    14.20     3.99    -385.7     27.74    -17.03    21.036     100444    0    0    0    0    0
2017  5 29 10 31    -0.71    14.02     3.49    -386.2     27.21    -15.96    21.091      99706    0    0    0    0    0
2017  5 29 10 32    -0.13    13.69     1.88    -386.9     27.87    -11.96    21.530     100038    0    0    0    0    0
2017  5 29 10 33    -0.71    12.87     2.15    -387.9     28.69     -9.45    21.623     108820    0    0    0    0    0
2017  5 29 10 34    -0.80    12.27     0.93    -389.0     27.31     -7.93    22.105     122088    0    0    0    0    0
2017  5 29 10 35    -0.90    11.61     1.45    -389.0     26.26     -7.90    22.429     125547    0    0    0    0    0
2017  5 29 10 36    -1.37    11.50     2.44    -389.1     26.04     -7.83    22.858     129219    0    0    0    0    0
2017  5 29 10 37    -1.21    11.35     2.20    -389.9     26.40     -7.17    23.523     133684    0    0    0    0    1
2017  5 29 10 38    -0.75    11.35     1.75    -391.4     26.65     -6.14    23.834     138539    0    0    0    0    2
2017  5 29 10 39    -0.74    11.18     1.72    -391.6     26.89     -5.73    22.460     142775    0    0    0    0    1
2017  5 29 10 40     0.88    11.78     0.09    -391.5     27.52     -5.89    21.650     147144    0    0    0    0    0
2017  5 29 10 41     1.98    12.44    -0.69    -391.7     28.22     -5.99    21.650     151940    0    0    0    0    0
2017  5 29 10 42     2.10    12.75    -0.45    -392.2     28.60     -5.97    21.153     154264    0    0    0    0    0
2017  5 29 10 43     1.88    12.88    -0.24    -392.8     28.66     -5.18    20.273     155332    0    0    0    0    1
2017  5 29 10 44     1.67    12.90    -0.28    -392.9     29.09     -4.94    19.974     156331    0    0    0    0    2
2017  5 29 10 45     1.97    12.93     0.38    -392.9     29.25     -5.51    19.661     157322    0    1    1    1    2
2017  5 29 10 46     1.75    13.02     0.37    -392.8     29.02     -6.10    19.302     158316    0    1    1    2    2
2017  5 29 10 47     1.44    13.04    -0.63    -392.5     27.49     -7.06    18.960     159262    0    1    1    2    2
2017  5 29 10 48     0.68    13.05    -1.02    -391.4     25.93     -7.87    18.643     160136    0    1    1    2    2
2017  5 29 10 49    -0.12    13.09    -0.58    -390.3     24.71     -8.37    18.332     160995    0    1    1    1    2
2017  5 29 10 50    -0.58    13.18     0.89    -389.6     23.46     -8.65    18.056     161905    0    0    0    0    2
2017  5 29 10 51    -0.71    13.29     2.49    -389.1     22.32     -9.05    17.838     162849    0    0    0    0    2
2017  5 29 10 52    -0.98    13.31     2.76    -388.0     22.10     -9.80    17.680     163701    0    0    0    0    2
2017  5 29 10 53    -1.71    13.28     2.81    -385.9     22.70    -10.69    17.680     164447    0    0    0    0    2
2017  5 29 10 54    -1.56    13.20     3.07    -384.0     23.94    -11.48    17.126     164496    0    0    0    0    1
2017  5 29 10 55    -1.50    13.00     3.91    -383.0     24.51    -13.93    18.062     154026    0    0    0    0    0
2017  5 29 10 56    -1.53    12.88     4.46    -382.4     24.64    -15.51    18.852     146862    0    0    0    0    0
2017  5 29 10 57    -1.30    12.88     4.49    -382.9     24.07    -15.65    18.599     147029    0    0    0    0    0
2017  5 29 10 58    -0.43    12.90     4.25    -385.8     23.18    -15.74    18.416     147497    0    0    0    0    0
2017  5 29 10 59    -0.89    13.06     4.24    -387.5     22.70    -15.88    18.350     147954    0    0    0    0    2
2017  5 29 11  0    -1.06    13.22     4.36    -387.2     22.68    -16.37    17.922     148316    0    0    0    0    2
2017  5 29 11  1    -0.73    13.05     4.25    -386.6     22.26    -17.35    17.591     148662    0    0    0    0    2
2017  5 29 11  2    -0.67    13.05     4.69    -385.7     23.44    -18.39    17.269     148999    0    0    0    0    2
2017  5 29 11  3    -0.94    12.60     5.92    -384.9     25.71    -23.19    17.095     149340    0    0    0    0    2
2017  5 29 11  4    -0.98    11.90     6.67    -384.8     27.52    -28.71    16.254     149709    0    0    0    0    1
2017  5 29 11  5    -0.98    11.26     6.54    -385.1     23.72    -34.27    17.908     150247    0    0    0    0    0
2017  5 29 11  6    -0.93    11.56     4.96    -385.6     22.01    -39.62    18.246     157966    0    0    0    0    0
2017  5 29 11  7    -0.91    12.43     4.49    -385.8     17.84    -44.53    17.991     160548    0    0    0    0    0
2017  5 29 11  8    -0.91    12.74     4.27    -385.9     17.54    -44.55    17.972     160682    0    0    0    0    0
2017  5 29 11  9    -1.10    12.71     4.30    -386.4     18.36    -44.60    17.966     154148    0    0    0    0    0
2017  5 29 11 10    -1.91    12.41     4.82    -388.4     18.99    -47.97    17.668     149689    0    0    0    0    0
2017  5 29 11 11    -2.28    12.14     5.59    -389.3     20.32    -47.69    17.840     149689    0    0    0    0    0
2017  5 29 11 12    -2.69    11.75     5.84    -390.2     20.95    -44.34    18.201     149095    0    0    0    0    0
2017  5 29 11 13    -3.01    11.43     6.49    -390.8     19.37    -37.80    18.500     148406    0    0    0    0    0
2017  5 29 11 14    -3.39    11.12     7.14    -391.2     19.82    -31.51    18.691     148406    0    0    0    0    0
2017  5 29 11 15    -3.61    10.34     8.04    -391.2     19.92    -25.38    18.395     145630    0    0    0    0    0
2017  5 29 11 16    -3.59     9.31     9.10    -390.8     17.30    -19.62    17.613     140338    0    0    0    0    0
2017  5 29 11 17    -3.50     8.76     9.74    -389.9     15.03    -15.99    16.781     136067    0    0    0    0    0
2017  5 29 11 18    -3.40     8.65     9.85    -388.7     13.83    -14.84    16.464     134153    0    0    0    0    0
2017  5 29 11 19    -3.22     8.58     9.67    -387.8     13.05    -15.01    16.839     134545    0    0    0    0    0
2017  5 29 11 20    -2.67     8.39     9.58    -387.2     12.08    -15.12    16.994     136311    0    0    0    0    0
2017  5 29 11 21    -2.68     8.20     9.65    -386.9     11.46    -14.96    17.001     136311    0    0    0    0    0
2017  5 29 11 22    -2.70     7.95     9.81    -387.1     11.09    -14.74    17.032     135899    0    0    0    0    0
2017  5 29 11 23    -2.27     7.78     9.54    -387.6     10.25    -15.39    17.189     131778    0    0    0    0    0
2017  5 29 11 24    -2.39     8.72     7.88    -387.4     11.53    -16.09    17.206     130547    0    1    1    1    1
2017  5 29 11 25    -0.95    10.99     2.38    -387.5     12.50    -17.32    16.341     121317    0    1    1    1    2
2017  5 29 11 26     2.55    13.29    -4.10    -387.5     12.29    -18.59    15.760     112784    0    1    1    1    1
2017  5 29 11 27     2.31    13.30    -4.14    -386.5     11.84    -19.95    14.418     107904    0    0    0    0    0
2017  5 29 11 28     2.03    13.73    -3.96    -384.9     11.65    -22.03    14.505     107904    0    0    0    0    0
2017  5 29 11 29     1.98    13.91    -3.26    -384.5     11.31    -22.64    14.850     110537    0    0    0    0    0
2017  5 29 11 30     1.99    14.04    -2.15    -384.5     10.66    -22.24    15.820     113971    0    0    0    0    0
2017  5 29 11 31     1.98    14.00    -1.87    -384.2      9.74    -21.02    16.085     115483    0    0    0    0    0
2017  5 29 11 32     1.88    14.04    -1.72    -384.2      9.93    -24.20    15.245     116440    0    0    0    0    1
2017  5 29 11 33     1.65    14.14    -1.32    -384.5     11.69    -29.04    14.866     117445    0    0    0    0    2
2017  5 29 11 34     1.76    14.12    -1.09    -384.4      8.88    -33.80    14.903     118400    0    0    0    0    2
2017  5 29 11 35     2.05    14.03    -0.64    -384.0      8.33    -38.41    14.916     119326    0    0    0    0    1
2017  5 29 11 36     1.02    14.04     0.30    -383.3      9.87    -42.76    14.891     121592    0    0    0    0    0
2017  5 29 11 37     0.36    13.93     0.85    -382.3     11.72    -44.35    14.806     124395    0    0    0    0    0
2017  5 29 11 38     0.36    13.93     1.09    -381.6     13.67    -44.17    14.625     126465    0    0    0    0    0
2017  5 29 11 39     0.20    14.10     1.31    -381.5     14.95    -44.79    14.419     127114    0    0    0    0    0
2017  5 29 11 40    -0.02    14.09     1.33    -381.0     14.90    -46.31    14.349     126412    0    0    0    0    1
2017  5 29 11 41     0.04    14.08     1.33    -380.3     14.26    -47.65    14.356     124555    0    0    0    0    2
2017  5 29 11 42     0.38    14.02     1.20    -380.7     12.68    -48.36    14.454     122415    0    0    0    0    2
2017  5 29 11 43     0.82    13.92     0.93    -381.0     12.82    -48.24    14.727     120289    0    0    0    0    2
2017  5 29 11 44     1.02    13.82     0.45    -381.9     13.94    -46.03    14.965     118007    0    0    0    0    2
2017  5 29 11 45     1.25    13.66     0.10    -382.2     16.52    -44.01    14.975     115853    0    0    0    0    2
2017  5 29 11 46     2.73    13.04    -2.57    -382.9     14.78    -44.62    14.489     113638    0    0    0    0    2
2017  5 29 11 47     3.35    12.63    -4.11    -383.7     12.05    -45.69    13.970     111405    0    0    0    0    2
2017  5 29 11 48     3.09    12.57    -3.77    -384.5     11.41    -50.54    13.863     109142    0    0    0    0    1
2017  5 29 11 49     3.15    12.54    -3.49    -384.6     11.17    -52.55    13.764     108566    0    0    0    0    0
2017  5 29 11 50     3.24    12.53    -3.26    -384.4     11.14    -52.75    13.828     108533    0    0    0    0    0
2017  5 29 11 51     3.26    12.50    -3.24    -385.6     11.23    -50.85    15.168     114961    0    0    0    0    0
2017  5 29 11 52     3.36    12.43    -3.49    -385.5     12.87    -48.90    16.146     122655    0    0    0    0    0
2017  5 29 11 53     3.52    12.23    -3.80    -384.2     14.37    -48.67    16.944     123546    0    0    0    0    0
2017  5 29 11 54     3.58    12.22    -3.61    -382.4     14.83    -51.07    18.369     120007    0    0    0    0    0
2017  5 29 11 55     3.38    12.17    -2.97    -380.0     14.83    -52.51    19.810     113752    0    0    0    0    0
2017  5 29 11 56     2.84    11.86    -1.97    -377.1     14.83    -50.41    20.766     105637    0    0    0    0    0
2017  5 29 11 57     2.68    11.81    -0.74    -376.1     14.78    -46.73    21.005     102924    0    0    0    0    0
2017  5 29 11 58     2.60    11.86    -0.37    -376.3     16.17    -41.95    19.890     102349    0    0    0    0    0
2017  5 29 11 59     2.74    11.88    -1.03    -379.0     16.01    -34.32    17.729     101208    0    0    0    0    0
2017  5 29 12  0     3.39    11.88    -6.07    -381.6     13.63    -25.20    16.029     101344    0    0    0    0    0
2017  5 29 12  1     3.42    11.92    -6.25    -381.4     12.36    -19.85    13.910     101540    0    0    0    0    0
2017  5 29 12  2     3.52    12.05    -6.26    -380.4     11.49    -17.68    13.050     100537    0    0    0    0    0
2017  5 29 12  3     3.70    12.22    -6.27    -380.3     10.75    -16.35    13.395      97402    0    0    0    0    0
2017  5 29 12  4     3.75    12.31    -6.42    -379.9     11.21    -14.75    13.002      95932    0    0    0    0    0
2017  5 29 12  5     3.78    12.31    -6.45    -379.2     12.00    -14.28    12.229      95932    0    0    0    0    0
2017  5 29 12  6     3.64    12.30    -6.64    -379.3     12.19    -13.90    12.243      95485    0    0    0    0    0
2017  5 29 12  7     3.41    12.27    -6.67    -379.2     12.48    -13.64    12.555      91840    0    0    0    0    0
2017  5 29 12  8     3.37    12.18    -6.78    -378.7     12.73    -12.48    11.284      86562    0    0    0    0    0
2017  5 29 12  9     3.20    12.10    -7.16    -379.3     13.61    -11.52    12.160      86576    0    0    0    0    0
2017  5 29 12 10     3.27    11.62    -8.17    -379.8     15.20    -10.68    11.838      87800    0    0    0    0    0
2017  5 29 12 11     3.25    11.28    -8.37    -379.7     15.96    -10.85    12.352      95806    0    0    0    0    0
2017  5 29 12 12     3.43    11.05    -8.61    -379.3     16.71    -11.66    13.094     109676    0    0    0    0    0
2017  5 29 12 13     3.47    11.06    -8.59    -378.9     19.05    -11.75    13.516     109542    0    0    0    0    0
2017  5 29 12 14     3.56    11.16    -8.34    -378.9     16.41    -13.04    14.362     107196    0    0    0    0    0
2017  5 29 12 15     3.57    11.66    -8.08    -378.3     15.27    -14.81    13.769     101142    0    0    0    0    0
2017  5 29 12 16     3.22    11.23    -8.02    -378.3     13.91    -15.01    12.119      90586    0    0    0    0    0
2017  5 29 12 17     3.22    11.48    -8.02    -378.6     13.79    -20.90    12.548      91092    0    0    0    0    0
2017  5 29 12 18     3.02    11.48    -8.00    -378.2     14.41    -26.46    12.775     101210    0    0    0    0    0
2017  5 29 12 19     2.83    11.60    -8.00    -378.2     15.38    -32.15    13.135     114444    0    0    0    0    0
2017  5 29 12 20     2.83    11.60    -8.00    -377.6     11.51    -36.00    13.044     118614    0    0    0    0    0
2017  5 29 12 21     3.38    11.83    -5.96    -378.8     13.33    -37.74    11.627     118961    0    0    0    0    0
2017  5 29 12 22     3.17    11.84    -5.05    -379.0     13.71    -47.85    11.530     118894    0    0    0    0    0
2017  5 29 12 23     3.06    11.77    -5.00    -377.8     13.71    -41.56    11.778     118319    0    0    0    0    0
2017  5 29 12 24     3.05    11.54    -6.66    -377.6     15.36    -34.08    11.826     113612    0    0    0    0    0
2017  5 29 12 25     3.05    11.55    -6.94    -376.9     14.15    -26.82    11.864      96636    0    0    0    0    0
2017  5 29 12 26     3.03    11.73    -6.34    -376.8     13.76    -20.97    11.868      93279    0    0    0    0    0
2017  5 29 12 27     3.15    11.80    -5.84    -377.4     12.25    -19.29    12.021     101443    0    0    0    0    0
2017  5 29 12 28     3.37    11.63    -6.36    -379.4     10.82    -19.97    13.164     112203    0    0    0    0    0
2017  5 29 12 29     3.78    11.47    -6.45    -381.0     11.72    -19.04    13.161     112041    0    0    0    0    0
2017  5 29 12 30     4.12    11.46    -6.47    -381.7     12.27    -20.28    13.081     107037    0    0    0    0    0
2017  5 29 12 31     4.22    11.65    -6.43    -381.2     12.26    -24.89    13.066     100712    0    0    0    0    0
2017  5 29 12 32     4.19    11.65    -6.38    -380.0     10.17    -29.08    13.297     102420    0    0    0    0    0
2017  5 29 12 33     4.05    11.63    -6.38    -378.1      2.52    -32.95    14.221     108824    0    0    0    0    0
2017  5 29 12 34     3.99    11.57    -6.58    -377.8      2.26    -37.98    14.487     113930    0    0    0    0    0
2017  5 29 12 35     4.05    11.44    -6.58    -377.8      2.26    -40.17    14.503     114268    0    0    0    0    0
2017  5 29 12 36     4.33    11.45    -6.42    -377.8      7.32    -36.14    14.397     112250    0    0    0    0    0
2017  5 29 12 37     4.37    11.67    -5.86    -377.2      5.06    -32.09    14.078     105890    0    0    0    0    0
2017  5 29 12 38     4.17    12.00    -5.58    -376.6      3.81    -28.21    14.028     104886    0    0    0    0    0
2017  5 29 12 39     4.11    12.02    -5.37    -375.9      3.57    -27.54    14.193     104881    0    0    0    0    0
2017  5 29 12 40     4.13    11.86    -5.28    -375.3      3.22    -28.36    14.344     104881    0    0    0    0    0
2017  5 29 12 41     4.41    11.77    -5.41    -376.5      3.84    -28.33    13.679     104358    0    0    0    0    0
2017  5 29 12 42     4.50    11.66    -5.49    -377.0      5.46    -32.48    13.624     104193    0    0    0    0    0
2017  5 29 12 43     4.42    11.52    -5.46    -376.6      6.79    -38.12    13.823     100875    0    0    0    0    0
2017  5 29 12 44     4.32    11.40    -5.09    -375.9      6.50    -43.61    13.994      99243    0    0    0    0    0
2017  5 29 12 45     4.27    11.48    -4.78    -374.9      6.50    -48.86    14.508      96718    0    0    0    0    0
2017  5 29 12 46     4.11    11.56    -4.38    -374.3      7.16    -54.50    14.865      95053    0    0    0    0    0
2017  5 29 12 47     3.92    11.83    -3.90    -374.1      8.10    -60.58    14.881      95648    0    0    0    0    0
2017  5 29 12 48     3.92    12.19    -3.12    -373.5      9.11    -64.65    14.716      96349    0    0    0    0    0
2017  5 29 12 49     4.01    12.27    -2.14    -372.5     10.15    -65.87    14.463      96279    0    0    0    0    0
2017  5 29 12 50     4.30    12.27    -2.16    -371.9     10.97    -65.86    14.527      96074    0    0    0    0    0
2017  5 29 12 51     4.63    12.25    -2.40    -370.9     11.85    -65.88    14.491      96778    0    0    0    0    0
2017  5 29 12 52     4.80    12.21    -2.44    -369.6     14.99    -66.61    13.780     110856    0    0    0    0    0
2017  5 29 12 53     4.47    12.08    -2.37    -369.4     15.89    -62.11    13.036     117320    0    0    0    0    0
2017  5 29 12 54     4.51    12.05    -2.29    -370.7     15.95    -54.58    12.115     117660    0    0    0    0    0
2017  5 29 12 55     4.62    12.06    -2.31    -373.2     14.45    -45.13    11.073      92187    0    0    0    0    0
2017  5 29 12 56     5.17    12.09    -2.70    -374.1     11.60    -36.19    10.278      78331    0    0    0    0    0
2017  5 29 12 57     5.63    12.23    -6.40    -376.3      9.67    -25.85     9.442      73850    0    0    0    0    0
2017  5 29 12 58     5.68    12.43    -7.48    -379.1      8.90    -17.67     8.716      69134    0    0    0    0    0
2017  5 29 12 59     5.83    12.47    -6.82    -379.2      6.29    -18.80     8.396      69143    0    0    0    0    0
2017  5 29 13  0     5.98    12.43    -6.92    -379.9      6.74    -18.92     8.798      69220    0    0    0    0    0
2017  5 29 13  1     6.16    12.30    -7.47    -382.2      9.09    -18.84     8.312      69191    0    0    0    0    0
2017  5 29 13  2     6.26    11.96    -7.65    -385.0      9.96    -19.00     8.133      69113    0    0    0    0    0
2017  5 29 13  3     6.37    11.87    -7.64    -385.3      8.88    -16.94     8.134      67081    0    0    0    0    0
2017  5 29 13  4     6.40    11.79    -7.86    -385.7      8.92    -14.43     8.172      64757    0    0    0    0    0
2017  5 29 13  5     6.47    11.43    -8.70    -386.6     11.77     -9.93     8.166      64590    0    0    0    0    0
2017  5 29 13  6     6.46    11.31    -9.16    -386.0     14.95     -8.41     8.018      65400    0    0    0    0    0
2017  5 29 13  7     6.28    11.40    -9.39    -385.1     17.65     -7.20     8.179      66419    0    0    0    0    0
2017  5 29 13  8     6.19    11.28    -9.57    -384.2     20.83     -5.22     8.462      68286    0    0    0    0    0
2017  5 29 13  9     6.23    10.12   -10.76    -383.8     24.09     -3.01     8.684      68896    0    0    0    0    0
2017  5 29 13 10     6.26     8.89   -11.32    -385.4     31.81      0.70     8.736      66011    0    0    0    0    0
2017  5 29 13 11     6.41     7.70   -12.17    -384.6     37.58      5.03     8.362      65247    0    0    0    0    0
2017  5 29 13 12     6.03     6.89   -12.54    -383.8     40.54      7.49     8.244      65134    0    0    0    0    0
2017  5 29 13 13     5.83     7.07   -12.45    -382.8     41.33      8.15     8.147      65848    0    0    0    0    0
2017  5 29 13 14     5.97     7.38   -12.32    -383.4     39.06      7.68     7.977      66398    0    0    0    0    0
2017  5 29 13 15     6.33     7.64   -12.13    -385.0     34.46      6.65     7.824      64619    0    0    0    0    0
2017  5 29 13 16     6.38     8.26   -11.80    -385.6     30.14      3.60     7.857      60871    0    0    0    0    0
2017  5 29 13 17     6.40     8.31   -12.01    -384.8     28.82      2.86     7.967      57468    0    0    0    0    0
2017  5 29 13 18     6.55     8.31   -12.07    -384.0     28.40      2.99     7.913      52591    0    0    0    0    0
2017  5 29 13 19     6.64     8.31   -12.17    -384.6     27.76      2.93     7.882      50926    0    0    0    0    0
2017  5 29 13 20     6.67     8.24   -12.01    -384.0     26.66      2.09     7.933      51221    0    0    0    0    0
2017  5 29 13 21     6.66     8.01   -12.39    -382.5     25.98      1.95     8.198      56691    0    0    0    0    0
2017  5 29 13 22     6.48     7.83   -12.84    -381.4     25.16      2.08     8.022      65705    0    0    0    0    0
2017  5 29 13 23     6.20     7.86   -12.93    -381.3     25.05      2.43     7.439      72757    0    0    0    0    0
2017  5 29 13 24     6.18     7.95   -12.90    -380.8     27.91      3.38     7.537      73780    0    0    0    0    0
2017  5 29 13 25     5.99     7.97   -12.85    -379.1     31.86      4.48     7.698      74587    0    0    0    0    0
2017  5 29 13 26     4.88     7.92   -12.85    -376.2     33.90      5.66     7.799      74587    0    0    0    0    0
2017  5 29 13 27     4.46     7.87   -12.86    -374.8     34.97      6.17     7.909      73568    0    0    0    0    0
2017  5 29 13 28     5.03     7.61   -12.90    -377.6     33.29      4.92     7.593      72436    0    0    0    0    0
2017  5 29 13 29     5.40     7.36   -12.98    -379.0     26.89      0.68     7.663      72672    0    0    0    0    0
2017  5 29 13 30     5.50     6.95   -13.01    -380.0     27.75      1.10     7.903      75276    0    0    0    0    0
2017  5 29 13 31     5.40     6.27   -13.06    -380.3     31.37      3.02     8.328      75023    0    0    0    0    0
2017  5 29 13 32     5.70     6.17   -13.05    -378.8     34.22      4.96     8.381      74056    0    0    0    0    0
2017  5 29 13 33     6.00     6.15   -12.84    -379.1     35.96      5.18     8.773      70202    0    0    0    0    0
2017  5 29 13 34     5.99     6.09   -12.89    -380.0     37.86      4.32     8.531      66256    0    0    0    0    0
2017  5 29 13 35     5.85     5.87   -13.10    -380.3     38.08      3.91     8.401      62222    0    0    0    0    0
2017  5 29 13 36     5.81     5.94   -13.21    -379.7     37.50      3.77     8.459      59614    0    0    0    0    0
2017  5 29 13 37     5.82     6.39   -13.19    -378.4     34.81      3.67     8.532      59620    0    0    0    0    0
2017  5 29 13 38     6.27     6.69   -12.87    -377.6     31.52      3.54     8.667      59967    0    0    0    0    0
2017  5 29 13 39     5.87     6.76   -12.81    -377.2     31.00      3.56     8.689      60590    0    0    0    0    0
2017  5 29 13 40     5.80     6.62   -12.92    -377.1     31.88      4.19     8.690      62465    0    0    0    0    0
2017  5 29 13 41     5.73     6.49   -12.96    -376.7     32.73      4.91     8.825      64474    0    0    0    0    0
2017  5 29 13 42     5.55     6.45   -12.92    -376.5     32.95      5.09     8.927      64954    0    0    0    0    0
2017  5 29 13 43     5.50     6.84   -12.54    -376.5     32.22      5.11     8.956      64968    0    0    0    0    0
2017  5 29 13 44     5.50     6.71   -12.34    -376.5     31.17      4.00     8.565      63252    0    0    0    0    0
2017  5 29 13 45     5.41     6.50   -12.37    -376.6     30.97      3.48     8.511      62730    0    0    0    0    0
2017  5 29 13 46     5.26     6.38   -12.53    -376.6     30.99      3.56     8.918      64162    0    0    0    0    0
2017  5 29 13 47     4.79     6.26   -12.63    -375.7     30.97      3.65     8.996      64558    0    0    0    0    0
2017  5 29 13 48     4.59     6.34   -12.69    -374.9     32.29      4.15     8.983      64167    0    0    0    0    0
2017  5 29 13 49     4.64     6.86   -12.77    -374.5     32.40      4.61     9.047      63573    0    0    0    0    0
2017  5 29 13 50     4.70     7.26   -12.82    -374.2     31.60      4.62     9.107      63297    0    0    0    0    0
2017  5 29 13 51     4.31     6.85   -12.93    -374.8     31.80      4.74     9.107      64159    0    0    0    0    0
2017  5 29 13 52     4.24     6.51   -12.85    -375.4     33.83      5.08     9.487      72200    0    0    0    0    0
2017  5 29 13 53     4.42     6.45   -12.63    -375.9     34.60      5.28     9.736      76427    0    0    0    0    0
2017  5 29 13 54     4.42     6.48   -12.58    -376.6     34.22      5.28     9.817      76297    0    0    0    0    0
2017  5 29 13 55     4.42     6.61   -12.84    -377.8     33.01      4.45     9.577      76261    0    0    0    0    0
2017  5 29 13 56     4.33     6.33   -12.74    -379.9     31.20      4.34     9.353      76361    0    0    0    0    0
2017  5 29 13 57     4.39     6.76   -12.48    -383.2     26.36      3.15     8.515      76168    0    0    0    0    0
2017  5 29 13 58     4.50     6.95   -12.45    -381.9     24.58      2.82     8.230      75908    0    0    0    0    0
2017  5 29 13 59     4.86     7.10   -12.41    -380.1     22.59      2.62     8.453      75686    0    0    0    0    0
2017  5 29 14  0     5.70     6.89   -12.36    -379.8     21.31      2.33     9.715      75511    0    0    0    0    0
2017  5 29 14  1     5.65     7.19   -12.25    -380.3     20.90      1.12     9.863      75742    0    0    0    0    0
2017  5 29 14  2     5.54     7.34   -12.23    -380.5     21.39      0.73     9.949      76824    0    0    0    0    0
2017  5 29 14  3     5.50     7.37   -12.11    -380.4     22.43      0.53    10.017      78284    0    0    0    0    0
2017  5 29 14  4     5.42     7.37   -11.89    -379.9     22.94     -0.05     9.752      80445    0    0    0    0    0
2017  5 29 14  5     5.25     7.37   -11.82    -379.0     23.95     -1.54     8.647      84581    0    0    0    0    0
2017  5 29 14  6     5.26     7.37   -11.57    -378.3     24.93     -1.84     8.544      84581    0    0    0    0    0
2017  5 29 14  7     5.61     7.37   -11.57    -378.3     23.36     -1.65     8.243      77979    0    0    0    0    0
2017  5 29 14  8     5.50     7.87   -11.57    -378.3     23.63     -0.92     8.313      76995    0    0    0    0    0
2017  5 29 14  9     5.50     8.08   -11.54    -378.2     23.61     -0.89     8.650      76995    0    0    0    0    0
2017  5 29 14 10     5.32     8.08   -11.24    -377.4     24.37     -1.50     9.052      77719    0    0    0    0    0
2017  5 29 14 11     5.14     8.07   -11.15    -376.4     24.60     -2.56     9.441      77817    0    0    0    0    0
2017  5 29 14 12     5.12     8.07   -11.11    -375.4     24.47     -2.94     9.800      75782    0    0    0    0    0
2017  5 29 14 13     5.35     8.16   -11.08    -374.9     23.23     -3.70     9.885      74323    0    0    0    0    0
2017  5 29 14 14     5.54     8.31   -10.99    -374.9     22.04     -4.56     9.726      73797    0    0    0    0    0
2017  5 29 14 15     5.68     8.46   -10.93    -375.3     21.70     -5.19     9.641      73408    0    0    0    0    0
2017  5 29 14 16     6.02     8.53   -11.07    -376.4     21.63     -5.45     9.639      73033    0    0    0    0    0
2017  5 29 14 17     6.28     8.69   -11.06    -377.1     21.77     -5.58     9.747      72947    0    0    0    0    0
2017  5 29 14 18     5.38     8.81   -11.10    -379.0     26.23     -5.41    10.048      76469    0    0    0    0    0
2017  5 29 14 19     5.39     8.79   -11.15    -378.8     26.82     -5.39    10.287      79720    0    0    0    0    0
2017  5 29 14 20     5.46     8.47   -11.29    -378.1     24.59     -5.42    10.309      79720    0    0    0    0    0
2017  5 29 14 21     5.53     8.43   -11.06    -376.1     20.40     -5.90    10.321      78495    0    0    0    0    0
2017  5 29 14 22     5.60     8.49   -10.95    -375.0     18.22     -6.56    10.282      75800    0    0    0    0    0
2017  5 29 14 23     5.67     8.62   -10.82    -374.6     16.85     -7.24     9.799      68918    0    0    0    0    0
2017  5 29 14 24     5.81     8.68   -10.69    -374.7     16.30     -7.48     9.100      64220    0    0    0    0    0
2017  5 29 14 25     5.94     8.68   -10.69    -375.5     17.85     -6.25     8.520      75291    0    0    0    0    0
2017  5 29 14 26     6.09     8.10   -10.71    -376.0     18.42     -5.33     8.110      81477    0    0    0    0    0
2017  5 29 14 27     6.97     7.19   -11.40    -377.6     17.04     -3.55     7.950      81398    0    0    0    0    0
2017  5 29 14 28     7.02     7.22   -11.40    -377.6     16.03     -4.59     7.880      75040    0    0    0    0    0
2017  5 29 14 29     6.82     8.01   -10.89    -376.4     11.36     -5.97     8.736      74359    0    0    0    0    0
2017  5 29 14 30     6.95     8.52   -10.61    -377.4      7.27     -4.13     8.456      76214    0    0    0    1    1
2017  5 29 14 31     7.02     8.28   -10.43    -377.9      6.90     -3.80     8.505      76581    0    0    0    1    1
2017  5 29 14 32     6.93     8.63   -10.16    -378.1      6.23     -4.39     8.602      76587    0    0    0    0    1
2017  5 29 14 33     6.86     8.88   -10.08    -377.8      2.52     -3.42     7.314      69484    0    0    0    0    1
2017  5 29 14 34     6.87     8.53   -10.24    -378.0      2.24     -3.33     7.109      69003    0    0    0    0    0
2017  5 29 14 35     7.06     8.23   -10.57    -378.1      4.67     -2.88     6.986      78146    0    0    0    0    0
2017  5 29 14 36     7.20     8.40   -10.58    -377.8      6.05     -3.96     7.235      82834    0    0    0    0    0
2017  5 29 14 37     7.21     8.41    -9.91    -376.3      8.93     -3.52     7.210      86726    0    0    0    0    0
2017  5 29 14 38     7.28     8.89    -9.64    -374.2     10.88     -2.50     6.892      88673    0    0    0    0    0
2017  5 29 14 39     7.45     9.32    -9.69    -372.9     12.36     -1.58     6.550      89438    0    0    0    0    0
2017  5 29 14 40     7.54     9.14    -9.86    -373.7     13.36     -1.57     6.512      89438    0    0    0    0    0
2017  5 29 14 41     7.38     9.60    -9.70    -374.3     13.26     -2.07     6.618      89858    0    0    0    0    0
2017  5 29 14 42     7.34     9.76    -9.54    -374.0     12.99     -2.53     6.788      90896    0    0    0    0    0
2017  5 29 14 43     7.28     9.35    -9.49    -373.4     12.02     -3.85     6.819      91725    0    0    0    0    0
2017  5 29 14 44     7.19     9.28    -9.56    -373.0     10.58     -6.12     6.713      91906    0    0    0    0    0
2017  5 29 14 45     7.25     9.08    -9.65    -373.2     11.38     -6.15     6.708      91625    0    0    0    0    0
2017  5 29 14 46     7.50     9.08    -9.68    -373.8     13.90     -5.94     6.711      91079    0    0    0    0    0
2017  5 29 14 47     7.68     9.31    -9.55    -374.0     15.24     -6.04     6.726      91079    0    0    0    0    0
2017  5 29 14 48     7.68     9.65    -9.26    -374.2     12.82     -6.81     6.809      91050    0    0    0    0    0
2017  5 29 14 49     7.63    10.03    -8.83    -374.1     10.11     -7.61     6.421      89226    0    0    0    0    0
2017  5 29 14 50     7.43    10.16    -8.43    -373.6     10.07     -8.17     5.882      86220    0    0    0    0    0
2017  5 29 14 51     7.10    10.15    -8.32    -373.1      9.46     -8.74     5.918      84757    0    0    0    0    0
2017  5 29 14 52     6.97    10.25    -8.31    -373.1      7.95     -8.82     6.196      85124    0    0    0    0    0
2017  5 29 14 53     6.96    10.64    -8.18    -374.1      7.31     -9.23     6.841      85938    0    0    0    0    0
2017  5 29 14 54     6.99    10.95    -7.98    -374.6      7.17     -9.60     7.121      86350    0    0    0    0    0
2017  5 29 14 55     7.03    10.98    -7.59    -374.4      6.69     -9.39     7.181      86592    0    0    0    0    0
2017  5 29 14 56     6.97    11.13    -7.28    -373.7      5.93     -9.22     7.179      86507    0    0    0    0    0
2017  5 29 14 57     6.86    11.38    -7.18    -373.2      5.20     -9.51     7.055      86035    0    0    0    0    0
2017  5 29 14 58     6.91    11.47    -6.94    -373.7      4.13    -10.83     6.850      85124    0    0    0    0    0
2017  5 29 14 59     7.03    11.67    -6.50    -374.3      3.32    -13.35     6.693      83843    0    0    0    0    0
2017  5 29 15  0     7.00    11.88    -6.31    -374.2      3.03    -15.37     6.763      82955    0    0    0    0    0
2017  5 29 15  1     6.93    11.94    -6.44    -373.4      2.40    -16.27     6.917      83341    0    0    0    0    0
2017  5 29 15  2     6.88    12.01    -6.42    -372.6      1.89    -16.16     7.246      84711    0    0    0    0    0
2017  5 29 15  3     6.80    12.03    -6.51    -371.5      1.69    -15.43     7.504      86840    0    0    0    0    0
2017  5 29 15  4     6.79    12.06    -6.38    -369.0      1.26    -14.57     7.506      86983    0    0    0    0    0
2017  5 29 15  5     6.24    12.17    -6.01    -368.1      0.93    -14.28     7.394      87029    0    0    0    0    0
2017  5 29 15  6     5.89    12.36    -5.46    -368.1      0.75    -15.25     7.226      86108    0    0    0    0    0
2017  5 29 15  7     6.17    12.44    -4.97    -369.2      1.24    -16.16     7.018      77786    0    0    0    0    0
2017  5 29 15  8     6.31    12.47    -4.89    -368.9      0.28    -16.77     6.945      76017    0    0    0    0    0
2017  5 29 15  9     6.33    12.69    -4.68    -367.8     -0.72    -17.23     6.975      77384    0    0    0    0    1
2017  5 29 15 10     6.18    13.03    -4.53    -366.4     -1.39    -17.53     6.998      78802    0    0    0    0    1
2017  5 29 15 11     5.93    13.31    -4.50    -365.3     -1.67    -17.74     7.005      79952    0    0    0    0    1
2017  5 29 15 12     5.77    13.41    -4.36    -364.5     -1.60    -18.16     7.050      81114    0    0    0    0    1
2017  5 29 15 13     5.67    13.66    -3.68    -363.9     -1.66    -19.24     7.191      81963    0    0    0    0    1
2017  5 29 15 14     5.48    13.70    -3.06    -363.5     -1.71    -19.74     7.234      81950    0    0    0    0    1
2017  5 29 15 15     5.25    13.64    -2.75    -363.0     -2.24    -20.52     7.321      81675    0    0    0    0    1
2017  5 29 15 16     5.04    13.63    -2.45    -362.2     -2.30    -20.77     7.680      81666    0    0    0    0    1
2017  5 29 15 17     4.72    13.60    -2.09    -361.6     -2.28    -20.68     7.790      81666    0    0    0    0    1
2017  5 29 15 18     4.42    13.53    -2.25    -360.9     -1.81    -20.01     7.455     105727    0    0    0    0    1
2017  5 29 15 19     4.25    13.44    -2.43    -360.8      1.83    -30.12     7.105     117350    0    0    0    0    1
2017  5 29 15 20     4.14    13.08    -2.44    -360.8     12.19    -23.30     6.794     119054    0    0    0    0    1
2017  5 29 15 21     3.43    12.33    -1.49    -359.7     18.64    -17.90     6.519     120561    0    0    0    0    1
2017  5 29 15 22     2.66    11.59    -0.57    -358.0     21.82    -21.24     6.260     121986    0    0    0    0    1
2017  5 29 15 23     2.27    11.11    -0.40    -356.2     24.86    -29.11     5.990     123426    0    0    0    1    1
2017  5 29 15 24     2.05    10.98     0.21    -354.0     28.70    -36.10     5.735     124835    0    0    0    1    1
2017  5 29 15 25     1.61    10.83     0.86    -352.1     31.45    -37.63     5.470     126380    0    1    1    1    1
2017  5 29 15 26     0.83    10.66     1.79    -351.2     33.22    -34.57     5.162     128339    0    1    2    1    1
2017  5 29 15 27    -0.43    10.38     3.40    -352.9     32.66    -30.13     4.758     131446    0    1    2    1    1
2017  5 29 15 28    -4.67     7.58     5.48    -378.9     47.28    -14.24     4.047     139579    0    1    2    1    2
2017  5 29 15 29    -4.62     7.05     6.19    -382.3     52.20     -9.18     3.735     139184    0    1    2    1    2
2017  5 29 15 30    -3.88     6.85     8.22    -384.5     56.54     -4.71     3.369     137218    0    1    2    1    2
2017  5 29 15 31    -3.83     7.08     9.03    -384.0     59.76     -1.39     3.173     134701    0    1    2    1    2
2017  5 29 15 32    -4.02     6.82     9.33    -382.8     62.64      1.59     3.182     131886    0    1    2    1    2
2017  5 29 15 33    -5.11     5.65     9.47    -382.2     65.83      4.87     3.048     130159    0    1    2    1    1
2017  5 29 15 34    -7.61     3.40     9.48    -383.7     80.70     18.62     2.863     129142    0    1    1    1    1
2017  5 29 15 35    -8.33     1.54     9.87    -390.2     84.96     27.10     3.329     124215    0    0    0    1    1
2017  5 29 15 36    -8.03     1.41    10.10    -390.8     78.52     27.60     3.471     129395    0    0    0    1    1
2017  5 29 15 37    -7.70     1.66    10.09    -389.4     73.91     22.37     3.507     133491    0    0    0    1    1
2017  5 29 15 38    -7.35     1.62     9.88    -387.1     70.03     13.27     3.321     137925    0    0    0    1    1
2017  5 29 15 39    -7.46     0.73     9.17    -384.3     68.00     12.89     3.286     145711    0    0    0    1    1
2017  5 29 15 40    -7.58     1.07     8.70    -381.6     67.33     12.75     3.248     156976    0    0    0    1    1
2017  5 29 15 41    -7.66     2.16     8.36    -379.0     68.45     13.15     3.207     170821    0    0    0    1    1
2017  5 29 15 42    -7.40     3.19     7.90    -377.6     76.67     16.39     3.152     187815    0    0    0    1    1
2017  5 29 15 43    -6.41     5.56     7.59    -377.0     87.37     19.16     3.100     208064    0    1    0    1    1
2017  5 29 15 44    -5.19     7.74     6.29    -377.4     88.92     22.14     3.027     232504    0    1    1    1    1
2017  5 29 15 45    -4.64     8.30     5.58    -374.2     89.23     22.34     2.988     246591    0    1    1    0    1
2017  5 29 15 46    -4.17     8.68     4.98    -370.6     89.60     22.16     2.952     259514    0    1    1    1    1
2017  5 29 15 47    -3.68     8.72     4.82    -368.3     90.32     17.61     2.903     276675    0    1    1    1    1
2017  5 29 15 48    -2.37     8.86     4.43    -367.4     90.66     12.08     2.831     298585    0    0    0    1    1
2017  5 29 15 49    -0.72     9.52     3.91    -367.4     90.00     -1.46     2.772     324841    0    0    0    1    1
2017  5 29 15 50    -0.06     9.93     3.66    -367.9     86.89    -12.33     2.740     353496    0    0    0    1    1
2017  5 29 15 51     0.12     9.32     4.42    -369.3     81.65    -14.82     2.791     385807    0    1    1    1    1
2017  5 29 15 52    -0.39     8.92     4.76    -371.4     76.32    -16.20     2.762     463109    0    1    1    1    1
2017  5 29 15 53    -0.31     8.62     4.57    -371.4     73.73    -17.14     2.756     472483    0    0    0    1    1
2017  5 29 15 54     0.41     9.34     4.58    -371.0     74.95    -16.93     3.166     481433    0    1    1    1    1
2017  5 29 15 55     1.55     9.04     4.58    -369.3     76.81    -14.53     3.029     488671    0    1    1    1    1
2017  5 29 15 56     1.80     8.93     4.03    -368.4     78.93    -11.79     3.345     496939    0    1    2    1    1
2017  5 29 15 57     1.84     8.91     3.65    -367.8     81.15     -8.93     3.483     505583    0    1    2    1    1
2017  5 29 15 58     1.86     8.97     3.44    -368.5     83.77     -5.53     3.096     515832    0    1    2    1    1
2017  5 29 15 59     1.86     9.12     3.02    -367.9     86.01     -2.65     3.057     524563    0    1    2    1    1
2017  5 29 16  0     2.25     9.20     2.81    -366.1     87.83     -0.31     3.117     531618    0    1    1    1    1
2017  5 29 16  1     2.81     9.21     2.92    -363.8     89.27      1.58     3.106     538226    0    0    0    1    1
2017  5 29 16  2     2.67     9.19     3.90    -362.8     89.27      1.60     3.015     546291    0    0    0    1    1
2017  5 29 16  3    -0.15     8.91     3.81    -364.5     98.61      6.68     3.015     557698    0    0    0    1    1
2017  5 29 16  4    -0.48     8.62     3.81    -360.9    101.70      8.40     3.030     562483    0    0    0    1    1
2017  5 29 16  5    -0.51     8.17     3.88    -358.0    103.66      9.50     3.034     568100    0    0    0    1    1
2017  5 29 16  6    -0.14     7.44     4.09    -356.3    103.70      9.56     3.022     575291    0    1    1    1    1
2017  5 29 16  7    -2.18     6.28     4.18    -357.9    104.98     10.53     3.070     586919    0    1    2    1    1
2017  5 29 16  8    -1.90     6.14     2.86    -360.1    116.78     15.34     3.070     599142    0    1    1    1    1
2017  5 29 16  9    -2.65     6.03     2.41    -360.5    123.35     19.92     3.087     609050    0    1    1    1    1
2017  5 29 16 10    -2.85     5.40     2.81    -360.7    122.14     21.41     3.013     618832    0    1    1    1    1
2017  5 29 16 11    -2.96     4.70     3.44    -362.0    124.66     21.46     2.702     629841    0    1    1    1    1
2017  5 29 16 12    -2.81     3.35     2.91    -367.9    111.57     15.56     2.676     646931    0    1    2    0    1
2017  5 29 16 13    -2.77     3.03     3.27    -367.7    112.58     16.33     2.868     656059    0    1    2    0    2
2017  5 29 16 14    -2.51     3.41     3.79    -366.7    113.48     17.02     2.963     664241    0    1    2    0    2
2017  5 29 16 15    -2.21     3.04     3.40    -366.3    114.45     17.78     2.953     673070    0    1    2    0    2
2017  5 29 16 16    -1.95     1.79     2.72    -370.0    116.00     18.95     3.095     687184    0    1    2    0    2
2017  5 29 16 17    -1.46     1.99     2.47    -370.4    117.09     19.78     3.129     697082    0    1    2    0    2
2017  5 29 16 18    -1.83     1.36     2.02    -369.9    118.04     20.52     3.067     705782    0    1    2    0    2
2017  5 29 16 19    -2.73     0.93     1.94    -368.3    118.86     21.14     2.901     713165    0    1    2    0    2
2017  5 29 16 20    -3.33    -0.82     1.62    -367.5    119.79     21.87     2.829     721613    0    1    2    0    2
2017  5 29 16 21    -3.20    -2.16     1.48    -367.7    120.84     22.67     3.108     731247    0    1    1    0    2
2017  5 29 16 22    -2.75    -2.57     1.53    -370.4    121.24     22.99     3.585     744047    0    0    0    0    2
2017  5 29 16 23    -2.71    -2.93     1.50    -373.7    116.72     22.10     3.385     757501    0    1    2    0    2
2017  5 29 16 24    -2.83    -2.42     1.40    -378.0    111.66     21.09     3.291     772230    0    1    2    0    2
2017  5 29 16 25    -2.01    -3.07    -0.85    -386.7    110.19     20.98     3.331     791689    0    0    0    0    1
2017  5 29 16 26     0.41    -2.51    -4.06    -387.3    110.08     20.43     3.104     801881    0    0    0    0    0
2017  5 29 16 27     0.41    -2.95    -4.06    -385.5    109.34     16.67     2.902     809467    0    0    0    0    0
2017  5 29 16 28     0.41    -3.53    -4.06    -383.2    114.13     15.96     2.858     810478    0    0    0    1    0
2017  5 29 16 29     0.82    -4.10    -4.60    -381.4    119.63     15.85     2.722     777215    0    0    0    1    0
2017  5 29 16 30     1.12    -4.59    -5.64    -380.0    124.89     17.57     2.519     726132    0    0    0    1    0
2017  5 29 16 31    -0.06    -4.89    -6.36    -378.2    130.00     23.59     2.487     726132    0    0    0    1    0
2017  5 29 16 32    -1.72    -4.86    -6.35    -378.6    136.95     21.49     2.643     829152    0    0    0    1    0
2017  5 29 16 33    -1.86    -4.77    -6.21    -377.1    141.50     22.37     2.609     829152    0    0    0    1    0
2017  5 29 16 34    -1.82    -3.85    -6.01    -375.8    142.40     23.58     2.575     829152    0    0    0    1    0
2017  5 29 16 35    -1.78    -3.47    -5.54    -376.6    145.06     29.47     2.558     824091    0    0    0    1    0
2017  5 29 16 36    -1.81    -4.05    -5.42    -376.1    145.63     29.98     2.554     822723    0    0    0    1    0
2017  5 29 16 37     0.04    -4.23    -5.42    -375.3    145.68     26.55     2.576     807240    0    0    0    0    0
2017  5 29 16 38     2.02    -4.08    -5.42    -375.1    146.22     23.22     2.607     797421    0    0    0    0    0
2017  5 29 16 39     2.70    -4.45    -5.16    -375.2    146.76     22.31     2.619     815376    0    0    0    0    0
2017  5 29 16 40     3.47    -5.19    -4.74    -374.7    146.26     22.24     2.675     827022    0    0    0    0    0
2017  5 29 16 41     4.03    -5.67    -4.53    -374.1    145.75     22.19     2.717     825902    0    0    0    0    0
2017  5 29 16 42     3.81    -5.84    -4.58    -373.5    143.82     21.86     2.713     812323    0    0    0    0    0
2017  5 29 16 43     3.25    -5.89    -4.65    -372.3    139.12     20.47     2.666     788531    0    0    0    0    0
2017  5 29 16 44     2.57    -5.90    -4.66    -369.5    134.49     17.95     2.524     775254    0    0    0    0    0
2017  5 29 16 45     2.42    -6.07    -4.66    -367.0    129.84     19.35     2.494     762348    0    0    0    0    1
2017  5 29 16 46     2.46    -6.25    -4.63    -365.5    124.24     18.90     2.440     746867    0    0    0    0    2
2017  5 29 16 47     2.57    -6.37    -4.52    -366.3    116.53     13.96     2.331     725171    0    0    0    0    2
2017  5 29 16 48     2.53    -6.36    -4.50    -367.5    108.84     12.60     2.342     702471    0    1    1    0    2
2017  5 29 16 49     2.49    -6.47    -4.55    -367.0    105.58     10.50     2.488     684635    0    1    2    0    2
2017  5 29 16 50     2.35    -6.50    -4.56    -365.7    106.70      8.64     2.621     668708    0    1    2    0    2
2017  5 29 16 51     2.16    -6.30    -4.36    -365.5    111.72      6.39     2.622     649613    0    1    1    0    2
2017  5 29 16 52     2.36    -6.39    -3.89    -366.1    117.08      7.34     2.524     628522    0    0    0    0    2
2017  5 29 16 53     2.22    -6.39    -3.69    -366.9    119.80     12.37     2.388     608268    0    0    0    0    1
2017  5 29 16 54     2.08    -6.38    -3.63    -365.9    118.62     14.46     2.489     600071    0    0    0    0    0
2017  5 29 16 55     2.12    -6.37    -3.60    -363.8    116.37     14.76     2.642     600321    0    0    0    0    1
2017  5 29 16 56     2.22    -6.50    -3.47    -362.9    110.32      6.52     2.731     602463    0    0    0    0    1
2017  5 29 16 57     2.22    -6.80    -2.87    -365.6    101.13     -1.85     2.681     605904    0    0    0    0    2
2017  5 29 16 58     1.82    -6.55    -3.35    -365.0     96.24     -2.21     2.687     608205    0    0    0    0    2
2017  5 29 16 59     1.37    -5.54    -4.74    -365.7     95.67     -0.18     2.733     610949    0    0    0    0    2
2017  5 29 17  0     1.55    -4.63    -5.37    -367.1     98.14      4.31     2.670     613934    0    0    0    0    2
2017  5 29 17  1     0.94    -4.11    -5.76    -368.0    101.60      7.01     2.583     616737    0    1    1    0    2
2017  5 29 17  2     0.73    -3.48    -5.86    -367.7    105.33      9.93     2.538     619111    0    1    2    0    2
2017  5 29 17  3     0.94    -3.10    -6.29    -368.4    109.63     13.30     2.519     621847    0    1    2    0    2
2017  5 29 17  4     1.33    -3.13    -6.45    -368.8    116.77     16.55     2.413     624496    0    1    2    0    2
2017  5 29 17  5     1.56    -3.15    -6.39    -368.8    124.05     19.61     2.314     626986    0    1    2    0    2
2017  5 29 17  6     2.18    -2.56    -6.40    -368.3    130.29     25.34     2.181     629312    0    1    1    0    2
2017  5 29 17  7     2.93    -2.09    -6.70    -368.2    136.59     29.75     2.132     631764    0    1    1    0    2
2017  5 29 17  8     3.17    -2.14    -6.86    -369.8    144.55     36.95     2.124     634797    0    1    1    0    2
2017  5 29 17  9     2.94    -2.42    -6.86    -370.0    146.39     38.06     2.120     637399    0    1    1    0    1
2017  5 29 17 10     2.92    -2.62    -6.55    -370.0    143.86     31.88     2.119     663949    0    0    0    0    0
2017  5 29 17 11     2.83    -2.61    -6.53    -369.5    140.04     30.71     2.161     691505    0    1    1    0    1
2017  5 29 17 12     2.81    -2.51    -6.74    -369.2    134.87     31.99     2.185     720142    0    1    1    0    2
2017  5 29 17 13     2.81    -2.66    -6.76    -369.0    128.62     32.16     2.207     748978    0    1    2    0    2
2017  5 29 17 14     2.73    -2.80    -6.69    -368.3    122.79     32.00     2.225     775984    0    1    1    0    1
2017  5 29 17 15     2.52    -2.96    -6.66    -367.4    119.55     31.97     2.228     784817    0    0    0    0    0
2017  5 29 17 16     2.18    -3.02    -6.63    -366.5    118.49     31.53     2.208     784724    0    1    1    0    1
2017  5 29 17 17     1.92    -2.80    -6.70    -365.6    118.32     30.66     2.181     784541    0    1    2    0    2
2017  5 29 17 18     2.03    -2.30    -6.86    -365.2    118.16     29.72     2.158     784346    0    1    2    0    2
2017  5 29 17 19     2.30    -1.97    -6.84    -365.0    117.99     28.75     2.105     784146    0    1    2    0    2
2017  5 29 17 20     2.22    -2.03    -6.79    -364.4    121.27     27.73     2.050     783957    0    1    1    0    2
2017  5 29 17 21     2.12    -2.27    -6.77    -363.8    137.36     26.35     2.044     783768    0    1    1    0    2
2017  5 29 17 22     2.12    -2.37    -6.64    -361.6    136.42     26.50     2.020     783624    0    1    1    0    2
2017  5 29 17 23     2.12    -2.65    -6.57    -363.3    135.04     26.34     2.058     783372    0    1    1    0    2
2017  5 29 17 24     2.37    -2.76    -6.59    -361.5    134.89     25.93     2.098     783218    0    1    1    0    2
2017  5 29 17 25     2.45    -2.85    -6.66    -360.1    134.80     23.95     2.147     783050    0    1    1    0    2
2017  5 29 17 26     1.94    -2.89    -6.76    -358.9    134.69     21.46     2.172     782878    0    1    1    0    2
2017  5 29 17 27     1.18    -2.89    -6.84    -357.6    134.56     19.69     2.180     782710    0    1    1    0    2
2017  5 29 17 28     1.15    -2.90    -6.84    -356.2    134.43     19.04     2.204     782547    0    1    1    0    2
2017  5 29 17 29     1.13    -3.18    -6.79    -357.3    134.81     18.40     2.110     782308    0    1    1    0    2
2017  5 29 17 30     1.06    -2.99    -6.60    -360.7    122.71     18.07     2.082     782003    0    1    1    0    2
2017  5 29 17 31     0.99    -2.86    -6.37    -362.7    115.87     17.20     2.050     781739    0    1    2    0    2
2017  5 29 17 32     0.96    -2.85    -6.17    -362.9    115.69     16.18     2.051     781527    0    1    2    0    2
2017  5 29 17 33     0.93    -2.83    -6.24    -362.5    115.51     15.24     2.056     781331    0    1    2    0    2
2017  5 29 17 34     0.84    -2.39    -6.27    -362.4    115.34     14.27     2.099     781129    0    1    2    0    2
2017  5 29 17 35     0.95    -1.69    -6.10    -362.4    115.15     13.29     2.087     780923    0    1    2    0    2
2017  5 29 17 36     1.05    -0.60    -6.00    -363.3    130.96     16.75     2.061     780692    0    1    1    0    2
2017  5 29 17 37     1.07     0.16    -5.97    -365.4    123.27     17.50     2.079     780427    0    1    1    0    2
2017  5 29 17 38     1.11     0.95    -5.64    -365.3    123.11     15.44     2.126     780223    0    1    1    0    2
2017  5 29 17 39     1.01     2.80    -4.85    -364.6    123.11     15.26     2.163     780038    0    1    1    0    2
2017  5 29 17 40     0.79     3.48    -4.62    -363.1    123.20     12.09     2.191     779875    0    1    1    0    2
2017  5 29 17 41    -0.06     4.67    -2.51    -361.9    123.16     10.41     2.303     779703    0    1    1    0    2
2017  5 29 17 42    -0.39     5.27    -1.11    -361.3    123.03     10.45     2.331     779513    0    1    1    0    2
2017  5 29 17 43    -0.31     5.78    -0.57    -361.3    120.76     10.70     2.324     779307    0    1    1    0    2
2017  5 29 17 44    -0.05     6.12    -0.58    -361.3    118.95      8.83     2.154     779100    0    1    1    0    2
2017  5 29 17 45     0.62     5.39    -2.65    -361.3    118.53      4.92     2.113     778894    0    1    1    0    2
2017  5 29 17 46     0.99     5.95    -1.72    -361.8    117.94      0.52     2.232     778674    0    1    1    0    2
2017  5 29 17 47     1.09     5.56    -3.45    -362.8    115.68     -2.27     2.264     778438    0    1    1    0    2
2017  5 29 17 48     1.28     5.00    -3.86    -363.1    113.96     -3.87     2.282     778224    0    1    1    0    2
2017  5 29 17 49     1.28     5.21    -3.33    -362.7    116.28     -4.12     2.331     778031    0    1    1    0    2
2017  5 29 17 50     1.18     4.77    -3.78    -362.3    119.39     -4.08     2.286     777838    0    2    2    0    2
2017  5 29 17 51     1.13     4.43    -4.24    -361.8    122.59     -4.03     2.277     777645    0    2    2    0    2
2017  5 29 17 52     1.12     3.99    -4.26    -361.4    125.79     -3.98     2.228     777451    0    2    2    1    2
2017  5 29 17 53     1.22     4.28    -3.37    -360.9    128.98     -3.94     2.272     777258    0    2    2    1    2
2017  5 29 17 54     0.14     5.04    -1.14    -360.4    118.57     -4.98     2.285     777065    0    2    2    1    2
2017  5 29 17 55    -0.75     5.68     0.55    -359.4    111.61     -6.10     2.257     776889    0    1    2    1    2
2017  5 29 17 56    -0.71     6.02     1.16    -358.0    111.46     -6.89     2.217     776724    0    1    2    1    2
2017  5 29 17 57     0.02     6.06     1.09    -356.8    111.31     -7.70     2.161     776554    0    1    2    1    2
2017  5 29 17 58     0.45     5.84     1.06    -357.3    111.11     -8.77     2.096     776331    0    1    2    1    2
2017  5 29 17 59     0.26     5.63     1.76    -357.9    110.92     -9.85     2.069     776108    0    1    2    1    2
2017  5 29 18  0    -0.44     5.62     2.62    -357.6    110.74    -10.79     2.047     775913    0    1    2    0    2
2017  5 29 18  1    -0.57     5.35     3.32    -357.1    110.58    -11.72     2.063     775719    0    1    2    1    2
2017  5 29 18  2    -0.48     4.71     3.94    -357.0    110.40    -12.69     2.125     775517    0    1    2    1    2
2017  5 29 18  3    -0.56     4.27     2.09    -357.3    113.46    -10.61     2.168     775303    0    1    1    1    2
2017  5 29 18  4    -1.14     5.73     2.16    -357.7    127.29      1.71     2.255     775086    0    1    1    0    2
2017  5 29 18  5    -1.03     5.79     3.22    -357.5    124.21     -3.58     2.440     774885    0    2    2    0    2
2017  5 29 18  6    -1.12     5.28     3.43    -356.8    123.57     -9.88     2.433     774700    0    2    2    0    2
2017  5 29 18  7    -1.85     4.72     3.66    -356.1    119.34    -17.50     2.406     774516    0    2    2    0    2
2017  5 29 18  8    -2.29     5.86    -0.31    -355.4    114.97    -18.41     2.425     774328    0    2    2    0    2
2017  5 29 18  9    -2.38     6.37    -1.42    -354.8    110.21    -19.30     2.426     774141    0    1    2    0    1
2017  5 29 18 10    -3.00     6.53    -1.71    -359.4    108.97    -20.47     2.417     737876    0    0    0    0    1
2017  5 29 18 11    -3.04     6.69    -1.58    -359.6    111.44    -21.01     2.349     716597    0    1    1    0    2
2017  5 29 18 12    -2.87     6.90    -1.35    -356.9    114.50    -21.67     2.282     703685    0    1    2    0    2
2017  5 29 18 13    -2.56     7.08    -0.77    -354.1    117.46    -22.30     2.286     691189    0    1    2    0    2
2017  5 29 18 14    -2.24     7.23    -1.01    -351.9    120.79    -23.02     2.295     677130    0    1    1    0    2
2017  5 29 18 15    -1.93     7.32    -1.80    -350.4    123.61    -23.51     2.307     660951    0    0    0    0    2
2017  5 29 18 16    -1.66     7.33    -1.88    -349.9    122.82    -22.71     2.305     641353    0    0    0    0    2
2017  5 29 18 17    -1.48     7.32    -2.48    -349.8    122.81    -22.69     2.310     621051    0    0    0    0    2
2017  5 29 18 18    -1.42     7.19    -2.42    -350.2    122.89    -22.71     2.299     598847    0    0    0    0    2
2017  5 29 18 19    -1.08     7.00    -2.37    -351.0    122.90    -22.36     2.085     575671    0    1    1    0    2
2017  5 29 18 20    -0.54     6.92    -2.11    -351.1    126.18    -22.80     1.927     554653    0    1    1    0    2
2017  5 29 18 21    -0.37     6.03    -2.10    -351.2    134.16    -25.32     1.921     533526    0    1    1    0    2
2017  5 29 18 22     0.11     3.52    -2.96    -351.1    121.05    -16.25     1.957     512795    0    1    1    0    2
2017  5 29 18 23     1.04     1.88    -3.18    -351.3    109.05     -5.42     1.945     491411    0    1    1    0    2
2017  5 29 18 24     0.60     2.55    -2.60    -351.1    110.44      3.00     1.929     471034    0    1    1    0    2
2017  5 29 18 25    -0.23     4.51    -0.70    -351.6    118.12      7.64     1.919     448853    0    1    1    0    2
2017  5 29 18 26    -0.71     5.65     1.43    -351.3    123.58     10.62     2.037     428986    0    1    1    0    2
2017  5 29 18 27    -1.34     6.91     2.55    -350.2    124.10     12.12     2.283     411475    0    1    1    0    2
2017  5 29 18 28    -1.60     7.12     3.49    -349.0    123.32     12.09     2.208     394357    0    1    1    0    2
2017  5 29 18 29    -1.70     7.32     4.11    -348.6    122.32     11.16     1.796     374613    0    1    1    0    2
2017  5 29 18 30    -1.83     7.45     4.11    -348.5    121.57     11.39     1.653     354182    0    1    1    0    2
2017  5 29 18 31    -1.99     7.46     3.86    -348.2    120.49     11.92     1.628     334283    0    1    1    0    2
2017  5 29 18 32    -1.87     7.40     3.72    -347.6    119.22     13.04     1.674     315454    0    1    1    0    2
2017  5 29 18 33    -1.86     7.35     3.70    -346.7    118.04     14.79     1.708     297200    0    1    1    0    2
2017  5 29 18 34    -1.94     7.37     3.71    -345.7    116.95     16.02     1.719     279669    0    1    1    0    1
2017  5 29 18 35    -1.99     7.51     3.71    -344.9    116.63     16.34     1.722     261385    0    0    0    0    0
2017  5 29 18 36    -1.96     7.71     3.71    -345.1    115.27     15.71     1.622     241964    0    1    1    0    1
2017  5 29 18 37    -1.83     7.81     3.66    -345.4    109.90     11.56     1.442     224575    0    1    1    0    2
2017  5 29 18 38    -1.68     7.92     3.49    -345.0    104.75      6.94     1.442     208984    0    1    2    0    2
2017  5 29 18 39    -1.65     8.00     3.20    -344.4     99.31      6.96     1.556     193915    0    1    1    0    2
2017  5 29 18 40    -1.56     8.10     2.92    -344.7     94.28      6.98     1.711     176296    0    0    0    0    2
2017  5 29 18 41    -1.30     8.14     2.72    -344.8     92.98      6.95     1.544     159300    0    1    1    0    2
2017  5 29 18 42    -0.98     8.09     2.53    -345.3     92.06      6.82     1.370     141371    0    2    2    0    2
2017  5 29 18 43    -0.98     7.97     2.77    -346.4     91.05      6.67     1.315     122567    0    1    1    0    1
2017  5 29 18 44    -1.11     8.00     3.23    -347.5     90.69      6.63     1.278     115986    0    1    0    0    0
2017  5 29 18 45    -1.81     7.93     3.61    -350.1     90.72      7.10     1.304     117368    0    1    2    0    2
2017  5 29 18 46    -1.92     7.92     3.61    -351.8     97.05     12.91     1.382     118886    0    1    1    0    2
2017  5 29 18 47    -1.90     7.78     3.51    -352.1    106.96     21.51     1.409     120156    0    1    1    0    2
2017  5 29 18 48    -1.98     7.38     3.65    -352.5    106.85     21.34     1.438     121445    0    1    1    0    2
2017  5 29 18 49    -2.08     6.95     4.06    -353.0    106.88     21.26     1.539     122746    0    1    1    0    2
2017  5 29 18 50    -2.05     6.90     4.13    -353.4    106.91     21.52     1.593     124038    0    1    1    0    2
2017  5 29 18 51    -1.85     7.24     3.96    -353.6    106.71     21.91     1.559     125284    0    1    1    0    2
2017  5 29 18 52    -1.63     7.53     3.80    -353.6    106.40     22.21     1.532     126499    0    1    1    0    2
2017  5 29 18 53    -1.82     7.45     3.78    -353.9    106.29     21.60     1.573     127771    0    1    1    0    2
2017  5 29 18 54    -2.00     7.29     3.76    -353.7    106.20     20.66     1.623     128957    0    1    1    0    2
2017  5 29 18 55    -2.21     7.28     3.76    -353.3    106.06     20.33     1.644     130085    0    1    1    0    2
2017  5 29 18 56    -2.33     7.27     3.79    -353.2    105.97     20.26     1.675     131296    0    1    1    0    2
2017  5 29 18 57    -2.39     7.17     3.96    -354.4    105.58     22.05     1.724     132723    0    1    1    0    2
2017  5 29 18 58    -2.50     7.29     4.19    -356.7    104.24     24.07     1.719     134326    0    0    0    0    2
2017  5 29 18 59    -2.54     7.48     4.07    -357.2     86.90     10.61     1.644     135624    0    0    0    0    2
2017  5 29 19  0    -2.66     7.52     3.98    -357.4     82.27     10.61     1.581     136648    0    0    0    0    1
2017  5 29 19  1    -2.58     7.51     4.00    -357.6     82.68     11.25     1.559     134916    0    0    0    0    0
2017  5 29 19  2    -2.50     7.55     3.96    -357.9     87.43     13.53     1.576     128923    0    0    0    0    0
2017  5 29 19  3    -2.37     7.59     3.38    -359.1     89.99     13.04     1.566     129041    0    0    0    0    0
2017  5 29 19  4    -2.32     7.46     3.03    -360.8     89.77     13.78     1.551     135459    0    0    0    0    0
2017  5 29 19  5    -2.26     7.18     3.61    -362.7     96.32     14.77     1.710     159311    0    1    0    0    0
2017  5 29 19  6    -2.38     7.14     3.62    -363.3     96.00     23.18     1.844     165751    0    1    1    0    0
2017  5 29 19  7    -2.46     7.34     3.07    -361.9     94.52     16.13     1.880     169661    0    1    1    0    0
2017  5 29 19  8    -2.49     7.41     2.64    -360.5     89.92     13.44     2.003     201009    0    2    2    0    0
2017  5 29 19  9    -2.50     7.20     1.98    -359.1     82.68     11.98     2.149     241662    0    1    1    0    0
2017  5 29 19 10    -2.63     6.80     1.23    -357.0     74.61     11.11     2.291     277390    0    0    0    0    0
2017  5 29 19 11    -3.11     6.45     0.82    -353.5     68.35     11.78     2.424     295714    0    0    0    0    0
2017  5 29 19 12    -3.46     6.18     0.53    -350.4     62.91     12.27     2.578     314235    0    0    0    0    0
2017  5 29 19 13    -3.47     6.15     0.59    -348.5     59.75     12.29     2.787     333296    0    0    0    0    0
2017  5 29 19 14    -3.45     6.03     0.71    -346.9     57.41     10.06     2.951     352223    0    0    0    0    0
2017  5 29 19 15    -3.39     5.91     0.84    -345.8     56.07      8.68     3.045     360416    0    0    0    0    0
2017  5 29 19 16    -3.26     5.86     0.95    -345.6     56.28      7.78     3.062     358957    0    1    1    0    0
2017  5 29 19 17    -2.97     5.89     0.96    -351.0     58.65      5.41     3.007     331275    0    1    2    0    0
2017  5 29 19 18    -2.51     5.59     1.11    -353.4     60.42      7.41     2.837     304498    0    1    2    0    0
2017  5 29 19 19    -2.27     5.05     1.63    -352.6     66.94     11.05     2.701     294969    0    1    1    0    0
2017  5 29 19 20    -2.22     4.59     2.13    -351.3     71.93     14.36     2.631     291975    0    1    1    0    1
2017  5 29 19 21    -2.21     4.33     2.35    -350.8     70.16     18.32     2.656     288583    0    1    1    0    2
2017  5 29 19 22    -2.05     4.28     2.24    -351.2     70.61     21.42     2.618     284693    0    0    0    0    2
2017  5 29 19 23    -1.57     4.26     1.79    -351.2     69.75     19.62     2.382     280998    0    1    1    0    2
2017  5 29 19 24    -1.03     4.18     1.87    -351.7     64.79     15.98     2.070     277096    0    1    1    0    2
2017  5 29 19 25    -0.57     3.64     1.90    -352.4     57.06     12.62     2.058     273087    0    1    1    0    2
2017  5 29 19 26     0.12     2.47     2.28    -352.5     53.00     10.03     2.216     269363    0    1    1    0    2
2017  5 29 19 27     0.73     1.15     2.79    -352.7     51.97      7.72     2.374     265611    0    0    0    0    2
2017  5 29 19 28     0.84     1.17     2.99    -352.9     49.07      6.54     2.434     263848    0    0    0    0    1
2017  5 29 19 29     0.67     1.66     3.10    -352.2     42.08      8.20     2.682     268361    0    0    0    0    0
2017  5 29 19 30     0.62     1.85     3.11    -351.0     35.05     11.00     2.931     277822    0    0    0    0    0
2017  5 29 19 31     0.76     2.32     2.95    -350.4     32.92     11.75     2.917     290598    0    0    0    0    0
2017  5 29 19 32     1.23     1.53     3.00    -351.4     42.65      8.08     2.853     305088    0    0    0    0    0
2017  5 29 19 33     1.74    -0.25     2.90    -351.2     49.98      7.83     2.808     313988    0    0    0    0    1
2017  5 29 19 34     1.85    -0.90     2.35    -351.4     55.32      8.88     2.897     323634    0    0    0    0    2
2017  5 29 19 35     1.78    -1.12     2.59    -352.1     59.56     11.97     2.993     334000    0    0    0    0    2
2017  5 29 19 36     1.76    -1.32     3.37    -354.4     60.22     14.83     2.909     346675    0    1    1    0    2
2017  5 29 19 37     1.82    -0.44     3.43    -357.6     61.84     17.72     2.947     360362    0    1    1    0    2
2017  5 29 19 38     1.41    -0.77     3.22    -361.3     61.31     22.22     3.071     367803    0    0    0    0    1
2017  5 29 19 39     2.36    -1.11     3.33    -367.0     60.42     23.80     2.433     256887    0    0    0    0    0
2017  5 29 19 40     2.32    -0.93     3.30    -366.4     62.29     23.34     2.284     222594    0    0    0    0    0
2017  5 29 19 41     2.13    -0.63     3.21    -365.0     65.08     22.52     2.362     229898    0    0    0    0    0
2017  5 29 19 42     1.92    -0.44     3.03    -363.2     67.32     21.82     2.467     252021    0    1    1    0    1
2017  5 29 19 43     1.55    -0.58     2.99    -360.8     66.93     19.10     2.558     286599    0    1    1    0    1
2017  5 29 19 44     1.28    -0.62     3.09    -358.6     60.63     17.99     2.717     322008    0    1    1    0    2
2017  5 29 19 45     1.10    -0.53     3.32    -356.5     50.33     18.48     2.930     358267    0    1    1    0    1
2017  5 29 19 46     0.94    -0.22     3.51    -354.5     56.94     19.49     3.046     395315    0    1    1    0    1
2017  5 29 19 47     0.54     0.70     2.22    -354.2     54.88     21.10     3.130     427945    0    0    0    0    0
2017  5 29 19 48     0.29     1.24     1.89    -354.1     52.35     26.23     3.181     435591    0    0    0    0    0
2017  5 29 19 49     0.49     1.15     1.96    -353.5     53.00     25.97     3.316     426760    0    0    0    0    0
2017  5 29 19 50     0.75     0.92     1.96    -352.4     56.16     22.98     3.356     409376    0    0    0    0    0
2017  5 29 19 51     0.88     0.74     1.95    -350.9     56.85     19.96     3.296     389952    0    0    0    0    1
2017  5 29 19 52     0.85     0.65     1.96    -349.3     50.48     17.12     3.210     373101    0    0    0    0    2
2017  5 29 19 53    -0.71     1.41     2.21    -349.4     50.97     16.23     3.176     350624    0    1    1    1    2
2017  5 29 19 54    -1.30     2.22     2.92    -349.9     53.59     15.92     3.119     327105    0    1    1    1    2
2017  5 29 19 55    -2.71     4.86     0.99    -349.9     68.87     25.61     3.128     304754    0    1    1    1    2
2017  5 29 19 56    -2.64     5.66     1.40    -349.9     70.83     23.26     3.069     282940    0    1    1    1    2
2017  5 29 19 57    -2.08     5.63     1.89    -350.2     71.91     23.43     2.990     260008    0    1    1    1    2
2017  5 29 19 58    -1.72     5.63     2.24    -350.6     72.36     25.04     2.999     236452    0    1    1    0    2
2017  5 29 19 59    -1.67     5.59     1.99    -351.0     72.57     26.89     3.242     216007    0    1    1    0    1
2017  5 29 20  0    -1.80     5.60     0.97    -351.1     72.52     27.76     3.621     207329    0    0    0    0    0
2017  5 29 20  1    -1.76     5.82     1.22    -350.9     72.33     27.73     3.828     207329    0    0    0    0    0
2017  5 29 20  2    -1.64     5.86     1.35    -350.3     71.94     28.45     3.733     202591    0    0    0    0    0
2017  5 29 20  3    -1.54     5.77     1.52    -349.5     70.69     29.36     3.325     178983    0    0    0    0    0
2017  5 29 20  4    -1.50     5.63     1.75    -349.0     70.20     30.87     2.957     156488    0    0    0    0    0
2017  5 29 20  5    -1.07     5.65     1.90    -349.0     70.50     30.67     3.043     155738    0    0    0    0    0
2017  5 29 20  6    -1.06     5.69     1.90    -348.2     70.69     30.76     3.139     159874    0    0    0    0    0
2017  5 29 20  7    -1.06     5.69     1.91    -346.7     70.98     31.87     3.351     179590    0    0    0    0    0
2017  5 29 20  8    -0.96     5.64     2.02    -345.5     69.57     32.93     3.463     198950    0    0    0    0    0
2017  5 29 20  9    -0.71     5.48     2.31    -345.1     67.49     32.19     3.411     208765    0    0    0    0    0
2017  5 29 20 10    -0.25     4.90     2.88    -345.8     66.40     30.41     3.296     207064    0    0    0    0    1
2017  5 29 20 11     0.02     4.44     3.29    -347.0     65.66     30.87     3.159     202954    0    0    0    0    2
2017  5 29 20 12     0.01     4.66     3.51    -347.4     67.03     31.61     3.019     199243    0    0    0    0    2
2017  5 29 20 13    -0.01     4.86     2.70    -348.1     67.99     31.68     3.197     195396    0    0    0    0    2
2017  5 29 20 14    -0.01     5.58     1.95    -348.6     65.30     29.98     3.490     191703    0    0    0    0    2
2017  5 29 20 15     0.00     5.81     1.71    -348.4     61.45     26.27     3.515     188366    0    0    0    0    2
2017  5 29 20 16     0.04     5.49     2.23    -347.1     59.69     23.99     3.493     185549    0    0    0    0    2
2017  5 29 20 17     0.06     5.03     2.94    -346.5     59.59     23.62     3.507     182368    0    0    0    0    2
2017  5 29 20 18     0.19     4.88     3.24    -346.7     60.05     28.04     3.455     178823    0    0    0    0    2
2017  5 29 20 19     0.48     4.81     3.25    -346.6     60.14     31.38     3.309     175376    0    0    0    0    2
2017  5 29 20 20     0.57     4.96     3.15    -346.6     59.90     32.56     3.175     171913    0    0    0    0    2
2017  5 29 20 21     0.31     5.45     2.37    -347.0     57.44     33.08     3.182     168222    0    0    0    0    2
2017  5 29 20 22     0.09     5.74     1.63    -347.3     55.33     33.05     3.145     164613    0    0    0    0    2
2017  5 29 20 23    -0.13     5.87     1.37    -348.4     59.17     30.61     3.045     163612    0    0    0    0    1
2017  5 29 20 24    -0.17     5.88     1.36    -348.6     60.72     29.37     2.916     174933    0    0    0    0    0
2017  5 29 20 25    -0.10     5.85     1.39    -348.5     60.00     29.20     2.905     191693    0    0    0    0    1
2017  5 29 20 26     0.03     5.78     1.58    -348.7     59.76     29.67     2.942     210160    0    0    0    0    2
2017  5 29 20 27     0.02     5.62     1.84    -348.7     58.25     31.32     3.156     227933    0    0    0    0    2
2017  5 29 20 28     0.02     5.54     1.93    -348.8     54.50     32.94     3.049     229114    0    0    0    0    1
2017  5 29 20 29     0.02     5.42     2.33    -348.5     50.96     33.91     2.859     203173    0    0    0    0    0
2017  5 29 20 30    -0.02     5.41     2.25    -348.5     50.62     34.16     2.632     164456    0    0    0    0    0
2017  5 29 20 31    -0.09     5.65     0.99    -348.8     51.62     35.76     2.645     160440    0    0    0    0    0
2017  5 29 20 32    -0.19     5.75     0.86    -349.7     50.87     35.72     2.902     173572    0    0    0    0    0
2017  5 29 20 33    -0.25     5.71     1.34    -350.5     47.81     36.02     2.947     224156    0    0    0    0    0
2017  5 29 20 34    -0.26     5.60     1.77    -351.3     45.38     36.32     2.985     223554    0    0    0    0    1
2017  5 29 20 35    -0.32     5.39     1.74    -352.4     42.86     37.26     2.890     221340    0    0    0    0    2
2017  5 29 20 36    -0.35     5.23     1.68    -353.3     39.43     38.20     2.832     219187    0    0    0    0    2
2017  5 29 20 37    -0.33     5.20     1.62    -353.4     37.98     37.06     2.869     217254    0    0    0    0    2
2017  5 29 20 38    -0.30     5.24     1.33    -353.7     38.93     35.57     3.112     215260    0    0    0    0    2
2017  5 29 20 39    -0.31     5.31     0.94    -353.3     40.80     35.20     3.268     213598    0    0    0    0    1
2017  5 29 20 40    -0.34     5.40     0.69    -352.2     42.12     36.54     3.133     212946    0    0    0    0    0
2017  5 29 20 41    -0.32     5.50     0.44    -351.4     43.04     37.62     2.907     213021    0    0    0    0    1
2017  5 29 20 42    -0.19     5.55     0.11    -351.9     43.75     36.35     2.821     213268    0    0    0    0    2
2017  5 29 20 43     0.10     5.37     0.70    -353.1     43.11     35.97     2.543     213538    0    0    0    0    2
2017  5 29 20 44     0.66     4.98     2.36    -353.4     43.10     36.56     2.308     213776    0    0    0    0    2
2017  5 29 20 45     0.88     4.89     3.08    -352.8     44.05     39.23     2.289     213986    0    0    0    0    2
2017  5 29 20 46     0.82     4.95     3.31    -351.9     45.31     43.69     2.393     214184    0    0    0    0    2
2017  5 29 20 47     0.76     4.90     3.65    -350.8     46.93     48.25     2.561     214375    0    0    0    0    2
2017  5 29 20 48     0.67     4.70     3.70    -349.6     49.58     50.98     2.703     214562    0    0    0    0    2
2017  5 29 20 49     0.45     4.59     3.59    -348.0     51.86     52.45     2.685     214736    0    0    0    0    2
2017  5 29 20 50     0.36     4.53     3.56    -346.5     55.54     55.95     2.429     214915    0    0    0    0    2
2017  5 29 20 51     0.89     4.52     4.00    -345.5     58.77     60.41     1.961     215111    0    0    0    0    2
2017  5 29 20 52     1.61     4.53     4.51    -345.2     60.35     64.03     1.598     215330    0    0    0    0    2
2017  5 29 20 53     1.66     4.45     4.48    -345.3     59.72     65.79     1.605     215564    0    0    0    0    2
2017  5 29 20 54     1.67     4.25     4.74    -345.6     57.92     65.05     1.785     215803    0    0    0    0    2
2017  5 29 20 55     1.36     3.88     5.16    -345.8     56.62     63.56     2.002     216040    0    0    0    0    2
2017  5 29 20 56     1.00     3.62     5.32    -346.5     55.64     63.93     1.995     216291    0    0    0    0    2
2017  5 29 20 57     0.96     3.56     5.30    -347.6     54.81     63.54     1.892     216559    0    0    0    0    2
2017  5 29 20 58     0.85     3.41     5.25    -349.1     55.64     63.20     1.891     216837    0    0    0    0    2
2017  5 29 20 59     0.73     3.29     5.12    -349.3     55.07     61.95     1.882     217075    0    0    0    0    2
2017  5 29 21  0     0.60     3.27     4.94    -349.4     55.54     59.36     1.935     217309    0    1    1    0    2
2017  5 29 21  1     0.32     3.14     4.79    -350.7     49.60     58.38     1.959     217579    0    1    1    0    2
2017  5 29 21  2     0.23     3.11     4.66    -352.2     43.34     57.09     1.972     217860    0    1    1    0    2
2017  5 29 21  3     0.08     3.92     4.32    -352.5     45.41     59.17     1.949     218100    0    0    0    0    2
2017  5 29 21  4    -0.13     4.95     3.80    -352.1     50.63     61.71     1.923     218316    0    0    0    0    2
2017  5 29 21  5    -0.29     5.23     3.45    -351.3     54.40     60.89     1.924     218518    0    0    0    0    2
2017  5 29 21  6    -0.41     5.29     3.32    -350.6     57.13     59.84     1.998     218675    0    0    0    0    1
2017  5 29 21  7    -0.41     5.27     3.26    -351.4     58.46     58.68     2.281     218004    0    1    1    0    0
2017  5 29 21  8    -0.26     5.44     3.30    -352.5     57.25     56.46     2.174     215583    0    1    1    0    1
2017  5 29 21  9    -0.12     5.47     3.24    -353.0     55.95     55.57     2.061     213365    0    1    1    0    2
2017  5 29 21 10    -0.13     5.49     3.04    -353.1     56.65     55.29     2.035     211261    0    1    1    0    2
2017  5 29 21 11    -0.31     5.51     2.73    -353.2     57.03     54.82     2.007     209165    0    0    0    0    2
2017  5 29 21 12    -0.43     5.44     2.51    -353.5     57.42     54.70     2.070     206988    0    0    0    0    2
2017  5 29 21 13    -0.43     5.31     2.51    -353.6     57.66     55.94     2.187     204887    0    0    0    0    2
2017  5 29 21 14    -0.55     5.24     2.11    -353.1     56.25     56.90     2.218     202965    0    0    0    0    2
2017  5 29 21 15    -0.63     5.24     1.84    -352.3     52.95     57.34     2.215     201149    0    0    0    0    2
2017  5 29 21 16    -0.63     5.26     1.94    -351.2     47.99     57.93     2.276     199406    0    0    0    0    2
2017  5 29 21 17    -0.62     5.26     2.01    -350.0     42.63     58.85     2.425     197681    0    0    0    0    2
2017  5 29 21 18    -0.61     5.25     1.82    -349.8     41.86     59.58     2.544     195676    0    0    0    0    2
2017  5 29 21 19    -0.59     5.15     1.90    -349.5     40.61     59.45     2.543     193695    0    0    0    0    2
2017  5 29 21 20    -0.49     5.05     2.28    -349.5     40.48     59.24     2.520     191622    0    0    0    0    2
2017  5 29 21 21    -0.25     5.02     2.81    -349.4     41.72     60.72     2.394     189590    0    0    0    0    2
2017  5 29 21 22    -0.17     4.90     2.92    -348.5     42.47     62.17     2.222     187786    0    0    0    0    2
2017  5 29 21 23    -0.11     4.72     3.27    -348.3     40.17     61.93     2.153     185773    0    0    0    0    2
2017  5 29 21 24     0.13     4.73     3.42    -350.1     34.91     60.45     2.207     183130    0    0    0    0    2
2017  5 29 21 25     0.12     4.74     3.46    -350.4     40.22     60.67     2.253     180956    0    0    0    0    2
2017  5 29 21 26     0.07     4.63     3.46    -350.1     48.05     63.13     2.275     178998    0    0    0    0    2
2017  5 29 21 27     0.08     4.65     3.55    -349.4     49.46     63.34     2.278     177125    0    0    0    0    2
2017  5 29 21 28     0.08     5.35     3.08    -350.1     58.72     66.14     2.104     174846    0    0    0    0    2
2017  5 29 21 29     0.10     6.24     2.59    -350.2     65.64     68.76     2.072     172725    0    0    0    0    2
2017  5 29 21 30     0.19     6.53     2.49    -350.5     64.52     69.37     2.257     170556    0    0    0    0    2
2017  5 29 21 31     0.24     6.45     2.83    -350.7     60.92     69.80     2.394     168430    0    0    0    0    2
2017  5 29 21 32     0.25     6.32     3.13    -351.1     55.35     67.76     2.405     166236    0    0    0    0    2
2017  5 29 21 33     0.14     6.08     3.41    -351.7     50.50     65.23     2.447     163986    0    0    0    0    2
2017  5 29 21 34    -0.14     5.57     4.08    -353.5     47.90     70.53     2.541     161364    0    0    0    0    2
2017  5 29 21 35    -0.26     5.49     3.97    -354.5     46.45     74.73     2.655     158967    0    0    0    0    2
2017  5 29 21 36    -0.08     5.57     3.62    -355.6     43.93     72.29     2.633     156578    0    0    0    0    2
2017  5 29 21 37    -0.21     5.09     3.79    -356.8     36.39     66.36     2.660     154167    0    0    0    0    2
2017  5 29 21 38    -0.31     4.36     4.08    -357.3     30.36     63.95     2.645     151929    0    0    0    0    2
2017  5 29 21 39    -0.30     4.03     4.26    -358.8     28.14     62.34     2.634     149416    0    0    0    0    2
2017  5 29 21 40    -0.48     3.74     4.54    -358.5     28.52     61.79     2.672     147434    0    0    0    0    1
2017  5 29 21 41    -0.81     3.25     4.96    -357.9     29.13     61.18     2.804     144127    0    0    0    0    0
2017  5 29 21 42    -0.82     3.09     5.17    -357.8     29.56     61.75     2.789     137156    0    0    0    0    1
2017  5 29 21 43    -0.76     3.15     5.16    -358.4     29.38     64.77     2.773     130206    0    0    0    0    1
2017  5 29 21 44    -0.66     3.24     5.11    -358.7     29.05     68.66     2.790     126257    0    0    0    0    1
2017  5 29 21 45    -0.60     3.19     5.16    -358.4     29.88     71.68     2.847     122384    0    0    0    0    1
2017  5 29 21 46    -0.59     3.06     5.26    -357.7     32.08     73.38     2.923     114568    0    0    0    0    1
2017  5 29 21 47    -0.52     3.31     5.29    -357.0     36.63     73.31     2.972     114350    0    0    0    1    1
2017  5 29 21 48    -0.16     4.19     5.00    -356.2     41.38     73.18     2.970     114412    0    1    1    1    1
2017  5 29 21 49     0.17     4.59     5.11    -354.3     41.61     72.82     2.931     115648    0    1    1    1    1
2017  5 29 21 50     0.14     4.93     5.05    -353.1     42.13     72.09     2.879     117063    0    1    1    1    1
2017  5 29 21 51     0.06     4.78     4.89    -352.6     42.64     71.14     2.814     117790    0    1    1    1    1
2017  5 29 21 52     0.20     4.69     4.84    -352.4     42.73     70.52     2.826     116946    0    1    1    1    1
2017  5 29 21 53     0.32     5.10     4.97    -352.6     42.74     71.26     2.900     109735    0    1    1    1    1
2017  5 29 21 54     0.31     5.46     5.07    -353.4     43.11     73.06     2.958     102286    0    1    1    1    1
2017  5 29 21 55    -0.20     4.84     5.07    -354.2     43.42     74.88     3.062     101578    0    1    1    1    1
2017  5 29 21 56    -0.39     4.37     5.23    -354.9     43.97     77.22     3.181     101860    0    1    1    1    1
2017  5 29 21 57    -0.39     4.33     5.37    -355.4     45.20     78.12     3.201     102221    0    0    0    0    1
2017  5 29 21 58    -0.39     4.33     5.71    -355.8     45.18     77.78     3.185     102251    0    0    0    0    0
2017  5 29 21 59    -1.01     3.84     6.07    -357.2     44.75     77.52     3.124      98638    0    0    0    0    0
2017  5 29 22  0    -0.97     3.87     6.01    -357.4     44.41     77.46     3.073      98220    0    0    0    0    0
2017  5 29 22  1    -0.89     3.92     5.83    -357.3     43.75     77.45     3.060      98127    0    0    0    0    0
2017  5 29 22  2    -1.16     3.56     6.04    -357.4     42.05     77.33     2.988      97418    0    0    0    0    0
2017  5 29 22  3    -1.29     3.51     6.15    -357.0     41.99     76.87     2.749      95660    0    0    0    0    0
2017  5 29 22  4    -1.24     3.46     6.13    -356.6     42.23     76.00     3.029      92209    0    0    0    0    0
2017  5 29 22  5    -1.09     3.52     6.11    -356.3     42.07     75.41     2.621      89065    0    0    0    0    0
2017  5 29 22  6    -0.98     3.38     6.06    -355.8     41.27     74.96     2.632      89065    0    0    0    0    0
2017  5 29 22  7    -0.86     3.46     6.06    -355.4     41.60     75.35     2.988      89954    0    0    0    1    0
2017  5 29 22  8    -0.82     3.49     6.10    -354.2     43.20     77.93     3.025      90046    0    0    0    1    0
2017  5 29 22  9    -0.77     3.51     6.17    -353.8     45.52     81.24     2.695      86919    0    0    0    1    0
2017  5 29 22 10    -0.75     3.55     6.15    -354.2     46.19     82.36     2.534      85394    0    0    0    1    0
2017  5 29 22 11    -0.71     3.75     5.93    -354.7     44.86     80.71     2.687      91397    0    0    0    1    0
2017  5 29 22 12    -0.61     3.88     5.78    -354.7     44.83     76.41     2.720      97072    0    0    0    1    0
2017  5 29 22 13    -0.58     4.00     5.75    -354.0     45.81     74.99     2.704      98560    0    0    0    1    0
2017  5 29 22 14    -0.52     4.13     5.75    -353.4     46.24     74.27     2.546      98797    0    0    0    1    0
2017  5 29 22 15    -0.41     4.23     5.61    -353.3     45.92     72.75     2.428      99072    0    0    0    1    0
2017  5 29 22 16    -0.37     4.26     5.47    -353.6     44.78     71.41     2.410      99569    0    0    0    1    0
2017  5 29 22 17    -0.32     4.38     5.32    -354.1     44.86     71.80     2.377      99887    0    0    0    1    0
2017  5 29 22 18    -0.17     4.44     5.19    -353.7     45.10     72.34     2.286      99943    0    0    0    1    0
2017  5 29 22 19     0.00     4.47     5.06    -353.3     44.90     72.67     2.126      98687    0    0    0    0    0
2017  5 29 22 20     0.13     4.48     5.00    -353.1     44.94     73.28     2.046      97391    0    0    0    0    0
2017  5 29 22 21     0.19     4.48     4.82    -353.1     45.56     74.50     2.046      97043    0    0    0    0    0
2017  5 29 22 22     0.17     4.52     4.68    -353.2     47.31     76.05     2.036      99756    0    0    0    0    0
2017  5 29 22 23     0.09     4.55     4.69    -353.2     48.18     77.02     2.030     101616    0    0    0    0    1
2017  5 29 22 24    -0.02     4.54     4.68    -353.0     48.05     77.10     2.030     101247    0    0    0    0    1
2017  5 29 22 25    -0.01     4.66     4.52    -352.8     48.04     76.82     2.013     100598    0    0    0    0    1
2017  5 29 22 26     0.00     4.88     4.39    -352.8     48.09     76.48     1.999      99928    0    0    0    0    1
2017  5 29 22 27    -0.07     4.98     4.42    -352.4     47.86     75.78     2.114      99624    0    0    0    0    1
2017  5 29 22 28    -0.12     4.89     4.63    -351.4     47.89     74.46     2.323     101347    0    0    0    0    0
2017  5 29 22 29    -0.16     4.69     5.00    -350.6     48.54     72.66     2.485     106011    0    0    0    0    0
2017  5 29 22 30    -0.17     4.63     5.07    -350.3     48.87     71.39     2.441     110496    0    0    0    0    0
2017  5 29 22 31    -0.06     4.67     5.23    -350.8     49.82     71.29     2.194     110392    0    0    0    0    1
2017  5 29 22 32     0.04     4.59     5.34    -350.6     49.95     71.44     2.092     109972    0    0    0    0    1
2017  5 29 22 33     0.14     4.47     5.47    -350.5     49.99     71.42     2.025     109536    0    0    0    0    1
2017  5 29 22 34     0.13     4.48     5.44    -350.5     50.02     71.38     2.031     109103    0    0    0    0    1
2017  5 29 22 35     0.14     4.58     5.28    -350.4     49.78     71.63     2.107     108666    0    0    0    0    1
2017  5 29 22 36     0.19     4.71     5.16    -350.0     49.95     72.04     2.340     108261    0    0    0    0    1
2017  5 29 22 37     0.09     4.76     5.13    -349.0     51.30     72.16     2.366     107886    0    0    0    0    1
2017  5 29 22 38    -0.03     4.75     5.15    -347.9     53.55     71.44     2.279     107521    0    0    0    0    1
2017  5 29 22 39    -0.03     4.96     5.06    -347.7     56.00     71.60     2.036     107101    0    0    0    0    1
2017  5 29 22 40     0.02     5.07     4.88    -347.2     58.88     72.23     1.824     106690    0    0    0    0    1
2017  5 29 22 41     0.05     5.38     4.32    -346.9     60.71     70.07     1.764     106273    0    0    0    0    1
2017  5 29 22 42    -0.02     5.63     4.07    -347.2     60.88     66.80     1.765     105821    0    0    0    0    1
2017  5 29 22 43    -0.14     5.59     4.24    -347.4     59.24     63.72     1.765      95416    0    0    0    0    1
2017  5 29 22 44    -0.15     5.55     4.40    -346.4     58.62     60.69     1.797      82826    0    0    0    0    1
2017  5 29 22 45    -0.11     5.55     4.47    -345.3     58.55     58.38     1.843      74353    0    0    0    0    1
2017  5 29 22 46    -0.06     5.57     4.42    -344.5     58.61     56.84     1.876      66826    0    0    0    1    1
2017  5 29 22 47     0.08     5.73     4.24    -344.1     59.13     55.68     1.858      55952    0    0    0    1    1
2017  5 29 22 48     0.44     6.07     3.80    -344.9     60.18     56.56     1.800      57120    0    0    0    1    1
2017  5 29 22 49     0.54     6.11     3.64    -345.2     58.35     58.20     1.875      63820    0    0    0    1    1
2017  5 29 22 50     0.61     6.10     3.79    -345.4     54.73     60.73     1.994      70885    0    0    0    0    1
2017  5 29 22 51     0.52     5.93     4.15    -346.1     53.94     61.77     2.001      68613    0    0    0    0    1
2017  5 29 22 52     0.47     5.81     4.32    -346.9     53.79     61.92     1.948      65070    0    0    0    0    1
2017  5 29 22 53     0.55     5.77     4.38    -347.2     53.65     62.18     1.922      63102    0    0    0    0    1
2017  5 29 22 54     0.68     5.76     4.40    -347.1     53.36     63.54     1.930      62511    0    0    0    0    1
2017  5 29 22 55     0.66     5.72     4.41    -347.0     52.79     65.41     1.934      62362    0    0    0    0    1
2017  5 29 22 56     0.63     5.58     4.57    -346.7     51.59     65.83     1.923      62312    0    0    0    0    1
2017  5 29 22 57     0.61     5.48     4.73    -346.8     51.07     64.97     1.917      63732    0    0    0    0    1
2017  5 29 22 58     0.56     5.46     4.77    -347.0     51.52     63.70     1.948      64537    0    0    0    0    1
2017  5 29 22 59     0.53     5.57     4.62    -347.4     55.02     61.87     2.043      73451    0    0    0    0    1
2017  5 29 23  0     0.52     5.89     4.17    -347.9     56.35     60.98     2.073      77805    0    0    0    0    0
2017  5 29 23  1     0.49     6.23     3.45    -348.8     58.56     59.75     2.048      83943    0    0    0    0    1
2017  5 29 23  2     0.40     6.24     3.33    -349.0     58.69     59.50     2.046      87844    0    0    0    0    1
2017  5 29 23  3     0.29     6.23     3.33    -349.0     58.46     59.43     2.046      91389    0    0    0    0    1
2017  5 29 23  4     0.37     6.20     3.47    -349.7     58.36     56.98     2.020      94272    0    0    0    0    1
2017  5 29 23  5     0.36     6.13     3.46    -349.8     58.25     55.61     2.020      94055    0    0    0    0    1
2017  5 29 23  6     0.36     6.18     3.29    -350.2     57.75     55.39     2.047      90489    0    0    0    0    0
2017  5 29 23  7     0.36     6.40     2.99    -350.3     56.43     55.95     2.178      90489    0    0    0    0    1
2017  5 29 23  8     0.37     6.46     2.85    -350.4     55.63     55.81     2.178      90492    0    0    0    0    1
2017  5 29 23  9     0.35     6.39     2.91    -350.3     56.33     55.69     2.177      90502    0    0    0    0    1
2017  5 29 23 10     0.24     6.32     3.17    -350.7     57.90     56.64     2.177      90314    0    0    0    0    1
2017  5 29 23 11     0.18     6.34     3.21    -351.1     58.63     57.41     2.150      89463    0    0    0    0    1
2017  5 29 23 12     0.18     6.43     3.10    -351.0     59.02     56.48     2.078      88665    0    0    0    0    1
2017  5 29 23 13     0.16     6.60     2.85    -350.8     58.83     55.97     2.072      87885    0    0    0    0    1
2017  5 29 23 14     0.16     6.68     2.66    -350.8     58.40     56.41     2.098      87069    0    0    0    0    1
2017  5 29 23 15     0.20     6.67     2.72    -351.1     58.74     56.43     2.181      86228    0    0    0    0    1
2017  5 29 23 16     0.24     6.61     2.92    -351.3     59.42     56.67     2.151      85394    0    0    0    0    1
2017  5 29 23 17     0.18     6.58     2.99    -351.6     59.69     58.79     2.084      84545    0    0    0    0    1
2017  5 29 23 18     0.15     6.53     3.13    -352.3     58.58     61.44     2.091      83649    0    0    0    0    1
2017  5 29 23 19     0.17     6.45     3.33    -352.2     57.53     60.60     2.098      80803    0    0    0    0    0
2017  5 29 23 20     0.15     6.48     3.31    -351.7     57.24     58.78     2.093      75976    0    0    0    0    0
2017  5 29 23 21     0.13     6.54     3.20    -351.3     57.69     56.88     2.055      73008    0    0    0    0    0
2017  5 29 23 22     0.07     6.53     3.05    -351.4     58.22     56.36     1.996      73162    0    0    0    0    1
2017  5 29 23 23    -0.02     6.54     3.02    -352.1     58.67     57.70     1.996      73690    0    0    0    0    1
2017  5 29 23 24     0.04     6.51     3.02    -353.8     57.91     61.05     1.950      74287    0    0    0    0    1
2017  5 29 23 25    -0.01     6.51     3.14    -353.9     58.08     61.50     1.872      74772    0    0    0    0    1
2017  5 29 23 26    -0.10     6.48     3.19    -353.2     59.06     60.10     1.833      75207    0    0    0    0    1
2017  5 29 23 27    -0.12     6.43     3.15    -352.7     59.49     59.97     1.825      75651    0    0    0    0    1
2017  5 29 23 28    -0.09     6.41     3.07    -352.9     58.67     61.09     1.834      76139    0    0    0    0    1
2017  5 29 23 29    -0.11     6.43     3.09    -354.2     56.24     61.79     1.870      76706    0    0    0    0    1
2017  5 29 23 30    -0.20     6.45     3.21    -356.2     53.77     61.07     1.880      76786    0    0    0    0    0
2017  5 29 23 31    -0.24     6.45     3.22    -357.0     54.38     61.24     1.871      73772    0    0    0    0    0
2017  5 29 23 32    -0.24     6.42     3.33    -357.7     55.10     61.74     1.831      71132    0    0    0    0    0
2017  5 29 23 33    -0.20     6.40     3.44    -358.2     54.37     62.61     1.872      71823    0    0    0    0    0
2017  5 29 23 34    -0.19     6.33     3.50    -358.2     52.97     64.19     1.962      73357    0    0    0    0    0
2017  5 29 23 35    -0.21     6.27     3.59    -357.8     52.74     64.42     1.915      71710    0    0    0    0    0
2017  5 29 23 36    -0.21     6.23     3.64    -356.9     52.50     64.11     1.784      67136    0    0    0    0    0
2017  5 29 23 37    -0.14     6.26     3.60    -355.6     51.81     63.71     1.782      67136    0    0    0    0    0
2017  5 29 23 38     0.02     6.33     3.44    -355.5     51.62     63.91     1.782      68210    0    0    0    0    0
2017  5 29 23 39     0.04     6.39     3.25    -354.8     52.86     61.45     1.801      69373    0    0    0    0    0
2017  5 29 23 40     0.02     6.41     3.21    -354.6     54.07     59.54     1.886      69605    0    0    0    0    0
2017  5 29 23 41     0.17     6.48     2.98    -354.9     54.66     59.14     1.941      69349    0    0    0    0    1
2017  5 29 23 42     0.21     6.61     2.61    -356.0     55.28     57.78     1.948      68986    0    0    0    0    1
2017  5 29 23 43     0.26     6.62     2.61    -356.6     55.98     58.39     1.880      68653    0    0    0    0    1
2017  5 29 23 44     0.34     6.73     2.54    -357.7     57.66     59.30     1.788      68293    0    0    0    0    1
2017  5 29 23 45     0.19     6.66     2.49    -358.5     58.13     59.35     1.773      68058    0    0    0    0    1
2017  5 29 23 46    -0.09     6.53     2.42    -357.8     58.34     57.04     1.786      68325    0    0    0    0    0
2017  5 29 23 47     0.18     6.51     2.39    -356.3     58.62     55.27     1.852      69181    0    0    0    0    0
2017  5 29 23 48     0.36     6.57     2.32    -354.7     59.50     53.70     1.914      70232    0    0    0    0    0
2017  5 29 23 49     0.27     6.62     2.30    -354.4     61.19     51.06     1.882      70495    0    0    0    0    0
2017  5 29 23 50     0.05     6.61     2.30    -353.9     61.65     50.09     1.872      69506    0    0    0    0    0
2017  5 29 23 51    -0.03     6.60     2.33    -353.9     60.84     51.12     1.875      67188    0    0    0    0    1
2017  5 29 23 52    -0.06     6.38     2.60    -356.8     58.80     56.74     1.735      63396    0    0    0    0    1
2017  5 29 23 53    -0.27     6.32     2.72    -359.5     58.28     58.66     1.760      61004    0    0    0    0    0
2017  5 29 23 54    -0.26     6.23     2.94    -360.2     58.09     59.04     1.744      65208    0    0    0    0    0
2017  5 29 23 55    -0.28     6.15     3.03    -362.5     57.28     62.66     1.762      68098    0    0    0    0    0
2017  5 29 23 56    -0.26     6.18     2.78    -363.4     56.24     62.66     1.671      67338    0    0    0    0    0
2017  5 29 23 57    -0.23     6.20     2.76    -363.3     56.37     61.98     1.760      60089    0    0    0    0    0
2017  5 29 23 58    -0.31     6.20     2.76    -361.9     56.25     61.62     1.760      60089    0    0    0    0    0
2017  5 29 23 59    -0.45     6.18     2.75    -361.4     55.82     61.75     1.847      62687    0    0    0    0    0
2017  5 30  0  0    -0.48     6.15     2.78    -361.2     55.44     61.88     1.905      64315    0    0    0    0    0
